run_dir,method,method_display_name,num_qubits,h,j,ansatz,reps,entanglement,iterations,learning_rate,shots,seed,final_energy,best_energy,final_absolute_error,best_absolute_error,final_relative_error,best_relative_error,best_step,exact_ground_energy,nominal_total_quantum_evals,elapsed_s,git_commit,started_utc,finished_utc
results/revision/revision_full_20260531_cluster/revision_full_20260531_cluster__method-cobyla__ansatz-RealAmplitudes__n-10__h-2p0__seed-0,cobyla,COBYLA,10,2.0,1.0,RealAmplitudes,2,reverse_linear,500,0.01,,0,-21.07501612264517,-21.07608856484902,0.19619269605073342,0.19512025384688414,0.009223391943681818,0.009172974395107582,495,-21.271208818695904,500,18.200194120407104,d3d222a82014fe40647be5fff9b3f0c31e272823,2026-05-31T20:20:40.962821+00:00,2026-05-31T20:20:59.163141+00:00
results/revision/revision_full_20260531_cluster/revision_full_20260531_cluster__method-cobyla__ansatz-RealAmplitudes__n-11__h-2p0__seed-0,cobyla,COBYLA,11,2.0,1.0,RealAmplitudes,2,reverse_linear,500,0.01,,0,-23.202834522350088,-23.202834522350088,0.19529454297330773,0.19529454297330773,0.008346587986931787,0.008346587986931787,499,-23.398129065323396,500,9.197040319442749,d3d222a82014fe40647be5fff9b3f0c31e272823,2026-05-31T20:21:06.076938+00:00,2026-05-31T20:21:15.274035+00:00
results/revision/revision_full_20260531_cluster/revision_full_20260531_cluster__method-cobyla__ansatz-RealAmplitudes__n-12__h-2p0__seed-0,cobyla,COBYLA,12,2.0,1.0,RealAmplitudes,2,reverse_linear,500,0.01,,0,-25.366028235557753,-25.366028235557753,0.1591100664902676,0.1591100664902676,0.006233465402124827,0.006233465402124827,499,-25.52513830204802,500,9.260473728179932,d3d222a82014fe40647be5fff9b3f0c31e272823,2026-05-31T20:21:11.316061+00:00,2026-05-31T20:21:20.576566+00:00
results/revision/revision_full_20260531_cluster/revision_full_20260531_cluster__method-cobyla__ansatz-RealAmplitudes__n-6__h-2p0__seed-0,cobyla,COBYLA,6,2.0,1.0,RealAmplitudes,2,reverse_linear,500,0.01,,0,-12.63250662034605,-12.632514995451071,0.13688250686128,0.13687413175625807,0.010719581453558245,0.010718925579973495,497,-12.76938912720733,500,17.121557235717773,d3d222a82014fe40647be5fff9b3f0c31e272823,2026-05-31T20:20:08.222182+00:00,2026-05-31T20:20:25.343796+00:00
results/revision/revision_full_20260531_cluster/revision_full_20260531_cluster__method-cobyla__ansatz-RealAmplitudes__n-7__h-2p0__seed-0,cobyla,COBYLA,7,2.0,1.0,RealAmplitudes,2,reverse_linear,500,0.01,,0,-14.742799553883684,-14.74321070454102,0.14995974582078553,0.14954859516344854,0.010069305680899665,0.010041698261141988,494,-14.892759299704469,500,14.778245449066162,d3d222a82014fe40647be5fff9b3f0c31e272823,2026-05-31T20:20:14.040595+00:00,2026-05-31T20:20:28.818926+00:00
results/revision/revision_full_20260531_cluster/revision_full_20260531_cluster__method-cobyla__ansatz-RealAmplitudes__n-8__h-2p0__seed-0,cobyla,COBYLA,8,2.0,1.0,RealAmplitudes,2,reverse_linear,500,0.01,,0,-16.86051871970937,-16.86051871970937,0.15764575057117014,0.15764575057117014,0.009263381538383464,0.009263381538383464,499,-17.01816447028054,500,15.363132238388062,d3d222a82014fe40647be5fff9b3f0c31e272823,2026-05-31T20:20:25.757894+00:00,2026-05-31T20:20:41.121077+00:00
results/revision/revision_full_20260531_cluster/revision_full_20260531_cluster__method-cobyla__ansatz-RealAmplitudes__n-9__h-2p0__seed-0,cobyla,COBYLA,9,2.0,1.0,RealAmplitudes,2,reverse_linear,500,0.01,,0,-18.866539956974837,-18.866969526242375,0.2779396149046107,0.27751004563707227,0.014518003159138627,0.014495564875249759,496,-19.144479571879447,500,14.80621600151062,d3d222a82014fe40647be5fff9b3f0c31e272823,2026-05-31T20:20:30.146605+00:00,2026-05-31T20:20:44.952866+00:00
results/revision/revision_full_20260531_cluster/revision_full_20260531_cluster__method-fd__ansatz-RealAmplitudes__n-10__h-2p0__seed-0,fd,FD,10,2.0,1.0,RealAmplitudes,2,reverse_linear,500,0.01,,0,-21.100419431314446,-21.100419431314446,0.17078938738145766,0.17078938738145766,0.008029134067422897,0.008029134067422897,500,-21.271208818695904,30000,57.31545400619507,d3d222a82014fe40647be5fff9b3f0c31e272823,2026-05-31T20:17:28.552469+00:00,2026-05-31T20:18:25.867990+00:00
results/revision/revision_full_20260531_cluster/revision_full_20260531_cluster__method-fd__ansatz-RealAmplitudes__n-11__h-2p0__seed-0,fd,FD,11,2.0,1.0,RealAmplitudes,2,reverse_linear,500,0.01,,0,-23.223637164309736,-23.223637164309736,0.17449190101365986,0.17449190101365986,0.007457515108430663,0.007457515108430663,500,-23.398129065323396,33000,65.69751501083374,d3d222a82014fe40647be5fff9b3f0c31e272823,2026-05-31T20:17:34.483205+00:00,2026-05-31T20:18:40.181015+00:00
results/revision/revision_full_20260531_cluster/revision_full_20260531_cluster__method-fd__ansatz-RealAmplitudes__n-12__h-2p0__seed-0,fd,FD,12,2.0,1.0,RealAmplitudes,2,reverse_linear,500,0.01,,0,-25.34682114498447,-25.34682114498447,0.17831715706354956,0.17831715706354956,0.006985942836174259,0.006985942836174259,500,-25.52513830204802,36000,69.36277389526367,d3d222a82014fe40647be5fff9b3f0c31e272823,2026-05-31T20:17:46.337239+00:00,2026-05-31T20:18:55.700072+00:00
results/revision/revision_full_20260531_cluster/revision_full_20260531_cluster__method-fd__ansatz-RealAmplitudes__n-6__h-2p0__seed-0,fd,FD,6,2.0,1.0,RealAmplitudes,2,reverse_linear,500,0.01,,0,-12.609095898876127,-12.609095898876127,0.1602932283312022,0.1602932283312022,0.012552928470921959,0.012552928470921959,500,-12.76938912720733,18000,37.09596586227417,d3d222a82014fe40647be5fff9b3f0c31e272823,2026-05-31T20:16:49.463837+00:00,2026-05-31T20:17:26.559886+00:00
results/revision/revision_full_20260531_cluster/revision_full_20260531_cluster__method-fd__ansatz-RealAmplitudes__n-7__h-2p0__seed-0,fd,FD,7,2.0,1.0,RealAmplitudes,2,reverse_linear,500,0.01,,0,-14.731790325872986,-14.731790325872986,0.16096897383148345,0.16096897383148345,0.01080853927684695,0.01080853927684695,500,-14.892759299704469,21000,40.486655473709106,d3d222a82014fe40647be5fff9b3f0c31e272823,2026-05-31T20:16:49.462012+00:00,2026-05-31T20:17:29.948799+00:00
results/revision/revision_full_20260531_cluster/revision_full_20260531_cluster__method-fd__ansatz-RealAmplitudes__n-8__h-2p0__seed-0,fd,FD,8,2.0,1.0,RealAmplitudes,2,reverse_linear,500,0.01,,0,-16.853985104832166,-16.853985104832166,0.16417936544837275,0.16417936544837275,0.009647301607355208,0.009647301607355208,500,-17.01816447028054,24000,46.369433641433716,d3d222a82014fe40647be5fff9b3f0c31e272823,2026-05-31T20:16:49.471377+00:00,2026-05-31T20:17:35.840906+00:00
results/revision/revision_full_20260531_cluster/revision_full_20260531_cluster__method-fd__ansatz-RealAmplitudes__n-9__h-2p0__seed-0,fd,FD,9,2.0,1.0,RealAmplitudes,2,reverse_linear,500,0.01,,0,-18.97710727099751,-18.97710727099751,0.16737230088193655,0.16737230088193655,0.00874258818337287,0.00874258818337287,500,-19.144479571879447,27000,50.17414665222168,d3d222a82014fe40647be5fff9b3f0c31e272823,2026-05-31T20:17:28.107180+00:00,2026-05-31T20:18:18.281414+00:00
results/revision/revision_full_20260531_cluster/revision_full_20260531_cluster__method-psr__ansatz-RealAmplitudes__n-10__h-2p0__seed-0,psr,PSR,10,2.0,1.0,RealAmplitudes,2,reverse_linear,500,0.01,,0,-21.10042143934276,-21.10042143934276,0.17078737935314336,0.17078737935314336,0.0080290396661911,0.0080290396661911,500,-21.271208818695904,30000,62.473008155822754,d3d222a82014fe40647be5fff9b3f0c31e272823,2026-05-31T20:16:49.748168+00:00,2026-05-31T20:17:52.221241+00:00
results/revision/revision_full_20260531_cluster/revision_full_20260531_cluster__method-psr__ansatz-RealAmplitudes__n-11__h-2p0__seed-0,psr,PSR,11,2.0,1.0,RealAmplitudes,2,reverse_linear,500,0.01,,0,-23.22363949458195,-23.22363949458195,0.17448957074144644,0.17448957074144644,0.007457415516185193,0.007457415516185193,500,-23.398129065323396,33000,74.4430205821991,d3d222a82014fe40647be5fff9b3f0c31e272823,2026-05-31T20:16:53.734151+00:00,2026-05-31T20:18:08.177258+00:00
results/revision/revision_full_20260531_cluster/revision_full_20260531_cluster__method-psr__ansatz-RealAmplitudes__n-12__h-2p0__seed-0,psr,PSR,12,2.0,1.0,RealAmplitudes,2,reverse_linear,500,0.01,,0,-25.346823798889982,-25.346823798889982,0.1783145031580382,0.1783145031580382,0.006985838863945786,0.006985838863945786,500,-25.52513830204802,36000,81.42935299873352,d3d222a82014fe40647be5fff9b3f0c31e272823,2026-05-31T20:17:03.071221+00:00,2026-05-31T20:18:24.500632+00:00
results/revision/revision_full_20260531_cluster/revision_full_20260531_cluster__method-psr__ansatz-RealAmplitudes__n-6__h-2p0__seed-0,psr,PSR,6,2.0,1.0,RealAmplitudes,2,reverse_linear,500,0.01,,0,-12.609096664278425,-12.609096664278425,0.1602924629289042,0.1602924629289042,0.012552868530521493,0.012552868530521493,500,-12.76938912720733,18000,37.28921294212341,d3d222a82014fe40647be5fff9b3f0c31e272823,2026-05-31T20:16:49.394163+00:00,2026-05-31T20:17:26.683475+00:00
results/revision/revision_full_20260531_cluster/revision_full_20260531_cluster__method-psr__ansatz-RealAmplitudes__n-7__h-2p0__seed-0,psr,PSR,7,2.0,1.0,RealAmplitudes,2,reverse_linear,500,0.01,,0,-14.731791390664917,-14.731791390664917,0.16096790903955238,0.16096790903955238,0.010808467779556916,0.010808467779556916,500,-14.892759299704469,21000,41.099746227264404,d3d222a82014fe40647be5fff9b3f0c31e272823,2026-05-31T20:16:49.419238+00:00,2026-05-31T20:17:30.519046+00:00
results/revision/revision_full_20260531_cluster/revision_full_20260531_cluster__method-psr__ansatz-RealAmplitudes__n-8__h-2p0__seed-0,psr,PSR,8,2.0,1.0,RealAmplitudes,2,reverse_linear,500,0.01,,0,-16.85398647981524,-16.85398647981524,0.1641779904652978,0.1641779904652978,0.009647220812327205,0.009647220812327205,500,-17.01816447028054,24000,46.54070281982422,d3d222a82014fe40647be5fff9b3f0c31e272823,2026-05-31T20:16:49.396690+00:00,2026-05-31T20:17:35.937554+00:00
results/revision/revision_full_20260531_cluster/revision_full_20260531_cluster__method-psr__ansatz-RealAmplitudes__n-9__h-2p0__seed-0,psr,PSR,9,2.0,1.0,RealAmplitudes,2,reverse_linear,500,0.01,,0,-18.977108960255997,-18.977108960255997,0.16737061162345057,0.16737061162345057,0.008742499946005036,0.008742499946005036,500,-19.144479571879447,27000,54.9742374420166,d3d222a82014fe40647be5fff9b3f0c31e272823,2026-05-31T20:16:49.568314+00:00,2026-05-31T20:17:44.542632+00:00
results/revision/revision_full_20260531_cluster/revision_full_20260531_cluster__method-qnbda_psr__ansatz-RealAmplitudes__n-10__h-2p0__seed-0,qnbda_psr,QN-BDA+PSR,10,2.0,1.0,RealAmplitudes,2,reverse_linear,500,0.01,,0,-20.627742168746913,-20.627742168746913,0.6434666499489907,0.6434666499489907,0.030250591559395936,0.030250591559395936,500,-21.271208818695904,31500,1112.654061794281,d3d222a82014fe40647be5fff9b3f0c31e272823,2026-05-31T20:21:23.469633+00:00,2026-05-31T20:39:56.123751+00:00
results/revision/revision_full_20260531_cluster/revision_full_20260531_cluster__method-qnbda_psr__ansatz-RealAmplitudes__n-11__h-2p0__seed-0,qnbda_psr,QN-BDA+PSR,11,2.0,1.0,RealAmplitudes,2,reverse_linear,500,0.01,,0,-22.49979246699164,-22.49979246699164,0.8983365983317562,0.8983365983317562,0.03839352265404473,0.03839352265404473,500,-23.398129065323396,34500,1488.0667774677277,d3d222a82014fe40647be5fff9b3f0c31e272823,2026-05-31T20:50:19.704888+00:00,2026-05-31T21:15:07.771854+00:00
results/revision/revision_full_20260531_cluster/revision_full_20260531_cluster__method-qnbda_psr__ansatz-RealAmplitudes__n-12__h-2p0__seed-0,qnbda_psr,QN-BDA+PSR,12,2.0,1.0,RealAmplitudes,2,reverse_linear,500,0.01,,0,-24.59824123681828,-24.59824123681828,0.9268970652297419,0.9268970652297419,0.03631310648590578,0.03631310648590578,500,-25.52513830204802,37500,298.05955624580383,840a9c354e2bc6ed89941ba7d943831d7d0e3af2,2026-05-31T21:18:58.519453+00:00,2026-05-31T21:23:56.579072+00:00
results/revision/revision_full_20260531_cluster/revision_full_20260531_cluster__method-qnbda_psr__ansatz-RealAmplitudes__n-6__h-2p0__seed-0,qnbda_psr,QN-BDA+PSR,6,2.0,1.0,RealAmplitudes,2,reverse_linear,500,0.01,,0,-12.603777044133471,-12.603777044133471,0.16561208307385833,0.16561208307385833,0.012969460122488863,0.012969460122488863,500,-12.76938912720733,19500,308.7406346797943,d3d222a82014fe40647be5fff9b3f0c31e272823,2026-05-31T20:21:02.155908+00:00,2026-05-31T20:26:10.896621+00:00
results/revision/revision_full_20260531_cluster/revision_full_20260531_cluster__method-qnbda_psr__ansatz-RealAmplitudes__n-7__h-2p0__seed-0,qnbda_psr,QN-BDA+PSR,7,2.0,1.0,RealAmplitudes,2,reverse_linear,500,0.01,,0,-14.74353555814345,-14.74353555814345,0.1492237415610198,0.1492237415610198,0.010019885405922125,0.010019885405922125,500,-14.892759299704469,22500,439.85090041160583,d3d222a82014fe40647be5fff9b3f0c31e272823,2026-05-31T20:21:15.094944+00:00,2026-05-31T20:28:34.945891+00:00
results/revision/revision_full_20260531_cluster/revision_full_20260531_cluster__method-qnbda_psr__ansatz-RealAmplitudes__n-8__h-2p0__seed-0,qnbda_psr,QN-BDA+PSR,8,2.0,1.0,RealAmplitudes,2,reverse_linear,500,0.01,,0,-16.8574715550087,-16.8574715550087,0.16069291527183793,0.16069291527183793,0.00944243520224887,0.00944243520224887,500,-17.01816447028054,25500,611.6204550266266,d3d222a82014fe40647be5fff9b3f0c31e272823,2026-05-31T20:21:16.355403+00:00,2026-05-31T20:31:27.975907+00:00
results/revision/revision_full_20260531_cluster/revision_full_20260531_cluster__method-qnbda_psr__ansatz-RealAmplitudes__n-9__h-2p0__seed-0,qnbda_psr,QN-BDA+PSR,9,2.0,1.0,RealAmplitudes,2,reverse_linear,500,0.01,,0,-18.75560254898032,-18.75560254898032,0.38887702289912696,0.38887702289912696,0.020312749763662038,0.020312749763662038,500,-19.144479571879447,28500,832.277143239975,d3d222a82014fe40647be5fff9b3f0c31e272823,2026-05-31T20:21:21.706901+00:00,2026-05-31T20:35:13.984096+00:00
results/revision/revision_full_20260531_cluster/revision_full_20260531_cluster__method-qnbda_spsa__ansatz-RealAmplitudes__n-10__h-2p0__seed-0,qnbda_spsa,QN-BDA+SPSA,10,2.0,1.0,RealAmplitudes,2,reverse_linear,500,0.01,,0,-5.439813500147154,-12.586991409368949,15.83139531854875,8.684217409326955,0.7442640168448754,0.4082615841603762,468,-21.271208818695904,2500,1061.3974068164825,d3d222a82014fe40647be5fff9b3f0c31e272823,2026-05-31T21:00:06.655308+00:00,2026-05-31T21:17:48.052757+00:00
results/revision/revision_full_20260531_cluster/revision_full_20260531_cluster__method-qnbda_spsa__ansatz-RealAmplitudes__n-10__h-2p0__seed-1,qnbda_spsa,QN-BDA+SPSA,10,2.0,1.0,RealAmplitudes,2,reverse_linear,500,0.01,,1,-7.5564662234200535,-11.216432007125729,13.714742595275851,10.054776811570175,0.6447561448986178,0.4726941894685708,86,-21.271208818695904,2500,131.37909245491028,840a9c354e2bc6ed89941ba7d943831d7d0e3af2,2026-05-31T21:18:38.721047+00:00,2026-05-31T21:20:50.100217+00:00
results/revision/revision_full_20260531_cluster/revision_full_20260531_cluster__method-qnbda_spsa__ansatz-RealAmplitudes__n-10__h-2p0__seed-2,qnbda_spsa,QN-BDA+SPSA,10,2.0,1.0,RealAmplitudes,2,reverse_linear,500,0.01,,2,-7.013386172209734,-12.93426547428975,14.257822646486169,8.336943344406153,0.6702873714424044,0.3919355695985911,409,-21.271208818695904,2500,128.26436686515808,840a9c354e2bc6ed89941ba7d943831d7d0e3af2,2026-05-31T21:18:42.203503+00:00,2026-05-31T21:20:50.467940+00:00
results/revision/revision_full_20260531_cluster/revision_full_20260531_cluster__method-qnbda_spsa__ansatz-RealAmplitudes__n-10__h-2p0__seed-3,qnbda_spsa,QN-BDA+SPSA,10,2.0,1.0,RealAmplitudes,2,reverse_linear,500,0.01,,3,-5.126978895703926,-11.72928613358663,16.144229922991975,9.541922685109274,0.7589709668405082,0.4485839411591217,208,-21.271208818695904,2500,130.39795994758606,840a9c354e2bc6ed89941ba7d943831d7d0e3af2,2026-05-31T21:18:38.392066+00:00,2026-05-31T21:20:48.790101+00:00
results/revision/revision_full_20260531_cluster/revision_full_20260531_cluster__method-qnbda_spsa__ansatz-RealAmplitudes__n-10__h-2p0__seed-4,qnbda_spsa,QN-BDA+SPSA,10,2.0,1.0,RealAmplitudes,2,reverse_linear,500,0.01,,4,-4.631350087063034,-11.967438196458296,16.63985873163287,9.303770622237607,0.7822714201840565,0.4373879595437117,400,-21.271208818695904,2500,129.70956206321716,840a9c354e2bc6ed89941ba7d943831d7d0e3af2,2026-05-31T21:18:40.843870+00:00,2026-05-31T21:20:50.553509+00:00
results/revision/revision_full_20260531_cluster/revision_full_20260531_cluster__method-qnbda_spsa__ansatz-RealAmplitudes__n-10__h-2p0__seed-5,qnbda_spsa,QN-BDA+SPSA,10,2.0,1.0,RealAmplitudes,2,reverse_linear,500,0.01,,5,-8.278010810565377,-11.817419626294274,12.993198008130527,9.45378919240163,0.6108349609501467,0.4444406179724215,203,-21.271208818695904,2500,130.48815155029297,840a9c354e2bc6ed89941ba7d943831d7d0e3af2,2026-05-31T21:18:38.731801+00:00,2026-05-31T21:20:49.220009+00:00
results/revision/revision_full_20260531_cluster/revision_full_20260531_cluster__method-qnbda_spsa__ansatz-RealAmplitudes__n-10__h-2p0__seed-6,qnbda_spsa,QN-BDA+SPSA,10,2.0,1.0,RealAmplitudes,2,reverse_linear,500,0.01,,6,-6.34864728356886,-11.228551451953205,14.922561535127045,10.042657366742699,0.7015380114180986,0.47212443130716225,488,-21.271208818695904,2500,128.86812734603882,840a9c354e2bc6ed89941ba7d943831d7d0e3af2,2026-05-31T21:18:41.791568+00:00,2026-05-31T21:20:50.659786+00:00
results/revision/revision_full_20260531_cluster/revision_full_20260531_cluster__method-qnbda_spsa__ansatz-RealAmplitudes__n-11__h-2p0__seed-0,qnbda_spsa,QN-BDA+SPSA,11,2.0,1.0,RealAmplitudes,2,reverse_linear,500,0.01,,0,-3.244443057101882,-12.002959265731397,20.153686008221513,11.395169799591999,0.8613375006162255,0.48701200714718346,93,-23.398129065323396,2500,179.29521226882935,840a9c354e2bc6ed89941ba7d943831d7d0e3af2,2026-05-31T21:18:48.361170+00:00,2026-05-31T21:21:47.656447+00:00
results/revision/revision_full_20260531_cluster/revision_full_20260531_cluster__method-qnbda_spsa__ansatz-RealAmplitudes__n-11__h-2p0__seed-1,qnbda_spsa,QN-BDA+SPSA,11,2.0,1.0,RealAmplitudes,2,reverse_linear,500,0.01,,1,-8.607488575537952,-12.3025929747882,14.790640489785444,11.095536090535196,0.6321291949665129,0.47420612389813055,371,-23.398129065323396,2500,178.2412006855011,840a9c354e2bc6ed89941ba7d943831d7d0e3af2,2026-05-31T21:18:51.293205+00:00,2026-05-31T21:21:49.534458+00:00
results/revision/revision_full_20260531_cluster/revision_full_20260531_cluster__method-qnbda_spsa__ansatz-RealAmplitudes__n-11__h-2p0__seed-2,qnbda_spsa,QN-BDA+SPSA,11,2.0,1.0,RealAmplitudes,2,reverse_linear,500,0.01,,2,-7.847627763992031,-11.721705286341694,15.550501301331366,11.676423778981702,0.6646044757645855,0.4990323690575094,486,-23.398129065323396,2500,179.83817410469055,840a9c354e2bc6ed89941ba7d943831d7d0e3af2,2026-05-31T21:18:50.516004+00:00,2026-05-31T21:21:50.354429+00:00
results/revision/revision_full_20260531_cluster/revision_full_20260531_cluster__method-qnbda_spsa__ansatz-RealAmplitudes__n-11__h-2p0__seed-3,qnbda_spsa,QN-BDA+SPSA,11,2.0,1.0,RealAmplitudes,2,reverse_linear,500,0.01,,3,-4.802214577857398,-12.29597266231684,18.595914487465997,11.102156403006555,0.7947607449958723,0.47448906585698875,469,-23.398129065323396,2500,211.96682453155518,840a9c354e2bc6ed89941ba7d943831d7d0e3af2,2026-05-31T21:21:06.236625+00:00,2026-05-31T21:24:38.203556+00:00
results/revision/revision_full_20260531_cluster/revision_full_20260531_cluster__method-qnbda_spsa__ansatz-RealAmplitudes__n-11__h-2p0__seed-4,qnbda_spsa,QN-BDA+SPSA,11,2.0,1.0,RealAmplitudes,2,reverse_linear,500,0.01,,4,-7.175103908293306,-13.103120684962809,16.22302515703009,10.295008380360587,0.6933471095803558,0.4399928024851373,357,-23.398129065323396,2500,208.206063747406,840a9c354e2bc6ed89941ba7d943831d7d0e3af2,2026-05-31T21:21:11.679359+00:00,2026-05-31T21:24:39.885498+00:00
results/revision/revision_full_20260531_cluster/revision_full_20260531_cluster__method-qnbda_spsa__ansatz-RealAmplitudes__n-11__h-2p0__seed-5,qnbda_spsa,QN-BDA+SPSA,11,2.0,1.0,RealAmplitudes,2,reverse_linear,500,0.01,,5,-5.963665093978957,-13.254296927491207,17.43446397134444,10.143832137832188,0.7451221387261576,0.43353176271113053,244,-23.398129065323396,2500,204.32148909568787,840a9c354e2bc6ed89941ba7d943831d7d0e3af2,2026-05-31T21:21:16.210048+00:00,2026-05-31T21:24:40.531638+00:00
results/revision/revision_full_20260531_cluster/revision_full_20260531_cluster__method-qnbda_spsa__ansatz-RealAmplitudes__n-11__h-2p0__seed-6,qnbda_spsa,QN-BDA+SPSA,11,2.0,1.0,RealAmplitudes,2,reverse_linear,500,0.01,,6,-8.413204710827726,-13.872264499050228,14.98492435449567,9.525864566273167,0.6404325881210604,0.40712078045550804,306,-23.398129065323396,2500,203.89471101760864,840a9c354e2bc6ed89941ba7d943831d7d0e3af2,2026-05-31T21:21:18.319669+00:00,2026-05-31T21:24:42.214743+00:00
results/revision/revision_full_20260531_cluster/revision_full_20260531_cluster__method-qnbda_spsa__ansatz-RealAmplitudes__n-12__h-2p0__seed-0,qnbda_spsa,QN-BDA+SPSA,12,2.0,1.0,RealAmplitudes,2,reverse_linear,500,0.01,,0,-8.64351475297489,-12.21924797302625,16.881623549073133,13.30589032902177,0.6613724615046896,0.5212857290553511,490,-25.52513830204802,2500,236.48366236686707,840a9c354e2bc6ed89941ba7d943831d7d0e3af2,2026-05-31T21:21:32.003441+00:00,2026-05-31T21:25:28.487172+00:00
results/revision/revision_full_20260531_cluster/revision_full_20260531_cluster__method-qnbda_spsa__ansatz-RealAmplitudes__n-12__h-2p0__seed-1,qnbda_spsa,QN-BDA+SPSA,12,2.0,1.0,RealAmplitudes,2,reverse_linear,500,0.01,,1,-10.484402630577119,-12.46394082159048,15.040735671470902,13.06119748045754,0.589251877638763,0.5116993814450584,445,-25.52513830204802,2500,235.77567982673645,840a9c354e2bc6ed89941ba7d943831d7d0e3af2,2026-05-31T21:21:31.576926+00:00,2026-05-31T21:25:27.352668+00:00
results/revision/revision_full_20260531_cluster/revision_full_20260531_cluster__method-qnbda_spsa__ansatz-RealAmplitudes__n-12__h-2p0__seed-2,qnbda_spsa,QN-BDA+SPSA,12,2.0,1.0,RealAmplitudes,2,reverse_linear,500,0.01,,2,-7.936807131634728,-13.625439707838403,17.58833117041329,11.899698594209617,0.689059191855665,0.46619526419000207,419,-25.52513830204802,2500,204.29703092575073,840a9c354e2bc6ed89941ba7d943831d7d0e3af2,2026-05-31T21:22:40.159042+00:00,2026-05-31T21:26:04.456207+00:00
results/revision/revision_full_20260531_cluster/revision_full_20260531_cluster__method-qnbda_spsa__ansatz-RealAmplitudes__n-12__h-2p0__seed-3,qnbda_spsa,QN-BDA+SPSA,12,2.0,1.0,RealAmplitudes,2,reverse_linear,500,0.01,,3,-5.808320152641569,-13.514699875902936,19.71681814940645,12.010438426145084,0.7724470643837594,0.47053372577344355,63,-25.52513830204802,2500,203.51343297958374,840a9c354e2bc6ed89941ba7d943831d7d0e3af2,2026-05-31T21:22:42.958921+00:00,2026-05-31T21:26:06.472425+00:00
results/revision/revision_full_20260531_cluster/revision_full_20260531_cluster__method-qnbda_spsa__ansatz-RealAmplitudes__n-12__h-2p0__seed-4,qnbda_spsa,QN-BDA+SPSA,12,2.0,1.0,RealAmplitudes,2,reverse_linear,500,0.01,,4,-8.904779386644067,-13.862943259998616,16.620358915403955,11.662195042049404,0.6511368799937282,0.45689057211155965,331,-25.52513830204802,2500,202.11055159568787,840a9c354e2bc6ed89941ba7d943831d7d0e3af2,2026-05-31T21:22:43.021252+00:00,2026-05-31T21:26:05.131894+00:00
results/revision/revision_full_20260531_cluster/revision_full_20260531_cluster__method-qnbda_spsa__ansatz-RealAmplitudes__n-12__h-2p0__seed-5,qnbda_spsa,QN-BDA+SPSA,12,2.0,1.0,RealAmplitudes,2,reverse_linear,500,0.01,,5,-8.470896948381093,-12.292800760695487,17.054241353666928,13.232337541352534,0.6681351204392327,0.5184041467187989,316,-25.52513830204802,2500,185.34011936187744,840a9c354e2bc6ed89941ba7d943831d7d0e3af2,2026-05-31T21:24:16.659111+00:00,2026-05-31T21:27:21.999320+00:00
results/revision/revision_full_20260531_cluster/revision_full_20260531_cluster__method-qnbda_spsa__ansatz-RealAmplitudes__n-12__h-2p0__seed-6,qnbda_spsa,QN-BDA+SPSA,12,2.0,1.0,RealAmplitudes,2,reverse_linear,500,0.01,,6,-8.129176572731552,-11.250612159078537,17.39596172931647,14.274526142969483,0.6815227217758384,0.559234037208886,381,-25.52513830204802,2500,176.06213068962097,840a9c354e2bc6ed89941ba7d943831d7d0e3af2,2026-05-31T21:24:58.380712+00:00,2026-05-31T21:27:54.442906+00:00
results/revision/revision_full_20260531_cluster/revision_full_20260531_cluster__method-qnbda_spsa__ansatz-RealAmplitudes__n-6__h-2p0__seed-0,qnbda_spsa,QN-BDA+SPSA,6,2.0,1.0,RealAmplitudes,2,reverse_linear,500,0.01,,0,-7.628927324450909,-9.748846521658903,5.140461802756421,3.0205426055484264,0.4025612933827667,0.23654558377523735,250,-12.76938912720733,2500,292.9475085735321,d3d222a82014fe40647be5fff9b3f0c31e272823,2026-05-31T20:21:33.075580+00:00,2026-05-31T20:26:26.023126+00:00
results/revision/revision_full_20260531_cluster/revision_full_20260531_cluster__method-qnbda_spsa__ansatz-RealAmplitudes__n-6__h-2p0__seed-1,qnbda_spsa,QN-BDA+SPSA,6,2.0,1.0,RealAmplitudes,2,reverse_linear,500,0.01,,1,-5.721377337228335,-10.585723396056345,7.048011789978994,2.1836657311509846,0.551945885568012,0.17100784613872544,206,-12.76938912720733,2500,292.57370114326477,d3d222a82014fe40647be5fff9b3f0c31e272823,2026-05-31T20:21:35.460390+00:00,2026-05-31T20:26:28.034129+00:00
results/revision/revision_full_20260531_cluster/revision_full_20260531_cluster__method-qnbda_spsa__ansatz-RealAmplitudes__n-6__h-2p0__seed-2,qnbda_spsa,QN-BDA+SPSA,6,2.0,1.0,RealAmplitudes,2,reverse_linear,500,0.01,,2,-6.876032151779969,-10.931234211042245,5.89335697542736,1.8381549161650845,0.46152223232594364,0.14395010582366752,298,-12.76938912720733,2500,289.9527566432953,d3d222a82014fe40647be5fff9b3f0c31e272823,2026-05-31T20:21:36.804892+00:00,2026-05-31T20:26:26.757689+00:00
results/revision/revision_full_20260531_cluster/revision_full_20260531_cluster__method-qnbda_spsa__ansatz-RealAmplitudes__n-6__h-2p0__seed-3,qnbda_spsa,QN-BDA+SPSA,6,2.0,1.0,RealAmplitudes,2,reverse_linear,500,0.01,,3,-8.222146943139009,-9.736408156835317,4.54724218406832,3.0329809703720123,0.3561049114228696,0.23751966050668286,63,-12.76938912720733,2500,291.4606206417084,d3d222a82014fe40647be5fff9b3f0c31e272823,2026-05-31T20:26:11.901793+00:00,2026-05-31T20:31:03.362443+00:00
results/revision/revision_full_20260531_cluster/revision_full_20260531_cluster__method-qnbda_spsa__ansatz-RealAmplitudes__n-6__h-2p0__seed-4,qnbda_spsa,QN-BDA+SPSA,6,2.0,1.0,RealAmplitudes,2,reverse_linear,500,0.01,,4,-6.959529223717764,-10.928642300529734,5.809859903489565,1.840746826677595,0.4549833860972004,0.14415308425017564,460,-12.76938912720733,2500,289.9700722694397,d3d222a82014fe40647be5fff9b3f0c31e272823,2026-05-31T20:26:26.886863+00:00,2026-05-31T20:31:16.856964+00:00
results/revision/revision_full_20260531_cluster/revision_full_20260531_cluster__method-qnbda_spsa__ansatz-RealAmplitudes__n-6__h-2p0__seed-5,qnbda_spsa,QN-BDA+SPSA,6,2.0,1.0,RealAmplitudes,2,reverse_linear,500,0.01,,5,-4.095671035999658,-10.77919484548647,8.673718091207672,1.9901942817208589,0.6792586555864961,0.15585665546681599,169,-12.76938912720733,2500,289.2459406852722,d3d222a82014fe40647be5fff9b3f0c31e272823,2026-05-31T20:26:27.629246+00:00,2026-05-31T20:31:16.875217+00:00
results/revision/revision_full_20260531_cluster/revision_full_20260531_cluster__method-qnbda_spsa__ansatz-RealAmplitudes__n-6__h-2p0__seed-6,qnbda_spsa,QN-BDA+SPSA,6,2.0,1.0,RealAmplitudes,2,reverse_linear,500,0.01,,6,-9.104330960463033,-11.094786942002166,3.6650581667442967,1.6746021852051634,0.287019068041029,0.13114191826429206,480,-12.76938912720733,2500,291.78823590278625,d3d222a82014fe40647be5fff9b3f0c31e272823,2026-05-31T20:26:28.956255+00:00,2026-05-31T20:31:20.744560+00:00
results/revision/revision_full_20260531_cluster/revision_full_20260531_cluster__method-qnbda_spsa__ansatz-RealAmplitudes__n-7__h-2p0__seed-0,qnbda_spsa,QN-BDA+SPSA,7,2.0,1.0,RealAmplitudes,2,reverse_linear,500,0.01,,0,-6.159790689235818,-11.609275865676695,8.732968610468651,3.283483434027774,0.5863902339871933,0.22047515627899333,454,-14.892759299704469,2500,418.25098061561584,d3d222a82014fe40647be5fff9b3f0c31e272823,2026-05-31T20:28:35.934833+00:00,2026-05-31T20:35:34.185844+00:00
results/revision/revision_full_20260531_cluster/revision_full_20260531_cluster__method-qnbda_spsa__ansatz-RealAmplitudes__n-7__h-2p0__seed-1,qnbda_spsa,QN-BDA+SPSA,7,2.0,1.0,RealAmplitudes,2,reverse_linear,500,0.01,,1,-6.729900785066244,-11.306169145412815,8.162858514638225,3.5865901542916543,0.5481092086676113,0.2408277796017845,132,-14.892759299704469,2500,416.5231535434723,d3d222a82014fe40647be5fff9b3f0c31e272823,2026-05-31T20:31:04.316955+00:00,2026-05-31T20:38:00.840153+00:00
results/revision/revision_full_20260531_cluster/revision_full_20260531_cluster__method-qnbda_spsa__ansatz-RealAmplitudes__n-7__h-2p0__seed-2,qnbda_spsa,QN-BDA+SPSA,7,2.0,1.0,RealAmplitudes,2,reverse_linear,500,0.01,,2,-7.832086705773169,-11.067841906669761,7.0606725939313,3.824917393034708,0.47410103472708454,0.25683067295062034,275,-14.892759299704469,2500,417.24216508865356,d3d222a82014fe40647be5fff9b3f0c31e272823,2026-05-31T20:31:17.855460+00:00,2026-05-31T20:38:15.097653+00:00
results/revision/revision_full_20260531_cluster/revision_full_20260531_cluster__method-qnbda_spsa__ansatz-RealAmplitudes__n-7__h-2p0__seed-3,qnbda_spsa,QN-BDA+SPSA,7,2.0,1.0,RealAmplitudes,2,reverse_linear,500,0.01,,3,-2.992121740494653,-11.158213588293359,11.900637559209816,3.7345457114111102,0.7990888269741908,0.2507625105768827,289,-14.892759299704469,2500,415.4006836414337,d3d222a82014fe40647be5fff9b3f0c31e272823,2026-05-31T20:31:17.846201+00:00,2026-05-31T20:38:13.246914+00:00
results/revision/revision_full_20260531_cluster/revision_full_20260531_cluster__method-qnbda_spsa__ansatz-RealAmplitudes__n-7__h-2p0__seed-4,qnbda_spsa,QN-BDA+SPSA,7,2.0,1.0,RealAmplitudes,2,reverse_linear,500,0.01,,4,-9.974833810356207,-10.479149433837337,4.917925489348262,4.413609865867132,0.3302225860486346,0.2963594440121459,228,-14.892759299704469,2500,417.18060302734375,d3d222a82014fe40647be5fff9b3f0c31e272823,2026-05-31T20:31:21.626212+00:00,2026-05-31T20:38:18.806847+00:00
results/revision/revision_full_20260531_cluster/revision_full_20260531_cluster__method-qnbda_spsa__ansatz-RealAmplitudes__n-7__h-2p0__seed-5,qnbda_spsa,QN-BDA+SPSA,7,2.0,1.0,RealAmplitudes,2,reverse_linear,500,0.01,,5,-7.055142955180084,-10.512960904949846,7.837616344524385,4.379798394754623,0.5262702624005958,0.29408911448945096,43,-14.892759299704469,2500,418.09125566482544,d3d222a82014fe40647be5fff9b3f0c31e272823,2026-05-31T20:31:28.870974+00:00,2026-05-31T20:38:26.962262+00:00
results/revision/revision_full_20260531_cluster/revision_full_20260531_cluster__method-qnbda_spsa__ansatz-RealAmplitudes__n-7__h-2p0__seed-6,qnbda_spsa,QN-BDA+SPSA,7,2.0,1.0,RealAmplitudes,2,reverse_linear,500,0.01,,6,-10.189054399151699,-11.208413228120946,4.70370490055277,3.684346071583523,0.31583837527315106,0.2473917692107355,392,-14.892759299704469,2500,417.0931010246277,d3d222a82014fe40647be5fff9b3f0c31e272823,2026-05-31T20:35:14.938949+00:00,2026-05-31T20:42:12.032092+00:00
results/revision/revision_full_20260531_cluster/revision_full_20260531_cluster__method-qnbda_spsa__ansatz-RealAmplitudes__n-8__h-2p0__seed-0,qnbda_spsa,QN-BDA+SPSA,8,2.0,1.0,RealAmplitudes,2,reverse_linear,500,0.01,,0,-1.762905071352174,-11.84299228843271,15.255259398928365,5.175172181847829,0.8964103870055551,0.3040969659733532,270,-17.01816447028054,2500,588.4360542297363,d3d222a82014fe40647be5fff9b3f0c31e272823,2026-05-31T20:50:16.870615+00:00,2026-05-31T21:00:05.306703+00:00
results/revision/revision_full_20260531_cluster/revision_full_20260531_cluster__method-qnbda_spsa__ansatz-RealAmplitudes__n-8__h-2p0__seed-1,qnbda_spsa,QN-BDA+SPSA,8,2.0,1.0,RealAmplitudes,2,reverse_linear,500,0.01,,1,-9.755423966102851,-12.69653991220312,7.262740504177687,4.321624558077419,0.4267640330342843,0.253941872851472,385,-17.01816447028054,2500,587.8223676681519,d3d222a82014fe40647be5fff9b3f0c31e272823,2026-05-31T20:50:16.849050+00:00,2026-05-31T21:00:04.671452+00:00
results/revision/revision_full_20260531_cluster/revision_full_20260531_cluster__method-qnbda_spsa__ansatz-RealAmplitudes__n-8__h-2p0__seed-2,qnbda_spsa,QN-BDA+SPSA,8,2.0,1.0,RealAmplitudes,2,reverse_linear,500,0.01,,2,-10.400292018563642,-11.634030189059308,6.617872451716897,5.384134281221231,0.3888711067091834,0.3163757343292661,179,-17.01816447028054,2500,587.767769575119,d3d222a82014fe40647be5fff9b3f0c31e272823,2026-05-31T20:50:16.872178+00:00,2026-05-31T21:00:04.639981+00:00
results/revision/revision_full_20260531_cluster/revision_full_20260531_cluster__method-qnbda_spsa__ansatz-RealAmplitudes__n-8__h-2p0__seed-3,qnbda_spsa,QN-BDA+SPSA,8,2.0,1.0,RealAmplitudes,2,reverse_linear,500,0.01,,3,-7.513430242458274,-10.437992617387227,9.504734227822265,6.5801718528933115,0.5585052515164453,0.38665579148588636,192,-17.01816447028054,2500,585.4187242984772,d3d222a82014fe40647be5fff9b3f0c31e272823,2026-05-31T20:50:16.872269+00:00,2026-05-31T21:00:02.291051+00:00
results/revision/revision_full_20260531_cluster/revision_full_20260531_cluster__method-qnbda_spsa__ansatz-RealAmplitudes__n-8__h-2p0__seed-4,qnbda_spsa,QN-BDA+SPSA,8,2.0,1.0,RealAmplitudes,2,reverse_linear,500,0.01,,4,-5.628181097431997,-10.945106062327941,11.38998337284854,6.0730584079525975,0.6692838932623608,0.3568574283412414,267,-17.01816447028054,2500,584.4344537258148,d3d222a82014fe40647be5fff9b3f0c31e272823,2026-05-31T20:50:16.883022+00:00,2026-05-31T21:00:01.317512+00:00
results/revision/revision_full_20260531_cluster/revision_full_20260531_cluster__method-qnbda_spsa__ansatz-RealAmplitudes__n-8__h-2p0__seed-5,qnbda_spsa,QN-BDA+SPSA,8,2.0,1.0,RealAmplitudes,2,reverse_linear,500,0.01,,5,-6.6829173523055045,-11.037653948389911,10.335247117975033,5.980510521890627,0.6073068065609464,0.35141924573208927,362,-17.01816447028054,2500,582.3802235126495,d3d222a82014fe40647be5fff9b3f0c31e272823,2026-05-31T20:50:16.865082+00:00,2026-05-31T20:59:59.245341+00:00
results/revision/revision_full_20260531_cluster/revision_full_20260531_cluster__method-qnbda_spsa__ansatz-RealAmplitudes__n-8__h-2p0__seed-6,qnbda_spsa,QN-BDA+SPSA,8,2.0,1.0,RealAmplitudes,2,reverse_linear,500,0.01,,6,-6.3029232568155855,-10.239672624458214,10.715241213464953,6.778491845822325,0.6296355421983012,0.3983092217530193,494,-17.01816447028054,2500,585.2317719459534,d3d222a82014fe40647be5fff9b3f0c31e272823,2026-05-31T20:50:16.916935+00:00,2026-05-31T21:00:02.148745+00:00
results/revision/revision_full_20260531_cluster/revision_full_20260531_cluster__method-qnbda_spsa__ansatz-RealAmplitudes__n-9__h-2p0__seed-0,qnbda_spsa,QN-BDA+SPSA,9,2.0,1.0,RealAmplitudes,2,reverse_linear,500,0.01,,0,-8.304202251847116,-11.438694275067755,10.840277320032332,7.705785296811692,0.566235153028405,0.4025069089958658,180,-19.144479571879447,2500,787.98752617836,d3d222a82014fe40647be5fff9b3f0c31e272823,2026-05-31T20:50:17.007099+00:00,2026-05-31T21:03:24.994659+00:00
results/revision/revision_full_20260531_cluster/revision_full_20260531_cluster__method-qnbda_spsa__ansatz-RealAmplitudes__n-9__h-2p0__seed-1,qnbda_spsa,QN-BDA+SPSA,9,2.0,1.0,RealAmplitudes,2,reverse_linear,500,0.01,,1,-7.107995054675968,-11.15494220890536,12.03648451720348,7.989537362974087,0.6287182930207925,0.41732852193640174,299,-19.144479571879447,2500,789.663578748703,d3d222a82014fe40647be5fff9b3f0c31e272823,2026-05-31T21:00:00.209974+00:00,2026-05-31T21:13:09.873593+00:00
results/revision/revision_full_20260531_cluster/revision_full_20260531_cluster__method-qnbda_spsa__ansatz-RealAmplitudes__n-9__h-2p0__seed-2,qnbda_spsa,QN-BDA+SPSA,9,2.0,1.0,RealAmplitudes,2,reverse_linear,500,0.01,,2,-6.025029801590719,-11.62627125433576,13.119449770288728,7.518208317543687,0.6852863103972467,0.39270894198591216,142,-19.144479571879447,2500,787.3688108921051,d3d222a82014fe40647be5fff9b3f0c31e272823,2026-05-31T21:00:02.300909+00:00,2026-05-31T21:13:09.669765+00:00
results/revision/revision_full_20260531_cluster/revision_full_20260531_cluster__method-qnbda_spsa__ansatz-RealAmplitudes__n-9__h-2p0__seed-3,qnbda_spsa,QN-BDA+SPSA,9,2.0,1.0,RealAmplitudes,2,reverse_linear,500,0.01,,3,-7.682109114827979,-11.146619309026716,11.462370457051469,7.997860262852731,0.5987298016650231,0.41776326344229614,205,-19.144479571879447,2500,789.7188074588776,d3d222a82014fe40647be5fff9b3f0c31e272823,2026-05-31T21:00:03.143789+00:00,2026-05-31T21:13:12.862675+00:00
results/revision/revision_full_20260531_cluster/revision_full_20260531_cluster__method-qnbda_spsa__ansatz-RealAmplitudes__n-9__h-2p0__seed-4,qnbda_spsa,QN-BDA+SPSA,9,2.0,1.0,RealAmplitudes,2,reverse_linear,500,0.01,,4,-4.494689416315249,-12.459669559316769,14.649790155564197,6.684810012562679,0.7652226899436161,0.3491768991402475,159,-19.144479571879447,2500,788.0677223205566,d3d222a82014fe40647be5fff9b3f0c31e272823,2026-05-31T21:00:03.380164+00:00,2026-05-31T21:13:11.447922+00:00
results/revision/revision_full_20260531_cluster/revision_full_20260531_cluster__method-qnbda_spsa__ansatz-RealAmplitudes__n-9__h-2p0__seed-5,qnbda_spsa,QN-BDA+SPSA,9,2.0,1.0,RealAmplitudes,2,reverse_linear,500,0.01,,5,-9.153425685922853,-11.924258110559045,9.991053885956594,7.220221461320403,0.5218764943933002,0.3771437836276257,58,-19.144479571879447,2500,790.7513575553894,d3d222a82014fe40647be5fff9b3f0c31e272823,2026-05-31T21:00:05.726370+00:00,2026-05-31T21:13:16.477765+00:00
results/revision/revision_full_20260531_cluster/revision_full_20260531_cluster__method-qnbda_spsa__ansatz-RealAmplitudes__n-9__h-2p0__seed-6,qnbda_spsa,QN-BDA+SPSA,9,2.0,1.0,RealAmplitudes,2,reverse_linear,500,0.01,,6,-7.7384830222984275,-10.891433758257326,11.405996549581019,8.253045813622121,0.5957851456215517,0.4310927221936441,277,-19.144479571879447,2500,785.9481847286224,d3d222a82014fe40647be5fff9b3f0c31e272823,2026-05-31T21:00:05.849810+00:00,2026-05-31T21:13:11.798032+00:00
results/revision/revision_full_20260531_cluster/revision_full_20260531_cluster__method-qnspsa_psr__ansatz-RealAmplitudes__n-10__h-2p0__seed-0,qnspsa_psr,QN-SPSA+PSR,10,2.0,1.0,RealAmplitudes,2,reverse_linear,500,0.01,,0,-21.116366246755046,-21.116366246755046,0.1548425719408577,0.1548425719408577,0.007279443931026709,0.007279443931026709,500,-21.271208818695904,32000,215.89720916748047,840a9c354e2bc6ed89941ba7d943831d7d0e3af2,2026-05-31T21:30:23.158567+00:00,2026-05-31T21:33:59.055826+00:00
results/revision/revision_full_20260531_cluster/revision_full_20260531_cluster__method-qnspsa_psr__ansatz-RealAmplitudes__n-10__h-2p0__seed-1,qnspsa_psr,QN-SPSA+PSR,10,2.0,1.0,RealAmplitudes,2,reverse_linear,500,0.01,,1,-21.114821443777995,-21.114821443777995,0.15638737491790877,0.15638737491790877,0.0073520680583256375,0.0073520680583256375,500,-21.271208818695904,32000,203.52476119995117,840a9c354e2bc6ed89941ba7d943831d7d0e3af2,2026-05-31T21:30:23.491686+00:00,2026-05-31T21:33:47.016497+00:00
results/revision/revision_full_20260531_cluster/revision_full_20260531_cluster__method-qnspsa_psr__ansatz-RealAmplitudes__n-10__h-2p0__seed-2,qnspsa_psr,QN-SPSA+PSR,10,2.0,1.0,RealAmplitudes,2,reverse_linear,500,0.01,,2,-20.36393539161786,-20.36393539161786,0.9072734270780423,0.9072734270780423,0.04265265010611961,0.04265265010611961,500,-21.271208818695904,32000,223.146719455719,840a9c354e2bc6ed89941ba7d943831d7d0e3af2,2026-05-31T21:30:25.922168+00:00,2026-05-31T21:34:09.068941+00:00
results/revision/revision_full_20260531_cluster/revision_full_20260531_cluster__method-qnspsa_psr__ansatz-RealAmplitudes__n-10__h-2p0__seed-3,qnspsa_psr,QN-SPSA+PSR,10,2.0,1.0,RealAmplitudes,2,reverse_linear,500,0.01,,3,-21.120787119445325,-21.120787119445325,0.1504216992505789,0.1504216992505789,0.0070716102941159025,0.0070716102941159025,500,-21.271208818695904,32000,196.48858094215393,840a9c354e2bc6ed89941ba7d943831d7d0e3af2,2026-05-31T21:31:28.035550+00:00,2026-05-31T21:34:44.524185+00:00
results/revision/revision_full_20260531_cluster/revision_full_20260531_cluster__method-qnspsa_psr__ansatz-RealAmplitudes__n-10__h-2p0__seed-4,qnspsa_psr,QN-SPSA+PSR,10,2.0,1.0,RealAmplitudes,2,reverse_linear,500,0.01,,4,-21.138248135544142,-21.138248135544142,0.13296068315176157,0.13296068315176157,0.0062507347036572,0.0062507347036572,500,-21.271208818695904,32000,198.54425954818726,840a9c354e2bc6ed89941ba7d943831d7d0e3af2,2026-05-31T21:31:36.391464+00:00,2026-05-31T21:34:54.935771+00:00
results/revision/revision_full_20260531_cluster/revision_full_20260531_cluster__method-qnspsa_psr__ansatz-RealAmplitudes__n-10__h-2p0__seed-5,qnspsa_psr,QN-SPSA+PSR,10,2.0,1.0,RealAmplitudes,2,reverse_linear,500,0.01,,5,-21.132857187598283,-21.132857187598283,0.1383516310976205,0.1383516310976205,0.006504173424127128,0.006504173424127128,500,-21.271208818695904,32000,214.46827363967896,840a9c354e2bc6ed89941ba7d943831d7d0e3af2,2026-05-31T21:31:55.565040+00:00,2026-05-31T21:35:30.033370+00:00
results/revision/revision_full_20260531_cluster/revision_full_20260531_cluster__method-qnspsa_psr__ansatz-RealAmplitudes__n-10__h-2p0__seed-6,qnspsa_psr,QN-SPSA+PSR,10,2.0,1.0,RealAmplitudes,2,reverse_linear,500,0.01,,6,-21.130450486687895,-21.130450486687895,0.14075833200800858,0.14075833200800858,0.006617317013233957,0.006617317013233957,500,-21.271208818695904,32000,189.69039463996887,840a9c354e2bc6ed89941ba7d943831d7d0e3af2,2026-05-31T21:32:32.493469+00:00,2026-05-31T21:35:42.183927+00:00
results/revision/revision_full_20260531_cluster/revision_full_20260531_cluster__method-qnspsa_psr__ansatz-RealAmplitudes__n-11__h-2p0__seed-0,qnspsa_psr,QN-SPSA+PSR,11,2.0,1.0,RealAmplitudes,2,reverse_linear,500,0.01,,0,-23.23236517478591,-23.23236517478591,0.16576389053748386,0.16576389053748386,0.007084493382983772,0.007084493382983772,500,-23.398129065323396,35000,278.0367691516876,840a9c354e2bc6ed89941ba7d943831d7d0e3af2,2026-05-31T21:32:39.006254+00:00,2026-05-31T21:37:17.043234+00:00
results/revision/revision_full_20260531_cluster/revision_full_20260531_cluster__method-qnspsa_psr__ansatz-RealAmplitudes__n-11__h-2p0__seed-1,qnspsa_psr,QN-SPSA+PSR,11,2.0,1.0,RealAmplitudes,2,reverse_linear,500,0.01,,1,-22.119038244581382,-22.119038244581382,1.279090820742013,1.279090820742013,0.05466637170737113,0.05466637170737113,500,-23.398129065323396,35000,296.8427267074585,840a9c354e2bc6ed89941ba7d943831d7d0e3af2,2026-05-31T21:32:43.121309+00:00,2026-05-31T21:37:39.964262+00:00
results/revision/revision_full_20260531_cluster/revision_full_20260531_cluster__method-qnspsa_psr__ansatz-RealAmplitudes__n-11__h-2p0__seed-2,qnspsa_psr,QN-SPSA+PSR,11,2.0,1.0,RealAmplitudes,2,reverse_linear,500,0.01,,2,-23.265090056882897,-23.265090056882897,0.1330390084404982,0.1330390084404982,0.005685882322859108,0.005685882322859108,500,-23.398129065323396,35000,303.57825803756714,840a9c354e2bc6ed89941ba7d943831d7d0e3af2,2026-05-31T21:32:53.976372+00:00,2026-05-31T21:37:57.554852+00:00
results/revision/revision_full_20260531_cluster/revision_full_20260531_cluster__method-qnspsa_psr__ansatz-RealAmplitudes__n-11__h-2p0__seed-3,qnspsa_psr,QN-SPSA+PSR,11,2.0,1.0,RealAmplitudes,2,reverse_linear,500,0.01,,3,-23.240459028343043,-23.240459028343043,0.15767003698035253,0.15767003698035253,0.006738574547570276,0.006738574547570276,500,-23.398129065323396,35000,291.3014805316925,840a9c354e2bc6ed89941ba7d943831d7d0e3af2,2026-05-31T21:33:53.529502+00:00,2026-05-31T21:38:44.831193+00:00
results/revision/revision_full_20260531_cluster/revision_full_20260531_cluster__method-qnspsa_psr__ansatz-RealAmplitudes__n-11__h-2p0__seed-4,qnspsa_psr,QN-SPSA+PSR,11,2.0,1.0,RealAmplitudes,2,reverse_linear,500,0.01,,4,-23.261314691405584,-23.261314691405584,0.1368143739178116,0.1368143739178116,0.005847235628791102,0.005847235628791102,500,-23.398129065323396,35000,289.7824728488922,840a9c354e2bc6ed89941ba7d943831d7d0e3af2,2026-05-31T21:34:05.482748+00:00,2026-05-31T21:38:55.265520+00:00
results/revision/revision_full_20260531_cluster/revision_full_20260531_cluster__method-qnspsa_psr__ansatz-RealAmplitudes__n-11__h-2p0__seed-5,qnspsa_psr,QN-SPSA+PSR,11,2.0,1.0,RealAmplitudes,2,reverse_linear,500,0.01,,5,-23.203607442041854,-23.203607442041854,0.19452162328154188,0.19452162328154188,0.008313554589705539,0.008313554589705539,500,-23.398129065323396,35000,307.6350004673004,840a9c354e2bc6ed89941ba7d943831d7d0e3af2,2026-05-31T21:34:16.785620+00:00,2026-05-31T21:39:24.420858+00:00
results/revision/revision_full_20260531_cluster/revision_full_20260531_cluster__method-qnspsa_psr__ansatz-RealAmplitudes__n-11__h-2p0__seed-6,qnspsa_psr,QN-SPSA+PSR,11,2.0,1.0,RealAmplitudes,2,reverse_linear,500,0.01,,6,-22.834820279806756,-22.834820279806756,0.5633087855166394,0.5633087855166394,0.02407494992202077,0.02407494992202077,500,-23.398129065323396,35000,289.55313372612,840a9c354e2bc6ed89941ba7d943831d7d0e3af2,2026-05-31T21:34:50.988876+00:00,2026-05-31T21:39:40.542252+00:00
results/revision/revision_full_20260531_cluster/revision_full_20260531_cluster__method-qnspsa_psr__ansatz-RealAmplitudes__n-12__h-2p0__seed-0,qnspsa_psr,QN-SPSA+PSR,12,2.0,1.0,RealAmplitudes,2,reverse_linear,500,0.01,,0,-25.367254675408116,-25.367254675408116,0.1578836266399044,0.1578836266399044,0.006185417088503554,0.006185417088503554,500,-25.52513830204802,38000,501.2376317977905,840a9c354e2bc6ed89941ba7d943831d7d0e3af2,2026-05-31T21:35:14.207136+00:00,2026-05-31T21:43:35.444963+00:00
results/revision/revision_full_20260531_cluster/revision_full_20260531_cluster__method-qnspsa_psr__ansatz-RealAmplitudes__n-12__h-2p0__seed-1,qnspsa_psr,QN-SPSA+PSR,12,2.0,1.0,RealAmplitudes,2,reverse_linear,500,0.01,,1,-25.387528465379507,-25.387528465379507,0.13760983666851345,0.13760983666851345,0.0053911495028989625,0.0053911495028989625,500,-25.52513830204802,38000,415.39073157310486,840a9c354e2bc6ed89941ba7d943831d7d0e3af2,2026-05-31T21:35:50.041903+00:00,2026-05-31T21:42:45.433002+00:00
results/revision/revision_full_20260531_cluster/revision_full_20260531_cluster__method-qnspsa_psr__ansatz-RealAmplitudes__n-12__h-2p0__seed-2,qnspsa_psr,QN-SPSA+PSR,12,2.0,1.0,RealAmplitudes,2,reverse_linear,500,0.01,,2,-25.376773138884772,-25.376773138884772,0.14836516316324833,0.14836516316324833,0.005812511627070956,0.005812511627070956,500,-25.52513830204802,38000,449.03899097442627,840a9c354e2bc6ed89941ba7d943831d7d0e3af2,2026-05-31T21:36:05.536608+00:00,2026-05-31T21:43:34.575805+00:00
results/revision/revision_full_20260531_cluster/revision_full_20260531_cluster__method-qnspsa_psr__ansatz-RealAmplitudes__n-12__h-2p0__seed-3,qnspsa_psr,QN-SPSA+PSR,12,2.0,1.0,RealAmplitudes,2,reverse_linear,500,0.01,,3,-25.380630416813368,-25.380630416813368,0.14450788523465263,0.14450788523465263,0.005661394799300969,0.005661394799300969,500,-25.52513830204802,38000,450.91152119636536,840a9c354e2bc6ed89941ba7d943831d7d0e3af2,2026-05-31T21:37:36.402232+00:00,2026-05-31T21:45:07.314006+00:00
results/revision/revision_full_20260531_cluster/revision_full_20260531_cluster__method-qnspsa_psr__ansatz-RealAmplitudes__n-12__h-2p0__seed-4,qnspsa_psr,QN-SPSA+PSR,12,2.0,1.0,RealAmplitudes,2,reverse_linear,500,0.01,,4,-25.377579784912815,-25.377579784912815,0.14755851713520585,0.14755851713520585,0.005780909603273978,0.005780909603273978,500,-25.52513830204802,38000,415.31123518943787,840a9c354e2bc6ed89941ba7d943831d7d0e3af2,2026-05-31T21:37:56.916085+00:00,2026-05-31T21:44:52.227620+00:00
results/revision/revision_full_20260531_cluster/revision_full_20260531_cluster__method-qnspsa_psr__ansatz-RealAmplitudes__n-12__h-2p0__seed-5,qnspsa_psr,QN-SPSA+PSR,12,2.0,1.0,RealAmplitudes,2,reverse_linear,500,0.01,,5,-25.380937071205718,-25.380937071205718,0.1442012308423024,0.1442012308423024,0.005649380980268082,0.005649380980268082,500,-25.52513830204802,38000,407.92564392089844,840a9c354e2bc6ed89941ba7d943831d7d0e3af2,2026-05-31T21:38:16.294240+00:00,2026-05-31T21:45:04.220102+00:00
results/revision/revision_full_20260531_cluster/revision_full_20260531_cluster__method-qnspsa_psr__ansatz-RealAmplitudes__n-12__h-2p0__seed-6,qnspsa_psr,QN-SPSA+PSR,12,2.0,1.0,RealAmplitudes,2,reverse_linear,500,0.01,,6,-25.21014108156332,-25.21014108156332,0.3149972204846989,0.3149972204846989,0.012340666552213156,0.012340666552213156,500,-25.52513830204802,38000,389.8976616859436,840a9c354e2bc6ed89941ba7d943831d7d0e3af2,2026-05-31T21:39:01.666627+00:00,2026-05-31T21:45:31.564631+00:00
results/revision/revision_full_20260531_cluster/revision_full_20260531_cluster__method-qnspsa_psr__ansatz-RealAmplitudes__n-6__h-2p0__seed-0,qnspsa_psr,QN-SPSA+PSR,6,2.0,1.0,RealAmplitudes,2,reverse_linear,500,0.01,,0,-12.607536136940514,-12.607536136940514,0.16185299026681577,0.16185299026681577,0.012675076987195947,0.012675076987195947,500,-12.76938912720733,20000,99.21385264396667,840a9c354e2bc6ed89941ba7d943831d7d0e3af2,2026-05-31T21:24:41.574528+00:00,2026-05-31T21:26:20.788460+00:00
results/revision/revision_full_20260531_cluster/revision_full_20260531_cluster__method-qnspsa_psr__ansatz-RealAmplitudes__n-6__h-2p0__seed-1,qnspsa_psr,QN-SPSA+PSR,6,2.0,1.0,RealAmplitudes,2,reverse_linear,500,0.01,,1,-12.630679137604128,-12.630679137604128,0.13870998960320158,0.13870998960320158,0.010862695797064923,0.010862695797064923,500,-12.76938912720733,20000,103.60540628433228,840a9c354e2bc6ed89941ba7d943831d7d0e3af2,2026-05-31T21:24:42.859448+00:00,2026-05-31T21:26:26.465120+00:00
results/revision/revision_full_20260531_cluster/revision_full_20260531_cluster__method-qnspsa_psr__ansatz-RealAmplitudes__n-6__h-2p0__seed-2,qnspsa_psr,QN-SPSA+PSR,6,2.0,1.0,RealAmplitudes,2,reverse_linear,500,0.01,,2,-12.595924315563787,-12.595924315563787,0.17346481164354266,0.17346481164354266,0.013584425215294498,0.013584425215294498,500,-12.76938912720733,20000,97.54885411262512,840a9c354e2bc6ed89941ba7d943831d7d0e3af2,2026-05-31T21:24:44.059693+00:00,2026-05-31T21:26:21.608635+00:00
results/revision/revision_full_20260531_cluster/revision_full_20260531_cluster__method-qnspsa_psr__ansatz-RealAmplitudes__n-6__h-2p0__seed-3,qnspsa_psr,QN-SPSA+PSR,6,2.0,1.0,RealAmplitudes,2,reverse_linear,500,0.01,,3,-12.612539744682115,-12.612539744682115,0.1568493825252144,0.1568493825252144,0.012283233047618577,0.012283233047618577,500,-12.76938912720733,20000,94.24337720870972,840a9c354e2bc6ed89941ba7d943831d7d0e3af2,2026-05-31T21:25:28.596166+00:00,2026-05-31T21:27:02.839599+00:00
results/revision/revision_full_20260531_cluster/revision_full_20260531_cluster__method-qnspsa_psr__ansatz-RealAmplitudes__n-6__h-2p0__seed-4,qnspsa_psr,QN-SPSA+PSR,6,2.0,1.0,RealAmplitudes,2,reverse_linear,500,0.01,,4,-12.633247426543841,-12.633247426543841,0.1361417006634884,0.1361417006634884,0.010661567229822736,0.010661567229822736,500,-12.76938912720733,20000,91.87546896934509,840a9c354e2bc6ed89941ba7d943831d7d0e3af2,2026-05-31T21:25:29.709691+00:00,2026-05-31T21:27:01.585234+00:00
results/revision/revision_full_20260531_cluster/revision_full_20260531_cluster__method-qnspsa_psr__ansatz-RealAmplitudes__n-6__h-2p0__seed-5,qnspsa_psr,QN-SPSA+PSR,6,2.0,1.0,RealAmplitudes,2,reverse_linear,500,0.01,,5,-12.633979502749597,-12.633979502749597,0.13540962445773275,0.13540962445773275,0.010604236671683831,0.010604236671683831,500,-12.76938912720733,20000,92.37146139144897,840a9c354e2bc6ed89941ba7d943831d7d0e3af2,2026-05-31T21:26:05.647143+00:00,2026-05-31T21:27:38.018678+00:00
results/revision/revision_full_20260531_cluster/revision_full_20260531_cluster__method-qnspsa_psr__ansatz-RealAmplitudes__n-6__h-2p0__seed-6,qnspsa_psr,QN-SPSA+PSR,6,2.0,1.0,RealAmplitudes,2,reverse_linear,500,0.01,,6,-12.348286281378035,-12.348286281378035,0.421102845829294,0.421102845829294,0.032977524737817225,0.032977524737817225,500,-12.76938912720733,20000,94.47643423080444,840a9c354e2bc6ed89941ba7d943831d7d0e3af2,2026-05-31T21:26:06.273881+00:00,2026-05-31T21:27:40.750379+00:00
results/revision/revision_full_20260531_cluster/revision_full_20260531_cluster__method-qnspsa_psr__ansatz-RealAmplitudes__n-7__h-2p0__seed-0,qnspsa_psr,QN-SPSA+PSR,7,2.0,1.0,RealAmplitudes,2,reverse_linear,500,0.01,,0,-14.732068187645195,-14.732068187645195,0.16069111205927378,0.16069111205927378,0.01078988176908644,0.01078988176908644,500,-14.892759299704469,23000,106.9129786491394,840a9c354e2bc6ed89941ba7d943831d7d0e3af2,2026-05-31T21:26:07.616426+00:00,2026-05-31T21:27:54.529480+00:00
results/revision/revision_full_20260531_cluster/revision_full_20260531_cluster__method-qnspsa_psr__ansatz-RealAmplitudes__n-7__h-2p0__seed-1,qnspsa_psr,QN-SPSA+PSR,7,2.0,1.0,RealAmplitudes,2,reverse_linear,500,0.01,,1,-14.735160423817828,-14.735160423817828,0.15759887588664157,0.15759887588664157,0.010582248239906016,0.010582248239906016,500,-14.892759299704469,23000,111.1753990650177,840a9c354e2bc6ed89941ba7d943831d7d0e3af2,2026-05-31T21:26:24.362312+00:00,2026-05-31T21:28:15.537772+00:00
results/revision/revision_full_20260531_cluster/revision_full_20260531_cluster__method-qnspsa_psr__ansatz-RealAmplitudes__n-7__h-2p0__seed-2,qnspsa_psr,QN-SPSA+PSR,7,2.0,1.0,RealAmplitudes,2,reverse_linear,500,0.01,,2,-14.75795325174871,-14.75795325174871,0.13480604795575957,0.13480604795575957,0.009051784511043205,0.009051784511043205,500,-14.892759299704469,23000,108.60983967781067,840a9c354e2bc6ed89941ba7d943831d7d0e3af2,2026-05-31T21:26:25.041147+00:00,2026-05-31T21:28:13.651037+00:00
results/revision/revision_full_20260531_cluster/revision_full_20260531_cluster__method-qnspsa_psr__ansatz-RealAmplitudes__n-7__h-2p0__seed-3,qnspsa_psr,QN-SPSA+PSR,7,2.0,1.0,RealAmplitudes,2,reverse_linear,500,0.01,,3,-14.361435565721514,-14.361435565721514,0.5313237339829548,0.5313237339829548,0.035676648181206985,0.035676648181206985,500,-14.892759299704469,23000,106.27222967147827,840a9c354e2bc6ed89941ba7d943831d7d0e3af2,2026-05-31T21:26:28.950070+00:00,2026-05-31T21:28:15.222352+00:00
results/revision/revision_full_20260531_cluster/revision_full_20260531_cluster__method-qnspsa_psr__ansatz-RealAmplitudes__n-7__h-2p0__seed-4,qnspsa_psr,QN-SPSA+PSR,7,2.0,1.0,RealAmplitudes,2,reverse_linear,500,0.01,,4,-14.754825364095819,-14.754825364095819,0.13793393560865042,0.13793393560865042,0.009261811920332827,0.009261811920332827,500,-14.892759299704469,23000,104.62923502922058,840a9c354e2bc6ed89941ba7d943831d7d0e3af2,2026-05-31T21:27:03.837734+00:00,2026-05-31T21:28:48.467036+00:00
results/revision/revision_full_20260531_cluster/revision_full_20260531_cluster__method-qnspsa_psr__ansatz-RealAmplitudes__n-7__h-2p0__seed-5,qnspsa_psr,QN-SPSA+PSR,7,2.0,1.0,RealAmplitudes,2,reverse_linear,500,0.01,,5,-14.741329301144253,-14.741329301144253,0.1514299985602161,0.1514299985602161,0.010168028335972709,0.010168028335972709,500,-14.892759299704469,23000,104.75103378295898,840a9c354e2bc6ed89941ba7d943831d7d0e3af2,2026-05-31T21:27:06.404469+00:00,2026-05-31T21:28:51.155600+00:00
results/revision/revision_full_20260531_cluster/revision_full_20260531_cluster__method-qnspsa_psr__ansatz-RealAmplitudes__n-7__h-2p0__seed-6,qnspsa_psr,QN-SPSA+PSR,7,2.0,1.0,RealAmplitudes,2,reverse_linear,500,0.01,,6,-14.757048894149754,-14.757048894149754,0.1357104055547147,0.1357104055547147,0.009112509161241043,0.009112509161241043,500,-14.892759299704469,23000,103.70192432403564,840a9c354e2bc6ed89941ba7d943831d7d0e3af2,2026-05-31T21:27:23.056861+00:00,2026-05-31T21:29:06.758845+00:00
results/revision/revision_full_20260531_cluster/revision_full_20260531_cluster__method-qnspsa_psr__ansatz-RealAmplitudes__n-8__h-2p0__seed-0,qnspsa_psr,QN-SPSA+PSR,8,2.0,1.0,RealAmplitudes,2,reverse_linear,500,0.01,,0,-16.874377644196425,-16.874377644196425,0.14378682608411353,0.14378682608411353,0.008449020829197759,0.008449020829197759,500,-17.01816447028054,26000,134.14855670928955,840a9c354e2bc6ed89941ba7d943831d7d0e3af2,2026-05-31T21:27:40.828335+00:00,2026-05-31T21:29:54.976950+00:00
results/revision/revision_full_20260531_cluster/revision_full_20260531_cluster__method-qnspsa_psr__ansatz-RealAmplitudes__n-8__h-2p0__seed-1,qnspsa_psr,QN-SPSA+PSR,8,2.0,1.0,RealAmplitudes,2,reverse_linear,500,0.01,,1,-16.248926846065487,-16.248926846065487,0.7692376242150516,0.7692376242150516,0.04520097485004333,0.04520097485004333,500,-17.01816447028054,26000,130.9075746536255,840a9c354e2bc6ed89941ba7d943831d7d0e3af2,2026-05-31T21:27:43.909150+00:00,2026-05-31T21:29:54.816776+00:00
results/revision/revision_full_20260531_cluster/revision_full_20260531_cluster__method-qnspsa_psr__ansatz-RealAmplitudes__n-8__h-2p0__seed-2,qnspsa_psr,QN-SPSA+PSR,8,2.0,1.0,RealAmplitudes,2,reverse_linear,500,0.01,,2,-14.568841014677908,-14.568841014677908,2.449323455602631,2.449323455602631,0.1439240677148218,0.1439240677148218,500,-17.01816447028054,26000,128.41204190254211,840a9c354e2bc6ed89941ba7d943831d7d0e3af2,2026-05-31T21:27:55.489195+00:00,2026-05-31T21:30:03.901348+00:00
results/revision/revision_full_20260531_cluster/revision_full_20260531_cluster__method-qnspsa_psr__ansatz-RealAmplitudes__n-8__h-2p0__seed-3,qnspsa_psr,QN-SPSA+PSR,8,2.0,1.0,RealAmplitudes,2,reverse_linear,500,0.01,,3,-16.881640316499844,-16.881640316499844,0.1365241537806945,0.1365241537806945,0.008022260803690772,0.008022260803690772,500,-17.01816447028054,26000,125.52030944824219,840a9c354e2bc6ed89941ba7d943831d7d0e3af2,2026-05-31T21:27:57.619231+00:00,2026-05-31T21:30:03.139593+00:00
results/revision/revision_full_20260531_cluster/revision_full_20260531_cluster__method-qnspsa_psr__ansatz-RealAmplitudes__n-8__h-2p0__seed-4,qnspsa_psr,QN-SPSA+PSR,8,2.0,1.0,RealAmplitudes,2,reverse_linear,500,0.01,,4,-16.842257702494212,-16.842257702494212,0.1759067677863264,0.1759067677863264,0.010336412489932098,0.010336412489932098,500,-17.01816447028054,26000,124.25076580047607,840a9c354e2bc6ed89941ba7d943831d7d0e3af2,2026-05-31T21:28:15.980335+00:00,2026-05-31T21:30:20.231149+00:00
results/revision/revision_full_20260531_cluster/revision_full_20260531_cluster__method-qnspsa_psr__ansatz-RealAmplitudes__n-8__h-2p0__seed-5,qnspsa_psr,QN-SPSA+PSR,8,2.0,1.0,RealAmplitudes,2,reverse_linear,500,0.01,,5,-16.86316503059527,-16.86316503059527,0.15499943968526964,0.15499943968526964,0.009107882342772688,0.009107882342772688,500,-17.01816447028054,26000,122.94415712356567,840a9c354e2bc6ed89941ba7d943831d7d0e3af2,2026-05-31T21:28:17.479190+00:00,2026-05-31T21:30:20.423394+00:00
results/revision/revision_full_20260531_cluster/revision_full_20260531_cluster__method-qnspsa_psr__ansatz-RealAmplitudes__n-8__h-2p0__seed-6,qnspsa_psr,QN-SPSA+PSR,8,2.0,1.0,RealAmplitudes,2,reverse_linear,500,0.01,,6,-16.47608622268607,-16.47608622268607,0.5420782475944677,0.5420782475944677,0.03185292095050082,0.03185292095050082,500,-17.01816447028054,26000,123.8527283668518,840a9c354e2bc6ed89941ba7d943831d7d0e3af2,2026-05-31T21:28:19.015258+00:00,2026-05-31T21:30:22.868050+00:00
results/revision/revision_full_20260531_cluster/revision_full_20260531_cluster__method-qnspsa_psr__ansatz-RealAmplitudes__n-9__h-2p0__seed-0,qnspsa_psr,QN-SPSA+PSR,9,2.0,1.0,RealAmplitudes,2,reverse_linear,500,0.01,,0,-19.001260272894502,-19.001260272894502,0.14321929898494545,0.14321929898494545,0.007480971130461781,0.007480971130461781,500,-19.144479571879447,29000,152.6448335647583,840a9c354e2bc6ed89941ba7d943831d7d0e3af2,2026-05-31T21:28:51.003892+00:00,2026-05-31T21:31:23.648789+00:00
results/revision/revision_full_20260531_cluster/revision_full_20260531_cluster__method-qnspsa_psr__ansatz-RealAmplitudes__n-9__h-2p0__seed-1,qnspsa_psr,QN-SPSA+PSR,9,2.0,1.0,RealAmplitudes,2,reverse_linear,500,0.01,,1,-19.002498449895647,-19.002498449895647,0.1419811219838003,0.1419811219838003,0.007416295723825819,0.007416295723825819,500,-19.144479571879447,29000,156.7191002368927,840a9c354e2bc6ed89941ba7d943831d7d0e3af2,2026-05-31T21:28:54.902504+00:00,2026-05-31T21:31:31.621665+00:00
results/revision/revision_full_20260531_cluster/revision_full_20260531_cluster__method-qnspsa_psr__ansatz-RealAmplitudes__n-9__h-2p0__seed-2,qnspsa_psr,QN-SPSA+PSR,9,2.0,1.0,RealAmplitudes,2,reverse_linear,500,0.01,,2,-18.997653854726906,-18.997653854726906,0.14682571715254156,0.14682571715254156,0.007669350143537353,0.007669350143537353,500,-19.144479571879447,29000,161.28221726417542,840a9c354e2bc6ed89941ba7d943831d7d0e3af2,2026-05-31T21:29:09.332604+00:00,2026-05-31T21:31:50.614889+00:00
results/revision/revision_full_20260531_cluster/revision_full_20260531_cluster__method-qnspsa_psr__ansatz-RealAmplitudes__n-9__h-2p0__seed-3,qnspsa_psr,QN-SPSA+PSR,9,2.0,1.0,RealAmplitudes,2,reverse_linear,500,0.01,,3,-18.996373795279258,-18.996373795279258,0.14810577660018964,0.14810577660018964,0.007736213253753643,0.007736213253753643,500,-19.144479571879447,29000,155.93975520133972,840a9c354e2bc6ed89941ba7d943831d7d0e3af2,2026-05-31T21:29:58.715101+00:00,2026-05-31T21:32:34.654912+00:00
results/revision/revision_full_20260531_cluster/revision_full_20260531_cluster__method-qnspsa_psr__ansatz-RealAmplitudes__n-9__h-2p0__seed-4,qnspsa_psr,QN-SPSA+PSR,9,2.0,1.0,RealAmplitudes,2,reverse_linear,500,0.01,,4,-18.963395799979846,-18.963395799979846,0.18108377189960123,0.18108377189960123,0.00945879835592856,0.00945879835592856,500,-19.144479571879447,29000,150.38545966148376,840a9c354e2bc6ed89941ba7d943831d7d0e3af2,2026-05-31T21:29:59.111064+00:00,2026-05-31T21:32:29.496573+00:00
results/revision/revision_full_20260531_cluster/revision_full_20260531_cluster__method-qnspsa_psr__ansatz-RealAmplitudes__n-9__h-2p0__seed-5,qnspsa_psr,QN-SPSA+PSR,9,2.0,1.0,RealAmplitudes,2,reverse_linear,500,0.01,,5,-18.78562125526323,-18.78562125526323,0.35885831661621737,0.35885831661621737,0.018744741285280475,0.018744741285280475,500,-19.144479571879447,29000,161.5271508693695,840a9c354e2bc6ed89941ba7d943831d7d0e3af2,2026-05-31T21:30:05.838577+00:00,2026-05-31T21:32:47.365793+00:00
results/revision/revision_full_20260531_cluster/revision_full_20260531_cluster__method-qnspsa_psr__ansatz-RealAmplitudes__n-9__h-2p0__seed-6,qnspsa_psr,QN-SPSA+PSR,9,2.0,1.0,RealAmplitudes,2,reverse_linear,500,0.01,,6,-18.882842319050585,-18.882842319050585,0.2616372528288622,0.2616372528288622,0.013666459401339412,0.013666459401339412,500,-19.144479571879447,29000,149.88425493240356,840a9c354e2bc6ed89941ba7d943831d7d0e3af2,2026-05-31T21:30:07.828420+00:00,2026-05-31T21:32:37.712744+00:00
results/revision/revision_full_20260531_cluster/revision_full_20260531_cluster__method-qnspsa_spsa__ansatz-RealAmplitudes__n-10__h-2p0__seed-0,qnspsa_spsa,QN-SPSA+SPSA,10,2.0,1.0,RealAmplitudes,2,reverse_linear,500,0.01,,0,-18.432626980103137,-18.432626980103137,2.8385818385927664,2.8385818385927664,0.13344713329586852,0.13344713329586852,500,-21.271208818695904,3000,642.8176598548889,840a9c354e2bc6ed89941ba7d943831d7d0e3af2,2026-05-31T21:50:25.088808+00:00,2026-05-31T22:01:07.906504+00:00
results/revision/revision_full_20260531_cluster/revision_full_20260531_cluster__method-qnspsa_spsa__ansatz-RealAmplitudes__n-10__h-2p0__seed-1,qnspsa_spsa,QN-SPSA+SPSA,10,2.0,1.0,RealAmplitudes,2,reverse_linear,500,0.01,,1,-17.608353652164226,-17.608353652164226,3.6628551665316778,3.6628551665316778,0.17219779081442163,0.17219779081442163,500,-21.271208818695904,3000,532.3192746639252,840a9c354e2bc6ed89941ba7d943831d7d0e3af2,2026-05-31T21:50:29.460056+00:00,2026-05-31T21:59:21.779370+00:00
results/revision/revision_full_20260531_cluster/revision_full_20260531_cluster__method-qnspsa_spsa__ansatz-RealAmplitudes__n-10__h-2p0__seed-2,qnspsa_spsa,QN-SPSA+SPSA,10,2.0,1.0,RealAmplitudes,2,reverse_linear,500,0.01,,2,-16.328375714905608,-16.52675078514064,4.942833103790296,4.744458033555265,0.2323719891013383,0.22304599959477708,499,-21.271208818695904,3000,784.0886569023132,840a9c354e2bc6ed89941ba7d943831d7d0e3af2,2026-05-31T21:51:05.511655+00:00,2026-05-31T22:04:09.600355+00:00
results/revision/revision_full_20260531_cluster/revision_full_20260531_cluster__method-qnspsa_spsa__ansatz-RealAmplitudes__n-10__h-2p0__seed-3,qnspsa_spsa,QN-SPSA+SPSA,10,2.0,1.0,RealAmplitudes,2,reverse_linear,500,0.01,,3,-17.72681165112522,-17.789194885039848,3.5443971675706827,3.482013933656056,0.16662885488930962,0.16369610036433893,444,-21.271208818695904,3000,731.9408812522888,840a9c354e2bc6ed89941ba7d943831d7d0e3af2,2026-05-31T21:52:57.740337+00:00,2026-05-31T22:05:09.681255+00:00
results/revision/revision_full_20260531_cluster/revision_full_20260531_cluster__method-qnspsa_spsa__ansatz-RealAmplitudes__n-10__h-2p0__seed-4,qnspsa_spsa,QN-SPSA+SPSA,10,2.0,1.0,RealAmplitudes,2,reverse_linear,500,0.01,,4,-17.85195562278243,-18.06464326863363,3.4192531959134733,3.2065655500622725,0.160745598666127,0.15074674774683824,372,-21.271208818695904,3000,360.2963569164276,840a9c354e2bc6ed89941ba7d943831d7d0e3af2,2026-05-31T21:54:01.596160+00:00,2026-05-31T22:00:01.892557+00:00
results/revision/revision_full_20260531_cluster/revision_full_20260531_cluster__method-qnspsa_spsa__ansatz-RealAmplitudes__n-10__h-2p0__seed-5,qnspsa_spsa,QN-SPSA+SPSA,10,2.0,1.0,RealAmplitudes,2,reverse_linear,500,0.01,,5,-19.429655737804513,-19.429655737804513,1.8415530808913907,1.8415530808913907,0.0865749143167075,0.0865749143167075,500,-21.271208818695904,3000,530.9674015045166,840a9c354e2bc6ed89941ba7d943831d7d0e3af2,2026-05-31T21:54:47.776588+00:00,2026-05-31T22:03:38.744029+00:00
results/revision/revision_full_20260531_cluster/revision_full_20260531_cluster__method-qnspsa_spsa__ansatz-RealAmplitudes__n-10__h-2p0__seed-6,qnspsa_spsa,QN-SPSA+SPSA,10,2.0,1.0,RealAmplitudes,2,reverse_linear,500,0.01,,6,-18.190922353978102,-19.25079173019008,3.080286464717801,2.0204170885058232,0.14481012766939907,0.09498365164512973,397,-21.271208818695904,3000,578.0102741718292,840a9c354e2bc6ed89941ba7d943831d7d0e3af2,2026-05-31T21:55:23.806322+00:00,2026-05-31T22:05:01.816633+00:00
results/revision/revision_full_20260531_cluster/revision_full_20260531_cluster__method-qnspsa_spsa__ansatz-RealAmplitudes__n-11__h-2p0__seed-0,qnspsa_spsa,QN-SPSA+SPSA,11,2.0,1.0,RealAmplitudes,2,reverse_linear,500,0.01,,0,-18.352029597783343,-18.427308924758407,5.046099467540053,4.970820140564989,0.21566251957377638,0.21244519707910609,495,-23.398129065323396,3000,617.593211889267,840a9c354e2bc6ed89941ba7d943831d7d0e3af2,2026-05-31T21:55:39.991181+00:00,2026-05-31T22:05:57.584435+00:00
results/revision/revision_full_20260531_cluster/revision_full_20260531_cluster__method-qnspsa_spsa__ansatz-RealAmplitudes__n-11__h-2p0__seed-1,qnspsa_spsa,QN-SPSA+SPSA,11,2.0,1.0,RealAmplitudes,2,reverse_linear,500,0.01,,1,-19.193051106547568,-19.49500148438905,4.205077958775828,3.9031275809343455,0.17971855557493513,0.16681366147000518,432,-23.398129065323396,3000,1437.6809186935425,840a9c354e2bc6ed89941ba7d943831d7d0e3af2,2026-05-31T21:58:27.278966+00:00,2026-05-31T22:22:24.959925+00:00
results/revision/revision_full_20260531_cluster/revision_full_20260531_cluster__method-qnspsa_spsa__ansatz-RealAmplitudes__n-11__h-2p0__seed-2,qnspsa_spsa,QN-SPSA+SPSA,11,2.0,1.0,RealAmplitudes,2,reverse_linear,500,0.01,,2,-19.64080002045122,-19.727731056103526,3.7573290448721757,3.67039800921987,0.16058245658797693,0.1568671580096329,469,-23.398129065323396,3000,878.0441448688507,840a9c354e2bc6ed89941ba7d943831d7d0e3af2,2026-05-31T21:59:34.550242+00:00,2026-05-31T22:14:12.594497+00:00
results/revision/revision_full_20260531_cluster/revision_full_20260531_cluster__method-qnspsa_spsa__ansatz-RealAmplitudes__n-11__h-2p0__seed-3,qnspsa_spsa,QN-SPSA+SPSA,11,2.0,1.0,RealAmplitudes,2,reverse_linear,500,0.01,,3,-16.44551177950593,-18.790483332121457,6.952617285817464,4.607645733201938,0.2971441548342177,0.19692368224562803,481,-23.398129065323396,3000,983.3147497177124,840a9c354e2bc6ed89941ba7d943831d7d0e3af2,2026-05-31T22:00:08.403603+00:00,2026-05-31T22:16:31.718416+00:00
results/revision/revision_full_20260531_cluster/revision_full_20260531_cluster__method-qnspsa_spsa__ansatz-RealAmplitudes__n-11__h-2p0__seed-4,qnspsa_spsa,QN-SPSA+SPSA,11,2.0,1.0,RealAmplitudes,2,reverse_linear,500,0.01,,4,-17.712920768389147,-17.712920768389147,5.685208296934249,5.685208296934249,0.24297704662890623,0.24297704662890623,500,-23.398129065323396,3000,834.355566740036,840a9c354e2bc6ed89941ba7d943831d7d0e3af2,2026-05-31T22:01:24.965352+00:00,2026-05-31T22:15:19.320963+00:00
results/revision/revision_full_20260531_cluster/revision_full_20260531_cluster__method-qnspsa_spsa__ansatz-RealAmplitudes__n-11__h-2p0__seed-5,qnspsa_spsa,QN-SPSA+SPSA,11,2.0,1.0,RealAmplitudes,2,reverse_linear,500,0.01,,5,-17.682651907358782,-18.76250824264973,5.715477157964614,4.6356208226736655,0.24427069113124483,0.19811929448426582,485,-23.398129065323396,3000,876.3035762310028,840a9c354e2bc6ed89941ba7d943831d7d0e3af2,2026-05-31T22:01:33.541844+00:00,2026-05-31T22:16:09.845460+00:00
results/revision/revision_full_20260531_cluster/revision_full_20260531_cluster__method-qnspsa_spsa__ansatz-RealAmplitudes__n-11__h-2p0__seed-6,qnspsa_spsa,QN-SPSA+SPSA,11,2.0,1.0,RealAmplitudes,2,reverse_linear,500,0.01,,6,-15.762977280071958,-16.533604664489467,7.635151785251438,6.864524400833929,0.3263146281455008,0.2933792006048605,413,-23.398129065323396,3000,600.3570175170898,840a9c354e2bc6ed89941ba7d943831d7d0e3af2,2026-05-31T22:03:55.733343+00:00,2026-05-31T22:13:56.090408+00:00
results/revision/revision_full_20260531_cluster/revision_full_20260531_cluster__method-qnspsa_spsa__ansatz-RealAmplitudes__n-12__h-2p0__seed-0,qnspsa_spsa,QN-SPSA+SPSA,12,2.0,1.0,RealAmplitudes,2,reverse_linear,500,0.01,,0,-19.061286811167136,-20.16131177527288,6.463851490880884,5.363826526775142,0.25323472940251435,0.21013897998526312,491,-25.52513830204802,3000,1880.5904276371002,840a9c354e2bc6ed89941ba7d943831d7d0e3af2,2026-05-31T22:04:33.718856+00:00,2026-05-31T22:35:54.309324+00:00
results/revision/revision_full_20260531_cluster/revision_full_20260531_cluster__method-qnspsa_spsa__ansatz-RealAmplitudes__n-12__h-2p0__seed-1,qnspsa_spsa,QN-SPSA+SPSA,12,2.0,1.0,RealAmplitudes,2,reverse_linear,500,0.01,,1,-19.160059884268854,-19.31569693616947,6.365078417779166,6.209441365878551,0.24936509030661988,0.24326768742249413,487,-25.52513830204802,3000,2021.4727561473846,840a9c354e2bc6ed89941ba7d943831d7d0e3af2,2026-05-31T22:05:22.838067+00:00,2026-05-31T22:39:04.310886+00:00
results/revision/revision_full_20260531_cluster/revision_full_20260531_cluster__method-qnspsa_spsa__ansatz-RealAmplitudes__n-12__h-2p0__seed-2,qnspsa_spsa,QN-SPSA+SPSA,12,2.0,1.0,RealAmplitudes,2,reverse_linear,500,0.01,,2,-17.681305957470865,-18.224458936814887,7.843832344577155,7.300679365233133,0.3072983288771369,0.28601918935136034,479,-25.52513830204802,3000,1192.512202501297,840a9c354e2bc6ed89941ba7d943831d7d0e3af2,2026-05-31T22:05:41.464080+00:00,2026-05-31T22:25:33.976340+00:00
results/revision/revision_full_20260531_cluster/revision_full_20260531_cluster__method-qnspsa_spsa__ansatz-RealAmplitudes__n-12__h-2p0__seed-3,qnspsa_spsa,QN-SPSA+SPSA,12,2.0,1.0,RealAmplitudes,2,reverse_linear,500,0.01,,3,-19.708561085464602,-19.904180104771438,5.816577216583418,5.6209581972765825,0.22787642314622533,0.2202126441299471,498,-25.52513830204802,3000,1011.0668351650238,840a9c354e2bc6ed89941ba7d943831d7d0e3af2,2026-05-31T22:06:19.853492+00:00,2026-05-31T22:23:10.920373+00:00
results/revision/revision_full_20260531_cluster/revision_full_20260531_cluster__method-qnspsa_spsa__ansatz-RealAmplitudes__n-12__h-2p0__seed-4,qnspsa_spsa,QN-SPSA+SPSA,12,2.0,1.0,RealAmplitudes,2,reverse_linear,500,0.01,,4,-19.4742344484289,-19.4742344484289,6.050903853619122,6.050903853619122,0.23705665301463322,0.23705665301463322,500,-25.52513830204802,3000,1217.0693924427032,840a9c354e2bc6ed89941ba7d943831d7d0e3af2,2026-05-31T22:14:21.442189+00:00,2026-05-31T22:34:38.511621+00:00
results/revision/revision_full_20260531_cluster/revision_full_20260531_cluster__method-qnspsa_spsa__ansatz-RealAmplitudes__n-12__h-2p0__seed-5,qnspsa_spsa,QN-SPSA+SPSA,12,2.0,1.0,RealAmplitudes,2,reverse_linear,500,0.01,,5,-19.185860460840285,-19.231488600008678,6.3392778412077355,6.2936497020393425,0.2483542994436626,0.24656672287391168,495,-25.52513830204802,3000,1218.1465187072754,840a9c354e2bc6ed89941ba7d943831d7d0e3af2,2026-05-31T22:14:39.511524+00:00,2026-05-31T22:34:57.658085+00:00
results/revision/revision_full_20260531_cluster/revision_full_20260531_cluster__method-qnspsa_spsa__ansatz-RealAmplitudes__n-12__h-2p0__seed-6,qnspsa_spsa,QN-SPSA+SPSA,12,2.0,1.0,RealAmplitudes,2,reverse_linear,500,0.01,,6,-19.942383043285027,-20.126309450281667,5.582755258762994,5.398828851766353,0.21871596512819125,0.211510268343313,484,-25.52513830204802,3000,1644.6481635570526,840a9c354e2bc6ed89941ba7d943831d7d0e3af2,2026-05-31T22:15:48.337539+00:00,2026-05-31T22:43:12.985737+00:00
results/revision/revision_full_20260531_cluster/revision_full_20260531_cluster__method-qnspsa_spsa__ansatz-RealAmplitudes__n-6__h-2p0__seed-0,qnspsa_spsa,QN-SPSA+SPSA,6,2.0,1.0,RealAmplitudes,2,reverse_linear,500,0.01,,0,-12.245646178134194,-12.245681036784777,0.5237429490731351,0.5237080904225522,0.04101550542909001,0.041012775568621686,499,-12.76938912720733,3000,151.91101694107056,840a9c354e2bc6ed89941ba7d943831d7d0e3af2,2026-05-31T21:39:01.445948+00:00,2026-05-31T21:41:33.357000+00:00
results/revision/revision_full_20260531_cluster/revision_full_20260531_cluster__method-qnspsa_spsa__ansatz-RealAmplitudes__n-6__h-2p0__seed-1,qnspsa_spsa,QN-SPSA+SPSA,6,2.0,1.0,RealAmplitudes,2,reverse_linear,500,0.01,,1,-12.241651587521325,-12.241651587521325,0.5277375396860045,0.5277375396860045,0.04132833093492084,0.04132833093492084,500,-12.76938912720733,3000,123.21750593185425,840a9c354e2bc6ed89941ba7d943831d7d0e3af2,2026-05-31T21:39:27.783931+00:00,2026-05-31T21:41:31.001476+00:00
results/revision/revision_full_20260531_cluster/revision_full_20260531_cluster__method-qnspsa_spsa__ansatz-RealAmplitudes__n-6__h-2p0__seed-2,qnspsa_spsa,QN-SPSA+SPSA,6,2.0,1.0,RealAmplitudes,2,reverse_linear,500,0.01,,2,-12.31907535966295,-12.319660833259384,0.4503137675443796,0.44972829394794545,0.03526509867139301,0.03521924889811085,499,-12.76938912720733,3000,125.39027380943298,840a9c354e2bc6ed89941ba7d943831d7d0e3af2,2026-05-31T21:39:43.671096+00:00,2026-05-31T21:41:49.061403+00:00
results/revision/revision_full_20260531_cluster/revision_full_20260531_cluster__method-qnspsa_spsa__ansatz-RealAmplitudes__n-6__h-2p0__seed-3,qnspsa_spsa,QN-SPSA+SPSA,6,2.0,1.0,RealAmplitudes,2,reverse_linear,500,0.01,,3,-12.266605121510345,-12.267114502159593,0.5027840056969843,0.5022746250477361,0.03937416274876599,0.03933427198780838,495,-12.76938912720733,3000,113.2608995437622,840a9c354e2bc6ed89941ba7d943831d7d0e3af2,2026-05-31T21:41:34.412618+00:00,2026-05-31T21:43:27.673555+00:00
results/revision/revision_full_20260531_cluster/revision_full_20260531_cluster__method-qnspsa_spsa__ansatz-RealAmplitudes__n-6__h-2p0__seed-4,qnspsa_spsa,QN-SPSA+SPSA,6,2.0,1.0,RealAmplitudes,2,reverse_linear,500,0.01,,4,-12.222261414151697,-12.222265391547412,0.547127713055632,0.5471237356599179,0.04284681965638313,0.042846508177449054,498,-12.76938912720733,3000,94.65788865089417,840a9c354e2bc6ed89941ba7d943831d7d0e3af2,2026-05-31T21:41:39.938130+00:00,2026-05-31T21:43:14.596056+00:00
results/revision/revision_full_20260531_cluster/revision_full_20260531_cluster__method-qnspsa_spsa__ansatz-RealAmplitudes__n-6__h-2p0__seed-5,qnspsa_spsa,QN-SPSA+SPSA,6,2.0,1.0,RealAmplitudes,2,reverse_linear,500,0.01,,5,-12.245313930646622,-12.245325766018881,0.5240751965607071,0.524063361188448,0.04104152448797076,0.04104059763296295,499,-12.76938912720733,3000,88.30522727966309,840a9c354e2bc6ed89941ba7d943831d7d0e3af2,2026-05-31T21:41:52.800210+00:00,2026-05-31T21:43:21.105467+00:00
results/revision/revision_full_20260531_cluster/revision_full_20260531_cluster__method-qnspsa_spsa__ansatz-RealAmplitudes__n-6__h-2p0__seed-6,qnspsa_spsa,QN-SPSA+SPSA,6,2.0,1.0,RealAmplitudes,2,reverse_linear,500,0.01,,6,-12.379182972516574,-12.379182972516574,0.39020615469075537,0.39020615469075537,0.03055793435406832,0.03055793435406832,500,-12.76938912720733,3000,99.83502769470215,840a9c354e2bc6ed89941ba7d943831d7d0e3af2,2026-05-31T21:42:48.673103+00:00,2026-05-31T21:44:28.508159+00:00
results/revision/revision_full_20260531_cluster/revision_full_20260531_cluster__method-qnspsa_spsa__ansatz-RealAmplitudes__n-7__h-2p0__seed-0,qnspsa_spsa,QN-SPSA+SPSA,7,2.0,1.0,RealAmplitudes,2,reverse_linear,500,0.01,,0,-14.166448416124597,-14.166448416124597,0.7263108835798722,0.7263108835798722,0.048769396521052014,0.048769396521052014,500,-14.892759299704469,3000,161.14521098136902,840a9c354e2bc6ed89941ba7d943831d7d0e3af2,2026-05-31T21:43:18.949374+00:00,2026-05-31T21:46:00.094621+00:00
results/revision/revision_full_20260531_cluster/revision_full_20260531_cluster__method-qnspsa_spsa__ansatz-RealAmplitudes__n-7__h-2p0__seed-1,qnspsa_spsa,QN-SPSA+SPSA,7,2.0,1.0,RealAmplitudes,2,reverse_linear,500,0.01,,1,-14.28836158387289,-14.288774109732367,0.6043977158315794,0.6039851899721018,0.04058332668034009,0.04055562692026368,497,-14.892759299704469,3000,155.2661325931549,840a9c354e2bc6ed89941ba7d943831d7d0e3af2,2026-05-31T21:43:25.317333+00:00,2026-05-31T21:46:00.583497+00:00
results/revision/revision_full_20260531_cluster/revision_full_20260531_cluster__method-qnspsa_spsa__ansatz-RealAmplitudes__n-7__h-2p0__seed-2,qnspsa_spsa,QN-SPSA+SPSA,7,2.0,1.0,RealAmplitudes,2,reverse_linear,500,0.01,,2,-14.281498789555513,-14.281498789555513,0.6112605101489557,0.6112605101489557,0.041044140837023096,0.041044140837023096,500,-14.892759299704469,3000,171.2213637828827,840a9c354e2bc6ed89941ba7d943831d7d0e3af2,2026-05-31T21:43:32.494376+00:00,2026-05-31T21:46:23.715785+00:00
results/revision/revision_full_20260531_cluster/revision_full_20260531_cluster__method-qnspsa_spsa__ansatz-RealAmplitudes__n-7__h-2p0__seed-3,qnspsa_spsa,QN-SPSA+SPSA,7,2.0,1.0,RealAmplitudes,2,reverse_linear,500,0.01,,3,-14.300623013569126,-14.300623301642407,0.592136286135343,0.5921359980620622,0.03976001184327831,0.039759992500101204,499,-14.892759299704469,3000,157.4402153491974,840a9c354e2bc6ed89941ba7d943831d7d0e3af2,2026-05-31T21:43:39.056983+00:00,2026-05-31T21:46:16.497233+00:00
results/revision/revision_full_20260531_cluster/revision_full_20260531_cluster__method-qnspsa_spsa__ansatz-RealAmplitudes__n-7__h-2p0__seed-4,qnspsa_spsa,QN-SPSA+SPSA,7,2.0,1.0,RealAmplitudes,2,reverse_linear,500,0.01,,4,-14.645748400222091,-14.645748400222091,0.24701089948237787,0.24701089948237787,0.01658597272080262,0.01658597272080262,500,-14.892759299704469,3000,118.4877393245697,840a9c354e2bc6ed89941ba7d943831d7d0e3af2,2026-05-31T21:43:40.019638+00:00,2026-05-31T21:45:38.507408+00:00
results/revision/revision_full_20260531_cluster/revision_full_20260531_cluster__method-qnspsa_spsa__ansatz-RealAmplitudes__n-7__h-2p0__seed-5,qnspsa_spsa,QN-SPSA+SPSA,7,2.0,1.0,RealAmplitudes,2,reverse_linear,500,0.01,,5,-14.403139997220556,-14.403139997220556,0.48961930248391283,0.48961930248391283,0.0328763322249913,0.0328763322249913,500,-14.892759299704469,3000,145.91559839248657,840a9c354e2bc6ed89941ba7d943831d7d0e3af2,2026-05-31T21:44:31.307372+00:00,2026-05-31T21:46:57.223002+00:00
results/revision/revision_full_20260531_cluster/revision_full_20260531_cluster__method-qnspsa_spsa__ansatz-RealAmplitudes__n-7__h-2p0__seed-6,qnspsa_spsa,QN-SPSA+SPSA,7,2.0,1.0,RealAmplitudes,2,reverse_linear,500,0.01,,6,-14.099444560463674,-14.10377705378218,0.7933147392407953,0.7889822459222895,0.053268485931719706,0.05297757319813434,488,-14.892759299704469,3000,272.9347195625305,840a9c354e2bc6ed89941ba7d943831d7d0e3af2,2026-05-31T21:44:55.564065+00:00,2026-05-31T21:49:28.498820+00:00
results/revision/revision_full_20260531_cluster/revision_full_20260531_cluster__method-qnspsa_spsa__ansatz-RealAmplitudes__n-8__h-2p0__seed-0,qnspsa_spsa,QN-SPSA+SPSA,8,2.0,1.0,RealAmplitudes,2,reverse_linear,500,0.01,,0,-16.24016941701067,-16.24567537098253,0.7779950532698692,0.77248909929801,0.045715567893853136,0.04539203394390957,499,-17.01816447028054,3000,277.196013212204,840a9c354e2bc6ed89941ba7d943831d7d0e3af2,2026-05-31T21:45:07.710059+00:00,2026-05-31T21:49:44.906111+00:00
results/revision/revision_full_20260531_cluster/revision_full_20260531_cluster__method-qnspsa_spsa__ansatz-RealAmplitudes__n-8__h-2p0__seed-1,qnspsa_spsa,QN-SPSA+SPSA,8,2.0,1.0,RealAmplitudes,2,reverse_linear,500,0.01,,1,-15.83357966828135,-15.875727240747192,1.184584801999188,1.1424372295333463,0.06960708389367568,0.06713046119212371,495,-17.01816447028054,3000,201.70888209342957,840a9c354e2bc6ed89941ba7d943831d7d0e3af2,2026-05-31T21:45:10.794922+00:00,2026-05-31T21:48:32.503850+00:00
results/revision/revision_full_20260531_cluster/revision_full_20260531_cluster__method-qnspsa_spsa__ansatz-RealAmplitudes__n-8__h-2p0__seed-2,qnspsa_spsa,QN-SPSA+SPSA,8,2.0,1.0,RealAmplitudes,2,reverse_linear,500,0.01,,2,-15.507976982076308,-15.751857052811616,1.510187488204231,1.2663074174689228,0.08873973987274175,0.07440916555250851,495,-17.01816447028054,3000,220.2666938304901,840a9c354e2bc6ed89941ba7d943831d7d0e3af2,2026-05-31T21:45:34.709697+00:00,2026-05-31T21:49:14.976427+00:00
results/revision/revision_full_20260531_cluster/revision_full_20260531_cluster__method-qnspsa_spsa__ansatz-RealAmplitudes__n-8__h-2p0__seed-3,qnspsa_spsa,QN-SPSA+SPSA,8,2.0,1.0,RealAmplitudes,2,reverse_linear,500,0.01,,3,-15.927749954793152,-15.930988129989123,1.090414515487387,1.0871763402914159,0.06407356782757735,0.06388329024496107,497,-17.01816447028054,3000,279.27312564849854,840a9c354e2bc6ed89941ba7d943831d7d0e3af2,2026-05-31T21:45:41.438650+00:00,2026-05-31T21:50:20.711810+00:00
results/revision/revision_full_20260531_cluster/revision_full_20260531_cluster__method-qnspsa_spsa__ansatz-RealAmplitudes__n-8__h-2p0__seed-4,qnspsa_spsa,QN-SPSA+SPSA,8,2.0,1.0,RealAmplitudes,2,reverse_linear,500,0.01,,4,-16.008443956728016,-16.008443956728016,1.009720513552523,1.009720513552523,0.05933192826499214,0.05933192826499214,500,-17.01816447028054,3000,213.67202520370483,840a9c354e2bc6ed89941ba7d943831d7d0e3af2,2026-05-31T21:46:04.225277+00:00,2026-05-31T21:49:37.897358+00:00
results/revision/revision_full_20260531_cluster/revision_full_20260531_cluster__method-qnspsa_spsa__ansatz-RealAmplitudes__n-8__h-2p0__seed-5,qnspsa_spsa,QN-SPSA+SPSA,8,2.0,1.0,RealAmplitudes,2,reverse_linear,500,0.01,,5,-15.955040168758215,-15.955040168758215,1.0631243015223237,1.0631243015223237,0.06246997456035272,0.06246997456035272,500,-17.01816447028054,3000,290.34703040122986,840a9c354e2bc6ed89941ba7d943831d7d0e3af2,2026-05-31T21:46:05.862584+00:00,2026-05-31T21:50:56.209643+00:00
results/revision/revision_full_20260531_cluster/revision_full_20260531_cluster__method-qnspsa_spsa__ansatz-RealAmplitudes__n-8__h-2p0__seed-6,qnspsa_spsa,QN-SPSA+SPSA,8,2.0,1.0,RealAmplitudes,2,reverse_linear,500,0.01,,6,-16.603226021647064,-16.60486451307617,0.4149384486334746,0.4132999572043694,0.024382091814783978,0.0242858128399294,498,-17.01816447028054,3000,240.20477557182312,840a9c354e2bc6ed89941ba7d943831d7d0e3af2,2026-05-31T21:46:20.190682+00:00,2026-05-31T21:50:20.395490+00:00
results/revision/revision_full_20260531_cluster/revision_full_20260531_cluster__method-qnspsa_spsa__ansatz-RealAmplitudes__n-9__h-2p0__seed-0,qnspsa_spsa,QN-SPSA+SPSA,9,2.0,1.0,RealAmplitudes,2,reverse_linear,500,0.01,,0,-16.907757861411923,-17.005033026179095,2.236721710467524,2.139446545700352,0.11683376934168292,0.11175266152666269,493,-19.144479571879447,3000,487.3745846748352,840a9c354e2bc6ed89941ba7d943831d7d0e3af2,2026-05-31T21:46:27.677769+00:00,2026-05-31T21:54:35.052398+00:00
results/revision/revision_full_20260531_cluster/revision_full_20260531_cluster__method-qnspsa_spsa__ansatz-RealAmplitudes__n-9__h-2p0__seed-1,qnspsa_spsa,QN-SPSA+SPSA,9,2.0,1.0,RealAmplitudes,2,reverse_linear,500,0.01,,1,-17.008561292112475,-17.153875174179387,2.1359182797669725,1.9906043977000607,0.11156836474700188,0.10397798437017734,481,-19.144479571879447,3000,346.0897328853607,840a9c354e2bc6ed89941ba7d943831d7d0e3af2,2026-05-31T21:47:02.605600+00:00,2026-05-31T21:52:48.695374+00:00
results/revision/revision_full_20260531_cluster/revision_full_20260531_cluster__method-qnspsa_spsa__ansatz-RealAmplitudes__n-9__h-2p0__seed-2,qnspsa_spsa,QN-SPSA+SPSA,9,2.0,1.0,RealAmplitudes,2,reverse_linear,500,0.01,,2,-17.901388877250973,-17.986584158987647,1.2430906946284743,1.1578954128918006,0.06493207036321844,0.060481947735606584,496,-19.144479571879447,3000,315.22448682785034,840a9c354e2bc6ed89941ba7d943831d7d0e3af2,2026-05-31T21:48:41.046958+00:00,2026-05-31T21:53:56.271484+00:00
results/revision/revision_full_20260531_cluster/revision_full_20260531_cluster__method-qnspsa_spsa__ansatz-RealAmplitudes__n-9__h-2p0__seed-3,qnspsa_spsa,QN-SPSA+SPSA,9,2.0,1.0,RealAmplitudes,2,reverse_linear,500,0.01,,3,-16.742805851161073,-16.7512925982385,2.4016737207183745,2.3931869736409475,0.12544993514715835,0.12500663518459929,498,-19.144479571879447,3000,717.1347246170044,840a9c354e2bc6ed89941ba7d943831d7d0e3af2,2026-05-31T21:49:21.823364+00:00,2026-05-31T22:01:18.958130+00:00
results/revision/revision_full_20260531_cluster/revision_full_20260531_cluster__method-qnspsa_spsa__ansatz-RealAmplitudes__n-9__h-2p0__seed-4,qnspsa_spsa,QN-SPSA+SPSA,9,2.0,1.0,RealAmplitudes,2,reverse_linear,500,0.01,,4,-18.509984499778472,-18.533679167711277,0.6344950721009752,0.6108004041681703,0.03314245601290512,0.031904779749946835,489,-19.144479571879447,3000,336.08610558509827,840a9c354e2bc6ed89941ba7d943831d7d0e3af2,2026-05-31T21:49:38.792438+00:00,2026-05-31T21:55:14.878581+00:00
results/revision/revision_full_20260531_cluster/revision_full_20260531_cluster__method-qnspsa_spsa__ansatz-RealAmplitudes__n-9__h-2p0__seed-5,qnspsa_spsa,QN-SPSA+SPSA,9,2.0,1.0,RealAmplitudes,2,reverse_linear,500,0.01,,5,-15.923208338225903,-16.41819461594105,3.2212712336535443,2.7262849559383966,0.16826110219183704,0.1424058014062146,481,-19.144479571879447,3000,511.1278827190399,840a9c354e2bc6ed89941ba7d943831d7d0e3af2,2026-05-31T21:49:46.892000+00:00,2026-05-31T21:58:18.019919+00:00
results/revision/revision_full_20260531_cluster/revision_full_20260531_cluster__method-qnspsa_spsa__ansatz-RealAmplitudes__n-9__h-2p0__seed-6,qnspsa_spsa,QN-SPSA+SPSA,9,2.0,1.0,RealAmplitudes,2,reverse_linear,500,0.01,,6,-17.413030421338178,-17.482865453659564,1.7314491505412697,1.6616141182198838,0.0904411709934662,0.08679338145397077,473,-19.144479571879447,3000,333.89996576309204,840a9c354e2bc6ed89941ba7d943831d7d0e3af2,2026-05-31T21:49:54.689251+00:00,2026-05-31T21:55:28.589343+00:00
results/revision/revision_full_20260531_cluster/revision_full_20260531_cluster__method-spsa__ansatz-RealAmplitudes__n-10__h-2p0__seed-0,spsa,SPSA,10,2.0,1.0,RealAmplitudes,2,reverse_linear,500,0.01,,0,-21.118398051277403,-21.118398051277403,0.15281076741850086,0.15281076741850086,0.007183924934448995,0.007183924934448995,500,-21.271208818695904,1000,19.37629008293152,d3d222a82014fe40647be5fff9b3f0c31e272823,2026-05-31T20:18:53.400785+00:00,2026-05-31T20:19:12.777121+00:00
results/revision/revision_full_20260531_cluster/revision_full_20260531_cluster__method-spsa__ansatz-RealAmplitudes__n-10__h-2p0__seed-1,spsa,SPSA,10,2.0,1.0,RealAmplitudes,2,reverse_linear,500,0.01,,1,-20.776738303656444,-20.776738303656444,0.4944705150394597,0.4944705150394597,0.023245999757421157,0.023245999757421157,500,-21.271208818695904,1000,18.347008228302002,d3d222a82014fe40647be5fff9b3f0c31e272823,2026-05-31T20:18:53.581032+00:00,2026-05-31T20:19:11.928075+00:00
results/revision/revision_full_20260531_cluster/revision_full_20260531_cluster__method-spsa__ansatz-RealAmplitudes__n-10__h-2p0__seed-2,spsa,SPSA,10,2.0,1.0,RealAmplitudes,2,reverse_linear,500,0.01,,2,-20.342190427506218,-20.342190427506218,0.9290183911896861,0.9290183911896861,0.04367492224387097,0.04367492224387097,500,-21.271208818695904,1000,19.015321731567383,d3d222a82014fe40647be5fff9b3f0c31e272823,2026-05-31T20:18:57.130304+00:00,2026-05-31T20:19:16.145671+00:00
results/revision/revision_full_20260531_cluster/revision_full_20260531_cluster__method-spsa__ansatz-RealAmplitudes__n-10__h-2p0__seed-3,spsa,SPSA,10,2.0,1.0,RealAmplitudes,2,reverse_linear,500,0.01,,3,-21.091914330998424,-21.091914330998424,0.17929448769747935,0.17929448769747935,0.008428975016214972,0.008428975016214972,500,-21.271208818695904,1000,18.85310387611389,d3d222a82014fe40647be5fff9b3f0c31e272823,2026-05-31T20:18:59.893912+00:00,2026-05-31T20:19:18.747063+00:00
results/revision/revision_full_20260531_cluster/revision_full_20260531_cluster__method-spsa__ansatz-RealAmplitudes__n-10__h-2p0__seed-4,spsa,SPSA,10,2.0,1.0,RealAmplitudes,2,reverse_linear,500,0.01,,4,-20.43417444340694,-20.43417444340694,0.8370343752889653,0.8370343752889653,0.03935057863534632,0.03935057863534632,500,-21.271208818695904,1000,18.72541856765747,d3d222a82014fe40647be5fff9b3f0c31e272823,2026-05-31T20:18:59.977529+00:00,2026-05-31T20:19:18.702987+00:00
results/revision/revision_full_20260531_cluster/revision_full_20260531_cluster__method-spsa__ansatz-RealAmplitudes__n-10__h-2p0__seed-5,spsa,SPSA,10,2.0,1.0,RealAmplitudes,2,reverse_linear,500,0.01,,5,-20.598219276890575,-20.598219276890575,0.6729895418053289,0.6729895418053289,0.03163851887974595,0.03163851887974595,500,-21.271208818695904,1000,19.470677375793457,d3d222a82014fe40647be5fff9b3f0c31e272823,2026-05-31T20:19:02.870457+00:00,2026-05-31T20:19:22.341185+00:00
results/revision/revision_full_20260531_cluster/revision_full_20260531_cluster__method-spsa__ansatz-RealAmplitudes__n-10__h-2p0__seed-6,spsa,SPSA,10,2.0,1.0,RealAmplitudes,2,reverse_linear,500,0.01,,6,-20.997854849029398,-20.997854849029398,0.2733539696665055,0.2733539696665055,0.012850890233668642,0.012850890233668642,500,-21.271208818695904,1000,18.2729229927063,d3d222a82014fe40647be5fff9b3f0c31e272823,2026-05-31T20:19:03.014001+00:00,2026-05-31T20:19:21.286973+00:00
results/revision/revision_full_20260531_cluster/revision_full_20260531_cluster__method-spsa__ansatz-RealAmplitudes__n-11__h-2p0__seed-0,spsa,SPSA,11,2.0,1.0,RealAmplitudes,2,reverse_linear,500,0.01,,0,-22.27887364667728,-22.27887364667728,1.1192554186461159,1.1192554186461159,0.04783525278971471,0.04783525278971471,500,-23.398129065323396,1000,29.252925395965576,d3d222a82014fe40647be5fff9b3f0c31e272823,2026-05-31T20:19:04.665529+00:00,2026-05-31T20:19:33.918509+00:00
results/revision/revision_full_20260531_cluster/revision_full_20260531_cluster__method-spsa__ansatz-RealAmplitudes__n-11__h-2p0__seed-1,spsa,SPSA,11,2.0,1.0,RealAmplitudes,2,reverse_linear,500,0.01,,1,-22.841628379505643,-22.841628379505643,0.5565006858177526,0.5565006858177526,0.02378398222627553,0.02378398222627553,500,-23.398129065323396,1000,28.760923385620117,d3d222a82014fe40647be5fff9b3f0c31e272823,2026-05-31T20:19:08.146008+00:00,2026-05-31T20:19:36.907010+00:00
results/revision/revision_full_20260531_cluster/revision_full_20260531_cluster__method-spsa__ansatz-RealAmplitudes__n-11__h-2p0__seed-2,spsa,SPSA,11,2.0,1.0,RealAmplitudes,2,reverse_linear,500,0.01,,2,-22.827145089961885,-22.827145089961885,0.5709839753615107,0.5709839753615107,0.02440297571517045,0.02440297571517045,500,-23.398129065323396,1000,30.539950847625732,d3d222a82014fe40647be5fff9b3f0c31e272823,2026-05-31T20:19:08.366592+00:00,2026-05-31T20:19:38.906591+00:00
results/revision/revision_full_20260531_cluster/revision_full_20260531_cluster__method-spsa__ansatz-RealAmplitudes__n-11__h-2p0__seed-3,spsa,SPSA,11,2.0,1.0,RealAmplitudes,2,reverse_linear,500,0.01,,3,-22.304031785252604,-22.304031785252604,1.094097280070791,1.094097280070791,0.04676003269390758,0.04676003269390758,500,-23.398129065323396,1000,51.44648623466492,d3d222a82014fe40647be5fff9b3f0c31e272823,2026-05-31T20:19:14.819632+00:00,2026-05-31T20:20:06.266164+00:00
results/revision/revision_full_20260531_cluster/revision_full_20260531_cluster__method-spsa__ansatz-RealAmplitudes__n-11__h-2p0__seed-4,spsa,SPSA,11,2.0,1.0,RealAmplitudes,2,reverse_linear,500,0.01,,4,-22.99446099465896,-22.99446099465896,0.403668070664434,0.403668070664434,0.017252151637315312,0.017252151637315312,500,-23.398129065323396,1000,47.45527124404907,d3d222a82014fe40647be5fff9b3f0c31e272823,2026-05-31T20:19:15.906369+00:00,2026-05-31T20:20:03.361692+00:00
results/revision/revision_full_20260531_cluster/revision_full_20260531_cluster__method-spsa__ansatz-RealAmplitudes__n-11__h-2p0__seed-5,spsa,SPSA,11,2.0,1.0,RealAmplitudes,2,reverse_linear,500,0.01,,5,-22.447568246713878,-22.447568246713878,0.9505608186095174,0.9505608186095174,0.04062550539642385,0.04062550539642385,500,-23.398129065323396,1000,52.13648962974548,d3d222a82014fe40647be5fff9b3f0c31e272823,2026-05-31T20:19:18.734024+00:00,2026-05-31T20:20:10.870550+00:00
results/revision/revision_full_20260531_cluster/revision_full_20260531_cluster__method-spsa__ansatz-RealAmplitudes__n-11__h-2p0__seed-6,spsa,SPSA,11,2.0,1.0,RealAmplitudes,2,reverse_linear,500,0.01,,6,-23.223419427621625,-23.223419427621625,0.1747096377017705,0.1747096377017705,0.007466820839136856,0.007466820839136856,500,-23.398129065323396,1000,60.90742111206055,d3d222a82014fe40647be5fff9b3f0c31e272823,2026-05-31T20:19:22.611227+00:00,2026-05-31T20:20:23.518792+00:00
results/revision/revision_full_20260531_cluster/revision_full_20260531_cluster__method-spsa__ansatz-RealAmplitudes__n-12__h-2p0__seed-0,spsa,SPSA,12,2.0,1.0,RealAmplitudes,2,reverse_linear,500,0.01,,0,-25.26974937288287,-25.26974937288287,0.2553889291651501,0.2553889291651501,0.010005388654237335,0.010005388654237335,500,-25.52513830204802,1000,53.72121024131775,d3d222a82014fe40647be5fff9b3f0c31e272823,2026-05-31T20:20:20.491861+00:00,2026-05-31T20:21:14.213187+00:00
results/revision/revision_full_20260531_cluster/revision_full_20260531_cluster__method-spsa__ansatz-RealAmplitudes__n-12__h-2p0__seed-1,spsa,SPSA,12,2.0,1.0,RealAmplitudes,2,reverse_linear,500,0.01,,1,-22.734805237421096,-22.734805237421096,2.7903330646269247,2.7903330646269247,0.10931705958290698,0.10931705958290698,500,-25.52513830204802,1000,42.70992588996887,d3d222a82014fe40647be5fff9b3f0c31e272823,2026-05-31T20:20:42.023919+00:00,2026-05-31T20:21:24.733909+00:00
results/revision/revision_full_20260531_cluster/revision_full_20260531_cluster__method-spsa__ansatz-RealAmplitudes__n-12__h-2p0__seed-2,spsa,SPSA,12,2.0,1.0,RealAmplitudes,2,reverse_linear,500,0.01,,2,-25.331579405477346,-25.331579405477346,0.19355889657067493,0.19355889657067493,0.00758306945412886,0.00758306945412886,500,-25.52513830204802,1000,45.110620975494385,d3d222a82014fe40647be5fff9b3f0c31e272823,2026-05-31T20:20:37.111832+00:00,2026-05-31T20:21:22.222511+00:00
results/revision/revision_full_20260531_cluster/revision_full_20260531_cluster__method-spsa__ansatz-RealAmplitudes__n-12__h-2p0__seed-3,spsa,SPSA,12,2.0,1.0,RealAmplitudes,2,reverse_linear,500,0.01,,3,-25.370873437599364,-25.370873437599364,0.15426486444865617,0.15426486444865617,0.0060436446072567864,0.0060436446072567864,500,-25.52513830204802,1000,32.09464502334595,d3d222a82014fe40647be5fff9b3f0c31e272823,2026-05-31T20:20:56.752837+00:00,2026-05-31T20:21:28.847532+00:00
results/revision/revision_full_20260531_cluster/revision_full_20260531_cluster__method-spsa__ansatz-RealAmplitudes__n-12__h-2p0__seed-4,spsa,SPSA,12,2.0,1.0,RealAmplitudes,2,reverse_linear,500,0.01,,4,-24.557234913423493,-24.557234913423493,0.9679033886245278,0.9679033886245278,0.03791961387910943,0.03791961387910943,500,-25.52513830204802,1000,31.047667980194092,d3d222a82014fe40647be5fff9b3f0c31e272823,2026-05-31T20:21:00.216860+00:00,2026-05-31T20:21:31.264581+00:00
results/revision/revision_full_20260531_cluster/revision_full_20260531_cluster__method-spsa__ansatz-RealAmplitudes__n-12__h-2p0__seed-5,spsa,SPSA,12,2.0,1.0,RealAmplitudes,2,reverse_linear,500,0.01,,5,-21.710168402479173,-21.710168402479173,3.8149698995688475,3.8149698995688475,0.1494593233707475,0.1494593233707475,500,-25.52513830204802,1000,28.40149164199829,d3d222a82014fe40647be5fff9b3f0c31e272823,2026-05-31T20:21:05.742068+00:00,2026-05-31T20:21:34.143654+00:00
results/revision/revision_full_20260531_cluster/revision_full_20260531_cluster__method-spsa__ansatz-RealAmplitudes__n-12__h-2p0__seed-6,spsa,SPSA,12,2.0,1.0,RealAmplitudes,2,reverse_linear,500,0.01,,6,-25.038081998794485,-25.038081998794485,0.4870563032535351,0.4870563032535351,0.019081436405555378,0.019081436405555378,500,-25.52513830204802,1000,28.155651330947876,d3d222a82014fe40647be5fff9b3f0c31e272823,2026-05-31T20:21:07.169056+00:00,2026-05-31T20:21:35.324829+00:00
results/revision/revision_full_20260531_cluster/revision_full_20260531_cluster__method-spsa__ansatz-RealAmplitudes__n-6__h-2p0__seed-0,spsa,SPSA,6,2.0,1.0,RealAmplitudes,2,reverse_linear,500,0.01,,0,-12.61653242015106,-12.61653242015106,0.15285670705626941,0.15285670705626941,0.011970557521078475,0.011970557521078475,500,-12.76938912720733,1000,18.287009477615356,d3d222a82014fe40647be5fff9b3f0c31e272823,2026-05-31T20:17:38.154345+00:00,2026-05-31T20:17:56.441542+00:00
results/revision/revision_full_20260531_cluster/revision_full_20260531_cluster__method-spsa__ansatz-RealAmplitudes__n-6__h-2p0__seed-1,spsa,SPSA,6,2.0,1.0,RealAmplitudes,2,reverse_linear,500,0.01,,1,-12.616843647200316,-12.616843647200316,0.15254548000701362,0.15254548000701362,0.011946184620687127,0.011946184620687127,500,-12.76938912720733,1000,17.923088550567627,d3d222a82014fe40647be5fff9b3f0c31e272823,2026-05-31T20:17:38.301986+00:00,2026-05-31T20:17:56.225188+00:00
results/revision/revision_full_20260531_cluster/revision_full_20260531_cluster__method-spsa__ansatz-RealAmplitudes__n-6__h-2p0__seed-2,spsa,SPSA,6,2.0,1.0,RealAmplitudes,2,reverse_linear,500,0.01,,2,-12.618339496204765,-12.618339496204765,0.1510496310025644,0.1510496310025644,0.011829041271890429,0.011829041271890429,500,-12.76938912720733,1000,15.547412157058716,d3d222a82014fe40647be5fff9b3f0c31e272823,2026-05-31T20:17:46.430130+00:00,2026-05-31T20:18:01.977578+00:00
results/revision/revision_full_20260531_cluster/revision_full_20260531_cluster__method-spsa__ansatz-RealAmplitudes__n-6__h-2p0__seed-3,spsa,SPSA,6,2.0,1.0,RealAmplitudes,2,reverse_linear,500,0.01,,3,-12.617566603000531,-12.617566603000531,0.1518225242067981,0.1518225242067981,0.011889568302317195,0.011889568302317195,500,-12.76938912720733,1000,15.465013265609741,d3d222a82014fe40647be5fff9b3f0c31e272823,2026-05-31T20:17:53.369704+00:00,2026-05-31T20:18:08.834750+00:00
results/revision/revision_full_20260531_cluster/revision_full_20260531_cluster__method-spsa__ansatz-RealAmplitudes__n-6__h-2p0__seed-4,spsa,SPSA,6,2.0,1.0,RealAmplitudes,2,reverse_linear,500,0.01,,4,-12.600976920391611,-12.600976920391611,0.16841220681571833,0.16841220681571833,0.013188744202092473,0.013188744202092473,500,-12.76938912720733,1000,15.505436182022095,d3d222a82014fe40647be5fff9b3f0c31e272823,2026-05-31T20:17:57.268276+00:00,2026-05-31T20:18:12.773768+00:00
results/revision/revision_full_20260531_cluster/revision_full_20260531_cluster__method-spsa__ansatz-RealAmplitudes__n-6__h-2p0__seed-5,spsa,SPSA,6,2.0,1.0,RealAmplitudes,2,reverse_linear,500,0.01,,5,-12.60422499490131,-12.60422499490131,0.16516413230601934,0.16516413230601934,0.01293438007571634,0.01293438007571634,500,-12.76938912720733,1000,15.661828756332397,d3d222a82014fe40647be5fff9b3f0c31e272823,2026-05-31T20:17:57.496502+00:00,2026-05-31T20:18:13.158370+00:00
results/revision/revision_full_20260531_cluster/revision_full_20260531_cluster__method-spsa__ansatz-RealAmplitudes__n-6__h-2p0__seed-6,spsa,SPSA,6,2.0,1.0,RealAmplitudes,2,reverse_linear,500,0.01,,6,-12.484320624427752,-12.484320624427752,0.28506850277957696,0.28506850277957696,0.022324364927699684,0.022324364927699684,500,-12.76938912720733,1000,15.689827919006348,d3d222a82014fe40647be5fff9b3f0c31e272823,2026-05-31T20:18:03.001047+00:00,2026-05-31T20:18:18.690915+00:00
results/revision/revision_full_20260531_cluster/revision_full_20260531_cluster__method-spsa__ansatz-RealAmplitudes__n-7__h-2p0__seed-0,spsa,SPSA,7,2.0,1.0,RealAmplitudes,2,reverse_linear,500,0.01,,0,-14.697132559291319,-14.697132559291319,0.1956267404131502,0.1956267404131502,0.013135694767928748,0.013135694767928748,500,-14.892759299704469,1000,16.820814847946167,d3d222a82014fe40647be5fff9b3f0c31e272823,2026-05-31T20:18:09.352813+00:00,2026-05-31T20:18:26.173661+00:00
results/revision/revision_full_20260531_cluster/revision_full_20260531_cluster__method-spsa__ansatz-RealAmplitudes__n-7__h-2p0__seed-1,spsa,SPSA,7,2.0,1.0,RealAmplitudes,2,reverse_linear,500,0.01,,1,-14.735505177755511,-14.735505177755511,0.1572541219489576,0.1572541219489576,0.010559099142364985,0.010559099142364985,500,-14.892759299704469,1000,16.415873289108276,d3d222a82014fe40647be5fff9b3f0c31e272823,2026-05-31T20:18:09.925628+00:00,2026-05-31T20:18:26.341533+00:00
results/revision/revision_full_20260531_cluster/revision_full_20260531_cluster__method-spsa__ansatz-RealAmplitudes__n-7__h-2p0__seed-2,spsa,SPSA,7,2.0,1.0,RealAmplitudes,2,reverse_linear,500,0.01,,2,-14.71589702391374,-14.71589702391374,0.17686227579072877,0.17686227579072877,0.011875722438771868,0.011875722438771868,500,-14.892759299704469,1000,15.88252568244934,d3d222a82014fe40647be5fff9b3f0c31e272823,2026-05-31T20:18:13.768651+00:00,2026-05-31T20:18:29.651216+00:00
results/revision/revision_full_20260531_cluster/revision_full_20260531_cluster__method-spsa__ansatz-RealAmplitudes__n-7__h-2p0__seed-3,spsa,SPSA,7,2.0,1.0,RealAmplitudes,2,reverse_linear,500,0.01,,3,-14.644817394356712,-14.644817394356712,0.24794190534775673,0.24794190534775673,0.01664848671479414,0.01664848671479414,500,-14.892759299704469,1000,15.711689472198486,d3d222a82014fe40647be5fff9b3f0c31e272823,2026-05-31T20:18:14.184136+00:00,2026-05-31T20:18:29.895859+00:00
results/revision/revision_full_20260531_cluster/revision_full_20260531_cluster__method-spsa__ansatz-RealAmplitudes__n-7__h-2p0__seed-4,spsa,SPSA,7,2.0,1.0,RealAmplitudes,2,reverse_linear,500,0.01,,4,-14.721996946199571,-14.721996946199571,0.1707623535048981,0.1707623535048981,0.011466132639925679,0.011466132639925679,500,-14.892759299704469,1000,15.513273000717163,d3d222a82014fe40647be5fff9b3f0c31e272823,2026-05-31T20:18:19.427695+00:00,2026-05-31T20:18:34.941004+00:00
results/revision/revision_full_20260531_cluster/revision_full_20260531_cluster__method-spsa__ansatz-RealAmplitudes__n-7__h-2p0__seed-5,spsa,SPSA,7,2.0,1.0,RealAmplitudes,2,reverse_linear,500,0.01,,5,-14.732177529963073,-14.732177529963073,0.16058176974139649,0.16058176974139649,0.0107825397906339,0.0107825397906339,500,-14.892759299704469,1000,15.543560266494751,d3d222a82014fe40647be5fff9b3f0c31e272823,2026-05-31T20:18:19.693535+00:00,2026-05-31T20:18:35.237127+00:00
results/revision/revision_full_20260531_cluster/revision_full_20260531_cluster__method-spsa__ansatz-RealAmplitudes__n-7__h-2p0__seed-6,spsa,SPSA,7,2.0,1.0,RealAmplitudes,2,reverse_linear,500,0.01,,6,-14.711545976449038,-14.711545976449038,0.18121332325543094,0.18121332325543094,0.012167881022493053,0.012167881022493053,500,-14.892759299704469,1000,14.998086929321289,d3d222a82014fe40647be5fff9b3f0c31e272823,2026-05-31T20:18:25.604708+00:00,2026-05-31T20:18:40.602833+00:00
results/revision/revision_full_20260531_cluster/revision_full_20260531_cluster__method-spsa__ansatz-RealAmplitudes__n-8__h-2p0__seed-0,spsa,SPSA,8,2.0,1.0,RealAmplitudes,2,reverse_linear,500,0.01,,0,-16.872742736928128,-16.872742736928128,0.1454217333524106,0.1454217333524106,0.008545089196097854,0.008545089196097854,500,-17.01816447028054,1000,16.44550108909607,d3d222a82014fe40647be5fff9b3f0c31e272823,2026-05-31T20:18:26.974572+00:00,2026-05-31T20:18:43.420102+00:00
results/revision/revision_full_20260531_cluster/revision_full_20260531_cluster__method-spsa__ansatz-RealAmplitudes__n-8__h-2p0__seed-1,spsa,SPSA,8,2.0,1.0,RealAmplitudes,2,reverse_linear,500,0.01,,1,-16.802022052544434,-16.802022052544434,0.21614241773610487,0.21614241773610487,0.01270068920262009,0.01270068920262009,500,-17.01816447028054,1000,16.556162357330322,d3d222a82014fe40647be5fff9b3f0c31e272823,2026-05-31T20:18:27.181361+00:00,2026-05-31T20:18:43.737554+00:00
results/revision/revision_full_20260531_cluster/revision_full_20260531_cluster__method-spsa__ansatz-RealAmplitudes__n-8__h-2p0__seed-2,spsa,SPSA,8,2.0,1.0,RealAmplitudes,2,reverse_linear,500,0.01,,2,-16.581926702131497,-16.581926702131497,0.43623776814904147,0.43623776814904147,0.02563365566896829,0.02563365566896829,500,-17.01816447028054,1000,16.453150272369385,d3d222a82014fe40647be5fff9b3f0c31e272823,2026-05-31T20:18:27.357930+00:00,2026-05-31T20:18:43.811113+00:00
results/revision/revision_full_20260531_cluster/revision_full_20260531_cluster__method-spsa__ansatz-RealAmplitudes__n-8__h-2p0__seed-3,spsa,SPSA,8,2.0,1.0,RealAmplitudes,2,reverse_linear,500,0.01,,3,-16.807088064363118,-16.807088064363118,0.21107640591742083,0.21107640591742083,0.012403006580764424,0.012403006580764424,500,-17.01816447028054,1000,16.028624057769775,d3d222a82014fe40647be5fff9b3f0c31e272823,2026-05-31T20:18:30.638245+00:00,2026-05-31T20:18:46.666903+00:00
results/revision/revision_full_20260531_cluster/revision_full_20260531_cluster__method-spsa__ansatz-RealAmplitudes__n-8__h-2p0__seed-4,spsa,SPSA,8,2.0,1.0,RealAmplitudes,2,reverse_linear,500,0.01,,4,-16.8147808697177,-16.8147808697177,0.20338360056283733,0.20338360056283733,0.011950971617298314,0.011950971617298314,500,-17.01816447028054,1000,16.111186265945435,d3d222a82014fe40647be5fff9b3f0c31e272823,2026-05-31T20:18:30.882659+00:00,2026-05-31T20:18:46.993882+00:00
results/revision/revision_full_20260531_cluster/revision_full_20260531_cluster__method-spsa__ansatz-RealAmplitudes__n-8__h-2p0__seed-5,spsa,SPSA,8,2.0,1.0,RealAmplitudes,2,reverse_linear,500,0.01,,5,-16.840765034993314,-16.840765034993314,0.17739943528722435,0.17739943528722435,0.010424122742321809,0.010424122742321809,500,-17.01816447028054,1000,15.9981210231781,d3d222a82014fe40647be5fff9b3f0c31e272823,2026-05-31T20:18:35.984498+00:00,2026-05-31T20:18:51.982664+00:00
results/revision/revision_full_20260531_cluster/revision_full_20260531_cluster__method-spsa__ansatz-RealAmplitudes__n-8__h-2p0__seed-6,spsa,SPSA,8,2.0,1.0,RealAmplitudes,2,reverse_linear,500,0.01,,6,-16.712398075813216,-16.712398075813216,0.305766394467323,0.305766394467323,0.01796706072510313,0.01796706072510313,500,-17.01816447028054,1000,16.012371301651,d3d222a82014fe40647be5fff9b3f0c31e272823,2026-05-31T20:18:36.204947+00:00,2026-05-31T20:18:52.217349+00:00
results/revision/revision_full_20260531_cluster/revision_full_20260531_cluster__method-spsa__ansatz-RealAmplitudes__n-9__h-2p0__seed-0,spsa,SPSA,9,2.0,1.0,RealAmplitudes,2,reverse_linear,500,0.01,,0,-18.974157636065407,-18.974157636065407,0.17032193581404087,0.17032193581404087,0.008896660532063764,0.008896660532063764,500,-19.144479571879447,1000,17.139590740203857,d3d222a82014fe40647be5fff9b3f0c31e272823,2026-05-31T20:18:41.349617+00:00,2026-05-31T20:18:58.489243+00:00
results/revision/revision_full_20260531_cluster/revision_full_20260531_cluster__method-spsa__ansatz-RealAmplitudes__n-9__h-2p0__seed-1,spsa,SPSA,9,2.0,1.0,RealAmplitudes,2,reverse_linear,500,0.01,,1,-18.848056709122176,-18.848056709122176,0.2964228627572716,0.2964228627572716,0.015483464130969387,0.015483464130969387,500,-19.144479571879447,1000,16.828219890594482,d3d222a82014fe40647be5fff9b3f0c31e272823,2026-05-31T20:18:41.677208+00:00,2026-05-31T20:18:58.505470+00:00
results/revision/revision_full_20260531_cluster/revision_full_20260531_cluster__method-spsa__ansatz-RealAmplitudes__n-9__h-2p0__seed-2,spsa,SPSA,9,2.0,1.0,RealAmplitudes,2,reverse_linear,500,0.01,,2,-18.981496058176457,-18.981496058176457,0.16298351370299002,0.16298351370299002,0.008513342610910662,0.008513342610910662,500,-19.144479571879447,1000,17.261001586914062,d3d222a82014fe40647be5fff9b3f0c31e272823,2026-05-31T20:18:44.486910+00:00,2026-05-31T20:19:01.747951+00:00
results/revision/revision_full_20260531_cluster/revision_full_20260531_cluster__method-spsa__ansatz-RealAmplitudes__n-9__h-2p0__seed-3,spsa,SPSA,9,2.0,1.0,RealAmplitudes,2,reverse_linear,500,0.01,,3,-18.5770241480907,-18.5770241480907,0.567455423788747,0.567455423788747,0.029640681620944107,0.029640681620944107,500,-19.144479571879447,1000,16.835665941238403,d3d222a82014fe40647be5fff9b3f0c31e272823,2026-05-31T20:18:44.839062+00:00,2026-05-31T20:19:01.674764+00:00
results/revision/revision_full_20260531_cluster/revision_full_20260531_cluster__method-spsa__ansatz-RealAmplitudes__n-9__h-2p0__seed-4,spsa,SPSA,9,2.0,1.0,RealAmplitudes,2,reverse_linear,500,0.01,,4,-18.464698001228452,-18.464698001228452,0.6797815706509951,0.6797815706509951,0.03550796813769223,0.03550796813769223,500,-19.144479571879447,1000,16.513726234436035,d3d222a82014fe40647be5fff9b3f0c31e272823,2026-05-31T20:18:44.911404+00:00,2026-05-31T20:19:01.425188+00:00
results/revision/revision_full_20260531_cluster/revision_full_20260531_cluster__method-spsa__ansatz-RealAmplitudes__n-9__h-2p0__seed-5,spsa,SPSA,9,2.0,1.0,RealAmplitudes,2,reverse_linear,500,0.01,,5,-18.436876336528986,-18.436876336528986,0.7076032353504615,0.7076032353504615,0.03696121551352231,0.03696121551352231,500,-19.144479571879447,1000,16.990344047546387,d3d222a82014fe40647be5fff9b3f0c31e272823,2026-05-31T20:18:47.664503+00:00,2026-05-31T20:19:04.654885+00:00
results/revision/revision_full_20260531_cluster/revision_full_20260531_cluster__method-spsa__ansatz-RealAmplitudes__n-9__h-2p0__seed-6,spsa,SPSA,9,2.0,1.0,RealAmplitudes,2,reverse_linear,500,0.01,,6,-18.971179739591417,-18.971179739591417,0.1732998322880306,0.1732998322880306,0.009052209104842094,0.009052209104842094,500,-19.144479571879447,1000,16.34654974937439,d3d222a82014fe40647be5fff9b3f0c31e272823,2026-05-31T20:18:48.041804+00:00,2026-05-31T20:19:04.388394+00:00
