Parameters 
 
[-0.5, -0.5, -0.5, -0.5, -0.5, -0.5, -0.5, -0.5, -0.5, -0.5, -0.5, -0.5] 
[-0.3877616462860738, -0.3877616462860738, -0.6122383537139262, -0.3877616462860738, -0.6122383537139262, -0.3877616462860738, -0.7672472574361509, -0.13157635492895237, -0.889309735907011, -0.11802068847589664, -0.8412399536834738, -0.26176557338201434] 
[-0.47980194377104723, -0.29572134880110035, -0.5201980562289528, -0.47980194377104723, -0.5201980562289528, -0.47980194377104723, -0.9398084253422815, 0.09845375516501359, -1.1601487957685457, 0.11120887470894289, -0.8562133913655214, -0.16235034531780912] 
[-0.4600276468560125, -0.2759470518860656, -0.5399723531439875, -0.499576240686082, -0.500423759313918, -0.4600276468560125, -0.9017754600523171, 0.057103975997934014, -1.138834272153446, 0.12954891296438806, -0.8779534401101778, -0.17362121205317363] 
[-0.3498125799053424, -0.16573198493539554, -0.42975728619331743, -0.3893611737354119, -0.6106388262645881, -0.5702427138066826, -0.796882669199973, 0.06956317811768578, -0.8859765293171898, -0.20497241124671525, -0.5603110762308026, -0.4037067661737146] 
[-0.24924592038737536, -0.2662986444533626, -0.5303239457112845, -0.48992783325337896, -0.7112054857825552, -0.4696760542887155, -0.64027804158629, -0.09621701039505612, -0.7988365965391478, -0.10822035614513897, -0.6639994688614445, -0.4579727441706222] 
[-0.3900530593166778, -0.1254915055240602, -0.6711310846405869, -0.34912069432407655, -0.5703983468532527, -0.6104831932180179, -0.45037574250431744, -0.3025179150316774, -0.7065588522727015, 0.10989356388168456, -1.0445911610956409, -0.12169577618580119] 
[-0.10706564694615173, 0.15749590684646586, -0.954118497011113, -0.0661332819535505, -0.2874109344827267, -0.893470605588544, -0.8988096887110892, 0.1360445030029066, -0.5565885350758422, 0.27075150132837894, -0.8885529992213678, 0.09641980714842993] 
[-0.22506403534585995, 0.03949751844675764, -0.8361201086114047, -0.18413167035325873, -0.16941254608301848, -0.7754722171888357, -0.7723883270150778, 0.056235099649139, 0.014782940341747208, -0.30213656944844286, -1.0102970185416997, 0.2359992348734965] 
[0.07198348193354831, 0.3365450357261659, -1.133167625890813, 0.11291584692614953, -0.46646006336242674, -1.072519734468244, -0.391290559199212, -0.32068076434624704, 0.2129975162395444, -0.17989310402467407, -0.7596867435004048, 0.5033838209322725] 
[-0.12118252692104892, 0.14337902687156867, -0.9400016170362158, 0.30608185578074676, -0.659626072217024, -0.8793537256136468, -0.6008722358364309, -0.5624907763738907, -0.03356200076882773, -0.1567733850863723, -0.5994807547808582, 0.6623359896937635] 
[-0.5102469206983733, 0.532443420648893, -0.5509372232588914, -0.08298253799657762, -1.0486904659943483, -0.4902893318363224, -1.0451453184998396, -0.10105602999145163, 0.1961295948331414, 0.10299339666672577, -0.2736688125656471, 0.9300019194949957] 
[-0.18255078724923318, 0.20474728719975294, -0.22324108980975127, 0.2447135954525625, -1.3763865994434885, -0.8179854652854626, -0.8902894508500182, 0.30970150238894706, 0.5888409752172004, 0.30327099872872487, -1.6675458406324744, 2.319875730830481] 
[0.08959662615027914, 0.47689470059926525, 0.04890632358976105, -0.027433817946949823, -1.6485340128430008, -0.5458380518859502, -0.6690663145962816, 0.5962007113492156, 0.8641180543943091, 0.5540064124833619, -0.8682846544815718, 1.5275471206304654] 
[0.20931139156481987, 0.5966094660138059, -0.07080844182477969, -0.14714858336149056, -1.52881924742846, -0.665552817300491, -0.5547219065238878, 0.5286434308055704, 0.9584338297602704, 0.6795366691976541, -0.05957035960533286, 0.7189770581494587] 
[-0.1300792563414917, 0.25721881810749436, -0.41019908973109126, -0.48653923126780213, -1.1894285995221485, -1.0049434652068026, -0.1638857521704219, 0.8279360993914239, 0.7627411933276248, 1.031462277608269, -0.25597818486967466, 0.5322718387438795] 
[-0.3616263700690692, 0.025671704379916838, -0.6417462034586687, -0.2549921175402246, -0.957881485794571, -0.773396351479225, 0.05100929752071173, 0.960679683258027, 0.4521459628008656, 1.3533994546517654, -0.15887043025476555, 0.7211039128433583] 
[-0.45219903250741683, 0.11624436681826444, -0.5511735410203211, -0.164419455101877, -1.0484541482329186, -0.6828236890408774, 0.11977595616585515, 1.0223344180801164, 0.21314142247457737, 1.611784605032885, -0.4119578124036555, 0.9550176962492942] 
[-0.23426613917595002, -0.10168852651320237, -0.7691064343517879, -0.3823523484333438, -0.8305212549014518, -0.9007565823723442, 0.4998540235799017, 0.6487243709657422, 0.3175019535638352, 1.7684042706950884, -0.30038610627737294, 1.09894766963626] 
[0.05546151533988802, -0.3914161810290404, -0.4793787798359499, -0.09262469391750577, -1.1202489094172898, -0.6110289278565062, 0.7325295654137786, 0.8957779781176762, 0.1616456116577315, 1.5325570513284814, -0.045054453908475345, 1.2800626241238158] 
[0.31242153459994054, -0.1344561617689879, -0.22241876057589738, -0.3495847131775583, -1.3772089286773423, -0.8679889471165587, 0.9662654485171833, 0.4425415606582739, 0.7778238016153034, 1.0472172486575784, -0.9740380575413687, 2.219047835274186] 
[0.42382095399938774, -0.2458555811684351, -0.11101934117645018, -0.4609841325770055, -1.2658095092778952, -0.9793883665160059, 0.8851094506306779, 0.5418338925855466, 0.6764558879551182, 0.9382201226653415, -0.6874863033544781, 1.9368854518090137] 
[0.26806390432684307, -0.40161263084097976, -0.26677639084899485, -0.3052270829044608, -1.1100524596053505, -1.1351454161885506, 0.7612087414380957, 0.6216983778267287, 0.7965132850671826, 1.1261886625302733, -1.017171198095311, 2.2496677680071024] 
[0.22161159684515636, -0.35516032335929304, -0.31322869833068157, -0.2587747754227741, -1.1565047670870372, -1.0886931087068639, 0.7010629409155017, 0.5655291986230121, 0.7829105047526238, 1.0724970103780285, -0.9365761652580656, 2.1741590320493684] 
[0.4202960437819409, -0.1564758764225085, -0.11454425139389701, -0.06009032848598955, -1.3551892140238218, -1.2873775556436484, 0.43091119832039776, 0.21874267471411385, 1.069304302795861, 1.1591807464912969, -0.609872074803558, 1.8414315416680271] 
[0.4134824574386246, -0.1632894627658248, -0.10773066505058071, -0.06690391482930585, -1.3483756276805055, -1.2805639693003321, 0.42653072095768546, 0.22477948173636111, 1.062308881723707, 1.1532227866362437, -0.6151436846946694, 1.8360553759545366] 
[0.5121485667505918, -0.06462335345385761, -0.009064555738613533, -0.16557002414127303, -1.2497095183685383, -1.181897859988365, 0.598121770319675, 0.4087215893905052, 0.945771855972553, 1.064867046393838, -0.4769877630981759, 1.69891272300436] 
[0.5084107885567402, -0.06088557526000593, -0.0053267775447618515, -0.16183224594742135, -1.25344729656239, -1.1781600817945133, 0.6007639201757984, 0.40648117054987887, 0.942125164880876, 1.0687930030355683, -0.479980155535839, 1.6962368576645614] 
[0.5121939043806509, -0.057102459436095154, -0.001543661720851075, -0.15804913012351057, -1.2496641807384792, -1.181943197618424, 0.5935198599651295, 0.39935823927113495, 0.9387388955057177, 1.0653141962319843, -0.48567918121541404, 1.7020646101436978] 
[0.5254853400702675, -0.0703938951257117, -0.014835097410467624, -0.17134056581312712, -1.2363727450488626, -1.1952346333080406, 0.5850368263482262, 0.40918550435551465, 0.9249390037266587, 1.078175743341809, -0.47660314456659025, 1.7121316737949968] 
[0.4548578763940785, -0.1410213588019007, -0.08546256108665662, -0.10071310213693813, -1.1657452813726736, -1.2658620969842296, 0.7238296414028231, 0.5454097984394237, 0.9882825549473541, 1.0093268998897948, -0.5248942766184128, 1.65799085852553] 
[0.3511602361219832, -0.03732371852980543, 0.018235079185438652, 0.0029845381351571443, -1.269442921644769, -1.1621644567121343, 0.5309394327161281, 0.34035684930672694, 1.1270175430810763, 0.8994214730693799, -0.6631421824616763, 1.7996428343039739] 
[0.3406948698402441, -0.02685835224806632, 0.02870044546717776, 0.013449904416896252, -1.2589775553630298, -1.1516990904303952, 0.5388696567375844, 0.33298184496657435, 1.1166166645949636, 0.8887815165802075, -0.646288637104648, 1.7827824573508382] 
[0.3674555247408964, -0.05361900714871859, 0.00193979056652549, -0.013310750483756018, -1.285738210263682, -1.1784597453310475, 0.5591725751452845, 0.31364855430829286, 1.0910940533018083, 0.9148901759629879, -0.626871897842558, 1.8020234490387868] 
[0.2505977145509266, 0.06323880304125118, -0.11491801962344428, -0.13016856067372579, -1.1688804000737123, -1.2953175555210172, 0.7391704035617047, 0.48966053036783436, 1.1993739291347523, 1.0312687129273084, -0.44279888104751935, 1.617631744694587] 
[0.13704695253084753, 0.17678956506133026, -0.0013672576033652017, -0.01661779865364671, -1.0553296380536332, -1.1817667935009382, 0.6466100718959116, 0.5744746838729958, 1.103530354062023, 0.9206745735725371, -0.2858127084536222, 1.465114744114915] 
[0.3314643752613964, 0.3712069877918791, 0.19305016512718365, 0.17779962407690214, -0.8609122153230844, -1.376184216231487, 0.876981876612503, 0.8418154969442804, 1.34426452946934, 1.1135851369266008, -0.14140314962152145, 1.6118826297668298] 
[0.3546199651507205, 0.3943625776812032, 0.16989457523785956, 0.15464403418757805, -0.8840678052124085, -1.399339806120811, 0.8563034893049636, 0.8499839874073958, 1.318371805966711, 1.0824041750463902, -0.17206797502206958, 1.6394649609949337] 
[0.3105871679008618, 0.35032978043134455, 0.1258617779880009, 0.1106112369377194, -0.9281006024622671, -1.3553070088709525, 0.8169406174504019, 0.8645510606149395, 1.2709329698323988, 1.0267809855591774, -0.21646863437409736, 1.6012206004065235] 
[0.25364445879803443, 0.29338707132851716, 0.1828044870908283, 0.1675539460405468, -0.9850433115650945, -1.4122497179737799, 0.9072901035813906, 0.9809289164472124, 1.3742635037718138, 1.100663928434831, -0.14285925556859347, 1.531755638811876] 
[0.36346082985382, 0.1835707002727316, 0.29262085814661387, 0.27737031709633236, -0.8752269405093089, -1.3024333469179943, 1.0619682673843536, 1.1676888266950964, 1.5188011493793947, 1.0033947611963918, -0.2780137934344003, 1.659104390734624] 
[0.311736869033864, 0.13184673945277559, 0.24089689732665787, 0.32909427791628837, -0.8235029796893529, -1.2507093860980383, 1.0969089857878989, 1.1196733053585723, 1.4667414460452457, 1.0309201084948185, -0.3375200880826968, 1.7224782077504583] 
[0.2595267563566981, 0.1840568521299415, 0.18868678464949196, 0.3813043905934543, -0.8757130923665188, -1.3029194987752042, 1.0600504924254495, 1.1701637092425548, 1.544814759635128, 1.1190650463048772, -0.2509750911213573, 1.651365035208893] 
[0.3491943566088789, 0.0943892518777607, 0.27835438490167275, 0.47097199084563507, -0.786045492114338, -1.392587099027385, 0.9839347299509154, 1.2238793174785028, 1.4484189469930198, 1.0252253895354073, -0.19831930081258548, 1.7310976223173071] 
[0.42593563151344926, 0.1711305267823311, 0.20161310999710236, 0.5477132657502055, -0.8627867670189084, -1.3158458241228146, 1.1024005642411405, 1.3463759883560371, 1.5118795099851505, 0.9279544975795004, -0.31508571111642597, 1.8208901679473182] 
[0.3022341707228182, 0.29483198757296214, 0.07791164920647131, 0.42401180495957447, -0.7390853062282774, -1.1921443633321835, 1.1976875048002977, 1.2765850592411359, 1.61136385010054, 0.8471452569240597, -0.2363211045376742, 1.9317090111431316] 
[0.29083280261399014, 0.28343061946413406, 0.08931301731529939, 0.4126104368507464, -0.7504866743371055, -1.2035457314410116, 1.1901770415259938, 1.2902464463226775, 1.627269873789294, 0.8578461530152623, -0.24219328309308835, 1.9216404036528174] 
[0.22679339992980263, 0.34747002214832157, 0.1533524199994869, 0.3485710341665589, -0.686447271652918, -1.2675851341251991, 1.2756939688027695, 1.368258789134793, 1.5914031052994906, 0.951612594923347, -0.13079310000733446, 1.832611659604437] 
[0.09510959902839278, 0.4791538230497314, 0.28503622090089675, 0.21688723326514903, -0.8181310725543278, -1.399268935026609, 1.0918718197932291, 1.1216441666616794, 1.3594228030940545, 0.8076717475191552, -0.05780376197233773, 1.951313477847433] 
[0.16378094971046298, 0.5478251737318016, 0.21636487021882655, 0.14821588258307883, -0.886802423236398, -1.4679402857086792, 1.0343553784887105, 1.254012590337818, 1.5150537412158878, 0.9252889224263444, 0.02027216847030293, 2.0104860347147206] 
[0.17238681340582462, 0.5564310374271633, 0.2077590065234649, 0.15682174627844048, -0.8954082869317597, -1.4765461494040408, 1.0248891716552473, 1.2478314714297551, 1.5225103608703503, 0.9360634863439021, 0.029238216515773113, 2.018386215477043] 
[0.22911499634287824, 0.49970285449010965, 0.1510308235864113, 0.2135499292154941, -0.838680103994706, -1.5332743323410944, 1.076618251347278, 1.213510537822254, 1.5517213434146473, 0.8780121212017689, -0.03750325576655311, 2.0799564068500422] 
[0.061142635724965144, 0.33173049387219655, 0.3190031842043244, 0.3815222898334072, -0.670707743376793, -1.3653019717231814, 1.1905767454085046, 0.9425540330194748, 1.2792462735069055, 1.0368366330976362, 0.14827068627953774, 2.2428632524961936] 
[0.1734234646111712, 0.2194496649859905, 0.43128401309053044, 0.49380311871961324, -0.5584269144905869, -1.4775828006093874, 1.0821497679825693, 1.009260665832905, 1.1518936587907918, 0.9072509260629703, 0.21233227348807393, 2.3476035757843876] 
[0.21607249288841746, 0.17680063670874424, 0.3886349848132842, 0.451154090442367, -0.5157778862133406, -1.4349337723321411, 1.135170553123095, 1.0708444039425369, 1.203256671240397, 0.8981156332847301, 0.25357526099548083, 2.303163518705405] 
[0.24038823591784708, 0.20111637973817387, 0.36431924178385455, 0.42683834741293736, -0.491462143183911, -1.4592495153615708, 1.113682749361311, 1.084243594416952, 1.1631165509721026, 0.8446309926940165, 0.20886296563968126, 2.3301673215700363] 
[0.22610591525891865, 0.2153987003971023, 0.3500369211249261, 0.41255602675400893, -0.5057444638428394, -1.4735318360204992, 1.1240445233712888, 1.0674374840011325, 1.1358611679803574, 0.8133970677597108, 0.18455600231425337, 2.317047320900914] 
[0.14498270558579907, 0.2965219100702219, 0.4311601307980457, 0.33143281708088934, -0.586867673515959, -1.3924086263473796, 1.2352411567276718, 1.2047567658645648, 1.2986062468469566, 0.9918042754986368, 0.32822557276728404, 2.2297320760941925] 
[0.12391285074218916, 0.275452055226612, 0.4100902759544358, 0.31036296223727944, -0.5657978186723491, -1.4134784811909895, 1.2089720146568734, 1.1671271826752723, 1.2493804181983286, 0.9434576553359607, 0.29299314126002474, 2.254075463869227] 
[0.10213749064366229, 0.29722741532513886, 0.38831491585590894, 0.28858760213875256, -0.5440224585738223, -1.4352538412895164, 1.2344858270173538, 1.198559464098256, 1.276135605595518, 0.9357927642657334, 0.3113320481276745, 2.2743841471831265] 
[0.18336149855944117, 0.21600340740935997, 0.30709090794013005, 0.36981161005453145, -0.46279845065804337, -1.3540298333737375, 1.3218156645895336, 1.2611902477510433, 1.1756103123676043, 0.8315161168088226, 0.3638441499231055, 2.3520873501806703] 
[0.17803709129702372, 0.21067900014694252, 0.3124153152025475, 0.364487202792114, -0.4681228579204608, -1.359354240636155, 1.328528456824431, 1.2689858452896283, 1.181960757551162, 0.8295549569326087, 0.36908263074348036, 2.34629394828274] 
[0.2273451330227576, 0.2599870418726764, 0.3617233569282814, 0.3151791610663801, -0.5174308996461947, -1.4086622823618888, 1.3874716558024731, 1.324621786647624, 1.1621501537422358, 0.8957932104512886, 0.44338655713504554, 2.2904118672745164] 
[0.24229441628439718, 0.24503775861103683, 0.3467740736666418, 0.3301284443280197, -0.5024816163845551, -1.4236115656235284, 1.3988399382922054, 1.3081813840248797, 1.1452135733216746, 0.9015253838784655, 0.42866189100276986, 2.306478977378697] 
[0.3118949298875424, 0.31463827221418206, 0.2771735600634966, 0.3997289579311649, -0.4328811027814099, -1.4932120792266736, 1.3132140472760852, 1.2393330528626714, 1.2385945211572513, 1.0266564880217672, 0.5274862040090214, 2.3694765546042067] 
[0.22376047206223393, 0.40277273003949055, 0.1890391022381881, 0.31159450010585643, -0.5210155606067184, -1.4050776214013652, 1.3921654766695308, 1.207862587899467, 1.357288924668067, 1.191349193403893, 0.6690687601973713, 2.453370629360957] 
[0.21683839192762622, 0.40969481017409826, 0.1959611823727958, 0.3046724199712487, -0.5140934804721107, -1.3981555412667575, 1.383970259164024, 1.2016260328559238, 1.3635717390236755, 1.2016916038067553, 0.6782066874661494, 2.4595785136849226] 
[0.2760425647690272, 0.35049063733269725, 0.1367570095313948, 0.24546824712984772, -0.45488930763070967, -1.4573597141081585, 1.4673824495541206, 1.3242986416665399, 1.486772405602441, 1.3025891477262141, 0.7590152318238172, 2.5122708238673] 
[0.32346212124795914, 0.30307108085376533, 0.18417656601032673, 0.29288780360877964, -0.40746975115177775, -1.4099401576292265, 1.406880249764811, 1.2731906368179862, 1.5228244033389664, 1.3457342934359486, 0.7185444565439598, 2.5616427796717294] 
[0.3690974046298965, 0.257435797471828, 0.22981184939226407, 0.2472525202268423, -0.3618344677698404, -1.3643048742472892, 1.3669958323916498, 1.2921475697747316, 1.4704182836759412, 1.2737613287600462, 0.6511311640921409, 2.6113746198086707] 
[0.28717402338555575, 0.3393591787161687, 0.14788846814792334, 0.16532913898250157, -0.2799110865254997, -1.44622825549163, 1.2978221396453913, 1.32869168763729, 1.3785303720733786, 1.18754884956351, 0.7199456127080501, 2.5246087333157874] 
[0.3083528723978073, 0.3181803297039172, 0.16906731716017487, 0.1865079879947531, -0.25873223751324814, -1.4674071045038815, 1.3296107804041595, 1.3684154582312054, 1.4103720542985272, 1.1738271724769351, 0.7397174993445845, 2.5027604584923506] 
[0.2763227543069202, 0.2861502116130301, 0.1370371990692878, 0.21853810608564017, -0.2907623556041352, -1.4994372225947685, 1.2794142038671934, 1.3053935687475473, 1.3541419597020454, 1.137646438341929, 0.7662033912183053, 2.4700430941315497] 
[0.3228474781532522, 0.3326749354593621, 0.1835619229156198, 0.26506282993197217, -0.3372870794504672, -1.4529124987484365, 1.3395489540922143, 1.3573945668800451, 1.3159922479472155, 1.093768055003285, 0.8027861177969431, 2.5158378498128604] 
[0.27823249327755906, 0.28805995058366896, 0.13894693803992664, 0.3096778148076653, -0.29267209457477406, -1.4082975138727434, 1.368636770286728, 1.3056154319253541, 1.2638183828577254, 1.1430638188721598, 0.8577845357954785, 2.5583870099722916] 
[0.29117131099854165, 0.30099876830465155, 0.15188575576090924, 0.3226166325286479, -0.27973327685379146, -1.3953586961517608, 1.3878922330797863, 1.3296021002502185, 1.2859121324965375, 1.1641404925293295, 0.8762754316266413, 2.5705037885680833] 
[0.24574072403846148, 0.34642935526473173, 0.1973163427209894, 0.27718604556856774, -0.32516386381387163, -1.3499281091916806, 1.455893337599856, 1.4119258332201574, 1.3509202074105504, 1.1383614437701026, 0.911939066086384, 2.6143044068563883] 
[0.26162648671575073, 0.3305435925874425, 0.21320210539827866, 0.293071808245857, -0.3410496264911609, -1.3340423465143914, 1.4444433819507958, 1.4313112235376597, 1.369869350548339, 1.1203345409039271, 0.8903020351950864, 2.6316466817436375] 
[0.2509527223446131, 0.31986982821630483, 0.202528341027141, 0.28239804387471934, -0.33037586212002323, -1.344716110885529, 1.457841182687909, 1.4424456375736516, 1.3606755088163782, 1.1102521107792622, 0.8991444972257304, 2.6203087968011616] 
[0.24787839574254522, 0.316795501614237, 0.19945401442507316, 0.2854723704767872, -0.3334501887220911, -1.3477904374875969, 1.4621905314113188, 1.4478544410026515, 1.36506338300898, 1.1086147178192438, 0.9015932878315266, 2.6232121081596547] 
[0.20209051992916005, 0.2710076258008518, 0.15366613861168799, 0.23968449466340203, -0.2876623129087059, -1.393578313300982, 1.4053689935534623, 1.4005278814651287, 1.4046176506842836, 1.151656573508241, 0.8636684602645099, 2.671634161541409] 
[0.24987105528791775, 0.3187881611596095, 0.2014466739704457, 0.28746503002215973, -0.3354428482674636, -1.3457977779422243, 1.363689817119589, 1.4320770812493573, 1.3730896774498138, 1.2080307007816717, 0.921946966676654, 2.716583166335128] 
[0.2656322784833012, 0.3030269379642261, 0.18568545077506227, 0.2717038068267763, -0.35120407146284705, -1.330036554746841, 1.3778058697139648, 1.4250709917926134, 1.391374180525799, 1.23331969889874, 0.9455688800420068, 2.699158260448554] 
[0.29362698439200474, 0.2750322320555225, 0.21368015668376583, 0.24370910091807274, -0.3791987773715506, -1.3580312606555445, 1.342260186602396, 1.3949343968123866, 1.4152770443510447, 1.2594569571786338, 0.9216860136467531, 2.7290402166300938] 
[0.2621107999213119, 0.2435160475848297, 0.24519634115445865, 0.27522528538876556, -0.41071496184224343, -1.3895474451262373, 1.3007889620456843, 1.359195377820288, 1.4441261674945627, 1.291832307721533, 0.8995253246540192, 2.6992050934033123] 
[0.2444252626135348, 0.2612015848926068, 0.22751080384668154, 0.29291082269654267, -0.3930294245344663, -1.4072329824340144, 1.2783578653362515, 1.3403244645228398, 1.463848046752238, 1.319618213503852, 0.9228137806739456, 2.715277624231238] 
[0.26335334686248646, 0.24227350064365516, 0.2464388880956332, 0.3118389069454943, -0.37410134028551467, -1.426161066682966, 1.2643371161652506, 1.3613148010058334, 1.4857242117360305, 1.3091885741812803, 0.9379555357485689, 2.733301628840371] 
[0.25922371178225023, 0.2464031357238914, 0.24230925301539696, 0.31596854202573055, -0.3782309753657509, -1.4302907017632023, 1.258495900874354, 1.3545420891282842, 1.4805296798243375, 1.3112139373346205, 0.9345853987696778, 2.7293409407572264] 
[0.27429713803417033, 0.2313297094719713, 0.25738267926731706, 0.30089511577381045, -0.3631575491138308, -1.4152172755112822, 1.278161566620037, 1.3730153779198544, 1.4740250221978923, 1.3308388212188962, 0.9559529859194705, 2.713217193981811] 
[0.27892755788832235, 0.22669928961781927, 0.2620130991214691, 0.2962646959196584, -0.3677879689679828, -1.4105868556571302, 1.2841669246624436, 1.3782302905307267, 1.469345050906983, 1.3259259342076832, 0.9590322346100946, 2.7176857368523253] 
[0.24804428385281585, 0.25758256365332577, 0.23112982508596258, 0.2653814218841519, -0.39867124300348933, -1.4414701296926367, 1.3098739190191582, 1.3589359893702981, 1.4918283688268366, 1.3078100307119973, 0.9869268758626984, 2.685272198835994] 
[0.23323820933010597, 0.27238863817603565, 0.2163237505632527, 0.2801874964068618, -0.4134773175261992, -1.4562762042153465, 1.2992808926005899, 1.376681945846795, 1.514520583413105, 1.3247462074100813, 0.9753632809471954, 2.7006369249055235] 
[0.22456394181161587, 0.26371437065754555, 0.2249980180817428, 0.2715132288883717, -0.4221515850446893, -1.4476019366968564, 1.305513934810553, 1.365715457885955, 1.5001267724405252, 1.3100683242525337, 0.9626512534460183, 2.709872082283195] 
[0.22093752034951808, 0.26008794919544775, 0.2286244395438406, 0.2751396503504695, -0.4257780065067871, -1.4512283581589542, 1.3023105455653177, 1.367683206730056, 1.496211033350578, 1.3063248949669357, 0.9655677029971496, 2.7061042022709882] 
[0.21351298867007062, 0.2675124808748952, 0.22119990786439314, 0.26771511867102205, -0.43320253818623455, -1.4586528898384017, 1.3124462003033532, 1.3804851676823517, 1.5094317906552925, 1.3189809390231098, 0.9757129517582068, 2.71304770287785] 
[0.21638556794897457, 0.27038506015379915, 0.22407248714329708, 0.2648425393921181, -0.4360751174651385, -1.4615254691173056, 1.3150144635630268, 1.3789960330965971, 1.5128384403430961, 1.323437425491991, 0.9795070818364411, 2.715748394769329] 
[0.23271402015500686, 0.25405660794776685, 0.24040093934932938, 0.2485140871860858, -0.4524035696711708, -1.477853921323338, 1.3346454481994772, 1.3949579760774546, 1.4954288337165116, 1.298560691298653, 0.9581075141536406, 2.700371293799299] 
[0.28321793856767985, 0.30456052636043984, 0.29090485776200237, 0.2990180055987588, -0.4018996512584978, -1.427350002910665, 1.3980366195428833, 1.4526922847664057, 1.4662968369753009, 1.3328473186283083, 0.9129145070639333, 2.7526523360160913] 
[0.27465336594747103, 0.31312509898064866, 0.28234028514179355, 0.29045343297855, -0.393335078638289, -1.4359145755308738, 1.3854241533693068, 1.4375081112313728, 1.4544877892284205, 1.3364567067567505, 0.9057245014918802, 2.744471982420485] 
[0.27407914418582524, 0.31369932074229445, 0.28176606338014776, 0.2898792112169042, -0.3927608568766432, -1.4364887972925195, 1.3846651794896365, 1.4367920891365673, 1.4546775510219978, 1.3357456612483325, 0.9049962227237928, 2.7439337236922334] 
[0.2804822432296301, 0.3072962216984896, 0.28816916242395263, 0.29628231026070906, -0.3863577578328383, -1.4428918963363244, 1.3754207067468907, 1.4257555682193144, 1.4467804592516533, 1.3422765728578405, 0.9133906598151262, 2.737118354765281] 
[0.267648953764996, 0.29446293223385545, 0.30100245188858676, 0.2834490207960749, -0.3735244683682042, -1.4557251858009586, 1.39235834171298, 1.44131108375003, 1.4405122934113974, 1.3508845244651742, 0.9033581125642246, 2.724746271576049] 
[0.2928915009573376, 0.3197054794261971, 0.2757599046962451, 0.2582064736037333, -0.34828192117586254, -1.4809677329933002, 1.4137248630286265, 1.4259957736880695, 1.457420696393266, 1.3353180729911094, 0.923747240282916, 2.7491686675129987] 
[0.2810646270147312, 0.3078786054835907, 0.2639330307536387, 0.2700333475463397, -0.33645504723325614, -1.4927946069359066, 1.4295404635019222, 1.4405483002574748, 1.4518625499522253, 1.343542059148158, 0.9141613645800089, 2.737625543783564] 
[0.27793110758415085, 0.3110121249141711, 0.2670665501842191, 0.27316686697692005, -0.3395885666638365, -1.495928126366487, 1.4335627772604882, 1.4439106671083348, 1.4488938575684231, 1.3402857781852808, 0.9165825042615271, 2.734431996140539] 
[0.30456349400977945, 0.2843797384885425, 0.2404341637585905, 0.29979925340254865, -0.3129561802382079, -1.5225605127921156, 1.4162903002098666, 1.4797444071371628, 1.4972051687782217, 1.387852494010014, 0.9542684903274157, 2.7601602421782876] 
[0.310637830376854, 0.2783054021214679, 0.23435982739151595, 0.2937249170354741, -0.3190305166052825, -1.5286348491591901, 1.4204228508073875, 1.4729981716866678, 1.490044661828335, 1.3909093893319726, 0.9489411624504472, 2.7663101338454568] 
[0.3240027755155299, 0.264940456982792, 0.22099488225284003, 0.2803599718967982, -0.30566557146660656, -1.5152699040205142, 1.438345038888201, 1.4885040243283196, 1.4777562438876697, 1.377487372392686, 0.9585495464380468, 2.779553497489772] 
[0.28263656830268746, 0.30630666419563446, 0.2623610894656825, 0.32172617910964063, -0.347031778679449, -1.5566361112333567, 1.4648465013449234, 1.4401248912085445, 1.4151788601740838, 1.3307850687214118, 0.9872353774873025, 2.8204593316020703] 
[0.28138434235766385, 0.30755889014065807, 0.2611088635206589, 0.32297840505466424, -0.3482840046244726, -1.555383885288333, 1.4666754326447549, 1.4422937118065606, 1.4167173677685128, 1.3294199264623798, 0.9855853556040444, 2.821719096078187] 
[0.25640861507806423, 0.28258316286105845, 0.2860845908002585, 0.2980026777750646, -0.37325973190407225, -1.5803596125679327, 1.4828063939071974, 1.40887379303371, 1.3714692230161152, 1.282777551724408, 0.9470406538294244, 2.846887079275804] 
[0.292447728603771, 0.24654404933535168, 0.25004547727455173, 0.26196356424935785, -0.3372206183783655, -1.6163987260936394, 1.4380084214450488, 1.3729104609196916, 1.413926972824671, 1.3434754542775937, 0.999120491590953, 2.883099802205098] 
[0.3135099518387381, 0.26760627257031877, 0.2711077005095188, 0.28302578748432494, -0.35828284161333257, -1.6374609493286065, 1.422972712450052, 1.3944661161416934, 1.4346716863188564, 1.3210479000688558, 0.9730489319845168, 2.9037822032240155] 
[0.3310568289060878, 0.2500593955029691, 0.2535608234421691, 0.26547891041697524, -0.37582971868068227, -1.6550078263959562, 1.447221165218078, 1.416998296986082, 1.425483518123666, 1.3327341379590176, 0.9588331473780576, 2.921010214896394] 
[0.3418472842421696, 0.23926894016688727, 0.26435127877825093, 0.25468845508089344, -0.3866201740167641, -1.6442173710598744, 1.4398524119560592, 1.427863151213779, 1.436055818511874, 1.3213094619693486, 0.945653318197098, 2.931408026313823] 
[0.34191991872968575, 0.23934157465440342, 0.2644239132657671, 0.2547610895684096, -0.3866928085042802, -1.6442900055473906, 1.4397942564281472, 1.4279076091249647, 1.436012961833566, 1.3213916765212415, 0.9457425905760138, 2.931337781384638] 
[0.3356442680552394, 0.23306592397995707, 0.27069956394021344, 0.24848543889396324, -0.3929684591787266, -1.6380143548729442, 1.4296385181306859, 1.415995949287993, 1.4252145571954133, 1.3134356168026233, 0.9500607211244568, 2.925177846924318] 
[0.3072532784941575, 0.26145691354103895, 0.24230857437913156, 0.22009444933288136, -0.42135944873980846, -1.6096233653118623, 1.3852044474378622, 1.3659351803038218, 1.389856352964701, 1.3275211923031713, 0.925445804762491, 2.9529551720166034] 
[0.3006762249992032, 0.26803396703599325, 0.23573152088417726, 0.22667150282783566, -0.41478239524485416, -1.603046311816908, 1.3809468966416922, 1.3738742500309413, 1.4007513300883196, 1.3382154273706217, 0.9339913377277668, 2.946510517328184] 
[0.3200903752045139, 0.24861981683068257, 0.25514567108948794, 0.24608565303314633, -0.43419654545016484, -1.6224604620222187, 1.4099182956404075, 1.4073390508525438, 1.4242376871375257, 1.3192649441532676, 0.9105376934395627, 2.9267994017619796] 
[0.3322478814478582, 0.2607773230740269, 0.2429881648461436, 0.25824315927649066, -0.44635405169350917, -1.634617968265563, 1.4269110847696374, 1.4231935955838029, 1.4176653849813887, 1.3277029540738157, 0.9004363282407958, 2.9387440722295888] 
[0.33702587675653706, 0.25599932776534806, 0.23821016953746477, 0.2534651639678118, -0.451132047002188, -1.6393959635742419, 1.4229941224897702, 1.4259258109225632, 1.4142356164105994, 1.3308256688160958, 0.8964809369586914, 2.943416779552529] 
[0.3244137429714786, 0.2686114615504065, 0.2508223033225232, 0.2408530301827534, -0.46374418078724644, -1.6520080973593003, 1.4337284733167965, 1.4200559980104117, 1.4284822760506484, 1.3443907178373091, 0.8864703678241346, 2.9305150391107913] 
[0.2961689160240535, 0.29685628849783163, 0.27906713026994834, 0.21260820323532825, -0.4919890077346716, -1.6802529243067255, 1.4735645502567882, 1.4577728568539894, 1.4171127615284553, 1.377457744783236, 0.9225890802018855, 2.9600326425816097] 
[0.3008640845320929, 0.2921611199897922, 0.28376229877798775, 0.21730337174336767, -0.48729383922663216, -1.6849480928147649, 1.4765962604774991, 1.4518126154078814, 1.4092631467674088, 1.3714323984093952, 0.9264536453129782, 2.964922739915585] 
[0.332017918960928, 0.2610072855609571, 0.25260846434915263, 0.2484572061722028, -0.5184476736554673, -1.6537942583859297, 1.4356429885396387, 1.4172817220577647, 1.4404841874979706, 1.40652119855885, 0.9032766103468123, 2.9948695208195284] 
[0.2932581234686953, 0.29976708105318983, 0.29136825984138537, 0.20969741067997005, -0.47968787816323455, -1.6925540538781625, 1.4964087858748816, 1.4871616551737525, 1.491218129848897, 1.3871545966531094, 0.9396321391468172, 3.0350769747934354] 
[0.259184879143908, 0.2656938367284025, 0.3254415041661727, 0.24377065500475736, -0.5137611224880219, -1.6584808095533752, 1.4664069583587287, 1.5019034622742033, 1.450426122063373, 1.3472556765864923, 0.968602929844017, 3.070738538108916] 
[0.2432980277508381, 0.2815806881214724, 0.3095546527731028, 0.22788380361168747, -0.5296479738810917, -1.674367660946445, 1.477429337111706, 1.482233097918381, 1.423358671860111, 1.3257111467925236, 0.9808836936595053, 3.0871383013240155] 
[0.23723958275564772, 0.27552224312628204, 0.31561309776829316, 0.23394224860687785, -0.5235895288859014, -1.6683092159512547, 1.4828639289565315, 1.4795373056825807, 1.431553387383402, 1.3356340746634154, 0.9891143698680775, 3.093615550951615] 
[0.22016963783105825, 0.2584522982016926, 0.3326830426928826, 0.2510121935314673, -0.5406594738104908, -1.6853791608758442, 1.4973156423217324, 1.4679602128305471, 1.440402978323832, 1.317357929056226, 0.9693204921712406, 3.10974820753967] 
[0.23146675186571986, 0.24715518416703097, 0.321385928658221, 0.2397150794968057, -0.5293623597758292, -1.6740820468411826, 1.4885561784045762, 1.4799789280859084, 1.4513094659704433, 1.3068167192081743, 0.9565039575064016, 3.1203147430133766] 
[0.23677277122475604, 0.25246120352606716, 0.31607990929918484, 0.2450210988558419, -0.5346683791348654, -1.6687760274821464, 1.4957231045777641, 1.4883450243216685, 1.4577977911021462, 1.3044376062460736, 0.9616288573252987, 3.125879959790583] 
[0.21673606209616625, 0.27249791265465695, 0.29604320017059504, 0.2249843897272521, -0.5547050882634552, -1.6888127366107362, 1.5109882556815728, 1.4673370717883625, 1.4385663026409636, 1.3237994242058047, 0.9865337732655202, 3.147121007792102] 
[0.19558354396650546, 0.29365043078431774, 0.31719571830025584, 0.2461369078569129, -0.5335525701337944, -1.709965254740397, 1.4946428377107508, 1.4905476173738135, 1.4602176238889184, 1.304315468644587, 0.9630398969525106, 3.166853291073601] 
[0.20781526712957432, 0.2814187076212489, 0.30496399513718697, 0.23390518469384403, -0.5213208469707256, -1.697733531577328, 1.4840209625936978, 1.4992017818564312, 1.4542803332954803, 1.3179911145638625, 0.9789088026285933, 3.1801708603581367] 
[0.21106853522282054, 0.27816543952800266, 0.3082172632304332, 0.2306519166005978, -0.5245741150639718, -1.7009867996705743, 1.48684783868025, 1.4970505297152625, 1.45637023051921, 1.3158322674392111, 0.9815586267448988, 3.177080109943589] 
[0.18942027410048712, 0.25651717840566923, 0.3298655243527666, 0.25230017772293123, -0.5462223761863052, -1.7226350607929077, 1.503688168187497, 1.4731840995749805, 1.4344402704911243, 1.3363426239021141, 1.0085525483716453, 3.200437065026018] 
[0.1766715205651035, 0.2437684248702856, 0.317116770817383, 0.2395514241875476, -0.5334736226509216, -1.7353838143282914, 1.4874042525065552, 1.4537738508957156, 1.4187632123767417, 1.341772756128468, 0.9958561633535199, 3.186722315258195] 
[0.21533210675306935, 0.28242901105825147, 0.2784561846294171, 0.27821201037551346, -0.4948130364629557, -1.7740444005162572, 1.4427392866839848, 1.418569477508918, 1.467816703117947, 1.404162305775071, 1.043812217662655, 3.1519433223554802] 
[0.21485792955276994, 0.2829031882585509, 0.27893036182971653, 0.27773783317521406, -0.4952872136632551, -1.7745185777165566, 1.4423320725449869, 1.4188957979089454, 1.4675710876064025, 1.404726232493203, 1.0444667069077982, 3.152477821843379] 
[0.23413445995543358, 0.26362665785588724, 0.29820689223238017, 0.2584613027725504, -0.4760106832605915, -1.7937951081192203, 1.468665100624896, 1.4533625636024619, 1.5049453452264254, 1.4403643690269137, 1.0740435343635815, 3.1744894011442386] 
[0.23802489435167362, 0.2675170922521273, 0.29431645783614013, 0.26235173716879046, -0.47212024886435144, -1.7899046737229802, 1.474074479983463, 1.460143997612223, 1.5118767034674756, 1.445461737464207, 1.0708481661786735, 3.1702858994246705] 
[0.25459231338392274, 0.2840845112843764, 0.277749038803891, 0.24578431813654134, -0.48868766789660056, -1.7733372546907311, 1.4972738505829573, 1.489308651433972, 1.541659496561046, 1.4678365994282996, 1.0607159890499154, 3.185886026119472] 
[0.2383319575626064, 0.26782415546306004, 0.26148868298257466, 0.2620446739578577, -0.5049480237179169, -1.7895976105120475, 1.5181486610848849, 1.5083958625368579, 1.5331497300789876, 1.4786936419293453, 1.0450780839632379, 3.168193246687803] 
[0.21813342832553206, 0.24762562622598572, 0.24129015374550034, 0.24184614472078336, -0.4847494944808426, -1.7693990812749731, 1.4897560460557093, 1.472404085615214, 1.4955942316175996, 1.443741514227737, 1.0190047475895894, 3.1857474035070865] 
[0.24127736611413186, 0.22448168843738592, 0.26443409153410014, 0.26499008250938316, -0.5078934322694424, -1.792543019063573, 1.5097159332906143, 1.457227963953102, 1.5118623622115428, 1.428850089858034, 1.0413283337381232, 3.21088402059264] 
[0.24730476195799755, 0.21845429259352023, 0.2704614873779658, 0.25896268666551747, -0.5018660364255767, -1.7985704149074386, 1.501487509532497, 1.4477793839185646, 1.5046518993261728, 1.4320556443305084, 1.0365806072756207, 3.2164213151434558] 
[0.2634944892809823, 0.23464401991650496, 0.2542717600549811, 0.2751524139885022, -0.5180557637485614, -1.782380687584454, 1.4873324344033756, 1.4562935063833216, 1.4834511491573277, 1.4053430254257058, 1.012647984500455, 3.19771850871841] 
[0.26539775286216627, 0.23654728349768894, 0.25617502363616507, 0.27324915040731823, -0.5199590273297454, -1.7842839511656379, 1.4900188241940688, 1.4593849716227916, 1.4857879844096482, 1.404331901914141, 1.0141447618185584, 3.195965047057045] 
[0.2654496558249331, 0.23659918646045575, 0.25622692659893187, 0.27330105337008503, -0.5199071243669786, -1.784232048202871, 1.49009234384213, 1.4594697465899935, 1.4858525534802416, 1.404307113539664, 1.0141968449113257, 3.1960222292042793] 
[0.27964882814763103, 0.22240001413775778, 0.27042609892162983, 0.2591018810473871, -0.5057079520442807, -1.798431220525569, 1.4781812230890188, 1.4684412835790857, 1.4758440919346403, 1.4136976810789463, 1.0034540167432333, 3.209132874995428] 
[0.26869936880289447, 0.21145055479302122, 0.25947663957689326, 0.2481524217026505, -0.4947584926995441, -1.8093806798703056, 1.46909655244807, 1.4753679173103764, 1.4681247203835173, 1.4209038875069848, 0.9951251348550313, 3.2192021926449605] 
[0.265845149403346, 0.20859633539347278, 0.2623308589764417, 0.25100664110219895, -0.4976127120990925, -1.8065264604707572, 1.4666318705436072, 1.476868650154094, 1.464475241330115, 1.4164266189300052, 0.991604316044738, 3.2216734335241557] 
[0.25300680986123214, 0.22143467493558666, 0.24949251943432782, 0.23816830156008506, -0.48477437255697864, -1.819364800012871, 1.4835907058580062, 1.4928998599889185, 1.4584327701088604, 1.4314910122677473, 1.0092097710252588, 3.2364129532665156] 
[0.247054231820665, 0.2273872529761538, 0.24353994139376067, 0.2441208796006522, -0.4907269505975458, -1.8253173780534382, 1.4753301561131646, 1.4834488724855492, 1.4512446058610473, 1.4345319097463192, 1.0031337049205389, 3.229783442707531] 
[0.2358637638598029, 0.2385777209370159, 0.25473040935462277, 0.2553113475615143, -0.4795364826366837, -1.8365078460143003, 1.4609250762267152, 1.46995648222, 1.4565720044139325, 1.4213684644748932, 0.9877271671367065, 3.2168190904969483] 
[0.22987449403087257, 0.23258845110808557, 0.2607196791835531, 0.26130061739044463, -0.485525752465614, -1.83051857618537, 1.456395866279771, 1.4763866548688354, 1.4631797653539982, 1.417943781943695, 0.9923350809822401, 3.2113699885039364] 
[0.23366526636995988, 0.23637922344717288, 0.2569289068444658, 0.26509138972953195, -0.4817349801265267, -1.8267278038462826, 1.45304980573287, 1.4783923921065114, 1.4583692892424913, 1.4119407914310036, 0.9875944361355723, 3.2146118930211167] 
[0.2381112141739965, 0.2408251712512095, 0.2613748546485024, 0.2606454419254953, -0.4772890323224901, -1.8311737516503193, 1.4497814891091179, 1.4836238439043552, 1.465273208647849, 1.4174155362264043, 0.9848459144061801, 3.2187467349984096] 
[0.24622965225366644, 0.23270673317153956, 0.25325641656883247, 0.2525270038458254, -0.46917059424282015, -1.8392921897299892, 1.4598648162678833, 1.4922018691982406, 1.4570102087818537, 1.4088983686239283, 0.9921034038243519, 3.227694478348004] 
[0.26818888149386555, 0.25466596241173867, 0.2752156458090316, 0.2744862330860245, -0.49112982348301926, -1.8612514189701883, 1.4784518152101183, 1.477983787948119, 1.4724021727391994, 1.3941200879943785, 1.0085456963082884, 3.207644888933149] 
[0.28388562668563, 0.2703627076035031, 0.2595189006172671, 0.25878948789426004, -0.5068265686747837, -1.8455546737784239, 1.4554552257406534, 1.449517592147853, 1.44300538679704, 1.3662887112746767, 0.9881430833173095, 3.220689072975683] 
[0.2788189392056306, 0.26529602012350373, 0.2645855880972665, 0.2638561753742594, -0.5017598811947843, -1.8506213612584232, 1.4486607068488837, 1.4431161635550083, 1.445019833952591, 1.3601566169444472, 0.9809893452598787, 3.214711629244615] 
[0.26132136604966294, 0.24779844696753606, 0.2820831612532342, 0.2813537485302271, -0.519257454350752, -1.868118934414391, 1.4611136727748466, 1.4241223260370859, 1.4252758183296406, 1.3699039572224931, 0.967667831203729, 3.2305008465430163] 
[0.25924772911831684, 0.24572481003618996, 0.2841567981845803, 0.279280111598881, -0.5171838174194059, -1.8660452974830448, 1.4637320912058067, 1.4262974003660003, 1.422839796228176, 1.3665967041214906, 0.9650673475610808, 3.2322112956246696] 
[0.269801569952288, 0.2562786508701611, 0.27360295735060913, 0.28983395243285215, -0.527737658253377, -1.876599138317016, 1.4729357463159367, 1.4208673996935068, 1.4354020792645859, 1.3789689850818496, 0.9586968655310097, 3.241884129603519] 
[0.25287211176503877, 0.23934919268291188, 0.29053241553785836, 0.2729044942456029, -0.5446671164406263, -1.8596696801297667, 1.4507428397993296, 1.4004533801139765, 1.4449144476168814, 1.3685280349504994, 0.9759683690872365, 3.2613228592029677] 
[0.25635784491131264, 0.24283492582918575, 0.2870466823915845, 0.2763902273918768, -0.5411813832943524, -1.8561839469834929, 1.4477003841464624, 1.4022771651876031, 1.440719727474555, 1.364385976359767, 0.9780865916184199, 3.258138209131823] 
[0.2723753546300667, 0.2268174161104317, 0.27102917267283044, 0.26037271767312276, -0.5251638735755984, -1.872201456702247, 1.4336089387143514, 1.4101028856690472, 1.4195452638793888, 1.3382773104079069, 0.9580573208877134, 3.2713611302517682] 
[0.2693588658558592, 0.22380092733622425, 0.2740456614470379, 0.2633892064473302, -0.5281803623498058, -1.8691849679280395, 1.437910467626698, 1.4150051945028024, 1.4231788571748736, 1.3366670068052628, 0.9603416361755731, 3.268673164324292] 
[0.27041449600595047, 0.2248565574863155, 0.27510129159712915, 0.26233357629723897, -0.5292359924998971, -1.8681293377779482, 1.439309598013339, 1.4163290129235593, 1.4227182939174923, 1.337932514818389, 0.9618531599104475, 3.2699450114613784] 
[0.2786040552523079, 0.23304611673267295, 0.2669117323507717, 0.2705231355435964, -0.5210464332535396, -1.8763188970243057, 1.4498182817308731, 1.4252348099782834, 1.4129482810431753, 1.3245519328627522, 0.949355972147473, 3.259970190422529] 
[0.26749774134839543, 0.24415243063658543, 0.2780180462546842, 0.2816294494475089, -0.5099401193496271, -1.8874252109282181, 1.4401725166782493, 1.4306931840795947, 1.39862853454411, 1.3068299613700247, 0.9356038069303347, 3.269092274211672] 
[0.2793678344874546, 0.2560225237756446, 0.266147953115625, 0.2697593563084497, -0.5218102124886863, -1.8992953040672773, 1.425061323941928, 1.418056331649917, 1.4124963855811214, 1.3257133974724444, 0.9504621362230736, 3.2593914572734963] 
[0.28501586476121576, 0.25037449350188345, 0.27179598338938615, 0.27540738658221087, -0.5274582427624475, -1.8936472737935162, 1.420339493075366, 1.4215283641910024, 1.4085942515688272, 1.3295076174765479, 0.9464385931021574, 3.26441585605813] 
[0.29135097142314836, 0.25670960016381605, 0.26546087672745355, 0.28174249324414347, -0.5337933494243801, -1.8873121671315836, 1.4288162618014864, 1.4293903972802537, 1.4051791976606312, 1.3339796849088799, 0.9419841142461456, 3.270066412553265] 
[0.2716974086015884, 0.2370560373422561, 0.2851144395490135, 0.3013960560657034, -0.55344691224594, -1.9069657299531435, 1.458424705421165, 1.4652207625280929, 1.4390575394191443, 1.3578404140432316, 0.9244459425749902, 3.247744864494943] 
[0.26994000297176046, 0.23881344297208407, 0.28335703391918554, 0.29963865043587545, -0.551689506616112, -1.9052083243233155, 1.4599433456488835, 1.4643054675360194, 1.4411117412091534, 1.3597383265201866, 0.9228127311715771, 3.24571704305245] 
[0.27529543737063267, 0.23345800857321186, 0.28871246831805775, 0.29428321603700325, -0.5570449410149843, -1.8998528899244433, 1.4521611602277014, 1.4549395781064443, 1.4320020073923985, 1.3531722268814568, 0.9275927352620306, 3.2518581224896854] 
[0.2719705586707579, 0.2367828872730866, 0.2920373470179325, 0.2909583373371285, -0.5537200623151095, -1.903177768624318, 1.4472974006087131, 1.4491205586577924, 1.42634227663461, 1.3490491505927187, 0.93056764906374, 3.255669395706921] 
[0.28238990221211213, 0.24720223081444082, 0.2816180034765783, 0.2805389937957743, -0.5641394058564637, -1.9135971121656723, 1.454465239410598, 1.4366691111140781, 1.4083011209276144, 1.3306704153073692, 0.9172053100883097, 3.263892343183727] 
[0.27691663091941154, 0.24172895952174023, 0.28709127476927887, 0.2750657225030737, -0.5696126771491643, -1.9081238408729717, 1.4465695350605872, 1.4277031440108374, 1.40227911110231, 1.336368015315198, 0.9251410390282211, 3.2707360902371647] 
[0.27647158511186265, 0.24217400532928912, 0.28753632057682776, 0.2755107683106226, -0.5700577229567132, -1.9076787950654228, 1.4471595160749815, 1.4282491578779903, 1.4020271709047505, 1.336642113554064, 0.9246656410828871, 3.2702093795487897] 
[0.27648574971391215, 0.24218816993133863, 0.28752215597477826, 0.2755249329126721, -0.5700718875587627, -1.9076646304633733, 1.4471471144368808, 1.4282558106329424, 1.4020080715763972, 1.3366179316847713, 0.9246430690226191, 3.2701913401866] 
[0.28454641252361657, 0.23412750712163422, 0.27946149316507385, 0.2835855957223765, -0.5781325503684671, -1.899603967653669, 1.4578392084357767, 1.4381853694572566, 1.397648190263938, 1.342294751488862, 0.9190480082431721, 3.2772915663488282] 
[0.26731390384576303, 0.25136001579948775, 0.2966940018429274, 0.266353087044523, -0.5609000416906136, -1.9168364763315224, 1.4827441044181173, 1.4662828450629126, 1.416638095931494, 1.3257718511253573, 0.9004804282188205, 3.29137850053323] 
[0.2448504137114671, 0.2738235059337837, 0.27423051170863144, 0.2888165771788189, -0.5384365515563176, -1.8943729861972265, 1.4673727192308645, 1.4940035909891252, 1.4566974582913053, 1.36690312924942, 0.9367188488817719, 3.320149707881139] 
[0.23949896156109207, 0.2791749580841587, 0.2688790595582564, 0.2834651250284439, -0.5437880037066927, -1.8890215340468515, 1.471378167281738, 1.4882361538037479, 1.4513488239500967, 1.37274247370393, 0.944470544701189, 3.3267127092407205] 
[0.23056184668001012, 0.27023784320307676, 0.27781617443933837, 0.29240223990952585, -0.5527251185877746, -1.8800844191657695, 1.4793731578608844, 1.4841046033377963, 1.4629051963406732, 1.387774707909919, 0.9586066712883523, 3.3378468427363326] 
[0.2451020873298464, 0.2556976025532405, 0.29235641508917465, 0.2778619992596896, -0.5672653592376109, -1.8946246598156058, 1.4904526097216118, 1.468390230701809, 1.448444536332138, 1.4036077421568545, 0.9795987849791397, 3.355599285213115] 
[0.2538725012870475, 0.2644680165104416, 0.2835860011319735, 0.2866324132168907, -0.576035773194812, -1.8858542458584047, 1.497835551189178, 1.4624802058388855, 1.4532418391566182, 1.3939690662578301, 0.9698722774616029, 3.3627704787712878] 
[0.26350541409871187, 0.27410092932210595, 0.29321891394363786, 0.29626532602855504, -0.5856686860064764, -1.895487158670069, 1.4906717832823444, 1.4726655226411074, 1.4626652720697233, 1.3836097798832845, 0.9559569428764663, 3.350884647433743] 
[0.2716283172394671, 0.2822238324628612, 0.2850960108028826, 0.2881424228877998, -0.5937915891472316, -1.9036100618108243, 1.4834418427916136, 1.476226788136518, 1.4516782406723108, 1.3694993910996573, 0.9428034617059504, 3.3405433347977525] 
[0.27003742206565096, 0.28063293728904504, 0.28350511562906644, 0.28973331806161595, -0.5922006939734155, -1.902019166637008, 1.4845189986853005, 1.4742331245205464, 1.4490356655514247, 1.3674204923363389, 0.9436723532781466, 3.3391047191602317] 
[0.26711558587908146, 0.28355477347561453, 0.28058327944249695, 0.29265515424818545, -0.589278857786846, -1.9049410028235776, 1.4865098399240866, 1.4706011307271938, 1.4442732423140443, 1.3638883057994158, 0.9463805464330399, 3.342497663954911] 
[0.2625837839748282, 0.2880865753798678, 0.27605147753824366, 0.29718695615243873, -0.5938106596910993, -1.9004092009193243, 1.4931504556558677, 1.47892287475146, 1.452399647414526, 1.3695327223821052, 0.942232328245014, 3.3372419213226214] 
[0.26205129777028335, 0.28861906158441264, 0.2765839637427885, 0.29771944235698355, -0.5932781734865544, -1.9009416871238691, 1.492785846553759, 1.4795974069782722, 1.4532814562849476, 1.3702180849714074, 0.9419434292905566, 3.3377243801016006] 
[0.26587368563458, 0.2924414494487093, 0.2727615758784918, 0.2938970544926869, -0.5894557856222578, -1.9047640749881658, 1.4983582986437745, 1.4866442580725778, 1.4602410668382588, 1.3753071458850696, 0.9399130727765507, 3.341194967621296] 
[0.2595798114880654, 0.2861475753021947, 0.2790554500250064, 0.28760318034617227, -0.5957496597687724, -1.9110579491346804, 1.5029118852655485, 1.479727283862463, 1.453638179441239, 1.381560403954916, 0.9467678515516305, 3.336096637319779] 
[0.26857374353440266, 0.27715364325585745, 0.2700615179786692, 0.2965971123925095, -0.5867557277224351, -1.9200518811810177, 1.5155686320142074, 1.4946024036106504, 1.4641801360745759, 1.3722746127463998, 0.9336396084685458, 3.3247451869794498] 
[0.26064971143844207, 0.28507767535181805, 0.2621374858827086, 0.2886730802965489, -0.5946797598183957, -1.9279759132769783, 1.5098864363586633, 1.5033859937307277, 1.4732650677951298, 1.367905060490642, 0.939288405657248, 3.3178446592003534] 
[0.26007379843867073, 0.2845017623520467, 0.2627133988824799, 0.28924899329632026, -0.595255672818167, -1.927400000277207, 1.5090731286782404, 1.502426075589828, 1.4725682936879085, 1.368454856096351, 0.9399030669884586, 3.317384164062946] 
[0.24595011895510654, 0.2703780828684825, 0.24858971939891572, 0.27512531381275607, -0.5811319933346029, -1.9415236797607711, 1.5295661361690618, 1.5282321801129228, 1.4978588410542104, 1.3869029127273709, 0.9323715256414007, 3.330094832986101] 
[0.2586035762735317, 0.2577246255500574, 0.2612431767173409, 0.2877787711311812, -0.5684785360161777, -1.928870222442346, 1.5138129605768356, 1.515021224393894, 1.510358939203954, 1.400768353988045, 0.9249186533391802, 3.3413217475860395] 
[0.25888492138684316, 0.2574432804367459, 0.2609618316040294, 0.2880601162444927, -0.5687598811294892, -1.9291515675556574, 1.51420662857193, 1.515475449450832, 1.5106762400281202, 1.4004669922812627, 0.9245031739129308, 3.3409652350911685] 
[0.2784121139161886, 0.27697047296609134, 0.241434639074684, 0.26853292371514725, -0.5882870736588346, -1.9486787600850028, 1.4971738967381114, 1.5255513920314303, 1.4886631198816829, 1.3800599826846618, 0.9434698713184798, 3.363927635479185] 
[0.2628550707521409, 0.26141342980204363, 0.2569916822387317, 0.28408996687919497, -0.5727300304947869, -1.9331217169209551, 1.5196997196032938, 1.5519128335507832, 1.5076596523673709, 1.3652216659309855, 0.9271685967360999, 3.376266679094177] 
[0.26274586172470893, 0.2615226388294756, 0.25710089126616364, 0.283980757851763, -0.5728392395222188, -1.9330125078935232, 1.5195447316965225, 1.5517304553981817, 1.507517691627873, 1.3652694796399636, 0.9270459750263783, 3.3761348602235475] 
[0.2677134009875626, 0.2565550995666219, 0.2620684305290173, 0.28894829711461667, -0.5778067787850725, -1.9379800471563768, 1.5132266012732885, 1.5463475028595743, 1.5123622155263918, 1.3702603505463515, 0.922132018026968, 3.3702613301724673] 
[0.25485031811308434, 0.2436920166921437, 0.27493151340349553, 0.3018113799890949, -0.5906698616595507, -1.9251169642818986, 1.5240652422188683, 1.5384354771710531, 1.5215762378501028, 1.3628543037793104, 0.9362023217458715, 3.385768879592276] 
[0.25952916284716454, 0.2390131719580635, 0.27025266866941533, 0.2971325352550147, -0.5953487063936309, -1.9297958090159788, 1.5199436395618213, 1.54071317044939, 1.515378462443362, 1.354781259855521, 0.9284791310961298, 3.3796651792001073] 
[0.2489734720348611, 0.24956886277036694, 0.2808083594817188, 0.28657684444271125, -0.6059043972059344, -1.9403514998282823, 1.5051232419138418, 1.5236085149406573, 1.502436705100331, 1.360368281384485, 0.9209500349859974, 3.388802422502175] 
[0.2463866572101725, 0.2521556775950555, 0.28339517430640737, 0.28916365926739984, -0.608491212030623, -1.9377646850035937, 1.507407390175538, 1.522340935426851, 1.5058012903311606, 1.3645194073724325, 0.924074830178659, 3.386832181542667] 
[0.23546555815805692, 0.24123457854293995, 0.2724740752542918, 0.3000847583195154, -0.6194123110827385, -1.9486857840557092, 1.49239667916573, 1.50502589461001, 1.4935390825544106, 1.3748505913644966, 0.9356158179677618, 3.3781797947822074] 
[0.24162892162461236, 0.2473979420094954, 0.27863743872084723, 0.30624812178607086, -0.625575674549294, -1.9548491475222647, 1.5007769993500661, 1.5148120392770625, 1.5012458322950892, 1.3722622857973192, 0.9427386630476028, 3.3858007034794175] 
[0.23679369152790986, 0.24256271191279288, 0.2738022086241447, 0.30141289168936836, -0.6304109046459965, -1.9596843776189672, 1.5050619053369494, 1.5124399426119701, 1.507672145084141, 1.3806525446274498, 0.9509145816641772, 3.3923462656376517] 
[0.24316341625178128, 0.2489324366366643, 0.2674324839002733, 0.29504316696549693, -0.6367806293698679, -1.9660541023428386, 1.5128986910567275, 1.5188823433381924, 1.5000565684868374, 1.36990410348313, 0.9402165099201605, 3.3836932541748235] 
[0.254868202131038, 0.26063722251592103, 0.27913726977953, 0.30674795284475365, -0.6250758434906112, -1.954349316463582, 1.4983199691960083, 1.5065664892679562, 1.512158281478727, 1.3831149006188255, 0.9337439567400343, 3.3939801678528156] 
[0.25942183480886416, 0.2651908551937472, 0.27458363710170386, 0.3113015855225798, -0.6296294761684373, -1.9497956837857557, 1.4943347302374375, 1.5088997696871056, 1.5069457864433002, 1.3783149589138102, 0.9383176542429851, 3.3994885829497443] 
[0.26237509262506253, 0.26814411300994556, 0.2716303792855055, 0.30834832770638143, -0.6325827339846357, -1.9527489416019541, 1.496394881931877, 1.5052920532923288, 1.5021701568414283, 1.3745304348789373, 0.9398212807740884, 3.3968471710149486] 
[0.2684638807703006, 0.2620553248647075, 0.26554159114026743, 0.3022595395611434, -0.6386715221298738, -1.946660153456716, 1.5052099305454956, 1.5161924677447185, 1.5127462157359672, 1.3818338823773264, 0.9339156660854173, 3.38951833766232] 
[0.2614725034569847, 0.2550639475513916, 0.25855021382695154, 0.30925091687445927, -0.6456628994431897, -1.953651530770032, 1.4952213227825453, 1.504493442169835, 1.5038319524685526, 1.3855405599695614, 0.9290262966568067, 3.3954883024762506] 
[0.2604259965063658, 0.2540174406007727, 0.2575037068763326, 0.3102974238250782, -0.6446163924925707, -1.952605023819413, 1.4967372680377045, 1.5063701446548485, 1.5057459557227708, 1.387345147545439, 0.9303326988217795, 3.3947215279786676] 
[0.2538172053167951, 0.2606262317903434, 0.2508949156867619, 0.3036886326355075, -0.6512251836821414, -1.9592138150089837, 1.5015663662025396, 1.4992293634139313, 1.4983548399492261, 1.3911557474826455, 0.9258275041505761, 3.400369813610632] 
[0.24674533187306724, 0.25355435834661555, 0.25796678913048976, 0.29661675919177966, -0.6582970571258693, -1.9662856884527116, 1.5114053552410542, 1.5106344720667, 1.5064091858633772, 1.3834093081352914, 0.9148971815719479, 3.3909035115461696] 
[0.24528366124725198, 0.2550160289724308, 0.2565051185046745, 0.2980784298175949, -0.6597587277516845, -1.9648240178268963, 1.5093461612536514, 1.5081073026575442, 1.5039490502810453, 1.3816983856425993, 0.9163812146605211, 3.392699680616115] 
[0.2530314668896583, 0.24726822333002452, 0.2487573128622682, 0.3058262354600012, -0.6675065333940908, -1.95707621218449, 1.52025506978765, 1.5215600549748856, 1.5172212832274432, 1.3916702487882027, 0.9124136831879941, 3.399555060094603] 
[0.25519828551120827, 0.2494350419515745, 0.2509241314838182, 0.3079930540815512, -0.6696733520156408, -1.95924303080604, 1.5233328204676317, 1.5253129803393104, 1.5208746191700397, 1.3944140622575718, 0.911302631535347, 3.4014747866647768] 
[0.2553952739597374, 0.24963203040010362, 0.2507271430352891, 0.3081900425300803, -0.6694763635671117, -1.959046042357511, 1.523479450988665, 1.5251071225707966, 1.5206812639193061, 1.3946376406014684, 0.9116106904475152, 3.401740792405683] 
[0.25418158007621616, 0.2484183365165824, 0.24951344915176787, 0.3069763486465591, -0.6682626696835905, -1.9602597362410321, 1.5250131314058257, 1.526414271659881, 1.519463499329193, 1.393298631473527, 0.9122775683660974, 3.40067638692346] 
[0.25557137771161353, 0.24980813415197978, 0.25090324678716525, 0.3055865510111617, -0.6696524673189879, -1.9616495338764295, 1.5260490289111788, 1.5249622806701169, 1.5180989083522891, 1.394876619645715, 0.9144510458299491, 3.402553625430473] 
[0.2547859830876813, 0.250593528775912, 0.2516886414110975, 0.3048011563872295, -0.6688670726950556, -1.9608641392524973, 1.524954382146787, 1.5236997764831968, 1.5171969861454566, 1.39564371893578, 0.9152765811256367, 3.401954407159418] 
[0.24861372275290594, 0.25676578911068737, 0.25786090174587284, 0.31097341672200485, -0.6626948123602803, -1.954691878917722, 1.53380225552426, 1.5346579488581928, 1.5284939655321772, 1.4068451335872538, 0.9259302675787258, 3.410522940730681] 
[0.25306495935086804, 0.26121702570864946, 0.25340966514791075, 0.30652218012404275, -0.6671460489582424, -1.9502406423197598, 1.5401397336144518, 1.5425835402687165, 1.5367545182133087, 1.4150341619354236, 0.9336390521354546, 3.4166653157571685] 
[0.2497565835641662, 0.2645254014953513, 0.2501012893612089, 0.3032138043373409, -0.6638376731715405, -1.9535490181064616, 1.54257112932826, 1.5389578417936016, 1.5330137949349651, 1.4169623306825985, 0.9313885942404262, 3.419481958097643] 
[0.25188321895749755, 0.26665203688868266, 0.25222792475454026, 0.30534043973067226, -0.6659643085648719, -1.9514223827131303, 1.5455366672719022, 1.542474209363827, 1.5357932693248775, 1.4160400393204364, 0.9338929079855298, 3.4221585839379074] 
[0.2537589245790979, 0.26477633126708233, 0.2541036303761406, 0.30346473410907193, -0.6640886029432715, -1.9532980883347306, 1.5482231317015538, 1.5458464682679562, 1.539235702935214, 1.4192341817851473, 0.9361997017890411, 3.4207878443209663] 
[0.25786829941591694, 0.2606669564302633, 0.24999425553932153, 0.2993553592722529, -0.6599792281064525, -1.9491887134979116, 1.545361631908591, 1.550996684847224, 1.5463087914952802, 1.4265808659129509, 0.943223025877041, 3.42643907405426] 
[0.25973004522404497, 0.2625287022383913, 0.2481325097311935, 0.3012171050803809, -0.6581174822983245, -1.9473269676897835, 1.5477031207861744, 1.5529436552650602, 1.544272279032614, 1.4237575393161268, 0.9410238794607365, 3.4278248742309843] 
[0.2603531977454796, 0.26315185475982594, 0.24875566225262813, 0.3005939525589463, -0.6587406348197591, -1.9479501202112182, 1.5486006564004753, 1.554049948595419, 1.54534383081652, 1.4245496719784865, 0.9406998483013264, 3.428378435219444] 
[0.25845519637100156, 0.265049856134304, 0.2468576608781501, 0.29869595118446823, -0.6606386361942371, -1.9498481215856962, 1.546129121651651, 1.5517425251598589, 1.5461849001915802, 1.422370574421017, 0.938619579763892, 3.4298285101650667] 
[0.2478893497043504, 0.2544840094676528, 0.25742350754480126, 0.28813010451781707, -0.650072789527586, -1.939282274919045, 1.5595027932408025, 1.5631258094701497, 1.53608086941403, 1.4120162717090103, 0.9496655323702865, 3.4427914398706787] 
[0.2538621292206631, 0.24851122995134012, 0.25145072802848856, 0.29410288403412976, -0.6441000100112733, -1.9452550544353577, 1.563732606028885, 1.5557856484057029, 1.526031356200375, 1.4020922334291954, 0.9424553115453131, 3.4472571102183185] 
[0.25090454736871837, 0.25146881180328484, 0.24849314617654383, 0.2970604658860745, -0.647057591863218, -1.9482126362873025, 1.5616292990092462, 1.5592949880697091, 1.5306445593891749, 1.405759301368823, 0.9408728035599202, 3.449882039594481] 
[0.2536709535128725, 0.254235217947439, 0.2457267400323897, 0.29429405974192036, -0.6498239980073721, -1.9509790424314566, 1.5640679450142514, 1.5579319977946648, 1.5341414745130186, 1.4103644918221652, 0.945477120229803, 3.4536265346837016] 
[0.2566179953211136, 0.2571822597556801, 0.24867378184063083, 0.2972411015501615, -0.646876956199131, -1.9539260842396977, 1.5678830139623356, 1.5615057103149452, 1.5328711439603764, 1.414060588946961, 0.9500987462849451, 3.4575666422418267] 
[0.2538179485193932, 0.2599823065574005, 0.25147382864235124, 0.3000411483518819, -0.6440769093974106, -1.9567261310414181, 1.5713980341839742, 1.5644184640604435, 1.5297255328903587, 1.409490286893278, 0.945444221149603, 3.4537639017185757] 
[0.2490465237545283, 0.2552108817925356, 0.25624525340721616, 0.295269723587017, -0.6488483341622755, -1.9519547062765532, 1.567229686913456, 1.5669037108286625, 1.524436448124142, 1.4046296941285532, 0.9503626024941833, 3.45959734239865] 
[0.24650427508885175, 0.25775313045821213, 0.2537030047415396, 0.29272747492134044, -0.646306085496599, -1.9544969549422297, 1.5707593226302954, 1.5710437584537784, 1.5276307088310148, 1.4032324918080772, 0.9521263125320575, 3.4574343933377047] 
[0.2473539612714244, 0.25860281664078477, 0.252853318558967, 0.2935771611039131, -0.6454563993140263, -1.9553466411248024, 1.5719354901936808, 1.572427421518877, 1.5287024419765083, 1.4027632073062446, 0.9527153866324722, 3.456711865433548] 
[0.24852361099827536, 0.2574331669139338, 0.251683668832116, 0.2924075113770621, -0.6466260490408773, -1.9565162908516534, 1.5735588011932877, 1.5743440465954623, 1.5302134688461149, 1.4022503263473307, 0.9540869103370327, 3.45817778674162] 
[0.24759323152259216, 0.258363546389617, 0.2526140483077992, 0.2933378908527453, -0.6456956695651941, -1.9555859113759702, 1.5742457232693028, 1.5733205468151115, 1.5291401866004126, 1.4026914074555978, 0.9530017444891807, 3.4570118682578963] 
[0.2460456278418366, 0.2599111500703726, 0.25106644462704364, 0.29179028717198974, -0.6441480658844385, -1.9571335150567257, 1.5723110016647686, 1.5716867051262768, 1.5306918907775555, 1.4044032049970636, 0.9521308299486387, 3.458371155490657] 
[0.24403287536610452, 0.2578983975946405, 0.24905369215131157, 0.2938030396477218, -0.6461608183601706, -1.9591462675324578, 1.5737368226605153, 1.5691932597046316, 1.527310860557814, 1.4010708318969043, 0.9496974955483737, 3.4598565816998663] 
[0.24467740984438424, 0.25854293207292023, 0.2496982266295913, 0.29444757412600153, -0.6455162838818909, -1.958501733054178, 1.5732536392517016, 1.5698838944577773, 1.5279736955189283, 1.4004248955645326, 0.9490164432400388, 3.460352488812026] 
[0.2482131105223384, 0.25500723139496606, 0.25323392730754546, 0.29091187344804736, -0.649051984559845, -1.9620374337321322, 1.5782246934201125, 1.5760128537210696, 1.5339191634511469, 1.4045216415329107, 0.9454630659579429, 3.45604336239783] 
[0.24603524746971206, 0.2571850944475924, 0.2554117903601718, 0.2930897365006737, -0.6512298476124714, -1.9642152967847586, 1.5800606259634373, 1.5745745243694553, 1.53519948586396, 1.4021231038444741, 0.9431213259220516, 3.4577041531833377] 
[0.2473967972128388, 0.25854664419071915, 0.25405024061704506, 0.29445128624380046, -0.6498682978693446, -1.9628537470416318, 1.5790868497821606, 1.5762207732938505, 1.5373531511801712, 1.4038295450812384, 0.942406693910092, 3.458906723700714] 
[0.24436826491692432, 0.25551811189480467, 0.2510217083211306, 0.29747981853971495, -0.6468397655734301, -1.9658822793375463, 1.5749126342663626, 1.571381391390642, 1.5339245538210977, 1.407102743731557, 0.9470653393727513, 3.462965960883157] 
[0.2433714455775149, 0.25452129255539524, 0.25201852766054, 0.2984766378791244, -0.6458429462340207, -1.9668790986769558, 1.573675983666548, 1.5703568572198683, 1.535026504669663, 1.4086195052711512, 0.9482426488555834, 3.46223023484191] 
[0.24517403764707768, 0.25271870048583245, 0.2538211197301028, 0.30027922994868717, -0.6476455383035835, -1.9686816907465186, 1.5761588542448526, 1.5732738436043212, 1.5372888010430448, 1.4076198301869431, 0.9494787136915945, 3.460701974625103] 
[0.2448871211846242, 0.25300561694828594, 0.2541080361925563, 0.2999923134862337, -0.647932454766037, -1.968968607208972, 1.5765268100225733, 1.5736186693128549, 1.5371671340197983, 1.4079827521459993, 0.9499353367833876, 3.4610908570732906] 
[0.24626485229798578, 0.25162788583492435, 0.2527303050791947, 0.30137004459959527, -0.6493101858793986, -1.9703463383223336, 1.5745810410730252, 1.571198690012265, 1.5346760692075758, 1.4056408226854844, 0.9482471471061868, 3.462091173956857] 
[0.24661689572741596, 0.25127584240549417, 0.2523782616497645, 0.30172208802902545, -0.6489581424499684, -1.9706983817517638, 1.5748341946630846, 1.5707798535427455, 1.534134730468828, 1.405245716607636, 0.9486059151434374, 3.4625237986904986] 
[0.2477176519519506, 0.2501750861809595, 0.25127750542522986, 0.3006213318044908, -0.6500588986745031, -1.9717991379762985, 1.5733121005189707, 1.5689979823548053, 1.5327590018483241, 1.4058565110041885, 0.9478545633921591, 3.4634557532547823] 
[0.2502672360361504, 0.2476255020967597, 0.25382708950942967, 0.298071747720291, -0.6475093145903033, -1.9692495538920987, 1.5768270798701405, 1.573061797154672, 1.5356806290362823, 1.4033675322342092, 0.9451756110500901, 3.465400824322259] 
[0.25223121990444386, 0.24958948596505315, 0.2557910733777231, 0.29610776385199755, -0.6494732984585967, -1.971213537760392, 1.5782191981190872, 1.5706801000203088, 1.5324091620858962, 1.4001016098839916, 0.9427911879027849, 3.4668313694402655] 
[0.2518772362044881, 0.2492355022650974, 0.2561450570776789, 0.2964617475519533, -0.6491193147586409, -1.9715675214603479, 1.5779693202329477, 1.5711105879235052, 1.5330008992686446, 1.4006906697328003, 0.9432195725003576, 3.4665739779994444] 
[0.25324525018241206, 0.25060351624302135, 0.25751307105560284, 0.29509373357402935, -0.6504873287365649, -1.9729355354382718, 1.5760730654109836, 1.568923452179333, 1.5314381279985738, 1.4020136719928484, 0.9446496365735894, 3.4655284995286895] 
[0.25331060157274154, 0.25053816485269187, 0.2575784224459323, 0.29515908496435883, -0.6504219773462354, -1.9730008868286013, 1.5760183006560964, 1.5689670687195563, 1.5314017642131696, 1.4020935743531056, 0.9447530061201193, 3.4656172919700494] 
[0.2518232287530775, 0.2520255376723559, 0.2560910496262683, 0.2936717121446948, -0.6519093501658995, -1.9715135140089373, 1.5772673477232981, 1.5679854398726025, 1.5322742191154461, 1.4004541724773218, 0.9431536870285012, 3.4667419707754425] 
[0.25097538069193237, 0.2511776896112108, 0.25524320156512315, 0.2945195602058399, -0.6510615021047543, -1.9723613620700824, 1.5761779434540801, 1.5669843724497627, 1.5327435713107962, 1.3998382303515196, 0.943700417553653, 3.4660179739917583] 
[0.2517560271711641, 0.2503970431319791, 0.25446255508589144, 0.2937389137266082, -0.6502808556255226, -1.9715807155908507, 1.5750920363292513, 1.5657153918774709, 1.531768662471411, 1.4002713278743057, 0.9431660282322708, 3.4666774885261344] 
[0.2518635701076295, 0.25028950019551366, 0.25457009802235686, 0.29384645666307363, -0.6501733126890572, -1.971688258527316, 1.575227504522176, 1.5658311027702283, 1.5316630630369639, 1.4001645275231653, 0.9432798847616534, 3.466810771960434] 
[0.25209733842654347, 0.25052326851442763, 0.2543363297034429, 0.2940802249819876, -0.6504070810079712, -1.97192202684623, 1.5750218439629824, 1.565947518005973, 1.5313714382590724, 1.3998010498915698, 0.9430037581798494, 3.466982109049704] 
[0.2529240389784586, 0.25134996906634277, 0.255163030255358, 0.29490692553390274, -0.6512337815598863, -1.971095326294315, 1.5756117896217214, 1.5649677704723415, 1.530099200258062, 1.398867033879923, 0.9438524443316403, 3.468000845744763] 
[0.25259681625399355, 0.2510227463418777, 0.2554902529798231, 0.2945797028094377, -0.6509065588354213, -1.97142254901878, 1.5760791959615055, 1.5655461501256018, 1.5306909120025098, 1.3994216093663445, 0.9442500682555589, 3.4677634948204203] 
[0.2526796754927918, 0.25110560558067596, 0.25540739374102484, 0.29466256204823593, -0.6509894180742195, -1.9713396897799818, 1.5759721162789397, 1.5654461013930272, 1.530728440369433, 1.3993274851491904, 0.9441603219668274, 3.467826060428984] 
[0.2519544263509086, 0.25183085472255917, 0.2546821445991416, 0.29538781119011914, -0.6517146672161027, -1.9706144406380985, 1.5766102227531351, 1.5650862442060207, 1.5316343096951692, 1.4004565318005109, 0.9450178022744655, 3.4672946849200676] 
[0.2522093150166096, 0.2520857433882602, 0.2544272559334406, 0.29564269985582015, -0.6514597785504017, -1.9708693293037995, 1.57693127395654, 1.5653602843056207, 1.5313843971369627, 1.400203689120128, 0.9452873859550839, 3.46761046569745] 
[0.25328576086566446, 0.25316218923731504, 0.25335081008438576, 0.296719145704875, -0.6503833327013469, -1.9697928834547447, 1.5760197558020161, 1.5660427711085405, 1.5306413875704026, 1.4009495215545533, 0.9445855426099753, 3.4685283526370165] 
[0.2527936686415895, 0.25267009701324006, 0.25384290230846074, 0.29622705348080003, -0.6498912404772719, -1.9702849756788197, 1.5766364686348517, 1.5665564611171325, 1.530096023426795, 1.4002003356705595, 0.9440060567330167, 3.468890089255464] 
[0.25349402655677156, 0.251969739098058, 0.2545432602236428, 0.2969274113959821, -0.6491908825620898, -1.9709853335940017, 1.5776382293046871, 1.5678010608766064, 1.5313835265375504, 1.4014711827060473, 0.9452110105691719, 3.4698616836203002] 
[0.2534080428605161, 0.2518837554018025, 0.2546292439198983, 0.29701339509223756, -0.6492768662583452, -1.9708993498977463, 1.5775180203412034, 1.567660140055653, 1.531273313997054, 1.4015084316110813, 0.94510888317223, 3.4697526989513063] 
[0.2521191131050269, 0.2505948256463133, 0.25334031416440905, 0.29572446533674834, -0.647987936502856, -1.9721882796532355, 1.5758588632464066, 1.5661352751908029, 1.5319881092877354, 1.400573439335342, 0.9459387050540531, 3.468650638646344] 
[0.25154241821093026, 0.2500181307522167, 0.25276361927031243, 0.2951477704426517, -0.6474112416087594, -1.9727649745473321, 1.5753560678978171, 1.566441068672914, 1.5313454890378306, 1.3999835453416531, 0.9465435812825097, 3.4693637835826134] 
[0.2517280488856162, 0.2502037614269026, 0.25294924994499834, 0.29533340111733764, -0.6475968722834453, -1.972950605222018, 1.5756144545280657, 1.5667427610923208, 1.5315771467751702, 1.3998801417493136, 0.946670545950232, 3.469206816119186] 
[0.25223574327843923, 0.25071145581972565, 0.2534569443378214, 0.2958410955101607, -0.6481045666762684, -1.973458299614841, 1.5752518564689222, 1.5673440169150679, 1.5323570348164954, 1.400451774649993, 0.9461500749129732, 3.468581548021799] 
[0.2517590079923895, 0.2511881911057754, 0.25298020905177165, 0.29631783079621044, -0.6485813019623181, -1.9729815643287913, 1.5756712414659257, 1.5671068039321523, 1.5329509651884161, 1.4011935688774302, 0.9467147516338066, 3.468232590633552] 
[0.2513295469156194, 0.2507587300290053, 0.25340967012854176, 0.29674729187298055, -0.6490107630390882, -1.9725521032520212, 1.575351259957557, 1.5675605293833086, 1.5333863631975995, 1.4007631239769283, 0.9462622912009917, 3.4685597317928876] 
[0.25095498384221915, 0.2511332931024055, 0.25303510705514154, 0.29712185494638077, -0.648636199965688, -1.9729266663254215, 1.5750719917844473, 1.5679560851057963, 1.5337657556923046, 1.4003876518299123, 0.9458675433868494, 3.468845077469122] 
[0.25153815083640185, 0.2517164600965882, 0.25361827404932424, 0.29653868795219807, -0.6492193669598707, -1.9723434993312388, 1.5742597125667561, 1.5670035916061968, 1.5330193946863886, 1.4006411912649632, 0.9451743812492617, 3.4681052054060215] 
[0.2492126609606078, 0.2540419499723823, 0.2559437639251183, 0.294213198076404, -0.6468938770840766, -1.9746689892070328, 1.570962956378356, 1.5629742842015697, 1.5291260924881633, 1.3979435406358682, 0.9475382634263944, 3.470964877502092] 
[0.25054641166819525, 0.2527081992647948, 0.25727751463270576, 0.29554694878399146, -0.6455601263764892, -1.9760027399146203, 1.5726709803037149, 1.564542085165907, 1.528388899609935, 1.3989121875972195, 0.9466795627417337, 3.4721039803445133] 
[0.24894268951585974, 0.2543119214171303, 0.25567379248037025, 0.29715067093632697, -0.6471638485288247, -1.9776064620669558, 1.570450815016049, 1.5619742001547912, 1.5265481468042463, 1.4004587056147502, 0.9483535462627662, 3.4708800696009745] 
[0.24881501365107428, 0.2544395972819158, 0.2558014683451557, 0.2972783468011124, -0.6472915243936102, -1.9777341379317412, 1.5702746248708241, 1.5617707475844256, 1.5264050203110213, 1.4005977586039802, 0.948552104286865, 3.4710530388616148] 
[0.2500427675888506, 0.2532118433441395, 0.257029222282932, 0.2985061007388887, -0.6460637704558339, -1.976506383993965, 1.5713499460390008, 1.561131153379604, 1.5278112144435902, 1.402004617447291, 0.947887988143147, 3.4721292356140085] 
[0.24942645370955208, 0.253828157223438, 0.2576455361622305, 0.2991224146181872, -0.6466800843351324, -1.9771226978732634, 1.5722075904163768, 1.5621385647915003, 1.5286020305723602, 1.401741084032567, 0.94862229085469, 3.4729123119994916] 
[0.24959813310303391, 0.2539998366169198, 0.2574738567687487, 0.29929409401166907, -0.6465084049416505, -1.9769510184797816, 1.572085179413754, 1.5623447615318107, 1.5288730199588993, 1.4019565813389578, 0.948534122969524, 3.473063926880236] 
[0.2499379310674381, 0.25366003865251563, 0.2578136547331529, 0.29895429604726487, -0.6461686069772463, -1.9766112205153774, 1.5723388416674589, 1.5619844954183526, 1.5285285262076589, 1.4022968366016233, 0.9488926234323302, 3.472805658047075] 
[0.2500001129949989, 0.25372222058007643, 0.2577514728055921, 0.29901647797482567, -0.6461064250496855, -1.9765490385878166, 1.5722587475767098, 1.5619096833906454, 1.5285563710786103, 1.4022258302191652, 0.9488249286144662, 3.472852462496339] 
[0.24940703571925726, 0.2531291433043348, 0.2583445500813337, 0.298423400699084, -0.6455133477739439, -1.975955961312075, 1.5714947785449271, 1.5611960983643873, 1.5288219227391349, 1.401548506944248, 0.9481791906425792, 3.4732988907966873] 
[0.24794968414239693, 0.25167179172747445, 0.2568871985044734, 0.2969660491222237, -0.6440559961970835, -1.9744986097352146, 1.570417964584473, 1.562788547157667, 1.5304943990709476, 1.400877989763869, 0.9499031685774514, 3.4751469859826734] 
[0.24765302655751742, 0.25137513414259494, 0.2565905409195939, 0.2972627067071032, -0.643759338612204, -1.9747952673200941, 1.5701977436541048, 1.5631101343780975, 1.5308253523918962, 1.4007046323968186, 0.9501038931109298, 3.47489560089896] 
[0.2475044302121414, 0.25152373048797094, 0.2564419445742179, 0.2971141103617272, -0.643610742266828, -1.9746466709747181, 1.5704034904061512, 1.563350843508364, 1.5310108310497217, 1.4006226689725447, 0.9502055681382695, 3.474769941665367] 
[0.24780124019504046, 0.2512269205050719, 0.2561451345913188, 0.29741092034462624, -0.643313932283929, -1.974349860991819, 1.5701534103442893, 1.563547786340486, 1.5308371887348025, 1.4009513258886308, 0.9505262064140818, 3.4745454290634608] 
[0.24661137766736618, 0.2524167830327462, 0.2573349971189931, 0.2986007828723005, -0.6445037948116032, -1.9755397235194934, 1.5691510737311276, 1.5643371252418459, 1.5301406210593638, 1.4022694684917842, 0.951812309208337, 3.4736452140096197] 
[0.247642878441783, 0.253448283807163, 0.2563034963445763, 0.29963228364671735, -0.6434722940371864, -1.9745082227450765, 1.569924128152123, 1.5632437904068897, 1.529096399256109, 1.403302665834385, 0.9529012209682007, 3.4728599340014785] 
[0.24774710889822305, 0.25334405335072296, 0.25619926588813624, 0.2995280531902773, -0.6435765244936265, -1.9746124532015166, 1.5698319938285519, 1.563294766838582, 1.528962905008993, 1.403126735469098, 0.9527243630778414, 3.472715876838091] 
[0.24683565535153806, 0.25425550689740795, 0.25528781234145126, 0.29861659964359233, -0.6426650709469415, -1.9755239067482016, 1.56903530244276, 1.5637781938122888, 1.527946573188793, 1.4021944947646816, 0.9536766163519895, 3.4738418577601706] 
[0.24762550405055594, 0.25346565819839006, 0.2544979636424334, 0.2994064483426102, -0.6418752222479236, -1.9763137554472194, 1.5697260809722766, 1.5633592597388628, 1.5288260699195553, 1.403001531631088, 0.9528504882768942, 3.4728656731006153] 
[0.24840197557790478, 0.25268918667104123, 0.2552744351697822, 0.2986299768152614, -0.6426516937752724, -1.9755372839198706, 1.5686248755609546, 1.561990641604695, 1.5274198264638787, 1.4016799437877034, 0.951898600126815, 3.473427326553895] 
[0.24762587666449565, 0.2519130877576321, 0.25605053408319134, 0.29785387790185225, -0.6434277926886816, -1.9747611850064615, 1.569283406361765, 1.5614967571717384, 1.5279548470751165, 1.4011438424914315, 0.9524031442584642, 3.4727650303147715] 
[0.2470931336404394, 0.25244583078168836, 0.2555177910591351, 0.2983866209259085, -0.6439605357127378, -1.9752939280305177, 1.5689063603542217, 1.5621526913042165, 1.5288646483768147, 1.402097986482271, 0.9533192612951152, 3.4735042971292693] 
[0.24711493764651382, 0.25242402677561393, 0.25549598705306065, 0.29840842493198294, -0.6439823397188122, -1.9753157320365922, 1.568878502612325, 1.5621271302233775, 1.5288767708808668, 1.4020822036501561, 0.9533332652696761, 3.473485655754433] 
[0.247835818445856, 0.25170314597627175, 0.25477510625371846, 0.2991293057313251, -0.6432614589194701, -1.9760366128359343, 1.5679811721304688, 1.5613821638848961, 1.5296810790667053, 1.4031851296150695, 0.9541857114581074, 3.4729573039021795] 
[0.24761917331211225, 0.251486500842528, 0.2549917513874622, 0.29891266059758137, -0.6434781040532138, -1.9758199677021906, 1.5681365918725563, 1.5611244560820459, 1.5293473033523486, 1.4029411092684363, 0.9544069258735383, 3.4732239362885027] 
[0.24848458421222364, 0.2523519117426394, 0.25412634048735083, 0.29804724969747, -0.6443435149533252, -1.976685378602302, 1.5692430734662948, 1.5621399754988379, 1.5288651705405583, 1.403567322715202, 0.9538514440373949, 3.4739638451438966] 
[0.24822116141559536, 0.25261533453926766, 0.25386291769072256, 0.2977838269008417, -0.6440800921566969, -1.9764219558056737, 1.5690563974770582, 1.5624622432828001, 1.5293061747386973, 1.4040060466460123, 0.9541712780105269, 3.4737729322742] 
[0.2501496562195473, 0.2545438293432196, 0.2557914124946745, 0.29585533209688974, -0.642151597352745, -1.9783504506096257, 1.5715385895538059, 1.5647898500491464, 1.528490187903796, 1.406443576396749, 0.9572480208727147, 3.4763983433241186] 
[0.24884284062839046, 0.25323701375206276, 0.25448459690351766, 0.2945485165057329, -0.6408447817615881, -1.9770436350184688, 1.5698633597523275, 1.5632520516521198, 1.5292119480666748, 1.4054953636822016, 0.9580871710180224, 3.4752820793930495] 
[0.2481749073091979, 0.2525690804328702, 0.2551525302227102, 0.2938805831865403, -0.6415127150807807, -1.9777115683376614, 1.5704480986493616, 1.5629031224386467, 1.529976139599779, 1.4062596890863706, 0.9577238099232317, 3.475867862776924] 
[0.2478764135026832, 0.2528675742393849, 0.2554510240292249, 0.294179076993055, -0.6418112088872954, -1.978010062144176, 1.5700761043234097, 1.56259409167413, 1.5303086524391718, 1.4067147994242815, 0.9580748826681523, 3.475648951212247] 
[0.2477101532172472, 0.2527013139539489, 0.2556172843146609, 0.294345337278491, -0.6416449486018594, -1.97784380185874, 1.5698689911758688, 1.562422111186655, 1.530493930690747, 1.4069683937089565, 0.9582704752837555, 3.475527072882747] 
[0.2480848486316123, 0.253076009368314, 0.25524258890029583, 0.29472003269285607, -0.6412702531874943, -1.9782184972731052, 1.5693369558537413, 1.5617593419612932, 1.5298041189602203, 1.406286791482237, 0.9576243218758823, 3.475005855189481] 
[0.248564224814962, 0.2525966331849643, 0.25476321271694613, 0.29519940887620577, -0.6407908770041446, -1.9777391210897555, 1.5697408797204988, 1.5614419505702932, 1.5300849803412768, 1.405756757567554, 0.9571077230397456, 3.4753680573224313] 
[0.24874282071710385, 0.2524180372828224, 0.254941808619088, 0.29537800477834764, -0.6409694729062865, -1.9779177169918973, 1.5698924043193818, 1.5613283038616288, 1.5302080723316738, 1.4056331284600383, 0.9572239416214857, 3.4752157718896806] 
[0.2479902649671455, 0.2531705930327808, 0.25569436436904636, 0.2946254490283893, -0.6402169171563281, -1.9786702727418557, 1.5704503244507126, 1.5605118257838795, 1.5293673732139508, 1.406074461098125, 0.9567154077061828, 3.4758531327389885] 
[0.24827058628971233, 0.2534509143553476, 0.2559746856916132, 0.2949057703509561, -0.640497238478895, -1.9789505940644225, 1.5702124110367368, 1.5606902863405483, 1.5291744335343016, 1.4062684739483293, 0.9565329800093405, 3.476092090098068] 
[0.24858378109273604, 0.25376410915837133, 0.2562878804946369, 0.29521896515397983, -0.6408104332819187, -1.9792637888674462, 1.5706570374539506, 1.5612428040709847, 1.5297424235097488, 1.4068009561101822, 0.9569148089097665, 3.4758655532086684] 
[0.24877170463439913, 0.25357618561670825, 0.2564758040363, 0.29503104161231675, -0.6406225097402556, -1.9794517124091093, 1.5704213306094867, 1.5610421621914812, 1.5299268695129775, 1.4069873203284051, 0.9567159729434472, 3.475632455528667] 
[0.24874935354933814, 0.25359853670176924, 0.256498155121361, 0.29505339269737774, -0.6406001586551946, -1.9794293613240483, 1.5704522026020387, 1.5610779132343302, 1.529952558913363, 1.4069657412962506, 0.9566926297161951, 3.475649501927396] 
[0.2496540495499875, 0.2545032327024186, 0.25740285112201033, 0.2941486966967284, -0.6396954626545452, -1.978524665323399, 1.569776178008812, 1.5620374363855294, 1.5308706082935495, 1.4060620551859513, 0.9557405568269318, 3.476337861018269] 
[0.24964593806848145, 0.2545113441839246, 0.25741096260351637, 0.2941568081782344, -0.6397035741360513, -1.978516553841893, 1.5697704635082537, 1.5620474609685395, 1.5308845090595942, 1.4060765778261874, 0.9557544874841094, 3.4763491283412895] 
[0.24961651208126656, 0.2545407701711395, 0.2573815366163015, 0.2941862341654493, -0.6396741481488364, -1.9785459798291078, 1.5697912474961992, 1.5620113174280246, 1.5308349728425006, 1.4060274548761522, 0.9557188488401404, 3.4763704808580083] 
[0.24823513416256193, 0.2531593922524349, 0.25600015869759685, 0.2928048562467447, -0.6382927702301318, -1.9799273577478125, 1.5686306750909407, 1.562934908723844, 1.53007075169018, 1.407720786290132, 0.9579063813141627, 3.4782474255037097] 
[0.24808848880338874, 0.2530127468932617, 0.25614680405677004, 0.2926582108875715, -0.6381461248709586, -1.9797807123886393, 1.5687405889606068, 1.5627804854042924, 1.529926324086275, 1.407884767696983, 0.9581348459741865, 3.478445918231294] 
[0.24793964450932893, 0.2531615911873215, 0.25629564835082985, 0.2928070551816313, -0.6379972805768988, -1.9796318680945795, 1.5685302676867798, 1.5625218894405195, 1.5296717829099815, 1.4076931897567895, 0.9582108967464086, 3.4783143242805354] 
[0.2491719517638653, 0.25192928393278513, 0.25506334109629347, 0.2915747479270949, -0.6367649733223624, -1.9808641753491159, 1.5702787426218305, 1.5646944506379068, 1.5319063384665326, 1.4097869038932134, 0.9597105098311122, 3.4774219689531343] 
[0.24904854493223882, 0.25180587710115865, 0.254939934264667, 0.2916981547587214, -0.6366415664907359, -1.9809875821807423, 1.570370951093941, 1.564563813635396, 1.5317812046843946, 1.4099100108592466, 0.9598401113143696, 3.477327987339728] 
[0.24986782765987203, 0.25262515982879186, 0.2557592169923002, 0.2908788720310882, -0.6358222837631027, -1.9801682994531091, 1.5693167535801835, 1.5635797080731453, 1.5321527826043613, 1.4089790954726573, 0.9589528008955761, 3.477945795608134] 
[0.2488053190011097, 0.2536876684875542, 0.25469670833353786, 0.29194138068985054, -0.6347597751043403, -1.9791057907943468, 1.5679566733624068, 1.5623368606259058, 1.5327729163787398, 1.4083348992013611, 0.9601747438380317, 3.479284999206728] 
[0.24881963650841743, 0.25370198599486193, 0.2547110258408456, 0.2919270631825428, -0.6347740926116481, -1.979091473287039, 1.5679383467555077, 1.5623200414467548, 1.5327808464822308, 1.408324503216798, 0.9601839705124305, 3.4792727621917434] 
[0.247637978726998, 0.25488364377628137, 0.25352936805942616, 0.29310872096396223, -0.6359557503930675, -1.9802731310684585, 1.569420932709375, 1.5635824442161905, 1.5316225756616224, 1.4071523336424483, 0.9614326921804283, 3.480735987463042] 
[0.2488630522910913, 0.25610871734037466, 0.25230429449533287, 0.2943337945280555, -0.6347306768289742, -1.9814982046325518, 1.5703390371453736, 1.562288284307631, 1.5304103031175627, 1.408525311920172, 0.9633418853717288, 3.4823932687421277] 
[0.24789524930255769, 0.25707652032890826, 0.2532720974838665, 0.29530159751658913, -0.6337628738404406, -1.9824660076210854, 1.5696548972475493, 1.563478802618466, 1.532032758412112, 1.4101332901763077, 0.9645143345632757, 3.481691096283699] 
[0.24894729472256816, 0.2560244749088978, 0.25432414290387695, 0.29424955209657866, -0.6348149192604511, -1.9835180530410959, 1.5704322608147077, 1.5623212765683405, 1.5308176409618275, 1.4106212600586807, 0.9632706607909246, 3.480357111725233] 
[0.24821088982935424, 0.2552880700156839, 0.25506054779709086, 0.2949859569897926, -0.6340785143672372, -1.982781648147882, 1.569514454626158, 1.5615602144345218, 1.5316348012917667, 1.4117440650143287, 0.9641381462400749, 3.479818183503462] 
[0.24939207496032867, 0.25410688488470945, 0.25387936266611644, 0.29380477185881815, -0.6328973292362627, -1.9816004630169075, 1.5679966103744272, 1.5601439430087738, 1.5321655552375917, 1.4103956541144196, 0.9628532708942003, 3.4807077254307472] 
[0.2501125538427498, 0.25338640600228834, 0.25315888378369533, 0.29308429297639704, -0.6336178081186838, -1.9823209418993286, 1.568534379477361, 1.5593791124198644, 1.5314326360732562, 1.4111172638455165, 0.9636127813389974, 3.4801589606386782] 
[0.25035037409360217, 0.25314858575143595, 0.2533967040345477, 0.29284647272554465, -0.6333799878678315, -1.9820831216484762, 1.5683565596093758, 1.5596295212542814, 1.5316673707208723, 1.4108503093526823, 0.9632417955747863, 3.4798370264747978] 
[0.2509452589722396, 0.2537434706300734, 0.2539915889131852, 0.2934413576041821, -0.6339748727464689, -1.9814882367698388, 1.568781541004087, 1.5589211399772207, 1.5307502582887835, 1.4101796968424334, 0.9638516969471004, 3.480570084615955] 
[0.25112079602265314, 0.2535679335796599, 0.2538160518627717, 0.2932658205537686, -0.6341504097968824, -1.9813126997194253, 1.5686521292383528, 1.5591130341087005, 1.5309519176395667, 1.410097906947485, 0.9640591560129714, 3.4807925870242613] 
[0.2498149424564129, 0.25226208001341965, 0.2551219054290119, 0.29457167412000884, -0.6354562633631227, -1.9826185532856655, 1.5675097989980038, 1.5597928405951758, 1.529458475469714, 1.4086045915001195, 0.9647691836446772, 3.479647454246921] 
[0.24834343404342962, 0.2537335884264029, 0.25365039701602865, 0.2931001657070256, -0.6339847549501394, -1.9840900616986488, 1.5664717214655566, 1.5616033283386737, 1.5319689323506762, 1.4112355919874067, 0.9673009591269486, 3.4816945630045573] 
[0.24972609014558844, 0.25511624452856174, 0.25503305311818747, 0.29171750960486675, -0.6326020988479806, -1.98270740559649, 1.5682513573356152, 1.5632718113344348, 1.531384728829947, 1.4129792059691635, 0.9695057945670025, 3.4835793971195157] 
[0.24937772476051623, 0.25476787914348953, 0.2553814185032597, 0.29206587498993897, -0.6329504642330528, -1.9830557709815622, 1.568685980760665, 1.5636325128581061, 1.5309976128603897, 1.4124484078367205, 0.9690962224802445, 3.483834908012446] 
[0.2495984549680077, 0.25454714893599806, 0.25560214871075115, 0.2918451447824475, -0.6331711944405443, -1.9832765011890536, 1.5689626301416637, 1.5638666462344148, 1.530774720620834, 1.412202843045951, 0.9692179640789362, 3.4836418101997646] 
[0.24958100293733554, 0.2545296969053259, 0.255584696680079, 0.29186259681311966, -0.6331537424098721, -1.9832590491583815, 1.5689845094811294, 1.563885166244347, 1.5307570890823727, 1.4121834193406324, 0.9692275893083335, 3.4836265447683528] 
[0.24948307102011458, 0.25443176498810494, 0.25568262859729995, 0.2917646648958987, -0.6330558104926511, -1.9833569810756024, 1.5689020405199836, 1.5639498539407009, 1.53069977036232, 1.4122915745656541, 0.969332986868456, 3.483552554758195] 
[0.24877725172771536, 0.25513758428050415, 0.25638844788969917, 0.2910588456034995, -0.6323499912002519, -1.9826511617832032, 1.5695201026710466, 1.5635825991586136, 1.531508655486845, 1.4131009280721893, 0.968949307279617, 3.4841712076949545] 
[0.24968988034625172, 0.2542249556619678, 0.2554758192711628, 0.2901462169849631, -0.6314373625817156, -1.9835637904017396, 1.5701637188199782, 1.5624534739791591, 1.529945609517921, 1.4114704810075502, 0.9673843647314833, 3.4829038870211244] 
[0.24989040323135359, 0.25442547854706965, 0.25567634215626467, 0.290346739870065, -0.6316378854668174, -1.9833632675166377, 1.5700153157319683, 1.5626714014623537, 1.530169951562398, 1.4113528620222298, 0.9675200968848139, 3.482734161892281] 
[0.25024703722343733, 0.2540688445549859, 0.2560329761483484, 0.29070337386214873, -0.6312812514747337, -1.9837199015087215, 1.569507046047817, 1.562037835250958, 1.5295118102765088, 1.4107046234474923, 0.9669060580589958, 3.4822382358594384] 
[0.2500055949616058, 0.25382740229315437, 0.25627441841017995, 0.2904619316003172, -0.6310398092129021, -1.98347845924689, 1.5691959908454027, 1.5617474103178366, 1.5296203743255385, 1.4104301246904625, 0.966644487381578, 3.482420328884464] 
[0.2505991121710369, 0.25323388508372324, 0.2568679356196111, 0.2910554488097483, -0.630446292003471, -1.984071976456321, 1.5687731318611284, 1.562460024341215, 1.5305566678344933, 1.41117479810674, 0.9663362592320306, 3.4829439670657742] 
[0.2506505526442193, 0.25328532555690564, 0.2568164951464287, 0.2911068892829307, -0.6304977324766534, -1.9840205359831387, 1.5688377069834665, 1.5625147348338553, 1.5305045569117437, 1.411117441381897, 0.9663646337346489, 3.482898961776532] 
[0.24927584240012624, 0.25191061531281256, 0.25819120539052176, 0.2924815995270238, -0.6291230222325603, -1.9853952462272317, 1.567823517267437, 1.564016149538684, 1.532081396935001, 1.4104789729585692, 0.9679916143381193, 3.4846426394691106] 
[0.2489127014200878, 0.252273756292851, 0.25782806441048334, 0.2928447405070622, -0.6294861632125988, -1.9857583872072702, 1.5683374307725015, 1.5646472191900844, 1.532702892651682, 1.4109476610636842, 0.9678070282034009, 3.484963885146027] 
[0.24885270348058586, 0.25233375423235294, 0.2577680664709814, 0.29278474256756026, -0.6294261652730968, -1.9856983892677682, 1.5683898452448723, 1.5646154297043395, 1.5327700310175174, 1.411009321997239, 0.9677440569782497, 3.484889577337136] 
[0.2483588029681687, 0.2528276547447701, 0.25826196698339854, 0.2932786430799774, -0.6289322647606796, -1.9861922897801854, 1.5677077807419897, 1.5638264579597512, 1.5322041524655954, 1.4114858494336247, 0.9682598754856078, 3.484512870283733] 
[0.24899207438667292, 0.25219438332626587, 0.25889523840190276, 0.2926453716614732, -0.6282989933421754, -1.9855590183616811, 1.568182557314479, 1.5631605098409591, 1.531582750474566, 1.4121954784900754, 0.9692485236943554, 3.4853708274207995] 
[0.2485703347603756, 0.25177264369996855, 0.25847349877560544, 0.2930671112877705, -0.6287207329684728, -1.9851372787353838, 1.5687676433208966, 1.5638450213137265, 1.532109546122632, 1.4119639218413929, 0.9695372246991392, 3.48501456084024] 
[0.2507369940066464, 0.25393930294623934, 0.25630683952933464, 0.2909004520414997, -0.6308873922147435, -1.9873039379816546, 1.5703197454927273, 1.5612656892423482, 1.5287576398508733, 1.4095034157932353, 0.9717530531205983, 3.4876834827850356] 
[0.25197952909785815, 0.2526967678550276, 0.2575493746205464, 0.2921429871327115, -0.6296448571235318, -1.9885464730728664, 1.5713752005456108, 1.5604867113465442, 1.529650020278997, 1.4087939561511669, 0.9731961231603298, 3.4892559232515428] 
[0.25170182376097716, 0.2529744731919086, 0.2578270799574274, 0.29242069246959246, -0.6299225624604128, -1.9882687677359854, 1.5711706017646077, 1.5607895510903858, 1.5299683208739787, 1.4086656175237706, 0.9735257245179787, 3.489609034796425] 
[0.2518278676216308, 0.2531005170525622, 0.25770103609677375, 0.2925467363302461, -0.6300486063210664, -1.988394811596639, 1.5713325204105468, 1.5609383314988368, 1.5298987510654876, 1.408757002258, 0.9734448618062119, 3.489716584957509] 
[0.2525352492744435, 0.2523931353997495, 0.25699365444396105, 0.2918393546774334, -0.6293412246682537, -1.9876874299438263, 1.5707391030123612, 1.5614107494948148, 1.5295072384301893, 1.4096250746130168, 0.9745685147397609, 3.4906810592701936] 
[0.25058427733838573, 0.25044216346369175, 0.2550426825079033, 0.29379032661349114, -0.627390252732196, -1.989638401879884, 1.5735134655250855, 1.5648139853158898, 1.532846947672475, 1.4121402204285896, 0.9735770078677171, 3.492405707028395] 
[0.2508866889829935, 0.2507445751082995, 0.25474027086329554, 0.2934879149688834, -0.6276926643768037, -1.9893359902352763, 1.5730949319699115, 1.5643306154950594, 1.532500829365209, 1.412433421496938, 0.9738933452621465, 3.4921755844280784] 
[0.2519216655773089, 0.2517795517026149, 0.25577524745761093, 0.292452938374568, -0.6266576877824883, -1.988301013640961, 1.5743973401393094, 1.5654426003723525, 1.5314852687788327, 1.411409641791957, 0.9749900637807005, 3.493461138924906] 
[0.25161588536091517, 0.2514737714862212, 0.25608102767400465, 0.29214715815817427, -0.6263519075660946, -1.9886067938573546, 1.5739611085638587, 1.5649022193212618, 1.5309313553501949, 1.4108896409248532, 0.9746170899041551, 3.493681995315652] 
[0.2510174622208712, 0.2520721946262652, 0.25548260453396066, 0.29274558129821826, -0.6257534844260506, -1.9892052169973986, 1.5743833901120392, 1.5641717608130452, 1.5299282401925816, 1.4098919169752377, 0.9738921478270145, 3.4941152944641134] 
[0.250138206979474, 0.251192939384868, 0.25636185977535786, 0.29362483653961546, -0.6266327396674478, -1.9900844722387958, 1.5751299406245707, 1.5636200656910064, 1.5305613227646209, 1.4093916813209404, 0.9749114545851763, 3.49522680148139] 
[0.2494930542515188, 0.25183809211282315, 0.2557167070474027, 0.29426998926757064, -0.627277892395403, -1.990729624966751, 1.5746685282329116, 1.5643863870965242, 1.5315563757658013, 1.4101206797848382, 0.9742496274961888, 3.494430407917017] 
[0.2505230207665281, 0.25286805862783246, 0.2546867405323934, 0.29529995578257995, -0.6262479258803937, -1.9917595914817603, 1.575577914125195, 1.5638821275700967, 1.5328758460588425, 1.4118581145494202, 0.9760021034996819, 3.4958617090448465] 
[0.25147456975306315, 0.2519165096412974, 0.2556382895189284, 0.2943484067960449, -0.6271994748669287, -1.9908080424952252, 1.574907603752434, 1.5650538240615777, 1.5345003793369447, 1.413564228918407, 0.9776474008538548, 3.4971902619612365] 
[0.25076889967453897, 0.2526221797198216, 0.2563439595974526, 0.2950540768745691, -0.6279051449454529, -1.9915137125737494, 1.5744096540760182, 1.5659158117211165, 1.535683353005709, 1.4147418069413018, 0.9785040111296223, 3.4966807728085976] 
[0.2504950213374275, 0.25234830138271014, 0.25607008126034114, 0.2947801985374576, -0.6281790232825644, -1.9917875909108609, 1.5742168050478844, 1.5662530506193784, 1.536151714637075, 1.4152335157405456, 0.9789776494723238, 3.4970633776494497] 
[0.2503904821443885, 0.25224376218967115, 0.25617462045338013, 0.2948847377304966, -0.6280744840895254, -1.991683051717822, 1.5741394565205424, 1.5663663295857009, 1.5362684073334845, 1.415172353130219, 0.9790479703904352, 3.4969749983605536] 
[0.2505497855869503, 0.2520844587471094, 0.2563339238959419, 0.29472543428793485, -0.6279151806469636, -1.9915237482752601, 1.5743434968183234, 1.5665527788445601, 1.5361751559553478, 1.4152679386870277, 0.9788641173870923, 3.4967734623717632] 
[0.2501369095706625, 0.2524973347633972, 0.2559210478796541, 0.29513831030422266, -0.6275023046306758, -1.9911108722589723, 1.5737694175867076, 1.5658813798826265, 1.5356588289859454, 1.415495582478465, 0.9785829771560892, 3.497121792190142] 
[0.2502804969723005, 0.2523537473617592, 0.2560646352812921, 0.29499472290258466, -0.6276458920323138, -1.9912544596606103, 1.5735901059802895, 1.5657323350277477, 1.5358190637396913, 1.4157153938712554, 0.9787526370509685, 3.497017093567701] 
[0.24911062681427043, 0.25352361751978925, 0.25723450543932214, 0.2938248527445546, -0.6264760218742838, -1.9900845895025803, 1.572131065707442, 1.5645266114999146, 1.5371611459907737, 1.4176516963962216, 0.9807359328776543, 3.49864182297182] 
[0.2491979286579873, 0.2536109193635061, 0.257321807283039, 0.29391215458827147, -0.6263887200305669, -1.9899972876588634, 1.5722397690624372, 1.5646162846411102, 1.5370608722891486, 1.4175072374242943, 0.9805881983131398, 3.4985207701424748] 
[0.24999183175220696, 0.2544048224577258, 0.25811571037725867, 0.2931182514940518, -0.6255948169363472, -1.990791190753083, 1.571539668225754, 1.5650091937028787, 1.5360663650550685, 1.416264612192285, 0.979644335759835, 3.499099115229925] 
[0.25231548112378976, 0.2567284718293086, 0.25579206100567586, 0.290794602122469, -0.6232711675647644, -1.9931148401246659, 1.5735100258048453, 1.5635336596729892, 1.537662621094194, 1.4146599633688297, 0.9811522285912454, 3.497120153816133] 
[0.2500886092878669, 0.25450159999338573, 0.2580189328415987, 0.29302147395839184, -0.6210442957288416, -1.9953417119605887, 1.5716187700011057, 1.5649235764997835, 1.5360639710442288, 1.4159293064008067, 0.9785649395493224, 3.494300279842317] 
[0.24915394369822397, 0.2554362655830287, 0.25895359843124166, 0.2920868083687489, -0.6219789613184845, -1.9944070463709458, 1.572792795109441, 1.5659229152807728, 1.5351459247742862, 1.4150026485814842, 0.9795557753182622, 3.4954623083828387] 
[0.2494426902560949, 0.25514751902515775, 0.2592423449891126, 0.2923755549266198, -0.6216902147606136, -1.9941182998130749, 1.5730377792360513, 1.5657394890217047, 1.5353439430643525, 1.4148032483423016, 0.9797430382425938, 3.495216511487521] 
[0.2503870159786199, 0.25609184474768276, 0.2582980192665876, 0.2933198806491448, -0.6207458890380886, -1.9931739740905499, 1.574255074735782, 1.5668822340820525, 1.5349532626864748, 1.415996801188632, 0.9812532730761065, 3.496506825598428] 
[0.24887105994179737, 0.25457588871086023, 0.25678206322976505, 0.29483583668596736, -0.619229933001266, -1.9946899301273724, 1.5721586040123767, 1.5644603772725205, 1.533253114696009, 1.4176472815843224, 0.983613511219793, 3.498561503798693] 
[0.24804838793554995, 0.25539856071710765, 0.25760473523601246, 0.29401316467971994, -0.6184072609950186, -1.9955126021336198, 1.5728499891520844, 1.5639096113348905, 1.5337067852359694, 1.416631116103308, 0.9823019090653645, 3.497439225131824] 
[0.24836873963807693, 0.25507820901458067, 0.2572843835334855, 0.29369281297719296, -0.6187276126975456, -1.9958329538361468, 1.573087443858145, 1.5635606430241202, 1.5333477597366942, 1.4168174823358497, 0.98208607272365, 3.4977102286207606] 
[0.24880490818610101, 0.25551437756260476, 0.2568482149854614, 0.29412898152521705, -0.6182914441495215, -1.9962691223841709, 1.573457666800425, 1.563283408195538, 1.533647382081263, 1.4165163425019216, 0.9823685154027509, 3.4973387180729256] 
[0.2489483976451179, 0.2553708881035879, 0.2567047255264445, 0.29398549206620017, -0.6184349336085384, -1.9964126118431877, 1.5736361847225797, 1.563430431506967, 1.5334827802516795, 1.4162785085182437, 0.9821250648004461, 3.4971394846882027] 
[0.24879802026748155, 0.2555212654812242, 0.2565543481488082, 0.2941358694438365, -0.6185853109861748, -1.9962622344655514, 1.573530201546504, 1.5636166530376208, 1.5337408516319262, 1.4165489977038783, 0.9823853244624783, 3.4973494883182297] 
[0.24800543944517517, 0.25472868465891785, 0.25734692897111455, 0.29334328862153014, -0.6193778918084811, -1.9970548152878578, 1.5742311089772056, 1.5632318655232433, 1.534757127506439, 1.41788906266885, 0.9837365084780928, 3.4984515779743153] 
[0.2469634757646897, 0.25577064833940333, 0.25630496529062907, 0.29230132494104466, -0.6183359281279956, -1.9980967789683433, 1.573311539709997, 1.5637471019843343, 1.533452107174805, 1.416257168778223, 0.9824969564989441, 3.4992087223526007] 
[0.24739603313076475, 0.2562032057054784, 0.25673752265670413, 0.2918687675749696, -0.6187684854940707, -1.9976642216022682, 1.572756502717319, 1.5632292353602673, 1.533645791010564, 1.415763325256025, 0.9820268596108838, 3.499533139255351] 
[0.24796655710347681, 0.2556326817327663, 0.25616699868399206, 0.29129824360225753, -0.6193390094667828, -1.9982347455749803, 1.57354337279178, 1.5641425235658017, 1.534303778860855, 1.4152125442119277, 0.9814311734529886, 3.4999666615127665] 
[0.24839237202836872, 0.25605849665765823, 0.256592813608884, 0.2908724286773656, -0.6197648243916747, -1.9978089306500884, 1.5729413608576326, 1.5634005086495146, 1.533573160300551, 1.4146637955310841, 0.9816461184629578, 3.499590391873981] 
[0.24755453457024745, 0.25522065919953696, 0.25743065106700525, 0.2917102661354869, -0.6189269869335534, -1.996971093191967, 1.5717842156654498, 1.5620579225898419, 1.5326064906821981, 1.4154715241359384, 0.9825196564672148, 3.498953864377174] 
[0.2482812703560231, 0.2559473949853126, 0.2581573868527809, 0.29098353034971125, -0.6182002511477778, -1.9976978289777427, 1.5724013258977056, 1.5615955558738523, 1.5331052479726468, 1.414969122992786, 0.9829904969719402, 3.498335281252765] 
[0.2484785827120024, 0.2557500826293333, 0.2583546992087602, 0.29078621799373194, -0.6183975635037571, -1.9975005166217634, 1.5726549184641736, 1.5618322928328068, 1.533017318623739, 1.4151940303346366, 0.983204605433391, 3.4981871890489926] 
[0.24919478362311298, 0.2564662835404439, 0.2576384982976496, 0.2915024189048425, -0.6191137644148677, -1.9967843157106528, 1.5717643170139295, 1.5610993031176692, 1.5338403552877697, 1.4163789859251674, 0.9844171295078824, 3.499182102928328] 
[0.24997668599758316, 0.2556843811659737, 0.2584204006721198, 0.29072051653037234, -0.6183318620403975, -1.9960024133361827, 1.5727387206658956, 1.5619062427455446, 1.532967823743965, 1.4151824970385152, 0.9834953957448046, 3.499752300296343] 
[0.24994817152904747, 0.255655866697438, 0.2584489151406555, 0.29074903099890803, -0.6183033475718618, -1.9960309278047184, 1.572701997609116, 1.5618719458508485, 1.5329805156440783, 1.4151500012901448, 0.9834644516069676, 3.499773725850924] 
[0.2509767192751784, 0.2546273189513071, 0.25742036739452456, 0.2897204832527771, -0.6193318953179927, -1.9950023800585874, 1.571838011950744, 1.5625595862539847, 1.5324142329668193, 1.4164137370863763, 0.9850998606782357, 3.5011769306848186] 
[0.2507470688126421, 0.2548569694138434, 0.2576500178570609, 0.2899501337153134, -0.6191022448554564, -1.9952320305211237, 1.5716433648133281, 1.5627052254815186, 1.5322564510923697, 1.416572580263433, 0.9849507068001331, 3.5013724292324353] 
[0.2487944363280572, 0.2529043369292585, 0.255697385372476, 0.2919027661998983, -0.6171496123708715, -1.9971846630057086, 1.5733022456910994, 1.5614818367248893, 1.533657715856648, 1.4154618470016533, 0.9872193700680749, 3.503844580960395] 
[0.24815265538260323, 0.2535461178747125, 0.255055604427022, 0.2925445471453523, -0.6165078314254175, -1.9978264439511626, 1.5724806665186042, 1.560727658658999, 1.534013469336836, 1.4149967352256403, 0.9876300087923222, 3.5032969275513115] 
[0.24848324028518465, 0.25321553297213106, 0.2547250195244406, 0.29221396224277085, -0.616838416327999, -1.998157028853744, 1.5720694131615023, 1.5603883750229304, 1.5343920742829256, 1.4155434364968622, 0.9881903303177966, 3.5037559908942395] 
[0.24835745280734645, 0.25308974549429286, 0.2548508070022788, 0.29233974972060905, -0.6167126288501608, -1.9980312413759058, 1.5719582738559372, 1.560449898262667, 1.5342312031566827, 1.415331363385317, 0.9879761473670903, 3.5035810290276217] 
[0.24849986155881498, 0.2532321542457614, 0.25499321575374734, 0.2924821584720776, -0.6168550376016293, -1.9981736501273744, 1.5717807925615452, 1.5603025231184806, 1.5343898874516528, 1.4155491083160412, 0.9881442689238139, 3.503477200436089] 
[0.2470025973969736, 0.25173489008392, 0.2564904799155887, 0.2909848943102362, -0.6153577734397879, -1.9996709142892157, 1.5704697858321013, 1.5610847681054878, 1.5326754889542904, 1.4138343496767602, 0.9889499965805222, 3.5021649199124503] 
[0.24633866010718708, 0.25239882737370656, 0.2558265426258022, 0.2903209570204497, -0.6146938361500014, -2.0003348515790025, 1.5696393519606264, 1.5603816351564985, 1.5333494142333464, 1.4145747220879012, 0.9885873312601403, 3.5027454597357304] 
[0.24747692728888881, 0.2512605601920048, 0.2569648098075039, 0.28918268983874795, -0.6135555689682997, -2.001473118760704, 1.5687950804830715, 1.561626701558993, 1.534656060862967, 1.4140493324666688, 0.9899403158246346, 3.5041950761414062] 
[0.24799507902231954, 0.25177871192543555, 0.25748296154093464, 0.2897008415721787, -0.6140737207017304, -2.0009549670272735, 1.568428225087065, 1.5622643649224515, 1.5355420436456386, 1.4149782330130674, 0.990834798143979, 3.5049193148549267] 
[0.2497417257781993, 0.2500320651695558, 0.2557363147850549, 0.29144748832805845, -0.6123270739458506, -2.0027016137831533, 1.5669602243490752, 1.5634365171764493, 1.5345764053729622, 1.4171245298993682, 0.9936156967494312, 3.5073063245282428] 
[0.25072865582671144, 0.2510189952180679, 0.25474938473654274, 0.2924344183765706, -0.6113401438973385, -2.001714683734641, 1.5676917398008887, 1.5623699269035107, 1.5334777942744244, 1.417702688740094, 0.9929525110726009, 3.508140420267443] 
[0.2506517779653723, 0.25109587307940706, 0.2546725068752036, 0.29235754051523144, -0.6114170217586776, -2.0017915615959803, 1.5675926056070997, 1.562277321095027, 1.533512568071883, 1.417614813903552, 0.9928687949058508, 3.5081980794174688] 
[0.2497248475557352, 0.25016894266976997, 0.2537455764655665, 0.29143061010559435, -0.6104900913490405, -2.000864631186343, 1.5682535222269458, 1.5611701169010885, 1.5320569695021982, 1.4164561085650287, 0.9933432552826755, 3.507380103508781] 
[0.24889927481990415, 0.2493433699339389, 0.25292000372973544, 0.2906050373697633, -0.6096645186132095, -2.0016902039221742, 1.5692897602312559, 1.5620499266520154, 1.5312220063239588, 1.4155388397535276, 0.9937944405987924, 3.506657823513862] 
[0.2484876507572895, 0.24975499399655354, 0.2533316277923501, 0.2910166614323779, -0.6100761426758241, -2.0012785798595596, 1.5687214770308615, 1.5613936781741533, 1.5307514291919462, 1.4159391576218288, 0.9942254221553067, 3.5063449521109735] 
[0.2488541945997571, 0.24938845015408595, 0.2529650839498825, 0.29065011758991033, -0.6097095988333565, -2.001645123702027, 1.5690413949044149, 1.5611980236260141, 1.5311595311363402, 1.416312845925734, 0.9938397703121503, 3.5058900801894484] 
[0.24803270649924047, 0.2502099382546026, 0.2537865720503991, 0.29147160569042696, -0.6105310869338731, -2.002466611802544, 1.5683498395534572, 1.5617424174965708, 1.5306757659800787, 1.4172236872390114, 0.9947267834478103, 3.505271827673612] 
[0.24868375925130937, 0.2495588855025337, 0.2531355192983302, 0.29082055293835807, -0.6098800341818043, -2.001815559050475, 1.5692740418854625, 1.562890815692878, 1.5318702212984583, 1.4184107710871054, 0.995857648185276, 3.506182692390467] 
[0.24872194771045275, 0.2495206970433903, 0.2531737077574736, 0.29085874139750145, -0.6098418457226609, -2.0017773705913315, 1.569226156522674, 1.5628501584508454, 1.5319088493142101, 1.4184531892575736, 0.9958367696436814, 3.506216094387108] 
[0.24909951425785937, 0.2491431304959837, 0.2535512743048802, 0.29123630794490807, -0.6094642791752543, -2.002154937138738, 1.5689436793689462, 1.5632487860654949, 1.5322905475954574, 1.4180737275249369, 0.9954384602654386, 3.5065023610421893] 
[0.2488220279679847, 0.24942061678585836, 0.2538287605947549, 0.29151379423478274, -0.6097417654651289, -2.0018774508488635, 1.5693268524915045, 1.5636911394182114, 1.5326075051478076, 1.4178038020291035, 0.9951477933833094, 3.5067132099666267] 
[0.2502640933250315, 0.2508626821429052, 0.2552708259518017, 0.29295585959182957, -0.6082997001080821, -2.0033195162059103, 1.571361929726915, 1.566176082956094, 1.5350137391934227, 1.4194715855363509, 0.9936783930298374, 3.504934371885118] 
[0.2513230684615866, 0.25192165727946025, 0.25421185081524666, 0.2918968844552745, -0.6093586752446372, -2.0022605410693552, 1.572252754301543, 1.5654751861838347, 1.5356340862824138, 1.4182950635842029, 0.9925322158872428, 3.5057304889840433] 
[0.25109993571969613, 0.2521447900213507, 0.2539887180733562, 0.29167375171338406, -0.6091355425027467, -2.0024836738112457, 1.572447430253499, 1.5653570277950255, 1.535882676464867, 1.4185225868627023, 0.9922975692019215, 3.505453568350819] 
[0.2501357353304623, 0.25118058963211687, 0.25495291846259005, 0.2907095513241502, -0.6081713421135129, -2.001519473422012, 1.571636429546129, 1.5659937339861705, 1.5353168179711985, 1.4195928252298384, 0.9933397893313026, 3.5047283307112598] 
[0.24854081949485152, 0.25277550546772765, 0.2565478342982008, 0.28911463548853944, -0.6065764262779021, -1.999924557586401, 1.5696469050515636, 1.5643479384280614, 1.5371455398116838, 1.4222305556227415, 0.9960407493071446, 3.50694055664964] 
[0.24867911224799033, 0.25291379822086646, 0.25668612705133964, 0.2889763427354006, -0.6067147190310409, -2.00006285033954, 1.5698238970279283, 1.5645104222234811, 1.5370689272981515, 1.422330698884968, 0.995951999661519, 3.5070586726502224] 
[0.24820031496876882, 0.25243500094164495, 0.25620732977211813, 0.28945514001462214, -0.6062359217518194, -1.9995840530603184, 1.5702300767115032, 1.5642056828250286, 1.5373983107881166, 1.4219999499850153, 0.9962630870138196, 3.5066506377849196] 
[0.24749559138880417, 0.2517302773616803, 0.2555026061921535, 0.2901598635945868, -0.606940645331784, -2.000288776640283, 1.5708514566129126, 1.5638553140409985, 1.538280203839804, 1.4231022308752999, 0.9971011262132577, 3.506136183372083] 
[0.24662127293324576, 0.2526045958172387, 0.25462828773659507, 0.2892855451390284, -0.6060663268762256, -2.0011630950958414, 1.5702325238847057, 1.5649317296978746, 1.5397736404073907, 1.4246696444865212, 0.9986088979915037, 3.5073536315872467] 
[0.24777918648067998, 0.25376250936467293, 0.25347037418916085, 0.28812763159159416, -0.6049084133287914, -2.0000051815484072, 1.5712158896772972, 1.5641933138343123, 1.5405711175097339, 1.4238686405574679, 0.9993602989582329, 3.506366872597074] 
[0.24781711793128625, 0.2538004408152792, 0.2535083056397671, 0.2881655630422004, -0.6048704818781852, -1.999967250097801, 1.5711687167790247, 1.5641543856461615, 1.5406144188852915, 1.4239311236418994, 0.9994242685607936, 3.506419319018009] 
[0.24811778347754543, 0.25349977526902, 0.2538089711860263, 0.2884662285884596, -0.604569816331926, -2.00026791564406, 1.5707819586167053, 1.563791784437994, 1.5407412789922428, 1.4235514822783772, 0.9989447999894977, 3.506009876256256] 
[0.24872322001536662, 0.2541052118068412, 0.2544144077238475, 0.2878607920506384, -0.6051752528697472, -1.999662479106239, 1.5712346253861984, 1.5631491689941912, 1.5401259929609339, 1.4241581721495804, 0.9995831795406414, 3.5055492883233565] 
[0.2486150417152746, 0.2539970335067492, 0.25430622942375547, 0.2877526137505464, -0.6052834311698392, -1.999770657406331, 1.571158077718216, 1.563281924713162, 1.5403075688584187, 1.4243383877654758, 0.9997142876147828, 3.5054708505385404] 
[0.24801585648301017, 0.2545962187390136, 0.2549054146560199, 0.28715342851828196, -0.6058826164021036, -2.0003698426385954, 1.5703315903694772, 1.5623275439679796, 1.5396357716704283, 1.4249908804388476, 1.0006447486650996, 3.5062811909784233] 
[0.24895987626031402, 0.25365219896170976, 0.25396139487871605, 0.2880974482955858, -0.6049385966247998, -2.0013138624158993, 1.5711330096537672, 1.5617272925712378, 1.5402849607217, 1.4243370610922492, 1.0012584918031449, 3.5054767795912958] 
[0.24949612171053448, 0.2541884444119302, 0.2544976403289365, 0.2886336937458063, -0.6044023511745793, -2.0018501078661197, 1.5703700013224633, 1.560776552459772, 1.5392972603277975, 1.4233607788178781, 1.0003313585834583, 3.504729551269015] 
[0.2495987722217261, 0.25429109492312185, 0.25460029084012814, 0.28853104323461465, -0.6042997006633877, -2.0019527583773113, 1.5705117665784885, 1.560940224984016, 1.5394123570019655, 1.4232488221299302, 1.0001716933785159, 3.5045905581586085] 
[0.2503520651678126, 0.25504438786920836, 0.25384699789404164, 0.28928433618070115, -0.6050529936094742, -2.002706051323398, 1.571482834289928, 1.5618511434297488, 1.5390964292361127, 1.4242008557520516, 1.0013745330146442, 3.505617667236774] 
[0.24897153653115, 0.25366385923254575, 0.25522752653070424, 0.28790380754403855, -0.6064335222461368, -2.0040865799600605, 1.5695273148182334, 1.5594526602956869, 1.5367753048527453, 1.422598778960028, 1.002779443852319, 3.5073188129986264] 
[0.24963485318098821, 0.25432717588238396, 0.25589084318054245, 0.28724049089420034, -0.607096838895975, -2.0047498966098987, 1.5689645753811998, 1.5598743284877314, 1.536318839475676, 1.4230580400208015, 1.0023493605039664, 3.5078834488578763] 
[0.2508761805913007, 0.2555685032926964, 0.25464951577023, 0.2884818183045128, -0.6058555114856625, -2.005991224020211, 1.5680481335451293, 1.5612330954450941, 1.5377458210162613, 1.4224841618472155, 1.003825155438864, 3.509464267382661] 
[0.25204058457313994, 0.25440409931085717, 0.25581391975206924, 0.28964622228635206, -0.6046911075038233, -2.004826820038372, 1.5672202160000905, 1.5626340161798602, 1.5395829595960135, 1.4239424696687537, 1.00322711207056, 3.5104910265878897] 
[0.25196803467192797, 0.25447664921206914, 0.2558864696532812, 0.28971877218756403, -0.6046185576026113, -2.00475427013716, 1.5671561522513253, 1.5626691768005203, 1.5394899633153565, 1.4238200228771236, 1.003103622523341, 3.510390183188862] 
[0.25000707355178764, 0.2525156880919288, 0.2539255085331409, 0.2877578110674237, -0.602657596482471, -2.0067152312573002, 1.569893194601129, 1.5658856760127258, 1.5420133292723073, 1.4229841618706853, 1.0054466078947095, 3.512887809029346] 
[0.2501652416983997, 0.2526738562385409, 0.25408367667975296, 0.28759964292081164, -0.602815764629083, -2.006557063110688, 1.570006273892486, 1.5656974643863542, 1.5417694939140252, 1.4228059437694878, 1.0056093132509611, 3.513083318191825] 
[0.2500639804947784, 0.2527751174421622, 0.25418493788337426, 0.28749838171719033, -0.6029170258327043, -2.0066583243143095, 1.5700948677044178, 1.5656446182493435, 1.541885427074529, 1.4229218955343905, 1.0055546333934706, 3.513172031112659] 
[0.24900759537365746, 0.25383150256328313, 0.2531285527622533, 0.28855476683831127, -0.6018606407115834, -2.0077147094354304, 1.569172487772981, 1.5662039006687378, 1.540708171153228, 1.4218423802523412, 1.0066682018983069, 3.5144840658787677] 
[0.24855334979591137, 0.25337725698553704, 0.2535827983399994, 0.2881005212605652, -0.6014063951338373, -2.0072604638576843, 1.568530532157018, 1.5654170070281697, 1.539946280148373, 1.4213163528976647, 1.007131773122808, 3.5150447809878482] 
[0.24711204530262054, 0.2519359524922462, 0.25502410283329024, 0.289541825753856, -0.5999650906405465, -2.0058191593643935, 1.5703836841838625, 1.567146386988667, 1.5392947183227133, 1.4229611186162672, 1.008697921299227, 3.513962638359669] 
[0.24755628997349777, 0.25238019716312343, 0.25546834750416747, 0.2890975810829788, -0.6004093353114237, -2.0062634040352707, 1.5698125300596213, 1.5666106395490416, 1.539481960350542, 1.4223986373166604, 1.0079871466468648, 3.5133563077710357] 
[0.2471005478951358, 0.2528359392414854, 0.25592408958252943, 0.28955332316134075, -0.5999535932330617, -2.0067191461136327, 1.5701957391454722, 1.5663049452388706, 1.5397343626551638, 1.4218369647766775, 1.0072616017948852, 3.5127348239624636] 
[0.24733495252557947, 0.25307034387192906, 0.2561584942129731, 0.2893189185308971, -0.6001879978635054, -2.006484741483189, 1.5704025237488548, 1.566188315092365, 1.5400275805095107, 1.4222038654163973, 1.0075406657887163, 3.5125641793537494] 
[0.2466205450079062, 0.2537847513896023, 0.25544408669529983, 0.2886045110132238, -0.5994735903458321, -2.0071991490008623, 1.5712961746783398, 1.5669445433053808, 1.5393036957488382, 1.4214081751959846, 1.0079310122243537, 3.5119389493480435] 
[0.24746368911144034, 0.2529416072860682, 0.2546009425917657, 0.2877613669096897, -0.598630446242298, -2.0080422931043964, 1.5724904149002552, 1.5684302964300165, 1.540833586750878, 1.4228443930520027, 1.0089618164059488, 3.511331465164416] 
[0.24645079316477836, 0.25395450323273017, 0.2556138385384277, 0.28877426285635166, -0.597617550295636, -2.0090551890510584, 1.5712230757207182, 1.567357382796429, 1.5418579716995813, 1.4239709832111362, 1.0084072642988493, 3.512217476664661] 
[0.2475589054535543, 0.2528463909439542, 0.2567219508272036, 0.2876661505675757, -0.598725662584412, -2.0079470767622825, 1.5702538295555495, 1.5679454527835206, 1.540622784893845, 1.422838409228921, 1.0095720735177505, 3.5135922040093677] 
[0.2475886777838905, 0.25281661861361804, 0.25669217849686743, 0.2876959228979119, -0.5986958902540758, -2.0079173044319463, 1.570232481806422, 1.5679809625526238, 1.540668832532526, 1.4228721130836963, 1.009541530607739, 3.513555443551607] 
[0.24712407893807753, 0.2523520197678051, 0.2571567773426804, 0.28816052174372486, -0.5982312914082628, -2.0083819032777592, 1.5695882353289472, 1.5672238393988172, 1.540073418451032, 1.423070555664956, 1.008986591443389, 3.512963891015193] 
[0.24778089911993706, 0.25169519958594555, 0.25649995716082086, 0.28750370156186533, -0.5988881115901223, -2.0090387234596188, 1.5690358953974561, 1.5676649283419235, 1.5397108124870031, 1.4238792023741917, 1.0100320891299597, 3.5138599319877377] 
[0.24967250687307074, 0.25358680733907923, 0.2546083494076872, 0.289395309314999, -0.5969965038369887, -2.0109303312127524, 1.5706886883644249, 1.5666595012312483, 1.5418243591427458, 1.425817709822362, 1.008040934803423, 3.5115115593875794] 
[0.25028335511051725, 0.25419765557652574, 0.2552191976451337, 0.2887844610775525, -0.5963856555995422, -2.010319482975306, 1.569905998684448, 1.5659410540177316, 1.542162740789604, 1.42537502513383, 1.0084310043720819, 3.51099025352818] 
[0.2482979723542822, 0.2522122728202907, 0.2532338148888986, 0.28679907832131746, -0.5944002728433071, -2.008334100219071, 1.571323498942307, 1.5635721076355302, 1.5390942753779089, 1.4231352184304429, 1.0104674443291475, 3.513442169716959] 
[0.24932878292113503, 0.25118146225343785, 0.25426462545575146, 0.2878298888881703, -0.5933694622764543, -2.007303289652218, 1.570455095178845, 1.564254547989927, 1.538489149148819, 1.4242777664933093, 1.0115805403021256, 3.512664689721595] 
[0.24960901779885947, 0.2509012273757134, 0.253984390578027, 0.28754965401044585, -0.5930892273987298, -2.0075835245299425, 1.570664514996731, 1.5639582634248856, 1.538205589182795, 1.424559185463421, 1.0118765651029338, 3.512451555915983] 
[0.24956022093445784, 0.2508524305113118, 0.25403318744242864, 0.2875984508748475, -0.5930404305343282, -2.007632321394344, 1.570731964787121, 1.564036214384367, 1.5382614757352242, 1.4245117893921322, 1.0118254140633434, 3.5124887550738606] 
[0.25052876890264275, 0.2518209784794967, 0.25500173541061355, 0.28662990290666257, -0.5940089785025131, -2.008600869362529, 1.570040231541206, 1.5651932357819773, 1.5397818292838943, 1.425721613096207, 1.0113262474631448, 3.5133441227400666] 
[0.25051967583615453, 0.2518118854130085, 0.25499264234412533, 0.28662080984017435, -0.5940180715690013, -2.0086099624290172, 1.5700272854794723, 1.5651771881244356, 1.5397653628763213, 1.4257061436472733, 1.0113151415035022, 3.5133506880873866] 
[0.25038639001299745, 0.25194517123616555, 0.25485935652096825, 0.28648752401701727, -0.5938847857458442, -2.0087432482521743, 1.5702159822913897, 1.5654079815805155, 1.539988859853955, 1.4258610755095344, 1.0111796223478422, 3.513186556973691] 
[0.2508283684350967, 0.2515031928140663, 0.2553013349430675, 0.286045545594918, -0.593442807323745, -2.0091852266742736, 1.5705310645801933, 1.5648791502882562, 1.5392937404395215, 1.425307930472889, 1.0114074336588075, 3.5127964368705817] 
[0.25135405765503793, 0.25202888203400753, 0.25582702416300873, 0.28657123481485924, -0.5929171181038038, -2.0086595374543323, 1.5712631743828134, 1.5657378129112953, 1.5399667090777105, 1.425082017990763, 1.0120342135587532, 3.513464864207107] 
[0.25132807484750574, 0.25200289922647534, 0.25580104135547654, 0.28654525200732706, -0.592943100911336, -2.0086855202618645, 1.571226958626179, 1.565695327576961, 1.5399334160592715, 1.4250931532740132, 1.0120032519975335, 3.5134318449337676] 
[0.2502305831490037, 0.2531003909249774, 0.2547035496569745, 0.285447760308825, -0.594040592609838, -2.0097830119603666, 1.5704544946984762, 1.5670449110040325, 1.5418085496071015, 1.4270601078257736, 1.0138938993938387, 3.514959057500711] 
[0.24982787498303227, 0.2535030990909488, 0.25430084149100307, 0.2850450521428536, -0.5944433007758094, -2.009380303794395, 1.570755659681254, 1.5666213522645864, 1.5414122171411948, 1.427512209231788, 1.0145234262073317, 3.5155054645409587] 
[0.24946200696108067, 0.2538689671129004, 0.2539349734690515, 0.284679184120902, -0.5940774327538578, -2.0097461718163467, 1.5712646911010542, 1.567219522778347, 1.5418819256994079, 1.4273545454110221, 1.0149599888304557, 3.5159709701324715] 
[0.2495620659513189, 0.25396902610313865, 0.25383491447881323, 0.28457912513066375, -0.5939773737636196, -2.009846230806585, 1.5711941313436268, 1.5673429662497558, 1.5420527700936133, 1.4275332511441845, 1.015132121424724, 3.5161103288623456] 
[0.24927161102779993, 0.25367857117961967, 0.2541253694023322, 0.2848695800541827, -0.5942678286871386, -2.009555775883066, 1.5715565480908122, 1.5676439896881795, 1.5417299790215435, 1.4270905505453777, 1.0147904736936033, 3.5163227745509227] 
[0.2482872158538807, 0.2546629663535389, 0.25510976457625145, 0.28585397522810196, -0.5932834335132193, -2.0105401710569852, 1.5727905109075122, 1.5686890682165813, 1.5407359616357075, 1.425995979192906, 1.0153316742946425, 3.515461919164374] 

Time 
27.532284259796143 
