Parameters 
 
[-0.5, -0.5, -0.5, -0.5, -0.5, -0.5, -0.5, -0.5, -0.5, -0.5, -0.5, -0.5, -0.5, -0.5] 
[-0.4920145989034022, -0.48824415893185213, -0.4883342336232659, -0.49002818811392007, -0.486494887623533, -0.5124688951720341, -0.47350961373166595, -0.45763152745925106, -0.46707258192760587, -0.47724102506545873, -0.47799443419148596, -0.46214386170047606, -0.47970079711215696, -0.4652018106076126] 
[-0.4821942348036461, -0.46727515908248946, -0.4701182649176544, -0.47182632840850214, -0.46519592931493914, -0.5297184505381328, -0.4366627765125979, -0.39698214399151555, -0.41556125005795386, -0.4447022743189464, -0.4431110768520892, -0.40954655107399063, -0.4534234516840027, -0.40950753619426694] 
[-0.45331275379698177, -0.4545837837939043, -0.4528658161085625, -0.44581977309114584, -0.4432981728502304, -0.5461800896376277, -0.4193651606821131, -0.32961658313017317, -0.36316376797400296, -0.3861706300730929, -0.43281278336457646, -0.37476819196004474, -0.4120631753847404, -0.3320672501580697] 
[-0.3829217824880337, -0.4208217553852998, -0.4518656210696431, -0.4352316147889911, -0.43601427783848123, -0.5543259429292862, -0.41010940046516464, -0.25560031541971406, -0.2942716506793552, -0.3352259882558391, -0.4077107506401119, -0.3476999021512471, -0.3679922952495496, -0.2551110734665958] 
[-0.3166967338743852, -0.3757603254186018, -0.45223179499314947, -0.4524945778730182, -0.4178600138050963, -0.5741265144896226, -0.41252558978298864, -0.1851926157669509, -0.23557674486781827, -0.2835582317319679, -0.37360097406764936, -0.3028046097194866, -0.32409386306558113, -0.15519748625679522] 
[-0.24373170651718457, -0.3212606244899884, -0.4544426602145276, -0.46597653778496867, -0.40423809837674934, -0.5922064362351336, -0.41551757407358325, -0.09742398742104491, -0.17298049884813937, -0.22743406778188655, -0.33182497509541864, -0.2534343018898323, -0.2734705016461263, -0.04190052302843618] 
[-0.1844692281887729, -0.2778649826000086, -0.44180838930037175, -0.48741768887259307, -0.4082734199520732, -0.5983094235310269, -0.43571198030919644, -0.02267874370252955, -0.12318004661098433, -0.1877219792806533, -0.28076327301434756, -0.1879497385157065, -0.21545693774292018, 0.08372008192165666] 
[-0.12815222094186632, -0.24483082135721346, -0.44634039638461026, -0.49393755455066907, -0.3877949317414821, -0.5780382842186086, -0.4412805947958322, 0.044065448487689424, -0.07167713148456967, -0.15746807104874003, -0.2504880857834785, -0.11352706187600393, -0.18459399506037488, 0.2040516961761938] 
[-0.06753672140891209, -0.22041058997196666, -0.435635633042156, -0.5039468824541319, -0.3781031016836289, -0.5494016353135334, -0.44003018915006115, 0.07965335203229519, 0.005381049241776112, -0.12285057995883109, -0.22575264115061944, -0.029009124665876976, -0.17773459361642774, 0.29350823420663574] 
[0.36729128261135935, -0.69638828771434, -0.6597220783487001, -0.8822678788508703, -0.23163979563319484, -0.5330866545283348, -1.1110500351011583, 0.3903432831331742, 0.3387600361196776, -0.1400791312479366, 0.10732539379450251, 0.31921303266111006, -0.06231163493824854, 0.771666352013803] 
[0.26944874821861414, -0.5074965142236866, -0.6475939524511694, -0.7583507375399883, -0.23459303530985723, -0.5802402768992588, -0.898662482326611, 0.36046559149699425, 0.24455681245917787, -0.10182236677577954, 0.050088298964019826, 0.2494601451501735, -0.024678734511264067, 0.712102291076163] 
[0.25181897740361475, -0.39928442451851637, -0.6202102380997945, -0.7200928658465993, -0.23219958676948704, -0.5793375956133971, -0.8206778764036154, 0.3436461193292299, 0.24825284750260337, -0.04193712226013039, 0.09593793912937194, 0.27388184074346256, -0.012776112817831801, 0.7443277914079249] 
[0.25081822141368704, -0.32335058578638215, -0.5958767320391087, -0.6883780024789209, -0.2233645730689696, -0.5771550806408207, -0.766529472296304, 0.3566483141363427, 0.2532917682513505, 0.011746245750515229, 0.12525632548132346, 0.2902776025213804, -0.003350187499619085, 0.7845704849200986] 
[0.2450449425537002, -0.2796344260790737, -0.5611170138894426, -0.6470576449583914, -0.2163230942201998, -0.5715102334284958, -0.751714256617428, 0.36833371241787904, 0.2701789962749, 0.04804520256559843, 0.1367152996437532, 0.29960364050977517, 0.01051256832974418, 0.8303408913126408] 
[0.23859844197102148, -0.255685759405917, -0.5114130967391282, -0.6070224494566397, -0.20717816738058611, -0.5666805054986027, -0.7406936444471877, 0.3670160336200083, 0.2812641899627966, 0.07889766337537382, 0.14386550057735029, 0.30010876923816143, 0.021940265660381885, 0.8572075483918697] 
[0.22686835481395543, -0.2152323297100286, -0.48524936878603037, -0.5602217606490295, -0.20164972724482685, -0.5531014168034406, -0.7210561242578677, 0.36731894823048716, 0.27972555227411733, 0.1027618012624963, 0.1398544949110237, 0.3098859244815137, 0.04276973413156071, 0.8886906609418781] 
[0.19754695582597892, -0.17611720016639548, -0.42512896352098173, -0.5182871664296231, -0.18809271863513152, -0.557455487412228, -0.70461357132621, 0.33005721615646344, 0.3009401398973397, 0.16365352165113017, 0.10957018990036164, 0.3349112240259475, 0.060433538446988094, 0.9019884790989643] 
[0.18041384958598128, -0.14379564657743144, -0.37885336515584234, -0.47887562086198676, -0.17876853607223264, -0.5520966882252918, -0.6937633735574882, 0.3093044534069116, 0.32068665365921956, 0.2117121980246417, 0.09160957658935807, 0.36013760871871714, 0.07566194563921505, 0.9194442998043022] 
[0.17188794274209518, -0.12557244586515373, -0.35611130529497, -0.4496833084967487, -0.18101015130013728, -0.5323646608411426, -0.6923122591361616, 0.3051350900657287, 0.34670366121547547, 0.24835592438991014, 0.0756030834120826, 0.3992135563537645, 0.08472898561940452, 0.9273381404038176] 
[0.19981697069694676, -0.09111714644132192, -0.38094550975724006, -0.41542594208652406, -0.2007270408247342, -0.4891758919111142, -0.6911785986737553, 0.3378083107877919, 0.35622845661752756, 0.22578939629258826, 0.11833536481175172, 0.42821996142346896, 0.0812956668509913, 0.9522433294511732] 
[0.1862831436020269, -0.09044252032415433, -0.34386470404981684, -0.3832135950681015, -0.19708117255543786, -0.484689303832322, -0.6866865776613894, 0.34604507257045897, 0.367109768150247, 0.25356497619135115, 0.10912234870028897, 0.43860828999463825, 0.08952130776719315, 0.9502377203479848] 
[0.1743054346510986, -0.08784386122611507, -0.3141366851726755, -0.35134566389794447, -0.19550296042431362, -0.4743802950805096, -0.6837557088630608, 0.35409685391743595, 0.37463037031630875, 0.2765448330364342, 0.10070475630247215, 0.44936395270336005, 0.09784007363711429, 0.9542348762025308] 
[0.17539171774156376, -0.08073695431338618, -0.2931470978331169, -0.32832107293823176, -0.20262745045091854, -0.46464433770554586, -0.682800617456474, 0.37645368801753487, 0.3846814738452798, 0.2940863264442994, 0.10714948903279584, 0.4549099259138143, 0.09693080062204198, 0.9631341512088153] 
[0.17511829762048695, -0.07145806969186416, -0.2760868176674384, -0.3056633297112269, -0.20953430695924155, -0.45090886824880755, -0.6816303787930161, 0.3975720247244231, 0.3893674147971621, 0.30934778796050477, 0.10966855072636215, 0.45932766010479803, 0.09849934277155385, 0.9794425614898883] 
[0.18170508897390344, -0.06740663689345518, -0.25578110274988247, -0.28359269238681534, -0.20998143027850671, -0.44637883758933694, -0.6852818447077055, 0.41647486163322495, 0.41203086763079644, 0.3212655786298044, 0.13061190412874757, 0.4723640482583784, 0.0983653156198941, 0.9799573980406632] 
[0.16394309386901487, -0.07161781038990178, -0.24308645796858872, -0.26453503129839606, -0.21362623128894281, -0.42472930555582467, -0.6994420276926281, 0.44666156287896186, 0.4042437878942368, 0.33395652985329016, 0.13302165941865549, 0.4584537298498837, 0.0888228994059292, 1.0086553056814769] 
[0.16987606531694938, -0.06119859665620679, -0.23034756766688946, -0.24218049731089575, -0.21446381893557456, -0.41691139384847475, -0.6996753029886956, 0.46029686786635154, 0.41977323265701116, 0.34133892867676685, 0.1490611450553825, 0.4718562731680652, 0.09359416142758067, 1.0170337953900004] 
[0.1696038672532354, -0.05587929113964022, -0.22773726339562883, -0.2205217883474851, -0.21621870434161697, -0.40628539154388, -0.7189747927865213, 0.475582205713819, 0.4394099027493583, 0.341345533555096, 0.18302768009979017, 0.4872094416775211, 0.08561047102369963, 1.025625924160937] 
[0.16436614688293713, -0.05094831772179528, -0.20748131109269496, -0.20428203908886308, -0.21474389246498082, -0.3974427415505305, -0.7145211714029491, 0.48735620207912284, 0.4417146484091977, 0.3576532171807454, 0.18198164000061523, 0.48597495158145143, 0.09141326939098747, 1.0373845520349387] 
[0.16631685178590241, -0.04608173372626721, -0.1976266139907133, -0.186641028062128, -0.2100652182359523, -0.3929354622235633, -0.721246655470712, 0.49528948712200405, 0.4584909867876608, 0.36210832914601626, 0.20574630884200973, 0.4998772334990547, 0.09289323756767713, 1.0399740081686102] 
[0.16544900479246394, -0.04375627673091841, -0.1793100532615206, -0.16875228521921543, -0.204591864657472, -0.3908330613480588, -0.7241142033074962, 0.5068820398656602, 0.47001338966529443, 0.3698291561721875, 0.2250380922959909, 0.5027536156633889, 0.08820111144028218, 1.0398018539688947] 
[0.1644203247293692, -0.03991513766631812, -0.1640589931173396, -0.15240607555514213, -0.1992190397269365, -0.38662126977475586, -0.7271335673986198, 0.5152998113500745, 0.48026839367571816, 0.37590304853108736, 0.24280733873327903, 0.5072686359304642, 0.0864075851416809, 1.0445643588683635] 
[0.15797628230001926, -0.037777871002660404, -0.1458796454240736, -0.1374827805629301, -0.19493674347918263, -0.3774836372995222, -0.7330122607284659, 0.5213596648928303, 0.48274971280729406, 0.3836766901655048, 0.24890083047739184, 0.5082810677537272, 0.08624744693968647, 1.057361467484331] 
[0.13323882139706397, -0.03726603519528751, -0.10148816426360874, -0.142528379265731, -0.19196898265117382, -0.3853713638401318, -0.8248399190888663, 0.5448247777335211, 0.5172758358528853, 0.40970978219342175, 0.30680255118764876, 0.5321943178205144, 0.04553817615947724, 1.0962079949645915] 
[0.12948914008160456, -0.03191024992689131, -0.07977568763071313, -0.13191654745137943, -0.18847736104225588, -0.3801155604241683, -0.8339453503547098, 0.5513021928441266, 0.5215644943657252, 0.42001901061183977, 0.31235173340312006, 0.535493806915077, 0.0453826880318431, 1.1157753409947617] 
[0.0958421202450544, -0.04278119148244017, 0.05387776235873007, -0.11383791869786265, -0.19176794522473228, -0.3907062871137166, -0.9191431113315772, 0.5812471078271831, 0.5400564418518631, 0.4894051977228608, 0.2911605094498798, 0.5549736238963042, 0.004911181885427628, 1.1622628199136458] 
[0.12895928593952422, 0.010805597110985846, -0.11004862129661208, -0.11354906226936468, -0.21099954689518718, -0.32463992618909776, -0.927525617788474, 0.57374204044077, 0.5617220567082157, 0.4480641768911078, 0.4181564630160925, 0.6355174198892778, 0.08747357917634363, 1.2411863470262632] 
[0.12092066785825448, -0.0034931237397528205, -0.02344039998192053, -0.09280413379053046, -0.20059671052470252, -0.33810317940807566, -0.9039562992532212, 0.577695148726007, 0.5457840916304366, 0.4675870082433494, 0.3624284473808633, 0.6008164946755867, 0.06772226992695418, 1.2239847416765668] 
[0.12272261103496329, 0.007104122507889688, -0.04193649187357269, -0.08028035642978158, -0.1955265453390497, -0.32252461541171756, -0.8953466457114745, 0.5755858984526612, 0.5427055229680593, 0.46205794137194156, 0.3763177292212821, 0.6046066328711143, 0.08539067476615285, 1.2401482755786652] 
[0.12536256316060654, 0.008983566980562439, -0.017794030178664454, -0.06497899297741268, -0.19027715903280937, -0.32002012073364317, -0.8823866138792422, 0.5765311654975063, 0.5418093241632292, 0.4674884313138946, 0.37105269476083375, 0.5980091417701923, 0.08903986360237098, 1.2398186465733303] 
[0.12326709497358793, 0.021657234195835016, -0.07510461785507658, -0.05978810617401421, -0.18162523916759565, -0.29145401448453906, -0.8872899435080155, 0.5744692365295961, 0.537925151153269, 0.4509131185396851, 0.40446787603551504, 0.6097461744423447, 0.11646215085985312, 1.2703021333615112] 
[0.11870181015680055, 0.010747179708986705, 0.008574780700975462, -0.044274979138276535, -0.17596045419877743, -0.3080927202369483, -0.8833300690335275, 0.5767578742551708, 0.5391780375900105, 0.47328934041192045, 0.37633981834596614, 0.5894065137530914, 0.092903137397047, 1.251529554421613] 
[0.12915089433818522, 0.027643300487095776, -0.05588419825708954, -0.035599911052009055, -0.16894379163232578, -0.2791633977112802, -0.8680383090356176, 0.5769100246295988, 0.5375010936596885, 0.4541552038215859, 0.40877253349304676, 0.6036138009084043, 0.13354878453102043, 1.2789622696468657] 
[0.1227425231600473, 0.022719354093518475, -0.024985493542949933, -0.016576694416660317, -0.16361883789194723, -0.2769463515239779, -0.8638104890724038, 0.5818277512434671, 0.5335400794861034, 0.46436002498033424, 0.3932350058919542, 0.5894982550970865, 0.13113271479810676, 1.273946597010276] 
[0.11948579456473588, 0.023243458786703423, -0.024325144743971964, -0.014414820089539272, -0.1499690293868723, -0.2721210434376577, -0.8726763623157249, 0.580145331086695, 0.5371981515773862, 0.4594581028237344, 0.40855733734965793, 0.5879992412904239, 0.1307392313048456, 1.2809850847170796] 
[0.12482111995577432, 0.025466681797287696, -0.03124456741964807, -0.012153421131172744, -0.13640695463186633, -0.2629032084176605, -0.8737675931100644, 0.5794609517176729, 0.543902692773801, 0.45323436839230397, 0.4272722979953997, 0.5943265829917928, 0.1402984035233738, 1.287118078171066] 
[0.10696313476054478, 0.020505034215545555, 0.010121248656195628, 0.009930066209157703, -0.14159589478248466, -0.2627993171579876, -0.8721089673018145, 0.581025103084786, 0.5343741411059658, 0.47445295386931097, 0.4010682001937283, 0.5744493802162101, 0.13667794706522382, 1.2857140408361416] 
[0.12897794835423054, 0.034070616910391496, -0.06618797546065021, -0.01754451762635851, -0.106419296679895, -0.2352436370752624, -0.8867909193976068, 0.5677160903747924, 0.5517053623077178, 0.43595051494586534, 0.46945530710317257, 0.6149845758572433, 0.16789811057936505, 1.3181565798554409] 
[0.1113643252514274, 0.01933980962352393, 0.02652338744332268, 0.03001285585011975, -0.12902309904377057, -0.25050751614917655, -0.8647058616893984, 0.5869766680963906, 0.5405927466610563, 0.479904040835713, 0.41118702699885984, 0.5688962837262427, 0.15371416244667843, 1.2871366092141654] 
[0.09316321591836285, 0.04582228643254377, -0.08127983286164518, -0.0010564276905614435, -0.11745070840229949, -0.1881240000572476, -0.8858139436894837, 0.5381469998758955, 0.5219339074439847, 0.42900954976606265, 0.5124989873693886, 0.6291262630760286, 0.22290527302387858, 1.3581305592467439] 
[0.11393345704235898, 0.018941730673986152, 0.03947149536492249, 0.03711116622754264, -0.10949677798462136, -0.2384782389061369, -0.8688178518226004, 0.5917065607074398, 0.5452986778552595, 0.48388881404472533, 0.42067430066337225, 0.5647079030430171, 0.16408185506953138, 1.293682997186719] 
[0.10312203339655031, 0.06364148298717073, -0.0877911399350735, 0.00034736717022482155, -0.11604728514586338, -0.15803867415303235, -0.8876355512100551, 0.519901244343158, 0.52037791358977, 0.4287116945170986, 0.559406891201901, 0.6478517897791862, 0.25927437467064596, 1.3693777794916917] 
[0.12160943991629791, -0.0037111706822112733, 0.1043199702828194, 0.06420691209594902, -0.07708357225656579, -0.25823426835896174, -0.8580443103089886, 0.624555820212455, 0.5691601682614698, 0.5089825947477836, 0.3720921509501658, 0.5309629856950915, 0.14346466984557993, 1.2635986192753772] 
[0.13566133230792715, 0.04378827326839274, -0.020565184572064993, 0.04948808824992579, -0.11940704236579489, -0.16526890217380574, -0.8339425779951526, 0.5796288595810443, 0.5539188209167972, 0.45972613752632757, 0.5600903982518615, 0.6220450884455165, 0.27540229183576714, 1.2981732502524364] 
[0.12966204584201918, 0.01960462105833083, 0.053546111264173954, 0.07812197988479268, -0.098165118366663, -0.20617164953524159, -0.816791082460209, 0.6122450636065198, 0.5724228650703465, 0.5004530426833953, 0.43547203294427395, 0.5771715949593894, 0.22605079783135795, 1.2700539588665163] 
[0.13248722519874573, 0.04730938424005786, -0.024987454906669357, 0.03192270092062471, -0.05760977284063192, -0.16154350689548025, -0.8583421735223408, 0.5746265076771703, 0.5581657781033799, 0.43819947574767903, 0.5692480876547344, 0.611609629559512, 0.2554330940952709, 1.3120555935829374] 
[0.13313329110249922, 0.02509323890529569, 0.037673466124922755, 0.0613234261958165, -0.05299490115282307, -0.17717236946288759, -0.8257264846798794, 0.5968823507566764, 0.580277640767063, 0.4800037151063537, 0.45777787054136987, 0.5938268804736809, 0.2534985028772049, 1.2940357028101899] 
[0.12655962872002596, 0.029084469706969904, 0.017852139154748307, 0.05191369869867477, -0.0344422002138427, -0.16702534730684623, -0.8360155394121384, 0.5903775225585158, 0.5775814098294987, 0.4669378760844262, 0.4964905261922513, 0.5950957508370519, 0.2657882848817168, 1.3010860370048307] 
[0.1236816809070672, 0.030302645501328572, 0.018407649980809123, 0.053915332355551696, -0.025867990386916048, -0.16009221890814168, -0.836086476110409, 0.5900261938741753, 0.5777835536851168, 0.46824155915807397, 0.5042513155456326, 0.5951474892327714, 0.27560217458389563, 1.303351708081427] 
[0.12702449524550416, 0.03261109862851896, 0.018522892774741274, 0.0549867603295779, -0.019364829088009336, -0.14640567190366735, -0.836691631324791, 0.5894603729806869, 0.5823414466871712, 0.4727607433826819, 0.5081565926821671, 0.6070942857227861, 0.29138794980105853, 1.3131208769079816] 
[0.12159012421466078, 0.033066071597711064, 0.023753621287611063, 0.059866917642665544, -0.011691182572990098, -0.1448568225380979, -0.8350458289332401, 0.5900496168319809, 0.5810997009056179, 0.47524807141150427, 0.512193386847131, 0.5995309884114312, 0.2960750411084815, 1.3093477259564381] 
[0.11895374269389201, 0.028423144850551346, 0.025082941203531522, 0.06181748435712574, -0.0034494408535262686, -0.13086920799271706, -0.8267615179088186, 0.5971511837581086, 0.5736995850000548, 0.47380053734826927, 0.5167838891532648, 0.5902098662105276, 0.3147316497839318, 1.3076917627904527] 
[0.1515116927189606, 0.03124483830244239, 0.021445195123751128, 0.06265129472370501, -0.01713074973557977, -0.09148450307690871, -0.8078943505514921, 0.6110344646362128, 0.5817820371559607, 0.49092522002508354, 0.5288768591872458, 0.6186951421190393, 0.36240131516178115, 1.3180362512641368] 
[0.05503853921045751, 0.014465505430367242, 0.03777931280076903, 0.0664364465334878, 0.049665427541877506, -0.1502408107641015, -0.8409243061094321, 0.5895494622640355, 0.543350482970853, 0.4440756753391658, 0.5116340762385889, 0.5221670015047449, 0.29212406856022244, 1.2910788653864689] 
[0.07163754607822054, 0.03824164885167368, -0.03257100088591279, 0.045603659049110346, 0.04759038174150288, -0.0830252843762811, -0.8577110593437793, 0.5712635171096052, 0.5231585318242917, 0.44931143039338733, 0.5634236473162165, 0.5889891494766284, 0.35404162467380773, 1.3654701960739324] 
[0.08995148237772885, 0.027519793177291182, 0.04662935726135342, 0.07544223302446568, 0.04428396883198653, -0.12498805282702857, -0.8233747132643532, 0.5980285925736641, 0.5611170998516801, 0.46434826547258085, 0.505592868858303, 0.5412390039404189, 0.32949178675705326, 1.2968153180901711] 
[0.08846480100443194, 0.021626317183348072, -0.02225339482578491, 0.060115907390658155, 0.03231313961517367, -0.05502734470389606, -0.8087714085431854, 0.5883189108513271, 0.5342417772815473, 0.46122182023952, 0.5751319093806769, 0.6004535148144023, 0.43605925150891695, 1.340280931347666] 
[0.09823642951930509, 0.01660039943183271, 0.08449472010494996, 0.09589281518851822, 0.034562706599848725, -0.10271803283814157, -0.7965305206770156, 0.6189551027643161, 0.5664451980714642, 0.4840401170122731, 0.5020596594114665, 0.5261760489987102, 0.36759697865798197, 1.2684288546966482] 
[0.13037067154427132, 0.03582466404178037, 0.017471730335705787, 0.0769552932672662, 0.029194737443946454, -0.0553299477819363, -0.7735399681238411, 0.6020063302758222, 0.5669803005239639, 0.4827619763117293, 0.5468208127122928, 0.5887694705831238, 0.4523143255140463, 1.3108721359603823] 
[0.10828700721856135, 0.02662871081802115, 0.05559727148486392, 0.08946953036164773, 0.03810339555313858, -0.0643387287559532, -0.7829723366543521, 0.6129512824278981, 0.5580640140442434, 0.48620570347045106, 0.5301497251062324, 0.5505167734812959, 0.4218671735375848, 1.2901828078921056] 
[0.1831074684641001, 0.04597734024831011, 0.012517144769486607, 0.0851456816596064, 0.022411897561522027, -0.018344257335798905, -0.7239497980530119, 0.6127340079109708, 0.6013900644091772, 0.5029226166651193, 0.5762009434857338, 0.6216393602694432, 0.5378893812302357, 1.3011220873446891] 
[0.05547202131992571, 0.002875198176730931, 0.10122704155749515, 0.1055229830212516, 0.05633893221921622, -0.0568595257574986, -0.7937501549371754, 0.627060194559631, 0.519489385331918, 0.4860049215268004, 0.5132584200748554, 0.4873129596197111, 0.39698268031103723, 1.2641299692627135] 
[0.23067367429448238, 0.07877160719669649, 0.015109130169436366, 0.06250435902271559, 0.046377326912653914, -0.025727864698323197, -0.7373425533377584, 0.5949000335389323, 0.6450972767453813, 0.5068893045732993, 0.5751340498332285, 0.6673804352733796, 0.5207481915774542, 1.2996221038281373] 
[0.020206991745612163, 0.004011267345635755, 0.07951754605704538, 0.10640535061548914, 0.05645938557904815, -0.034667114446564826, -0.8042395300377596, 0.6126245481769842, 0.48803429518233477, 0.4851656661041799, 0.5243859449041028, 0.4845447751187877, 0.407682411245247, 1.290323599958605] 
[0.17675876191355822, 0.05498056284639964, 0.04324822455651905, 0.08934238466503744, 0.04794611576292689, -0.016818883677091483, -0.7231100590538903, 0.6022702435322344, 0.6056875624473962, 0.5139713815314105, 0.5569665986195456, 0.6148974232014536, 0.5283019171869594, 1.2843647419725395] 
[0.12980575381310538, 0.03864102190111397, 0.0652356185118522, 0.10061282580722776, 0.053474197704486234, -0.015749216246249913, -0.739986389378188, 0.6094238235133981, 0.5723810616890035, 0.510083929083671, 0.5459956481588049, 0.5676254724094427, 0.499929547969595, 1.2775700374667298] 
[0.1415553035847245, 0.04699880277192144, 0.06227037220332975, 0.09858200936282031, 0.05618944005586923, -0.009186797107212975, -0.7357020437734716, 0.6056318252618369, 0.5827239471835188, 0.5145533026307484, 0.5507543624320645, 0.5796922695252678, 0.5110186635767595, 1.2794362563077248] 
[0.13949411097265715, 0.04876172917883163, 0.06907661533847693, 0.10056597051289615, 0.060954242525869874, -0.0059937618806371485, -0.7364435418466149, 0.6054581140310196, 0.5841126380196588, 0.5171250872240535, 0.5508816633719634, 0.576268697193249, 0.5099655696676803, 1.2759245276852378] 
[0.1430152511770727, 0.051385579482475324, 0.07209679269800032, 0.10247576362666329, 0.06334089396799006, -0.0006120547990073376, -0.7320572095937048, 0.6051427358155759, 0.5892882025711034, 0.5208041081192036, 0.553789671640843, 0.5792538060331203, 0.5177947102802914, 1.2733288335514639] 
[0.14552470176406399, 0.05376170689754385, 0.07168555555184376, 0.1036297861715538, 0.06372937874498577, 0.006258832636259339, -0.7270047156413264, 0.6051724961960091, 0.5918646753659846, 0.5235865930989997, 0.5569169083607004, 0.5814703836462467, 0.528695035830729, 1.273497611636155] 
[0.14942563538925038, 0.05662903923887369, 0.07352963090891367, 0.10552472303808438, 0.0648187008831708, 0.011715292063635419, -0.7209139621366066, 0.6058592349531096, 0.5952801820976441, 0.5270728767398248, 0.5588038856235924, 0.5826628958478658, 0.5378533713947328, 1.2711575936663515] 
[0.14480176206059026, 0.06321516028431717, 0.06894917821974784, 0.1034791993410571, 0.06504500891934674, 0.01576282935036092, -0.7263570119873439, 0.6001536462239876, 0.5919514934224207, 0.529210950284597, 0.5564314689607742, 0.5839090468005181, 0.5371562249351111, 1.2794433812826462] 
[0.14444613878117293, 0.06407813267515149, 0.0707184086226742, 0.10495001301452132, 0.06658616738004344, 0.02090383293108576, -0.7242440052098177, 0.6015702254515163, 0.5912894469574775, 0.5305186003934639, 0.5558131457688599, 0.5815889912227693, 0.5425029219414231, 1.279261817843758] 
[0.1441619474242621, 0.06670617583858204, 0.07128867862731683, 0.10531894438959677, 0.0683785534751059, 0.0251616808538937, -0.7240666415344352, 0.6007463457030138, 0.5913298730954661, 0.532153768690141, 0.5550457498020518, 0.5814106026151388, 0.5457503492825798, 1.280596399781441] 
[0.14363986483993046, 0.06814579380358346, 0.07203104361590494, 0.10599204911493246, 0.06999104905595352, 0.029842996470433102, -0.723006077114316, 0.6008557667292661, 0.5908552336543974, 0.5333433761393074, 0.554992827519063, 0.5804022350645393, 0.5502491173687776, 1.2811891145903584] 
[0.14366639472712212, 0.0702735506442295, 0.07261769493380263, 0.10642083368541146, 0.07193532531863446, 0.03408273231054536, -0.7225165156547488, 0.6003818121138156, 0.5911026643948408, 0.534715560442845, 0.5547447407720296, 0.5803493442389231, 0.5540033718046031, 1.282147884278614] 
[0.14349496853705446, 0.07189670958676751, 0.07329428984804776, 0.10692872118045244, 0.07378484454492416, 0.038349179513677376, -0.721798074541303, 0.6002333541448494, 0.5911467846139841, 0.535878210484161, 0.5547677532287248, 0.579999826520083, 0.5581274798056016, 1.282806752505755] 
[0.1462967382220851, 0.07308807603360809, 0.07612519446830014, 0.10701185728504352, 0.07887292457697838, 0.0419695680223142, -0.7213361481874561, 0.5999018575203805, 0.5950991257876141, 0.5364678806990736, 0.5549600989308345, 0.5830253536105736, 0.5603842559363928, 1.281208040800145] 
[0.1438490112710599, 0.07337982397294068, 0.07603953945317062, 0.10773829614158346, 0.07901762681407659, 0.046736750489594824, -0.7201943194219557, 0.6006536101824218, 0.5927444251676215, 0.5371760066442777, 0.5559608536686053, 0.5803666564343061, 0.5659942061136038, 1.282132622134458] 
[0.14807440343070985, 0.06969997057429245, 0.08021746467718448, 0.10965469825378835, 0.0843262731871424, 0.05310769992804006, -0.7139924365152257, 0.6054199879235664, 0.5955705259646431, 0.5356711349315296, 0.5589120084712695, 0.5790630907941473, 0.5752067125144564, 1.2759269601858512] 
[0.12605199356451696, 0.09627935131383542, 0.06627016212826947, 0.10135353871949418, 0.07179330351060177, 0.044210681777946556, -0.7475740956344937, 0.5781976644351885, 0.5863233088328139, 0.5508707388114785, 0.5449812012535641, 0.5926397929150105, 0.5452428204337426, 1.3113614128005964] 
[0.1390734370909524, 0.08664855328434935, 0.07748196970490047, 0.10416812708080518, 0.08485946781265967, 0.05135180706840205, -0.734620033577481, 0.5880645814254345, 0.5966925879318323, 0.5439666882816522, 0.5517303301228965, 0.5916724148775439, 0.5589164118096079, 1.2939115566688106] 
[0.13287248560198633, 0.07682167826311914, 0.0791737053522504, 0.10588705219418645, 0.0879056668887149, 0.058219057972685555, -0.7249422708877304, 0.5947866142588841, 0.5864533203403117, 0.5354715517466727, 0.556588433019725, 0.5760053626152588, 0.5734164581773968, 1.2863294670484164] 
[0.13775617529897105, 0.08016473111827926, 0.07911896968797158, 0.1054415530697143, 0.0904136350714499, 0.06184803572783246, -0.7252863795151665, 0.5930933382813468, 0.5918256527298388, 0.5383161001218857, 0.5587725994689847, 0.5823192754451431, 0.5767828976593533, 1.2874244370883938] 
[0.13875406932352374, 0.08076613750098541, 0.07938208726584453, 0.1058929411732379, 0.09216634321598091, 0.06588744200801233, -0.7235257669224265, 0.5934180536549379, 0.5925305396738298, 0.5390840908670275, 0.5604926127222636, 0.5826749518574957, 0.5824268140202459, 1.287190873405166] 
[0.13876400716130657, 0.08219898169228362, 0.07999360777828184, 0.10647277318219552, 0.09275812460471151, 0.06912798656291731, -0.7234514001613369, 0.5931399337109385, 0.5930881225197839, 0.5409701935241148, 0.5610206229072199, 0.5830302978709442, 0.5859185207969957, 1.2880360715433745] 
[0.13995106738883484, 0.07996044466991957, 0.07475345953249236, 0.10368473170111121, 0.09756966884355764, 0.07865622164922657, -0.7186579356851294, 0.5930434139225823, 0.5940618773756455, 0.5370755235595059, 0.5672779393560208, 0.585450071982485, 0.6016541810003587, 1.2877101856278257] 
[0.13737326403843592, 0.09521898386792221, 0.09259187069830911, 0.11211939909990945, 0.0888252775643775, 0.05807742447924166, -0.7368683369183436, 0.5858401750393757, 0.5988046321589989, 0.5580501987928791, 0.5473669600875731, 0.5868976810450635, 0.560247230633617, 1.2913199284713093] 
[0.1426846701700211, 0.07240060394033225, 0.07519886436054837, 0.10406339475605539, 0.09705341321784096, 0.10102920975427296, -0.708507428309203, 0.6004696710238205, 0.5941724530359245, 0.5303499079829294, 0.5754844278293821, 0.5792041686276859, 0.6307960746516291, 1.2877287287726749] 
[0.13934737789244345, 0.08665797501213683, 0.08383554049861341, 0.10807521259606188, 0.0926601406420582, 0.08513132823349347, -0.7235486702540307, 0.5917393694066743, 0.5973768266240105, 0.547351846643551, 0.5616601513388463, 0.5855991294885659, 0.6015528001848636, 1.2922434432634804] 
[0.13935052473042212, 0.0865317003117741, 0.08324032973569986, 0.10773115910147936, 0.0938034664670988, 0.09044350300182002, -0.721782787679302, 0.5919779306618526, 0.5976648264409316, 0.5468892452121645, 0.5640671576202636, 0.5853722538320077, 0.6089893254933172, 1.292189238381451] 
[0.13910400653411545, 0.08770240059273367, 0.08370110476358897, 0.10790773919482397, 0.09427688003694265, 0.09373629585508661, -0.7217382796628666, 0.5915526872841713, 0.5982379482223722, 0.5482127058444479, 0.5648876885837159, 0.5858044559937025, 0.6127863839192152, 1.2926880677392336] 
[0.13958509272448807, 0.08834456618912129, 0.08345250156199228, 0.10793379101967691, 0.0953476065362336, 0.09821901137098363, -0.720659513970694, 0.5912901302638571, 0.5994515815266532, 0.548964600339993, 0.5666231806706539, 0.586894425014935, 0.6186159123493232, 1.2929096158083868] 
[0.13921924211136424, 0.08945145197683183, 0.08428754786055236, 0.10840446999709026, 0.09587710503654744, 0.10096381743778376, -0.7207061998432482, 0.5908534513294378, 0.6000831424560347, 0.5505540815648874, 0.5671295406957674, 0.5873293344068801, 0.6216657465284154, 1.293159543525092] 
[0.13882038855323683, 0.08989510324754948, 0.08479067605067757, 0.10908253722029408, 0.09660404235419803, 0.10452327977076512, -0.7200273265777373, 0.5910384361682509, 0.6004520276618925, 0.5516075933673624, 0.5680140039149718, 0.5871168809529844, 0.6261681370503301, 1.2932331086428117] 
[0.1384500107131303, 0.09143623328956146, 0.08616371182225828, 0.10960367221924612, 0.0974048674838711, 0.10608001842214072, -0.7206713227143501, 0.5902051844368895, 0.6010954732460904, 0.5536221139760028, 0.5678037093074262, 0.5879079629287715, 0.6273431859595057, 1.2934103906331849] 
[0.13808621988156605, 0.09226942744301574, 0.08696234828493758, 0.11011093566554854, 0.09830478177762282, 0.10858744985891337, -0.7204416356950978, 0.5898708479363033, 0.6015217577454979, 0.5548726322621579, 0.5683172776658031, 0.5881293337659601, 0.630322964632053, 1.2933631872115077] 
[0.1380193810416925, 0.0932035370766242, 0.08752974507428721, 0.11051354620841884, 0.09916439788348208, 0.1111925506961497, -0.7202063902051523, 0.5894814448286065, 0.6022333952213993, 0.55621199605944, 0.5690529081543619, 0.5888440283088037, 0.6334688572467617, 1.2935235362243351] 
[0.137825822345147, 0.09419845623882836, 0.08829695050778047, 0.1109351625833958, 0.09996281238074609, 0.11337439341395937, -0.7201257186323766, 0.589040180297534, 0.6027767199665179, 0.5575927187797013, 0.5696008054229287, 0.5894307646095347, 0.6360266734114782, 1.2936049810689416] 
[0.13863020473018484, 0.09488157206490035, 0.08832509040572593, 0.11106654439610261, 0.10164674813305975, 0.11673295084392211, -0.7192128029292167, 0.5887369173616439, 0.6042475586752066, 0.558391619477821, 0.5711443064910764, 0.5910672170287423, 0.6403522826975349, 1.293644381831724] 
[0.13589815728548418, 0.0966257048078118, 0.09122506256406637, 0.11238028388576496, 0.09987354695374887, 0.11567011312022218, -0.7214128690708662, 0.5882851325512682, 0.602151457999849, 0.5612892367355506, 0.5688537391907176, 0.5890779319054289, 0.6379812977054785, 1.2941608649692529] 
[0.13729955344934464, 0.09679924370317057, 0.09106753109046527, 0.1124676351702519, 0.10227281163181942, 0.11906052972776149, -0.7198057758309194, 0.5880015097733464, 0.6042895872504406, 0.5615357943077791, 0.5712639272479015, 0.5910362483525753, 0.6427144055053787, 1.2935592119567612] 
[0.13622886545723253, 0.09829239478557843, 0.09279921108899465, 0.11315553286054213, 0.10181198295324459, 0.119439308005973, -0.7208704089063608, 0.587473899131409, 0.6037867754393309, 0.563638687847104, 0.5706269334328404, 0.590899974951563, 0.64261025525694, 1.293984681084097] 
[0.135099668823381, 0.09900312389841272, 0.09356652122309342, 0.11340544095417182, 0.10250513648214653, 0.12061844464139403, -0.7205818095282349, 0.5869377355098848, 0.6032644386648973, 0.5643529313865818, 0.5710394364158307, 0.590006046959619, 0.64439823053789, 1.293378816034814] 
[0.1348729388356465, 0.09986849755276826, 0.0941974707568043, 0.11366590566420144, 0.10349728282336876, 0.12200799379468644, -0.7203186938481821, 0.5862887518868847, 0.6035259783841648, 0.5652698994773676, 0.5716508911388671, 0.5905857957095543, 0.6462091034809639, 1.293228003473308] 
[0.13427384252178295, 0.10074179006691782, 0.09490889008025302, 0.11396267114570527, 0.10412064944447699, 0.12313290715765354, -0.7201909073103099, 0.5857334419798542, 0.6033537308612826, 0.5662089471394023, 0.5721539894456599, 0.5906140474835873, 0.6477465513169389, 1.2930165794493902] 
[0.13231596553857672, 0.10055130772173806, 0.09583028139250477, 0.11427971069182638, 0.1047255907054156, 0.12445835543699904, -0.7192808464187536, 0.5856843206926684, 0.6021638350270584, 0.5662145285618102, 0.57262987063852, 0.5879465682819734, 0.6502343045213232, 1.2913248671277764] 
[0.13372607191567884, 0.10301893100609534, 0.09681135552025076, 0.1144264378317852, 0.10482988821440571, 0.12447459131961228, -0.720838642544059, 0.5844760504711172, 0.60357144049703, 0.5686605454879917, 0.5726512601146067, 0.5920292933485279, 0.6493220633960449, 1.293441543410019] 
[0.1313042265559847, 0.10180290826860099, 0.09754502408470449, 0.11480369784268755, 0.10557983945270062, 0.12678657948798783, -0.7190684183982787, 0.5850690125950908, 0.6020979027968744, 0.5679061789001542, 0.5735818889971721, 0.5879272721412105, 0.6534114783708137, 1.2910015458638655] 
[0.13317977358725192, 0.10468692248596184, 0.09851071619433605, 0.11483386806004232, 0.10576204802266183, 0.12626250833385178, -0.7210617271302315, 0.583473524095995, 0.6038111366875603, 0.5706422286732155, 0.5734582266299934, 0.5931637160801142, 0.6516073260182784, 1.2935721042816908] 
[0.13079941416659116, 0.10340625968925816, 0.09925209755362645, 0.11531002471714508, 0.10655268789674979, 0.12848032382562743, -0.7191487104466443, 0.584118217833231, 0.6024029999137293, 0.5698242233235419, 0.5744490575676797, 0.5889362817206604, 0.6556729692338369, 1.291004849319747] 
[0.1311106979947667, 0.10515266708196741, 0.09988657334181435, 0.11521906491438962, 0.10661320859865506, 0.1286220381540997, -0.7201742531587931, 0.582957118915717, 0.6028328464497423, 0.5715299554648041, 0.5746889054027352, 0.5911394280083123, 0.6553654812419009, 1.2920322912765556] 
[0.13083456014181544, 0.10585382035168645, 0.10068771115343177, 0.11544105091379325, 0.10702644012807853, 0.12941594831441064, -0.7201580244238303, 0.5824691113666041, 0.6028543870726609, 0.5724001498531118, 0.5752054353783261, 0.5915535811797737, 0.6564407604425923, 1.2919571144169029] 
[0.13055684794455746, 0.10651955761268021, 0.10148323257246954, 0.1156810994408913, 0.10741536620957856, 0.1302016457277692, -0.7201304428075235, 0.582024598334657, 0.6028515082765609, 0.5732440708979255, 0.5757325702904698, 0.5919338578863756, 0.6575155970602266, 1.2918788686275537] 
[0.13030941105636343, 0.10714780905290237, 0.102250462948731, 0.11592034462896292, 0.10781650731550535, 0.13099209485266888, -0.7200890758959063, 0.5815967179661785, 0.6028712593256235, 0.5740607819849722, 0.5762859062979688, 0.5923499695399697, 0.6585967993591026, 1.2918082434585332] 
[0.13030005701956868, 0.10771239828303315, 0.1028646966616423, 0.11609823088355023, 0.10857699796353497, 0.13175755943678166, -0.7200430184734927, 0.580898624821191, 0.6033896486203862, 0.5749079660271703, 0.5770429399809716, 0.5933998107987165, 0.6596815247474713, 1.2917403076481462] 
[0.1301627702862319, 0.10827086677607581, 0.10357136726304687, 0.11636427684377067, 0.10910835689027076, 0.13250727894095807, -0.7200009800869497, 0.5804054171848115, 0.6036219357957363, 0.5757514493717215, 0.5777109895723761, 0.5940810606282205, 0.6607295888250857, 1.2916758290870562] 
[0.1299817772488547, 0.108811680244804, 0.1042962188416973, 0.11665951418681934, 0.10955087732636629, 0.13325209888632905, -0.7199549905127237, 0.5800033457900179, 0.6037388661829389, 0.5765741257414603, 0.5783543034166655, 0.5946188835546007, 0.6617668298947367, 1.29161737280955] 
[0.12983210997384065, 0.1093386841460963, 0.10497765080604875, 0.11693042413003912, 0.11002343865192099, 0.1339955212275677, -0.719926900117586, 0.5795887251002326, 0.6038904341729527, 0.5773875035307108, 0.5789950430547187, 0.5952344020635284, 0.6627850017056213, 1.2915950176927316] 
[0.12956954756785072, 0.10987165567051149, 0.10562901501670965, 0.11722648634353713, 0.1103510920010162, 0.13479838686182322, -0.7199038031211041, 0.5793010107989163, 0.6039238668850054, 0.5781593861414611, 0.5795829546869197, 0.595591675435764, 0.6638916309723354, 1.2915633130922386] 
[0.12930612122472132, 0.11038176354152336, 0.10624966492354497, 0.11751941984591907, 0.11070714859125254, 0.1355655546760911, -0.7198389550101782, 0.5790068698075859, 0.6039428700888932, 0.5789022413960684, 0.5801627190742742, 0.5959257833427305, 0.6649945990466261, 1.2914989580066076] 
[0.12912175445567162, 0.11078772775403864, 0.10675710017840771, 0.11792344829642576, 0.110958427107473, 0.13639843008363628, -0.7198331830685839, 0.578700112808951, 0.6042040910984607, 0.5797720439911315, 0.5810081757526034, 0.5963740441044092, 0.6662729818949356, 1.2915261012482095] 
[0.12895841495876198, 0.11122054750092929, 0.10726749043760929, 0.1183064293033813, 0.11120922088850158, 0.13719794294090282, -0.7198489157617654, 0.5784137719395341, 0.6044057024169864, 0.5806230393088834, 0.5817922705394241, 0.5968280203943256, 0.6674769646688936, 1.2915982640897201] 
[0.12882665198962678, 0.11166872657256308, 0.10776236791583535, 0.11866904171564474, 0.11148681559546707, 0.13795560234784632, -0.7198485248500563, 0.5781152807326176, 0.6046028028113939, 0.5814373244304963, 0.5825711499909577, 0.5973166576926736, 0.6686539047564231, 1.2916573845176942] 
[0.1286976353947552, 0.1121196417648047, 0.1082754599666984, 0.11902658974252239, 0.11175646201152006, 0.13868249826305146, -0.719867385776501, 0.577842211815174, 0.6047446064647527, 0.5822336838000501, 0.5832889082930505, 0.5978014767685685, 0.6697540465668065, 1.2917471943528462] 
[0.12857046852208692, 0.11257574891373023, 0.10878284449458475, 0.11937928850306723, 0.1120703530713777, 0.13933439111032345, -0.7199047857047585, 0.5775578134825545, 0.6047547350290603, 0.5830170538743656, 0.5838829308630603, 0.5981850012715123, 0.6706951353798104, 1.2917852771240759] 
[0.12838069118045917, 0.11305623777569389, 0.10939750905857253, 0.11971796585156223, 0.11226848200453286, 0.14002358158145917, -0.720125892497747, 0.5773761175751578, 0.6045440372448218, 0.5838302354227664, 0.5843275060304366, 0.5985427636421928, 0.671575583524178, 1.2920717641276787] 
[0.1281743426191769, 0.11356644136593706, 0.10999763771723652, 0.12002184922299582, 0.11247393791032223, 0.14070718920234443, -0.7203496439719369, 0.577176253437491, 0.6043467074645069, 0.5846207669664809, 0.5847323332667151, 0.5989306132499772, 0.6724781153175393, 1.2924197313638401] 
[0.12801213226375718, 0.1140311631094414, 0.11039437321810573, 0.12023086070712836, 0.11288174502434946, 0.141422047280646, -0.7204253283777846, 0.5768983433357208, 0.604296624372452, 0.585296497703531, 0.5852703217449946, 0.5993143986496667, 0.6735913209697727, 1.2926183033824796] 
[0.12779939541817603, 0.11455382878499201, 0.11083895981290987, 0.12036835396307934, 0.1132658733893918, 0.14212216835080624, -0.720536787610149, 0.5766136387683002, 0.6040916057551355, 0.5858980756462981, 0.585684610812034, 0.5996544912754447, 0.6745932230230208, 1.292923465343792] 
[0.12761145036540755, 0.11504803343255904, 0.11132828202572455, 0.12055085135205117, 0.11360844494009775, 0.14279242909712186, -0.7206738450989741, 0.5763734045936764, 0.6038861122057185, 0.586520008781032, 0.5860837865153921, 0.6000194267944714, 0.6755163267029739, 1.293245239935266] 
[0.12741809684419006, 0.1154919083994956, 0.11188699341490714, 0.1208283710663862, 0.11383529236358671, 0.1434426006253076, -0.7208805807901936, 0.5762262297647283, 0.6036354254711693, 0.5872179046850106, 0.5864171814517011, 0.6003733128481411, 0.6763092786331654, 1.2936434331518256] 
[0.1272300502910261, 0.11590814372609186, 0.11239018458005139, 0.12107265693990507, 0.1141135451630491, 0.14407312527946536, -0.7210212161749667, 0.5760525434385099, 0.6034386999365542, 0.5878561518492914, 0.5867972278468178, 0.6006866649737819, 0.6771471262646658, 1.2939580067567515] 
[0.1271378924569079, 0.1163652231225218, 0.11281763531219445, 0.12127599304748006, 0.11440498925553695, 0.14463331927830997, -0.7210812747128551, 0.5758646483102181, 0.6033580911023942, 0.5884986554953273, 0.5872256656400151, 0.6010043761109752, 0.6779236951972673, 1.2941585342442503] 
[0.12711730705137317, 0.1167468926605816, 0.1132466504872745, 0.12152795879643388, 0.11475950161148636, 0.14524382561820393, -0.7209853195696501, 0.5757193325089546, 0.603377772034262, 0.5890844325022188, 0.5876831603841368, 0.6012714677740155, 0.6788325311200913, 1.2942278081806449] 
[0.12709292920554474, 0.11716148178284012, 0.11362895765057122, 0.12172013853843884, 0.11510837371827487, 0.14582800018881106, -0.720960226235531, 0.5755442128959509, 0.6033547757273507, 0.5896432733066775, 0.588143402999134, 0.6015838317621655, 0.6796610139016155, 1.294360318311303] 
[0.12709749964647024, 0.11753627399700864, 0.1140047752408821, 0.12193911514177908, 0.11547367813927038, 0.14641861149637514, -0.7208746832854198, 0.5753740260263386, 0.6033686074262867, 0.5901761331643315, 0.5886336251052435, 0.601885526847457, 0.6805157508012089, 1.2944389826608103] 
[0.1271571974500606, 0.11778802492460613, 0.11450953599276137, 0.12225577859786332, 0.11577733350441474, 0.14703916800901742, -0.7206687858574339, 0.5753438928805507, 0.6033364813130724, 0.5906393169535021, 0.5891618987302423, 0.6020311114360075, 0.6813672476266697, 1.2943769605982425] 
[0.12717109187378817, 0.11806001286480526, 0.11499027908571582, 0.12257246362191371, 0.116050722381977, 0.1476266648174497, -0.720546865056628, 0.5753165073035874, 0.6032470850483761, 0.5911434902128566, 0.5896380631141876, 0.6022666339472845, 0.6821081634332996, 1.2944084631749027] 
[0.12715716249835798, 0.11833336925935845, 0.1154350034330488, 0.12285191708961375, 0.11632573827051888, 0.14817834852328593, -0.720437288534125, 0.5752545932698538, 0.603161699225725, 0.5916281522563146, 0.5901206651660241, 0.6025209820005724, 0.6828314821649862, 1.29443866999129] 
[0.12713403840032722, 0.11860251610237485, 0.11585397733699515, 0.12311255287256465, 0.11660334402077112, 0.14870233621830659, -0.7203352779262794, 0.5751781907956457, 0.6030828613208568, 0.5920978168667838, 0.5906021122620585, 0.6027941003758434, 0.6835309438175267, 1.294468538216638] 
[0.12704927051933818, 0.1189061736393214, 0.11622119687023927, 0.12332598821158831, 0.11683132969833811, 0.14914130297826608, -0.7203403940414349, 0.5750402501379015, 0.6029883915907731, 0.592589418468572, 0.5910960462624989, 0.6031431256071169, 0.684105961169909, 1.2945585985608556] 
[0.12698223122407523, 0.11919025084069702, 0.11659278878892836, 0.12354812430159995, 0.11706509734357294, 0.14955214014641502, -0.7203450978727576, 0.5749181407031023, 0.6028911311412946, 0.5930632509531757, 0.5915651291880694, 0.6035164224939228, 0.6846498939675885, 1.294653971824056] 
[0.126921195145472, 0.11946168287993215, 0.11694585799839595, 0.12375784312944285, 0.11730777931452877, 0.14995820140115715, -0.7203346739715889, 0.57479843738756, 0.6028063461913185, 0.5935190843287993, 0.5920332626745533, 0.6038881567217852, 0.6852024276638042, 1.2947392338086883] 
[0.12686266908040386, 0.11972498578025668, 0.11731300156459035, 0.12394489394749357, 0.11755570364222796, 0.15034645263828433, -0.7203529792583448, 0.5746783062149738, 0.6026981643135658, 0.5939729620374355, 0.5924695543076467, 0.6042478741060562, 0.6857004717746833, 1.2948221831732893] 
[0.1267906840327899, 0.1199850882443727, 0.11765247550631777, 0.12410892470601996, 0.11780835865743869, 0.15072345599243817, -0.7203632020915206, 0.5745481747802537, 0.6025955489519733, 0.5944000354437976, 0.5929028534606845, 0.6045906304320394, 0.6862104556954971, 1.294899541819551] 
[0.12673266700394767, 0.12023270767085666, 0.11794198924349347, 0.12423990410152741, 0.1180888011919211, 0.15111970937422273, -0.7203154695934055, 0.5744138434035236, 0.6025187076479396, 0.5947912348975852, 0.5933570450513114, 0.6049015401195036, 0.6867851093554113, 1.2949358929987327] 
[0.12667428067155115, 0.12047068979964627, 0.11823579671388737, 0.12437421974137287, 0.11835751043742748, 0.1515029213004944, -0.7202772583596454, 0.5742877674362326, 0.6024405410702693, 0.5951786007687959, 0.5937992150670177, 0.6052228948741347, 0.6873364896589679, 1.2949803999331944] 
[0.12662841582744355, 0.12070184808212678, 0.11852502450820496, 0.12451433591776867, 0.11862422092710063, 0.15188390235504365, -0.7202273127465192, 0.5741712036907652, 0.6023780075731823, 0.595557932121037, 0.5942298408431114, 0.605549307666837, 0.6878872932638408, 1.2950201477706171] 
[0.1265721306088792, 0.12093170831892773, 0.11882601367430587, 0.12466297355604396, 0.11886678427726499, 0.15226677957519696, -0.7201878994585061, 0.5740756323915858, 0.6022976899290203, 0.5959348377595484, 0.5946364030479006, 0.6058679700596058, 0.6884278907780492, 1.295084966346926] 
[0.12652209500894265, 0.12116333306717635, 0.11913938339762085, 0.12483304446565396, 0.11908168862385483, 0.15264400592817756, -0.7201739405322856, 0.574001488207588, 0.6021994931591615, 0.5963275063716316, 0.5950083219333043, 0.606212567052541, 0.6889294979581971, 1.2951915323221528] 
[0.12649489838055838, 0.12138432394457659, 0.11932669978568916, 0.12490619755335246, 0.11937717137799447, 0.15301838725956726, -0.7200496703188407, 0.573851108107717, 0.6021235116828548, 0.5966202113328923, 0.595478054090942, 0.6065276750733933, 0.689555483252136, 1.2952159544636377] 
[0.12649077005305126, 0.12157103395237162, 0.11953441754766926, 0.12500952343856322, 0.11969310376851285, 0.1533945920975564, -0.71993826106325, 0.5737105814251185, 0.6020997167701195, 0.59695093285041, 0.5959019020906058, 0.6069056815708946, 0.6901248050281864, 1.2952639848670924] 
[0.12647796654438953, 0.12174239946250853, 0.11978083256610199, 0.1251340529148174, 0.11998105323000771, 0.1537694376266763, -0.7198596276166421, 0.5736092367205499, 0.602066310766298, 0.597295243544865, 0.5962975128519136, 0.6072862423790311, 0.6906515978130388, 1.2953447792629136] 
[0.1264734023883481, 0.12192499006527283, 0.12001072788827033, 0.1252366617066185, 0.12026429738711744, 0.15412925458545218, -0.7197771698529801, 0.5734932672507634, 0.602034621297828, 0.5976198573837004, 0.5967072980641003, 0.6076575344903706, 0.6911773122649935, 1.2954112781664526] 
[0.1264589727314177, 0.12210023093851627, 0.12025674211293118, 0.12535470625142744, 0.12053061151441923, 0.1544720555772001, -0.7197100196520958, 0.5733951896105562, 0.6019964021923101, 0.5979483940358441, 0.5970921648670466, 0.6080263438826837, 0.6916724488506367, 1.2954864710537168] 
[0.1264220646956967, 0.12225626917128549, 0.12052607908752505, 0.12549837045654325, 0.12078327479214399, 0.15479166447138631, -0.7196684562323471, 0.5733279905474303, 0.6019365077587184, 0.5982768525257339, 0.5974443851956888, 0.6083940334661034, 0.6921153892202313, 1.2955776310130949] 
[0.12640809896702418, 0.1224071355162481, 0.12084605871615034, 0.12565948146606923, 0.12100374960790569, 0.15513125735959746, -0.7196774710329515, 0.573297255070399, 0.6018738023323732, 0.5986283616540583, 0.5977898580571274, 0.6087766648458587, 0.6925260563171047, 1.2957077406863118] 
[0.12638871897484333, 0.12255826677179366, 0.12113427484265903, 0.12580179010763434, 0.12123088451172565, 0.15545753667088785, -0.7196699797216992, 0.5732535184383082, 0.6018198059997742, 0.5989582974276118, 0.5981478167147343, 0.6091411703340653, 0.6929495527131136, 1.2958163023865743] 
[0.12637025199209148, 0.12270847215405346, 0.12140548502521836, 0.12593678467068592, 0.1214645242261688, 0.15576834155979297, -0.7196492938041863, 0.5732042115495432, 0.6017692563815478, 0.5992746467227469, 0.5985018747962656, 0.6094993634947649, 0.6933740730922249, 1.295912071423403] 
[0.12634247820920608, 0.12285840993832245, 0.12165051657992575, 0.12605870649672815, 0.12170105719981558, 0.1560671472854978, -0.7196135966530275, 0.5731411806855555, 0.6017354499442663, 0.5995835403954656, 0.5988538478133266, 0.6098491685199278, 0.6937975245728765, 1.2959849665405878] 
[0.12629776893190103, 0.12300554518653053, 0.12189678335808435, 0.12618519167896208, 0.12191321720170967, 0.15633154941062147, -0.7195993278519757, 0.5730817257134045, 0.6016841371463826, 0.5998855114549022, 0.599177073852947, 0.6102004934415741, 0.6941832239610146, 1.2960743253278335] 
[0.12628281572250316, 0.12312546010200079, 0.12208663355824786, 0.1262992346188271, 0.12217927993116066, 0.1566100121820299, -0.7195134421139174, 0.573028020287708, 0.601695658512387, 0.6001491378505367, 0.5995523355434342, 0.6105058442083013, 0.6946384820948797, 1.296121480180181] 
[0.126264625219995, 0.12324908866824774, 0.12228203001731656, 0.1264181057230331, 0.12242860508991169, 0.15687257848201738, -0.7194365488511235, 0.5729800070692246, 0.6016983201790451, 0.6004101604927599, 0.59991152186905, 0.610807731894542, 0.6950745620080947, 1.2961752347036368] 
[0.12624066457473482, 0.12336098003705527, 0.12252485042969373, 0.12657821212013484, 0.12264863104354243, 0.15710342890265844, -0.7193980864242769, 0.5729669326773662, 0.6016949473888862, 0.6006954678169074, 0.6002209989312884, 0.6111281456405326, 0.6954458256674084, 1.2962645658439442] 
[0.12621504589398563, 0.12347439013973802, 0.12275769769060238, 0.1267213123289254, 0.12286272134457916, 0.15733074857968066, -0.7193590772348244, 0.5729495731897593, 0.6016836761523662, 0.6009631614901915, 0.6005350514707956, 0.611436098744995, 0.6958130925761945, 1.296347802743012] 
[0.1262016183764482, 0.12358472059978463, 0.1229818533627106, 0.12688041427653532, 0.12308675107269366, 0.15754647532559626, -0.7192955805896029, 0.5729190475082708, 0.6017146637963064, 0.6012388098962614, 0.6008649454924841, 0.6117537513862074, 0.696178819889914, 1.296393122850793] 
[0.1261742771622065, 0.12371041457766432, 0.12317696828533112, 0.12701039185980884, 0.12328856561342673, 0.15777199029912278, -0.719227108240773, 0.572867365433383, 0.6016927668623124, 0.6014908068224346, 0.6011925374512432, 0.6120528169042714, 0.6965789458494773, 1.2964464720673055] 
[0.12610090363425105, 0.12383519207809847, 0.12335861038465033, 0.1271518288787705, 0.12345553455100278, 0.15797475160881963, -0.7191693742686962, 0.5728340924162135, 0.6016293621878037, 0.6017481806865941, 0.6014794548561335, 0.6123216274023482, 0.6969793638561245, 1.296532419796424] 
[0.12602642306393666, 0.12395621323899822, 0.12354000345949434, 0.1272884713018159, 0.1236191972246745, 0.1581743808735981, -0.7191206131695046, 0.5728023726287071, 0.6015674348523183, 0.601998043416507, 0.6017600570280256, 0.612588204008652, 0.6973687149576098, 1.2966170539667756] 
[0.12595147378760635, 0.12406297783984686, 0.12370729333441784, 0.12741860940761388, 0.12378161077596037, 0.15838630047962568, -0.719071008385695, 0.5727673860822364, 0.6015107370509657, 0.6022351693747034, 0.6020537235399431, 0.6128540020117461, 0.6977584356708443, 1.2966954482318043] 
[0.12589407405158776, 0.12413712932375118, 0.12387219677153326, 0.1275340976781269, 0.12394941042622637, 0.1586459122102144, -0.7189940412904183, 0.5727461045157333, 0.6014907132462521, 0.6024501978699567, 0.6023758634564723, 0.613105863609755, 0.6981910409973846, 1.2967602620650323] 
[0.1258410526888749, 0.12422521396180339, 0.12405319988686507, 0.12765319143786982, 0.12410944904627462, 0.15887861730115316, -0.7189403930308903, 0.5727284487446169, 0.6014621133471497, 0.602669786959835, 0.602671672814313, 0.6133655235030155, 0.6985809952555349, 1.296832804722142] 
[0.12578549734083297, 0.1243163271528569, 0.12424618141018587, 0.1277616538402935, 0.1242516749092251, 0.15910329654836497, -0.7189072079619209, 0.5727240620225685, 0.6014115562243901, 0.602876643348712, 0.602946377552835, 0.6136111940243868, 0.6989517148196438, 1.2969124335376792] 
[0.12573098230647883, 0.12440630443951704, 0.12444067838739066, 0.12787224757941085, 0.12439336676469401, 0.1593161520391058, -0.7188812692739018, 0.5727217385202593, 0.6013663994375, 0.6030812346816039, 0.603212137054013, 0.6138576670180771, 0.699304548598179, 1.2969915956973932] 
[0.12566797046034794, 0.12450273281309754, 0.12465837800295271, 0.1279895724992453, 0.12451971917277393, 0.1594842883325117, -0.718879286839862, 0.5727321482240699, 0.6013092147976385, 0.6032978702215662, 0.6034425718649183, 0.6141124526054687, 0.6996020723868027, 1.297089263816742] 
[0.12560773388365828, 0.12459333498017898, 0.12486945004303227, 0.1281053218198315, 0.124648589271887, 0.1596505122049782, -0.7188757925610862, 0.5727404604703312, 0.601260817417823, 0.603507998825371, 0.6036734120851295, 0.6143646862985316, 0.6998956980084877, 1.2971795931763395] 
[0.12556722334487241, 0.12466534605644582, 0.12506231733272835, 0.12821629761044195, 0.12479847216236173, 0.15983497003021396, -0.7188500671847672, 0.5727404544451413, 0.6012499219888664, 0.603701484773869, 0.6039212523761984, 0.6146228311587404, 0.7002158635949306, 1.2972496939093117] 
[0.1255260140272075, 0.12475785535925168, 0.12523888048057427, 0.12831767446597392, 0.12493012460939003, 0.1600098696999294, -0.7188357376865875, 0.5727324146653201, 0.6012128841160369, 0.6038832308812249, 0.6041667146098327, 0.6148657459065284, 0.7005333310372484, 1.2973269007780956] 
[0.1254920094824758, 0.12485261374558719, 0.1254056320818355, 0.1284146985223327, 0.12506981968202568, 0.16018118336176104, -0.7188133745084452, 0.5727264391200884, 0.601189129195319, 0.6040614171122237, 0.6044042029673169, 0.6150999585820902, 0.7008528934300761, 1.2974009280591645] 
[0.12545060243280662, 0.12493968361043126, 0.1255718734815604, 0.12851620996416804, 0.12520365228399405, 0.16033761606882654, -0.7188020169132205, 0.5727242337625978, 0.6011772414949882, 0.6042356157282398, 0.6046310553139308, 0.6153343093893242, 0.7011560330706635, 1.2974698006051768] 
[0.125409218008604, 0.12502519986440888, 0.12573384146231933, 0.12861709603713453, 0.1253366841751395, 0.1604914019957144, -0.7187921397633608, 0.5727225674086657, 0.601169205893074, 0.6044071405011762, 0.6048552718687014, 0.6155649167152211, 0.7014530044222594, 1.297536497100658] 
[0.12536800903302012, 0.1251109198053272, 0.12589178155168476, 0.12871408797785913, 0.1254658694759426, 0.16064152287135008, -0.7187858566988888, 0.5727218078088381, 0.6011591126592805, 0.6045753511524371, 0.6050771580682132, 0.6157923725823926, 0.7017413817056589, 1.297602268284102] 
[0.1253275116950887, 0.1251959886597632, 0.12604719604294745, 0.12880979720345948, 0.1255937539673343, 0.16078753032785426, -0.7187824326171589, 0.5727218413385209, 0.6011509621453481, 0.6047399795510181, 0.6052951463316029, 0.6160165672173213, 0.7020207284191351, 1.2976663292447201] 
[0.12529394594799623, 0.12528523611464043, 0.12620086096047275, 0.12891371445082442, 0.12571751630902736, 0.16091954808959844, -0.7187867237163613, 0.5727233411223931, 0.6011532267584485, 0.6049092637667902, 0.6055047591019054, 0.6162484024970768, 0.7022902980858169, 1.2977282451805694] 
[0.12526063899755366, 0.12537293090366078, 0.12635088327898866, 0.12901419058430538, 0.12584003368635846, 0.16104992654832975, -0.7187913707205882, 0.5727251988597944, 0.6011562696832519, 0.6050738054835814, 0.6057124807929928, 0.6164747997897498, 0.702554088358601, 1.297787570219512] 
[0.12522686143522013, 0.1254482683100983, 0.12648161027111388, 0.12912006306603357, 0.1259801024020326, 0.16119693935533436, -0.7187661477774537, 0.5727320324485534, 0.6011885357687823, 0.6052238163290314, 0.6059373675747451, 0.6166769188867646, 0.7028254308284729, 1.29781395447526] 
[0.12518997656603126, 0.125523961221253, 0.126620867357782, 0.12922477694873868, 0.12611013360521703, 0.1613268547338329, -0.7187549247280689, 0.5727427564747269, 0.6012203738257549, 0.6053767778167349, 0.6061563886464449, 0.6168800764113571, 0.7030706746063107, 1.29784077814729] 
[0.1251541189922545, 0.12560232679521624, 0.12675835597170876, 0.1293248738244494, 0.12623560717772922, 0.16145136301513396, -0.7187458946103157, 0.5727527533018986, 0.6012461784255568, 0.6055257008392891, 0.6063696552340403, 0.6170802846285794, 0.7033077707462849, 1.2978684465658827] 
[0.12511842035528903, 0.12568275166272158, 0.12689152615060661, 0.12942230686268566, 0.12635457073403272, 0.16157412290534284, -0.7187323597502396, 0.5727621060641531, 0.6012625384623125, 0.6056707573021547, 0.6065780568625126, 0.6172758116782951, 0.7035461968885733, 1.2978956295048831] 
[0.12508711145565057, 0.12576921860970383, 0.12701589666989768, 0.12951438482532301, 0.12646520664381664, 0.16169111549836526, -0.7187104983616975, 0.5727712321079901, 0.6012690102072916, 0.605807882354615, 0.606785752661136, 0.6174602860565604, 0.7037870671547843, 1.2979161040289044] 
[0.12505673741063109, 0.1258598323075082, 0.12713990211538298, 0.12960484907115805, 0.12657115615629486, 0.16180210053766064, -0.7186936642048414, 0.5727791812946817, 0.6012685290619025, 0.6059408028213832, 0.6069894033310695, 0.6176419166600484, 0.704018015599136, 1.2979394437098484] 
[0.12502762305693496, 0.1259481754180033, 0.12726473341469846, 0.12969573270357443, 0.12667766882410916, 0.16190774443022543, -0.7186795477195205, 0.5727869505819349, 0.601268281174866, 0.6060732854298365, 0.6071858767691442, 0.617820777693236, 0.70424122360839, 1.2979616263075338] 
[0.12500070752083298, 0.12604064968169615, 0.12739222985616996, 0.12978156617972447, 0.12677811816395312, 0.16200512341188325, -0.7186758279762315, 0.5727974032049793, 0.6012615623406978, 0.6062021309574965, 0.6073763132125846, 0.6180001600673197, 0.7044475723442004, 1.2979903088163984] 
[0.12497487641102517, 0.1261350723850667, 0.12752067385610633, 0.12986616305477017, 0.12687564945064173, 0.1620949735013231, -0.7186758293813914, 0.5728087803459043, 0.6012543029528576, 0.6063314556962571, 0.6075581126793551, 0.6181785019939019, 0.7046435497982252, 1.2980233229692977] 
[0.12494734702835075, 0.12623856050669036, 0.12764030725182227, 0.12994076463147772, 0.12697410517008811, 0.1621762111708445, -0.7186853259036572, 0.5728135683892687, 0.6012349641726095, 0.6064596310999043, 0.6077275411061606, 0.6183515217914959, 0.7048331824405929, 1.2980663424119767] 
[0.12491469436816943, 0.12633645110687008, 0.1277539913996915, 0.13000595203488616, 0.1270727294895122, 0.16226307449649938, -0.7186903384392582, 0.5728186607071112, 0.6012196611555986, 0.6065830316440113, 0.6078961050010501, 0.6185177309048339, 0.7050317749652066, 1.2981050203646496] 
[0.12489192757581426, 0.12643160841514214, 0.12786595367852197, 0.13007082931858271, 0.12717707909578713, 0.16235306063442898, -0.7187045796019609, 0.5728289018051773, 0.60121748729858, 0.6067085482921276, 0.6080586205513683, 0.6186916088659805, 0.7052174835356348, 1.2981449489645251] 
[0.12486940630218218, 0.12652347749732326, 0.1279738419893909, 0.13013374788844984, 0.1272815564979171, 0.1624418861833669, -0.7187199684358428, 0.5728371246287044, 0.6012184549051928, 0.6068323572846057, 0.6082201351176091, 0.6188645214791368, 0.7054000918968736, 1.298184491556984] 
[0.12484174645505085, 0.12660420239743958, 0.12806599441888106, 0.13018319468384656, 0.12738556369905035, 0.16254709176471197, -0.7187170121884121, 0.5728387493353653, 0.6012281670649346, 0.6069434088828743, 0.6083807517696914, 0.6190334384887451, 0.7056093760388547, 1.2982178031285705] 
[0.12481346659950093, 0.12668345119790422, 0.12815835941589399, 0.13023285763564416, 0.1274871588458195, 0.16265006406170934, -0.71871746666531, 0.57284267153892, 0.6012361682496984, 0.6070534270551426, 0.6085378149210122, 0.6191988075780683, 0.7058102788409032, 1.2982518706164865] 
[0.12478615120456002, 0.1267599857809916, 0.12825106029975206, 0.13028259082206128, 0.12758714928808235, 0.1627489908702403, -0.7187193824364981, 0.5728477554927893, 0.6012449332086708, 0.6071614231616038, 0.6086922438126593, 0.6193619537940385, 0.7060030527165834, 1.2982866193997542] 
[0.12476327113497081, 0.12683137411767315, 0.12834068699536408, 0.13033321508311602, 0.1276900724956803, 0.16284808144583554, -0.7187169702380691, 0.5728512491093842, 0.6012615263684685, 0.6072645313505212, 0.6088473753504917, 0.6195255627574613, 0.7061978789992611, 1.298316141232826] 
[0.12473913202400788, 0.12689980070902834, 0.12842635773433125, 0.13038472444002067, 0.1277934981723186, 0.16294307770976862, -0.7187100946274494, 0.5728527532430353, 0.6012756154333538, 0.6073637589630457, 0.6089980577588815, 0.6196871992128904, 0.7063908991530093, 1.298341307693583] 
[0.1247089371870084, 0.12697285897862337, 0.1285079771598501, 0.1304319037012654, 0.12789240793186135, 0.16302662465809167, -0.7187012395894146, 0.5728482144628766, 0.6012799605726128, 0.6074615537393178, 0.6091474273857812, 0.6198382196757682, 0.7065702769111736, 1.2983591883061132] 
[0.12468117275486404, 0.12704351231722355, 0.12858921953293073, 0.1304797140394124, 0.12799044361256837, 0.16311024204955513, -0.7186931606416338, 0.5728454582486533, 0.6012852497408353, 0.6075579329060722, 0.6092948773755739, 0.6199880665089968, 0.7067447617665299, 1.2983771849154728] 
[0.12465379882357311, 0.1271128429861074, 0.1286720716735103, 0.13052817915075574, 0.12808562270625876, 0.16319118593472098, -0.7186881304243361, 0.5728449087923005, 0.6012897791763371, 0.6076534571129526, 0.6094379925247848, 0.6201358311639396, 0.7069114651680982, 1.2983966282757133] 
[0.12462599553048463, 0.1271813436336409, 0.12875606883354224, 0.13057645842672638, 0.12817860351415966, 0.16326857629300576, -0.7186874391687914, 0.5728451104683042, 0.6012959478458935, 0.6077489204398937, 0.6095786163145875, 0.6202810996930325, 0.7070699900524344, 1.298418494752207] 
[0.12460709472411753, 0.1272502705761132, 0.12884153595714443, 0.13062523087918287, 0.12827629687536077, 0.1633530818472895, -0.7186789446811058, 0.5728533394107372, 0.6012997349432835, 0.6078390438597354, 0.6097139057607901, 0.6204221203716492, 0.70723703373215, 1.2984414661931747] 
[0.1245875508239291, 0.12731776660575142, 0.1289263981708272, 0.1306742685466712, 0.12837078388665585, 0.1634348696707703, -0.7186730776843232, 0.5728619782981195, 0.6013036063537885, 0.6079284076027021, 0.6098466925035416, 0.6205612249456091, 0.7073978922122104, 1.298465228678867] 
[0.12456440628743513, 0.12738392487468753, 0.12902260455248496, 0.13073576708783408, 0.12846289174274336, 0.16349879105761617, -0.7186773798975261, 0.5728772577403601, 0.6013035643988772, 0.6080272364646337, 0.6099669112723175, 0.6207086562069145, 0.7075347396751996, 1.2985013303584778] 
[0.12454370586499264, 0.12744825111585137, 0.1291173229009881, 0.1307916060942775, 0.12855261347784858, 0.16357106531727575, -0.7186751016764933, 0.5728905240410804, 0.6013077733833352, 0.6081229927135308, 0.6100870710701478, 0.6208481807659066, 0.707680734923737, 1.2985343432258436] 
[0.12452489981442798, 0.12751174114261535, 0.129212392193769, 0.13084477066901962, 0.1286407526449082, 0.16364626954307745, -0.718673434570408, 0.5729034424214425, 0.6013171365216678, 0.6082186284972964, 0.6102067859852025, 0.6209880142888312, 0.7078263714339883, 1.298567519384829] 
[0.12450142521469763, 0.1275711875313485, 0.1292961023523466, 0.13088836387612351, 0.1287304438271901, 0.1637252889488743, -0.7186635492113004, 0.5729093744188961, 0.6013241465759817, 0.608313202807798, 0.6103300545453639, 0.6211201884133962, 0.7079854664149383, 1.2985966020667359] 
[0.12447839186079143, 0.12763036109117615, 0.1293802194526185, 0.13093331804055483, 0.1288159145808499, 0.1638016003222424, -0.7186573929876993, 0.5729161099882348, 0.6013300305795986, 0.608406717179802, 0.6104513907819089, 0.621249655215672, 0.7081364739373223, 1.29862573193106] 
[0.12445482038947893, 0.1276746007748117, 0.12945056892511198, 0.1309674564927, 0.1289131090748914, 0.16390153735560636, -0.7186241470027364, 0.5729250776136021, 0.6013482904429336, 0.6084966454372005, 0.6105757359409686, 0.6213662250869262, 0.7083220696032515, 1.2986365468514331] 
[0.12442830592946584, 0.12771914115502864, 0.12952164262915594, 0.13100263259353845, 0.1290060875213449, 0.16399526320006033, -0.7185945582940542, 0.5729319244981621, 0.6013659284583517, 0.6085875051243932, 0.6106958318955061, 0.621481331775537, 0.70849856322968, 1.2986475971249765] 
[0.12440107480180419, 0.12776460613786078, 0.12959229763532154, 0.13103658970561846, 0.1290939829762545, 0.1640877698306496, -0.7185685197610353, 0.5729408666384269, 0.6013797219754992, 0.6086772034867, 0.6108137412959623, 0.6215931609437001, 0.7086696512329059, 1.2986589930004662] 
[0.12435928854951842, 0.12782001404978324, 0.12966254928333615, 0.13106728227501105, 0.12916326030701572, 0.16417268316974407, -0.7185635162130425, 0.5729536107177396, 0.6013735324016318, 0.6087675284224863, 0.6109166810445322, 0.6216915001388087, 0.7088144717638837, 1.2986768974810714] 
[0.12432128916373093, 0.12787426012712882, 0.12973273860442266, 0.13109908810459098, 0.1292298782491359, 0.1642519453287239, -0.7185619383283514, 0.5729663788337027, 0.6013690000804834, 0.6088535972936304, 0.6110163732215844, 0.6217885930174466, 0.7089491037893638, 1.298695162606007] 
[0.12428050470579963, 0.1279247967464013, 0.1297987990692297, 0.13112745722958968, 0.12929227551306582, 0.1643319077307947, -0.7185627024138542, 0.5729781659881812, 0.6013634503327888, 0.6089339536340247, 0.6111129595827842, 0.6218811418596972, 0.7090852103587226, 1.298714005735461] 
[0.12424268762216818, 0.12797383215293848, 0.12986435002454833, 0.13115689340904677, 0.12935380390822446, 0.16440830560167713, -0.7185641761860512, 0.5729894381929466, 0.6013600059342447, 0.6090117698460817, 0.6112080978966269, 0.6219738237448944, 0.7092158422269897, 1.2987327328601694] 
[0.12420772577044042, 0.12802186614434222, 0.12992937280760233, 0.1311883212448795, 0.12941452192153072, 0.1644801576431068, -0.7185664737391245, 0.5730007985547307, 0.6013579237492339, 0.6090879252553016, 0.6113011531916241, 0.6220666516479634, 0.709339864884585, 1.2987514141950556] 
[0.12417529309064695, 0.12806935907204872, 0.12999499283745863, 0.13121933711290332, 0.12947410961203767, 0.16455023826951112, -0.71856804151838, 0.5730132881404254, 0.6013570293579923, 0.6091628416705275, 0.6113939452461723, 0.6221582155856128, 0.7094602304035476, 1.298769965435716] 
[0.12414555612158355, 0.12811596709478512, 0.1300597368445822, 0.1312510954513098, 0.12953329092869523, 0.16461771338496595, -0.7185700149533417, 0.5730249312803093, 0.6013576810399736, 0.6092355117588684, 0.611485018937405, 0.622249128171525, 0.7095759183286778, 1.2987882683951228] 
[0.12411824777464844, 0.12816141546902218, 0.13012174303644197, 0.1312820194784746, 0.12959291480858642, 0.1646837520701027, -0.7185710566354038, 0.5730344908306071, 0.6013607995485589, 0.6093053135030939, 0.6115753891171253, 0.622338672450257, 0.7096895571591579, 1.298804777188099] 
[0.12409193806116517, 0.12820425152651801, 0.13018197880628954, 0.13131182433404656, 0.12965098775310321, 0.16474956996185489, -0.718572546175467, 0.5730447114507617, 0.6013656187401015, 0.6093722342965769, 0.6116641667431628, 0.6224279718635958, 0.7098018088995255, 1.298820546702324] 
[0.1240674410759912, 0.12824606397461047, 0.13024160135316548, 0.1313421989224118, 0.12970801880724478, 0.16481270990692823, -0.7185744258205367, 0.57305472242178, 0.6013712910098428, 0.6094373635094218, 0.6117514822216757, 0.6225165972360358, 0.7099101047589907, 1.298836313798206] 
[0.1240441626840307, 0.12828748341758642, 0.1303032873947068, 0.13137613033843226, 0.12976342420840872, 0.16487135915019335, -0.7185780409937024, 0.5730654330333139, 0.6013755449250714, 0.6095035727280221, 0.6118342480005067, 0.6226069979925669, 0.7100124155347536, 1.2988536474360137] 
[0.12402329689467478, 0.1283285279005837, 0.13036439607420197, 0.13140913004201013, 0.1298178386052584, 0.164927730180196, -0.7185813396530158, 0.5730761268726772, 0.6013813552538206, 0.6095668873969184, 0.6119154929908135, 0.622697141892603, 0.7101124597449193, 1.2988713551367541] 
[0.12400413909162485, 0.1283689523496282, 0.13042451368849597, 0.13144193130307044, 0.12987154567744738, 0.16498155850278887, -0.7185844317844757, 0.5730860211390937, 0.6013875262300203, 0.6096285296322406, 0.6119954162778837, 0.6227864717684607, 0.710209105153023, 1.2988884341471425] 
[0.12398683986074031, 0.1284074243313222, 0.13048152982409905, 0.13147130082422503, 0.12992632999779205, 0.1650372932028663, -0.7185857022896384, 0.573095081370861, 0.6013969880274808, 0.6096857223483957, 0.612075304355249, 0.6228765357471586, 0.7103091670114485, 1.2989053537411903] 
[0.12396987435776587, 0.12844454033383743, 0.13053776752686894, 0.13150229652497905, 0.12997902299875416, 0.16508875197116574, -0.7185879906021534, 0.5731033099646381, 0.601406467179157, 0.609741432861854, 0.6121538629916846, 0.6229658126580581, 0.7104032980006656, 1.2989227257571812] 
[0.1239548303622232, 0.1284815493720403, 0.13059177068750047, 0.1315317500707611, 0.1300304696789221, 0.1651389608436573, -0.7185902572958492, 0.5731117631470785, 0.6014151088068383, 0.6097947034447984, 0.6122320973220785, 0.6230541924837104, 0.7104965243157123, 1.2989393097145439] 
[0.12394074780990605, 0.12851780274532373, 0.13064500860412848, 0.13156229386443064, 0.13008068178299795, 0.1651874252211612, -0.7185929691491186, 0.5731204336434891, 0.6014239968175514, 0.6098475694797095, 0.6123095081881569, 0.6231413846626757, 0.7105861136261944, 1.2989554871141815] 
[0.12393083905916182, 0.12855106446178594, 0.13069323030201743, 0.13159358625869527, 0.13013334972412025, 0.16523573433587918, -0.7185888853003559, 0.5731258655848518, 0.6014372205581138, 0.6098959106961351, 0.612389500634632, 0.6232256375045089, 0.7106791344966638, 1.298965832782538] 
[0.12392131570329122, 0.12858358753188062, 0.13074122696891713, 0.13162509992492447, 0.13018466384765273, 0.16528241574863997, -0.7185854242534968, 0.5731317018349489, 0.6014501619710542, 0.6099435470990774, 0.6124679270304438, 0.6233084974037332, 0.7107688868688662, 1.298976309557581] 
[0.12391250574263327, 0.12861570413263942, 0.13078857846025188, 0.13165639954009503, 0.13023508849074544, 0.1653268960645166, -0.7185830911436563, 0.5731374267372187, 0.6014633477517477, 0.6099900970691133, 0.61254495913923, 0.6233905875881888, 0.7108549772348819, 1.298987382109771] 
[0.1239038769786984, 0.1286471645738658, 0.1308357399317767, 0.1316878861026305, 0.13028410115943084, 0.16536989415376135, -0.718581420248201, 0.573143618109321, 0.6014762915175595, 0.6100361233591338, 0.6126204457144491, 0.6234711456264456, 0.7109382309474085, 1.2989986872881412] 
[0.12389534388314871, 0.1286780888326381, 0.13088255341606436, 0.13171957616471305, 0.13033182341700103, 0.1654111560376114, -0.7185800342649331, 0.5731499116091842, 0.6014887051630681, 0.6100816552701334, 0.6126943428533742, 0.6235500708939867, 0.7110184416403518, 1.2990098058281583] 
[0.12388738590032508, 0.12870826165488805, 0.13092901941476814, 0.13175135587945966, 0.13037851406922113, 0.16545107098580875, -0.718579138898225, 0.5731563624272673, 0.6015007427305527, 0.6101263122430907, 0.612766781832103, 0.6236279333432098, 0.711096195411495, 1.2990208488613246] 
[0.12388154876944563, 0.1287356407919575, 0.13097759636880987, 0.13178084478576738, 0.1304221341666154, 0.16548912192058085, -0.7185816285709495, 0.5731629717214434, 0.6015140503177094, 0.6101680046713579, 0.6128360007455721, 0.6237054416975296, 0.7111666978221621, 1.2990309502551622] 
[0.12387609953793367, 0.12876288622657744, 0.13102540348055397, 0.13180988223647278, 0.1304645470525355, 0.16552573653608316, -0.7185840502458667, 0.5731698725620058, 0.6015264728879257, 0.6102088630074128, 0.6129042155725353, 0.6237814818091564, 0.7112351709664951, 1.2990412942026952] 
[0.12387300756867203, 0.12879254630752793, 0.13106918003776177, 0.13183603207128092, 0.13050917047427055, 0.16556223424314476, -0.7185852308402577, 0.57317409351021, 0.6015357712687427, 0.6102502710519067, 0.6129691564974922, 0.6238594414960884, 0.7113029778088905, 1.2990540211995907] 
[0.1238703800858874, 0.12882181039643872, 0.13111193493430082, 0.1318631774471418, 0.13055320064793963, 0.1655979841354941, -0.7185858630126964, 0.5731792552133934, 0.6015442062643498, 0.610290967716287, 0.6130334412217983, 0.6239359898238381, 0.7113691789443597, 1.2990657299787114] 
[0.1238707472928204, 0.1288505789071414, 0.13115734083517605, 0.13188898921156095, 0.13060138939249416, 0.1656351574174561, -0.7185868634602963, 0.5731888013104046, 0.6015546206962269, 0.610331293184965, 0.613095401054237, 0.6240170037071661, 0.7114400093263702, 1.299079089600433] 
[0.12386972915727128, 0.1288787084381722, 0.13120148834128317, 0.13191477341107619, 0.13064716957986822, 0.1656705017751969, -0.7185875985742833, 0.5731971030065903, 0.6015658957893066, 0.6103706468506631, 0.6131575341176434, 0.6240956411001269, 0.7115089094086113, 1.2990923193015342] 
[0.12386843844393133, 0.1289060931842727, 0.13124444066935445, 0.13194053514667897, 0.13069167599347203, 0.16570505315972522, -0.7185883062820675, 0.5732053128284231, 0.6015771380967491, 0.6104095986520968, 0.6132191744502196, 0.624172281268317, 0.7115762427535977, 1.2991052243677708] 
[0.12386665887026939, 0.1289336772549476, 0.13128675210638607, 0.13196616719023702, 0.13073344977955725, 0.16573775508796978, -0.7185886464285199, 0.5732143878259749, 0.6015863056756314, 0.6104471423687797, 0.6132798709119491, 0.6242449625404973, 0.7116412961901559, 1.2991165684586785] 
[0.12385901386216185, 0.12895809854806242, 0.1313307526569676, 0.13199803363442777, 0.1307682627234557, 0.16576518377446398, -0.7185889310159503, 0.5732247761888504, 0.6015896304939562, 0.6104868919820517, 0.6133352537138694, 0.6243092046660503, 0.7116952808704563, 1.2991285234016408] 
[0.1238509360100954, 0.12898155116743418, 0.13137361400426983, 0.13202803846909836, 0.13080249657109047, 0.16579192360527678, -0.7185902005514225, 0.5732346638007934, 0.6015926545850979, 0.6105253417202606, 0.6133904089501723, 0.6243714576606713, 0.7117475191090142, 1.2991405464508923] 
[0.12384313641228487, 0.12900446071225996, 0.13141495568636985, 0.1320570966277736, 0.13083600544062202, 0.1658185754529212, -0.7185913702505855, 0.5732440198386975, 0.6015961341427544, 0.6105628807060389, 0.613445415843866, 0.6244324676459898, 0.711799340923394, 1.2991522870784715] 
[0.12383648375484549, 0.12902620627855663, 0.13145505144542427, 0.13208623272937392, 0.13086859347247476, 0.16584390465566234, -0.7185926458507162, 0.5732535295373357, 0.6016010433766977, 0.6105990499850485, 0.6135004251928714, 0.6244929449380483, 0.7118489620555888, 1.2991641203072224] 
[0.12382997196058677, 0.1290474662276073, 0.13149392551864372, 0.13211439310993003, 0.13090049682898328, 0.1658690731269128, -0.7185940366342016, 0.5732627040399926, 0.6016062545990701, 0.6106342923627042, 0.6135549705570819, 0.6245522542333009, 0.7118982309639504, 1.299175874240168] 
[0.12382303992087648, 0.12906806471383378, 0.13153192332809066, 0.1321416641800112, 0.13093115494873545, 0.1658945192583401, -0.7185959547926123, 0.5732711837787333, 0.601611230685867, 0.6106683766870965, 0.6136088733977226, 0.6246097384182611, 0.7119473754190385, 1.299187694419966] 
[0.1238153587101872, 0.12908661587245482, 0.13157066441453077, 0.13216935230031993, 0.1309592854745089, 0.16592260570700393, -0.7185952320953654, 0.5732817596945738, 0.6016149716790925, 0.6107002698724824, 0.6136617362104605, 0.6246629003504872, 0.7119979816590046, 1.2991963388503494] 
[0.1238077305469231, 0.12910485954258114, 0.13160737982535192, 0.13219544886872503, 0.130987132488075, 0.16595067948927383, -0.7185943112227948, 0.5732911755345065, 0.6016189866694513, 0.6107309047863807, 0.6137139228018643, 0.6247148085350495, 0.71204865969552, 1.2992044745492968] 
[0.12380046605124716, 0.12912281246085955, 0.1316429539814187, 0.1322208889057526, 0.13101448365454998, 0.165978174662649, -0.7185933239065837, 0.5733000644641871, 0.6016232805026115, 0.6107609912958559, 0.6137655899840032, 0.6247658931101794, 0.7120985799027704, 1.2992124760081625] 
[0.12379361884377545, 0.12914052815338342, 0.13167769678076455, 0.13224599870431641, 0.1310414141457717, 0.166005261127872, -0.7185922019440084, 0.5733086460518838, 0.6016274964015745, 0.6107905656323203, 0.6138164008363678, 0.6248162658595987, 0.7121476844925367, 1.2992204475306242] 
[0.12378751894446335, 0.12915709560988503, 0.13171039912410407, 0.1322721852927647, 0.1310681130590796, 0.16603012312568904, -0.7185917782387041, 0.5733163612127127, 0.6016330437741778, 0.6108208249306627, 0.6138674219226696, 0.6248650299469477, 0.7121937955981257, 1.2992271893859408] 
[0.12378152376362474, 0.12917395501301726, 0.13174165263890175, 0.13229625007626492, 0.1310947632907542, 0.16605582611464417, -0.7185915742713856, 0.5733240029083136, 0.6016380248619566, 0.6108499185837892, 0.6139182456353294, 0.6249126444757472, 0.7122406878018301, 1.2992347520097205] 
[0.12377469880095583, 0.12918997861289025, 0.1317719858976146, 0.13231914838160624, 0.1311208752732926, 0.16608140607058094, -0.7185922698225896, 0.5733303591544988, 0.6016441547592318, 0.6108776131721907, 0.6139677253085397, 0.6249590219886143, 0.7122877572878512, 1.2992426569846682] 
[0.12376821196640177, 0.12920614654907825, 0.1318014939734145, 0.13234109085102738, 0.1311463658943442, 0.16610652092540867, -0.7185928181730195, 0.5733362703800746, 0.6016498271300403, 0.6109045120428372, 0.6140163556034235, 0.6250047630032433, 0.7123344272856384, 1.2992507756883889] 
[0.12376200459238365, 0.12922229672821528, 0.13183017706050648, 0.13236277392880338, 0.13117140742880878, 0.16613068336460962, -0.7185934945089785, 0.5733419567189805, 0.6016555558953744, 0.6109309135777098, 0.6140641414264463, 0.6250501257110697, 0.7123799123134125, 1.2992590026679054] 
[0.12375607294848648, 0.12923801630718623, 0.1318582459274341, 0.13238398569793774, 0.1311958006629402, 0.1661548179004464, -0.7185940469199921, 0.5733472496507174, 0.6016613744630662, 0.6109571995787817, 0.6141110023021252, 0.6250948446062387, 0.7124248649302535, 1.2992675152877753] 
[0.12375072175506235, 0.12925402257709712, 0.13188557935236617, 0.13240562352114568, 0.13121979348255125, 0.16617813840196025, -0.7185946443171546, 0.5733519462303209, 0.6016672369144255, 0.6109835561388576, 0.6141570669366533, 0.6251390601073757, 0.7124687152618995, 1.2992760344983698] 
[0.12374564084451399, 0.1292698103867852, 0.13191234872008314, 0.1324268017392053, 0.13124337411993398, 0.16620090803321194, -0.7185953916006053, 0.5733565684810644, 0.6016730716197053, 0.6110093861135407, 0.6142023839619564, 0.62518266384362, 0.7125116236803292, 1.299284594082728] 
[0.12374101258243668, 0.12928533283840737, 0.13193905790724395, 0.1324469029521489, 0.13126697011459387, 0.16622328577895917, -0.7185967886791401, 0.5733606985186335, 0.6016792661208605, 0.6110343118228345, 0.6142472868796005, 0.6252262766111446, 0.7125533740723087, 1.2992933538150546] 
[0.1237361533833046, 0.12930103127155274, 0.1319649715852298, 0.13246646831620057, 0.1312903424193047, 0.16624432082126636, -0.7185988886968226, 0.5733648139391457, 0.6016855524512924, 0.611059137041486, 0.6142908688968948, 0.6252696652958759, 0.7125936222924725, 1.2993027612286623] 
[0.12373200689034469, 0.1293161107818836, 0.13198977676526155, 0.13248603490893007, 0.131313160182151, 0.16626534017138764, -0.7186007537327168, 0.5733685554451219, 0.6016915173048052, 0.6110831478543529, 0.6143342009066586, 0.6253128161689011, 0.7126329564022462, 1.2993122396885408] 
[0.12372804294590797, 0.1293315977054369, 0.1320140278255067, 0.13250623527071478, 0.13133531178636582, 0.16628487039617354, -0.7186027065625193, 0.5733727533760056, 0.6016965354065531, 0.6111070678590135, 0.6143770818949985, 0.6253551524031012, 0.7126709264848452, 1.299321632269065] 
[0.12372497125889786, 0.12934724261119648, 0.13203692534445344, 0.13252533061874872, 0.13135743218414914, 0.16630505268668608, -0.7186036918877338, 0.5733775091467549, 0.6017007609928547, 0.6111309094757186, 0.614420170138449, 0.6253955015593966, 0.7127083786785603, 1.2993301525691419] 
[0.1237221399905742, 0.12936250382311656, 0.13205964928033667, 0.13254424905007903, 0.13137897574581667, 0.16632480525679458, -0.7186047850069882, 0.5733820965347514, 0.6017050778092026, 0.6111543559520313, 0.614462359624976, 0.6254351137538479, 0.7127452131556188, 1.2993386862251133] 
[0.12371916783433669, 0.12937781178271568, 0.1320814969926291, 0.13256243115334415, 0.13140043441293386, 0.1663444594072467, -0.7186058465970431, 0.5733870783939417, 0.6017096942469786, 0.6111775986208072, 0.6145044869947034, 0.6254734240378615, 0.7127823561679903, 1.2993470600376853] 
[0.12371628553673028, 0.12939282080449283, 0.13210316047078932, 0.13258027024345115, 0.13142138587174867, 0.1663636608395667, -0.7186072355370774, 0.5733919467220292, 0.6017144217511026, 0.6112005092194607, 0.6145458562531161, 0.6255113652489573, 0.7128187580044086, 1.29935557162777] 
[0.12371354657491025, 0.1294075532681808, 0.13212454512734684, 0.13259775988060182, 0.1314419333032468, 0.16638241245049523, -0.7186087953876965, 0.5733967151464084, 0.6017192194172185, 0.6112229524317184, 0.6145863967193425, 0.6255488251110102, 0.7128543786863516, 1.2993641227644346] 
[0.12371175140490584, 0.12942117441960152, 0.132146844476738, 0.13261544606657966, 0.13146192808437027, 0.16640209634617062, -0.7186116143422737, 0.5734010414471437, 0.6017256129270508, 0.6112441572824008, 0.6146255367736735, 0.6255852877292472, 0.7128895364252008, 1.2993735831025246] 
[0.12371064415037947, 0.12943471143839516, 0.13216832308453016, 0.1326334106397714, 0.13148090077647845, 0.16642202246822094, -0.7186132245096849, 0.5734047541206047, 0.6017317100891949, 0.6112644878712958, 0.6146638754352102, 0.6256203180549318, 0.7129245571931043, 1.2993817535247796] 
[0.123708381793621, 0.12944912968242772, 0.13218757908895132, 0.13264996942738044, 0.13150012297440708, 0.16644013597887952, -0.7186137722846152, 0.5734067629524394, 0.6017357819897572, 0.6112852838687608, 0.6147003274590485, 0.6256536154968181, 0.7129597443730095, 1.299389135123005] 
[0.12370551816553853, 0.12946256726670705, 0.1322076877403879, 0.1326659233615004, 0.13151852222279142, 0.16645809119147467, -0.7186156287411185, 0.5734096371564159, 0.6017403758442648, 0.6113064456041948, 0.614736680064332, 0.6256865781216949, 0.7129933153116417, 1.2993967243028401] 
[0.12370319482706173, 0.12947551583985134, 0.13222759013956414, 0.1326819678207509, 0.13153688686158077, 0.16647563226547402, -0.7186168110205607, 0.5734123307956832, 0.6017453974687246, 0.6113268788994274, 0.6147729296830537, 0.6257189281461246, 0.7130266905679639, 1.2994037964080758] 
[0.12370040690428662, 0.12948859091081097, 0.1322464798413035, 0.13269829723838578, 0.13155438197587313, 0.1664936108180823, -0.7186182204742032, 0.5734153392089074, 0.6017507663496879, 0.6113476759429973, 0.614808429282891, 0.625750284827982, 0.7130603767794267, 1.299410653588064] 
[0.12369747866927772, 0.12950113523005338, 0.1322647968268676, 0.1327138386190822, 0.13157202207065954, 0.16651205895391244, -0.7186195847697905, 0.5734188313195618, 0.6017564106911243, 0.61136821411642, 0.6148437819757467, 0.6257811175144739, 0.7130945540597122, 1.2994180820531176] 
[0.12369437997074043, 0.12951391362860226, 0.13228249671813264, 0.13272903685317103, 0.1315894307292836, 0.16652909217900244, -0.7186211517909737, 0.5734225275988911, 0.6017624266676287, 0.6113877359376784, 0.6148777284448161, 0.6258117191122862, 0.7131273989004464, 1.2994252140131775] 
[0.12369151589803327, 0.12952639003822441, 0.1323001016597356, 0.13274400629161776, 0.13160644886772252, 0.16654568511970308, -0.7186228619274941, 0.5734262755646744, 0.6017682802709757, 0.611406926783179, 0.6149110165296263, 0.6258419376875134, 0.7131592913152734, 1.2994323813781372] 
[0.12368916110476587, 0.1295384876438826, 0.13231685127274467, 0.13275902973365375, 0.13162306166353716, 0.1665624077873897, -0.7186241116475759, 0.5734295699955684, 0.6017745043597016, 0.611425610067065, 0.6149436037524056, 0.6258721804890242, 0.7131911784214042, 1.2994392292827406] 
[0.12368702269453599, 0.12955031991659907, 0.1323335217873956, 0.13277381405386257, 0.13163932757592006, 0.16657852986792254, -0.7186256308335305, 0.573432862407352, 0.6017806085807494, 0.6114439257172827, 0.6149755333023869, 0.6259021383878539, 0.7132219844065285, 1.29944620557305] 
[0.12368484182832676, 0.12956110341061028, 0.13234906136402327, 0.13278917993913622, 0.13165516866003196, 0.1665952397286748, -0.7186270672732638, 0.573436856915797, 0.6017875582568989, 0.6114617869084437, 0.615007853599105, 0.6259323902562393, 0.7132521087157229, 1.2994534687652899] 
[0.12368293553910104, 0.12957167047900583, 0.1323648492602117, 0.132804342963273, 0.13167058847170243, 0.1666111671308786, -0.7186289892938963, 0.5734410651395097, 0.6017944091781309, 0.6114794255453662, 0.6150394942841855, 0.6259621070293568, 0.7132809483374347, 1.2994610370447013] 
[0.1236808715768014, 0.1295819478097236, 0.13238045972752926, 0.13281872891002602, 0.13168566125088407, 0.16662648728184984, -0.7186313550421523, 0.5734450004280222, 0.6018009618938454, 0.6114965821877552, 0.6150706489773098, 0.6259911693381326, 0.7133090572633483, 1.2994688018199787] 
[0.12367837338529425, 0.129591815274658, 0.13239657040554334, 0.13283266454432863, 0.13169984136270338, 0.16664179563134737, -0.7186340868252798, 0.5734491270823763, 0.6018066214413912, 0.6115138886555259, 0.6151007690255629, 0.6260192017567912, 0.7133364442102866, 1.2994767533355622] 
[0.12367587133373575, 0.12960218717607094, 0.1324140714652393, 0.13284804036997133, 0.13171356900244008, 0.16665608238050625, -0.718638074671106, 0.5734541655093692, 0.6018133130010426, 0.6115317978119202, 0.6151294209999993, 0.6260479722863465, 0.7133613791499152, 1.2994851258421778] 
[0.1236733991934599, 0.1296127060946565, 0.13243050880917273, 0.13286223786071388, 0.13172630005259664, 0.1666695913069496, -0.718642070908175, 0.5734584144465231, 0.6018190127947279, 0.6115492063838369, 0.6151581654717391, 0.6260754565380224, 0.7133858477847129, 1.2994933334853687] 
[0.12367133226340095, 0.1296230584958173, 0.13244690929624095, 0.13287637704949637, 0.13173888316470242, 0.16668285635574515, -0.7186462290306276, 0.5734627405170457, 0.6018246208767571, 0.6115664756892847, 0.6151865890295245, 0.6261024758704525, 0.7134094879640198, 1.29950163212271] 
[0.12366937171099084, 0.12963319698081596, 0.13246300055353746, 0.1328900533665918, 0.13175134661699697, 0.16669584185086028, -0.7186505271658009, 0.5734670014832894, 0.6018300562404826, 0.6115833331166858, 0.6152144696094131, 0.6261291067666025, 0.713432742299837, 1.2995100963414246] 
[0.12366822783696106, 0.12964246820837924, 0.1324780981002679, 0.13290430422305366, 0.13176449357248662, 0.16670910428037164, -0.7186540031486178, 0.5734715398020696, 0.6018364370910201, 0.6115996427466515, 0.6152427926670722, 0.626155996595754, 0.7134556100787437, 1.299517536813285] 
[0.12366721540055747, 0.1296515850047693, 0.1324928424906388, 0.13291783815198474, 0.13177750235793478, 0.16672225271562074, -0.718657598232452, 0.5734758790373896, 0.6018427009406702, 0.6116154542289288, 0.6152704514354232, 0.6261826248153975, 0.7134784344232622, 1.2995252451267711] 
[0.12366640143844765, 0.129660393089338, 0.13250760061098818, 0.1329310598801535, 0.13178976588960112, 0.16673428894286066, -0.7186611323981819, 0.5734801641709643, 0.6018481676746006, 0.6116305085788357, 0.6152978775321484, 0.6262081816342253, 0.7134998189556775, 1.2995323425334657] 
[0.12366567979163294, 0.1296690470804138, 0.13252212962731852, 0.13294376730593946, 0.13180180288689802, 0.16674625418122804, -0.7186648072875143, 0.5734844793763838, 0.6018535353087188, 0.6116453361090213, 0.6153246574337672, 0.6262334925119243, 0.7135211481241709, 1.2995396243087758] 
[0.12366514502929339, 0.12967777368572797, 0.13253613924920463, 0.13295627405245997, 0.13181344857544364, 0.16675790751751765, -0.7186685032104141, 0.5734888225745168, 0.6018588963996714, 0.611659786731842, 0.6153511294229063, 0.6262581720388375, 0.7135423727765469, 1.2995468012291482] 
[0.12366500837152027, 0.12968638941763358, 0.13254979504509928, 0.13296789557418268, 0.13182472264813316, 0.16676902469922883, -0.7186724985124128, 0.5734930334966146, 0.6018644491751608, 0.6116734256399623, 0.6153765591957677, 0.6262829065888675, 0.7135626681968906, 1.2995541908368495] 
[0.12366529927783369, 0.12969548454316598, 0.13256368319656964, 0.13297977531493554, 0.1318361042096818, 0.16677941856202325, -0.7186771388337465, 0.573497002640371, 0.6018693220256154, 0.6116866956712046, 0.6154008004179413, 0.6263069207823104, 0.7135814676725016, 1.2995623637355453] 
[0.12366589690066865, 0.12970468561605344, 0.13257762465496425, 0.13299061753579408, 0.13184746359173577, 0.1667899750508975, -0.7186815804035761, 0.5735007267225738, 0.6018737070822467, 0.6116992273967777, 0.6154248606529845, 0.6263300679525878, 0.7135999850812269, 1.299570767309346] 
[0.1236657055278872, 0.12971276092481437, 0.13259012538697615, 0.13300180280314752, 0.13185791720122622, 0.16680060408700495, -0.7186872104233666, 0.5735028922376483, 0.6018793627013053, 0.6117114761818386, 0.6154478264827054, 0.626353501263942, 0.7136168175295632, 1.2995783299291914] 
[0.12366522657999814, 0.12972082310388355, 0.13260178647838833, 0.13301141013052217, 0.13186848392382713, 0.16681218311498094, -0.7186927274346098, 0.573505151164048, 0.6018842580977464, 0.611722693848521, 0.6154700712126889, 0.6263769601356965, 0.7136352390367535, 1.2995859127298255] 
[0.12366493452844556, 0.12972863040527635, 0.13261327234778914, 0.1330205758806984, 0.13187874178539882, 0.16682327290694915, -0.7186982885962667, 0.5735074290685074, 0.6018891619733074, 0.6117335731514317, 0.6154920498316986, 0.6263999539080244, 0.7136533156636055, 1.2995936110684292] 
[0.12366494106167607, 0.12973573901324992, 0.13262497342935695, 0.13302864235209058, 0.1318887182188569, 0.16683485874489937, -0.7187042025396787, 0.5735095354703684, 0.6018942729269494, 0.6117437928782369, 0.6155141772456013, 0.626422977027767, 0.7136711549702616, 1.2996012521216085] 
[0.12366492924987829, 0.12974288811984785, 0.13263627840495587, 0.13303898047006618, 0.13189876852536703, 0.16684543849902683, -0.7187102090781604, 0.5735114508422031, 0.6019007029681802, 0.6117556629852098, 0.6155359526815771, 0.6264467712977638, 0.7136880598362761, 1.299609025622685] 
[0.12366532941469678, 0.1297502855776044, 0.13264766339425327, 0.13304955266973695, 0.13190872665007078, 0.16685520907976145, -0.718716061320426, 0.5735138719545536, 0.6019064511765337, 0.611767113527826, 0.6155573561355351, 0.6264695296177736, 0.713703960724249, 1.299616637851192] 
[0.12366597056518079, 0.12975791810463183, 0.13265827111524245, 0.133059572785468, 0.13191818239135744, 0.16686490088883515, -0.7187210282558227, 0.5735163164134481, 0.6019116056585581, 0.6117786263005753, 0.6155788771710906, 0.6264919560056719, 0.7137207844258143, 1.299623587988989] 
[0.12366645001727024, 0.12976549723938938, 0.1326685530738811, 0.13306902213822552, 0.13192735479983161, 0.166874792317653, -0.7187258614052442, 0.5735188212026664, 0.6019164343724368, 0.6117900143271758, 0.6156001820092525, 0.6265136352427986, 0.71373793606352, 1.299630735467876] 
[0.12366669888228551, 0.12977309845029958, 0.1326790490196164, 0.1330777062787285, 0.13193651015802, 0.166884356386985, -0.7187310682743376, 0.5735215089935477, 0.6019212396058018, 0.6118008846043616, 0.6156207006310314, 0.6265346666171604, 0.7137548838068014, 1.2996384227351077] 
[0.12366689658332482, 0.1297805383251227, 0.13268935966491405, 0.13308619056777646, 0.13194548118321872, 0.16689352933200985, -0.7187362030498589, 0.573524083125343, 0.6019257414391999, 0.6118116129224273, 0.6156407893743934, 0.6265551107403289, 0.7137715406860344, 1.2996462371359272] 
[0.12366757073534891, 0.12978810201916124, 0.1326992971183901, 0.1330939710379125, 0.1319547523012507, 0.16690220895149707, -0.7187413363285786, 0.5735269867649664, 0.6019300281192669, 0.6118214862266537, 0.6156599129074886, 0.6265756560742103, 0.7137873960506094, 1.2996538392307375] 
[0.1236685997126228, 0.12979596958938064, 0.1327085467134563, 0.13310217859042306, 0.13196431608892628, 0.16691082405716978, -0.7187462397120203, 0.5735293376864447, 0.6019338382452083, 0.6118309121193674, 0.6156781628907381, 0.6265964240369959, 0.7138028634970944, 1.2996618543005716] 
[0.12366974225011287, 0.12980348834183109, 0.13271725933592549, 0.1331107804998556, 0.131973964283601, 0.1669190824335765, -0.7187507285303283, 0.5735318905357508, 0.601937473225308, 0.6118405360206379, 0.6156960414845795, 0.6266170560349673, 0.7138184125875304, 1.2996695050874296] 
[0.12367066222508827, 0.12981115186967154, 0.13272565182911397, 0.13311991581125152, 0.13198372664235355, 0.16692651224515676, -0.7187552232146533, 0.5735341527528806, 0.6019410124578363, 0.6118500938709135, 0.6157137895854509, 0.6266376309373303, 0.7138330752927645, 1.299677236173582] 
[0.12367144735842768, 0.1298186959079226, 0.13273402264764075, 0.1331288559748984, 0.1319932254704227, 0.16693371084803169, -0.7187598937146419, 0.573536446441286, 0.6019444450691324, 0.6118596241850386, 0.6157312083065518, 0.6266576929701473, 0.7138474036017417, 1.299685080253862] 
[0.12367226972608135, 0.12982597517782327, 0.13274241069585854, 0.13313758198440503, 0.13200256765545668, 0.1669407909530939, -0.7187644235719112, 0.5735388648458825, 0.6019476667150897, 0.6118690434531229, 0.6157483003441341, 0.626677113277121, 0.7138616327322375, 1.2996928235209078] 
[0.12367285607830852, 0.12983313169235522, 0.13275053954322838, 0.1331458678573668, 0.13201166990012472, 0.16694763332995463, -0.7187689335440756, 0.5735410969949325, 0.6019507321506506, 0.6118781373281967, 0.615764974224463, 0.6266958823652523, 0.7138757807927489, 1.2997005426709018] 
[0.12367347891080203, 0.12984015196008453, 0.13275834893464175, 0.1331535681372915, 0.13202056510459712, 0.16695512209205937, -0.7187731704562595, 0.5735433654915952, 0.6019537682377568, 0.6118872255049496, 0.6157814341621852, 0.6267142613945166, 0.7138906845682529, 1.2997084880254444] 
[0.1236739795414291, 0.1298470516297503, 0.13276596296260246, 0.13316061371913065, 0.1320290726513918, 0.16696255529088225, -0.7187772836188855, 0.5735455445743484, 0.6019563897797581, 0.611895849494032, 0.6157974328504882, 0.6267321471657291, 0.7139053909962984, 1.2997163146758248] 
[0.1236743666006686, 0.12985368341473097, 0.1327734452929268, 0.13316745809040767, 0.13203751360819221, 0.16696981112906556, -0.7187815639591592, 0.5735478123646907, 0.6019590945604281, 0.6119044561194358, 0.6158130812882826, 0.6267497504519683, 0.7139199137737139, 1.2997241887072333] 
[0.12367472010325507, 0.12986015988552602, 0.13278088750404674, 0.13317414696378133, 0.1320457852535234, 0.16697691274336837, -0.7187859354736563, 0.5735501251798636, 0.601961769080832, 0.6119129493841736, 0.6158284618248397, 0.6267669165738431, 0.7139341668987627, 1.2997321071776864] 
[0.12367494908368287, 0.12986643633679157, 0.13278815393040658, 0.13318065636917553, 0.13205403542588406, 0.16698398191258956, -0.718790360017303, 0.5735523752296973, 0.6019645810745679, 0.6119214596933817, 0.6158436211550272, 0.6267838623775132, 0.7139484314546023, 1.299740183327249] 
[0.12367520393137262, 0.12987258173501, 0.13279538463819351, 0.13318702881607458, 0.13206200702326037, 0.1669908706698415, -0.7187948801298801, 0.5735546605904125, 0.6019672403812422, 0.6119299247939476, 0.615858521617222, 0.6268003047806366, 0.7139625025526949, 1.299748301479087] 
[0.12367542898615994, 0.12987856487721203, 0.13280254402881242, 0.13319325193734863, 0.1320698090076666, 0.16699765530506547, -0.7187995048993592, 0.5735569519743502, 0.6019698709404752, 0.6119382580879486, 0.6158731896703336, 0.6268163502343425, 0.7139763612241528, 1.2997564650315914] 
[0.12367554373316254, 0.12988449136011707, 0.13280958565158832, 0.13319927593381298, 0.1320774307684489, 0.16700451566247626, -0.718804399863408, 0.5735591886655742, 0.6019723823886656, 0.6119463532478177, 0.6158875251528048, 0.6268321810771567, 0.7139901671071638, 1.2997648821627308] 
[0.12367562795479833, 0.12989001083441487, 0.1328165249382352, 0.13320524646979126, 0.13208488231833265, 0.16701101212275868, -0.7188094648807237, 0.5735616863753424, 0.6019748295738614, 0.6119544309181906, 0.6159018317218099, 0.6268478872245028, 0.7140036311631244, 1.2997732628874854] 
[0.12367541408232322, 0.12989546878520963, 0.13282323352142955, 0.1332116484960819, 0.13209210875343907, 0.16701699718779828, -0.7188150591342303, 0.5735642247966765, 0.6019768908834586, 0.6119622067594993, 0.6159154940863801, 0.6268636223312786, 0.7140161584828318, 1.299781532405577] 
[0.12367517942392038, 0.1299007893542333, 0.1328301408572445, 0.1332177901928933, 0.13209923850055985, 0.16702240442417435, -0.7188209589856055, 0.5735670579659249, 0.6019786138624931, 0.6119695979835025, 0.6159291161836749, 0.6268785599659124, 0.7140277971198397, 1.2997896354105891] 
[0.12367494840466702, 0.12990611242303307, 0.1328367334859495, 0.133223606170441, 0.13210601126720367, 0.1670279644890938, -0.7188266122598695, 0.5735696033849816, 0.6019802099843926, 0.6119768858148577, 0.6159423935128671, 0.626892793297813, 0.7140392875008854, 1.299797693914001] 
[0.12367481282413802, 0.12991121473552011, 0.13284339458996228, 0.13322916899398274, 0.132112604582705, 0.1670333362523694, -0.7188323130241393, 0.5735722223309568, 0.6019818983807804, 0.6119839858835077, 0.6159554955870832, 0.6269067766720702, 0.714050466719987, 1.2998058572733726] 
[0.1236748719361929, 0.12991626518579527, 0.13285043070577499, 0.13323411626666293, 0.1321190207827701, 0.16703879908519448, -0.7188383870471781, 0.5735745562984571, 0.6019838046933373, 0.6119907606015651, 0.6159680559660772, 0.6269205544003368, 0.714061157371129, 1.2998140368491546] 
[0.12367486670156798, 0.1299213212225475, 0.13285717705875735, 0.13323906148567732, 0.1321252564469118, 0.167044161245607, -0.7188443890777164, 0.5735767283105482, 0.6019856359660318, 0.6119975590978038, 0.6159805204412099, 0.6269339224092821, 0.7140718534312029, 1.2998222555923709] 
[0.12367474098385257, 0.12992644481734886, 0.13286390821610689, 0.1332434986462344, 0.13213120287713062, 0.16704973053057176, -0.7188502307452276, 0.5735786843782323, 0.6019875215129767, 0.612004018413129, 0.6159929041472502, 0.6269466735073097, 0.7140825628685403, 1.299830523613124] 
[0.12367462663967771, 0.12993142150254736, 0.13287050240369522, 0.13324793241243799, 0.13213706793372657, 0.16705520052822428, -0.7188560952375715, 0.5735806381656112, 0.6019894289868867, 0.6120104655704259, 0.6160050994501534, 0.6269591393084785, 0.7140931355806042, 1.2998388074766432] 
[0.12367465894834269, 0.12993609518853305, 0.1328773329681134, 0.13325194626551679, 0.13214266630242688, 0.16706075394074305, -0.7188624215386525, 0.5735828975049636, 0.601991057390862, 0.612016602707724, 0.6160168385239774, 0.6269714713719176, 0.7141033771467741, 1.2998475393788627] 
[0.12367459872288313, 0.129940728382687, 0.13288387999352141, 0.13325621463866746, 0.13214834941314607, 0.16706628138123242, -0.7188687673650146, 0.57358500686141, 0.6019929382448802, 0.6120227569225618, 0.6160284757862028, 0.6269837212016458, 0.7141134949626956, 1.2998562144813235] 
[0.12367441850624222, 0.129945108391867, 0.1328904554309475, 0.13326061013474286, 0.13215380607121743, 0.16707174808226877, -0.7188751057401669, 0.5735871105232541, 0.6019947913276756, 0.6120287871846191, 0.6160399819472698, 0.626995624429115, 0.7141233095404321, 1.2998646901137012] 
[0.12367427248941894, 0.129949106102283, 0.1328968270907214, 0.13326556489225677, 0.13215925231368766, 0.16707700219204757, -0.7188820172527108, 0.5735892764833473, 0.6019968831672895, 0.612035289473432, 0.6160515454456298, 0.6270077150068072, 0.714132767855787, 1.2998736723732656] 
[0.12367412620888818, 0.12995303048595158, 0.13290304977131123, 0.13327039206215788, 0.1321645953706645, 0.1670821872244628, -0.718888904387688, 0.5735913867503502, 0.6019989262185378, 0.6120416919621405, 0.6160629301214989, 0.627019502484367, 0.7141422067547067, 1.2998826410986613] 
[0.12367398493865722, 0.12995690991889539, 0.1329091502245535, 0.13327510969439588, 0.1321698300142486, 0.1670872772303462, -0.7188957655782459, 0.5735934477321778, 0.6020009541675096, 0.6120480093401589, 0.6160741072913485, 0.6270310301189098, 0.7141515814290827, 1.2998916067672437] 
[0.12367382791005242, 0.1299607082544297, 0.13291509027590712, 0.13327969840784773, 0.1321749879077014, 0.1670923484956162, -0.7189026414730485, 0.5735954449848525, 0.6020029237375165, 0.6120542073134272, 0.616085081168673, 0.6270422718216708, 0.7141609708533219, 1.2999006145206553] 
[0.12367367210238024, 0.12996470602789328, 0.13292091005515963, 0.13328437281329347, 0.13218013147193167, 0.16709769535835362, -0.7189095559337619, 0.5735974018612972, 0.6020049788253534, 0.6120607058099204, 0.6160958697506158, 0.6270536746298487, 0.714170422952718, 1.2999097038278815] 
[0.12367352805165031, 0.12996867759587216, 0.13292663810456695, 0.1332890041871468, 0.13218513208820384, 0.1671029234407034, -0.7189165413268424, 0.5735993271005168, 0.6020069587791101, 0.612067160280521, 0.6161064713470259, 0.6270648562289666, 0.7141797769640071, 1.2999188339635177] 
[0.12367327850864616, 0.12997264887649476, 0.1329324751219978, 0.13329317512298366, 0.1321899234371015, 0.1671081623238697, -0.7189238187134979, 0.5736011049406622, 0.6020089050419044, 0.6120733416829109, 0.6161169861570042, 0.6270756274100356, 0.7141889736314786, 1.2999282091211781] 
[0.12367305626423823, 0.12997651650319972, 0.13293810084699303, 0.1332973553131862, 0.13219466613434044, 0.1671131988662345, -0.718931151656606, 0.5736028356846836, 0.6020109601470274, 0.6120794915306895, 0.6161273909924171, 0.6270862710426307, 0.714198046020664, 1.2999376687261506] 
[0.12367276995995481, 0.12998016635581566, 0.1329437698515641, 0.13330119501334547, 0.13219921456071193, 0.16711832317562386, -0.7189386203986229, 0.5736046924345999, 0.6020127938334064, 0.612085370881032, 0.6161376959243825, 0.6270967326420239, 0.7142070310314809, 1.2999471166157637] 
[0.12367236111863991, 0.1299835697040069, 0.13294910234340343, 0.13330475576304388, 0.13220379293650014, 0.16712332434775684, -0.7189460811990112, 0.573606575483421, 0.6020147020989299, 0.612090930761282, 0.6161479533402952, 0.6271067193138339, 0.7142161831847677, 1.29995636714735] 
[0.1236719705871726, 0.12998693538796008, 0.1329543186827501, 0.1333082998176022, 0.13220829789285662, 0.16712823419750178, -0.7189535318588776, 0.5736084128857332, 0.6020165864201843, 0.6120964312618437, 0.6161579994348362, 0.6271164994616092, 0.7142252698524132, 1.2999656400195438] 
[0.12367163216134913, 0.12999025271951323, 0.13295940960245306, 0.133311874736808, 0.1322127523506962, 0.16713301383316823, -0.7189609345471144, 0.5736102303539236, 0.6020184826060121, 0.6121019167491076, 0.6161678879822613, 0.6271260915074047, 0.7142342329165896, 1.299974876316435] 
[0.12367126438358099, 0.12999358299823358, 0.13296441986146923, 0.13331556108846468, 0.13221719921887798, 0.1671376074230916, -0.7189683647308608, 0.5736119821778592, 0.6020203840696885, 0.6121073897383197, 0.6161775736693581, 0.627135585714623, 0.7142429667607654, 1.2999841295868366] 
[0.12367094781115982, 0.12999681791391077, 0.13296932735648512, 0.13331916026717672, 0.13222158772840334, 0.16714215899993198, -0.7189757920058308, 0.5736137269208491, 0.6020222675738769, 0.6121128041728403, 0.6161871118875939, 0.6271448454446626, 0.7142516166499344, 1.2999933690758243] 
[0.12367066378486677, 0.12999999781957197, 0.1329741604615698, 0.13332269753583262, 0.1322258935824835, 0.1671466340172143, -0.7189832227390587, 0.5736154482494078, 0.6020241101395895, 0.6121181372376845, 0.6161964717681379, 0.6271539034380115, 0.7142601876003698, 1.3000026152450173] 
[0.1236703260781614, 0.13000302257138316, 0.1329789806944603, 0.13332608586412162, 0.13223008070912556, 0.16715112166669105, -0.7189905158723543, 0.5736170716525543, 0.6020259950169812, 0.6121234614567598, 0.6162057726767365, 0.6271628206803852, 0.7142686534665754, 1.3000117036027428] 
[0.12366995843535247, 0.13000596677306564, 0.13298378442447395, 0.13332948505335837, 0.1322341185715679, 0.1671554235003037, -0.7189978422703898, 0.5736186031142071, 0.6020277503294914, 0.6121286528446599, 0.616214793961124, 0.6271716474234358, 0.7142770482028151, 1.3000207386230158] 
[0.12366958442433763, 0.13000884412922784, 0.13298850082655667, 0.13333285052326785, 0.13223807065307847, 0.1671597396420326, -0.7190050837796587, 0.5736200822463877, 0.6020294993888605, 0.6121338166160367, 0.6162236526102013, 0.6271803025317739, 0.7142854615656967, 1.3000297145411313] 
[0.123669134520534, 0.13001146487902776, 0.13299303946168822, 0.13333636398144708, 0.13224207720795478, 0.16716369194309053, -0.7190126928154996, 0.5736217541981892, 0.602031104720713, 0.6121388429991306, 0.6162324619333074, 0.6271886223324442, 0.7142933387902772, 1.300038986627892] 
[0.12366871775543635, 0.13001407910811236, 0.1329976386979454, 0.13333965946979606, 0.132245883316604, 0.16716766160525198, -0.719020329525878, 0.5736233881635876, 0.6020327073751073, 0.6121436068979028, 0.6162409935978648, 0.627196620554856, 0.7143013212564786, 1.3000481814226499] 
[0.12366828135895018, 0.1300165905272191, 0.13300205343602395, 0.13334277519126297, 0.13224959682661486, 0.16717171479561388, -0.7190278118456076, 0.573624895310159, 0.6020342757695611, 0.6121482640164815, 0.6162494112800401, 0.6272044401762235, 0.7143093497392831, 1.3000572390937555] 
[0.12366789443084344, 0.13001909137651813, 0.13300635960632481, 0.1333458519154969, 0.13225318934908986, 0.16717578787047316, -0.719035268179771, 0.5736263616738534, 0.6020357887005096, 0.6121529260991699, 0.6162577419237025, 0.6272120298811168, 0.7143173927337783, 1.3000663314231782] 
[0.12366757444019312, 0.13002157638762896, 0.13301056975775377, 0.13334892409013438, 0.13225674215974897, 0.1671798151068785, -0.7190427164677201, 0.5736277833852418, 0.6020372519090226, 0.612157578698982, 0.6162659538272468, 0.6272194500761278, 0.7143253066269974, 1.300075451288937] 
[0.12366727965077286, 0.13002402629053691, 0.13301470032520743, 0.13335189658640642, 0.13226023900719358, 0.16718374438162947, -0.7190501878276581, 0.57362915056942, 0.6020386836362492, 0.6121621317571408, 0.6162739917231207, 0.6272267065897464, 0.7143330959618918, 1.3000846102403358] 
[0.12366699764049537, 0.13002646059706957, 0.1330186737317899, 0.1333547136930768, 0.13226378533316702, 0.1671877149533224, -0.7190577020357836, 0.5736305573236733, 0.6020401496228053, 0.6121665476912688, 0.6162819587434444, 0.6272339404622304, 0.714340827735465, 1.3000937712366782] 
[0.12366674343950866, 0.13002884698346928, 0.13302258909935724, 0.1333574868088815, 0.1322672721136041, 0.1671916230579248, -0.7190652179955418, 0.5736319486993675, 0.6020415778489111, 0.6121709037188401, 0.6162897633040418, 0.6272410385539132, 0.7143484866529451, 1.300102937218148] 
[0.12366643736924161, 0.13003107390856308, 0.13302635275327584, 0.1333601471342258, 0.13227073798687014, 0.16719550942456815, -0.7190726885251133, 0.5736334293373528, 0.6020429601350183, 0.6121750685856865, 0.6162972939267252, 0.62724801586503, 0.7143561225565668, 1.3001121956566897] 
[0.12366619855635946, 0.13003331298327434, 0.1330300400869763, 0.13336279699042897, 0.1322741013247313, 0.16719935730464852, -0.7190802382292535, 0.5736349052364245, 0.6020443218154994, 0.6121791730368716, 0.61630463958034, 0.6272548453213623, 0.7143636205371716, 1.3001215105079325] 
[0.12366605600439388, 0.1300355119324948, 0.13303389678225327, 0.1333653458957436, 0.13227765606889025, 0.16720323772291343, -0.7190878311735628, 0.5736363152799057, 0.6020457612302553, 0.6121831510513532, 0.61631208393699, 0.6272616295428545, 0.7143709969994853, 1.3001308096133208] 
[0.12366596945304327, 0.1300376588147477, 0.13303772118925156, 0.13336792298818387, 0.13228110340477728, 0.16720707521910524, -0.7190954085859935, 0.5736376833513961, 0.6020471496717801, 0.6121871378799723, 0.6163194260557783, 0.6272682317611322, 0.714378257574486, 1.300140107351349] 
[0.12366586974050375, 0.13003972797741997, 0.13304144099567064, 0.13337058128049625, 0.13228452507550253, 0.1672107511135448, -0.7191029723525482, 0.5736390555618661, 0.6020486155561191, 0.6121911816187017, 0.616326672594106, 0.6272746725488629, 0.7143853241612539, 1.3001494102062683] 
[0.12366579326456605, 0.13004178332862715, 0.13304510002365197, 0.13337318873884774, 0.13228786515833033, 0.16721437348044965, -0.7191105328797525, 0.5736403944994937, 0.6020500513103251, 0.6121951625583661, 0.6163337623866593, 0.6272809869820335, 0.7143923345359882, 1.3001586969784213] 
[0.12366579490378551, 0.13004363681929645, 0.13304883012309848, 0.13337570930879172, 0.1322912901840602, 0.1672180966413299, -0.7191179495860153, 0.5736418971079303, 0.6020515928570056, 0.6121989537387559, 0.6163407600110705, 0.6272870095497187, 0.7143992099822442, 1.3001679080974] 
[0.12366580475246296, 0.13004546093258243, 0.13305246578739774, 0.13337821999509789, 0.13229463137863026, 0.1672217082941791, -0.719125347388286, 0.5736433635930519, 0.602053069133597, 0.6122026727859347, 0.6163475694389401, 0.62729294564192, 0.7144060062657581, 1.3001771002663125] 
[0.12366581948976232, 0.13004727109508152, 0.13305604080219502, 0.13338068151951674, 0.13229788927635008, 0.16722526401736376, -0.7191327482682032, 0.5736447853048258, 0.6020545034003331, 0.6122063396299396, 0.6163542357688714, 0.6272987755908666, 0.7144127557414043, 1.3001862871830532] 
[0.12366564322281622, 0.13004884420293036, 0.13305940118132628, 0.13338282981526972, 0.1323011917385874, 0.16722843309658214, -0.7191403898070005, 0.5736460139743143, 0.6020556880619065, 0.6122097035627405, 0.6163607486787682, 0.6273047517851175, 0.7144191288047348, 1.300195405574505] 
[0.12366552095571984, 0.13005038886700782, 0.13306275135088483, 0.13338498474540864, 0.1323044482016507, 0.16723149101127277, -0.7191480421066829, 0.5736472429574729, 0.6020568153644474, 0.612213002203371, 0.6163670736524328, 0.6273106607380596, 0.7144253763192138, 1.300204545517161] 
[0.12366541302548852, 0.13005188607909268, 0.13306600742398775, 0.13338706830997882, 0.13230758547405724, 0.1672345040853551, -0.7191557271340062, 0.5736484444369512, 0.6020579118824054, 0.6122162684128275, 0.6163732726284384, 0.6273164345477289, 0.7144315335424439, 1.3002136534752171] 
[0.12366524905776942, 0.13005332083564747, 0.13306913879762217, 0.13338922666214995, 0.13231075862312314, 0.16723738548324144, -0.7191635890311235, 0.5736496600250547, 0.6020591140871848, 0.6122195062913188, 0.616379278367135, 0.6273222148235275, 0.7144375194373166, 1.3002229322176175] 
[0.12366513251984697, 0.1300547713307238, 0.1330722403070214, 0.1333914106604746, 0.13231386371498316, 0.16724020504393622, -0.7191714406322288, 0.5736508679001849, 0.602060313423337, 0.6122227484301238, 0.6163851924771487, 0.6273278611889107, 0.714443419962626, 1.3002322096354149] 
[0.1236650142954113, 0.13005624646575528, 0.13307527832706578, 0.13339353777988064, 0.13231686539971832, 0.16724297543868577, -0.7191792833108868, 0.5736520643103058, 0.6020614557992648, 0.6122259715908761, 0.6163909968231199, 0.6273334054794354, 0.7144492596093495, 1.3002414944619836] 
[0.12366488457237873, 0.1300577561571645, 0.13307828153644113, 0.133395698361694, 0.13231981534888176, 0.16724574355623412, -0.719187144837767, 0.5736532824604882, 0.6020625642951944, 0.6122291558582722, 0.6163967260751753, 0.6273389044193027, 0.7144550454254784, 1.3002508244368716] 
[0.1236647653077801, 0.13005925312880778, 0.1330812273861808, 0.13339779842274246, 0.13232270063261617, 0.16724850869843177, -0.719194997900646, 0.5736544602104245, 0.6020636475705514, 0.612232289368666, 0.6164023350049722, 0.6273442973187625, 0.7144608201890215, 1.3002601458975143] 
[0.12366463329057302, 0.13006070619500373, 0.13308408274802583, 0.13339991347148575, 0.13232553256746285, 0.16725122173363774, -0.7192028546826554, 0.5736556451931657, 0.6020646777347465, 0.6122354183913596, 0.6164078008791983, 0.627349541889668, 0.7144665643182376, 1.3002694235407224] 
[0.12366452499771634, 0.1300621444875216, 0.13308689317352204, 0.13340197948095756, 0.13232830103485013, 0.1672539363814946, -0.7192107050340626, 0.573656804866643, 0.6020656772111868, 0.6122384938018962, 0.6164131588911602, 0.6273546745740267, 0.7144722915944528, 1.3002786837181513] 
[0.12366444473774126, 0.13006356461270363, 0.1330896821323691, 0.13340398304255438, 0.13233099005143634, 0.16725662826726811, -0.7192185813712871, 0.573657958771242, 0.6020666383319864, 0.612241513526235, 0.6164184232426785, 0.6273596798013906, 0.714477960135476, 1.3002879547984327] 
[0.12366428711571147, 0.13006501127081527, 0.1330925186788452, 0.13340578829879798, 0.13233358672968054, 0.16725934303177267, -0.7192263814958771, 0.573659045153005, 0.6020674555303879, 0.6122445238239976, 0.6164234843267522, 0.6273644553162726, 0.7144836479649431, 1.300297117820997] 
[0.12366416202558253, 0.13006642714198532, 0.1330952591945944, 0.1334076043743677, 0.13233613828011018, 0.16726191092494694, -0.7192342439899859, 0.573660124542942, 0.6020682179274425, 0.6122475742445704, 0.6164283795552272, 0.6273691649289278, 0.7144891498463438, 1.3003062433711166] 
[0.12366405522531958, 0.13006782776994114, 0.13309794388900303, 0.133409388567023, 0.13233863585504058, 0.16726447548846812, -0.7192420975804844, 0.573661171332807, 0.6020689759944056, 0.6122505769559119, 0.6164331892099413, 0.6273737841162338, 0.7144946254579481, 1.3003153554095772] 
[0.12366399450694802, 0.13006923113399738, 0.133100539107819, 0.13341109718592792, 0.13234111602194673, 0.16726708109370803, -0.7192499559894631, 0.5736621503329562, 0.6020696915525653, 0.6122534862343629, 0.616437947530156, 0.6273783493228613, 0.714500076284301, 1.3003244381198933] 
[0.12366396664990217, 0.13007059864009132, 0.1331030986158724, 0.13341278900658388, 0.13234352421337675, 0.16726970241230765, -0.7192578118095289, 0.5736631314464825, 0.6020704125999745, 0.6122563343082094, 0.6164426115296076, 0.6273828039096511, 0.7145055192842182, 1.3003334941722884] 
[0.12366393896391761, 0.1300719393779489, 0.1331056194269583, 0.1334144421324243, 0.13234588040004858, 0.16727228945147732, -0.7192656956505412, 0.5736640711110281, 0.6020711504467426, 0.6122591579512249, 0.6164471779387274, 0.6273871856650929, 0.7145109075653514, 1.3003425742238348] 
[0.12366392803848066, 0.13007326208419265, 0.1331080884200689, 0.13341609457882905, 0.13234820434289132, 0.16727485467544817, -0.7192735837517427, 0.5736650041378455, 0.6020718933189603, 0.6122619460013845, 0.6164516605310235, 0.6273914929110791, 0.7145162690200114, 1.3003516635005967] 
[0.12366393665880161, 0.13007458431619598, 0.1331105303825741, 0.13341770109222806, 0.13235046164542094, 0.16727740080609516, -0.7192814588996572, 0.573665928239843, 0.6020726139982142, 0.6122646944383034, 0.616456043362714, 0.6273956984963225, 0.7145216031301059, 1.3003607529731425] 
[0.12366394398150891, 0.13007591331637056, 0.13311295638205511, 0.1334192616970216, 0.13235264606435854, 0.16727992097377983, -0.7192893706157298, 0.573666821234464, 0.6020733312960891, 0.6122673836785848, 0.6164603442057354, 0.6273998000120644, 0.714526879710017, 1.3003698721725327] 
[0.1236639652125946, 0.13007722092960602, 0.133115313732517, 0.13342082393567095, 0.13235481193526222, 0.16728240582319068, -0.7192972922735519, 0.5736677061611678, 0.6020740772481735, 0.6122700458433346, 0.6164645527078751, 0.6274038575745491, 0.714532105093703, 1.3003789731559752] 
[0.12366392481995224, 0.13007853755357557, 0.13311777346092604, 0.13342215360385104, 0.13235702130316407, 0.1672849636766813, -0.7193055520416868, 0.573668777841349, 0.6020746970984681, 0.6122725602661936, 0.6164685594412166, 0.6274076890217412, 0.7145371939583066, 1.3003884384762454] 
[0.12366390771185205, 0.13007981598552873, 0.1331201998354411, 0.1334234958471506, 0.13235920458196435, 0.16728745647835871, -0.7193138620975701, 0.5736698095984148, 0.6020753156183289, 0.6122750376646497, 0.6164724666456965, 0.6274114471960432, 0.7145421895281606, 1.3003979398106809] 
[0.1236639265586271, 0.13008101858500548, 0.1331225627736585, 0.13342476260777938, 0.13236125453754105, 0.1672900097627292, -0.7193220947667976, 0.5736708493775743, 0.6020758306729537, 0.6122774489319968, 0.6164762454247543, 0.6274150189169928, 0.7145471322108713, 1.3004073955935658] 
[0.123663975604347, 0.13008222205619077, 0.13312486894779396, 0.13342605231499874, 0.13236327096766765, 0.16729257486501994, -0.7193302634842014, 0.5736718284323667, 0.6020763417902888, 0.612279849290031, 0.6164799889791823, 0.6274185156859681, 0.7145520873222866, 1.300416773151382] 
[0.12366399910829477, 0.1300834600636729, 0.13312707185131603, 0.1334273937626717, 0.13236522630588096, 0.167295116881513, -0.7193384451421929, 0.5736728229138764, 0.6020768023488023, 0.6122821777283161, 0.6164836680920409, 0.6274218898486832, 0.7145570156077312, 1.3004260850192229] 
[0.12366405424267415, 0.13008468650846333, 0.1331292054700131, 0.13342873864941276, 0.13236715715966177, 0.16729766262935172, -0.719346607135995, 0.5736738026549074, 0.6020772639916684, 0.6122844645770017, 0.6164873045595968, 0.6274251980574537, 0.7145619090158004, 1.3004353876863937] 
[0.12366411661505788, 0.13008589646698931, 0.1331312835536075, 0.13343004914350182, 0.1323690256640449, 0.16730021352746074, -0.7193547388261414, 0.5736747474877133, 0.6020777341227245, 0.6122867119158447, 0.6164908759168629, 0.6274284573231947, 0.7145668254826101, 1.3004446879272875] 
[0.1236641270106044, 0.13008699404741944, 0.1331333011787553, 0.13343135095997996, 0.13237084603982388, 0.16730283513177102, -0.7193627232062074, 0.57367575899676, 0.6020781143982915, 0.6122889445717747, 0.6164943153578903, 0.627431657111946, 0.7145716774263, 1.3004538142156596] 
[0.12366413388266607, 0.13008808913409947, 0.13313528860444704, 0.13343265453840328, 0.13237265275590873, 0.16730539966424943, -0.7193707236728365, 0.5736767121532497, 0.6020785025083175, 0.6122911364628518, 0.6164977224119643, 0.6274347773540674, 0.7145764937627259, 1.3004629177999303] 
[0.12366416060156098, 0.13008916916227636, 0.1331372253323969, 0.13343393626320826, 0.13237439722540775, 0.16730799400511115, -0.7193786586337733, 0.5736776527355197, 0.6020789255733056, 0.6122933199904171, 0.616501110322739, 0.6274378172349525, 0.7145813376337533, 1.3004719486870353] 
[0.12366418537501282, 0.13009024876408518, 0.1331391039227034, 0.13343521862417224, 0.13237612490037068, 0.1673105712919574, -0.7193865878524798, 0.573678544262693, 0.602079354266998, 0.6122954869503028, 0.6165044256630566, 0.6274408335702519, 0.7145861387057175, 1.3004809828561334] 
[0.12366423537401089, 0.13009129051109355, 0.13314090760420422, 0.1334364782193302, 0.13237781734021373, 0.1673131874544834, -0.7193945036301165, 0.5736794359905026, 0.6020798034024599, 0.6122975848650506, 0.6165076592467978, 0.6274438380574056, 0.714590978100681, 1.3004900334220104] 
[0.12366427541719124, 0.13009230322914522, 0.13314268929087142, 0.13343768153492155, 0.13237942501055447, 0.16731580151204825, -0.7194025485245813, 0.5736803761847746, 0.6020801931145314, 0.6122996562211125, 0.6165107605977382, 0.6274468635186222, 0.7145957662967194, 1.3004992125781871] 
[0.12366432416544303, 0.13009330038710631, 0.13314443290421996, 0.13343887114593594, 0.1323810047408626, 0.16731839620533578, -0.7194105908097204, 0.5736812856998394, 0.6020805947219702, 0.6123017011692, 0.6165138134390572, 0.6274498388704222, 0.7146005251236603, 1.3005083811911222] 
[0.12366437324868551, 0.13009427298341458, 0.13314615255091206, 0.13344001772084668, 0.13238254416615164, 0.1673209712723486, -0.7194186225048051, 0.573682174503661, 0.6020809935299645, 0.6123036974136923, 0.6165168198602677, 0.6274527527145499, 0.7146052731190811, 1.3005175428787021] 
[0.1236644817809996, 0.13009518470028522, 0.13314789421976897, 0.1334410481769064, 0.13238399826944813, 0.16732354732665375, -0.7194266213292604, 0.5736830465210914, 0.6020813242585399, 0.6123055797259911, 0.6165197725119935, 0.627455597376564, 0.7146100258771904, 1.3005266320646152] 
[0.12366460486080107, 0.13009609424247046, 0.1331495951004399, 0.13344207120443802, 0.1323854182981142, 0.1673261215708508, -0.7194345903940862, 0.5736838878323126, 0.6020816658487066, 0.6123074475788043, 0.616522683503669, 0.6274583843215361, 0.7146147662466147, 1.300535683085101] 
[0.12366465866725102, 0.13009708113141422, 0.13315133884341757, 0.1334429810280105, 0.132386777621692, 0.16732858577680507, -0.7194423851459038, 0.5736846848341332, 0.6020821001157072, 0.6123091891377381, 0.6165255522524521, 0.627461201075695, 0.714619544298689, 1.3005445659583643] 
[0.12366471909066235, 0.13009805726455523, 0.13315304074026796, 0.13344385613687004, 0.13238809866147247, 0.16733103091129856, -0.7194501434602106, 0.573685419745646, 0.6020825666774882, 0.6123108855763292, 0.6165283680493786, 0.6274639371396601, 0.7146242888253564, 1.3005534193188828] 
[0.12366483287069142, 0.13009908057950614, 0.13315475588538944, 0.13344488098346627, 0.1323894492174115, 0.16733344014217827, -0.7194579293853359, 0.5736860647652906, 0.6020831215809963, 0.612312679508706, 0.6165311132994881, 0.6274665669734006, 0.7146288513760504, 1.300562199626932] 
[0.12366493973423902, 0.1301000659431982, 0.13315644436224197, 0.13344589343247504, 0.1323907666841608, 0.16733584119478356, -0.7194657325525581, 0.5736867049304508, 0.6020836931151825, 0.6123144695773332, 0.6165338326465297, 0.6274691431134597, 0.7146333582731512, 1.3005709634810427] 
[0.1236650400565448, 0.130101046635197, 0.1331580724641679, 0.1334469313770823, 0.13239208938782335, 0.16733820010133388, -0.7194735232975598, 0.5736873007406699, 0.6020842961288244, 0.6123162375322319, 0.6165365194399939, 0.6274717082265379, 0.7146378046018167, 1.3005797218402428] 
[0.12366512931705709, 0.13010198513383722, 0.133159631974011, 0.13344798746137498, 0.1323934195683602, 0.16734053207614266, -0.7194813116012696, 0.573687847996372, 0.6020849330864243, 0.6123179732010624, 0.6165391877889556, 0.6274742236286803, 0.7146422343982719, 1.300588441019662] 
[0.12366522597412397, 0.13010291187188225, 0.13316115958563474, 0.13344903092002922, 0.1323947244026249, 0.16734284840754668, -0.7194890963517094, 0.5736883849994993, 0.6020855635595275, 0.6123196847202623, 0.6165418081195527, 0.6274767041217533, 0.7146466305447724, 1.3005971523791042] 
[0.12366542509135973, 0.13010369443893885, 0.13316250211071817, 0.1334498844495399, 0.13239609773328326, 0.1673453730981996, -0.7194966688368913, 0.5736889325564516, 0.6020861999636905, 0.612321207276236, 0.6165443209206328, 0.6274792691334574, 0.714651242626164, 1.30060569189694] 
[0.12366556869092082, 0.13010440020161632, 0.13316378879435462, 0.13345079509670524, 0.13239739833856815, 0.16734788774589637, -0.7195042407927024, 0.573689560854541, 0.6020869150689158, 0.6123226644238803, 0.6165467020591291, 0.6274818546580364, 0.7146557381324022, 1.3006143111574608] 
[0.12366567433078961, 0.13010506851184273, 0.13316508714042105, 0.13345168958928483, 0.13239871834295094, 0.16735038483156633, -0.7195117882788334, 0.5736901178715043, 0.602087583857473, 0.6123240965828876, 0.6165489985588791, 0.6274844057234454, 0.71466021289306, 1.3006228705952902] 
[0.1236657678509552, 0.1301057282612031, 0.1331663363886478, 0.13345258475313995, 0.13240004002961617, 0.16735289754196295, -0.719519399600877, 0.5736905778774971, 0.6020883232211476, 0.6123255152399377, 0.6165512583136415, 0.6274870199407637, 0.714664740811248, 1.3006314523427525] 
[0.12366589132390257, 0.13010639794724613, 0.13316753243094226, 0.13345351129246777, 0.13240134494190126, 0.16735540624658027, -0.7195270260186668, 0.5736910174933008, 0.6020890229759539, 0.6123269353445864, 0.6165534755321066, 0.6274895800891858, 0.7146692416842585, 1.3006400173601287] 
[0.12366603662726607, 0.13010709187067943, 0.13316873065219922, 0.13345448326087977, 0.13240260898671602, 0.16735790003413897, -0.7195346734139023, 0.5736914718495099, 0.602089727208431, 0.6123283719173299, 0.6165556344106633, 0.6274921297400088, 0.7146736728017593, 1.300648572481733] 
[0.12366607738646455, 0.13010778011045096, 0.13316976817256346, 0.13345555205687576, 0.1324037528030241, 0.16736042709812995, -0.719542123943815, 0.5736918934535546, 0.6020905560754265, 0.6123299634944884, 0.616557690014229, 0.6274946415041253, 0.7146779955426847, 1.300656901169863] 
[0.12366612346760664, 0.1301084582217666, 0.13317080292744077, 0.1334566035273389, 0.13240487438139095, 0.16736293746238012, -0.7195495747866927, 0.5736922996696685, 0.6020913735024145, 0.6123315246630227, 0.616559726700804, 0.6274971122263724, 0.7146822807322256, 1.3006652305403565] 
[0.12366615970479683, 0.1301090815077092, 0.1331718616802882, 0.1334575926313034, 0.13240594305986692, 0.16736541814601202, -0.7195570732539982, 0.5736927504572698, 0.6020922109012384, 0.6123330325248661, 0.6165617610215084, 0.6274995753310312, 0.7146865660947502, 1.3006735518646608] 
[0.12366621516065866, 0.13010969938581524, 0.13317291514721113, 0.13345856496540337, 0.1324069943885715, 0.1673678862976524, -0.7195645692341966, 0.5736931972331637, 0.6020930192139723, 0.6123345159795609, 0.616563760821549, 0.6275019875166423, 0.7146908269366214, 1.300681868866437] 
[0.12366637489366569, 0.1301103855876841, 0.13317396177850288, 0.13345953779132272, 0.13240791385194955, 0.16737038284736874, -0.7195721125649766, 0.5736937476302543, 0.6020936832294618, 0.6123359022396103, 0.6165657744521081, 0.6275042234384326, 0.7146949712493199, 1.3006901284611834] 
[0.12366655551062239, 0.13011100445278195, 0.13317498889204063, 0.13346044930508577, 0.13240888893110545, 0.16737291131519522, -0.719579578392536, 0.5736942706679672, 0.6020943568593685, 0.6123372726940126, 0.616567821373664, 0.6275064628605297, 0.7146990774879135, 1.3006983079560612] 
[0.12366674364777974, 0.13011161065353224, 0.13317599417635112, 0.13346133177215183, 0.1324098430266686, 0.16737539633214502, -0.7195870429592469, 0.5736947627137472, 0.6020950338343722, 0.6123386336863262, 0.6165698437904394, 0.6275086471657119, 0.7147031578928936, 1.300706472237768] 
[0.12366687735537965, 0.1301122567386129, 0.1331769705948171, 0.1334623531299503, 0.1324108600176809, 0.16737767612985055, -0.7195943947228357, 0.5736951244945583, 0.6020958056448225, 0.6123400290291752, 0.6165717650675064, 0.6275108075745096, 0.7147070560820655, 1.3007145021585746] 
[0.12366704759859505, 0.13011294827630587, 0.13317789383011253, 0.1334633279259955, 0.1324118492986032, 0.16737992300949545, -0.7196017499290092, 0.5736954186870307, 0.6020965013455831, 0.6123413473619148, 0.6165736070150765, 0.6275128745606822, 0.7147109319656801, 1.3007224960458132] 
[0.12366722280657794, 0.13011362044569602, 0.1331788017389114, 0.1334642807098733, 0.1324128340612923, 0.16738214227378617, -0.7196091229007956, 0.573695707247719, 0.602097175936153, 0.6123426538873664, 0.6165754149578373, 0.6275148964633893, 0.7147147664008404, 1.3007305083105134] 
[0.12366747049126448, 0.1301143828774071, 0.13317978320283547, 0.13346517484431258, 0.1324138527306497, 0.1673843004014529, -0.7196163151629226, 0.5736958918385673, 0.6020977426399008, 0.6123438380518825, 0.616577108571358, 0.6275167753827837, 0.7147186007829274, 1.3007383732284907] 
[0.12366767589621738, 0.1301152420511674, 0.13318075970177068, 0.133466038862332, 0.13241500429835157, 0.16738650878402758, -0.7196237352976204, 0.5736960591448702, 0.6020983290619012, 0.6123449677705746, 0.6165786990175064, 0.6275188627081842, 0.7147225483608721, 1.3007465063630983] 
[0.12366790760946576, 0.13011608540129535, 0.13318170051684716, 0.13346686870463348, 0.13241610137977228, 0.1673886589843838, -0.7196311495494205, 0.5736962566571944, 0.602098933406134, 0.6123461054108753, 0.616580291749601, 0.6275208815648698, 0.7147264388643603, 1.300754601231108] 
[0.12366809271835517, 0.13011693282037415, 0.133182678854095, 0.13346757114651878, 0.1324171316460213, 0.16739087715498757, -0.7196385933148959, 0.573696503288196, 0.6020995436052368, 0.6123471779760893, 0.6165818128844368, 0.6275228104924248, 0.7147303970834781, 1.3007626912573773] 
[0.12366826095263715, 0.13011780381923008, 0.13318359648852515, 0.13346826480163237, 0.13241814223773965, 0.16739306739238421, -0.7196461065738206, 0.5736966930629858, 0.6021001948533381, 0.6123482481016436, 0.6165833094191188, 0.6275246635019163, 0.714734307671024, 1.3007708525864783] 
[0.12366846725960656, 0.13011863264665463, 0.13318450881732694, 0.13346900549019333, 0.13241910189778322, 0.1673951971471182, -0.7196535860316544, 0.573696853944998, 0.6021008279179048, 0.6123493165774213, 0.6165847639369936, 0.6275264715152185, 0.714738122514253, 1.3007789917441317] 
[0.12366865949444451, 0.13011946358839527, 0.1331854266307953, 0.13346968217704716, 0.1324200461123462, 0.16739735932190122, -0.7196610028447096, 0.5736969807759192, 0.6021014347898636, 0.6123503800087854, 0.6165862398380927, 0.6275282013654185, 0.7147419500025909, 1.3007870698499286] 
[0.12366883371252502, 0.1301202560076235, 0.1331863037458377, 0.13347037761244515, 0.1324209867206678, 0.1673994906153065, -0.7196684286158591, 0.5736970894813984, 0.6021020505245913, 0.6123514519891664, 0.61658768762783, 0.6275298992476684, 0.7147457545948379, 1.300795124598628] 
[0.12366901378590729, 0.13012102468303277, 0.13318717428759771, 0.13347106456226968, 0.1324219068516582, 0.1674016066150086, -0.719675851644463, 0.5736972027097703, 0.6021026518421226, 0.6123525125915864, 0.6165891282094945, 0.6275315612640211, 0.7147495287501454, 1.3008031755637184] 
[0.12366919104926337, 0.13012182211862305, 0.1331880086638931, 0.13347181865593058, 0.13242286566877798, 0.1674036424587661, -0.719683244594253, 0.5736973564193623, 0.6021032948344942, 0.6123535388276021, 0.6165905006349985, 0.627533268580092, 0.7147532249489593, 1.3008112355112633] 
[0.12366937537991748, 0.1301225990965686, 0.13318883144894425, 0.13347256869185115, 0.13242381462417444, 0.16740567187309555, -0.7196906395452721, 0.5736975194316931, 0.6021039337224785, 0.6123545642303838, 0.6165918666727085, 0.6275349567508992, 0.7147568882153373, 1.3008192946852335] 
[0.12366949481986204, 0.13012334025520708, 0.13318959067989922, 0.1334733415664592, 0.13242472149233803, 0.16740761989813993, -0.7196981749264678, 0.573697653747267, 0.6021045385139081, 0.6123555764355622, 0.6165932394209036, 0.627536582214891, 0.7147603859725381, 1.3008274689813148] 
[0.1236694761669632, 0.13012419843496179, 0.13319051209539837, 0.13347391610346923, 0.13242544236740902, 0.16740953490357965, -0.7197057817593338, 0.5736976928286804, 0.6021049784297791, 0.6123566869493867, 0.6165944510732054, 0.6275379969301151, 0.7147637164551124, 1.3008356012411806] 
[0.12366945214244617, 0.13012504818544995, 0.13319138989589538, 0.13347447675408322, 0.13242618699094408, 0.16741148295014485, -0.7197134083210031, 0.573697745500231, 0.6021054339100756, 0.6123578122165446, 0.6165956906995447, 0.6275394140802063, 0.714767077883047, 1.300843726713373] 
[0.12366944108954118, 0.13012586630514666, 0.13319225467056678, 0.13347503235388636, 0.1324269261735294, 0.16741341784743793, -0.7197210320987284, 0.5736978002009888, 0.6021058811718617, 0.6123589170587146, 0.6165969151137026, 0.6275408162711993, 0.7147704132987543, 1.3008518403788594] 
[0.1236694787694049, 0.13012670341553934, 0.13319310492242312, 0.1334755778618306, 0.1324276403865637, 0.16741534999822572, -0.7197287480331312, 0.5736979257523073, 0.6021062968014225, 0.6123599544977847, 0.6165980608228745, 0.6275421982947966, 0.7147737027189283, 1.300860057364096] 
[0.12366943757861582, 0.1301274105743476, 0.13319399849364616, 0.1334761247634335, 0.13242845647223342, 0.16741739880948975, -0.7197362735176083, 0.5736979427370232, 0.6021068328466583, 0.612361014337251, 0.6165991529867804, 0.6275434410188174, 0.7147770796494259, 1.3008680792284009] 
[0.12366941190596037, 0.1301280928740739, 0.13319487695638227, 0.13347665323717223, 0.1324292624091543, 0.16741942756322742, -0.719743797870838, 0.5736979620130405, 0.6021073669890171, 0.6123620640222527, 0.6166002322473644, 0.6275446645084221, 0.7147804398184049, 1.3008760914655693] 
[0.12366937025205724, 0.13012875463877807, 0.13319570073472703, 0.13347720834334237, 0.1324300669778146, 0.16742144222632774, -0.7197513034375929, 0.5736979572327651, 0.6021078717120155, 0.6123631213099886, 0.6166012967637248, 0.6275458490014891, 0.7147837418145746, 1.3008841136547153] 
[0.1236693377110513, 0.1301294415955661, 0.1331964753996354, 0.13347772287019305, 0.13243085022073853, 0.16742339384782187, -0.7197587853501718, 0.5736979132340884, 0.6021083369057645, 0.6123641614072629, 0.616602372033267, 0.6275470552009014, 0.7147869817732815, 1.3008921489961556] 
[0.12366928095544981, 0.1301301430257554, 0.1331972073162903, 0.13347827542331467, 0.132431569482072, 0.16742524816717108, -0.7197662736562184, 0.5736978508348962, 0.6021087839200735, 0.6123652446283113, 0.6166034087254783, 0.6275482004642016, 0.7147901206832872, 1.3009001388637749] 
[0.12366919710488891, 0.13013087821688288, 0.133197993519457, 0.13347887591603788, 0.13243231828395918, 0.16742705919401724, -0.7197737531167278, 0.5736978611194311, 0.60210915844185, 0.6123662582070128, 0.6166043734729872, 0.6275493339631139, 0.7147932118082524, 1.3009080792482555] 
[0.12366914631818152, 0.1301316112261219, 0.13319877910694453, 0.1334794439184669, 0.13243307022972867, 0.16742882123801944, -0.7197812269815171, 0.5736978508222589, 0.6021095203531481, 0.6123672293183965, 0.6166053467693864, 0.6275504196588556, 0.7147962573049955, 1.3009159883954022] 
[0.12366911101720038, 0.13013230895063732, 0.133199536446643, 0.1334799896634618, 0.13243382283412522, 0.16743058990564738, -0.7197886979543131, 0.5736978351950633, 0.602109892589583, 0.6123681722836597, 0.6166063271754179, 0.6275514876324535, 0.7147992817317773, 1.3009238793512075] 
[0.12366908164561785, 0.1301330256421034, 0.1332003011727873, 0.13348052263857815, 0.13243452049114146, 0.16743228515845046, -0.71979623994093, 0.5736978314205343, 0.60211022632424, 0.6123691043870994, 0.6166072793564524, 0.6275525431296838, 0.7148022122349581, 1.3009318323319952] 
[0.12366900317656225, 0.13013362995061042, 0.1332009257910373, 0.13348103181111065, 0.13243522641702477, 0.16743393363501674, -0.7198035864757859, 0.5736979095132748, 0.602110649314855, 0.6123700299078813, 0.6166081626954125, 0.627553604256709, 0.7148052750135043, 1.3009396021031263] 
[0.12366897130221763, 0.13013419150304237, 0.13320153131754187, 0.13348156813652787, 0.13243589041521084, 0.16743559917183867, -0.7198108590521786, 0.5736979922343535, 0.602111095522543, 0.612370940183897, 0.6166090726787244, 0.6275546215329041, 0.7148083647132526, 1.3009472930965609] 
[0.12366895553929756, 0.13013477656521327, 0.13320215097056554, 0.133482155135777, 0.13243653556619917, 0.16743721102049322, -0.7198180675583232, 0.5736980380731044, 0.6021115758311698, 0.6123718527710702, 0.6166100222853022, 0.6275556266040152, 0.7148114127814157, 1.3009549099945423] 
[0.12366899890388083, 0.13013529054617257, 0.1332028119461641, 0.13348269143455205, 0.1324372085103945, 0.16743874503874703, -0.7198252516915808, 0.5736981513011646, 0.6021121006716096, 0.6123727993093983, 0.6166110137948273, 0.6275565404589318, 0.7148143542048723, 1.300962537157186] 
[0.12366908671601552, 0.13013575498979943, 0.1332034709642682, 0.13348318146792118, 0.1324379211407529, 0.16744022270991965, -0.7198324331149365, 0.5736983104670665, 0.6021126523247167, 0.6123737291568976, 0.6166119417739299, 0.6275574917396415, 0.7148172109936468, 1.3009702059024137] 
[0.12366916209901313, 0.13013619409274704, 0.1332041321483979, 0.13348369464798499, 0.1324386400939191, 0.16744167425707124, -0.7198396019225237, 0.5736984507393164, 0.6021131875625836, 0.6123746763981469, 0.6166128824599415, 0.6275584112057497, 0.7148200117666921, 1.3009778685136935] 
[0.12366927312354456, 0.13013658180015522, 0.13320480481008756, 0.1334841650612021, 0.13243937402759262, 0.1674431581444803, -0.7198467830797249, 0.5736986347082146, 0.6021136854594108, 0.6123755806821312, 0.6166137898214861, 0.6275593037723131, 0.7148227749446312, 1.3009855093077736] 
[0.12366942581300981, 0.13013692456243223, 0.13320549404938958, 0.13348463633354207, 0.13244004871309725, 0.16744478423867712, -0.7198539298136963, 0.5736988902979097, 0.6021142071693003, 0.6123765009182623, 0.6166146563372146, 0.62756011298439, 0.7148256703350634, 1.3009932087226144] 
[0.12366958135324352, 0.1301372657150121, 0.13320616758860798, 0.13348509602777048, 0.13244070637858474, 0.16744640915659528, -0.7198610743424528, 0.5736991425720182, 0.6021147178487742, 0.6123774039233983, 0.6166155144810193, 0.6275609242649766, 0.714828552423746, 1.3010009006464605] 
[0.12366974284751504, 0.13013758833379668, 0.1332068315438652, 0.13348554733321194, 0.13244136837853068, 0.1674480053243286, -0.7198682157550053, 0.5736994088058927, 0.6021152360887165, 0.6123782756346821, 0.6166163630094433, 0.6275617343063558, 0.7148313894995151, 1.3010085996703067] 
[0.12366990918565177, 0.13013791432592914, 0.13320746985107945, 0.13348599871356587, 0.13244201074986253, 0.16744959424763262, -0.7198753459361128, 0.5736996670917398, 0.6021157526307792, 0.6123791266128968, 0.6166171976955271, 0.6275625377390763, 0.7148342110485589, 1.3010162874163307] 
[0.12367009033367538, 0.1301382308446053, 0.13320810296369587, 0.13348643068886057, 0.13244264481027263, 0.16745118082171656, -0.7198824909481177, 0.5736999040803864, 0.6021162503892904, 0.6123799440599166, 0.6166180057636188, 0.6275633645261162, 0.7148370014981134, 1.3010239610239631] 
[0.12367028162915929, 0.13013856037831567, 0.13320872679622764, 0.1334868815101115, 0.13244325523856787, 0.16745273977482064, -0.7198896368402836, 0.5737001299615134, 0.6021167524904862, 0.6123807675211, 0.6166188037189492, 0.6275642051698959, 0.714839758237509, 1.3010316151496737] 
[0.12367047869002896, 0.1301388809046081, 0.13320933162667933, 0.13348732364378366, 0.13244385311316903, 0.1674543109408895, -0.7198967653513587, 0.5737003471163029, 0.602117245966898, 0.6123815820675095, 0.6166195980872944, 0.6275650540874778, 0.7148425203571703, 1.3010392473806496] 
[0.12367066099564537, 0.13013919711420824, 0.1332099364959538, 0.13348774376635356, 0.13244441958367886, 0.1674559069756434, -0.7199038870383321, 0.5737005631580172, 0.6021177117416362, 0.612382393524202, 0.6166203863744983, 0.6275658998135969, 0.7148453006226356, 1.3010468727998856] 
[0.12367084669312968, 0.13013951438061425, 0.1332105342517213, 0.1334881505124193, 0.13244494520176806, 0.16745748681050324, -0.7199110004142122, 0.573700805406093, 0.6021181402987631, 0.6123832151167397, 0.6166211427767001, 0.6275667083601553, 0.7148480350857812, 1.3010545115363965] 
[0.1236710049751464, 0.13013985061418198, 0.13321112984855155, 0.13348851212937904, 0.13244545518348175, 0.1674590582767072, -0.7199181566029578, 0.573701039266583, 0.6021185628710901, 0.6123840397629493, 0.6166218602271619, 0.6275674864842158, 0.7148507481666968, 1.301062191431296] 
[0.1236711670862161, 0.13014018827761098, 0.13321173935993538, 0.1334888970698844, 0.13244597741578482, 0.16746058485574902, -0.7199252555919228, 0.573701299156175, 0.6021189934909338, 0.6123848886585257, 0.6166226203242597, 0.6275682186573948, 0.7148534372892626, 1.3010697989531774] 
[0.12367133576022363, 0.13014050438640845, 0.1332123296620954, 0.13348928114716627, 0.1324464753044065, 0.16746212593396884, -0.7199323241358841, 0.5737015523560974, 0.6021194342242036, 0.6123857264407752, 0.616623402304814, 0.6275689511419277, 0.7148561075932156, 1.3010773636700264] 
[0.1236715769385071, 0.13014087815845068, 0.13321291910154007, 0.1334896643091294, 0.13244700261783315, 0.16746358397217323, -0.7199392732160484, 0.5737018574439748, 0.6021198467130215, 0.6123864801520545, 0.6166241256753068, 0.6275696061569165, 0.7148587712454959, 1.301084819757825] 
[0.12367181590915012, 0.13014123966256164, 0.13321349164529628, 0.13349004440592382, 0.13244752416529973, 0.1674650480982475, -0.719946227932631, 0.5737021580623813, 0.6021202511650742, 0.6123872226008007, 0.6166248486637748, 0.6275702674059742, 0.7148614264223246, 1.3010922740064066] 
[0.12367212030494786, 0.1301415987664723, 0.13321404653273305, 0.13349035283425298, 0.13244801004304865, 0.16746648918780024, -0.7199530447119377, 0.5737025151534392, 0.6021205670027638, 0.6123879945656914, 0.6166255738485256, 0.6275710039979736, 0.7148641759952771, 1.3010995952210858] 
[0.12367245173916264, 0.13014190835957493, 0.13321461767112333, 0.13349061871815757, 0.13244846965537743, 0.1674679625881705, -0.7199598768872624, 0.5737029081049678, 0.6021208372926061, 0.6123887112801791, 0.6166262815344771, 0.6275717104124711, 0.7148668848038818, 1.3011068917000843] 
[0.12367280174354076, 0.13014225136898908, 0.13321512570617036, 0.1334909664665019, 0.13244895914489524, 0.16746935390874002, -0.7199667136866784, 0.5737032411469112, 0.6021211737530445, 0.6123894722246851, 0.6166270415892084, 0.6275723747345231, 0.7148694905027936, 1.3011141342709838] 
[0.12367314708846766, 0.13014259234857725, 0.13321561592934864, 0.1334913018653392, 0.13244944452408658, 0.16747075523842103, -0.7199735497655366, 0.5737035622964847, 0.6021215048954748, 0.6123902158793227, 0.6166277892602499, 0.6275730479871711, 0.7148720904373594, 1.3011213721538397] 
[0.12367348710857971, 0.1301429264562354, 0.1332160966165561, 0.1334916334068766, 0.13244992279000253, 0.16747215832005674, -0.7199803823870212, 0.5737038786291535, 0.6021218339913607, 0.6123909453906241, 0.6166285316384567, 0.6275737222922662, 0.714874678328307, 1.3011286067195817] 
[0.1236738693020596, 0.13014321557010333, 0.1332164904280195, 0.13349205103358366, 0.1324504767702873, 0.16747355692161184, -0.7199871666891187, 0.5737041484181222, 0.6021221332531663, 0.6123916212523915, 0.6166293159354448, 0.6275744800703226, 0.7148773036908687, 1.3011358605102152] 
[0.1236742542633255, 0.1301434871798107, 0.13321689050494337, 0.133492413807774, 0.13245104017621032, 0.16747499522670542, -0.7199939454661897, 0.5737044055396747, 0.6021224080403985, 0.6123922838663676, 0.6166300736683198, 0.6275752248960507, 0.7148799472708167, 1.3011431309184451] 

Time 
685.3831789493561 
