Parameters 
 
[-0.5, -0.5, -0.5, -0.5, -0.5, -0.5, -0.5, -0.5, -0.5, -0.5, -0.5, -0.5, -0.5, -0.5, -0.5, -0.5, -0.5, -0.5, -0.5, -0.5, -0.5, -0.5, -0.5, -0.5] 
[-0.5949967798366842, -0.5949967798366842, -0.5949967798366842, -0.5949967798366842, -0.4050032201633158, -0.5949967798366842, -0.5949967798366842, -0.4050032201633158, -0.4050032201633158, -0.4050032201633158, -0.4050032201633158, -0.5949967798366842, -0.2741646814510565, -0.8109757581056232, -0.17239389729520527, -0.8190089131015525, -0.2209055269015508, -0.6795898675899298, -0.5499877979337386, -0.44230966900591817, -0.34897372855099346, -0.7094371329539817, -0.3410831129268904, -0.4636801232434353] 
[-0.09527335314643981, -1.0947202065269286, -0.09527335314643981, -0.09527335314643981, -0.9047266468535602, -1.0947202065269286, -0.09527335314643981, 0.09472020652692859, -0.9047266468535602, 0.09472020652692859, -0.9047266468535602, -0.09527335314643981, -0.035485396311517536, -0.24860277103628448, -0.6235759757727017, -1.507655676788593, 0.6284549448408512, -0.8862215884735182, 0.5676746150288465, -1.6840922265189757, 0.5353857257882744, -0.746125221870806, 0.3861354382428842, -1.1815045095286836] 
[0.2039983267515595, -0.7954485266289293, 0.2039983267515595, -0.3945450330444391, -0.6054549669555609, -0.7954485266289293, 0.2039983267515595, 0.3939918864249279, -1.2039983267515595, 0.3939918864249279, -0.6054549669555609, 0.2039983267515595, 0.2711580888333305, -0.41769137528676453, -0.7865629697166823, -1.2163797845620468, 0.8859897127901262, -0.8173813109086552, 0.8201951598177935, -1.4740506367476067, -0.8100378616840072, 0.6121136151324061, 0.6791822572625383, -1.1105696524973814] 
[0.2577620194083705, -0.7416848339721183, 0.2577620194083705, -0.44830872570125013, -0.6592186596123719, -0.7416848339721183, 0.2577620194083705, 0.34022819376811686, -1.2577620194083705, 0.34022819376811686, -0.5516912742987499, 0.2577620194083705, 0.3240285887373896, -0.42399019201295224, -0.8449212677708595, -1.284430678537256, 0.9074677158609115, -0.9647007725735127, 0.9691502993882909, -1.3940498534500947, -0.7600946803162038, 0.6304644203349887, 0.7175040484673326, -1.0765276602014437] 
[-0.292791863525391, -0.19113095103835676, 0.808315902342132, -0.9988626086350116, -0.10866477667861041, -1.2922387169058798, -0.292791863525391, -0.21032568916564465, -0.707208136474609, 0.8907820767018784, -1.1022451572325114, 0.808315902342132, 0.951071662418612, -0.01704281089877102, -0.4309713657282397, -0.5734009267378813, 0.6347300241672504, 0.47938546186913256, -0.5463664412815178, -2.6318233254682686, -4.973678978729296, 4.8175867847868625, 1.564887792070882, -0.9308210312778931] 
[-0.7182030307519423, 0.2342802161881945, 1.2337270695686833, -0.5734514414084604, 0.31674639054794085, -1.717649884132431, 0.13261930370116026, -0.6357368563921959, -1.1326193037011603, 0.4653709094753271, -0.6768339900059601, 1.2337270695686833, 1.3202774979880787, 0.18130292147288135, 0.5436570719481612, 0.9206911294544028, -0.5675531685438688, -4.834438376616384, 4.8167491853361915, -3.5980519650514475, -4.153944655497785, 4.198123236512521, 2.0648813224251232, -1.5499875474043925] 
[-0.49740976049186436, 0.4550734864482724, 1.4545203398287612, -0.7942447116685383, 0.5375396608080187, -1.938443154392509, -0.08817396655891763, -0.414943586132118, -1.3534125739612382, 0.686164179735405, -0.897627260266038, 1.4545203398287612, 0.7711409263069503, 0.6942942074409173, -0.48176367980230983, -0.1612401956983286, -0.15448134987325712, -5.038333718920467, 4.781640840413023, -3.3219285198641724, -4.37332613387497, 4.090057957584184, 1.861966367647643, -1.7332187140828563] 
[-0.26746012286944065, 0.22512384882584868, 1.2245707022063375, -0.5642950740461146, 0.7674892984304424, -2.1683927920149326, 0.14177567106350608, -0.6448932237545417, -1.5833622115836619, 0.9161138173578287, -0.6676776226436143, 1.2245707022063375, 1.1892288671869846, 0.2553244115212884, -1.1474633798054388, -0.826700711198673, 0.11677640800533284, -4.9918386274331095, 4.967586182487856, -3.5594587506363338, -4.223614550692343, 4.235871895852355, 2.0893210033260514, -1.5192242154440558] 
[-0.3304503515071282, 0.28811407746353623, 1.287560930844025, -0.501304845408427, 0.83047952706813, -2.23138302065262, 0.07878544242581853, -0.5819029951168542, -1.6463524402213494, 0.9791040459955163, -0.6046873940059267, 1.287560930844025, 1.1453691918981892, 0.18106385762459953, -1.4563818260083825, -1.1371192787213376, 0.17869872350399485, -4.865780726499695, 4.825797464456097, -3.487768599391645, -4.26492266620003, 4.192413235576542, 2.161898307342844, -1.591499946836534] 
[-0.010771960285406834, 0.6077924686852576, 1.6072393220657464, -0.18162645418670564, 0.5108011358464086, -1.9117046294308988, -0.24089294879590284, -0.9015813863385755, -1.326674048999628, 0.6594256547737949, -0.2850090027842054, 1.6072393220657464, 1.345933021624165, 0.5639520360039276, 0.21584804407974523, 0.5026407461211169, 0.5090194787377158, -5.2665120728195784, 4.731320818959531, -3.7957396896202416, -4.074011841147494, 4.442134778419713, 1.798163752320776, -1.2395888776567916] 
[-0.2686767630333087, 0.34988766593735576, 1.3493345193178445, -0.4395312569346075, 0.7687059385943105, -1.653799826682997, -0.4987977515438047, -1.1594861890864774, -1.5845788517475299, 0.40152085202589305, -0.5429138055321072, 1.8651441248136482, 1.6018197172368167, 0.792176390419921, 1.5336786890080916, 1.822149515089222, 0.21010742398927912, -4.964312678612228, 4.736029764177564, -4.036558193160441, -4.165557336747371, 4.185654495185629, 1.501703047775233, -1.4998939736488375] 
[-0.4021039112331124, 0.4833148141371595, 1.4827616675176483, -0.5729584051344112, 0.6352787903945067, -1.7872269748828007, -0.36537060334400095, -1.0260590408866737, -1.7180059999473336, 0.2680937038260893, -0.6763409537319109, 1.998571273013452, 1.4251235696258209, 0.9656880700896145, 1.478873426551496, 1.901760153433123, 0.33458838039078664, -4.895341109954964, 4.828171994610506, -3.9039905165373816, -4.374739641964115, 4.395519886968133, 1.6179673013529898, -1.617280979467603] 
[-0.34526622978926014, 0.4264771326933072, 1.425923986073796, -0.6297960865782635, 0.5784411089506545, -1.7303892934389484, -0.4222082847878532, -1.082896722330526, -1.7748436813911859, 0.3249313852699416, -0.6195032722880587, 1.9417335915695997, 1.3824229202219736, 0.9248919944375926, 1.511974496368412, 1.8718039024781685, 0.2733896069841363, -4.843880697255351, 4.844420714618019, -3.974535304784474, -4.497240119806659, 4.511643229760418, 1.6596690402351186, -1.6636767561945454] 
[-0.35090167024667807, 0.4208416922358893, 1.431559426531214, -0.6241606461208455, 0.5728056684932366, -1.7247538529815305, -0.42784372524527114, -1.0885321627879438, -1.769208240933768, 0.3305668257273595, -0.6251387127454766, 1.9473690320270176, 1.3738649171738735, 0.9343767676757481, 1.5335482456569003, 1.8929634983475547, 0.27595551076656943, -4.8216193304322355, 4.822133893653807, -3.9700960808422416, -4.500399730144607, 4.507618126176355, 1.655191499883607, -1.6589344009355635] 
[-0.3080959133712291, 0.37803593536044033, 1.474365183406663, -0.5813548892453966, 0.6156114253686855, -1.6819480961060815, -0.3850379683698222, -1.0457264059124949, -1.726402484058319, 0.28776106885191055, -0.5823329558700276, 1.9045632751515686, 1.3407823591264723, 0.9033866279718947, 1.5605170885351254, 1.8736216912202879, 0.22192692741101044, -4.635667971749751, 4.637507542784909, -4.014750541334287, -4.4777460944772125, 4.5379781995325725, 1.7072941265118546, -1.6055231012747637] 
[-0.18461539684081174, 0.5015164518908577, 1.3508846668762455, -0.7048354057758139, 0.49213090883826816, -1.5584675795756642, -0.5085184849002395, -0.9222458893820775, -1.6029219675279016, 0.4112415853823279, -0.705813472400445, 1.7810827586211513, 1.2451530963826525, 0.8045648147201205, 1.4928111215776838, 1.9500941968241883, 0.09832398395305617, -4.695048536974898, 4.561064440430515, -3.9005663496569234, -4.539700399932411, 4.438294970281776, 1.8603376587704405, -1.4556019537853941] 
[-0.3834253677037438, 0.30270648102792563, 1.1520746960133135, -0.5060254349128819, 0.2933209379753361, -1.7572775504385962, -0.7073284557631716, -1.1210558602450096, -1.4041119966649696, 0.21243161451939585, -0.9046234432633771, 1.9798927294840833, 1.0049125096048268, 1.0619572211381578, 1.68596583764164, 1.9007098124511645, -0.09050600933964345, -3.8322402295937126, 3.6973628693243272, -3.695646554673277, -4.406499455850183, 4.565134149756102, 1.682219018445018, -1.2788984556163188] 
[0.14986342223475901, 0.8359952709664284, 0.6187859060748107, 0.02726335502562094, -0.23996785196316672, -2.290566340377099, -0.1740396658246688, -0.5877670703065068, -0.8708232067264667, 0.7457204044578987, -0.37133465332487425, 2.513181519422586, 1.5169508217108927, 1.121467333905245, -0.9022787941777257, -0.8020916666640279, 0.9444205826794982, -3.6558008577409185, 4.128572634661152, -3.2359042771799325, -3.560056909354639, 3.693281828061792, 2.42952684069078, -0.5171560561334659] 
[0.08107500523974309, 0.9047836879614444, 0.6875743230698266, -0.04152506196939498, -0.1711794349681508, -2.221777923382083, -0.2428280828196847, -0.5189786533114908, -0.8020347897314508, 0.6769319874628827, -0.30254623632985833, 2.581969936417602, 1.5629592541996051, 0.8938920961165806, -1.1756848954427674, -0.9785965260809784, 0.878025228442562, -3.616213099820645, 4.1547091349661525, -3.385107548885264, -3.3244274986762274, 3.4487230142329057, 2.2684745516360745, -0.4830959981879864] 
[0.053110090144734556, 0.8768187728664358, 0.659609407974818, -0.013560146874386447, -0.14321451987314227, -2.2497428384770917, -0.27079299791469325, -0.4910137382164823, -0.7740698746364423, 0.7048969025578913, -0.33051115142486687, 2.6099348515126106, 1.5860832722918816, 0.7971472808528999, -1.2911609438801335, -1.0524073116944392, 0.8971052869269716, -3.7249853934871022, 4.263499915469805, -3.400403760169277, -3.3211550249851887, 3.3950394705312803, 2.2104396421631347, -0.522483573617686] 
[0.05261214746422738, 0.877316715546943, 0.6601073506553252, -0.013062204193879268, -0.14371246255364944, -2.2492448957965845, -0.27029505523418607, -0.49051579553597513, -0.7735719319559351, 0.7053948452383985, -0.3300132087443597, 2.610432794193118, 1.5855674556087793, 0.7966208508440829, -1.2911790343283245, -1.0529092054733482, 0.8968093273209361, -3.722791004657424, 4.2611784734797, -3.401718973043875, -3.3196979340485475, 3.3939067655377007, 2.210552381110687, -0.5219616101695201] 
[0.12315917266970544, 0.806769690341465, 0.5895603254498472, -0.08360922939935733, -0.2142594877591275, -2.3197919210020626, -0.34084208043966413, -0.41996877033049707, -0.703024906750457, 0.7759418704438765, -0.2594661835388816, 2.680979819398596, 1.523264771054458, 1.0418781753219917, -0.999727048058509, -0.8688901486481844, 0.9710721443085252, -3.6605383028017684, 4.281337009387554, -3.4298824810679447, -3.4410208753941864, 3.5216109686611032, 2.211073118296841, -0.451303809457798] 
[0.0522285054627325, 0.735839023134492, 0.6604909926568201, -0.01267856219238439, -0.28519015496610045, -2.2488612537950896, -0.41177274764663707, -0.3490381031235241, -0.6320942395434841, 0.8468725376508495, -0.18853551633190868, 2.751910486605569, 1.6157626516213592, 1.2956383822078104, -0.7059673585053942, -0.6818752940308321, 0.9197323974575011, -3.4368233025888424, 4.0438265253218475, -3.505390687673305, -3.5937874803328373, 3.7683605349023073, 2.42687635135423, -0.3449726367841816] 
[0.3381095608069842, 0.44995796779024033, 0.9463720480010718, -0.29855961753663607, 0.0006909003781512268, -1.962980198450838, -0.6976538029908887, -0.06315704777927245, -0.9179752948877358, 1.1327535929951011, -0.47441657167616036, 3.0377915419498205, 1.3630225008012555, 2.152043109735329, 0.3903418064401317, 0.1034428858658284, 0.825298546832247, -2.3091766793083313, 2.7903951410554666, -4.333056407466532, -2.6206173171404172, 2.4684728788310686, 1.3217920474056892, -0.7577481067521608] 
[0.23095231857059773, 0.3428007255538539, 1.0535292902374582, -0.4057168597730225, -0.10646634185823523, -2.0701374406872244, -0.5904965607545023, 0.044000194457114006, -0.8108180526513493, 1.2399108352314876, -0.3672593294397739, 3.144948784186207, 1.4777155386540661, 2.177272747643642, 0.7994259375805249, 0.5271935043814575, 0.6452679094410843, -2.297423729791255, 2.925179287033858, -4.186351033622093, -2.8425156597203154, 2.7968665150253242, 1.6214223767939209, -0.5928445543995228] 
[0.34259354338563597, 0.4544419503688921, 0.94188806542242, -0.2940756349579843, -0.21810756667327347, -2.1817786655022626, -0.7021377855695405, 0.15564141927215225, -0.6991768278363111, 1.1282696104164494, -0.47890055425481215, 3.0333075593711687, 1.6215328101792177, 2.3265217854983082, 0.8402333763370542, 0.6977711242597263, 0.49973382976137304, -2.3143125007130227, 2.785122189114343, -4.339014318438744, -2.99021172693799, 2.933786824115157, 1.6058519335231545, -0.48301963130113373] 
[0.2849761334697689, 0.5120593602847592, 0.999505475338287, -0.23645822504211722, -0.2757249765891405, -2.2393960754181297, -0.6445203756536735, 0.2132588291880193, -0.7567942377521781, 1.1858870203323164, -0.5365179641706792, 2.9756901494553016, 1.6660531662678615, 2.283130508681988, 0.843474430756366, 0.6347532258621655, 0.5457136878915562, -2.500571274512099, 3.0047752929053435, -4.207003097323972, -3.0565121209069814, 3.009596287951264, 1.6060808945459966, -0.4253573057567219] 
[0.4850166842273076, 0.7120999110422979, 0.7994649245807484, -0.4364987757996559, -0.4757655273466792, -2.039355524660591, -0.4444798248961348, 0.013218278430480623, -0.9568347885097168, 0.9858464695747777, -0.7365585149282179, 3.1757307002128403, 1.4408624004589123, 2.1805081850381827, 1.4436930295153678, 1.2326883560760598, 0.7918753634828758, -1.7752482048676832, 2.2014072462923, -4.661776204853918, -2.7500708212651412, 2.3652826114641865, 0.9723027279303718, -0.7453641716637582] 
[0.6323438234799568, 0.5647727717896487, 0.6521377853280992, -0.5838259150523051, -0.32843838809403003, -2.18668266391324, -0.2971526856434856, -0.13410886082216855, -0.8095076492570676, 0.8385193303221286, -0.5892313756755687, 3.028403560960191, 1.3996628207888655, 2.4812151028739056, 1.860407245445608, 1.534020667933508, 0.986395291345127, -1.102339080171589, 1.5183431398831795, -4.939316609785375, -2.398835899363202, 1.909210033360341, 0.5500628657120752, -1.049212081172262] 
[0.625539902019657, 0.557968850329349, 0.6589417067883989, -0.5770219935920053, -0.33524230955432976, -2.19348658537354, -0.2903487641831859, -0.12730493936186882, -0.8163115707173674, 0.8453232517824283, -0.5960352971358684, 3.035207482420491, 1.400161317619313, 2.49584173265933, 1.8824794936599945, 1.5579829588410896, 0.9677849821018432, -1.1143640153910233, 1.5214937585767867, -4.932928037524889, -2.3881384413804447, 1.899918065210704, 0.556259995813061, -1.0401204350185527] 
[0.5901572984587133, 0.5225862467684053, 0.6943243103493426, -0.612404597152949, -0.29985970599338607, -2.158103981812596, -0.3257313677441296, -0.1626875429228125, -0.7809289671564237, 0.8099406482214846, -0.6314179006968121, 2.999824878859547, 1.4294789643811, 2.4836319245793104, 1.9078512253300548, 1.5445043899502864, 0.9411239378276016, -1.0942682719780445, 1.5364593078209698, -4.967024678447864, -2.373824642951802, 1.9497794568781002, 0.6065866806674911, -1.0568643199860892] 
[0.9163014105880158, 0.8487303588977078, 0.3681801982200401, -0.28626048502364654, -0.6260038181226886, -1.8319598696832937, -0.6518754798734321, -0.488831655052115, -1.1070730792857262, 0.4837965360921821, -0.9575620128261146, 2.6736807667302447, 0.597877521462428, 1.4354381526942164, 0.9004855153701978, 0.7793006756441401, 0.8985154661239174, -1.3885366678846824, 1.4865802767626533, -4.655317062557333, -2.3214471615266397, 2.4504055745865876, 1.087221687728995, -1.1893385260569997] 
[0.663111425228788, 0.5955403735384799, 0.621370183579268, -0.5394504703828744, -0.8791938034819164, -2.0851498550425216, -0.90506546523266, -0.7420216404113429, -1.360263064644954, 0.73698652145141, -0.7043720274668868, 2.9268707520894726, 1.3647812446949903, 2.4151393176788014, 1.6615421156406711, 1.1749838957732321, 1.0445748925219842, -1.544651966467525, 1.364661840613623, -4.408670457666756, -2.383242575413301, 2.842099911799972, 1.883207290198261, -0.4218440450433789] 
[0.4215466181598124, 0.35397556646950434, 0.37980537651029245, -0.2978856633138989, -1.120758610550892, -1.843585047973546, -0.6635006581636844, -0.9835864474803184, -1.6018278717139296, 0.49542171438243443, -0.4628072203979112, 3.168435559158448, 0.9553923233231261, 2.0858131042186723, 1.9977887405552242, 1.690246566125475, 0.5390205527479942, -1.9344825243360648, 1.3177180621306919, -4.1950248460017665, -2.216653294547718, 2.947651030523246, 1.4431831453021606, -0.8695607223391166] 
[0.1972482411690457, 0.12967718947873763, 0.6041037535010592, -0.07358728632313216, -1.3450569875416587, -2.0678834249643128, -0.4392022811729177, -0.7592880704895517, -1.3775294947231629, 0.7197200913732011, -0.2385088434071445, 2.9441371821676814, 1.0823237170209707, 1.832123990417325, 1.7318863668381477, 1.7892600695671133, 0.8501219178777644, -1.5095586157039196, 0.9284342233358504, -4.46418623133777, -2.662644573432519, 3.3914501716744647, 1.2751983909585614, -0.711220117082824] 
[0.6389086795697096, -0.3119832489219263, 0.16244331510039522, 0.3680731520775318, -1.7867174259423226, -1.6262229865636488, 0.002458157227746227, -0.3176276320888878, -1.8191899331238268, 0.2780596529725372, -0.6801692818078084, 2.5024767437670175, 1.4567632675375022, 1.4862062737105126, 1.9520719707086753, 1.4592556403897283, 1.738306171171986, -0.5558494841451133, 0.3647912819091902, -4.138906569507321, -2.382856351235323, 3.6211338747579207, 0.7695057610102017, -1.240976525094669] 
[0.7844260938409597, -0.4575006631931764, 0.3079607293716453, 0.22255573780628168, -1.6412000116710725, -1.4807055722923987, -0.14305925704350386, -0.46314504636013787, -1.964707347395077, 0.4235770672437873, -0.5346518675365584, 2.6479941580382675, 1.1303628434333581, 1.1674884588053502, 1.9025452883789566, 1.588020563366619, 1.8650203364886104, -0.7342582258232087, 0.1811279025085826, -4.284228277876177, -2.380616921687993, 3.7703454914799965, 0.6612991623205318, -1.147982659210737] 
[0.9513624902326612, -0.6244370595848778, 0.47489712576334675, 0.05561934141458025, -1.474263615279371, -1.6476419686841002, 0.023877139348197574, -0.29620864996843643, -2.1316437437867783, 0.25664067085208586, -0.7015882639282598, 2.814930554429969, 1.7265985257840606, 1.8448619371906274, 1.4576055195711388, 1.3007518680065089, 2.0216910114925835, -0.5684198667172539, 0.36305646596886576, -4.588538410579081, -3.1777406837929485, 4.5385322354439, 0.6545464515678319, -1.3176813437254085] 
[0.4601348700315313, -0.13320943938374796, -0.016330494437783116, -0.4356082787865496, -0.9830359950782412, -1.1564143484829703, 0.5151047595493274, 0.19501897023269343, -1.6404161235856485, 0.7478682910532157, -0.21036064372712993, 2.323702934228839, 3.055010726231168, 3.1122477646925697, 1.7933104004525213, 1.913781017506834, 1.4887913280991167, -1.1529078305553, 0.9105998504741877, -4.681751942628118, -0.6073042896633969, 1.8659796896238268, 2.2801760216379527, 0.1347471539361611] 
[0.39370626448602764, -0.19963804492925163, 0.050098111107720555, -0.36917967324104595, -1.049464600623745, -1.222842954028474, 0.44867615400382377, 0.12859036468718976, -1.7068447291311521, 0.8142968965987194, -0.14393203818162625, 2.2572743286833354, 3.096320342561182, 3.05517664110379, 1.8674729836372481, 1.8494952630622195, 1.4749800903371721, -1.2766140067766523, 1.0497711769971065, -4.588728551481141, -0.5659065001374219, 1.899344880736046, 2.352810341598926, 0.20877886483982927] 
[0.3591781665204046, -0.16510994696362857, 0.08462620907334362, -0.403707771206669, -1.0149365026581219, -1.188314856062851, 0.4141480560382007, 0.16311846265281282, -1.672316631165529, 0.7797687986330963, -0.10940394021600319, 2.2227462307177124, 3.0746183068026847, 3.0892890004411804, 1.8251351968363236, 1.8151950067741502, 1.4629133077800354, -1.3357412633631212, 1.1159717688074065, -4.542849656789854, -0.6705706247284675, 2.0022729622782616, 2.3752237881780873, 0.1756493682537632] 
[0.5951956265169933, -0.4011274069602173, 0.32064366906993236, -0.16769031121008027, -0.7789190426615331, -0.9522973960662622, 0.17813059604161197, 0.39913592264940156, -1.4362991711689403, 0.5437513386365076, 0.12661351978058555, 1.9867287707211236, 2.7256866232263874, 2.763629314461513, 1.620721928529787, 1.5761744122505, 1.4015712053868696, -1.765540236088438, 1.5882726793103261, -4.248202202820974, 0.08359162532779496, 1.2536112800634087, 2.1806857345326156, -0.06953214876782929] 
[0.41194634983290257, -0.5843766836443081, 0.1373943923858416, 0.015558965474010478, -0.9621683193456239, -0.7690481193821714, 0.3613798727257027, 0.5823851993334923, -1.2530498944848496, 0.36050206195241685, -0.0566357569035052, 1.803479494037033, 3.0757506373243824, 3.0868100468095325, 1.7535605387533213, 1.7465843565922858, 1.8525941518305753, -2.4801213911278035, 2.2019404562753797, -4.009086197451334, 0.04022609341247889, 1.0902858433772897, 1.9778090287744066, 0.12257517508403964] 
[0.4187420986046888, -0.5775809348725218, 0.13059864361405538, 0.022354714245796714, -0.9689640681174101, -0.7622523706103852, 0.3545841239539165, 0.5891809481052785, -1.2462541457130634, 0.3672978107242031, -0.04984000813171896, 1.8102752428088191, 3.0821879945398067, 3.0857368599192623, 1.7464258359202007, 1.7389117716717586, 1.8455685814432938, -2.47984620419894, 2.1940639193944276, -4.013697522674674, 0.06421298900795863, 1.0661296316105744, 1.981864475824289, 0.1158289578788891] 
[0.5697646131734402, -0.42655842030377045, 0.28162115818280675, 0.1733772288145481, -1.1199865826861615, -0.6112298560416338, 0.2035616093851651, 0.7402034626740299, -1.3972766602818147, 0.2162752961554517, 0.10118250643703242, 1.9612977573775705, 2.786691001299729, 2.66162699972653, 2.0950574777563395, 1.6275582228360799, 1.9764111693297886, -2.448334331663707, 2.307313587305199, -4.139279345271174, 0.07502142712715747, 1.228409117412851, 2.1498007718007033, -0.033341420953387504] 
[0.8362171848139646, -0.16010584866324606, 0.01516858654228237, 0.4398298004550725, -0.8535340110456371, -0.34477728440110944, -0.06289096225535928, 1.0066560343145543, -1.1308240886412904, -0.05017727548507267, -0.16527006520349197, 2.227750329018095, 3.0048417471900226, 2.563272224350254, 1.9128874296274363, 1.8336729663402012, 1.7695181383353662, -2.509867801802517, 2.0839343034569544, -3.910168447836312, -0.012991569989906873, 1.013975891272723, 1.8650362382181012, 0.24380517257301454] 
[0.8262259314675369, -0.17009710200967376, 0.005177333195854672, 0.4298385471086448, -0.8435427576992094, -0.33478603105468174, -0.052899708908931586, 0.9966647809681266, -1.140815341987718, -0.04018602213864497, -0.17526131854991966, 2.217759075671667, 3.044661830824814, 2.603987418353177, 1.8983720914870612, 1.8208393723007315, 1.7600641281728446, -2.5163012330685604, 2.0952514754067213, -3.9069891762688207, -0.030959075809491313, 1.032848093648317, 1.8555544356406954, 0.2528449612289089] 
[0.6246210037851228, 0.03150782567274035, 0.2067822608782688, 0.22823361942623066, -0.6419378300167953, -0.13318110337226763, 0.14870521877348253, 1.1982697086505407, -0.9392104143053039, 0.16141890554376914, -0.3768662462323338, 2.4193640033540813, 2.260575364618415, 1.8003055984085006, 2.1930036706831073, 2.0010114020883254, 1.6777681489659062, -2.624500413705153, 1.9090105419654702, -3.6032634180353527, 0.24675744370519875, 1.0937657647528327, 2.0797997597805034, 0.4779993852844139] 
[0.5174044944417346, 0.13872433501612846, 0.3139987702216569, 0.12101711008284255, -0.5347213206734072, -0.24039761271565574, 0.04148870943009442, 1.0910531993071526, -1.046426923648692, 0.26863541488715725, -0.26964973688894567, 2.5265805126974694, 2.3252422264592716, 1.7275088927762192, 2.057939815116475, 1.8708051852703393, 1.7003664584309022, -2.5180659498951456, 1.792249147422121, -3.5723922843256846, 0.11785506313558328, 1.2264678072850883, 1.9450632651202835, 0.33406182512172033] 
[0.2859555407916119, -0.09272461863399428, 0.5454477238717796, -0.1104318435672802, -0.3032723670232844, -0.4718465663657785, 0.27293766308021716, 0.8596042456570299, -0.8149779699985693, 0.50008436853728, -0.5010986905390684, 2.2951315590473467, 2.4537502378672906, 1.5173714151152338, 1.693635997078872, 1.5123931857038055, 1.5349825817423255, -2.724594895145387, 2.06749900110744, -3.490158164023443, -0.2299238084211557, 1.6231960773725589, 2.189531864799991, 0.15389694901096826] 
[0.1749458739711507, 0.018285048186466923, 0.43443805705131844, -0.2214415103877414, -0.4142820338437456, -0.3608368995453173, 0.16192799625975596, 0.7485945788365687, -0.9259876368190305, 0.6110940353577412, -0.3900890237186072, 2.406141225867808, 2.3658033214415846, 1.599485419763059, 1.7488711532573962, 1.415906728412349, 1.6888583145841423, -2.853911995802407, 2.0139334254641907, -3.46830950428206, -0.3913326068421533, 1.770332610158517, 2.081525547715709, 0.012716488948114585] 
[0.141054507136122, -0.015606318648561768, 0.40054669021628975, -0.1875501435527127, -0.38039066700871693, -0.39472826638034597, 0.19581936309478465, 0.7824859456715973, -0.9598790036540592, 0.6449854021927699, -0.4239803905536359, 2.372249859032779, 2.324820742081475, 1.5587373531176816, 1.7657286827716847, 1.3760379052811729, 1.759581163190698, -2.934366770479744, 2.078451379324049, -3.4233865190543145, -0.3816685281339503, 1.7173292381598504, 2.0361348621754742, 0.03612493941394605] 
[0.2506315679248097, -0.12518337943724944, 0.5101237510049774, -0.07797308276402504, -0.27081360622002926, -0.2851512055916583, 0.08624230230609697, 0.892063006460285, -1.0694560644427469, 0.5354083414040822, -0.3144033297649482, 2.481826919821467, 2.1974678820450175, 1.4322823074030284, 1.693755188752715, 1.4695128223392415, 1.6876561761451057, -3.0904422055897243, 2.280358875294622, -3.127670216890072, 0.022724908780782982, 1.3349332073306208, 1.7653855668934602, -0.13739255616850427] 
[0.33414223645957364, -0.04167271090248548, 0.5936344195397414, 0.005537585770738929, -0.3543242747547932, -0.20164053705689433, 0.16975297084086094, 0.975573674995049, -1.1529667329775108, 0.6189190099388462, -0.23089266123018426, 2.565337588356231, 2.3131453537356017, 1.5630017805848548, 1.5161864135881469, 1.3033406772036857, 1.6402835380928718, -3.1891158925215572, 2.381406741476275, -3.303203382104915, -0.23825592127167755, 1.5715722809777595, 1.8921228496028275, -0.19426878651711713] 
[0.04247600383117245, 0.2499935217259157, 0.8853006521681426, 0.2972038183991401, -0.06265804212639203, 0.09002569557150686, 0.46141920346926213, 0.6839074423666478, -0.8613005003491097, 0.327252777310445, -0.5225588938585854, 2.857003820984632, 2.1015304344953, 1.8073032957572952, 0.842552179970243, 0.63415222866583, 1.3988410056804583, -3.3453416838734165, 2.093138584667592, -3.578245742190388, -0.10727487421120446, 1.7383212641856547, 1.585595871564792, -0.5338438141165479] 
[0.211464198321341, 0.41898171621608427, 0.716312457677974, 0.46619201288930867, 0.10633015236377652, -0.0789624989186617, 0.6304073979594307, 0.5149192478764792, -0.6923123058589411, 0.49624097180061355, -0.3535706993684169, 2.6880156264944635, 1.9238963483353069, 1.5971619557669094, 0.626258238381932, 0.6140398530097555, 1.2151721300253269, -3.161550156632766, 2.1410732234451526, -3.9734204578276, -0.7656803962293703, 2.3556624644077275, 2.035914061197989, -0.16059052298282256] 
[0.2810106365341447, 0.488528154428888, 0.7858588958907777, 0.5357384511021124, 0.17587659057658023, -0.1485089371314654, 0.6999538361722344, 0.44537280966367554, -0.6227658676461374, 0.42669453358780984, -0.2840242611556132, 2.6184691882816598, 1.9845952569351495, 1.5510178278508902, 0.665470636409163, 0.5832630801436655, 1.2678546043818608, -3.23021033360175, 2.2056689465416635, -3.9916062585639875, -0.7058417466845267, 2.3641345187766514, 1.9433089258589178, -0.2554826942893765] 
[0.6747279278895029, 0.09481086307352982, 0.3921416045354196, 0.9294557424574705, 0.5695938819319384, -0.5422262284868236, 0.30623654481687623, 0.05165551830831738, -1.0164831590014956, 0.820411824943168, 0.10969303019974497, 2.2247518969263016, 1.6718894198619743, 1.8818302530533921, 0.7083715800544003, 1.1998202284477422, 1.8302953880553374, -3.5682171213967324, 2.456781748024571, -4.305146102220592, -0.9457056142119066, 1.8679400938391717, 1.2695654834164292, -0.7980839423118207] 
[0.8303422905556594, 0.2504252257396864, 0.236527241869263, 1.0850701051236271, 0.4139795192657818, -0.6978405911529801, 0.4618509074830328, -0.1039588443578392, -1.1720975216676521, 0.6647974622770114, 0.26530739286590155, 2.069137534260145, 1.7868424853657727, 1.8164457057718126, 0.9827380126156867, 1.741171894931289, 2.348746467456925, -3.476783510873343, 2.2063484481642543, -4.525915412633823, -0.9677743269094924, 1.6274264321222227, 1.0143181497077944, -0.6308780141784196] 
[0.6251687928579805, 0.4555987234373653, 0.4417007395669419, 0.8798966074259482, 0.2088060215681029, -0.49266709345530124, 0.2566774097853539, 0.1012146533398397, -1.377271019365331, 0.8699709599746903, 0.47048089056358045, 1.8639640365624661, 0.99046622743654, 0.9897470210812058, 0.6627486026925213, 1.925591106332281, 2.365465494410024, -2.9434875485868917, 1.5878797911851832, -4.91589497585721, -1.6671183550144244, 2.3319430107578314, 0.9919881552237417, -0.8338489468270311] 
[0.9493196776327366, 0.13144783866260923, 0.765851624341698, 0.5557457226511922, -0.11534486320665316, -0.8168179782300573, -0.06747347498940215, 0.42536553811459576, -1.701421904140087, 0.5458200751999343, 0.14633000578882438, 2.188114921337222, 1.8277048886312164, 1.96605482199797, 1.3205158558758172, 2.00211637385814, 2.717261660107808, -3.154105177673641, 1.4256840504569417, -4.611695134671118, -0.8082676947982145, 1.491718445486248, 1.1800104908178355, -0.5255815000294194] 
[0.680631771624725, -0.1372400673454024, 0.49716371833368633, 0.8244336286592038, 0.15334304280135846, -0.5481300722220457, -0.3361613809974138, 0.6940534441226074, -1.9701098101480987, 0.27713216919192263, -0.12235790021918724, 2.456802827345234, 1.9774107425548215, 1.818435472055107, 1.327874477020501, 1.5683583679483208, 2.2689035001732383, -2.9177343816951975, 1.5119487928981163, -4.334581032120884, -1.0330178512574477, 1.4155449056347702, 0.895555350275641, -0.23637359091978272] 
[0.46378511073252326, 0.07960659354679933, 0.2803170574414846, 1.0412802895514055, -0.06350361809084326, -0.33128341132984396, -0.11931472010521205, 0.9109001050148091, -1.753263149255897, 0.0602855082997209, 0.09448876067301448, 2.239956166453032, 1.8494379487796409, 1.9610061199457895, 1.2690425936555108, 2.102487796725783, 2.7960292926763404, -3.260524667392225, 1.866985338969855, -4.203076593014287, -0.9967731797610093, 1.6353571619343523, 0.6336184065589678, -0.4770379502581017] 
[0.8906165852109282, -0.34722488093160564, 0.7071485319198896, 0.6144488150730005, 0.3633278563875617, 0.09554806314856101, 0.3075167543731929, 0.48406863053640414, -2.180094623734302, 0.4871169827781259, 0.5213202351514195, 2.666787640931437, 1.0457098977234622, 1.1157947192897764, 0.39142796020046067, -0.7188183604403693, 0.050784117033340515, -3.8134992053733443, 2.5165712291288127, -4.8484737624495615, 0.22383221518081853, 0.4689384159850567, 1.099671221388233, -0.93109644015735] 
[0.37138944047754663, -0.8664520256649872, 0.18792138718650797, 1.1336759598063821, 0.8825550011209433, 0.6147752078819426, -0.21171039036018868, -0.035158514196977464, -1.6608674790009204, -0.032110161955255734, 0.0020930904180378462, 2.1475604961980554, 1.2069749322200232, 0.626147609709383, 0.934230382477546, -0.8311892650606906, 0.3825505688093488, -4.302765181235768, 1.7407413140259025, -5.654713566480147, 0.539397102178181, -0.5134850378178933, 2.2223431205355353, -1.8897545217987213] 
[0.22681409051487478, -1.011027375627659, 0.3324967371491798, 1.278251309769054, 0.7379796511582715, 0.7593505578446145, -0.35628574032286053, 0.10941683576569439, -1.5162921290382485, 0.11246518800741612, -0.142482259544634, 2.2921358461607273, 0.9209474650945961, 0.024216009259880433, 1.4935057005312231, -0.9326710838967073, 0.4081156816262091, -4.533539884692788, 1.4810149089397178, -5.465306776601048, 0.6283335460456457, -0.4569677435760335, 2.366916936572669, -1.7453441021056453] 
[0.2593962844114408, -1.0436095695242251, 0.2999145432526138, 1.31083350366562, 0.7053974572617054, 0.7919327517411805, -0.3237035464262945, 0.07683464186912836, -1.4837099351416825, 0.14504738190398214, -0.17506445344120003, 2.3247180400572933, 0.9720105738708837, 0.178989592669373, 1.3447533856989013, -0.8401729586792104, 0.5087000017106258, -4.490437280110939, 1.4734014233496462, -5.482779426228383, 2.9950525410343234, -2.8236889939267367, 2.38227311974853, -1.7764953524871205] 
[0.44911983118488763, -0.8538860227507783, 0.11019099647916697, 1.5005570504390668, 0.8951210040351523, 0.6022092049677337, -0.5134270931997413, 0.2665581886425752, -1.6734334819151293, 0.33477092867742897, 0.014659093332246798, 2.51444158683074, 0.6525345466596916, -0.8264950049675719, 2.315315896201412, -1.4045878852774378, -0.0770962234564968, -4.484708495742089, 1.24873369256453, -5.312716013274993, -8.018829962198975, 8.190540146136916, 2.3508426842259045, -1.5904796243888342] 
[0.27054654897018793, -1.032459304965478, 0.28876427869386667, 1.6791303326537665, 1.073694286249852, 0.7807824871824334, -0.33485381098504163, 0.4451314708572749, -1.852006764129829, 0.5133442108921287, -0.1639141888824529, 2.69301486904544, 0.6278248549596739, -0.287147001872206, 1.7703612904298887, -1.8663783564663532, -0.5293690993002317, -4.204263962611166, 1.6449772329094208, -5.648530035117713, -7.911616940959231, 8.277985600545225, 2.171305357076531, -1.7670402614270226] 
[0.37490762036174274, -0.9280982335739232, 0.18440320730231186, 1.7834914040453214, 1.1780553576414068, 0.6764214157908786, -0.43921488237659645, 0.5494925422488297, -1.7476456927382742, 0.6177052822836835, -0.2682752602740077, 2.588653797653885, 0.590379390361981, 0.20119669758511816, 1.279723910525807, -1.9308804462657618, -0.45870504926403066, -4.139330444958459, 1.535650133263153, -5.527266227902408, -7.857279112743457, 8.326093650226863, 2.2844205866668217, -1.648190848095986] 
[0.4154294671250156, -0.8875763868106503, 0.143881360539039, 1.8240132508085942, 1.137533510878134, 0.7169432625541514, -0.4797367291398693, 0.5089706954855568, -1.788167539501547, 0.5771834355204106, -0.22775341351073486, 2.629175644417158, 0.5511741060194867, 0.20719534281352583, 1.3151195699067022, -1.8992555221716299, -0.48066471438912683, -4.184910677646916, 1.4969219501866826, -5.568560943732688, -7.716288259733408, 8.18430410028552, 2.3330663820545396, -1.679767393628608] 
[0.2726412211699234, -0.7447881408555581, 0.001093114583946786, 1.9668014967636864, 1.2803217568332261, 0.8597315085092436, -0.3369484831847771, 0.651758941440649, -1.9309557854566393, 0.7199716814755028, -0.37054165946582707, 2.77196389037225, 0.4126655076342838, 0.22399281487945982, 1.4442788542613993, -1.818423512530428, -0.6274088637765605, -3.972127876644051, 1.6801601822887178, -5.530303596076009, -7.192190479160496, 7.64568636067182, 2.5191148337931892, -1.7918743464937377] 
[0.2580599132488288, -0.7593694487766527, -0.013488193337147791, 1.981382804684781, 1.2657404489121316, 0.8743128164303382, -0.3515297911058717, 0.6371776335195545, -1.9163744775355447, 0.7345529893965974, -0.38512296738692164, 2.7573825824511555, 0.39889091626874035, 0.22806754779490104, 1.4561963268125802, -1.8057322357186003, -0.634547546189361, -3.989080818773065, 1.6601723180105625, -5.519025679171749, -7.158822566876018, 7.608033007530704, 2.5394616356195034, -1.8012903435363672] 
[0.14405905129103758, -0.6453685868188614, 0.10051266862064345, 2.0953836666425723, 1.3797413108699228, 0.9883136783881294, -0.4655306530636629, 0.7511784954773457, -1.8023736155777534, 0.8485538513543887, -0.2711221054291304, 2.6433817204933643, 0.5337916525408166, 0.3409832398429074, 1.4953400472839196, -1.7288272279415686, -0.769820898712084, -3.815280765055487, 1.7838852896060875, -5.361990939311941, -7.502367001540017, 7.9640861791214, 2.3054422761881135, -1.9757787951184782] 
[0.15632027760010558, -0.6331073605097934, 0.08825144231157545, 2.0831224403335042, 1.3920025371789908, 1.0005749046971975, -0.4532694267545949, 0.7634397217864137, -1.8146348418868214, 0.8362926250453206, -0.2833833317381984, 2.6556429468024323, 0.545358924285044, 0.33493243488680846, 1.4870939876431994, -1.7395752294824518, -0.7625919747534499, -3.803175056877759, 1.7965873896116897, -5.354928944588623, -7.481600788476189, 7.943898782863997, 2.2943554826750447, -1.9897642524306847] 
[0.07985332610379103, -0.709574312006108, 0.011784490815260895, 2.159589391829819, 1.4684694886753054, 1.077041856193512, -0.5297363782509095, 0.8399066732827283, -1.738167890390507, 0.7598256735490061, -0.35985028323451296, 2.5791759953061177, 0.6476276973094274, 0.5405055175567441, 1.2873733511015062, -1.6368990264923258, -0.637903351320197, -3.9274738353444096, 1.6824429305080446, -5.232267839074343, -7.659518495960029, 8.120629465765425, 2.197496205894411, -1.929347112250729] 
[0.33315977117125684, -0.9628807570735738, -0.2415219542522049, 2.4128958368972846, 1.2151630436078396, 0.8237354111260462, -0.27642993318344367, 1.093213118350194, -1.9914743354579727, 1.013132118616472, -0.6131567283019788, 2.8324824403735835, 0.9464684600935859, 1.2929459829168386, 0.5466016380357022, -1.870906403053073, -0.4539984431025397, -3.73832395037452, 1.4762406725897752, -5.435082974058667, -7.823265032031269, 7.978435358932096, 1.890435935382401, -2.2489664311975144] 
[0.39172177052375545, -0.9043187577210752, -0.3000839536047035, 2.354333837544786, 1.2737250429603382, 0.7651734117735476, -0.3349919325359423, 1.0346511189976955, -2.0500363348104713, 1.0716941179689705, -0.6717187276544774, 2.891044439726082, 0.9577401921402399, 1.0397672524441535, 0.8077867027012564, -1.7538381333024597, -0.31235693196590464, -3.8576923701906907, 1.5026986159857345, -5.402609120905534, -7.7549594328402724, 7.883520569939501, 1.9651985044623894, -2.2858398784709615] 
[0.8062671094156961, -0.4897734188291345, -0.7146292924966442, 2.7688791764367267, 0.8591797040683975, 0.3506280728816069, -0.749537271427883, 0.6201057801057548, -1.6354909959185306, 1.4862394568609112, -1.086264066546418, 3.305589778618023, 1.3422831019864074, 0.9126516135743816, 0.5244042048147456, -1.420886416724762, -0.5397276960053531, -4.1067175275421, 1.7891152052293138, -4.738490070639486, -8.514281071983953, 8.32669851398996, 2.394690680069283, -1.7473555629630357] 
[0.8453323606512484, -0.5288386700646868, -0.6755640412610919, 2.7298139252011744, 0.8201144528328452, 0.3896933241171592, -0.7104720201923307, 0.6591710313413071, -1.5964257446829784, 1.447174205625359, -1.0471988153108658, 3.2665245273824706, 1.2561313371935108, 0.8387166433367331, 0.4431008731824962, -1.5330735032028744, -0.7030269473437429, -3.949588054492555, 1.8493760596398163, -4.7296459648910965, -8.556382744080656, 8.367422811882362, 2.435636920474999, -1.705271267706751] 
[0.6374205615980131, -0.32092687101145145, -0.8834758403143272, 2.9377257242544097, 0.6122026537796099, 0.18178152506392387, -0.918383819245566, 0.45125923228807174, -1.388513945629743, 1.2392624065721236, -0.8392870162576305, 3.0586127283292353, 0.9907597763773108, 0.7497674245597487, 0.9232878446261019, -1.029740660301309, -0.43157368356916104, -3.879097578753725, 2.0063740891880673, -4.5938503853832415, -8.788085203568597, 8.594992497185446, 2.6652622875589684, -1.473029464750067] 
[0.4590080396452443, -0.49933939296422025, -1.061888362267096, 2.759313202301641, 0.7906151757323787, 0.36019404701669266, -0.7399712972927972, 0.27284671033530294, -1.5669264675825119, 1.4176749285248924, -0.6608744943048617, 2.8802002063764665, 0.9856878332715003, 1.056706429749932, 0.1063826933308003, -1.8499115106179116, -0.9545701149343306, -3.4123129081838934, 1.9940684848843115, -4.770418840728988, -8.929987029954155, 8.438826701834175, 2.5025554161496655, -1.3338924790311681] 
[0.4426428622714127, -0.5157045703380518, -1.0455231848932645, 2.7756783796754725, 0.8069803531062103, 0.37655922439052425, -0.7236061199189656, 0.28921188770913453, -1.5832916449563434, 1.434040105898724, -0.6772396716786933, 2.896565383750298, 0.9734477139300944, 1.0673117519022022, 0.11115866709573213, -1.8630858447326668, -0.9561841993225777, -3.385909722102084, 2.0434543110172645, -4.816804617426868, -8.944284661668306, 8.424507110269829, 2.4845194122813203, -1.3518888332426695] 
[0.19649329576760266, -0.7618541368418619, -0.7993736183894544, 3.0218279461792825, 1.0531299196100203, 0.13040965788671421, -0.4774565534151556, 0.5353614542129446, -1.8294412114601535, 1.187890539394914, -0.9233892381825033, 3.142714950254108, 0.7089760287824027, 1.0181410888042897, 0.9917448440740224, -0.9760390633375872, -0.7790004268977859, -3.8853990438159682, 1.2973339113002242, -4.130921516159099, -8.728737743084169, 8.644707086465306, 2.2550702205974327, -1.1247557581836596] 
[0.5388437825115489, -0.4195036500979157, -0.45702313164550823, 3.3641784329232287, 0.7107794328660741, 0.4727601446306604, -0.1351060666712094, 0.8777119409568908, -1.4870907247162073, 1.5302410261388601, -1.2657397249264495, 2.800364463510162, 0.2632312274250381, 0.28620326880876823, 1.6837944929090254, -0.9677820038389995, -0.919944077990591, -4.120447475864271, 1.0652469635882553, -4.446580145055248, -8.17427629374443, 8.079674942525346, 2.6075498831221253, -1.3620617184837003] 
[0.5268005736017507, -0.40746044118811753, -0.4449799227357101, 3.3521352240134306, 0.7228226417758723, 0.48480335354045856, -0.14714927558100754, 0.8656687320470926, -1.4991339336260054, 1.5422842350486583, -1.2777829338362476, 2.81240767241996, 0.27519060650643234, 0.28602439362971266, 1.6638413835920656, -0.9880479732306335, -0.9174147633382463, -4.140799374052642, 1.045138933683071, -4.43214925509124, -8.160985914477779, 8.066989117085775, 2.5956114080348014, -1.3504535784573517] 
[0.7779952941861907, -0.1562657206036775, -0.19378520215127004, 3.1009405034289905, 0.47162792119143226, 0.7359980741248986, 0.10404544500343249, 0.6144740114626526, -1.2479392130415654, 1.2910895144642183, -1.0265882132518076, 3.0636023930044, 0.34653206387601587, -0.10359851152369343, 2.218057312419125, -0.5156931034895711, -0.9666892726778419, -3.732578779840004, 1.417761043247992, -4.197803629240412, -7.892521989539989, 7.8158014222807815, 2.835285495053589, -1.5954580753694854] 
[0.7688611363158842, -0.16539987847398407, -0.20291936002157662, 3.091806345558684, 0.48076207906173885, 0.726863916254592, 0.09491128713312591, 0.6236081693329592, -1.257073370911872, 1.3002236723345248, -1.017454055381501, 3.0727365508747067, 0.342920499064721, -0.09563286153426008, 2.205781671065182, -0.5276620419459831, -0.980806535831513, -3.7190321254400356, 1.4171938307821994, -4.189705373951293, -7.898019851463136, 7.805690213470819, 2.82164791816433, -1.6078035226855067] 
[0.7375709807043656, -0.13410972286246547, -0.23420951563309522, 3.1230965011702025, 0.5120522346732574, 0.7581540718661106, 0.1262014427446445, 0.6548983249444777, -1.2883635265233906, 1.2689335167230062, -0.9861638997699824, 3.041446395263188, 0.45034975314792103, 0.015384927842507404, 2.1535864004772995, -0.5681474195048688, -0.9537985512915126, -3.7116948752391226, 1.3922492847728403, -4.154185493911109, -7.86644991006889, 7.835210767981108, 2.8520160033234383, -1.6322044197058818] 
[0.4702721439720001, -0.4014085595948309, -0.5015083523654607, 2.855797664437837, 0.24475339794089201, 0.4908552351337452, -0.14109739398772092, 0.3875994882121123, -1.0210646897910252, 1.5362323534553717, -1.2534627365023479, 2.7741475585308226, 0.6341773766370724, -0.10986190174273476, 1.95059260409418, -0.34092828650192436, -0.5330229801365387, -4.133145884501549, 1.384716631763508, -4.488402040599014, -8.26059077264091, 8.146809913149884, 2.545912731326643, -1.9750128567908583] 
[0.5650259755003901, -0.3066547280664409, -0.5962621838938507, 2.761043832909447, 0.149999566412502, 0.3961014036053552, -0.04634356245933091, 0.48235331974050233, -0.9263108582626352, 1.6309861849837617, -1.1587089049739578, 2.6793937270024326, 0.7934469377634189, 0.044811130714371636, 1.9719205572442713, -0.40260517340197643, -0.43286559242206274, -4.23164426966782, 1.4218015039376966, -4.374575358094345, -8.141255850224386, 8.06151334232972, 2.6239393798315613, -2.0673759432444885] 
[0.5809347459529626, -0.29074595761386846, -0.6121709543464231, 2.7451350624568747, 0.16590833686507445, 0.38019263315278273, -0.03043479200675847, 0.4664445492879299, -0.9104020878100627, 1.6150774145311892, -1.1428001345213854, 2.695302497455005, 0.7773089665990983, 0.04436212158337207, 2.0104116410682744, -0.3573637453438001, -0.3992990508703011, -4.262186787486397, 1.39467591469929, -4.385731265639328, -8.127872265474599, 8.075138743156282, 2.612059276536682, -2.0826986137403685] 
[0.5274425482627443, -0.23725375992365016, -0.5586787566562048, 2.6916428647666564, 0.21940053455529274, 0.433684830843001, 0.02305740568345982, 0.4129523515977116, -0.8569098901198444, 1.6685696122214075, -1.1962923322116037, 2.6418102997647868, 0.8784479321849246, 0.13498454757658385, 2.0922275496517924, -0.26659110764118343, -0.41299154637752206, -4.343530018778104, 1.3132511036903793, -4.458062007438506, -8.203645267096594, 8.000314533856201, 2.537493584819217, -2.0264975110533245] 
[0.25836196477855466, 0.03182682356053945, -0.8277593401403944, 2.960723448250846, -0.04968004892889688, 0.1646042473588114, 0.29213798916764944, 0.14387176811352198, -0.5878293066356548, 1.9376501957055972, -0.9272117487274141, 2.372729716280597, 1.4727355152093804, 0.7997229859648669, 1.4829997883640118, -0.7530150411902794, -0.23157819083449946, -4.835112104976135, 0.8492926559479789, -4.109046718240827, -7.865523335797878, 7.665218887204469, 2.1647061873438815, -1.7276911285636842] 
[-0.2100662269150142, -0.4366013681330294, -0.35933114844682557, 3.429151639944415, -0.5181082406224657, -0.30382394433475746, -0.17629020252591943, -0.3245564235800469, -1.0562574983292237, 1.4692220040120283, -1.395639940420983, 2.841157907974166, 0.844525553472827, 0.17403036546120298, 1.6348329400328825, -1.1722916732420048, -0.7316439926368007, -4.434107594576444, 0.5728484207049207, -3.6497682993290606, -7.265297080465421, 8.068175588143978, 1.7707538147073476, -1.1780242498050288] 
[-0.4625239100862366, -0.6890590513042518, -0.10687346527560315, 3.1766939567731924, -0.26565055745124333, -0.5562816275059799, -0.42874788569714184, -0.5770141067512693, -0.8037998151580013, 1.2167643208408059, -1.6480976235922054, 2.5887002248029436, 1.1355788600831, -0.030218385994107283, 1.368252213270932, -1.4772836688135675, -0.8570552929222248, -4.308986657096183, 0.8483942716846515, -3.997187925225698, -6.933538447721827, 7.7619022495494105, 1.4653085777834969, -1.4596140325726263] 
[-0.1205032092153111, -0.3470383504333263, -0.44889416614652866, 2.834673255902267, -0.6076712583221688, -0.21426092663505436, -0.7707685865680673, -0.9190348076221948, -1.1458205160289268, 1.5587850217117314, -1.3060769227212798, 2.930720925673869, 1.4696884287160223, -0.007247847890546527, 1.7287970746495478, -1.0942115385219866, -1.1951933328607307, -4.233674836983467, 1.2613626862608016, -4.3549114008094785, -7.242820905614516, 8.194177389696211, 0.9569698290942339, -1.9511620633563593] 
[-0.15056075957448556, -0.31698080007415186, -0.4789517165057031, 2.8647308062614414, -0.6377288086813433, -0.24431847699422882, -0.8008261369272418, -0.8889772572630203, -1.1758780663881012, 1.5888425720709058, -1.2760193723621054, 2.9607784760330436, 1.4333972537452124, 0.0478948886595913, 1.659819747386679, -1.151137040588868, -1.19534502987586, -4.266558400191919, 1.2832857636835455, -4.325240281950066, -7.27967676555664, 8.167257048645396, 0.9837863239609861, -1.980915626389188] 
[-0.2707635992070685, -0.19677796044156892, -0.599154556138286, 2.9849336458940243, -0.5175259690487604, -0.36452131662681175, -0.9210289765598247, -1.0091800968956033, -1.2960809060206842, 1.7090454117034888, -1.1558165327295225, 2.8405756364004606, 1.296074809294336, 0.1680155514035489, 1.7316793576138834, -1.1879131015374464, -0.922600953604342, -3.979152515803178, 1.1676712594988126, -4.424262340231117, -7.137449169360807, 8.303868678245655, 1.1172532556963448, -1.8629797795291267] 
[-0.7569632718131416, 0.2894217121645042, -0.11295488353221295, 3.4711333185000974, -0.03132629644268725, 0.12167835597926135, -0.43482930395375163, -1.4953797695016764, -1.7822805786267573, 2.195245084309562, -1.6420162053355956, 2.3543759637943875, 0.6758263848286292, 0.6790559146846293, 2.6177853936999504, -0.3103359599695863, -1.7504304786208644, -4.9426352997531815, 1.6975779470380554, -4.078736458769987, -7.636045032456914, 8.807855696559335, 1.6065874301296148, -1.4357164461511065] 
[-0.5648986893710131, 0.4814862946066327, 0.0791096989099156, 3.279068736057969, 0.1607382859994413, 0.3137429384213899, -0.6268938863958802, -1.3033151870595479, -1.5902159961846287, 2.0031805018674333, -1.834080787777724, 2.162311381352259, 0.5198751399010559, 0.624185427069981, 2.785407983350508, -0.4388010545806064, -1.8950097036924882, -4.731933201344972, 1.9056189308918208, -3.8499794953589697, -7.408234548127718, 8.629526904456522, 1.930410326630318, -1.7610702534344038] 
[-0.7374139040083669, 0.30897107996927886, 0.25162491354726946, 3.106553521420615, -0.011776928637912576, 0.14122772378403603, -0.4543786717585263, -1.130799972422194, -1.4177007815472749, 1.8306652872300795, -2.006596002415078, 1.9897961667149051, 0.472117647851501, 0.3612426893355885, 2.4953882228740225, -0.22295480549347751, -2.067114679373502, -4.927677983810564, 1.706269636855249, -3.995485978333372, -7.565899755855207, 8.783564753523564, 1.70837913016961, -1.5384623481536883] 
[-0.8232220953976395, 0.22316288858000632, 0.337433104936542, 3.1923617128098876, -0.09758512002718511, 0.22703591517330857, -0.5401868631477988, -1.0449917810329215, -1.5035089729365474, 1.916473478619352, -1.9207878110258054, 1.9039879753256326, 0.18981354767397385, 0.6680102186404999, 2.679490381860045, -0.3555069513128397, -2.1586039874953054, -5.029297542675165, 1.5896761533724644, -3.8985910066648573, -7.481262433542141, 8.883795569624924, 1.6237067913173613, -1.6162461605793954] 
[-0.8584051473770273, 0.2583459405593942, 0.3022500529571541, 3.1571786608304997, -0.06240206804779724, 0.26221896715269644, -0.5753699151271867, -1.0098087290535336, -1.5386920249159353, 1.95165653059874, -1.8856047590464176, 1.9391710273050204, 0.050591655823792187, 0.8134875310328706, 2.7550581521150432, -0.41669666085012863, -2.1241802216299934, -5.068064900534535, 1.5540324270811199, -3.9263732279311947, -7.44990788853408, 8.853066275947759, 1.663651864475101, -1.6555875316038604] 
[-0.6522256586378568, 0.052166451820223614, 0.5084295416963247, 3.3633581495696703, -0.2685815567869678, 0.056039478413525856, -0.36919042638801614, -0.803629240314363, -1.7448715136551058, 2.1578360193379105, -2.091784247785588, 1.7329915385658499, -0.1405063937379705, 0.7928756238250104, 3.0419894486509307, -0.7087426018107374, -1.9019318279560944, -4.873253424009099, 1.4399995613550098, -4.104698839501029, -7.273180321821109, 8.683491852944833, 1.4823418886392041, -1.8386903060113264] 
[-0.9127315981611304, -0.20833948770305, 0.2479236021730511, 3.1028522100463967, -0.5290874963102414, 0.31654541793679947, -0.10868448686474252, -0.5431233007910894, -2.0053774531783795, 2.418341958861184, -2.3522901873088617, 1.4724855990425763, -0.8197890239314056, 1.4837768741919097, 3.557515976664042, -1.193754615510193, -2.009771307000375, -4.63019091383535, 1.6470679277012044, -3.8420663522111234, -6.809557958488519, 9.139262121579092, 1.7570036577834274, -1.5994924345171004] 
[-0.713195092360607, -0.4078759935035734, 0.048387096372527694, 2.9033157042458733, -0.32955099050971803, 0.11700891213627607, -0.3082209926652659, -0.343586794990566, -2.204913958978903, 2.6178784646617075, -2.1527536815083383, 1.2729490932420529, -0.8631437077952152, 1.2820094720332773, 3.8493724645447998, -1.475437838063678, -2.383972608758399, -4.975552473362066, 1.7725942457761807, -4.048855962097262, -6.791878101528806, 8.903701273650825, 1.5210135625149064, -1.4122822151822874] 
[-0.8118590864827837, -0.5065399876257501, -0.05027689774964905, 3.00197969836805, -0.2308869963875413, 0.2156729062584528, -0.20955699854308918, -0.24492280086838925, -2.106249964856726, 2.5192144705395307, -2.0540896873861616, 1.3716130873642296, -1.1010845780606549, 1.5139126315242541, 3.881624713709048, -1.5466889359089289, -2.2548428946142454, -4.827118952996422, 1.862273649411958, -3.962110732853242, -6.720778556680137, 8.836620931159995, 1.4281872152881974, -1.3333249521766852] 
[-0.7571549171175604, -0.5612441569909734, -0.10498106711487232, 3.0566838677332733, -0.17618282702231802, 0.2703770756236761, -0.1548528291778659, -0.19021863150316598, -2.051545795491503, 2.573918639904754, -1.9993855180209383, 1.3169089179990063, -0.9543917423809959, 1.368924617315371, 3.873267956290113, -1.5925797120002516, -2.1870133567378396, -4.739777877076032, 1.9487535114711974, -4.033015426687332, -6.713768295059517, 8.77892487541781, 1.3721600755534247, -1.2865964973301358] 
[-0.6259314624711152, -0.6924676116374187, 0.02624238753157293, 3.1879073223797185, -0.044959372375872775, 0.4016005302701213, -0.28607628382431116, -0.05899517685672073, -1.9203223408450576, 2.4426951852583088, -1.868162063374493, 1.4481323726454516, -0.9385629300812827, 1.567371691958041, 3.6745984473577757, -1.4919358864231094, -2.3437982845883285, -4.941317008208945, 1.7796735037098201, -4.132405739397917, -6.6309363014664875, 8.724701572751584, 1.528870992280107, -1.1251874644726323] 
[-0.2721772790135404, -1.0462217950949935, 0.37999657098914774, 2.8341531389221437, -0.3987135558334476, 0.047846346812546514, 0.06767789963326365, -0.41274936031429554, -2.2740765243026324, 2.088941001800734, -1.5144078799169183, 1.8018865561030264, -1.8824980805463443, 2.8762243720854155, 2.650932548423635, -1.8417837091033342, -1.9816265158451078, -5.129047615039545, 2.1828941816849707, -4.594425519324423, -6.8227729248863405, 8.962674325639227, 1.8690341305735143, -1.4484768804950752] 
[-0.29733273459364185, -1.071377250675095, 0.4051520265692492, 2.8089976833420423, -0.3735581002533461, 0.07300180239264797, 0.09283335521336511, -0.3875939047341941, -2.299231979882734, 2.1140964573808354, -1.4892524243368168, 1.776731100522925, -1.905892629907166, 2.8631459116018534, 2.639401870615567, -1.8615472623706324, -1.9686905497505107, -5.148259857385851, 2.209317974636524, -4.560273332886928, -6.794330126300223, 8.94662916852822, 1.8921450861960276, -1.425938870520778] 
[0.015461676820390124, -0.758582839261063, 0.09235761515521723, 2.4962032719280103, -0.6863525116673781, 0.38579621380667994, 0.4056277666273971, -0.07479949332016211, -2.612026391296766, 1.8013020459668034, -1.8020468357508488, 2.089525511936957, -1.589428323845094, 2.836989997526448, 3.021241817323868, -2.135440687363722, -1.5855780549986291, -4.721427565538056, 1.9466852642228918, -4.311407862645917, -6.959776839194598, 9.1846240953147, 2.2306053747870904, -1.7743930043160847] 
[-0.35875357793370455, -1.1327980940151576, 0.4665728699093119, 2.870418526682105, -0.3121372569132834, 0.011580959052585271, 0.7798430213814918, 0.29941576143393256, -2.237811136542671, 1.4270867912127088, -1.4278315809967541, 1.7153102571828622, -1.2014639050507439, 4.062207252368568, 1.7850421332044357, -1.7079953853432503, -1.6133687104777268, -4.405084415375564, 1.7790507829951643, -3.976852728389102, -6.597740299507212, 8.906543221013921, 2.513449940985754, -1.431362751345738] 
[-0.44341395655981586, -1.217458472641269, 0.5512332485354232, 2.9550789053082163, -0.39679763553939473, -0.07307941957352604, 0.6951826427553804, 0.21475538280782125, -2.15315075791656, 1.3424264125865975, -1.5124919596228654, 1.630649878556751, -1.174092470916635, 4.446918025447307, 1.3834569224675468, -1.568844466778974, -1.6982533627509513, -4.512926103860623, 2.0255878044550357, -3.7346489606929376, -6.535390495471916, 8.82177154886689, 2.437881369658141, -1.348245047723344] 
[-0.3993483737582224, -1.1733928898396755, 0.5952988313370167, 2.911013322506623, -0.4408632183409882, -0.11714500237511949, 0.7392482255569739, 0.1706898000062278, -2.1090851751149664, 1.386491995388191, -1.5565575424244589, 1.6747154613583444, -1.1040553013449554, 4.271973792823142, 1.5503379050326516, -1.5492634475645664, -1.662323789737524, -4.5419395220324725, 1.9976684499683492, -3.711183402041196, -6.500122670120942, 8.857962916865873, 2.4814208653012764, -1.3035908479873468] 
[-0.17314177419019572, -0.9471862902716488, 0.8215054309050434, 2.684806722938596, -0.2146566187729615, -0.3433516019431462, 0.5130416259889472, -0.05551679956179889, -2.335291774682993, 1.6126985949562176, -1.3303509428564322, 1.900922060926371, -1.0043693272223335, 5.112740246732191, 0.6552906011466627, -1.1826460273645627, -1.9468806038463249, -4.835437304493533, 1.3561312973674051, -4.37582054022036, -6.260713225169616, 9.048649368045362, 2.2580650245130953, -1.0816298664167305] 
[-0.35305098164545257, -1.1270954977269056, 0.6415962234497865, 2.864715930393853, -0.39456582622821834, -0.523260809398403, 0.33313241853369036, 0.12439240789345796, -2.1553825672277362, 1.4327893875009607, -1.510260150311689, 1.7210128534711142, -1.1507442845582951, 4.7794146776007445, 0.964007422383687, -1.045210904755185, -1.6879928059490172, -4.620798393981384, 1.397565255451019, -4.542604744436704, -6.439881642158833, 9.25807382523799, 2.046002373580542, -1.2587422850232732] 
[-0.07738288650184444, -0.8514274025832975, 0.3659281283061784, 2.589047835250245, -0.11889773108461021, -0.2475927142547949, 0.05746432339008223, -0.15127568725015017, -2.4310506623713444, 1.1571212923573526, -1.234592055168081, 1.445344758327506, -0.7376382289668659, 3.8534731020322974, 1.831473550706474, -0.8960629466533221, -1.253412826590695, -4.218790671716425, 1.4270456280577748, -4.794978693269222, -6.671831021526812, 9.017479788880609, 1.7838447853806898, -0.9884614856208913] 
[-0.11351246858273356, -0.8152978205024084, 0.32979854622528926, 2.625177417331134, -0.08276814900372109, -0.283722296335684, 0.09359390547097135, -0.1874052693310393, -2.3949210802904553, 1.1932508744382417, -1.1984624730871918, 1.4814743404083952, -0.7741283635099574, 3.860551433559131, 1.7724299749353905, -0.8065844975210487, -1.168135633606991, -4.1615480188212945, 1.3744995082499545, -4.840578666707775, -6.729510824078418, 9.080559657765495, 1.7314376935227247, -0.9498435849574622] 
[-0.14873235034812993, -0.780077938737012, 0.2945786644598929, 2.5899575355657376, -0.047548267238324726, -0.24850241457028766, 0.12881378723636772, -0.22262515109643566, -2.4301409620558516, 1.228470756203638, -1.2336823548525881, 1.4462544586429988, -0.7464490676502719, 3.957645136385907, 1.6788650231743283, -0.8484969323829574, -1.2213178621762288, -4.139086420050592, 1.4072184118369675, -4.798176265595858, -6.697938882081704, 9.11885617575383, 1.6877504108794936, -0.9837252944478805] 
[0.039263245236877964, -0.5920823431520041, 0.106583068874885, 2.4019619399807297, 0.14044732834668316, -0.43649801015529555, 0.3168093828213756, -0.03462955551142777, -2.2421453664708437, 1.416466351788646, -1.421677950437596, 1.258258863057991, -0.5520469363553, 3.896826470471334, 1.4570303102970845, -0.4256796887375769, -0.8303942682842023, -4.365342368269696, 1.627211209798695, -4.988622639560911, -6.873805223470867, 8.914363556821076, 1.9169613043637, -0.8047493776090728] 
[-0.21140822246491098, -0.8427538108537931, -0.14408839882690394, 2.1512904722789408, -0.11022413935510578, -0.1858265424535066, 0.5674808505231645, -0.2853010232132167, -1.9914738987690548, 1.165794884086857, -1.171006482735807, 1.50893033075978, -0.8228469671535922, 3.278845604683487, 2.1035441865229143, -1.2411321951132877, -1.617961122974429, -4.410499245958029, 1.2960970465095232, -5.337382385498502, -7.101618775321294, 8.664998330020007, 2.202744535928362, -1.0687783012544512] 
[-0.41089817107451765, -1.0422437594633998, -0.3435783474365106, 2.3507804208885474, -0.30971408796471245, 0.013663406156100066, 0.7669707991327712, -0.08581107460361004, -2.1909638473786615, 0.9663049354772504, -0.9715165341262004, 1.7084202793693866, -0.6324672370364643, 3.344092169062944, 2.252598278844569, -1.3042709115490285, -1.4616816088643731, -4.263401233263754, 1.6942643308878005, -4.900500972829895, -6.734726413898269, 8.302641695383747, 2.4508204155479762, -0.8748551422410801] 
[-0.31270249077215695, -0.944048079161039, -0.4417740277388713, 2.2525847405861867, -0.40790976826707315, 0.11185908645846077, 0.8651664794351319, -0.18400675490597074, -2.0927681670763008, 1.064500615779611, -1.0697122144285611, 1.8066159596717473, -0.5236544994447696, 3.291383120485156, 2.425644198495056, -1.0066007504841932, -1.1812204970144418, -4.2984282101476765, 2.020690757770552, -4.569897892780659, -6.54690621629705, 8.133876748627559, 2.391575871701184, -0.9768652205468296] 
[-0.3249969477168797, -0.9563425361057618, -0.42947957079414856, 2.240290283641464, -0.3956153113223504, 0.12415354340318352, 0.8774609363798547, -0.17171229796124798, -2.080473710131578, 1.0767950727243338, -1.0820066713732839, 1.7943215027270245, -0.545026386535366, 3.3416930905218933, 2.3766120997023554, -1.0172826084868773, -1.204854967749126, -4.316371371074552, 2.024042176373787, -4.580320026103064, -6.5573866860327765, 8.12799538988839, 2.3816369319834836, -0.9655584216965882] 
[0.02696739885648114, -0.604378189532401, -0.7814439173675094, 2.592254630214825, -0.7475796578957112, 0.47611788997654436, 0.5254965898064938, 0.18025204861211286, -1.7285093635582172, 1.4287594192976947, -1.4339710179466447, 2.1462858493003854, -0.18103598831526085, 3.2763638592940874, 1.8742784658331977, -2.3353370675626133, -2.559639832620789, -4.888301991515868, 3.4145628150290697, -3.1436697707388603, -5.82447623148277, 7.381551448627817, 2.855582870339558, -1.2735419568447894] 
[0.5163249543338626, -1.0937357450097824, -0.29208636189012793, 3.0816121856922063, -0.25822210241832977, -0.013239665500837106, 1.0148541452838753, -0.3091055068652686, -1.2391518080808357, 1.9181169747750761, -1.9233285734240262, 2.635643404777767, 0.32699370417971224, 4.117921714725363, 1.0288328661086568, -2.3691795309561607, -2.9471053511252765, -4.672737371503935, 3.1596697420286235, -2.7520237740473315, -6.4029843872116965, 7.960379581896379, 2.388579016652304, -0.8198276503169679] 
[0.8778822344882062, -0.7321784648554388, -0.6536436420444716, 2.7200549055378627, -0.6197793825726734, -0.37479694565518074, 1.376411425438219, -0.6706627870196122, -1.6007090882351793, 2.2796742549294198, -1.5617712932696826, 2.274086124623423, -0.4713985452074219, 2.1908769264208443, 2.9002330191125454, -1.731411865932062, -2.420607305765615, -4.164486615662889, 1.3093567327153126, -4.587849059866657, -6.838700387920957, 7.405474821600683, 2.953966882676407, -1.3393683496229456] 
[0.5411219629885888, -0.3954181933558214, -0.990403913544089, 3.05681517703748, -0.283019111073056, -0.03803667415556333, 1.0396511539386015, -0.33390251551999484, -1.263948816735562, 1.9429139834298024, -1.2250110217700652, 2.6108463961230406, 0.2540308159490023, 2.870120138104416, 3.114434421969663, -1.4704075230768567, -3.0414141176024487, -4.88031620541205, 2.5754377502178385, -3.346244049848982, -7.0557664414667824, 7.631535402595455, 3.1908999882721707, -1.1023552476099414] 
[0.8512059517468256, -0.7055021821140581, -0.6803199247858522, 2.7467311882792433, -0.5931030998312927, -0.34812066291380006, 0.7295671651803648, -0.023818526761758108, -0.9538648279773252, 1.6328299946715656, -1.5350950105283019, 2.300762407364804, -0.3503673111597208, 2.2509686038641776, 3.2346611518344504, -1.0565737096874164, -2.7879254221761185, -5.150215923408522, 4.213609238251336, -1.7208554870744235, -6.692867258596093, 8.041705820486682, 2.994301793732213, -1.3544408925553104] 
[0.986171569614477, -0.8404677999817096, -0.5453543069182007, 2.881696806146895, -0.45813748196364124, -0.48308628078145155, 0.5946015473127133, -0.1587841446294096, -1.0888304458449767, 1.4978643768039142, -1.4001293926606504, 2.1657967894971524, -0.7903159514538398, 1.7182888238608318, 3.673606243079951, -0.7692281129845401, -2.955880500617845, -5.365156342894784, 4.2065912489539885, -1.5889508316137366, -6.8228411346262785, 8.16725292933522, 2.856111917823199, -1.2137661074919606] 
[0.7688140151851286, -0.6231102455523612, -0.3279967524888523, 2.6643392517175464, -0.24077992753429278, -0.7004438352108, 0.37724399288336485, 0.05857340979993886, -0.8714728914156282, 1.2805068223745657, -1.182771838231302, 1.948439235067804, -0.11779004899052681, 2.5364667177551365, 3.028698218046508, -1.1877560816503354, -2.882279291582146, -5.527070575046631, 4.126662289322075, -1.4224653325311891, -6.629797792786657, 8.390084561057211, 3.0825834990399845, -1.4220083124656795] 
[0.5421535963209418, -0.8497706644165479, -0.554657171353039, 2.890999670581733, -0.014119508670106029, -0.9271042540749868, 0.6039044117475516, -0.1680870090642479, -1.098133310279815, 1.053846403510379, -0.9561114193671152, 1.7217788162036172, -0.6708338172774354, 1.9584051053019915, 3.1272791146567336, -0.7758698758700853, -2.4979204510289907, -5.627381936123982, 4.0165073364312756, -1.2157080975367394, -6.313898426751298, 8.015109035080046, 2.743034009487832, -1.6818411725702516] 
[0.8625109023604836, -1.1701279704560896, -0.23429986531349734, 3.211356976621275, 0.3062377973694357, -0.606746948035445, 0.9242617177870933, 0.15227029697529382, -1.4184906163193567, 0.7334890974708372, -1.276468725406657, 1.4014215101640755, -0.323349306802545, 2.038043836054047, 2.6123696830970085, -1.2241700428759006, -2.2821265561432464, -6.854140334334511, 5.3959962869213625, -0.467173292992509, -5.750335103130043, 7.346355086287533, 2.287815815240128, -1.389129279377257] 
[0.6819852717941934, -0.9896023398897995, -0.05377423474720722, 3.0308313460549847, 0.12571216680314556, -0.4262213174691549, 0.7437360872208032, 0.33279592754158394, -1.2379649857530666, 0.9140147280371274, -1.0959430948403668, 1.2208958795977853, -0.2685366708181858, 1.6136564621762237, 3.058780292375551, -1.018058496275281, -2.05414459786192, -7.100157763014474, 5.4239839517666395, -0.26977513867626624, -5.84171562664829, 7.227293844519606, 2.1230489994424144, -1.5499103271052717] 
[1.1455274289662167, -0.5260601827177762, -0.5173163919192305, 2.5672891888829614, -0.33782999036887773, 0.03732083970286837, 0.2801939300487799, -0.13074622963043936, -0.7744228285810433, 0.45047257086510406, -1.55948525201239, 1.6844380367698086, 0.20068650139610344, 1.630072344335925, 2.5686342301420018, -1.56250877583456, -2.6617288551520657, -6.356113927623568, 4.723127257165662, -0.2915988121253116, -6.822151375137956, 8.171880732086443, 1.6692409819115064, -1.0018923888693034] 
[0.9330569377201812, -0.7385306739638118, -0.7297868831652661, 2.354818697636926, -0.12535949912284217, -0.1751496515431672, 0.06772343880274434, -0.3432167208764749, -0.5619523373350077, 0.6629430621111396, -1.3470147607663545, 1.8969085280158442, 0.23426466272023358, 1.402983370244407, 2.7967325419812807, -1.6328587996723531, -2.5265540370620094, -6.521380554449944, 5.007347579569648, -0.009323439299749492, -6.732057026055546, 8.327440410261122, 1.4770036323470288, -0.8090451763183916] 
[1.0645323194966068, -0.6070552921873862, -0.5983115013888405, 2.4862940794133515, 0.0061158826535834265, -0.3066250333195928, 0.19919882057916993, -0.21174133910004933, -0.6934277191114333, 0.531467680334714, -1.47849014254278, 2.02838390979227, 0.5812605453592113, 1.7657432993582958, 2.7126112517899754, -1.9408751198515366, -2.807790809128205, -6.388913253647414, 4.859850093980796, 0.09948012733695732, -6.684835310505237, 8.462316600415813, 1.6680165136194913, -0.6305407769659936] 
[1.2694142340978551, -0.8119372067886346, -0.8031934159900889, 2.281412164812103, -0.19876603194766496, -0.5115069479208412, -0.00568309402207845, -0.006859424498800948, -0.8983096337126817, 0.7363495949359624, -1.2736082279415317, 1.8235019951910214, -0.055363881161905604, 1.1646862828897535, 2.4452253240970583, -2.4858348104591363, -3.2884068355269664, -6.100748953160723, 4.585875110774474, 0.1871269300531915, -6.263814875180612, 8.035321704794615, 1.7986480815431256, -0.7858838272410005] 
[1.4405216752970098, -0.9830446479877892, -0.6320859747909342, 2.1103047236129484, -0.3698734731468196, -0.6826143891199958, -0.1767905352212331, -0.1779668656979556, -1.0694170749118364, 0.9074570361351171, -1.102500786742377, 1.6523945539918667, 0.4149376017180475, 1.6200253397638207, 2.6109911415422644, -2.2915047051618567, -3.3471618688664067, -5.993168638360004, 4.704512871366771, 0.3581756354739155, -6.387661808502253, 7.952519928282884, 1.9335356412961142, -0.9330987914053558] 
[1.295777901918207, -1.127788421366592, -0.48734220141213136, 2.2550484969917513, -0.5146172465256225, -0.537870615741193, -0.03204676184243027, -0.32271063907675845, -1.2141608482906392, 1.05220080951392, -0.9577570133635742, 1.507650780613064, 0.49742786270085293, 1.5067944734045748, 2.7696658489107833, -2.267411016080379, -3.1269336796636233, -5.577228899438105, 4.290930561978022, 0.5667363661296949, -6.486392638145528, 7.833066324399735, 1.774536197623616, -0.7954758305586235] 
[1.311199233094559, -1.143209752542944, -0.47192087023577933, 2.2396271658153992, -0.5300385777019745, -0.522449284564841, -0.0474680930187823, -0.3381319702531105, -1.2295821794669912, 1.067622140690272, -0.9731783445399262, 1.523072111789416, 0.5063383175360437, 1.4910124445666506, 2.7882865357419337, -2.2691604343991667, -3.1079583752789697, -5.560025196583195, 4.298306411661606, 0.581195926463208, -6.4794410667211455, 7.848661506880039, 1.7930849028111204, -0.8113716812883168] 
[1.2360677740434483, -1.2183412115940548, -0.5470523292868901, 2.31475862486651, -0.6051700367530852, -0.5975807436159517, -0.12259955206989304, -0.26300051120199974, -1.1544507204158805, 1.1427535997413827, -1.048309803591037, 1.4479406527383052, 0.447958269637715, 1.5328093093718906, 2.8360488799292436, -2.428911668719428, -3.2575704943908907, -5.479651001099397, 4.191603797310545, 0.504021746920195, -6.423688131455951, 7.913828419323393, 1.877567511928664, -0.737846840966941] 
[1.2828710478281273, -1.265144485378734, -0.5938556030715691, 2.361561898651189, -0.6519733105377643, -0.6443840174006308, -0.07579627828521396, -0.21619723741732066, -1.2012539942005596, 1.1895568735260618, -1.095113077375716, 1.4011373789536261, 0.38107299183570287, 1.4712164030365253, 2.8093975069583283, -2.3965680806249807, -3.279278345179251, -5.453340097478784, 4.221170479997893, 0.556810100371525, -6.508703094016696, 8.003040580827056, 1.9388071033687317, -0.6937430889402406] 
[1.2583207056116414, -1.240594143162248, -0.618405945288055, 2.386112240867675, -0.6274229683212784, -0.6198336751841449, -0.10034662050169985, -0.19164689520083478, -1.2258043364170454, 1.1650065313095759, -1.0705627351592302, 1.3765870367371402, 0.3606492745046585, 1.4855187539500792, 2.828802350176417, -2.4127377397416927, -3.266203633246347, -5.464892416942159, 4.203340395101496, 0.536178593455244, -6.545780516138857, 8.04471072504404, 1.968476489343616, -0.6708497293172148] 
[1.262355277686808, -1.2446287152374147, -0.6224405173632217, 2.3820776687925083, -0.6314575403964451, -0.6238682472593116, -0.10438119257686651, -0.19568146727600144, -1.2298389084922121, 1.1690411033847425, -1.0745973072343968, 1.3806216088123069, 0.3668569063060628, 1.4925619452861938, 2.8241880773750694, -2.4047776580721707, -3.256127814679351, -5.457874371615287, 4.204454722319092, 0.5316378839073491, -6.539275328923127, 8.038734080492913, 1.9713635426723735, -0.6670081495417717] 
[1.4244463409304586, -1.4067197784810652, -0.7845315806068722, 2.544168732036159, -0.46936647715279456, -0.7859593105029621, -0.26647225582051703, -0.03359040403235092, -1.3919299717358626, 1.331132166628393, -1.2366883704780474, 1.5427126720559574, 0.4780970061414316, 1.3259980445554185, 2.9886899992958202, -2.6742488999085743, -3.5432783203716225, -5.467596107894345, 4.358078939008285, 0.6886707847138178, -6.658123155780449, 7.8910196685384255, 1.7762682869858633, -0.49223533560155674] 
[1.6554463222401203, -1.1757197971714035, -1.015531561916534, 2.313168750726497, -0.7003664584624563, -0.5549593291933004, -0.03547227451085533, 0.1974095772773108, -1.160929990426201, 1.5621321479380548, -1.467688351787709, 1.7737126533656191, 0.7493627382999197, 1.5751746609953652, 3.240691494292581, -2.188219934329858, -2.8927064149979103, -4.5329911269657615, 3.484664922468937, 1.083853022942438, -6.9588616145373505, 8.17998258338852, 1.5601821772430884, -0.2598746733070505] 
[1.5845354370191487, -1.2466306823923752, -0.9446206766955623, 2.2422578655055254, -0.6294555732414846, -0.4840484439723287, -0.10638315973182699, 0.26832046249828245, -1.0900191052052293, 1.491221262717083, -1.3967774665667374, 1.8446235385865908, 0.635935098761052, 1.4643097932678006, 3.3268792661353825, -2.098498049044655, -2.893532144160498, -4.415694975168577, 3.3686980970687443, 1.0104243312716261, -7.034981611838006, 8.112464583206961, 1.6284473179540073, -0.18884522735808995] 
[1.835676711726805, -0.9954894076847189, -0.693479401987906, 2.4933991402131817, -0.8805968479491408, -0.735189718679985, 0.14475811497582924, 0.5194617372059387, -1.3411603799128855, 1.7423625374247393, -1.1456361918590812, 1.5934822638789345, 1.0039680613451514, 1.831330565166979, 3.1520200812546126, -1.6408553804458728, -2.261062981482666, -3.7629871262340653, 2.8432745479392123, 1.342973883615183, -6.757785666237809, 8.325647585427925, 1.388897830054148, -0.4450580462959355] 
[1.8762363645883973, -0.9549297548231266, -0.7340390548494984, 2.533958793074774, -0.9211565008107332, -0.6946300658183926, 0.10419846211423689, 0.560021390067531, -1.3817200327744779, 1.701802884563147, -1.1050765389974888, 1.634041916740527, 0.9139201212878482, 1.7370880681792116, 3.1141485148594246, -1.5737419623764715, -2.135718061737723, -3.6205432402348423, 2.7374135779817963, 1.2879841843773094, -6.798905723819645, 8.364369807350226, 1.433183262641336, -0.4857739364890491] 
[1.6636762888497856, -0.7423696790845149, -0.5214789791108867, 2.7465188688133857, -1.1337165765493449, -0.9071901415570043, -0.1083616136243748, 0.7725814658061427, -1.1691599570358662, 1.4892428088245353, -1.3176366147361005, 1.4214818410019152, 1.3791519788221231, 2.1957169243643917, 3.057957879396913, -1.3446435273590067, -2.0016001601281213, -3.893670496404317, 3.0696210358993135, 1.5016655337739861, -7.014116034304576, 8.144796855801793, 1.6289483134345386, -0.6997781869699373] 
[1.8036661766589646, -0.6023797912753359, -0.3814890913017077, 2.8865087566225647, -1.2737064643585239, -0.7672002537478253, 0.031628274184804184, 0.6325915779969637, -1.3091498448450452, 1.3492529210153563, -1.4576265025452795, 1.2814919531927362, 1.478331914377997, 2.140094236304732, 3.271319185549638, -1.1191578774119098, -1.9080992945629918, -4.045770004903532, 3.251424352569345, 1.6821203130978106, -6.832969681372098, 8.28994549902967, 1.7814814688409473, -0.5615778508404042] 
[2.040630955336294, -0.8393445699526652, -0.14452431262437848, 2.6495439779452354, -1.0367416856811946, -0.5302354750704961, -0.20533650449252505, 0.3956267993196345, -1.5461146235223744, 1.5862176996926856, -1.6945912812226087, 1.044527174515407, 1.6580913088734832, 2.0687434543615453, 3.448419283301304, -1.291656849147657, -1.7346031547997582, -4.123306120160669, 3.035408560262734, 1.9654554161049271, -6.503672671395808, 8.003578042583007, 2.0259938066203187, -0.8137724191195324] 
[2.018699734049555, -0.8174133486659265, -0.16645553391111712, 2.671475199231974, -1.014810464394456, -0.5083042537837574, -0.22726772577926369, 0.41755802060637315, -1.568045844809113, 1.564286478405947, -1.67266005993587, 1.0225959532286684, 1.7281707998637255, 2.149586964015766, 3.499930545235963, -1.26069272870451, -1.7149984313528495, -4.138119942007542, 3.058077835433273, 1.9839100791844704, -6.481878127606543, 7.9818903381540345, 2.04782382066997, -0.8355358388351364] 
[1.9720679786696067, -0.864045104045875, -0.11982377853116866, 2.6248434438520256, -1.0614422197744044, -0.461672498403809, -0.27389948115921214, 0.4641897759863216, -1.6146776001890615, 1.6109182337858954, -1.6260283045559216, 1.0692277086086168, 1.7185248539606923, 2.209567760767466, 3.561876992119244, -1.294041685504062, -1.685211720919349, -4.1516984609506755, 3.0047367356457855, 2.040088581726204, -6.528173068433524, 7.935547054103262, 2.0013618802382096, -0.8820107846263961] 
[2.144568476077122, -0.6915446066383595, 0.05267671887634684, 2.797343941259541, -0.888941722366889, -0.2891720009962935, -0.10139898375169665, 0.2916892785788061, -1.442177102781546, 1.7834187311934109, -1.7985288019634371, 0.8967272112011013, 2.239560603442042, 2.7926130523270096, 3.897843736103444, -1.4196343123599884, -1.5838906811537825, -4.212234458999417, 2.7985902628849484, 2.2539225275526333, -6.353294668239498, 8.114740479089397, 2.177683035058557, -0.706115031000511] 
[1.7491064440057826, -1.087006638709699, -0.3427853131949927, 3.1928059733308807, -0.4934796902955494, -0.684634033067633, 0.2940630483196429, 0.6871513106501457, -1.8376391348528855, 1.3879566991220713, -2.1939908340347767, 1.292189243272441, 2.257136869044109, 2.2084749663165275, 3.3191415128322506, -1.9090755980156904, -2.130363693144276, -4.27940353650374, 3.245039654360546, 1.834462767217332, -5.876721216454406, 8.596198478726514, 2.514315982781622, -1.0583823001077706] 
[1.689227724856213, -1.0271279195601295, -0.4026640323445623, 3.132927254181311, -0.43360097114597984, -0.6247553139180635, 0.35394176746921246, 0.6272725915005761, -1.897517854002455, 1.3280779799725018, -2.134112114885207, 1.2323105241228713, 2.302194868311824, 2.176098523532134, 3.365642347494328, -1.9640936909663786, -2.0738477907474975, -4.294954549097471, 3.2007335518325624, 1.8764247352892969, -5.812840544984806, 8.517137013942842, 2.444789510162344, -1.1154379411502624] 
[1.8097678110350586, -1.147668005738975, -0.2821239461657168, 3.2534673403601566, -0.5541410573248253, -0.504215227739218, 0.23340168129036698, 0.7478126776794216, -1.7769777678236096, 1.2075378937936563, -2.0135720287063616, 1.3528506103017168, 2.5450413209584846, 2.4142082364659943, 3.288573799849835, -1.858913681799224, -2.0376836248128587, -4.544793857699725, 3.4851902648810826, 2.0500941843290517, -5.747101562311505, 8.64798444282833, 2.5795769094211813, -1.0039928577848356] 
[1.758577359577039, -1.1988584571969945, -0.33331439762373627, 3.304657791818176, -0.5029506058668058, -0.5554056791972375, 0.1822112298323475, 0.7990031291374411, -1.828168219281629, 1.2587283452516758, -2.064762480164381, 1.3016601588436973, 2.4639141862179783, 2.339168801368332, 3.3296569380317096, -1.8109550947710782, -1.9510556573292106, -4.457842558187878, 3.49495190813928, 2.0051308991809806, -5.782376692721283, 8.609453400616701, 2.624269933194713, -0.9559050096459988] 
[1.5900962130639869, -1.3673396037100467, -0.5017955441367885, 3.136176645305124, -0.6714317523798581, -0.38692453268418525, 0.35069237634539974, 0.6305219826243889, -1.6596870727685769, 1.0902471987386235, -1.896281333651329, 1.4701413053567496, 2.2123160031899105, 2.106369394900871, 3.484884070413011, -1.5978302143051901, -2.147703084706233, -4.456654648365063, 3.688248127854016, 2.2412530049428603, -6.043720470439395, 8.853339211878959, 2.8096096331268696, -0.8007459194824269] 
[1.973810035266034, -0.9836257815079996, -0.11808172193474142, 2.7524628231030768, -0.287717930177811, -0.7706383548862323, -0.03302144585664735, 0.24680816042234177, -1.2759732505665298, 1.4739610209406706, -1.5125675114492818, 1.0864274831547025, 1.732653199347377, 1.6314175242250142, 3.826612106972679, -1.948858185666935, -2.289158430340773, -4.033881558531843, 3.2537471493088983, 2.500077527161987, -5.7745049999153295, 9.127000042684324, 2.4151322438072387, -0.3996703525677509] 
[1.6135276791144442, -1.3439081376595894, -0.4783640780863312, 2.392180466951487, 0.07256442597377877, -0.41035599873464257, -0.3933038020082371, 0.6070905165739315, -1.6362556067181195, 1.1136786647890808, -1.8728498676008716, 1.4467098393062923, 2.4392015708931245, 2.31087358939799, 3.7004701118430074, -1.7196760468400818, -2.6309746328321344, -4.375373099835586, 3.1291520579155367, 2.16445185309603, -5.467322706461436, 9.453468824739275, 2.0434009640864175, -0.022680678931318032] 
[1.8819422107793145, -1.6123226693244597, -0.2099495464214609, 2.6605949986163573, -0.19585010569109151, -0.1419414670697723, -0.6617183336731074, 0.8755050482388018, -1.9046701383829898, 1.3820931964539511, -1.6044353359360013, 1.7151243709711625, 2.0956944426822086, 1.9767444191263233, 4.011300508690123, -0.9972860675207481, -1.9173683031507924, -4.570186375343993, 2.834374033080803, 2.5038445490211565, -5.058141985435473, 9.031971670680937, 1.7528374630955867, 0.2608878223110457] 
[1.6829290250389093, -1.4133094835840545, -0.010936360681055746, 2.8596081843567625, -0.3948632914314967, -0.34095465281017745, -0.46270514793270223, 1.074518233979207, -2.103683324123395, 1.183080010713546, -1.4054221501955961, 1.5161111852307574, 1.9023649253107768, 1.8329306375476917, 4.170270288517296, -1.3859543901752298, -2.3419131053719027, -4.88063386112351, 3.1899706655160407, 2.1892323559080293, -5.173842928043615, 8.848287037382818, 1.9553756716285542, 0.4653623791817503] 
[1.1593922639502061, -0.8897727224953513, 0.5126004004076474, 3.3831449454454656, -0.9184000525201998, 0.18258210827852572, -0.9862419090214054, 1.5980549950679102, -1.5801465630346918, 1.7066167718022491, -0.881885389106893, 0.9925744241420542, 1.271573444610293, 1.1447460351745018, 3.569962094940407, -1.8245638577314205, -2.0073930201775205, -5.099939851834239, 2.510230139919996, 3.2714506775432337, -6.23078915489299, 9.498235607306018, 2.4394632541344676, -0.06804147167859476] 
[1.1597126608919375, -0.8900931194370827, 0.5129207973493788, 3.3828245485037343, -0.9180796555784685, 0.18226171133679436, -0.985921512079674, 1.5983753920096415, -1.5804669599764232, 1.7069371687439805, -0.8815649921651616, 0.9928948210837856, 1.2712603936262656, 1.1447587652370144, 3.570431217342652, -1.8250714129901786, -2.0070255286869525, -5.09996244249542, 2.510542120104748, 3.271135599105641, -6.230468303507403, 9.498552830085552, 2.4398011885711934, -0.06770177004072271] 
[1.464213477821616, -1.1945939363667613, 0.20841998041970022, 3.687325365433413, -0.6135788386487899, 0.4867625282664729, -0.6814206951499955, 1.293874575079963, -1.8849677769061017, 2.011437985673659, -1.1860658090948402, 1.2973956380134641, 2.094602122086892, 2.04410601302987, 3.127482069381498, -2.17486045275103, -0.5980725197751959, -3.702449748231451, 2.9071041705394327, 3.586231143226586, -6.535508881973283, 9.193427323339868, 2.7296877297291786, -0.35561635896240745] 
[1.3666135612586423, -1.0969940198037875, 0.11082006385672649, 3.589725448870439, -0.5159789220858162, 0.3891626117034992, -0.7790206117129692, 1.3914744916429367, -1.9825676934690755, 2.109037902236633, -1.0884658925318664, 1.3949955545764379, 2.0271769473605374, 2.1267072195711143, 3.0279769655359074, -2.26859638172455, -0.5918065770098171, -3.5531424975125856, 3.0720061143537505, 3.4354352804863253, -6.413812110530925, 9.096785973094272, 2.8492057259108288, -0.24525849103438305] 
[1.235043684228291, -1.2285638968341388, -0.020749813173624787, 3.7212953259007904, -0.3844090450554649, 0.5207324887338505, -0.9105904887433205, 1.523044368673288, -2.1141375704994267, 1.9774680252062815, -0.9568960155015152, 1.5265654316067891, 1.9247160343076581, 2.1918578423280737, 3.143077689109596, -2.163356250678468, -0.5354870663044985, -3.64023457146511, 3.1627348672800677, 3.6112810633261967, -6.609342382467417, 8.921570933422531, 3.020233893899939, -0.10010412658791995] 
[0.9782464472027428, -1.485361133859687, 0.23604742385192345, 3.464498088875242, -0.6412062820810132, 0.7775297257593987, -1.1673877257688687, 1.7798416056988362, -2.370934807524975, 1.7206707881807333, -1.2136932525270634, 1.7833626686323374, 2.0810522131724953, 1.8747983282482679, 3.496914971656281, -2.394305071043056, -0.5823408728022539, -3.2996498120946067, 3.504045112443293, 3.9727137227633733, -6.974978789502983, 9.26977817365248, 2.6644465661196355, -0.36198787107360986] 
[0.9901995634644329, -1.4734080175979969, 0.2240943075902333, 3.4764512051369323, -0.6531593983427033, 0.7655766094977086, -1.1554346095071786, 1.767888489437146, -2.358981691263285, 1.7326239044424234, -1.2017401362653732, 1.7714095523706472, 2.0936586115210596, 1.8840275673473659, 3.503599140244204, -2.3797297234594033, -0.5934583680424437, -3.288668260067019, 3.5200073570851376, 3.9843709791433675, -6.9660241906867935, 9.259903159976448, 2.655287077855366, -0.3736706598526515] 
[0.6710544861063426, -1.1542629402399065, 0.5432393849483237, 3.157306127778842, -0.3340143209846129, 1.084721686855799, -1.474579686865269, 2.0870335667952364, -2.0398366139051944, 2.051768981800514, -1.5208852136234636, 2.0905546297287376, 1.828189850264711, 2.5442434390243083, 2.8222694133477844, -1.852020460378991, -1.3584326902096133, -4.041548421343388, 2.9923027575302132, 3.66410976908944, -7.204991966842487, 9.695183692156016, 2.2163065661497576, -0.04138028861384169] 
[0.8785224578819459, -0.9467949684643031, 0.3357714131727203, 3.3647740995544453, -0.12654634920900953, 0.8772537150801956, -1.2671117150896656, 2.29450153857084, -1.832368642129591, 2.259236953576117, -1.728353185399067, 1.8830866579531342, 1.6179515896412764, 2.5332319053493766, 3.0923529708464583, -2.119170130564668, -1.1063164648738242, -3.772153048854117, 3.282906158838, 3.9321262359268347, -7.042065089269192, 9.864150933940133, 2.4820026086833016, -0.30982398207022027] 
[0.7394765096593119, -1.0858409166869372, 0.19672546495008625, 3.2257281513318112, -0.2655922974316436, 1.0162996633028296, -1.4061576633122996, 2.433547486793474, -1.693322693906957, 2.3982829017987513, -1.867399133621701, 1.7440407097305002, 1.8549860159055107, 2.751089497613662, 3.149199574948425, -2.248862586533743, -1.2029205150100195, -3.5744359983635388, 3.573422719479656, 4.195458783653806, -7.161796206860358, 9.779072696097383, 2.6514870230178285, -0.48154338647734574] 
[0.2947382159812264, -1.5305792103650226, -0.24801282872799923, 2.7809898576537257, 0.1791459962464419, 1.461037956980915, -0.9614193696342141, 1.9888091931153884, -1.2485844002288715, 1.9535446081206658, -2.3121374272997866, 1.2993024160524147, 2.2702554065841962, 2.6572848389009724, 2.805256574932552, -2.6967325610904314, -0.7708605710241778, -3.9251369246066035, 3.830299050856766, 3.838827671331498, -6.145197917525769, 8.757203775085248, 2.1202430371244723, 0.02767174384535087] 
[0.44379505739082603, -1.6796360517746223, -0.09895598731839961, 2.9300466990633254, 0.03008915483684227, 1.3119811155713155, -0.8123625282246145, 2.137866034524988, -1.3976412416384711, 1.8044877667110661, -2.461194268709386, 1.150245574642815, 2.3955407419989894, 0.6219652610756894, 4.8419685934506855, -2.564652728189209, -0.8771867020547891, -3.8307848068540635, 3.729109724609544, 3.7030304052017646, -6.04287222073029, 8.925747433184528, 1.947823144381075, 0.1639919189064529] 
[0.22650373537316426, -1.4623447297569605, -0.3162473093360614, 3.147338021080987, 0.24738047685450404, 1.5292724375889772, -0.5950712062069528, 2.35515735654265, -1.1803499196208094, 1.5871964446934044, -2.2439029466917244, 1.3675368966604768, 2.7109561471948767, -1.4818824146582106, 6.93717879330373, -2.4080559136095165, -1.062539411750463, -3.72895141359857, 3.553278653111005, 3.4403407952511302, -6.321514139647594, 9.212159983049208, 1.6793430280373172, -0.06926762960192276] 
[0.3033127855676021, -1.5391537799513983, -0.23943825914162353, 3.224147071275425, 0.1705714266600662, 1.606081487783415, -0.6718802564013906, 2.278348306348212, -1.2571589698152472, 1.6640054948878422, -2.1670938964972866, 1.4443459468549147, 2.8122454647773054, -0.47477361850360555, 5.929417883107571, -2.5184056345847665, -1.1348119072778724, -4.117783192751043, 3.163407288524729, 3.371052683903099, -6.259077241604814, 9.110801984246025, 1.7800002932574115, -0.14581614021278316] 
[0.1350618473430174, -1.3709028417268136, -0.40768919736620823, 3.0558961330508403, 0.3388223648846509, 1.4378305495588304, -0.5036293181768059, 2.1100973681236272, -1.425409908039832, 1.4957545566632575, -1.9988429582727019, 1.6125968850794994, 2.6429903583814602, -0.5810401248376554, 5.860801895306192, -2.3630261028041133, -0.9782696020481942, -4.024298224328708, 3.0651992544271454, 3.512347956722008, -6.4136114649177305, 9.323006562389523, 1.5767573306422837, 0.020460859873953324] 
[0.24251964271074655, -1.2634450463590845, -0.5151469927339374, 3.1633539284185694, 0.44628016025238004, 1.3303727541911012, -0.39617152280907675, 2.002639572755898, -1.532867703407561, 1.3882967612955284, -2.106300753640431, 1.5051390897117702, 2.5327240623909275, -0.6860815140405336, 5.854784830059103, -2.263720898708552, -1.0819087379523789, -3.9436482135830393, 3.0268996541395774, 3.6074852542115794, -6.51521290820632, 9.204827682950464, 1.690996659146924, -0.08667132213479467] 
[0.48682114090093265, -1.5077465445492706, -0.7594484909241235, 3.4076554266087555, 0.6905816584425661, 1.0860712560009151, -0.6404730209992628, 2.246941070946084, -1.288566205217375, 1.1439952631053423, -1.861999255450245, 1.7494405879019563, 2.2683410404504336, -0.9624824909774832, 5.870795290861624, -2.0103000183849495, -1.4761251234670039, -2.52673415223787, 4.427582426390014, 3.8975385001814193, -6.770671757131052, 8.936436566420028, 1.9379292324812611, 0.15510145184978547] 
[0.318310961498689, -1.339236365147027, -0.5909383115218798, 3.239145247206512, 0.5220714790403225, 1.2545814354031588, -0.4719628415970192, 2.0784308915438405, -1.1200560258151313, 0.9754850837030986, -1.6934890760480013, 1.5809304084997127, 2.4231007008880203, -1.4289760973461774, 6.3437512740575395, -1.8661256972352604, -1.1758961643673, -3.060700363741633, 3.9165528031706778, 3.6077500338983306, -6.955721389718789, 9.072826667998264, 1.7466686549754622, -0.02688535619238344] 
[0.42708313621647775, -1.4480085398648157, -0.6997104862396686, 3.3479174219243006, 0.6308436537581112, 1.3633536101209476, -0.580735016314808, 2.1872030662616293, -1.0112838510973425, 1.0842572584208874, -1.5847169013302125, 1.6897025832175014, 2.5267498674067252, -1.5003035880463522, 6.304670775798655, -1.7487459278359656, -1.3696113073884315, -2.5636457614327193, 4.4049815013966285, 3.825168120495838, -6.734302928134997, 9.231462685426303, 1.8478278441212663, -0.13508698934062832] 
[-0.14321028553194282, -2.0183019616132363, -0.129417064491248, 2.77762400017588, 0.060550232009690674, 1.9336470318693681, -1.1510284380632285, 2.75749648801005, -1.581577272845763, 1.654550680169308, -1.014423479581792, 1.1194091614690809, 1.9393567813932582, -1.8373545742008428, 5.924039454550426, -2.3091306596961987, -1.6800901675462878, -4.152263194316626, 2.807750343410861, 4.171323898767003, -7.06516051397273, 9.729511026597649, 1.3042384618819274, 0.405058621730748] 
[-0.36131684642678863, -1.8001954007183905, -0.3475236253860938, 2.5595174392810343, 0.2786567929045365, 1.7155404709745223, -1.3691349989580743, 2.9756030489048957, -1.3634707119509173, 1.4364441192744621, -0.7963169186869461, 1.3375157223639267, 2.1564522861621525, -1.8537258103760383, 5.711200627367357, -2.1324921703879482, -1.8292987643471794, -3.8205846275267272, 3.1142517387223068, 4.296934803377994, -6.8288299574471685, 9.491867604084495, 1.5171389821130674, 0.19354947664794966] 
[0.007446306777936229, -1.4314322475136656, 0.021239527818631032, 2.1907542860763094, 0.6474199461092613, 2.084303624179247, -1.0003718457533495, 2.606839895700171, -0.9947075587461924, 1.0676809660697373, -1.165080071891671, 0.9687525691592018, 1.9984078334617763, 0.7676539318047191, 3.0662519849443886, -1.6525016912813866, -1.9497818177598503, -3.5264952500703157, 2.7433354097901725, 4.714473647253922, -7.257518086667537, 9.006330307797299, 1.0870612140999096, -0.1656946519576031] 
[-0.03968080212531788, -1.3843051386104115, -0.02588758108462308, 2.1436271771730553, 0.6945470550125155, 2.037176515275993, -0.9532447368500954, 2.5597127867969167, -1.0418346676494465, 1.0205538571664832, -1.212207180794925, 1.015879678062456, 2.0504389502366287, 5.508656003523161, -1.674724224040082, -1.6511296335010355, -1.887579721097467, -3.444093824417708, 2.8088180442351116, 4.7497771946139045, -7.180998965367237, 9.075604098343895, 1.0633111998547748, -0.20686306754714665] 
[-0.07958318718997504, -1.4242075236750686, 0.014014803980034074, 2.103724792108398, 0.6546446699478583, 1.997274130211336, -0.9931471219147525, 2.599615171861574, -1.0817370527141037, 1.0604562422311403, -1.172304795730268, 0.9759772929977988, 1.9944669146968725, 7.69340706575846, -3.8594512150253366, -1.7910581621190804, -2.033739946406659, -3.5462624664888365, 2.7095024409034667, 4.811201871354294, -7.2363888347609615, 9.008382334614733, 1.0207201333971812, -0.23577803277765022] 
[-0.29982972798906715, -1.2039609828759765, -0.20623173681905804, 1.883478251309306, 0.4343981291487662, 1.7770275894122438, -1.2133936627138446, 2.819861712660666, -0.8614905119150116, 1.2807027830302324, -1.39255133652936, 1.196223833796891, 1.7715109810872083, 7.926733995182241, -3.870091095885365, -1.0073260106518234, -1.2089696430598886, -3.0063829599385827, 3.2523735720641422, 4.441652149032601, -7.146710119023211, 8.787314834347734, 0.8072885170704669, -0.4021813225258944] 
[-0.4254015427435789, -1.3295327976304883, -0.3318035515735698, 2.0090500660638178, 0.30882631439425445, 1.651455774657732, -1.087821847959333, 2.6942898979061543, -0.9870623266695233, 1.1551309682757207, -1.5181231512838718, 1.0706520190423792, 1.9032724520862414, 7.868304553032729, -3.9629976699864526, -1.8190694112995431, -2.018668130237564, -2.943254027219409, 3.12045440493652, 4.5842800588616175, -7.243196528441391, 8.878658590808556, 0.6775139319688711, -0.2632430684461491] 
[-0.4626015099355456, -1.366732764822455, -0.29460358438160306, 2.0462500332557845, 0.3460262815862212, 1.6142558074657654, -1.1250218151512996, 2.6570899307141875, -1.02426229386149, 1.1923309354676874, -1.480923184091905, 1.1078519862343459, 1.918180559610457, 8.094381216971884, -4.190617570010872, -1.860360619134125, -2.014466753066341, -2.877948202731659, 3.184086644325964, 4.621086716498958, -7.209771647305102, 8.852817951951325, 0.7229193004138328, -0.30922325292066427] 
[-0.37197316677972836, -1.2761044216666377, -0.2039752412257858, 1.9556216900999672, 0.2553979384304039, 1.523627464309948, -1.2156501583071169, 2.5664615875583703, -1.1148906370173073, 1.2829592786235047, -1.3902948409360878, 1.0172236430785286, 2.0072062199009366, 8.112102505299308, -4.113276895083519, -1.8019625997377575, -2.057339614728664, -2.7272522814796516, 3.3330353842810254, 4.700200740289374, -7.270588129894351, 8.929980739090288, 0.8041931765115756, -0.2319518419751119] 
[-0.19267028301213784, -1.0968015378990472, -0.024672357458195293, 1.7763188063323767, 0.43470082219799444, 1.3443245805423576, -1.0363472745395264, 2.3871587037907798, -0.9355877532497168, 1.4622621623910952, -1.2109919571684973, 1.1965265268461192, 2.192526117600784, 8.055103516760738, -4.275787324044843, -3.294583976930455, -3.5487058328412306, -2.4517959358081955, 3.5992998536976506, 4.548917309261405, -7.0527342992368425, 9.16913111439337, 0.9790652142721543, -0.07832348443873843] 
[-0.3091018936569476, -0.9803699272542374, -0.14110396810300507, 1.659887195687567, 0.31826921155318466, 1.2278929698975478, -0.9199156638947166, 2.5035903144355895, -1.0520193638945265, 1.578693773035905, -1.0945603465236875, 1.312958137490929, 2.2299716299841497, 8.958832995720863, -5.181343025555898, -3.358905919714514, -3.4876554209805564, -2.540580038196122, 3.6633289202773893, 4.460618756029125, -6.960373023993846, 9.07794571744376, 1.0723718017259816, 0.03464965963126988] 
[-0.010831310184531873, -1.2786405107266532, 0.15716661536941068, 1.3616166122151512, 0.01999862808076891, 1.5261635533699636, -0.6216450804223008, 2.205319730963174, -0.7537487804221108, 1.2804231895634892, -1.3928309299961033, 1.6112287209633447, 1.8892560763880173, 9.209460820475847, -5.046884005645755, 1.3133902133700794, 1.1814073865964243, -1.9717282774389506, 4.243242960391305, 4.33658899993225, -6.682946996483328, 8.833431224323114, 1.3156001659378795, 0.3333555436006013] 
[-0.11147799318287, -1.177993827728315, 0.2578132983677488, 1.4622632952134893, 0.12064531107910703, 1.6268102363683017, -0.7222917634206389, 2.1046730479648357, -0.6531020974237727, 1.3810698725618273, -1.4934776129944414, 1.5105820379650066, 1.7892236455166861, 9.012556381261899, -4.731940403096761, 4.312031478234154, 4.178499301946478, -2.498806987499253, 3.717363818331857, 4.513749224899725, -6.505690669280012, 8.764916170218957, 1.408931935706103, 0.435065298766542] 
[-0.17040937483558594, -1.1190624460755991, 0.31674468002046474, 1.5211946768662052, 0.17957669273182297, 1.5678788547155857, -0.663360381767923, 2.1636044296175516, -0.5941707157710567, 1.4400012542145433, -1.5524089946471573, 1.4516506563122906, 1.7310577692429858, 8.994579641849711, -4.775282833287421, 4.2770213384887645, 4.2040469568378045, -2.53375776360662, 3.7496351613826966, 4.549225451156854, -6.550230744236312, 8.699639871604553, 1.346726846708606, 0.37683777151883663] 
[-0.37177432465769655, -1.3204273958977097, 0.11537973019835412, 1.7225596266883159, 0.3809416425539336, 1.7692438045376964, -0.4619954319458124, 2.3649693794396622, -0.3928057659489461, 1.2386363043924327, -1.753773944469268, 1.25028570649018, 2.033059229392976, 7.635152927573357, -3.4273490047627284, 4.452134643523964, 4.166204025287874, -2.6480584220959003, 3.861940663786797, 4.1034405575788195, -7.001824459933434, 8.482893557532844, 1.5479873361493004, 0.17235330173005606] 
[-0.6002841637956422, -1.5489372350356554, -0.11313010893959152, 1.9510694658262615, 0.15243180341598794, 1.997753643675642, -0.23348559280786674, 2.593479218577608, -0.6213156050868918, 1.010126465254487, -1.5252641053313223, 1.4787955456281257, 2.259879384941209, 7.653926341626869, -3.2162018472797365, 4.574996477377978, 4.051302779795008, -2.502347880208369, 3.7618701225340514, 3.9481922354189534, -6.88624935832013, 8.22511563758551, 1.796917636879181, 0.37571652550180346] 
[-0.7461471190276114, -1.4030742798036862, 0.032732846292377715, 1.8052065105942923, 0.006568848184018705, 2.1436165989076112, -0.0876226375758975, 2.4476162633456386, -0.4754526498549225, 0.8642635100225178, -1.379401150099353, 1.3329325903961564, 2.415760473945978, 6.842525559017691, -2.4066256205440313, 3.051247226630409, 2.5395326052423304, -1.4892455003044438, 4.79301350893358, 3.9659392360923245, -6.992493242767991, 8.347389345668908, 1.9398350694092545, 0.5146048052157559] 
[-1.2269327526003124, -1.8838599133763871, -0.4480527872803233, 1.3244208770215913, 0.4873544817567197, 2.6244022324803122, -0.5684082711485985, 2.9284018969183396, 0.005332983717778461, 1.3450491435952188, -0.8986155165266521, 1.8137182239688574, 1.71910400374708, 8.74750690394114, -4.265688930076629, 2.893140080442776, 2.8690421867434663, 1.438864291132669, 7.716144976148701, 4.20930695873975, -7.223462160779757, 8.837485720242677, 2.422347733807729, 0.9229286435325545] 
[-0.7606858809706942, -1.417613041746769, 0.018194084349294926, 1.7906677486512095, 0.9536013533863379, 2.158155360850694, -0.10216139951898029, 3.394648768547958, -0.46091388791183974, 0.8788022719656006, -1.3648623881562703, 1.3474713523392392, 1.3201791819295974, 8.97969540905937, -3.856143659383439, 3.21335891899289, 2.6627078033760667, 1.3119042374144316, 8.582034379429308, 3.2331641269820453, -7.8624004374426715, 7.669529359689191, 1.2648729343316443, 1.340412454692013] 
[-0.5869049344669275, -1.2438320952430022, 0.19197503085306167, 1.9644486951549762, 0.7798204068825711, 1.9843744143469273, 0.07161954698478645, 3.220867822044191, -0.6346948344156065, 1.0525832184693673, -1.538643334660037, 1.1736904058354725, 1.0765150572402307, 9.644016697285798, -4.505671862733342, 3.627570121754219, 3.0877601842523794, 1.4879955399468752, 8.499434293309664, 3.1090646571417166, -8.064858276261246, 7.464403305424073, 1.4370619623117362, 1.1428125433157268] 
[-0.9522397434147862, -0.8784972862951435, -0.17335977809479708, 2.329783504102835, 0.4144855979347124, 2.349709223294786, 0.4369543559326452, 3.58620263099205, -0.26936002546774773, 1.417918027417226, -1.1733085257121783, 0.8083555968876137, 1.5159260360275322, 9.227529436481673, -4.54055407690186, 3.2843728648803983, 3.120831746194408, 0.4635451015095502, 7.478988000882227, 3.464482851818086, -8.368880142621865, 7.751040203203964, 1.8956037520119815, 0.6896807929036051] 
[-0.8297779216300292, -1.0009591080799005, -0.29582159987955414, 2.452245325887592, 0.5369474197194695, 2.227247401510029, 0.5594161777174023, 3.4637408092072928, -0.3918218472525048, 1.5403798492019831, -1.2957703474969353, 0.9308174186723708, 1.1566539044755486, 9.682898472864926, -4.8727800805657155, 3.158334059305325, 3.1538465171327057, 0.4275939192825177, 7.614672880167631, 3.592812820031341, -8.287559208516718, 7.94416315105315, 2.0791377170184777, 0.794343452484856] 
[-1.1228706109792839, -0.7078664187306458, -0.5889142892288088, 2.1591526365383373, 0.24385473037021477, 1.9341547121607743, 0.26632348836814757, 3.170648119858038, -0.0987291579032501, 1.2472871598527284, -1.0026776581476806, 1.2239101080216255, 1.1975012811598045, 10.316633827657876, -5.529225734349088, 3.00343571239488, 3.57058057684846, 1.2769960044243793, 8.404928797648724, 3.615994071378554, -8.583873542989016, 8.17359867780803, 1.8384081712279734, 1.091643789145277] 
[-1.0362693615842602, -0.6212651693356221, -0.6755155386238325, 2.0725513871433137, 0.1572534809751911, 1.8475534627657506, 0.35292473776317124, 3.0840468704630144, -0.012127908508226426, 1.1606859104577048, -0.916076408752657, 1.3105113574166491, 0.9111152704570764, 10.608375809295449, -5.567761109788878, 2.7608358893158598, 3.3516290240082713, 1.9173381999238046, 9.049636711084954, 3.5920188107785185, -8.667957845194087, 8.232608233115863, 1.7892444706997768, 1.0095212692765148] 
[-1.0192972730281724, -0.6382372578917099, -0.6924876271799203, 2.055579298587226, 0.17422556953127888, 1.8305813742096628, 0.369896826319259, 3.101018959019102, -0.02909999706431421, 1.143713821901617, -0.8991043201965692, 1.2935392688605614, 0.8551677572859635, 10.664077492124505, -5.565955414707241, 2.7515253606581074, 3.3623133801332896, 1.9175265829421906, 9.068638616597191, 3.6117657391881295, -8.64973841400746, 8.270246510482396, 1.8260965456071683, 1.0234938724999134] 
[-0.7601439367898806, -0.3790839216534181, -0.9516409634182121, 2.3147326348255177, -0.08492776670701296, 2.0897347104479547, 0.6290501625575509, 3.360172295257394, -0.28825333330260605, 0.8845604856633251, -0.6399509839582773, 1.0343859326222695, 1.1112804057423724, 10.668522470113938, -5.235032125152315, 3.0563371427494195, 3.312483803021912, 2.1534878999183347, 9.04367008560605, 3.878866649640874, -8.378216809591482, 8.45883731703184, 1.6956910952761095, 0.7759139643350338] 
[-0.9994528189192486, -0.13977503952405002, -0.7123320812888441, 2.0754237526961496, 0.1543811154223551, 1.8504258283185866, 0.8683590446869189, 3.120863413128026, -0.5275622154319741, 0.645251603533957, -0.40064210182890925, 1.2736948147516376, 1.2110814491675743, 10.886466784890144, -5.508200019794263, 3.0564625195282775, 3.079264079839313, 1.9416261075237287, 9.073405256583863, 3.6634869507407424, -8.470176172440393, 9.090905870992941, 2.3830255565069596, 0.4036949400245439] 
[-0.9832612138238872, -0.12358343442868858, -0.7285236863842055, 2.059232147600788, 0.17057272051771655, 1.866617433413948, 0.8521674395915575, 3.1046718080326645, -0.5113706103366127, 0.6614432086293185, -0.3844504967335478, 1.2575032096562762, 1.115528332694041, 10.981741962568698, -5.499265324708686, 3.050632484405276, 3.0908214164563512, 1.901770911125582, 9.034453554693355, 3.67153484786399, -8.464975471269966, 9.063342376208647, 2.3548881787028644, 0.3900700318533426] 
[-0.9710059038582024, -0.13583874439437338, -0.7407789963498903, 2.0469768376351034, 0.15831741055203175, 1.8543621234482632, 0.8399121296258727, 3.1169271179983493, -0.5236259203022975, 0.6736985185950033, -0.372195186767863, 1.269758519621961, 1.1125393506844723, 10.970523128066555, -5.471172324729532, 3.099872532962527, 3.1343654951956976, 1.8722689312528908, 9.005034776955133, 3.6767607973297998, -8.49226251622653, 9.024103402749917, 2.3217542840902223, 0.4053475196791953] 
[-1.343094757447382, -0.5079275979835529, -1.1128678499390698, 1.6748879840459239, -0.2137714430371478, 1.4822732698590837, 1.2120009832150522, 2.74483826440917, -0.15153706671311795, 1.0457873721841828, -0.7442840403570425, 1.6418473732111405, 1.3898442061060068, 11.086417248308798, -4.949964167729158, 3.607726147696512, 3.097331084781123, 2.176180412967282, 8.898488155798402, 4.028299007192098, -8.377343538636374, 8.35297668085624, 1.6383938979781685, 0.0908461583186147] 
[-1.2228139198899974, -0.3876467604261684, -0.9925870123816853, 1.7951688216033084, -0.09349060547976329, 1.3619924323016992, 1.0917201456576677, 2.6245574268517853, -0.03125622915573345, 1.1660682097415673, -0.864564877914427, 1.521566535653756, 0.5561252001995122, 11.924572181530298, -5.119146543659808, 3.5067951185491917, 3.1744257721518445, 2.2700148176813624, 8.820676883971531, 3.892131911848978, -8.540064372338065, 8.006560374869771, 1.2970462159555423, -0.037662887533216866] 
[-1.2436232510605691, -0.3668374292555967, -0.9717776812111136, 1.81597815277388, -0.07268127430919158, 1.382801763472271, 1.070910814487096, 2.6037480956812136, -0.05206556032630516, 1.186877540912139, -0.8853742090849988, 1.5423758668243277, 0.5608073063364997, 11.943102595921882, -5.144639981886884, 3.487208778029656, 3.1850207791068597, 2.3109410160026256, 8.865381189464747, 3.8576121239157883, -8.568876860209599, 7.993332231666253, 1.3102779360301118, -0.05866728764364266] 
[-1.2224482281162992, -0.3880124521998667, -0.9929527041553836, 1.83715317571815, -0.051506251364921596, 1.403976786416541, 1.049735791542826, 2.5825730727369436, -0.030890537382035177, 1.208052563856409, -0.8641991861407288, 1.5212008438800577, 0.3816937533974693, 12.121776151223541, -5.131885024469322, 3.5042650199067715, 3.1730953187801516, 2.294227826488222, 8.874965446670545, 3.8841742650170294, -8.5414026562056, 7.980527733945374, 1.3237743659710808, -0.03760347255774983] 
[-0.9175349247297788, -0.08309914881334635, -0.6880394007688633, 2.1420664791046704, -0.35641955475144194, 1.0990634830300205, 0.7448224881563057, 2.2776597693504232, -0.3358038407685555, 0.9031392604698887, -0.5592858827542084, 1.2162875404935374, -1.9156035228160582, 14.411700043307881, -4.936419736957113, 3.7594925504409247, 3.002876925027379, 2.4627858245883285, 8.59760609115704, 4.335317856542559, -8.115581808184073, 8.18044971317078, 1.1442033790566617, -0.3401142054209901] 
[-0.545283496844231, 0.2891522790722014, -1.060290828654411, 2.514317906990218, 0.015831873134105834, 0.7268120551444728, 0.3725710602707579, 2.649911197235971, 0.03644758711699225, 0.5308878325843409, -0.9315373106397562, 1.5885389683790851, -0.07877815770081575, 12.561007993944974, -4.299008283563423, 4.323643935559792, 2.9598465533737452, 2.295495624151992, 8.937565615733272, 3.983496222034093, -7.948028737093687, 8.037083677173694, 1.473083192027233, -0.7498694195240767] 
[-0.6678174583516743, 0.41168624057964465, -1.1828247901618543, 2.6368518684976614, -0.10670208837333739, 0.849346016651916, 0.2500370987633147, 2.7724451587434142, 0.15898154862443548, 0.4083538710768977, -0.809003349132313, 1.7110729298865284, -0.007910772725773424, 12.664937956080546, -4.159432602492561, 4.330528862072743, 3.0816084853781973, 2.58221411140102, 9.204766683162848, 4.120116402497453, -7.770158326570705, 8.206685741626034, 1.645334309465924, -0.8702883793329235] 
[-0.6411873173701252, 0.3850560995980956, -1.1561946491803052, 2.6102217275161124, -0.13333222935488642, 0.875976157633465, 0.27666723974486374, 2.745815017761865, 0.1856116896059845, 0.4349840120584467, -0.835633490113862, 1.6844427889049793, -0.0240189815357305, 12.646398146341461, -4.1682797214657015, 4.357445250673768, 3.119296889081628, 2.682298327603413, 9.303104201787907, 4.124641835471164, -7.790773723061268, 8.173827072384436, 1.611996911814381, -0.8467537083693158] 
[-0.8105518558355094, 0.5544206380634797, -0.9868301107149211, 2.4408571890507282, -0.30269676782027055, 0.7066116191680809, 0.1073027012794796, 2.9151795562272493, 0.35497622807136864, 0.6043485505238309, -1.0049980285792461, 1.5150782504395952, -0.4099489504934686, 13.037064063622482, -4.107569962733339, 4.607282254606839, 3.297619396672083, 2.115558679892184, 8.742671073835565, 3.9758479264669235, -7.982446766109966, 7.967084809268729, 1.3708816684071021, -1.0345104817969124] 
[-0.7281322149808958, 0.6368402789180934, -0.9044104698603075, 2.3584375481961146, -0.22027712696565693, 0.6241919783134673, 0.18972234213409322, 2.8327599153726357, 0.272556587216755, 0.6867681913784445, -1.0874176694338598, 1.4326586095849816, -0.36605201907712936, 13.099589113176634, -4.071816999925583, 4.498143279716966, 3.1617522015207347, 2.020846328690204, 8.760933454899213, 4.048887991839233, -8.020338993839857, 7.862164571765748, 1.2551322848082271, -0.9476132148725777] 
[-0.8065295087318454, 0.715237572669043, -0.8260131761093579, 2.280040254445165, -0.14187983321470732, 0.5457946845625177, 0.26811963588504284, 2.9111572091235853, 0.35095388096770463, 0.7651654851293941, -1.0090203756829101, 1.5110559033359312, -0.17787392890653228, 12.894402509680374, -4.166973818215447, 4.5864229918073, 3.2851158777286886, 2.079712054876323, 8.69838557873246, 4.166323837843254, -7.916260281824246, 7.902898767751339, 1.1951540048993994, -1.0203555972624523] 
[-0.822597752705061, 0.6991693286958274, -0.8099449321361423, 2.2639720104719494, -0.12581158924149172, 0.5618629285357333, 0.25205139191182724, 2.8950889651503697, 0.33488563699448903, 0.7490972411561785, -1.0250886196561257, 1.4949876593627156, -0.14593615572808716, 12.865283132060288, -4.152817984534603, 4.6059113821117865, 3.281783168176042, 2.115439835979669, 8.738589448877642, 4.1371475447739625, -7.936787283005064, 7.896373137099567, 1.2083932245172637, -1.0047698546257613] 
[-0.9036912815652549, 0.6180757998356334, -0.7288514032759483, 2.1828784816117555, -0.044718060381297775, 0.6429564573959272, 0.1709578630516333, 2.813995436290176, 0.415979165854683, 0.6680037122959845, -1.1061821485163197, 1.5760811882229095, -0.13619519389194357, 12.992481106521035, -3.9820089368759164, 4.750781101124969, 3.2880068983503494, 2.2788024090526346, 8.898492589801881, 4.160638177742621, -8.048247331189009, 8.048937049198774, 1.3445643226377137, -1.0923187869796607] 
[-0.8349985042412733, 0.686768577159615, -0.6601586259519667, 2.114185704287774, 0.023974716942683827, 0.5742636800719456, 0.1022650857276517, 2.745302658966194, 0.4846719431786646, 0.7366964896199661, -1.037489371192338, 1.6447739655468911, 0.12441563099961334, 12.692737100939882, -4.222023674539412, 4.45848941480638, 3.0441271433523345, 2.4288123780884, 9.044757681876614, 4.245721440665865, -7.9267242538490885, 7.955206690044391, 1.3897163024162198, -1.0234585362103255] 
[-0.9094461347301355, 0.6123209466707529, -0.5857109954631046, 2.188633334776636, 0.09842234743154599, 0.49981604958308345, 0.17671271621651385, 2.670855028477332, 0.4102243126898024, 0.8111441201088283, -1.1119370016812002, 1.570326335058029, 0.03131536944209143, 12.725275886256464, -4.062516607408221, 4.760791981023286, 3.323367129458643, 2.384757061106044, 9.106395561845567, 4.106728925653088, -8.10235302875724, 8.124694012324644, 1.5191833055303736, -0.942907530757313] 
[-0.8377547350046051, 0.6840123463962833, -0.657402395188635, 2.2603247345021664, 0.026730947706015584, 0.5715074493086139, 0.10502131649098345, 2.7425464282028624, 0.338532912964272, 0.8828355198343587, -1.1836284014067306, 1.6420177347835594, 0.03228943505198605, 12.834781814271551, -3.9318328215852647, 4.862985653178787, 3.3178314242143383, 2.4433074357707567, 9.077818162325322, 3.9931095300414343, -8.214354729170918, 8.099325548211096, 1.5833826692049426, -0.8712347609179938] 
[-0.870246455152607, 0.7165040665442852, -0.624910675040633, 2.2928164546501684, 0.05922266785401753, 0.6039991694566158, 0.0725295963429815, 2.7750381483508644, 0.30604119281627007, 0.8503437996863568, -1.2161201215547326, 1.6745094549315613, -0.06613872449768837, 12.949261184124431, -3.8562552577622853, 4.878814230384949, 3.3596797292364795, 2.4647837202971736, 9.058446022520938, 3.973770166697011, -8.182586466485276, 8.066773107897852, 1.6055976118214799, -0.9027970019786014] 
[-1.1139581786593986, 0.4727923430374936, -0.8686223985474246, 2.53652817815696, 0.30293439136080913, 0.8477108929634074, 0.3162413198497731, 3.018749871857656, 0.5497529163230617, 1.0940555231931484, -1.4598318450615242, 1.4307977314247697, -0.6049770018686438, 13.461184772693366, -3.9798323533130797, 4.687991726215773, 3.506032581696268, 1.8876842733030776, 8.477184546374659, 4.175405090655678, -8.400990562785852, 8.300762511093648, 1.403679127503597, -1.1594413007018272] 
[-0.9722895860076015, 0.3311237503856965, -0.7269538058956275, 2.394859585505163, 0.16126579870901203, 0.9893794856152045, 0.174572727197976, 2.877081279205859, 0.40808432367126457, 0.9523869305413513, -1.318163252409727, 1.2891291387729726, 0.0502794254012251, 12.81839765319848, -3.806928409827765, 4.893045524230202, 3.4111480207605602, 2.0424039257163145, 8.473723630465258, 4.013941586223676, -8.607457299816302, 8.505700735305886, 1.5722388286892763, -1.311837015507856] 
[-0.93478337235182, 0.3686299640414781, -0.689447592239846, 2.4323657991609444, 0.19877201236479358, 1.026885699270986, 0.13706651354219446, 2.8395750655500773, 0.4455905373270461, 0.9148807168855697, -1.3556694660655086, 1.3266353524287542, 0.05044837222686402, 12.770176403740368, -3.8842539794379434, 4.821026086032349, 3.4134514756958425, 2.028880607824509, 8.50343164332408, 3.979329225149393, -8.583637420921868, 8.530497893838849, 1.5325499341374003, -1.268138223183048] 
[-0.8651107482765852, 0.43830258811671285, -0.7591202163150808, 2.502038423236179, 0.26844463644002836, 1.0965583233462208, 0.20673913761742924, 2.909247689625312, 0.37591791325181134, 0.8452080928103349, -1.4253420901407434, 1.396307976503989, 0.28878572483986675, 12.545418248504697, -3.740328882686627, 5.068356616706304, 3.6425374880537795, 1.544301963751666, 8.025509549269858, 4.061935357649263, -8.656337581717658, 8.630081810235538, 1.608974698433039, -1.2094735572357762] 
[-0.27040854355677624, 1.0330047928365218, -1.3538224210348897, 3.096740627955988, -0.3262575682797806, 0.5018561186264119, -0.3879630671023797, 2.314545484905503, -0.2187842914679976, 1.4399102975301439, -2.0200442948605524, 1.991010181223798, 0.5995328391221693, 12.957415177218618, -3.582740703766682, 6.408270956345773, 5.238866842885137, -3.0065077311053505, 3.497913795685327, 5.294494038389685, -7.583681782586176, 7.703839982966717, 0.8431150042678812, -0.5274763058309937] 
[-0.28350581272887254, 1.046102062008618, -1.3407251518627934, 3.1098378971280844, -0.3393548374518769, 0.5149533877985082, -0.3748657979302834, 2.301448215733407, -0.2318815606400939, 1.4268130283580476, -2.0331415640326487, 1.9779129120517016, 0.6107575291231047, 12.971100387327697, -3.570820338096906, 6.401036636772331, 5.22858803135764, -2.996231169200536, 3.4980667694142595, 5.3341981008686306, -7.543723363738883, 7.7277129571563705, 0.8193007688375303, -0.5417157116621432] 
[-0.1672395824103674, 0.929835831690113, -1.2244589215442883, 2.9935716668095793, -0.22308860713337175, 0.39868715748000305, -0.25859956761177827, 2.417714446051912, -0.34814779095859905, 1.5430792586765527, -2.149407794351154, 1.8616466817331965, 0.5030324981493363, 12.91014707359338, -3.3585788341923273, 6.621600262223668, 5.350025433303488, -2.983573196131721, 3.7150256714557304, 5.781962070804991, -7.1206399925771695, 7.94637993192601, 0.6026187950840727, -0.6690002648102462] 
[0.060034375316671884, 0.7025618739630737, -1.4517328792713275, 3.2208456245366186, 0.004185350593667536, 0.17141319975296376, -0.48587352533881756, 2.6449884037789513, -0.12087383323155976, 1.770353216403592, -1.9221338366241145, 1.6343727240061572, 0.7432879375012249, 12.779729725065897, -2.9084180664339523, 7.085147810368459, 5.06009826934799, -3.4064839285009962, 3.3402452880851317, 5.823185096221387, -7.319812655535232, 8.41092487037599, 0.13812718816416836, -0.4448168851699732] 
[0.09605986244107356, 0.7385873610874754, -1.4157073921469259, 3.184820137412217, 0.040210837718069214, 0.20743868687736544, -0.4498480382144159, 2.6089629166545496, -0.15689932035596144, 1.7343277292791903, -1.9581593237485162, 1.6703982111305589, 0.7809951880667582, 12.816457410459146, -2.92178891372106, 7.11141272561446, 5.023957272942694, -3.438466915126835, 3.3660614779426856, 5.809873635141034, -7.29047475905561, 8.464235081262053, 0.08466862924248497, -0.4802102131444837] 
[0.05078519284106875, 0.6933126914874705, -1.4609820617469307, 3.2300948070122217, 0.08548550731807403, 0.16216401727736063, -0.4951227078144207, 2.563688247054545, -0.11162465075595662, 1.6890530596791855, -1.9128846541485114, 1.7156728807305637, 0.8233948654155474, 12.775918559469945, -2.905087428772299, 7.078013594952499, 5.071074335697283, -3.479677324295936, 3.3979857334396613, 5.794286893191841, -7.250653861460519, 8.391855867660432, 0.15592565058517005, -0.43600363558432587] 
[0.13657023636511667, 0.6075276479634226, -1.3751970182228828, 3.144309763488174, -0.00029953620597389374, 0.24794906080140855, -0.5809077513384686, 2.477903203530497, -0.0258396072319087, 1.6032680161551376, -1.8270996106244635, 1.8014579242546116, 0.9117069828977452, 12.840642660114485, -3.2554671599831546, 6.7246068493994455, 5.154449500576849, -3.410326753055209, 3.3313173587753178, 5.817966348125888, -7.3258530428947966, 8.457740994772752, 0.2185397514383588, -0.3512233001641629] 
[0.05063855731582123, 0.5215959689141272, -1.4611286972721782, 3.2302414425374693, -0.08623121525526933, 0.333880739850704, -0.4949760722891732, 2.3919715244812014, 0.06009207181738674, 1.5173363371058421, -1.741167931575168, 1.887389603303907, 0.8151853060609359, 12.745906709955536, -3.237404155540098, 6.6532685342352424, 5.068519984911768, -3.5326138613619475, 3.1542331714692335, 5.66032149995491, -7.32100182762558, 8.342822860709047, 0.33296774057083156, -0.2661132099119506] 
[0.40135151978158135, 0.17088300644836707, -1.110415734806418, 3.5809544050032294, -0.43694417772102945, 0.6845937023164641, -0.14426310982341306, 2.7426844869469615, -0.2906208906483734, 1.166623374640082, -2.091880894040928, 2.238102565769667, 1.150553635482281, 12.396260237328836, -3.4880559882022757, 6.792014843261509, 4.736939948621213, -3.2800213281077695, 2.9062549655298398, 5.7521460572892, -7.617461565967851, 8.642535952379278, 0.6388611111847532, 0.08961486421454135] 
[0.6507139197371572, -0.07847939350720878, -1.359778134761994, 3.3315920050476535, -0.6863065776766053, 0.93395610227204, -0.3936255097789889, 2.9920468869025374, -0.5399832906039492, 1.4159857745956579, -1.8425184940853523, 2.487464965725243, 1.522287120849245, 12.714129659806236, -4.5606904733961064, 5.733949678716316, 4.4547591230445835, -4.001285740179499, 2.2216242693955044, 5.495735708126679, -7.445808528149093, 8.803516245750389, 0.881055763620458, 0.39009868514499363] 
[0.3739261730663621, 0.1983083531635863, -1.0829903880911989, 3.0548042583768584, -0.9630943243474004, 1.210743848942835, -0.11683776310819383, 3.2688346335733325, -0.26319554393315414, 1.692773521266453, -2.1193062407561474, 2.210677219054448, 1.2702485395320786, 12.755112554575826, 1.8379553573439749, 12.129656079813493, 4.660263708322616, -3.665018538478603, 2.192782524905952, 5.738712683943786, -7.677181801398851, 9.017052393531166, 1.0794042950921052, 0.1366912185582974] 
[0.6475846179211082, 0.4719667980183324, -0.8093319432364527, 3.3284627032316045, -1.2367527692021465, 0.9370854040880889, -0.39049620796293993, 3.5424930784280786, 0.010462900921591967, 1.966431966121199, -2.3929646856108935, 2.484335663909194, 1.7079114511204116, 13.213079477114618, 2.158759185216834, 12.138673514954528, 4.9141484912427655, -3.734365930785617, 2.439901633682435, 5.99068683987908, -7.416266761212437, 8.446343163258522, 1.657444291351923, -0.17280236063523036] 
[0.41111957429392376, 0.23550175439114795, -1.0457969868636372, 3.09199765960442, -1.000287725574962, 0.7006203604609045, -0.6269612515901244, 3.778958122055263, 0.24692794454877642, 2.2028970097483835, -2.629429729238078, 2.7208007075363785, 2.1211476090854213, 13.542071835607493, 1.641103632584988, 11.564852384217765, 5.1386719743546525, -3.799966013857899, 2.6341221365413956, 5.864353087092658, -7.6097703219507205, 7.738997626126599, 2.35295802090327, -0.08077153741947421] 
[0.2707746810036227, 0.09515686110084687, -0.9054520935733361, 2.951652766314119, -1.1406326188652631, 0.8409652537512056, -0.4866163582998233, 3.919303015345564, 0.3872728378390775, 2.0625521164580825, -2.489084835947777, 2.5804558142460774, 2.399557160477914, 13.89735471783047, 2.636842254663782, 12.537367650774922, 4.791943177729318, -4.141453281313763, 2.7109427084423623, 5.9552425099704225, -7.4446806554046745, 8.318132935394067, 1.737606541993855, 0.22220524615243667] 
[0.057486943563887394, -0.11813087633888841, -1.1187398310130714, 2.7383650288743837, -0.9273448814255278, 0.6276775163114703, -0.273328620860088, 4.132590752785299, 0.17398510039934223, 2.2758398538978177, -2.702372573387512, 2.367168076806342, 2.692591039207931, 14.19685060460614, 2.7816229541272732, 12.426279205101398, 4.6037733789496675, -4.090172548060801, 2.5288436967222094, 6.0322174726143905, -7.277760431541761, 8.301109707630468, 1.4676842369161103, 0.501011425389121] 
[0.2860810605368016, 0.1104632406340258, -1.3473339479859856, 2.966959145847298, -0.6987507644526136, 0.3990833993385561, -0.044734503887173815, 3.903996635812385, -0.05460901657357198, 2.504433970870732, -2.473778456414598, 2.5957621937792563, 2.476113790494151, 14.409222841890317, 2.856935448159708, 12.253008073424843, 4.540013154245617, -3.7835064842424573, 2.870908553585523, 6.111016272517888, -7.613609653424926, 7.573183623737047, 2.1727911708412733, 0.5907058104040902] 
[0.11917307045170844, -0.056444749451067366, -1.1804259579008924, 2.8000511557622048, -0.5318427743675205, 0.5659913894236492, -0.21164249397226698, 3.737088645727292, -0.22151700665866514, 2.337525980785639, -2.3068704663295048, 2.7626701838643495, 2.3189576580330726, 14.44399194623965, -0.9004257636263957, 8.490357015213826, 4.216952937091011, -3.8609928618872855, 2.6830804353909086, 6.181817647229508, -7.482235028832907, 7.155731594219384, 2.701022514929814, 0.1990687676199751] 
[-0.027749449415917837, 0.09047777041655891, -1.0335034380332662, 2.946973675629831, -0.3849202544998942, 0.7129139092912755, -0.0647199741046407, 3.5901661258596658, -0.3684395265262914, 2.1906034609180125, -2.1599479464618785, 2.615747663996723, 2.1520621002099976, 14.275729701897255, -0.8286972769611123, 8.737567361204647, 4.56184567730409, -3.437469200635319, 2.9873719906266802, 5.9501327468360845, -7.240313904342315, 7.385170809257929, 2.461369406632259, 0.16662776412537317] 
[0.15201993166086325, 0.27024715149334, -1.2132728191100473, 3.126743056706612, -0.2051508734231131, 0.5331445282144944, -0.24448935518142179, 3.4103967447828847, -0.18867014544951033, 2.0108340798412314, -2.3397173275386596, 2.7955170450735043, 2.33704020935659, 14.087228944385645, -0.90700678433593, 8.868815327547518, 4.749488699605919, -3.452421301989452, 3.173390819879744, 6.297068381467622, -7.634057428188067, 7.77722139041688, 2.1341797598081986, 0.12352645262276414] 
[0.6942774693795677, -0.27201038622536444, -1.7555303568287517, 3.6690005944253166, -0.7474084111418176, 1.0754020659331989, -0.7867468929001262, 2.8681392070641802, 0.3535873922691941, 1.468576542122527, -1.7974597898199551, 2.2532595073548, 1.8710995598633704, 14.610166805744047, -0.37989126426813635, 8.79853987331061, 3.9971372045332982, -4.648028081055029, 2.0934774223340065, 6.493950696847919, -7.127023228563287, 7.587550224729701, 1.5004101135950454, 0.8482973825107907] 
[0.7562547824969634, -0.2100330731079687, -1.8175076699461474, 3.7309779075427123, -0.8093857242592133, 1.1373793790505946, -0.848724206017522, 2.930116520181576, 0.41556470538658985, 1.4065992290051312, -1.8594371029373509, 2.3152368204721956, 1.6955211850065952, 14.42584091456642, -0.752681563446677, 8.427201422089702, 3.932967093798373, -4.565706483393772, 2.1774474086500506, 6.446067744718936, -7.20035533802671, 7.669509366836559, 1.4170292848004644, 0.7810910680284173] 
[0.48078268504458066, 0.06543902434441407, -1.5420355724937647, 3.4555058100903295, -0.5339136268068305, 0.8619072815982118, -1.1241963034699047, 3.2055886176339587, 0.14009260793420708, 1.682071326457514, -1.583965005484968, 2.5907089179245784, 0.9105273888558021, 13.666632148230079, 0.4107249462738036, 9.589121013152093, 3.604340377865567, -5.206661589972528, 1.494986057310025, 5.9861136158928785, -6.996977661200275, 7.8820689102564385, 1.6108276690123908, 0.5261950292118325] 
[0.5261434128195503, 0.11079975211938375, -1.5873963002687344, 3.500866537865299, -0.5792743545818002, 0.9072680093731815, -1.078835575694935, 3.2509493454089284, 0.18545333570917677, 1.6367105986825443, -1.6293257332599378, 2.5453481901496087, 0.8786274389975848, 13.695800646330715, -0.47150422624572186, 8.706952441404159, 3.582528424071583, -5.153327770468155, 1.5475907122077381, 5.972788060556745, -7.04129081769125, 7.926214405385896, 1.6516905376991569, 0.5676897421746799] 
[0.15659324772591532, 0.4803499172130188, -1.9569464653623694, 3.8704167029589343, -0.20972418948816518, 0.5377178442795465, -0.7092854106013, 2.8813991803152934, -0.18409682938445826, 1.2671604335889093, -1.2597755681663028, 2.1757980250559736, 0.13521315005135004, 12.946757961042492, 4.844604360102225, 14.02293256736304, 3.775175992236461, -5.796066782775077, 0.4751143590760416, 5.0410855480407415, -7.368400823333095, 7.531305147068974, 2.0248941886176994, 0.9169346524353807] 
[-0.29487636758804214, 0.9318195325269762, -2.408416080676327, 3.418947087644977, -0.6611938048021226, 0.08624822896558904, -0.25781579528734255, 3.332868795629251, -0.6355664446984157, 0.8156908182749518, -0.8083059528523453, 1.7243284097420162, 0.6532090227497362, 13.42776834324727, 5.08951165015659, 13.820797299871815, 4.179720119910357, -5.776086719921082, 1.5733719453290698, 6.223565790784702, -6.652776544937425, 8.234826068623994, 2.7709892495669632, 1.4891945241509439] 
[-0.6249614026331471, 0.6017344974818712, -2.078331045631222, 3.088862052599872, -0.33110876975701764, -0.24383680607951597, 0.07226923975776245, 3.662953830674356, -0.9656514797435207, 0.4856057832298468, -0.4782209178072403, 1.3942433746969112, 0.16641382282486555, 14.331938849788784, 4.231430415112083, 13.78959285943409, 3.9810299066200017, -5.544260803001154, 1.8570552307574335, 5.976392661020335, -6.735006172854483, 8.763797778089682, 3.3434926044388407, 1.862670703074444] 
[-0.6457585298785844, 0.580937370236434, -2.0575339183857846, 3.109659179845309, -0.3519058970024549, -0.2646339333249532, 0.0930663670031997, 3.6421567034289186, -0.9448543524980835, 0.5064029104752841, -0.45742379056180305, 1.4150405019423484, 0.16565141142990528, 14.290399081486225, 4.3260436397634585, 13.879312151239148, 3.9457919972837683, -5.583200166417335, 1.8879750646642681, 5.955729511423708, -6.742128296527258, 8.776221329958176, 3.327026656225234, 1.8430506264388475] 
[-0.5842821528060647, 0.5194609931639143, -1.9960575413132648, 3.171135556917829, -0.29042951992993515, -0.32611031039747296, 0.15454274407571944, 3.7036330805014384, -1.0063307295706032, 0.5678792875478038, -0.5189001676343228, 1.4765168790148682, 0.038353579751374184, 14.421236674895429, 4.3000914998918915, 13.797245717974226, 4.04741983994017, -5.465910609510264, 1.7979006189235736, 5.954775432044949, -6.932998675715487, 8.567679733110365, 3.2156662303368235, 1.7882460288952902] 
[-0.6945526180544732, 0.4091905279155057, -2.1063280065616734, 3.0608650916694202, -0.4006999851783437, -0.2158398451490644, 0.044272278827310885, 3.59336261525303, -1.1166011948190118, 0.45760882229939526, -0.40862970238591423, 1.3662464137664596, -0.039203816564765515, 14.352918974247663, 4.271902467801032, 13.886326061775572, 4.140868771341616, -5.531783585744893, 1.7350604697664347, 5.732284757799925, -6.507095127443142, 8.987391219319028, 3.4267898648688897, 1.890206960951201] 
[-0.9065771346430544, 0.19716601132692446, -2.3183525231502546, 2.848840575080839, -0.18867546858976247, -0.42786436173764564, 0.2562967954158921, 3.805387131841611, -0.9045766782304305, 0.6696333388879765, -0.196605185797333, 1.1542218971778784, 0.09975412364063235, 14.477350740876176, 4.31034159048647, 13.690282426812685, 4.516916887872394, -5.119442566949564, 1.443175988067235, 5.696923304644907, -7.371022808146184, 8.079232648229253, 3.0358221990991225, 2.1305407982032776] 
[-1.0694728328415906, 0.36006170952546057, -2.1554568249517185, 3.011736273279375, -0.3515711667882986, -0.26496866353910953, 0.09340109721735601, 3.642491433643075, -1.0674723764289666, 0.5067376406894404, -0.03370948759879688, 0.9913261989793423, 0.09041921956808391, 14.278474642012831, 4.83641353656038, 14.194023412574978, 4.627858114351212, -4.843270176468548, 1.2018329095451152, 5.529400870043621, -7.239423126155861, 7.887681167450132, 2.789822577970262, 2.30868157394495] 
[-0.6389841677490722, -0.0704269555670578, -2.585945490044237, 2.5812476081868567, -0.782059831880817, 0.16552000155340885, -0.33708756787516236, 3.2120027685505566, -1.497961041521485, 0.07624897559692201, 0.3967791774937215, 0.5608375338868239, -0.16224735370323062, 15.110866904006372, 2.7547770813735624, 12.160880751991085, 4.5051889289645946, -4.323172721816512, 0.6706193186355585, 5.192627454771431, -7.4639273440835305, 8.078685411758658, 2.4108689070670346, 1.8843076870648305] 
[-1.1227769618449415, 0.4133658385288115, -3.069738284140106, 2.0974548140909874, -0.2982670377849477, -0.31827279254246044, 0.14670522622070692, 3.695795562646426, -1.0141682474256157, 0.5600417696927913, -0.08701361660214779, 0.07704473979095461, 0.11553481111405906, 15.457160327386246, 3.333131763230221, 12.335754382471846, 3.253751083072589, -5.5317597937297185, 0.7799674925719252, 4.451664525319119, 53.129259910472776, 68.67002911642724, 2.3927965991973505, 2.3622035115058244] 
[-1.3201027196350221, 0.6106915963188921, -3.267064041930187, 1.9001290563009068, -0.10094127999486702, -0.5155985503325411, -0.05062053156937374, 3.498469804856345, -1.2114940052156964, 0.36271601190271063, -0.28433937439222845, 0.27437049758103527, 1.2637320947087776, 14.305138053333984, 3.373361206115081, 13.473934491312857, 2.1138131387060435, -5.564093032889613, 1.0156413312668935, 4.207876956618558, 53.197024654645396, 68.9937940328038, 2.6967695583821847, 2.142563283372227] 
[-1.229607082571162, 0.520195959255032, -3.1765684048663267, 1.8096334192370467, -0.010445642931006915, -0.6060941873964012, 0.03987510549448636, 3.5889654419202053, -1.3019896422795565, 0.45321164896657073, -0.19384373732836835, 0.36486613464489537, 1.3258998243765403, 14.340831598455505, 3.412069372388113, 14.883879210455913, 0.6998143682639011, -5.795361619045399, 1.2211479567676684, 4.249296705397466, 53.66614588644185, 69.46167959911219, 2.635555384601522, 2.2485131476207965] 
[-0.6385397047772212, -0.07087141853890877, -3.7676357826602676, 1.2185660414431059, -0.6015130207249477, -0.01502680960246039, -0.5511922722994544, 2.9978980641262645, -1.8930570200734973, -0.13785572882737007, 0.39722364046557246, -0.22620124314904544, -1.8920890656625649, 17.553389362165753, 3.4714633189108914, 14.563095043411842, 0.42101015711004264, -5.405164178387002, 1.5730655636569955, 4.826763258888397, 53.69406759428881, 68.82587732917587, 2.0522969635874637, 1.7518079320277873] 
[-0.4987223878515721, 0.06894589838674037, -3.6278184657346184, 1.0787487245174567, -0.4616957037992986, 0.12479050732318875, -0.6910095892251036, 3.1377153810519136, -2.0328743369991464, -0.2776730457530192, 0.5370409573912216, -0.3660185600746946, -2.245058436896047, 17.911912942972332, 3.6636729443443756, 14.741001892126526, 0.4220742056742122, -5.265886779508094, 1.604542508949044, 4.620548151268851, 55.8348052365543, 70.96920583593666, 2.3754020465063044, 2.0122816974705304] 
[-0.7679962545214742, 0.33821976505664253, -3.3585445990647163, 1.348022591187359, -0.19242183712939642, 0.3940643739930909, -0.9602834558950057, 2.8684415143820114, -1.7636004703292443, -0.008399179083117048, 0.26776709072131943, -0.6352924267445967, -1.730584272154554, 17.398046717621025, 3.6468836544708525, 15.762612957395477, -0.6616387920159064, -4.778718012217891, 1.50670144855731, 4.825494135314277, 57.679859004433, 72.80004893361817, 2.1209606772562686, 1.6261150895226326] 
[-1.215484683931047, -0.10926866435293014, -3.806033028474289, 1.7955110205969316, 0.25506659228017625, -0.053424055416481764, -0.5127950264854331, 3.315929943791584, -2.211088899738817, 0.4390892503264556, -0.17972133868825324, -0.18780399733502406, -0.20453313790006233, 15.752237040042743, 4.497425282537245, 16.196249774915298, -0.6060046231651477, -5.1255319084101165, 1.9827291824573887, 4.9675214214316465, 49.48893664295976, 64.610826113235, 1.5390819377509686, 1.0547147348919839] 
[-1.0718223319375522, -0.2529310163464249, -3.662370676480794, 1.9391733725904263, 0.1114042402866815, 0.09023829657701299, -0.3691326744919383, 3.459592295785079, -2.067426547745322, 0.5827516023199504, -0.323383690681748, -0.3314663493285188, -0.32704659438519784, 15.729543795526252, 4.724874444972941, 15.57782688657072, -0.008546221197519799, -5.028128681898827, 2.2651703133868533, 5.26424221245215, 49.67480725268272, 64.63238984610648, 1.4095951086273026, 0.9316347754320036] 
[-1.2028968991984623, -0.38400558360733505, -3.531296109219884, 2.0702479398513365, 0.24247880754759166, 0.22131286383792315, -0.23805810723102816, 3.590666863045989, -2.1985011150062324, 0.4516770350590402, -0.19230912342083784, -0.462540916589429, -0.3514495974261643, 15.60406797492747, 4.579050519158134, 15.58771815831343, -0.15237432144554242, -4.907771929032123, 2.0681940056676753, 5.041712119031489, 49.500465399162735, 64.61467971168105, 1.5190793801859341, 1.0352413488374623] 
[-1.1223836180466034, -0.464518864759194, -3.450782828068025, 1.9897346586994775, 0.3229920886994506, 0.14079958268606418, -0.1575448260791692, 3.51015358189413, -2.1179878338543734, 0.37116375390718126, -0.2728224045726968, -0.38202763543757, -0.35613074220179486, 15.702543880101711, 4.69067637831548, 15.476052060977693, -0.13674407309696246, -4.980149931424769, 2.115948159237472, 4.955966209113401, 49.439401388284566, 64.67671334538143, 1.433316879581773, 0.9679260553220946] 
[-1.540312785572473, -0.0465896972333244, -3.0328536605421554, 1.571805491173608, -0.094937078826419, -0.27712958483980543, 0.2603843414467004, 3.0922244143682605, -1.7000586663285038, 0.7890929214330509, 0.14510676295317282, 0.035901532088299604, 2.0504092517186057, 13.23421128905402, 4.0875997795592784, 13.02251283872192, 2.4109277804049345, -5.8020513905954285, 1.5203588007361923, 4.475406846257686, 49.567295400402045, 64.40587165314291, 1.146409564458585, 0.6168464945318571] 
[-1.6171930339674692, -0.12346994562832059, -2.9559734121471593, 1.648685739568604, -0.01805683043142281, -0.3540098332348016, 0.3372645898416966, 3.0153441659732643, -1.6231784179335076, 0.7122126730380547, 0.221987011348169, -0.04097871630669658, 1.9769529122895204, 13.230782067583856, 4.164479492463911, 13.061849843047703, 2.448873436630566, -5.867651938657196, 1.477513255465499, 4.407602835202242, 49.814685151257606, 64.64964104398577, 1.2097057193649574, 0.7001704283371745] 
[-1.8748677799652018, 0.13420480036941207, -3.213648158144892, 1.9063604855663367, 0.23961791556630985, -0.09633508723706896, 0.07958984384396395, 3.273018911970997, -1.365503671935775, 0.9698874190357873, 0.47966175734590166, -0.29865346230442924, 1.989860274069062, 12.957830555910157, 4.6064993319047804, 25.889878510585525, -10.375743414767342, -5.522331154651385, 1.1578759477047056, 4.242024242566317, 50.83148274911984, 65.66061517882547, 1.484151595927329, 1.0035429906363964] 
[-1.5348572103632474, -0.20580576923254235, -2.8736375885429375, 2.246371055168291, 0.5796284851682643, 0.24367548236488545, 0.41960041344591836, 3.6130294815729513, -1.7055142415377293, 1.3098979886377418, 0.8196723269478561, 0.041357107297525175, 1.6941041479386816, 12.911027495015183, 4.945773049465786, 25.84164222026265, -9.96008089268069, -5.927545545010062, 1.5107651383515766, 4.558945120973035, 50.658891085832465, 65.98108844352122, 1.9880908877211034, 1.4692193545252483] 
[-1.7243429680287807, -0.01632001156700902, -3.063123346208471, 2.056885297502758, 0.39014272750273093, 0.4331612400304188, 0.23011465578038504, 3.423543723907418, -1.8949999992032627, 1.499383746303275, 0.6301865692823228, -0.14812865036800815, 10.455162988955493, 4.149007753319966, 4.677310958943585, 25.737154651531554, -10.164194986133053, -5.68562358223988, 1.4271771961881736, 4.384915448892515, 50.4078254247398, 65.75325096265338, 1.7755446595234692, 1.2396943196945875] 
[-1.7013432295043724, 0.006679726957399268, -3.0401236076840625, 2.0338855589783496, 0.36714298897832265, 0.45616097855482707, 0.20711491725597675, 3.4005439853830097, -1.917999737727671, 1.5223834848276834, 0.6071868307579145, -0.17112838889241644, 10.464305664546087, 4.163031655033366, 4.653973053091771, 25.72887217571689, -10.183296585178665, -5.667927199898931, 1.4049959794724787, 4.414436009602515, 50.432277644424914, 65.73639556662157, 1.7577976550149421, 1.2619560154609495] 
[-2.0771811984073043, 0.38251769586033113, -3.4159615765869944, 2.4097235278812814, -0.008694979924609214, 0.8319989474577589, -0.1687230516469551, 3.024706016480078, -2.293837706630603, 1.8982214537306152, 0.9830247996608463, -0.5469663577953483, 54.50020240337861, -39.872707956189764, 5.015697455071947, 26.25883335835038, -10.349115853681843, -4.96361148880449, 2.1620461425061164, 3.8662731978567653, 49.995723433744025, 65.41871096682628, 1.4806528743669372, 1.6302533470864145] 
[-2.18026802255938, 0.48560452001240684, -3.51904840073907, 2.512810352033357, -0.11178180407668492, 0.7289121233056832, -0.0656362274948794, 3.1277928406321536, -2.190750882478527, 2.001308277882691, 1.086111623812922, -0.4438795336432726, 54.49266474248054, -39.99048067217366, 4.896332413168536, 26.236129173818917, -10.439381054558593, -5.37287284834395, 1.7424511677246746, 3.703707437942743, 50.15814328298913, 65.22260188975693, 1.6364457530098167, 1.697727862464615] 
[-2.778660019449285, -0.11278747687749835, -2.920656403849165, 3.1112023489232623, -0.7101738009665901, 0.13052012641577804, 0.5327557693950258, 3.7261848375220588, -2.7891428793684323, 1.4029162809927858, 1.6845036207028272, -1.0422715305331778, 56.81007782679706, -42.36102601832164, 4.5272824935130735, 27.67259419873833, -11.802766190134683, -5.142493369093467, 1.3241640134138748, 4.274959502830216, 50.9928863976268, 64.51325802573932, 0.9349912591447666, 2.530043171675178] 
[-2.8421410716573057, -0.17626852908551882, -2.9841374560571854, 3.047721296715242, -0.7736548531746106, 0.1940011786237985, 0.4692747171870053, 3.7896658897300792, -2.725661827160412, 1.4663973332008062, 1.7479846729108477, -0.9787904783251573, 56.910773609909455, -42.4665214141036, 4.590527794497546, 27.621751821986415, -11.75264648714825, -5.164941581641458, 1.4259108873743371, 4.179298082257612, 51.01653151997881, 64.57238270107689, 0.8826653028576665, 2.589143809632816] 
[-2.4783353334831233, -0.5400742672597012, -2.620331717883003, 3.411527034889424, -1.137460591348793, -0.16980455955038387, 0.10546897901282293, 3.425860151555897, -2.3618560889862295, 1.1025915950266238, 1.3841789347366653, -1.3425962164993397, 56.6082973581818, -42.67769275334622, 4.19901605407003, 27.214123827041185, -11.999559382599017, -5.033247343104257, 0.9091611217721631, 4.657394993309204, 50.877389135631134, 64.2507896221637, 1.1750347180844924, 2.2420736421370147] 
[-1.912536821895241, 0.0257242443281811, -3.1861302294708853, 2.845728523301542, -0.5716620797609107, -0.7356030711382662, 0.6712674906007052, 3.991658663143779, -2.9276546005741118, 0.5367930834387415, 0.818380423148783, -1.908394728087222, 56.600227000667054, -43.73388315955834, 5.606789657533279, 28.358006512937923, -12.013978093182073, -4.522526620190738, 1.5135302326696811, 3.9082696992015733, 50.25650972442607, 64.55774813174624, 1.7674154076073325, 2.867299318097114] 
[-1.7593127356361205, -0.12749984193093944, -3.339354315730006, 2.9989526095606625, -0.4184379935017901, -0.5823789848791456, 0.5180434043415847, 4.1448827494029, -3.0808786868332323, 0.383568997179621, 0.9716045094079035, -1.7551706418281015, 56.50966557360857, -43.80041384019756, 5.769030546717256, 28.132759538729147, -11.748162322437784, -4.3728960599620645, 1.7524727445179444, 3.4093365677078507, 49.78165880715692, 64.26880373740582, 1.9974096287725533, 2.9727314952915185] 
[-1.7660336593464336, -0.12077891822062625, -3.346075239440319, 2.9922316858503493, -0.4251589172121033, -0.5890999085894588, 0.5113224806312715, 4.1381618256925865, -3.074157763122919, 0.3768480734693078, 0.9648835856975904, -1.7618915655384146, 56.502337049397994, -43.799790218898394, 5.760286953263327, 28.14316953010264, -11.763884772436654, -4.3957468234062915, 1.7773195351740496, 3.3726794906750945, 49.748273920973354, 64.2734852861636, 2.0022970590760547, 2.97876626001588] 
[-1.842822758179219, -0.19756801705341154, -3.4228643382731043, 3.0690207846831346, -0.5019480160448886, -0.6658890074222441, 0.4345333817984862, 4.214950924525372, -2.997368664290134, 0.4536371723020931, 0.8880944868648051, -1.6851024667056294, 53.56135816647829, -40.85870621934431, 5.7512213799659495, 28.23618631924838, -11.872527275932564, -4.453268449900384, 1.650203102255129, 3.715302393929457, 50.07369776496121, 64.22436070478746, 1.922960706307948, 3.0670724138873044] 
[-2.050889618047865, 0.01049884281523461, -3.6309311981417505, 3.2770876445517807, -0.29388115617624244, -0.45782214755359796, 0.6426002416671324, 4.006884064656726, -3.20543552415878, 0.6617040321707393, 0.6800276269961589, -1.4770356068369832, 57.275443300300225, -44.57077957626557, 5.674012524088554, 28.44696669910534, -11.57374170478355, -4.178749937097611, 1.7444483608907904, 3.5821789994538187, 50.18757245981406, 64.39994099018713, 2.067350258427396, 3.2636540275902806] 
[-2.318809081765428, -0.2574206209023284, -3.8988506618593135, 3.0091681808342177, -0.02596169245867941, -0.18990268383603492, 0.37468077794956933, 3.7389646009391626, -3.473354987876343, 0.3937845684531762, 0.947947090713722, -1.2091161431194202, 57.42603556668725, -44.43849092347789, 5.190333871828576, 28.91147492843511, -11.824927264991356, -4.319644195664884, 1.1784185113788825, 4.574318987881053, 51.05393920896592, 64.5521983378663, 2.25062407658878, 3.0042470194539646] 
[-1.7768343781302836, 0.2845540827328161, -4.440825365494458, 2.467193477199073, 0.5160130111764651, 0.3520720197991096, -0.16729392568557522, 3.196989897304018, -4.0153296915114876, 0.9357592720883208, 0.4059723870785774, -1.7510908467545647, 57.41599928122729, -45.18887502488773, 6.9029692042536706, 27.277061676478624, -12.192920993596067, -3.6388062197946596, 0.33471216503690093, 5.187368739503078, 50.690968601310594, 65.05240923390564, 2.8745350541760444, 3.7118103286021364] 
[-1.8404876728238406, 0.3482073774263732, -4.504478660188015, 2.403540182505516, 0.45235971648290807, 0.28841872510555255, -0.10364063099201815, 3.260643191997575, -4.078982986205045, 0.9994125667818778, 0.4696256817721345, -1.8147441414481218, 56.38822410666502, -44.16265297497501, 6.70743879391982, 27.481557501749407, -12.190385796995098, -3.5522129502629896, 0.41537724184092994, 5.1322709342012365, 50.57589509864148, 65.1613838724782, 2.8891461680678745, 3.647543247023292] 
[-1.8837960983787632, 0.39151580298129574, -4.461170234633093, 2.3602317569505935, 0.40905129092798553, 0.3317271506604751, -0.06033220543709561, 3.2173347664426526, -4.122291411759967, 1.0427209923368004, 0.512934107327057, -1.8580525670030443, 56.37834971691334, -44.19955554263394, 6.572060929653663, 27.615854865813517, -12.181394318245498, -3.495628225440672, 0.47850675346508975, 5.187336314937167, 50.65512609694738, 65.08728058232393, 2.8812701284778264, 3.604700398566] 
[-2.1725268682568135, 0.6802465728593461, -4.749901004511143, 2.071500987072543, 0.6977820608060359, 0.6204579205385254, 0.22839856444095474, 2.9286039965646022, -4.4110221816380175, 1.3314517622148507, 0.8016648772051074, -2.1467833368810947, 56.54283361721573, -44.05827316832877, 6.476279159345409, 27.318794023520574, -11.750491323390118, -3.8494262292143113, 0.646063787574122, 4.912052190199699, 50.74843926693031, 65.52767649057866, 2.426100353565247, 3.347857204306295] 
[-2.345723238438664, 0.8534429430411965, -4.5767046343292925, 1.8983046168906927, 0.5245856906241855, 0.44726155035667503, 0.40159493462280516, 3.1018003667464527, -4.237825811456167, 1.5046481323967011, 0.628468507023257, -1.9735869666992443, 56.44129551199584, -44.17008723252077, 6.752652018068265, 27.046134567503632, -11.60748399862325, -3.7565174373952552, 0.5437464647456647, 4.742315437923268, 50.99327623075313, 65.25078269783741, 2.673024416781582, 3.15175236148345] 
[-2.0652738261821835, 0.572993530784716, -4.296255222072812, 1.6178552046342123, 0.8050351028806659, 0.7277109626131555, 0.1211455223663247, 3.382249779002933, -3.9573763991996866, 1.7850975446531816, 0.3480190947667765, -1.6931375544427638, 56.62176382030884, -43.95722050575071, 6.993563676223, 27.30728582608976, -11.888749529503901, -3.950186178849598, 0.6770232149885836, 4.970742880979689, 51.29733217279108, 64.78390436054939, 3.130051396129317, 2.864341121922132] 
[-1.9095852852163997, 0.7286820717504998, -4.140566681107028, 1.4621666636684285, 0.6493465619148822, 0.5720224216473717, 0.27683406333210847, 3.537938319968717, -3.801687858233903, 1.9407860856189654, 0.19233055380099273, -1.8488260954085476, 56.039323733241176, -43.38024085612214, 6.902228611940698, 27.18708775608419, -12.00376762160998, -4.227925428154972, 0.40396094502652474, 4.859721320938099, 51.42522654010874, 64.7187938967792, 3.016717560956745, 3.0190265622213754] 
[-1.5392866589759162, 1.0989806979909833, -4.510865307347512, 1.091868037427945, 0.2790479356743987, 0.20172379540688823, 0.647132689572592, 3.9082369462092004, -4.171986484474386, 2.311084711859449, 0.5626291800414762, -2.219124721649031, 56.31305296748022, -43.24299929632852, 6.5644864412148864, 27.42408955653305, -11.746292169255595, -4.43241090825942, 0.7695381221976576, 4.4819268480092225, 51.66386210379351, 64.61691034895424, 2.712936402445135, 2.6429649786520337] 
[-1.5343162799650347, 1.0940103189801018, -4.50589492833663, 1.0868976584170635, 0.2740775566635172, 0.20669417441776972, 0.6521030685834734, 3.903266567198319, -4.176956863485268, 2.3160550908703303, 0.5675995590523577, -2.2240951006599126, 56.31645112623779, -43.23953838057923, 6.558389311913313, 27.418693565292607, -11.751126602156036, -4.438727641149969, 0.7646889103246811, 4.479360425273616, 51.66505950619575, 64.60960751972611, 2.721748852707844, 2.649849941793971] 
[-1.2969397827018394, 1.3313868162432971, -4.743271425599826, 1.3242741556802589, 0.5114540539267125, -0.030682322845425603, 0.4147265713202781, 3.6658900699351236, -3.9395803662220725, 2.078678593607135, 0.3302230617891624, -1.9867186033967172, 56.48031069698722, -43.079238307187374, 6.848437094570018, 27.67583942109352, -11.517361052959405, -4.1034740284207665, 1.2045367628098593, 4.130782588937806, 51.94325255092894, 64.93743193869703, 2.807065808317469, 2.431379592940952] 
[-0.9998610877069343, 1.6284655112382023, -4.4461927306049205, 1.0271954606853537, 0.21437535893180737, -0.32776101784033074, 0.11764787632537299, 3.3688113749402184, -3.6425016712271674, 2.37575728860204, 0.03314436679425725, -2.2837972983916224, 56.86473008232546, -43.461820824987335, 7.126551144371432, 27.40161700302374, -11.258085393243462, -4.360144420748373, 0.8183745543301483, 4.404316370383299, 51.44873476741223, 63.99211939068529, 3.672091958250828, 2.7835722307719117] 
[-0.6763324257056116, 1.951994173239525, -4.122664068603598, 0.703666798684031, 0.5379040209331301, -0.004232355839008051, -0.2058807856759497, 3.0452827129388957, -3.96603033322849, 2.699285950603363, 0.35667302879557994, -1.9602686363902997, 56.52657005512116, -43.76352504824811, 6.8572337260540985, 27.00556651186838, -10.893215163368021, -4.799651517446408, 1.3113265081532333, 4.107565339599846, 51.85719109951553, 64.41660771185455, 3.7326398880364615, 2.460989577212637] 
[-0.49039472821420027, 2.1379318707309363, -3.9367263711121865, 0.8896044961754423, 0.35196632344171874, -0.19017005333041936, -0.019943088184538382, 3.231220410430307, -3.7800926357370788, 2.885223648094774, 0.5426107262869913, -2.146206333881711, 56.63765137531564, -44.08497782840524, 7.258103359697945, 26.64280838764388, -10.626837997177507, -4.880692738495829, 1.0755918002598275, 3.861421782107087, 52.0486821012753, 64.40119656481994, 3.5708550053728545, 2.6275426249775786] 
[-0.6746676373298168, 1.9536589616153197, -4.120999280227803, 0.7053315870598258, 0.16769341432610219, -0.0058971442148028075, -0.20421599730015494, 3.4154933195459236, -3.9643655448526953, 3.0694965572103907, 0.7268836354026078, -1.9619334247660944, 56.80432543359278, -44.15453413246081, 7.1188525697996115, 26.606434327348754, -10.850634438109415, -5.153212615557682, 1.3041024434261548, 3.650793460230216, 51.619898905008434, 64.00172758197651, 3.3930084083790164, 2.3949282325607713] 
[-0.7931137894289808, 2.0721051137144837, -4.239445432326967, 0.5868854349606618, 0.28613956642526617, 0.11254900788436117, -0.08576984520099096, 3.5339394716450876, -4.082811696951859, 3.1879427093095547, 0.8453297875017718, -2.0803795768652584, 56.91324285624715, -44.19536853128739, 6.989607170391888, 26.72200575892623, -10.756926166961945, -5.0237908639181095, 1.4679680404073845, 3.8872059293977377, 52.09710443023693, 64.45090753238969, 3.533938198844841, 2.548986297674997] 
[-0.9319108212892484, 1.933308081854216, -4.100648400466699, 0.7256824668209294, 0.14734253456499857, 0.25134603974462877, 0.05302718665927664, 3.672736503505355, -3.9440146650915917, 3.3267397411698223, 0.7065327556415042, -2.219176608725526, 57.121936027814996, -43.99124970597211, 7.011516971857213, 26.889530874313145, -10.907895027512344, -4.902319677299973, 1.6349992221305616, 4.080383971424568, 52.280974859521166, 64.4532430208856, 3.752422261368666, 2.767439380814867] 
[-0.9730180147299468, 1.9744152752949145, -4.059541207026001, 0.7667896602616278, 0.18844972800569693, 0.2924532331853271, 0.011919993218578284, 3.631629310064657, -3.9029074716508934, 3.3678469346105206, 0.6654255622008058, -2.2602838021662244, 57.15928267113295, -44.004459536663596, 6.957594940437958, 26.96801669466866, -10.97598166488665, -4.877786983308793, 1.5970123835277443, 4.146047179872796, 52.34604814945242, 64.45469394756286, 3.7822608777378965, 2.7378304747120294] 
[-0.8179285074313842, 2.129504782593477, -4.214630714324564, 0.9218791675601903, 0.34353923530425945, 0.44754274048388965, 0.1670095005171408, 3.4765398027660943, -3.747817964352331, 3.212757427311958, 0.8205150694993684, -2.415373309464787, 57.25775390901575, -44.17886188329032, 7.120698098921994, 27.176407559239873, -11.193240522069505, -4.691184871346952, 1.8074037786050097, 3.9017373939450124, 52.090392860169615, 64.42547881923527, 3.526633160009077, 2.4849019407674007] 
[-0.7486697955485102, 2.198763494476351, -4.14537200244169, 0.8526204556773163, 0.2742805234213854, 0.3782840286010156, 0.23626821240001483, 3.4072810908832203, -3.817076676235205, 3.282016139194832, 0.7512563576164943, -2.346114597581913, 57.2013088522679, -44.14573661705206, 7.17235431882845, 27.206367555970008, -11.124116725908992, -4.6334408286669495, 1.7471765430231236, 4.001853479545855, 52.17423099978038, 64.40295425505832, 3.570167154916067, 2.439393152756839] 
[-0.6835012565532406, 2.2639320334716206, -4.08020346344642, 0.9177889946725859, 0.33944906241665507, 0.313115489605746, 0.1710996734047452, 3.3421125518879506, -3.8822452152304745, 3.2168476001995625, 0.816424896611764, -2.4112831365771825, 57.23529493549588, -44.223713955050144, 7.255261856171065, 27.22811234997852, -11.082022402868768, -4.721641284185586, 1.660371102716852, 3.959693867792588, 52.19826945218184, 64.34816483771326, 3.5202920438180914, 2.4809683192695857] 
[-0.48257718344861367, 2.4648561065762475, -4.281127536551047, 1.1187130677772128, 0.13852498931202817, 0.5140395627103729, -0.02982439969988171, 3.1411884787833237, -3.6813211421258476, 3.0159235270949356, 0.6155008235071371, -2.2103590634725556, 56.835225799854584, -44.71725086716782, 7.627467519678249, 27.236617694745558, -10.910633457663126, -4.855539514052294, 1.7793028335217767, 4.234793347432665, 52.84067749507696, 64.95727679031653, 3.1149803852862776, 2.0606396061332424] 
[-0.5233902852140009, 2.5056692083416348, -4.24031443478566, 1.0778999660118256, 0.17933809107741538, 0.47322646094498566, -0.07063750146526893, 3.1003753770179365, -3.722134243891235, 3.056736628860323, 0.6563139252725243, -2.1695459617071684, 56.80231002745899, -44.69542259071045, 7.657982622745296, 27.253542341869775, -10.871840014033602, -4.773988494543315, 1.858806797024965, 4.196054611619473, 52.81196744240717, 64.98098888892748, 3.1430380332878998, 2.029418887164139] 
[-0.38535883099715385, 2.643700662558482, -4.378345889002507, 0.9398685117949785, 0.041306636860568346, 0.6112579151618327, -0.20866895568211596, 2.9623439228010895, -3.860165698108082, 3.19476808307717, 0.5182824710556773, -2.0315145074903214, 57.03183078154379, -44.46790321504055, 7.669978821830239, 27.468301801096995, -11.076809981192083, -4.538186188491724, 2.1117953537835414, 4.347005315122147, 52.89810910054142, 64.8954605992938, 3.0456758643837207, 2.1340864854872112] 
[-0.6789405046072563, 2.3501189889483793, -4.084764215392404, 0.6462868381848761, -0.2522750367495341, 0.9048395887719352, -0.5022506292922184, 2.668762249190987, -4.153747371718184, 2.9011864094670674, 0.8118641446657797, -1.737932833880219, 57.263459996091356, -44.655492906515995, 7.466699465106401, 27.33946192987453, -11.323334987534158, -3.8877156110056283, 2.7567618473762163, 4.266075288711993, 52.09848118574806, 64.09670731442563, 3.3928597062552006, 2.5040258261520867] 
[-0.6127008003239194, 2.2838792846650424, -4.018524511109067, 0.712526542468213, -0.31851474103287103, 0.9710792930552721, -0.4360109250088815, 2.735001953474324, -4.087507667434847, 2.8349467051837305, 0.8781038489491166, -1.671693129596882, 57.2469150282949, -44.54289198354811, 7.301635708250481, 27.476462274655386, -11.311067745569655, -3.8303930323108815, 2.745663702779153, 4.329842513482711, 52.09627806476812, 64.02176264361763, 3.4744954645480917, 2.579836040996902] 
[-0.5317910319204113, 2.3647890530685505, -3.9376147427055592, 0.7934363108717211, -0.23760497262936298, 1.0519890614587801, -0.35510115660537345, 2.654092185070816, -4.006597899031339, 2.7540369367802224, 0.9590136173526247, -1.590783361193374, 57.18696798286802, -44.487169509360854, 7.30829537206772, 27.61362909416304, -11.459137903574826, -3.735452102084533, 2.737540092553763, 4.354135122354151, 52.357773701812775, 64.28322397272986, 3.5201902547527575, 2.5023029158272987] 
[-0.2763581844223868, 2.620221900566575, -4.193047590203584, 0.5380034633736965, 0.017827874868661553, 0.7965562139607556, -0.610534004103398, 2.9095250325688404, -3.751165051533315, 3.009469784278247, 0.7035807698546002, -1.3353505136953494, 56.623284912309366, -45.33956881666221, 8.238396821722349, 26.73407428145375, -10.85727886101558, -2.76042668911123, 3.7091141539541344, 3.990080046039007, 53.258536236895765, 65.15320332551559, 3.1383172316978767, 2.241085678692367] 
[0.07726112313048894, 2.9738412081194507, -4.5466668977564595, 0.1843841558208208, 0.3714471824215373, 1.1501755215136313, -0.25691469655052224, 2.5559057250159647, -3.397545743980439, 3.3630890918311227, 1.057200077407476, -1.6889698212482251, 56.88033722725215, -45.747710349114435, 8.723398349786281, 26.680985568074203, -10.490847979624649, -2.8246853844538347, 4.196462240454917, 4.429371332167367, 53.93451594524827, 65.85974313514376, 3.386393936720569, 2.557591858158493] 
[0.7258854550300082, 3.62246554001897, -5.195291229655979, -0.4642401760786985, 1.0200715143210566, 1.7987998534131506, 0.39170963534899705, 3.204530056915484, -2.74892141208092, 2.7144647599316034, 1.7058244093069952, -2.3375941531477444, 57.58134720033874, -46.436081914245705, 8.228148105770359, 26.54032171641789, -11.715583297602631, -6.806093815256311, 0.3621644302600955, 5.4667520221546795, 52.54189797729262, 64.85182862144852, 2.690517984293553, 3.136503993234604] 
[0.7921438108722061, 3.688723895861168, -5.129032873813781, -0.5304985319208964, 0.9538131584788587, 1.7325414975709528, 0.4579679911911949, 3.138271701073286, -2.8151797679231176, 2.6482064040894056, 1.6395660534647973, -2.2713357973055466, 57.71643637751266, -46.55303817714658, 8.048839729136759, 26.728097056495418, -11.6753590413062, -6.773555195904016, 0.3052994125242803, 5.397811501335529, 52.58314250167674, 64.91313996204786, 2.8727529422610987, 3.3167959087133863] 
[0.7268204797234485, 3.6234005647124103, -5.063709542665023, -0.4651752007721388, 0.8884898273301012, 1.7978648287197103, 0.5232913223399525, 3.0729483699245286, -2.74985643677436, 2.713529735238163, 1.5742427223160398, -2.206012466156789, 57.75114993040034, -46.50268846700337, 8.007381243912828, 26.681617256613446, -11.598682778193687, -6.825158842580115, 0.3490470734306587, 5.465997334568829, 52.67257595369773, 64.8270840179424, 3.019502603160464, 3.465239105232331] 
[0.5957920958797995, 3.4923721808687613, -4.932681158821374, -0.5962035846157878, 1.0195182111737502, 1.6668364448760613, 0.39226293849630345, 2.9419199860808796, -2.880884820618009, 2.844558119081812, 1.7052711061596888, -2.337040850000438, 57.82618370369463, -46.407596954033515, 7.938178864161607, 26.583236746776006, -11.405427197651957, -7.162322510584169, 0.018411606023283067, 5.2862358620675325, 52.88426056888241, 64.6228132102597, 3.1042152368683227, 3.3799395430138772] 
[0.43957646271154793, 3.648587814037013, -4.776465525653123, -0.7524192177840394, 1.1757338443420018, 1.5106208117078097, 0.23604730532805185, 3.098135619249131, -3.0371004537862607, 2.6883424859135605, 1.5490554729914372, -2.1808252168321864, 57.49037027892895, -46.06679933621989, 7.815721536355959, 26.51078680237456, -11.26391619650456, -6.875894189830174, 0.3085497501331655, 5.173010195368613, 52.70036816643514, 64.82037903281358, 3.023125671775789, 3.482872718316244] 
[0.02043564734723624, 3.2294469986727012, -5.1956063410174345, -0.3332784024197277, 0.7565930289776901, 1.9297616270721214, -0.18309351003625984, 2.6789948038848195, -3.4562412691505724, 3.107483301277872, 1.968196288355749, -1.7616844014678747, 57.792668738596134, -45.75272760919233, 7.552945545795441, 26.251401091992435, -10.812332146276963, -6.183069658496832, 0.9922806760903025, 4.759592802243362, 52.33542832462032, 64.42719804768574, 3.8922633399905093, 4.3495532251403475] 
[0.14452644452150487, 3.1053562014984326, -5.319697138191703, -0.2091876052454591, 0.8806838261519587, 1.8056708298978528, -0.3071843072105285, 2.803085601059088, -3.3321504719763038, 3.231574098452141, 1.8441054911814803, -1.6375936042936061, 57.920039526807095, -45.91386364401992, 8.398224177108515, 25.394082362245936, -10.553185731596251, -6.359891582663089, 1.0017273815948493, 4.694442796358761, 52.1928795816791, 64.2622982657541, 3.784505238519202, 4.4548032191381814] 
[-0.2030119497712537, 2.757817807205674, -4.9721587438989445, -0.5567259995382177, 0.5331454318592002, 1.4581324356050942, 0.040354087082230095, 3.1506239953518467, -3.6796888662690623, 3.5791124927448994, 1.4965670968887217, -1.2900552100008476, 58.224203554637135, -45.61250476614539, 8.28084527529476, 25.115051627633655, -10.21228063429801, -6.202195832607695, 0.781457694691745, 4.179154096260411, 52.77964999266191, 64.70671794316263, 4.1005081506965535, 4.127492212364241] 
[-0.14177599107497052, 2.696581848509391, -4.910922785202661, -0.4954900408419345, 0.5943813905554833, 1.5193683943013774, -0.020881871614053082, 3.21185995404813, -3.7409248249653455, 3.517876534048616, 1.4353311381924385, -1.2288192513045644, 58.14945674233294, -45.68477308171658, 8.312075689578327, 25.145542372749013, -10.152527528413948, -6.159294614976123, 0.756624902813287, 4.240841433562329, 52.82336737631623, 64.66794963112335, 4.181070494419236, 4.046093239253825] 
[-0.7066585622648152, 2.1316992773195462, -4.346040214012817, 0.06939253034791015, 0.029498819365638695, 2.084250965491222, -0.5857644428038977, 2.646977382858285, -3.176042253775501, 4.082759105238461, 0.8704485670025939, -1.793701822494409, 58.65176330702897, -46.17541293595176, 8.433178826765877, 25.662643533137757, -10.750933257024965, -5.896618871672274, 0.4096161343183055, 4.785670278736056, 52.48378652003578, 65.0381233689782, 3.766313521052345, 3.6093833312254473] 
[-0.5447769696597557, 1.9698176847144868, -4.507921806617876, 0.23127412295296956, -0.13238277323942071, 1.9223693728861626, -0.4238828501988383, 2.8088589754633446, -3.0141606611704415, 4.24464069784352, 1.0323301596076533, -1.9555834150994684, 58.42887529838811, -46.35204155257126, 8.163389188237623, 25.962678225488453, -10.931554070286033, -5.115408101262212, 1.2596488064395344, 4.277876138517004, 52.8448902926247, 64.95296773359195, 3.901313642063953, 3.784701807310294] 
[-0.7905826177042652, 2.2156233327589963, -4.7537274546623856, 0.477079770997479, 0.11342287480508872, 1.6765637248416532, -0.17807720215432887, 2.563053327418835, -2.768355013125932, 4.49044634588803, 1.2781358076521627, -1.709777767054959, 58.113085918406284, -46.6996313298642, 8.402141666809467, 26.13192561155466, -11.188424695515202, -5.189015776859599, 0.8964948275223434, 4.688039613653335, 52.452955589934795, 65.41467046322659, 4.3300808344221435, 3.60119338048235] 
[-0.7725502349379081, 2.197590949992639, -4.771759837428743, 0.4951121537638361, 0.13145525757144583, 1.658531342075296, -0.19610958492068598, 2.545020944652478, -2.786387395892289, 4.508478728654387, 1.2601034248858056, -1.6917453842886019, 58.14472725943267, -46.66777601011143, 8.415286314714288, 26.142474719180978, -11.213391580058365, -4.516957666171086, 1.5688130164888046, 4.63835107397791, 52.49512161842619, 65.42606070775048, 4.315547373076137, 3.6188014116636147] 
[-1.0328740441608577, 2.4579147592155888, -5.032083646651692, 0.23478834454088648, 0.39177906679439545, 1.3982075328523464, -0.4564333941436356, 2.8053447538754277, -2.5260635866693395, 4.768802537877336, 0.999779615662856, -1.4314215750656523, 57.700634098858416, -47.11665975116412, 8.21909926768898, 25.988002376299306, -11.04255887826365, 3.9110074067027885, 10.002756400208195, 3.92734245212136, 53.136880392262775, 65.1840836975597, 4.514112604434884, 3.8837443932197466] 
[-1.336016780264897, 2.761057495319628, -5.335226382755732, 0.5379310806449258, 0.08863633069035615, 1.7013502689563857, -0.1532906580395963, 2.5022020177713884, -2.2229208505653, 5.071945273981376, 0.6966368795588167, -1.7345643111696916, 58.49981355948098, -46.37160201692311, 7.332699375043564, 26.908724657466895, -11.29249560542498, 3.7697316979869253, 10.220312002800833, 4.345472415240887, 52.72564562369059, 64.95688408777126, 4.715164615830863, 3.581926658547387] 
[-0.794340171894822, 3.302734103689703, -4.7935497743856565, 1.0796076890150008, -0.4530402776797189, 2.2430268773264608, 0.38838595033047874, 3.0438786261414634, -2.7645974589353752, 4.530268665611301, 1.2383134879288917, -2.2762409195397666, 64.23518004343113, -40.6199701390755, 7.946819565904011, 27.244493660390184, -10.648210158927954, 3.502189796204885, 10.507715559113414, 3.9158845940573292, 52.399634245960286, 65.23282208119299, 4.273180142380202, 4.139872017954415] 
[-0.7322755007444446, 3.3647987748400805, -4.731485103235279, 1.1416723601653782, -0.3909756065293415, 2.305091548476838, 0.32632127918010134, 3.105943297291841, -2.8266621300857526, 4.468203994460923, 1.3003781590792691, -2.338305590690144, 64.27103558220456, -40.65719060789663, 7.991119846413313, 27.283507546343234, -10.687013157412359, 3.6636186219588156, 10.667985417923811, 3.886475787480464, 52.458711193816455, 65.31505545926115, 4.353892794147589, 4.086766373347278] 
[-0.6440612982809828, 3.4530129773035423, -4.819699305698741, 1.0534581577019164, -0.4791898089928033, 2.2168773460133764, 0.23810707671663955, 3.017729094828379, -2.738447927622291, 4.3799897919974615, 1.388592361542731, -2.4265197931536058, 64.21741172576341, -40.6041361672923, 8.054164980634658, 27.34513834263531, -10.749762524662296, 3.8939829471391785, 10.896909865521158, 3.8443495097178895, 52.55381661748891, 65.24104434955747, 4.440400184712549, 4.1889747234699675] 
[-1.2087896127018656, 2.8882846628826595, -4.254970991277858, 0.48872984328103364, -1.043918123413686, 2.781605660434259, -0.32662123770424323, 3.582457409249262, -2.173719613201408, 3.8152614775765787, 0.8238640471218481, -1.861791478732723, 63.84921002183349, -40.260297353555686, 8.45189948173461, 27.682630371387685, -11.246932172409448, 4.183018756411226, 10.595632491031031, 4.301651445880284, 53.14213270328428, 64.65781807976995, 4.797365120609658, 3.710739679785514] 
[-0.8412272465246691, 3.255847029059856, -3.8874086251006617, 0.12116747710383713, -0.6763557572364896, 2.4140432942570627, 0.04094112847295328, 3.9500197754264583, -1.8061572470242115, 3.4476991113993822, 0.4563016809446516, -2.2293538449099195, 67.84660193080389, -36.25096427416759, 7.87143550361389, 27.755328022548426, -11.200056069973343, 3.7446590056015596, 9.974055181128591, 4.966212795280779, 53.70151128228745, 64.5899508140116, 4.340651540571667, 3.268032842595735] 
[-1.138359396653522, 2.958714878931003, -3.590276474971809, -0.17596467302501573, -0.3792236071076367, 2.7111754443859155, -0.2561910216558996, 4.247151925555311, -2.1032893971530644, 3.1505669612705294, 0.7534338310735045, -1.9322216947810666, 67.93401015350463, -36.53414486845336, 6.961631832615397, 28.647230425397883, -10.99678344098724, 3.675473066304114, 10.23190650159292, 4.8038093690914625, 54.4687609310515, 63.81309002570568, 4.524534929101541, 3.018180937566857] 
[-1.8319520337814499, 3.652307516058931, -2.896683837843881, 0.5176279641029122, 0.31436903002029126, 3.4047680815138435, 0.4374016154720284, 3.5535592884273832, -2.7968820342809924, 3.8441595983984573, 0.05984119394557652, -1.2386290576531387, 67.3974845175654, -36.358219871224286, 7.524519094346767, 28.92969660499283, -12.189326965673883, 2.0442065003003322, 8.784646380254099, 6.17841556022776, 55.679680335344464, 64.03562111120887, 3.6103989854842173, 2.1034495779808147] 
[-1.792746196092283, 3.6131016783697643, -2.857478000154714, 0.4784221264137454, 0.2751631923311244, 3.4439739192030103, 0.47660745316119524, 3.5143534507382164, -2.836087871970159, 3.8049537607092905, 0.09904703163474338, -1.2778348953423055, 67.39989642600402, -36.40187590363, 7.577466934551097, 28.97537643196639, -12.182188939485775, 2.087426578090783, 8.758470337406717, 6.239025852302207, 55.77111793299745, 63.902156067373305, 3.490726515238543, 2.0660249153500736] 
[-1.8147280255730873, 3.6350835078505686, -2.8794598296355183, 0.5004039558945497, 0.2971450218119287, 3.4659557486838146, 0.49858928264199953, 3.5363352802190207, -2.814106042489355, 3.8269355901900948, 0.12102886111554767, -1.2998167248231098, 67.40000276792817, -36.42704819215412, 7.611669860914307, 29.019606179096993, -12.216672292617222, 2.0600252154332934, 8.810931915642064, 6.296645978245581, 55.81726061976958, 63.873257551386665, 3.496318144374092, 2.043917269905523] 
[-2.343793643025558, 3.106017890398098, -3.408525447087989, 1.0294695733470203, 0.8262106392643993, 3.9950213661362852, 1.0276549000944701, 4.065400897671491, -2.2850404250368843, 3.297869972737624, 0.6500944785680183, -1.8288823422755804, 71.36687506092619, -32.40439957462662, 6.6755332683529085, 29.206549532161073, -11.867592874108363, 2.4590245302401748, 8.979318600009263, 5.689823324396733, 55.35382045850105, 62.7435941927893, 2.3076905566226125, 1.544591365906295] 
[-1.8931545880958187, 3.556656945327837, -3.859164502017728, 0.5788305184172811, 0.3755715843346601, 3.544382311206546, 0.5770158451647309, 3.614761842741752, -2.7356794799666235, 2.847230917807885, 1.1007335334977575, -1.3782432873458412, 72.93050778597328, -30.848565835154112, 6.1170981737754495, 30.2745648228163, -12.834238218396155, 2.128610954223298, 9.436152849668899, 5.451038421877448, 55.5643702114127, 63.13386761078552, 2.731095728744643, 1.1585633477041413] 
[-1.8884177279750687, 3.561393805448587, -3.863901362138478, 0.574093658296531, 0.3803084444554101, 3.539645451085796, 0.581752705285481, 3.610024982621002, -2.7309426198458735, 2.851967777928635, 1.0959966733770075, -1.3735064272250912, 72.92448190729233, -30.850050956642107, 6.127402689504551, 30.26379519940364, -12.832041340245448, 2.1186829580741597, 9.451107757212833, 5.467119452265951, 55.57766034527691, 63.12521443212125, 2.726507902590081, 1.1640492690891786] 
[-2.6185455121277754, 2.8312660212958805, -4.594029146291184, -0.1560341258561757, 1.1104362286081169, 4.269773235238503, 1.3118804894381877, 2.8798971984682953, -2.0008148356931668, 3.5820955620813417, 1.8261244575297142, -0.6433786430723845, 72.62833052352644, -30.34978658406676, 5.844206706964905, 29.28790212364362, -11.803019883405861, 2.3634595333506327, 10.081876046132548, 5.410145543876344, 56.69971081443801, 61.919391382681724, 3.5006056604110487, 1.7648487016476073] 
[-2.7246793634591095, 2.9373998726272146, -4.48789529495985, -0.04990027452484158, 1.0043023772767827, 4.375907086569837, 1.4180143407695218, 2.9860310497996294, -2.106948687024501, 3.4759617107500076, 1.9322583088610483, -0.5372447917410503, 72.66845461321311, -30.488561108246557, 4.188338650507194, 30.94235574813136, -11.606833153524116, 2.1614698318568664, 10.290956352714707, 5.615642171172186, 56.12954954752064, 62.496521259979446, 3.095712099009739, 2.1545029690878192] 
[-2.4051628550288764, 3.2569163810574477, -4.8074118033900834, -0.36941678295507474, 1.323818885707016, 4.6954235950000704, 1.737530849199755, 2.6665145413693963, -2.426465195454734, 3.7954782191802408, 1.6127418004308152, -0.8567613001712835, 72.43794059495447, -30.264106300734376, 4.0997463412278545, 30.709877317345185, -11.175830503546232, 1.7558149853939542, 9.852720889947491, 5.1503765733170015, 56.50064803285297, 62.439211115287144, 4.430077716421138, 0.8220688134605099] 
[-2.5752881145765385, 3.42704164060511, -4.977537062937746, -0.19929152340741263, 1.1536936261593538, 4.525298335452408, 1.5674055896520929, 2.8366398009170584, -2.256339935907072, 3.6253529596325786, 1.7828670599784773, -0.6866360406236214, 72.561298582635, -30.334202626655003, 6.291259703223213, 28.517259364285408, -10.990019227907084, 1.9303793402970448, 10.032406315364847, 5.316977568680001, 56.392519410627244, 62.32588866578766, 4.079121468147562, 1.1744614433140845] 
[-2.648917673871986, 3.353412081309662, -4.903907503642298, -0.2729210827028603, 1.2273231854548015, 4.598927894747856, 1.4937760303566452, 2.7630102416216107, -2.3299694952025196, 3.6989825189280263, 1.856496619273925, -0.7602655999190691, 72.4427653029955, -30.421426976882096, 7.052878496407659, 27.753306464160367, -11.036593340539323, 1.8643921921345452, 10.122034273736027, 5.406648973417609, 56.17497307536435, 62.54597940217514, 4.010303048270435, 1.1468921281342106] 
[-2.5856985937021544, 3.2901930011398304, -4.840688423472466, -0.2097020025330285, 1.1641041052849697, 4.535708814578024, 1.556995110526477, 2.8262293217914425, -2.3931885753723514, 3.6357634387581945, 1.9197156994437568, -0.6970465197492373, 72.48524995875712, -30.466266577097645, 7.016973693939071, 27.72204300016987, -10.965438229399648, 1.7923494372053452, 10.181034021999553, 5.348739354058876, 56.21987501050019, 62.57998324588364, 4.044709548299997, 1.1898099785767557] 
[-2.662196133383618, 3.2136954614583666, -4.764190883791002, -0.2861995422144923, 1.0876065656035059, 4.612206354259488, 1.6334926502079408, 2.9027268614729063, -2.469686115053815, 3.7122609784396583, 1.843218159762293, -0.6205489800677735, 72.32519364315473, -30.62637543414902, 7.012004287528628, 27.80427530572742, -11.057247476035277, 1.8838392287978012, 10.088648101245546, 5.256586924793452, 56.28975413536492, 62.59211188146515, 4.25149978187807, 0.982137938419538] 
[-2.345047858457686, 2.8965471865324344, -4.44704260886507, 0.03094873271143994, 0.7704582906775737, 4.92935462918542, 1.3163443752820085, 3.2198751363988385, -2.152537840127883, 3.395112703513726, 1.5260698848363607, -0.9376972549937057, 71.73815271004793, -31.213040745231375, 7.177708154667061, 27.960732963346484, -10.71082696637361, 1.5268022575520024, 9.727652545202147, 4.911108486018404, 56.865584631509535, 62.075987954707855, 3.424245655262622, 1.84477316451889] 
[-1.9983285396882358, 3.2432665053018845, -4.79376192763452, 0.3776680514808901, 0.4237389719081235, 4.58263531041597, 0.9696250565125584, 3.5665944551682887, -1.8058185213584328, 3.048393384744276, 1.1793505660669106, -1.2844165737631559, 70.24972410470554, -32.85913575260794, 1.1748170417853903, 33.92717445671456, -11.168562462562031, 1.0178218053545, 10.258666323378375, 4.456056228992423, 57.046569087543624, 62.27542756432246, 3.205536042867481, 1.623191097998239] 
[-1.7138780501253872, 2.958816015739036, -5.078212417197369, 0.6621185410437387, 0.7081894614709721, 4.867085799978819, 1.254075546075407, 3.28214396560544, -2.0902690109212814, 3.3328438743071245, 0.894900076504062, -0.9999660842003073, 67.18330711056575, -35.93213960809427, -2.493963628450185, 37.58773620245237, -11.361887198313209, 1.1975953541193898, 10.482112843270839, 4.773974941104532, 57.2628683898774, 62.37225537324183, 2.820294868088992, 2.0077968738735033] 
[-1.7532403808483639, 2.9981783464620126, -5.038850086474392, 0.7014808717667154, 0.6688271307479954, 4.827723469255842, 1.2934378767983836, 3.2427816348824634, -2.129631341644258, 3.372206205030101, 0.8555377457810853, -0.9606037534773306, 67.16172225211139, -35.91387434888548, -2.4844016545464576, 37.62864971612428, -11.31114281929385, 1.2551306308281887, 10.421523681161512, 4.827631716755429, 57.51729120878707, 62.11877610613205, 2.8300790029566274, 2.0431100263261186] 
[-1.9361607733757853, 3.181098738989434, -5.221770479001814, 0.8844012642941368, 0.8517475232754168, 5.010643861783263, 1.476358269325805, 3.425702027409885, -2.3125517341716795, 3.1892858125026797, 0.6726173532536639, -1.143524146004752, 67.35007218757495, -35.908295902519946, -3.1068779250530794, 38.24239274492406, -11.403160251762388, 1.094599330941025, 10.293100735515514, 4.643815519011366, 56.491937759494704, 63.14134362810548, 2.800158351007861, 1.8727903607080105] 
[-1.8444424081045834, 3.272817104260636, -5.3134888442730155, 0.9761196295653387, 0.7600291580042149, 5.102362227054465, 1.568076634597007, 3.333983662138683, -2.4042700994428814, 3.2810041777738816, 0.7643357185248658, -1.235242511275954, 67.40112907197856, -35.95186497182002, -3.0342604306618663, 38.276399423241884, -11.47385404974403, 1.184343901052622, 10.159491927898895, 4.774016283494178, 56.54586403463468, 63.19809253119014, 2.925280550818867, 1.7488047428725475] 
[-2.13021184342741, 2.987047668937809, -5.027719408950189, 0.6903501942425119, 1.0457985933270417, 5.388131662377292, 1.2823071992741801, 3.048214226815856, -2.1185006641200546, 3.5667736130967085, 1.0501051538476927, -1.5210119465987808, 67.41102727003697, -36.24088237165858, -3.66910978663992, 39.02585450085002, -10.964699742514599, 0.9724525600400791, 10.615687915265271, 4.318325466319274, 57.344235041294226, 62.413431975085906, 3.232946777109989, 1.3936017611990992] 
[-2.196665859312581, 2.9205936530526384, -5.094173424835359, 0.7568042101276826, 1.1122526092122125, 5.321677646492121, 1.3487612151593509, 3.114668242701027, -2.1849546800052253, 3.6332276289818792, 1.1165591697328634, -1.5874659624839516, 67.01948892185219, -36.629059512453644, -3.9128925969859534, 39.284270349921904, -10.809151543222711, 1.1246530385819855, 10.428425868430304, 4.492314265093707, 57.652894456489584, 62.09753132009951, 3.1351992785054343, 1.3309916963513464] 
[-2.1455950926856704, 2.869522886425728, -5.043102658208449, 0.705733443500772, 1.061181842585302, 5.270606879865211, 1.2976904485324403, 3.1657390093279374, -2.1338839133783147, 3.68429839560879, 1.0654884031059528, -1.536395195857041, 67.00567234508995, -36.581946617628844, -4.058525622375023, 39.42449691716328, -10.868422144029166, 1.0601157966491075, 10.32025532772992, 4.603882267707129, 57.613527695007875, 62.08075110677769, 3.1849501254222554, 1.3827194002865602] 
[-2.292937764286893, 2.722180214824505, -4.895759986607226, 0.8530761151019948, 0.9138391709840792, 5.4179495514664335, 1.445033120133663, 3.0183963377267147, -1.986541241777092, 3.8316410672100125, 0.9181457315047301, -1.6837378674582637, 66.2867360423998, -37.28898865427339, -4.5119360436567835, 39.91426438586982, -10.595655705042056, 1.273521023870228, 10.588438460345511, 4.320180816562491, 57.7247654965066, 62.129264395562714, 3.047787801231883, 1.2389116181657516] 
[-2.2641572736165396, 2.7509607054948586, -4.92454047727758, 0.8818566057723483, 0.8850586803137257, 5.446730042136787, 1.4738136108040165, 2.989615847056361, -1.9577607511067385, 3.860421557880366, 0.8893652408343766, -1.7125183581286172, 66.37434729637734, -37.20314872411426, -4.45111345284162, 39.85287684820192, -10.556143486175012, 1.3205486635389425, 10.504346297011448, 4.402518076796023, 57.74612964416121, 62.139124508640585, 3.022413191424861, 1.2659398984688703] 
[-2.4908730098476606, 2.5242449692637376, -4.697824741046459, 0.6551408695412273, 1.1117744165448467, 5.673445778367908, 1.2470978745728956, 3.216331583287482, -2.1844764873378595, 4.087137294111487, 0.6626495046032557, -1.9392340943597381, 65.59430282504601, -37.9812085636183, -4.517386379392667, 39.643057832362366, -10.76198990109394, 1.4493486780167966, 11.164541890915316, 3.7361029257573044, 58.55189560708081, 61.303930456996916, 2.681353422376565, 1.4644976256579993] 
[-2.6892218680127082, 2.32589611109869, -4.499475882881411, 0.45679201137617964, 1.3101232747098943, 5.871794636532956, 1.4454467327379432, 3.0179827251224345, -1.9861276291728118, 4.285486152276535, 0.8609983627683033, -1.7408852361946905, 65.72952048908526, -38.10901844530119, -3.9585211061057612, 39.084110846232385, -10.945832954754465, 1.4704687788499642, 12.033013315313854, 2.869287177225235, 58.891388713985286, 60.98328861735929, 2.7892068679608504, 1.6768336271797855] 
[-2.394506237385803, 2.0311804804717846, -4.794191513508316, 0.7515076420030851, 1.6048389053367997, 6.166510267159861, 1.7401623633648486, 3.31269835574934, -2.2808432597997172, 4.5802017829034405, 1.1557139933952087, -1.446169605567785, 66.1635055984065, -37.644121748122274, -3.668257089767299, 39.19853486649564, -10.705050033656544, 1.406070203847144, 9.010729466223433, 5.892658137056121, 58.69228201246396, 60.678966479023416, 2.436321791839893, 1.9527897401304453] 
[-2.055801373756933, 2.369885344100654, -4.455486649879447, 1.0902125056319547, 1.26613404170793, 5.827805403530991, 1.401457499735979, 2.9739934921204703, -1.9421383961708476, 4.241496919274571, 0.8170091297663391, -1.1074647419389154, 66.43236806556403, -37.87546578588644, -4.155929769389599, 39.69736687450885, -11.940007019909666, 0.17163044401797012, 9.092814900049975, 6.159523898973324, 58.29951825002165, 61.17714767683343, 2.8998703751641557, 2.284544903944745] 
[-2.139530718549499, 2.45361468889322, -4.371757305086881, 1.1739418504245207, 1.182404696915364, 5.744076058738425, 1.317728154943413, 2.8902641473279043, -2.0258677409634136, 4.157767574482005, 0.9007384745589051, -1.1911940867314814, 66.49402833972975, -37.910271558319955, -4.036969683803117, 39.578458137846866, -11.983552879232219, 0.25279636334648403, 8.432401387053092, 6.818151903101502, 58.450412234376714, 60.99989879572448, 2.7615104854033485, 2.3887288010406875] 
[-2.1729883450107876, 2.4870723153545087, -4.338299678625592, 1.1404842239632322, 1.2158623233766526, 5.710618432277137, 1.3511857814047015, 2.9237217737891927, -2.059325367424702, 4.124309948020716, 0.9341961010201936, -1.2246517131927699, 66.52039639618312, -37.92116313739368, -3.9896824354969347, 39.52489836245962, -11.925331457064482, 0.31310465291734835, 8.2479775714572, 7.0021024632848246, 58.37435518633716, 61.081889039275, 2.820490377267478, 2.3462503141282194] 
[-2.239230298277574, 2.4208303620877225, -4.4045416318923785, 1.2067261772300184, 1.1496203701098664, 5.776860385543923, 1.4174277346714876, 2.8574798205224066, -2.1255673206914882, 4.05806799475393, 1.0004380542869797, -1.1584097599259837, 66.54501247809135, -37.98483186980808, -4.096975776635177, 39.63211286335592, -11.993951860889013, 0.3435090962371044, 8.571667029962947, 6.679110960500364, 58.26104639439054, 61.19521987942824, 2.7898803107240386, 2.2846411669313857] 
[-2.510350424772296, 2.6919504885824446, -4.6756617583871005, 1.4778463037247405, 0.8785002436151443, 5.505740259049201, 1.6885478611662097, 2.5863596940276845, -2.3966874471862103, 4.329188121248652, 0.7293179277922577, -1.4295298864207058, 67.25855638195604, -37.23447443618008, -3.624795167616141, 39.208239800628554, -11.7143076866671, 0.20084545499643272, 6.954457218504799, 8.30685799439423, 57.597910480028254, 61.91068385260354, 3.2996126825860332, 1.9088625339623715] 
[-2.4376790957822485, 2.764621817572492, -4.602990429397053, 1.5505176327147878, 0.805828914625097, 5.433068930059154, 1.761219190156257, 2.659031023017732, -2.4693587761762577, 4.256516792258605, 0.801989256782305, -1.5022012154107531, 67.41292841822509, -37.080754005113526, -3.7022489624189716, 39.28920094024552, -11.792286385436356, 0.1337229467878684, 7.1354350014396415, 8.120911915770712, 57.50069831812211, 61.98531874944326, 3.2622901822581145, 1.9828431025118693] 
[-2.269323737085285, 2.9329771762694556, -4.771345788094017, 1.382162274017824, 0.6374735559281333, 5.601424288756117, 1.5928638314592933, 2.8273863817146956, -2.301003417479294, 4.088161433561641, 0.9703446154792688, -1.3338458567137894, 67.30295563134045, -36.98373459246805, -3.870622502844526, 39.448778141569356, -11.634420580862397, 0.29672106059890135, 7.065564492089103, 7.9772958286014575, 57.277124333600526, 62.17205467456773, 3.1887632189957427, 1.8160823974316882] 
[-2.2899852564134213, 2.912315656941319, -4.792007307422153, 1.3615007546896876, 0.6581350752562698, 5.622085808084254, 1.5722023121311568, 2.848047901042832, -2.3216649368074305, 4.108822952889778, 0.9496830961511322, -1.354507376041926, 67.3151033169819, -36.99509869513085, -3.8956656728120236, 39.47319118633703, -11.652367195778822, 0.3149475153016527, 6.986822126151704, 8.056243218486886, 57.310698226877996, 62.141742548439375, 3.2026722488442347, 1.79384638101281] 
[-2.317610089064432, 2.93994048959233, -4.819632140073164, 1.3891255873406982, 0.6305102426052591, 5.594460975433243, 1.5445774794801461, 2.875672733693843, -2.349289769458441, 4.081198120238767, 0.9220582635001215, -1.3268825433909153, 67.41889698234462, -36.89113555253913, -3.920325098071046, 39.45235056134983, -11.622950376123786, 0.34560029876094484, 7.099887449516352, 7.943187572929207, 57.296487300634595, 62.107892989977564, 3.1663624084672706, 1.7698182954845463] 
[-2.402633807324134, 3.024964207852032, -4.904655858332866, 1.4741493056004003, 0.7155339608649611, 5.509437257173541, 1.6296011977398481, 2.790649015434141, -2.434313487718143, 3.996174401979065, 1.0070819817598236, -1.2418588251312133, 67.37166103584, -36.8385785822786, -4.023000234637683, 39.54829650699939, -11.707011618454704, 0.2580945985985149, 6.770641461521959, 8.272731866986767, 57.43233490062587, 61.9785842457359, 3.197846450513889, 1.8512666743484223] 
[-2.53312177250787, 2.8944762426682957, -5.035143823516602, 1.3436613404166642, 0.5850459956812251, 5.378949291989805, 1.499113232556112, 2.6601610502504047, -2.303825522534407, 4.126662367162801, 0.8765940165760875, -1.3723467903149493, 66.97971018517035, -37.22943819672351, -4.133808195710717, 39.40738847388867, -11.852221097874793, 0.37967690221536265, 6.695460287203414, 8.19587106073826, 57.64169538924997, 61.778748254732065, 3.245242002166766, 1.9732580098338341] 
[-2.926433701271877, 2.501164313904289, -4.641831894752595, 0.9503494116526574, 0.9783579244452318, 4.985637363225798, 1.8924251613201188, 3.0534729790144115, -2.697137451298414, 4.519974295926808, 0.4832820878120807, -1.765658719078956, 67.84057829604873, -36.385852921545045, -3.711853250901673, 39.00971998225478, -11.529991053967207, 0.7877032738671669, 6.90985092971564, 8.488174145511694, 56.912703244035015, 62.682825720657625, 3.9329453843654623, 2.308966408662865] 
[-2.6862236560193806, 2.741374359156785, -4.401621849500099, 1.1905594569051536, 0.7381478791927356, 5.225847408478295, 2.132635206572615, 2.8132629337619153, -2.93734749655091, 4.279764250674312, 0.24307204255958448, -2.0058687643314523, 68.13173831196772, -36.088239250940774, -3.5281911764836114, 39.15765932136325, -11.315726736216329, 0.6247677229174132, 7.200419541633468, 8.182124246272647, 57.24171239891228, 61.50477509815042, 2.7721169968382364, 2.5292026628516555] 
[-2.9925704936507542, 3.047721196788159, -4.707968687131473, 1.4969062945365272, 0.431801041561362, 5.532194246109668, 1.8262883689412415, 3.119609771393289, -2.6310006589195365, 4.586111088305685, 0.5494188801909581, -1.6995219267000787, 68.63933641477213, -35.591370962345394, -3.669085670150657, 38.81262604103195, -10.913239810434833, 0.8177082767858195, 6.72620258913521, 8.777070360796364, 57.848091060523636, 59.020738799750916, 0.30489246959970817, 2.117923344665402] 
[-2.9375683486338526, 3.1027233418050604, -4.762970832148374, 1.4419041495196256, 0.4868031865782636, 5.58719639112657, 1.7712862239243399, 3.0646076263763873, -2.575998513902635, 4.531108943288784, 0.6044210252078597, -1.6445197816831771, 68.59141384636155, -35.54347693596117, -3.728448208005792, 38.87222047619659, -10.97051750842678, 0.7275171117809497, 6.50978384211436, 8.985369405831056, 57.902656083661604, 59.04424929722012, 0.2667770587752469, 2.0625994130564567] 
[-3.346526375929581, 2.693765314509332, -4.354012804852646, 1.8508621768153541, 0.8957612138739921, 5.996154418422298, 2.1802442512200684, 2.655649599080659, -2.9849565411983634, 4.122150915993055, 0.19546299791213118, -1.2355617543874486, 68.07849372094105, -36.05697458366783, -3.3675088002993614, 39.254265937144474, -10.533054981928265, 0.9783319850512072, 4.929561431646514, 10.585177798169779, 58.36411879241809, 58.71396743426616, 0.44697469099803533, 1.6550012538080523] 
[-3.00058350646503, 3.039708183973883, -4.699955674317197, 2.196805046279905, 1.241704083338543, 6.342097287886849, 1.8343013817555174, 2.309706729616108, -3.3308994106629144, 3.776208046528504, -0.15047987155241982, -1.5815046238519996, 67.66141407829117, -35.669170690863645, -3.600499150759788, 39.49120619323011, -10.273679309970056, 1.1554354531186743, 3.792449939742469, 11.748722717331937, 58.46590699638969, 56.88416140496658, -1.3866025702965152, 2.0661504143845884] 
[-2.8989483175014175, 2.93807299501027, -4.598320485353584, 2.0951698573162925, 1.1400688943749304, 6.240462098923237, 1.7326661927919047, 2.208071540652495, -3.2292642216993017, 3.6745728575648915, -0.2521150605160325, -1.6831398128156123, 67.77955745057368, -35.55109780739893, -3.6646724357121405, 39.555228255556344, -10.208907044848678, 1.2216572274144006, 3.703931068766557, 11.72801040785481, 58.58999395127351, 57.14252472360225, -1.1363596081565026, 2.1674621067685775] 
[-2.976147839184715, 3.015272516693568, -4.5211209636702865, 2.0179703356329948, 1.0628693726916327, 6.163262577239939, 1.655466671108607, 2.1308720189691974, -3.152064700016004, 3.751772379248189, -0.1749155388327348, -1.6059402911323146, 67.84285962458145, -35.61015718216074, -3.51938711478514, 39.69769881375836, -10.075094619583405, 1.0842085349163715, 3.902953491095597, 11.519693987802178, 58.47876908045186, 56.983280990594224, -1.2935631222624366, 2.2484481218775563] 
[-3.495645651229427, 3.5347703287382797, -5.040618775714998, 1.498472523588283, 0.5433715606469209, 5.643764765195227, 2.174964483153319, 2.650369831013909, -3.671562512060716, 3.2322745672034774, 0.344582273211977, -1.0864424790876028, 67.22033255309809, -36.240772774128395, -3.91772647698918, 40.0207553137867, -9.73107771641509, 1.48021559354407, 5.031837271406529, 10.36387118797841, 57.87794906835117, 57.3092089380126, -1.6317710668401606, 2.7696407771715768] 
[-3.485517457695216, 3.524642135204069, -5.050746969249209, 1.4883443300540722, 0.5332433671127101, 5.633636571661016, 2.164836289619108, 2.66049802454812, -3.6816907055949266, 3.2221463736692666, 0.3547104667461878, -1.076314285553392, 67.20491158635011, -36.224245644830475, -3.905120104292245, 40.011835866993074, -9.723791569834919, 1.4672977611670206, 5.021470489032108, 10.357843891300412, 57.86957684073697, 57.3163039850326, -1.6224796469909666, 2.7783134938282936] 
[-3.51489125012484, 3.495268342774445, -5.021373176819585, 1.4589705376244484, 0.5038695746830864, 5.604262779231393, 2.194210082048732, 2.689871816977744, -3.652316913165303, 3.192772581239643, 0.325336674316564, -1.1056880779830158, 67.18135937078037, -36.24285988265302, -3.876064293848944, 39.98607764975773, -9.703750644791501, 1.4074648290694505, 4.914698058232389, 10.460328463590272, 57.91750483288084, 57.307034717459956, -1.6483249948870662, 2.7531859535294068] 
[-3.063935015835909, 3.044312108485514, -5.472329411108516, 1.9099267719133795, 0.052913340394155295, 5.1533065449424615, 1.7432538477598007, 3.140828051266675, -3.2013606788763718, 3.643728815528574, -0.12561955997236707, -1.5566443122719469, 66.86172927926539, -36.62672338349905, -4.306970677273064, 39.40756058780144, -10.348162796574595, 0.44494596668283337, 3.405433754062699, 11.778405813586554, 57.95861401770404, 57.760191822832255, -2.0232388874231946, 2.3559067450113926] 
[-3.079021297091028, 3.059398389740633, -5.457243129853397, 1.9250130531684984, 0.03782705913903639, 5.1683928261975804, 1.7281675665046818, 3.125741770011556, -3.186274397621253, 3.628642534273455, -0.11053327871724816, -1.541558031016828, 66.87575619767419, -36.64044342389333, -4.311215845770504, 39.44891799208765, -10.306096254093536, 0.42492549647105304, 3.375633238398214, 11.806023565096279, 57.975273099310364, 57.790161603681, -1.9938438740457753, 2.371038711070171] 
[-3.0962254837900285, 3.0421942030416322, -5.474447316552398, 1.942217239867499, 0.05503124583803709, 5.185597012896581, 1.7453717532036825, 3.1429459567105567, -3.2034785843202536, 3.6458467209724557, -0.12773746541624886, -1.5587622177158287, 66.8941282906863, -36.621702778557726, -4.318264556086669, 39.4929736166395, -10.26101266393638, 0.44402378504059864, 3.390956170288933, 11.81652475016402, 57.95933293067381, 57.82152777762702, -1.962014525312926, 2.3883336045378294] 
[-3.1073147184782495, 3.0532834377298532, -5.485536551240619, 1.931128005179278, 0.04394201114981611, 5.17450777820836, 1.7342825185154616, 3.1540351913987776, -3.1923893496320326, 3.6347574862842347, -0.13882670010446985, -1.5476729830276077, 66.904725760234, -36.63259995561599, -4.314083197179433, 39.463678333889035, -10.291055714239041, 0.4589368873187403, 3.41395643771428, 11.795115320274371, 57.94779817860108, 57.81320734997969, -1.9549198279027025, 2.377253892273436] 
[-3.142083913366242, 3.088052632617846, -5.520305746128612, 1.8963588102912854, 0.009172816261823424, 5.209276973096353, 1.7690517134034542, 3.1888043862867703, -3.15762015474404, 3.599988291396242, -0.17359589499246253, -1.512903788139615, 66.94070613196776, -36.597120774239954, -4.305663510424494, 39.36754214069392, -10.388287254442458, 0.4146348862707929, 3.343846675406975, 11.860800154860677, 57.90987743337951, 57.745706529983956, -2.0211992555747855, 2.4118362925685295] 
[-3.1531958387895176, 3.0991645580411213, -5.531417671551887, 1.88524688486801, 0.02028474168509886, 5.220388898519628, 1.7801636388267297, 3.177692460863495, -3.1687320801673153, 3.6111002168195174, -0.1624839695691871, -1.5240157135628905, 66.9518123979083, -36.585583896014576, -4.316789909286383, 39.36949870750949, -10.398070141842345, 0.42244057489799913, 3.3246712138838768, 11.880967853223702, 57.898685550530196, 57.7531934380637, -2.0291485892268906, 2.400653123744233] 
[-3.1216775212638335, 3.1306828755668055, -5.562935989077571, 1.8537285673423258, -0.011233575840585264, 5.251907216045312, 1.7486453213010456, 3.1461741433378108, -3.2002503976929995, 3.6426185343452016, -0.19400228709487122, -1.4924973960372063, 66.98294816518158, -36.552584041337056, -4.376259958676393, 39.241893501249415, -10.518349372333663, 0.46711163207190165, 3.395093538384043, 11.816207063303, 57.866249574924794, 57.69516840451007, -2.0867800911209717, 2.368746004228172] 
[-3.0178362606364106, 3.2345241361942283, -5.4590947284501485, 1.9575698279697487, -0.11507483646800809, 5.355748476672735, 1.6448040606736227, 3.042332882710388, -3.0964091370655766, 3.5387772737177787, -0.09016102646744839, -1.5963386566646292, 67.08476806176282, -36.65409569309231, -4.413109219232195, 39.60121637916152, -10.154954130534087, 0.6077786822567675, 3.6338719124714416, 11.591554521466108, 57.967026936258634, 57.63204526295283, -2.011251902141665, 2.473586216629051] 
[-2.744870300172351, 2.9615581757301688, -5.186128767986089, 2.230535788433808, -0.3880407969320676, 5.628714437136795, 1.3718381002095632, 3.3152988431744475, -3.369375097529636, 3.8117432341818382, 0.18280493399661113, -1.8693046171286887, 66.7776389106488, -36.932052924553844, -3.8893973108167623, 40.57395728134769, -9.266132821921671, 0.9156405944450005, 3.834715390500383, 11.743099401096165, 57.713060894290656, 57.200393591537335, -2.4509238332082584, 2.7474845199140296] 
[-2.715322367959082, 2.9320102435168995, -5.15658083577282, 2.200987856220539, -0.41758872914533685, 5.658262369350064, 1.4013860324228324, 3.3448467753877167, -3.3989230297429054, 3.8412911663951075, 0.21235286620988036, -1.8397566849154194, 66.72701206369133, -36.98750154360323, -3.8010756350048327, 40.67570228373142, -9.191797825136819, 0.9745390741627334, 3.693982352083688, 11.879683494291152, 57.68999705489956, 57.21151621126708, -2.475134620178388, 2.716922143762136] 
[-2.809710882177878, 2.8376217292981036, -5.250969349991616, 2.106599342001743, -0.32320021492654094, 5.75265088356886, 1.3069975182040365, 3.250458261168921, -3.4933115439617013, 3.9356796806139034, 0.30674138042867627, -1.9341451991342153, 66.55852733587707, -37.17071302917035, -3.5470042505878574, 40.95385237586989, -9.029436846872306, 0.869814135849578, 4.157664884561962, 11.420068777150346, 57.62347330116063, 57.436966658248316, -2.239015746972761, 2.8214274185212957] 
[-2.906222037274158, 2.7411105742018234, -5.154458194895335, 2.2031104970980233, -0.22668905983026066, 5.84916203866514, 1.4035086733003168, 3.1539471060726405, -3.5898226990579816, 4.032190835710184, 0.40325253552495655, -2.0306563542304956, 66.70784309093685, -37.00086078553457, -3.7324812407440864, 40.80005600072177, -8.980954771034153, 0.9862818984540326, 4.052346428808515, 11.4131059676463, 57.71254576858616, 57.40675019568043, -2.1686536309254634, 2.7302090343000995] 
[-2.8917896045831486, 2.755543006892833, -5.168890627586345, 2.188678064407014, -0.2122566271392512, 5.834729605974131, 1.4179411059913263, 3.16837953876365, -3.604255131748991, 4.017758403019174, 0.3888201028339471, -2.045088786921505, 66.71916376243861, -37.015350891784756, -3.717136165753678, 40.79713385373558, -8.969173734482503, 0.9724350125335153, 4.0645735958139095, 11.416627336731969, 57.72695666585083, 57.40664722778121, -2.152512986108268, 2.746409485579684] 
[-2.7054516459606854, 2.941880965515296, -5.355228586208808, 2.375016023029477, -0.39859458576171436, 6.021067564596594, 1.6042790646137894, 3.354717497386113, -3.790593090371454, 3.831420444396711, 0.20248214421148392, -1.858750828299042, 66.56204988668951, -36.88774548542211, -3.5756772891900535, 40.746571975501375, -8.776622371367827, 1.1904238937860652, 3.902252050387319, 11.373850020557315, 57.46585434262486, 57.14540974580624, -2.153031485955766, 2.560014064068833] 
[-2.774973201770915, 3.0114025213255258, -5.285707030398578, 2.444537578839707, -0.3290730299514846, 6.090589120406824, 1.5347575088035597, 3.424239053196343, -3.860114646181684, 3.900942000206941, 0.13296058840125413, -1.9282723841092717, 66.61488347737857, -36.928049879648285, -3.6437840133709107, 40.74138712265455, -8.871138294916152, 1.105215473226393, 5.132280996762709, 10.143075677465895, 57.60189716632775, 57.27616359484824, -2.154553445364855, 2.6294685730595355] 
[-2.5340241148967872, 3.2523516081996537, -5.04475794352445, 2.6854866657138348, -0.0881239430773566, 5.849640033532696, 1.7757065956776876, 3.183289966322215, -3.619165559307556, 3.659992913332813, 0.3739096752753821, -2.1692214709833997, 66.99044981009449, -36.54930301677387, -3.709361188153536, 40.30043986608267, -9.350956677342989, 0.7204988008826742, 9.280712288476682, 5.9974638147488095, 57.993761502612045, 57.673719070388124, -2.199444908942501, 2.3870091555368047] 
[-2.5162243109885085, 3.2701514121079325, -5.062557747432729, 2.7032864696221135, -0.07032413916907787, 5.867439837440974, 1.757906791769409, 3.165490162413936, -3.6013657553992773, 3.642193109424534, 0.35610987136710337, -2.151421667075121, 67.03174403632798, -36.50789401813492, -3.7032859752258416, 40.285085217111146, -9.369670084424694, 0.7384129988146005, 9.29781426593793, 5.999968179024372, 58.0088408107988, 57.66694618660985, -2.187210127972192, 2.371396076112148] 
[-2.6232928871685703, 3.3772199882879943, -5.169626323612791, 2.5962178934420517, 0.036744437010983955, 5.760371261260913, 1.650838215589347, 3.272558738593998, -3.4942971792192155, 3.5351245332444723, 0.4631784475471652, -2.044353090895059, 66.79667016713002, -36.72837798648501, -3.056576964369569, 40.934165966810696, -9.393697867827553, 0.5454937320684825, 8.170925978482314, 7.1187877699570965, 58.22504965313525, 57.95883141771705, -1.9374823783089035, 2.5203625051958403] 
[-2.4340579071371127, 3.566454968319452, -5.3588613036442485, 2.7854528734735093, -0.1524905430204737, 5.94960624129237, 1.4616032355578894, 3.0833237585625404, -3.305062199187758, 3.72435951327593, 0.27394346751570753, -2.233588070926517, 66.72267747850312, -36.489144621916346, -2.0999716009852376, 41.934218115415774, -8.968656664856018, 0.2904221325152503, 6.810655909266705, 8.474538953434205, 58.0425392087079, 58.02209229375661, -2.149470526068491, 2.291234135019777] 
[-2.5374665557836056, 3.669863616965945, -5.255452654997756, 2.8888615221200022, -0.049081894373980806, 6.053014889938863, 1.3581945869113965, 2.9799151099160475, -3.4084708478342507, 3.827768161922423, 0.37735211616220043, -2.3369967195730097, 66.9348801405728, -36.30542608685789, -2.340314038849172, 41.68246143155061, -8.894120320682193, 0.4642903329691217, 5.097108099817242, 10.185196954723336, 57.95750217396564, 58.236491592010935, -1.9150841091480542, 2.427219377345744] 
[-2.5117237505070196, 3.695606422242531, -5.281195460274342, 2.8631187168434162, -0.07482469965056682, 6.027272084662277, 1.3839373921879825, 3.0056579151926335, -3.4342136531108367, 3.802025356645837, 0.40309492143878645, -2.3627395248495957, 66.91728464375643, -36.288819510924725, -2.3426639927369135, 41.71016372078002, -8.865901756583739, 0.44051772220484225, 5.083276028771276, 10.17373333601097, 57.918227262397316, 58.16742748769086, -1.97741283503834, 2.44064184463608] 
[-2.3581226372886834, 3.849207535460867, -5.434796573492678, 3.0167198300617524, -0.22842581286890296, 6.180873197880613, 1.2303362789696464, 3.1592590284109696, -3.2806125398925006, 3.955626469864173, 0.2494938082204503, -2.2091384116312596, 66.60602974048956, -36.60354156457331, -2.365389063232513, 41.55882961953653, -8.744514406186713, 0.2985795690143683, 5.014558385695621, 10.090673609502833, 57.67672177660018, 57.76909154236291, -2.3294849602524996, 2.5166183588703372] 
[-2.5359391934210573, 3.671390979328493, -5.256980017360304, 2.8389032739293785, -0.05060925673652905, 6.358689754012987, 1.4081528351020203, 3.3370755845433435, -3.4584290960248745, 4.133443025996547, 0.4273103643528242, -2.0313218554988857, 66.46979843112081, -36.526001064679484, -2.454766140568975, 41.673437007936776, -8.902248082724256, 0.34730324724443234, 7.839427725564425, 7.26550153676251, 57.85337214241759, 57.93033538507704, -2.3773193075808416, 2.6896030147990704] 
[-2.6701019651555025, 3.537228207594048, -5.391142789094749, 2.9730660456638236, -0.18477202847097418, 6.492852525747432, 1.5423156068364654, 3.2029128128088984, -3.3242663242904293, 4.267605797730992, 0.5614731360872693, -2.165484627233331, 66.17109197014712, -36.860947593920265, -2.705846389610241, 41.6098158082523, -9.037702891019185, 0.5242579076616138, 11.88190167197106, 3.2187237254112357, 57.498142851531775, 57.33161402240904, -2.9370363090252596, 2.7673622257111763] 
[-2.5481622322850117, 3.4152884747235572, -5.51308252196524, 2.851126312793333, -0.06283229560048342, 6.370912792876942, 1.4203758739659746, 3.324852545679389, -3.44620605716092, 4.389545530601483, 0.6834128689577601, -2.2874243601038216, 66.30306000247948, -36.83702098914417, -2.285755327080252, 42.02361718507527, -9.091662624968889, 0.6662053497399889, 16.95677251666524, -1.855850255834489, 57.358031591405116, 57.21031348371361, -2.9216385494830783, 2.6473987278639326] 
[-2.832796849939196, 3.6999230923777415, -5.797717139619424, 3.135760930447517, 0.22180232205370087, 6.655547410531126, 1.1357412563117903, 3.6094871633335734, -3.7308406748151044, 4.674180148255667, 0.9680474866119444, -2.0027897424496373, 65.65182218343183, -37.51794133592162, -2.5696387323514664, 42.195333502097455, -8.753445282100687, 0.9723909833162027, 17.054599553669686, -1.6588066615055566, 57.63233446143554, 57.04502154487892, -2.788099949445176, 2.3803362983835985] 
[-2.7586398240482413, 3.7740801182686963, -5.871874165510379, 3.0616039045565624, 0.2959593479446556, 6.729704436422081, 1.0615842304208356, 3.5353301374426187, -3.804997700706059, 4.600023122364712, 1.0422045125028991, -2.076946768340592, 65.78067456165519, -37.30574632133592, -2.334813881638364, 42.361963653020894, -8.844857617734155, 1.0606921938129106, 17.023933105857544, -1.6989739991400956, 57.70111961911249, 57.09651366186184, -2.83899206407802, 2.305508764070641] 
[-2.811151266346673, 3.7215686759702646, -5.819362723211947, 3.0090924622581308, 0.24344790564622398, 6.782215878720512, 1.009072788122404, 3.5878415797410503, -3.7524862584076275, 4.652534564663144, 0.9896930702044675, -2.0244353260421604, 65.8061578113345, -37.395427800381434, -2.4240501115286515, 42.3879378708475, -8.814211309736995, 1.1510158039210285, 17.25162685752943, -1.914844569854396, 57.716281986510346, 57.009640074832205, -2.928467396798532, 2.2487971218570557] 
[-2.8022548472786712, 3.7304650950382663, -5.8104663041439455, 3.000196043190129, 0.25234432471422563, 6.773319459652511, 1.0001763690544023, 3.596737998809052, -3.743589839339626, 4.661430983731146, 0.9807966511364659, -2.0155389069741587, 65.81373515321854, -37.400288008972474, -2.419779770233497, 42.38154070770113, -8.8062298547434, 1.1518804236039595, 17.225929777802104, -1.8894630468913574, 57.712346907540145, 57.01551653259162, -2.934924167739768, 2.2397592225177902] 
[-2.540869067151014, 3.469079314910609, -5.549080524016288, 2.7388102630624718, -0.00904145541343171, 6.511933679524853, 1.2615621491820597, 3.8581237789367093, -4.004975619467283, 4.922816763858803, 0.7194108710088085, -1.7541531268465014, 66.29111552294763, -36.619954600243176, -1.5902729936273754, 42.92641486542253, -9.032120385231313, 1.2926784948223078, 16.536101927717286, -1.1950427672057524, 57.57432160863964, 56.53143110991361, -3.41340111382095, 2.4924323245277717] 
[-2.9724190588293804, 3.0375293232322425, -5.980630515694655, 2.3072602713841053, -0.4405914470917982, 6.94348367120322, 1.6931121408604262, 3.426573787258343, -3.5734256277889163, 4.4912667721804365, 1.150960862687175, -2.185703118524868, 67.32749501302817, -35.48985292070557, -0.8599198201819526, 43.05694035305939, -8.565212632467519, 0.9685363373773814, 18.037777851587467, -2.756622186053741, 56.96270551117349, 56.34121622192954, -3.0617309382855638, 2.0520568888975657] 
[-2.67148301152471, 3.338465370536913, -6.281566562999325, 2.6081963186887758, -0.7415274943964687, 6.642547623898549, 1.9940481881650967, 3.7275098345630133, -3.8743616750935868, 4.792202819485107, 1.4518969099918455, -2.4866391658295384, 67.59115443398737, -35.71245711766324, -1.2096188949839393, 42.70265149906507, -8.539801665629914, 0.7523930036596009, 16.87002876927326, -1.5849431887136516, 57.21128874827491, 56.161277946712936, -2.787352940727275, 2.3846936459846138] 
[-2.6240529243637236, 3.3858954576978992, -6.328996650160311, 2.5607662315277895, -0.788957581557455, 6.6899777110595355, 1.9466181010041104, 3.7749399217239996, -3.921791762254573, 4.839632906646093, 1.4993269971528318, -2.439209078668552, 67.61867713921639, -35.757269968130416, -1.2647230686821116, 42.80547265403082, -8.391874594124124, 0.8661677982571325, 17.00326913635824, -1.722648009667782, 57.1847536500021, 56.214220247294776, -2.7380531970469564, 2.4290284560484388] 
[-2.8969769152456837, 3.6588194485798593, -6.056072659278351, 2.2878422406458294, -1.061881572439415, 6.962901701941496, 2.2195420918860704, 3.5020159308420395, -4.194715753136533, 5.112556897528053, 1.7722509880347919, -2.166285087786592, 67.11664588569712, -36.234524318245995, -1.0900841361626776, 42.753518581629486, -7.80292839320293, 1.4830274784308592, 16.777937628394113, -1.8834237164859282, 57.463355984419394, 56.48030881339627, -2.4756525552294972, 2.6766001635642303] 
[-3.1619654790720193, 3.3938308847535237, -5.791084095452016, 2.552830804472165, -0.7968930086130794, 6.69791313811516, 1.9545535280597348, 3.767004494668375, -4.459704316962869, 4.847568333701718, 1.5072624242084562, -2.4312736516129276, 67.51176985338793, -35.61631683038781, -0.512366350009255, 42.93825265308312, -8.234871335828831, 0.9608753714871139, 17.125820222428747, -1.8597586638117587, 57.83869938153071, 56.12406412865831, -2.778781215819301, 3.006487837895982] 
[-2.8136982672786135, 3.7420980965469295, -6.1393513072454216, 2.901098016265571, -0.44862579681967363, 6.349645926321754, 1.606286316266329, 4.115271706461781, -4.111437105169463, 4.499301121908312, 1.1589952124150504, -2.083006439819522, 67.15569842967656, -35.2207019005589, -0.329004569555358, 42.27620126209801, -9.356095276386018, -0.043037631549346145, 17.55550643528782, -1.8242407186934924, 58.15101867453027, 56.445471076657896, -2.3858610195902386, 2.6181550409700187] 
[-2.858999113741287, 3.787398943009603, -6.094050460782748, 2.8557971698028974, -0.4033249503570002, 6.304345079859081, 1.6515871627290024, 4.160572552924455, -4.0661362587067895, 4.4540002754456385, 1.113694365952377, -2.1283072862821952, 67.21382481280155, -35.17243254580861, -0.35256973125953966, 42.24294640281492, -9.286637532728522, 0.031240289209844438, 17.657740213921894, -1.9260671356305452, 58.10319389477203, 56.402510007798696, -2.3540791961496805, 2.575872899689457] 
[-2.8886743187896964, 3.8170741480580124, -6.064375255734339, 2.885472374851307, -0.4330001554054097, 6.274669874810671, 1.621911957680593, 4.130897347876045, -4.03646105365838, 4.424325070397229, 1.0840191609039675, -2.1579824913306047, 67.22768676885812, -35.24344220102671, -0.4308227028618724, 42.18555130328056, -9.351217828997456, -0.022649021043164692, 17.59487471412765, -1.8623718447255928, 58.07471443666985, 56.438341017288465, -2.3182699207025, 2.550541778917094] 
[-3.2607494297105535, 4.189149258978869, -6.436450366655196, 3.257547485772164, -0.060925044484552604, 5.902594763889814, 1.2498368467597358, 3.7588222369551882, -3.664385942737523, 4.052249959476372, 0.7119440499831104, -1.7859073804097476, 66.64880994354303, -36.30243567278429, -1.401933512707333, 42.34892377319192, -9.572013801910606, 0.2597089243568507, 17.348270230978393, -2.0909067794786167, 57.76513567570215, 56.90157313626884, -1.859088628029252, 2.24234478284773] 
[-3.132066443144321, 4.060466272412636, -6.565133353221428, 3.1288644992059313, 0.06775794208168007, 5.7739117773235815, 1.3785198333259685, 3.6301392503889556, -3.5357029561712903, 3.9235669729101392, 0.8406270365493431, -1.657224393843515, 66.57263112025701, -37.18633619308459, -2.2957682521908573, 42.53174659738728, -9.45294624345162, 0.4600538173982138, 16.792788033999866, -1.5294846543351999, 57.977790294354364, 56.88216272295164, -1.7506748041991975, 2.1229328929535103] 
[-3.407590437432894, 3.7849422781240634, -6.840657347510001, 3.4043884934945043, 0.34328193637025306, 5.4983877830350085, 1.1029958390373955, 3.3546152561003826, -3.2601789618827173, 4.199090967198712, 0.5651030422607701, -1.381700399554942, 66.29676687104784, -37.245207736117784, -2.0099166231896644, 42.20426591807807, -9.756903460018371, 0.8735057998253024, 15.502225962988605, -0.23896209576000693, 58.44102803137184, 57.218197367682805, -1.868035607506672, 2.393101436168492] 
[-3.5947590425081972, 3.59777367304876, -6.653488742434698, 3.217219888419201, 0.15611333129494964, 5.311219177959705, 0.9158272339620921, 3.167446651025079, -3.4473475669580207, 4.011922362123409, 0.3779344371854667, -1.5688690046302454, 66.46138657509287, -37.13799618498787, -2.1022180987379255, 42.100999711634394, -9.97933619260438, 1.120069390831674, 15.474754309462607, -0.01108609209429573, 58.69192694762655, 57.960660187325296, -1.1274136397173766, 2.169324701208] 
[-3.8038189687764574, 3.80683359931702, -6.862548668702958, 3.426279814687461, -0.05294659497331056, 5.520279104227965, 1.1248871602303523, 2.958386724756819, -3.656407493226281, 4.220982288391669, 0.1688745109172065, -1.3598090783619852, 66.11879203564752, -36.79825167348083, -2.1129712814027557, 41.87607039120981, -9.701184856413201, 0.5085408350973585, 16.235605064920815, -0.5656967872946312, 58.323071684997885, 57.1797435288272, -1.8657420093489416, 2.3787230855025596] 
[-3.413352002069032, 3.416366632609595, -6.472081701995533, 3.035812847980036, -0.44341356168073576, 5.12981213752054, 0.7344201935229271, 3.348853691464244, -3.2659405265188557, 3.830515321684244, -0.2215924557902187, -0.96934211165456, 65.00822559109255, -35.309714928377836, -0.7361935319640374, 40.956964739306, -9.873903318401416, 0.5640744797357657, 17.33972131494756, -1.7043954083075978, 58.91134880843068, 57.704757338310735, -1.8655344799048053, 2.769186605330391] 
[-3.6388795538834766, 3.6418941844240393, -6.697609253809977, 2.8102852961655915, -0.21788600986629136, 5.3553396893349845, 0.5088926417084827, 3.1233261396497998, -3.4914680783333, 4.056042873498688, 0.003935096024225704, -1.1948696634690044, 64.85394821630436, -35.585496776174615, -1.087206704606318, 41.26124927627451, -9.706595678951937, 0.06265659559653936, 17.83709433975403, -1.5710190137424997, 59.17584718422891, 57.9049560648951, -1.9469649370504698, 2.986896876275707] 
[-3.881436390103605, 3.8844510206441676, -6.455052417589849, 2.5677284599454633, 0.024670826353836883, 5.112782853114856, 0.7514494779286109, 2.8807693034296715, -3.248911242113172, 3.81348603727856, 0.24649193224435395, -0.9523128272488761, 65.27976000602996, -36.02330301971308, -1.1312983274274684, 41.61353611210204, -9.3798064376546, -0.08567481682794661, 17.757703887218007, -1.783118235672391, 58.690642145736405, 56.72953439824228, -3.0640866444173875, 2.745324891961349] 
[-4.021001360933585, 3.7448860498141876, -6.315487446759869, 2.7072934307754433, -0.1148941444761431, 4.973217882284876, 0.611884507098631, 2.7412043325996915, -3.388476212943152, 3.67392106644858, 0.38605690307433393, -0.8127478564188961, 65.40328481687148, -35.991000054349456, -1.2246029026456517, 41.326536176702795, -9.673988804142764, 0.05707426432099208, 17.756501877060696, -1.6091049099919084, 58.508416188939044, 56.60532707131804, -3.013906516401812, 2.879333755374002] 
[-3.741334973467488, 3.4652196623480904, -6.035821059293772, 2.9869598182415404, -0.3945605319422403, 4.693551494818779, 0.3322181196325338, 3.0208707200657887, -3.668142600409249, 3.953587453914677, 0.10639051560823676, -1.0924142438849933, 65.4121882112764, -35.56417898104457, -0.8019848917940242, 41.79783880743492, -9.19088470334617, 0.30076791193431485, 17.818779349171663, -1.4190433302281893, 58.77058034000593, 56.81830700844617, -3.2716734395701326, 3.2164954493288143] 
[-3.7383283897468544, 3.4622130786274568, -6.032814475573138, 2.989966401962174, -0.3915539482216066, 4.696558078539413, 0.3292115359119001, 3.0238773037864224, -3.6711491841298827, 3.956594037635311, 0.10939709932887043, -1.0894076601643596, 65.41955966546038, -35.57233564702752, -0.8067208978056712, 41.799349914156586, -9.193852914938732, 0.3245216155066366, 17.795025658324914, -1.42252147617961, 58.77389965331212, 56.81822077416191, -3.268818546184149, 3.2194060097484214] 
[-3.548622517067301, 3.6519189513070103, -6.222520348252692, 3.1796722746417276, -0.5812598209011601, 4.506852205859859, 0.5189174085914536, 3.213583176465976, -3.481443311450329, 3.7668881649557573, -0.0803087733506831, -1.2791135328439132, 65.81805878089585, -35.96384108853622, -0.7642618995165972, 41.591260844441805, -9.402725329429215, -1.1791599187348853, 19.298877674759336, -1.6050683917180848, 58.77894892291504, 57.333368720463874, -2.7503070775624527, 3.0117226684667644] 
[-3.629525272278446, 3.571016196095865, -6.141617593041547, 3.260575029852873, -0.6621625761123053, 4.425949450648714, 0.4380146533803084, 3.1326804212548307, -3.400540556239184, 3.685985409744612, 0.0005939818604621117, -1.3600162880550584, 65.74660501079666, -35.99119439469096, -0.6997893064169316, 41.512128948068245, -9.351167620004464, -0.8946640673744426, 19.004191003132384, -1.7205409866071317, 58.697104698234135, 57.35510069568034, -2.817765894274787, 3.091363659188343] 
[-3.8491927184875436, 3.3513487498867676, -6.361285039250644, 3.4802424760619703, -0.8818300223214028, 4.2062820044396165, 0.21834720717121092, 2.913012975045733, -3.6202080024482814, 3.4663179635355146, 0.22026142806955962, -1.5796837342641559, 65.38853157725079, -35.66647792459683, -0.8304603136095106, 41.28267853130001, -9.425203539331196, -1.6156972407648291, 19.754632290864286, -1.4135609881073838, 59.032187360885835, 57.89295116916528, -2.3288100125319797, 2.8716442322639084] 
[-3.8883069185832575, 3.3904629499824814, -6.32217083915493, 3.519356676157684, -0.9209442224171167, 4.167167804343903, 0.2574614072669248, 2.952127175141447, -3.5810938023525676, 3.5054321636312284, 0.18114722797384575, -1.6187979343598697, 65.28568935685536, -35.56623955613246, -0.857460548152847, 41.334065606725126, -9.47426134876486, -1.6181801540013323, 19.719048201168704, -1.3922243925302868, 59.104189294414596, 57.980165628565, -2.2655213670345344, 2.9108748998637015] 
[-3.4531750544454134, 3.8255948141203255, -5.887038975017086, 3.08422481201984, -0.4858123582792726, 3.7320359402060586, -0.1776704568709193, 2.516995311003603, -3.1459619382147235, 3.0703002994933843, 0.6162790921116899, -2.053929798497714, 65.13321477228847, -35.99561104501209, -1.3812479937879865, 41.650089437331985, -8.857690148274928, -2.2745694265353475, 19.68831525736842, -0.8060929003795162, 58.163846071098455, 56.93384881852869, -3.0356664409990604, 2.4695212920912732] 
[-3.2650841720125854, 3.6375039316874975, -6.075129857449914, 3.272315694452668, -0.2977214758464446, 3.9201268226388866, -0.3657613393037473, 2.705086193436431, -3.3340528206475515, 2.8822094170605563, 0.42818820967886184, -1.8658389160648858, 65.23291322687349, -35.623594318003875, -1.0070952946971936, 41.58187345099023, -8.683179848632346, -2.247738879495681, 19.881651720490904, -0.95930312895389, 58.06323757816908, 56.73605878424356, -2.874924765896918, 2.3244822915569845] 
[-3.4480491928272095, 3.8204689525021216, -5.89216483663529, 3.089350673638044, -0.11475645503182053, 3.7371618018242625, -0.5487263601183714, 2.888051214251055, -3.5170178414621756, 3.0651744378751804, 0.24522318886423777, -2.04880393687951, 65.43467125252572, -35.79705863355583, -0.9392224556719468, 41.38785723189605, -8.492275717528933, -2.171833352676641, 19.989367137955774, -0.8394296989350322, 58.161904290502996, 56.51017416493325, -2.6153401860758163, 2.5377408212524535] 
[-3.580857502721699, 3.687660642607632, -5.759356526740801, 3.2221589835325335, -0.24756476492630997, 3.869970111718752, -0.41591805022388195, 2.7552429043565656, -3.384209531567686, 3.19798274776967, 0.3780314987587272, -2.1816122467739993, 65.59006127266794, -35.89323580103673, -0.8071199928144079, 41.5651765991011, -8.380110584790602, -1.8639212593989058, 19.598764572593474, -0.572941469429007, 58.310514949497, 56.70474644888847, -2.7484164184703, 2.655730792485981] 
[-3.7798328144653084, 3.4886853308640227, -5.95833183848441, 3.023183671788924, -0.44654007666991946, 4.068945423462361, -0.21694273848027246, 2.556267592612956, -3.1852342198240766, 3.3969580595132793, 0.17905618701511772, -1.9826369350303898, 65.86248661508368, -36.09533923191245, -0.5715466985593174, 41.84413185521658, -8.078306591869747, -2.531471686886073, 20.299312053293306, -0.9578062348039617, 58.28133520233911, 56.88938621089691, -2.902848140093092, 2.8220668210342486] 
[-3.8788257055758137, 3.587678221974528, -5.859338947373905, 3.1221765628994294, -0.3475471855594141, 3.969952532351856, -0.1179498473697671, 2.6552604837234615, -3.0862413287135713, 3.297965168402774, 0.2780490781256231, -2.081629826140895, 66.13450596839876, -36.404175070832295, -0.7934090524144698, 41.70016268212515, -7.8688871064081205, -3.0171946259722953, 20.77166031943252, -1.2465354817216605, 58.53901803185951, 56.97643579106809, -2.98745579869213, 2.7172375876265784] 
[-3.4695324650577035, 3.178384981456418, -6.268632187892015, 2.712883322381319, 0.06174605495869612, 3.560659291833746, 0.2913433931483431, 3.0645537242415717, -3.4955345692316815, 3.707258408920884, 0.6873423186437333, -2.4909230666590054, 67.07731331110418, -37.28389602068796, -0.4453139967394382, 42.22563761278378, -8.646917781644133, -1.3775869018316533, 19.24366844230834, -1.378469992754617, 58.17242865209523, 57.35808842590034, -3.2907569711860942, 3.0863260586338694] 
[-3.545489684110258, 3.2543422005089724, -6.1926749688394604, 2.6369261033287645, -0.014211164093858475, 3.4847020727811913, 0.21538617409578853, 2.988596505189017, -3.571491788284236, 3.783215627973439, 0.7632995376962879, -2.414965847606451, 66.9642805368697, -37.16870995014381, -0.36356828210324643, 42.36004106587086, -8.508642582103715, -1.2496428287245962, 19.128254651958116, -1.3390368750914088, 58.26398582925564, 57.42090693775257, -3.393304709246883, 2.9666622477211577] 
[-3.4509759962735274, 3.1598285126722416, -6.09816128100273, 2.542412415492034, -0.10872485193058923, 3.3901883849444605, 0.3098998619325193, 3.083110193025748, -3.4769781004475053, 3.8777293158101696, 0.8578132255330186, -2.5094795354431816, 66.81277265421477, -37.022761618325795, -0.438597733074309, 42.41660113368043, -8.575217625590653, -1.3098832561637626, 19.02633033400934, -1.4758092696634058, 58.42643319245207, 57.57068026493381, -3.389098936737108, 3.062916873259759] 
[-3.298421666684952, 3.312382842260817, -6.250715610591305, 2.3898580859034584, 0.04382947765798617, 3.237634055355885, 0.4624541915210947, 3.2356645226143232, -3.32442377085893, 3.725174986221594, 1.010367555121594, -2.356925205854606, 66.93093306657389, -36.909780082414656, -0.6495974435204432, 42.01913253193647, -8.961494076803788, -1.140742474856123, 19.099151766294096, -1.6124942315248445, 58.533332669619284, 57.353674182699315, -3.607278898890297, 3.116800537590889] 
[-3.168960337904842, 3.182921513480707, -6.121254281811195, 2.5193194146835682, 0.17329080643809602, 3.1081727265757753, 0.5919155203012045, 3.1062031938342134, -3.19496244207882, 3.854636315001704, 0.8809062263414842, -2.2274638770744963, 67.03903058744412, -36.77097701869852, -0.49476095183968805, 42.10838535801111, -9.025766835389708, -1.004903105692798, 19.00087921298485, -1.5156090784506078, 58.664859437955556, 57.314326140136416, -3.363378887135327, 3.3682547773450855] 
[-3.0528309328483942, 3.0667921084242593, -6.005124876754747, 2.4031900096271204, 0.05716140138164816, 2.9920433215193274, 0.47578611524475667, 3.2223325988906613, -3.311091847135268, 3.738506909945256, 0.997035631397932, -2.1113344720180485, 67.15855432957784, -36.89512570856665, -0.6113273309897223, 42.143708339437666, -9.141446178593032, -1.1446298351010744, 18.729985313853803, -1.7864694184532977, 58.793239548586605, 57.42118430098677, -3.3981315828785372, 3.4720067750631456] 
[-2.7103831389972157, 3.409239902275438, -6.347572670605926, 2.745637803478299, -0.28528639246953036, 3.334491115370506, 0.8182339090959352, 2.8798848050394827, -3.6535396409864465, 3.3960591160940776, 0.6545878375467535, -2.453782265869227, 66.84612673582501, -36.55552045913789, -0.9574588737716747, 42.24559174310638, -9.405292907855006, -0.839106168623865, 18.534104567616602, -1.5512974440088505, 58.52655830649845, 57.84651245351815, -2.999213781520296, 3.272154301276281] 
[-2.6405926358138174, 3.479030405458836, -6.417363173789324, 2.6758473002949006, -0.21549588928613206, 3.2647006121871076, 0.7484434059125369, 2.8100943018560844, -3.7233301441698448, 3.465849619277476, 0.5847973343633552, -2.3839917626858287, 66.9038198051666, -36.58553232121076, -0.8885421792995215, 42.13517030166453, -9.50462159563323, -0.8832282102309323, 18.53127813683562, -1.4625464759451616, 58.39088957148137, 57.73253828094186, -2.8961268901639525, 3.3888760173586023] 
[-2.620955887623829, 3.4593936572688477, -6.397726425599336, 2.656210552104912, -0.23513263747612045, 3.284337360377096, 0.7680801541025253, 2.829731050046073, -3.742966892359833, 3.4854863674674643, 0.6044340825533436, -2.403628510875817, 66.86161613169865, -36.63532511215458, -0.9268662884417421, 42.17381293039931, -9.470847785459412, -0.8691828151086868, 18.522034492567972, -1.4443378383158172, 58.36843218772992, 57.73417789505645, -2.92738099110372, 3.3573582256004735] 
[-2.9021839528910007, 3.7406217225360194, -6.116498360332164, 2.3749824868377405, -0.5163607027432922, 3.0031092951099243, 0.4868520888353536, 2.548502984778901, -4.024194957627005, 3.766714432734636, 0.32320601728617193, -2.684856576142989, 67.37230746469619, -36.14971284480928, -1.0639980112316916, 42.03509099725172, -9.18389979610986, -1.2037800409212467, 18.470189712178254, -1.1447444851404032, 58.08102862587981, 57.82953381758525, -3.1029930493154594, 3.5690736458422236] 
[-2.9385072198716173, 3.704298455555403, -6.0801750933515475, 2.338659219857124, -0.48003743576267555, 3.039432562090541, 0.5231753558159702, 2.5121797177982845, -3.9878716906463882, 3.7303911657540194, 0.35952928426678854, -2.7211798431236054, 67.39597316805249, -36.21434491806933, -1.1249856193585237, 42.138922576639644, -9.060301914517954, -1.276197914825785, 18.540287904932867, -1.0368458052089795, 57.938745506053955, 57.6906971380037, -3.184189931397596, 3.586628528713339] 
[-3.1898238346428442, 3.9556150703266297, -5.828858478580321, 2.589975834628351, -0.22872082099144864, 3.290749176861768, 0.7744919705871971, 2.7634963325695114, -4.239188305417615, 3.4790745509827925, 0.10821266949556163, -2.4698632283523785, 67.55188616513578, -36.77358753488539, -1.7786296467987521, 41.15863412800033, -10.102801594770094, -0.7167613887202069, 18.227053201531902, -1.3000555911986964, 57.6015539681268, 57.343392276278315, -2.970134307276429, 3.895121428901417] 
[-3.036624077724042, 4.108814827245432, -5.982058235499123, 2.4367760777095486, -0.07552106407264647, 3.44394893378057, 0.9276917275059993, 2.9166960894883136, -4.392388062336417, 3.3258747940639903, -0.044987087423240535, -2.6230629852711806, 67.3786305475923, -36.167701447122106, -1.093689019085923, 41.690065923362184, -9.661358447227064, -0.9498399846418614, 18.184342790246443, -1.1656673000896, 57.529702475300674, 57.4683103286536, -2.784794684147365, 4.063105582484207] 
[-3.0802213821013282, 4.065217522868146, -6.025655539876409, 2.4803733820868348, -0.03192375969536032, 3.400351629403284, 0.8840944231287131, 2.9602933938655998, -4.4359853667137035, 3.282277489686704, -0.0013897830459543847, -2.5794656808938945, 67.40798629885406, -36.40717751141281, -1.346425927741489, 41.51940672617116, -9.81477185961058, -0.867395795057672, 18.01344494279197, -1.3168970368730641, 57.06295672468268, 56.99614608732974, -2.854008724885092, 4.022166023627709] 
[-3.201623608149607, 3.943815296819867, -5.90425331382813, 2.3589711560385562, 0.08947846635291823, 3.5217538554515624, 1.0054966491769917, 3.0816956199138783, -4.314583140665425, 3.4036797157349827, -0.12279200909423293, -2.700867906942173, 67.5315354181985, -36.349121192467024, -1.434623336454277, 41.42451820164404, -9.75209041242694, -0.7687629790813537, 18.14445829212408, -1.2820781808844801, 55.14342334616985, 55.07812472212421, -2.8058600676159706, 3.900707737634764] 
[-3.2232460673803693, 3.9221928375891046, -5.882630854597368, 2.380593615269319, 0.06785600712215567, 3.5001313962208, 0.9838741899462291, 3.103318079144641, -4.292960681434662, 3.4253021749657453, -0.10116954986347038, -2.7224903661729356, 67.54964713884033, -36.264937061604826, -1.3396527413137393, 41.51897580527995, -9.66700329932387, -0.7376381756012804, 18.12174844275739, -1.2755950572103532, 54.9311874305816, 54.86376202302336, -2.8469941817942894, 3.8834864842966104] 
[-3.237205224869985, 3.908233680099489, -5.896590012086984, 2.3945527727589346, 0.08181516461177152, 3.5140905537104157, 0.9699150324566133, 3.089358921655025, -4.2790015239450465, 3.439261332455361, -0.08721039237385453, -2.7085312086833198, 67.56267817861759, -36.2489211138587, -1.3352988584889338, 41.558699034253436, -9.627718571114418, -0.7342204967520891, 18.185434163161787, -1.2109214194424178, 54.80430357108801, 54.73551434710161, -2.8744772590608996, 3.8719614524641677] 
[-3.3124793624220636, 3.8329595425474103, -5.821315874534905, 2.319278635206856, 0.15708930216384998, 3.589364691262494, 0.8946408949045348, 3.1646330592071035, -4.354275661497125, 3.5145354700074396, -0.011936254821776071, -2.6332570711312413, 67.62642993053939, -36.081346158558404, -1.1841320849827452, 41.40167439236086, -9.806076710973148, -0.8164997350544139, 18.17101970458427, -1.153589574359196, 55.35957872804071, 55.29031805369812, -2.8874408673755423, 3.9482154116893327] 
[-2.966751679157248, 4.178687225812226, -5.47558819127009, 1.9735509519420407, -0.18863838110096554, 3.2436370079976786, 0.5489132116397193, 2.818905375942288, -4.7000033447619405, 3.168807786742624, 0.33379142844303944, -2.978984754396057, 67.2756240880476, -36.04258368203622, -1.8115837527553311, 40.10245668046811, -11.05154391074425, -1.4209998690042769, 18.691357042838717, -1.1353221880832252, 55.01304090252469, 55.289283067197395, -3.2366906621108615, 4.297334308544534] 
[-2.989719469212563, 4.201655015867541, -5.452620401214775, 1.9505831618867258, -0.16567059104565063, 3.2666047980529935, 0.5718810016950342, 2.795937585886973, -4.722971134817255, 3.191775576797939, 0.31082363838772453, -3.0019525444513717, 67.25382022144221, -36.02943100631235, -1.8250396702345102, 40.11497643109937, -11.065166313706312, -1.441856310648134, 18.678291155074522, -1.1188235060437088, 55.02418515675906, 55.27686880785694, -3.270630229272379, 4.263397728877278] 
[-2.7705379297501764, 3.982473476405154, -5.233438861752388, 1.7314016224243391, -0.38485213050803724, 3.48578633751538, 0.3526994622326476, 2.5767560464245864, -4.942152674279642, 3.4109571162603256, 0.5300051778501111, -3.2211340839137583, 67.028137573959, -36.11733937039988, -1.5706394889357598, 40.76035394193574, -10.430423020302213, -1.7193514603735378, 18.86985564484221, -1.2302841393174775, 58.65184094782439, 58.904742218625394, -3.440927877930182, 4.431066851248046] 
[-3.023839164012003, 3.7291722421433278, -4.980137627490562, 1.4781003881625128, -0.6381533647698636, 3.7390875717772065, 0.0993982279708212, 2.830057280686413, -4.688851440017816, 3.1576558819984992, 0.7833064121119375, -2.967832849651932, 66.8009533620647, -36.009320997914294, -1.8319861453425532, 40.26955931538305, -10.898810838558623, -1.8687258825541433, 18.605954031080664, -1.4284975409906457, 59.7669457804154, 60.02035510335846, -3.0247030172252947, 4.886556586577595] 
[-2.9267878611101885, 3.826223545045142, -4.8830863245887475, 1.3810490852606985, -0.5411020618680493, 3.6420362688753922, 0.002346925069006911, 2.927108583588227, -4.591800137116001, 3.2547071849003135, 0.8803577150137518, -3.0648841525537462, 66.90745303300469, -35.91269029731371, -1.9063729547566886, 40.15392576321339, -11.012755803845813, -1.7026210292022717, 18.440821429358664, -1.3439327412102486, 59.70994653818779, 60.06308769556353, -3.3427890047659576, 4.568463845379537] 
[-2.988090929418121, 3.8875266133530744, -4.94438939289668, 1.4423521535686308, -0.6024051301759816, 3.58073320056746, 0.06364999337693922, 2.9884116518961594, -4.530497068808069, 3.316010253208246, 0.9416607833216841, -3.1261872208616786, 66.8326091596955, -35.99469495793757, -1.9858663530969962, 40.22048558154585, -11.056039201598768, -1.6028706765199823, 18.33836611423903, -1.4076085939055942, 59.79456711095727, 60.085589575557435, -3.0827972774379315, 4.828345247933696] 
[-2.9408672859745977, 3.9347502567965975, -4.991613036340203, 1.3951285101251076, -0.6496287736195048, 3.5335095571239368, 0.11087363682046236, 3.0356352953396826, -4.577720712251592, 3.2687866097647227, 0.9888844267652073, -3.0789635774181554, 66.77850236301316, -36.05598871258552, -2.037706492983549, 40.16767306857815, -11.111045268417223, -1.5702857700140131, 18.369901550476044, -1.483114109681532, 60.88646404564946, 61.174755946846695, -3.2595305289278196, 4.640411059172357] 
[-2.8786723197998754, 3.872555290621875, -5.053808002514925, 1.45732347629983, -0.5874338074447825, 3.4713145909492145, 0.17306860299518467, 3.097830261514405, -4.6399156784263145, 3.330981575939445, 1.0510793929399296, -3.1411585435928777, 66.70776185991444, -36.117078486861956, -1.9805446895984364, 40.110629784539725, -11.056026579594754, -1.5175689891271968, 18.419037808724205, -1.4548195630558916, 63.642713590040856, 63.93143283098605, -3.211913100690848, 4.741987544585787] 
[-3.4164914297648608, 3.33473618065689, -4.51598889254994, 0.9195043663348446, -0.049614697479797076, 2.933495480984229, -0.3647505069698007, 3.6356493714793903, -4.102096568461329, 3.8688006859044304, 0.5132602829749442, -2.6033394336278923, 67.40741861307767, -35.280730322363524, -1.2247087634044709, 39.63859680084496, -10.601618342300798, -0.7209794179449946, 17.54592985945712, -2.215461720795126, 89.50532406773075, 89.80750746172305, 1.0737172972956652, 8.933049962502162] 
[-3.2834788048633854, 3.467748805558365, -4.3829762676484645, 1.05251699123632, -0.18262732238127244, 3.0665081058857044, -0.23173788206832535, 3.7686619963808656, -3.9690839435598537, 4.001813310805906, 0.38024765807346883, -2.7363520585293677, 67.51596055603696, -35.18887413287123, -0.885160249422606, 39.278964293164805, -10.417805647318412, -0.8890643764683688, 17.335941189253912, -2.070402075691011, 89.29862382947341, 89.60245679004892, 1.1923297526632242, 9.103418827894773] 
[-2.91051596254675, 3.09478596324173, -4.7559391099651, 1.4254798335529553, -0.5555901646979078, 2.693545263569069, 0.14122496024831, 3.3956991540642303, -3.5961211012432184, 4.374776153122541, 0.007284815756833485, -2.3633892162127323, 67.17868844830564, -35.45531132328301, -1.4830461824234848, 39.847070392590986, -10.163252554206423, -0.459083965545128, 17.812024163801418, -2.459992258525103, 89.48405255219139, 89.50738675129023, 1.6243732185645152, 9.572503953458662] 
[-2.892035424173617, 3.076305424868597, -4.737458571591967, 1.4069992951798223, -0.5740707030710408, 2.675064725195936, 0.159705498621443, 3.3772186156910973, -3.6146016396163514, 4.356295614749408, 0.0257653541299665, -2.3818697545858654, 67.1547336225685, -35.47924003024927, -1.4992315710343571, 39.831516425855355, -10.147196467851181, -0.48603421386486173, 17.78574695055698, -2.4435123488282193, 89.48953497964536, 89.38886080658702, 1.5054466329223204, 9.590780121438488] 
[-2.9690786036297574, 3.153348604324737, -4.6604153921358265, 1.3299561157236819, -0.6511138825271812, 2.5980215457397957, 0.08266231916530264, 3.300175436234957, -3.6916448190724918, 4.433338794205548, -0.051277825326173865, -2.304826575129725, 67.25701219310648, -35.37684393359592, -1.5916702662254059, 39.92516320820689, -10.071746074863727, -0.5307621174278179, 17.856407553579, -2.3689655919134096, 89.42980408889574, 89.40192312342356, 1.439797344166847, 9.667395818038708] 
[-3.2415648097531005, 2.880862398201394, -4.9329015982591695, 1.0574699096003388, -0.9236000886505242, 2.870507751863139, 0.3551485252886457, 3.5726616423583, -3.4191586129491487, 4.7058250003288915, 0.2212083807971692, -2.032340369006382, 66.92810032835904, -35.70557329669068, -1.9470754890985902, 40.274129317997165, -9.868138864178446, -0.9742926920354681, 17.377758255152187, -2.717565399406365, 89.1114432823867, 89.40822207663606, 1.1698653945641617, 9.942434805943277] 
[-3.846142567613505, 3.4854401560617987, -5.537479356119574, 1.6620476674607434, -0.31902233079011966, 3.4750855097235434, -0.24942923257175886, 4.1772394002187045, -4.023736370809553, 4.101247242468487, -0.3833693770632354, -2.6369181268667865, 67.60407588150666, -36.44596488971776, -0.6882020320028754, 38.95065450595935, -11.052358455502882, -2.1070992912144497, 16.84117094372029, -1.930805283077035, 90.02846996132531, 99.21175488556288, 10.972427123784414, 9.344144007359983] 
[-3.451469739357165, 3.8801129843181386, -5.932152184375914, 1.2673748392044035, -0.7136951590464595, 3.8697583379798832, 0.145243595684581, 4.571912228475044, -4.418409199065893, 3.706574414212147, 0.011303451193104497, -2.2422452986104466, 66.63504070488477, -35.50404466059376, -0.9195388067091165, 38.703486723640566, -10.82062598508102, -2.431194385518767, 16.586079904597963, -2.283567450512947, 90.05030623070337, 98.388654211097, 10.074617126914676, 9.907490217477138] 
[-3.157820005292166, 3.5864632502531393, -5.638502450310915, 0.9737251051394042, -0.42004542498146025, 3.576108603914884, -0.14840613838041827, 4.278262494410045, -4.712058933130892, 4.000224148277146, -0.2823462828718948, -2.535895032675446, 66.11537389788154, -34.50172395733882, 0.0629470070115491, 37.57936335167774, -11.936368094644973, -2.84618770093883, 16.502619415252568, -2.044850523140146, 89.86125150026952, 98.71402124163751, 10.417008959749406, 9.615874012361058] 
[-2.8669333150206278, 3.295576559981601, -5.929389140582453, 0.6828384148678661, -0.12915873470992212, 3.866995294186422, 0.14248055189111986, 3.987375804138507, -4.421172242859354, 3.709337458005608, 0.008540407399643346, -2.245008342403908, 65.8329035222919, -35.07632461491228, -0.7740195472744794, 38.72193884769767, -10.948148400349572, -2.808962898123476, 16.180138558650853, -1.7356525557257427, 90.26252215060191, 99.1152844696339, 10.759196662855743, 9.273770052691411] 
[-2.953637812904148, 3.3822810578651215, -5.8426846426989325, 0.7695429127513864, -0.042454236826401814, 3.7802907963029018, 0.05577605400759955, 4.074080302022027, -4.507876740742875, 3.7960419558891285, -0.07816409048387696, -2.1583038445203875, 65.89924735824263, -35.15229440927913, -0.8248999045242121, 38.54744764562383, -11.120725764104094, -2.5875865001527045, 15.953534551377874, -1.6750414043289823, 90.21491531693134, 99.16421205741207, 10.679654588395044, 9.186708003620646] 
[-2.681401951251292, 3.6545169195179774, -6.1149205043517885, 0.49730705109853046, -0.3146900984792578, 3.508054934650046, -0.2164598076452564, 4.346316163674883, -4.7801126023957305, 3.5238060942362726, 0.194071771168979, -1.8860679828675315, 66.12998658823511, -35.38097131535116, -0.8169304133801893, 39.273117607352916, -10.395865609389594, -2.7383322395926535, 15.77907296171768, -1.3702731325889692, 90.44325646090185, 98.96215853274488, 10.391524562818066, 8.924366147355299] 
[-2.463575499720971, 3.8723433710482986, -6.33274695588211, 0.27948059956820925, -0.09686364694893657, 3.725881386180367, 0.0013666438850648, 4.128489712144562, -4.997939053926052, 3.3059796427059513, -0.023754680361342206, -1.6682415313372103, 66.044278159326, -35.03955172988794, -0.45528877764357606, 39.3057011593703, -10.706366226850193, -3.1606169617593247, 16.15651737941648, -1.6363203324729076, 90.78564816375072, 99.28852978693928, 10.589792425116386, 8.717540519082082] 
[-2.665425045191757, 4.074192916519085, -6.534596501352896, 0.4813301450389953, -0.2987131924197226, 3.524031840709581, 0.20321618935585084, 3.926640166673776, -5.199788599396838, 3.5078291881767374, -0.22560422583212825, -1.4663919858664243, 65.67080543865816, -35.40697726882095, -0.4382002617380399, 39.474741981830796, -10.828217075534491, -2.7267235650437582, 15.71665739610718, -1.3089538018450249, 90.2503919119374, 98.79704423320509, 10.813832648816307, 8.91887930949381] 
[-2.468689707052498, 3.8774575783798255, -6.337861163213637, 0.6780654831782544, -0.49544853055898175, 3.72076717884884, 0.006480851216591699, 3.729904828534517, -5.396523937536097, 3.3110938500374782, -0.028868887692869105, -1.2696566477271651, 65.68123372217363, -36.0892291088218, -1.1445572713831316, 39.18605636553294, -10.82625509093094, -3.0203412048221816, 15.995362620916392, -1.4644627300777944, 90.23708901401508, 99.02498423677343, 10.575442882223092, 8.716955103457176] 
[-2.2056481229349103, 3.614415994262238, -6.074819579096049, 0.9411070672958419, -0.23240694644139426, 3.4577255947312526, -0.2565607329009958, 3.4668632444169294, -5.1334823534185094, 3.0480522659198908, 0.23417269642471839, -1.0066150636095776, 65.69472681774991, -36.62938805313802, -1.6851726895685564, 39.36160068542641, -10.95409135230364, -2.8961798109613683, 16.201521031434677, -0.8213567158403348, 89.15609532114686, 98.09271953934316, 10.409519842054525, 8.452513314567806] 
[-1.8123925268950103, 3.221160398222338, -5.681563983056149, 0.5478514712559419, 0.16084864959850576, 3.0644699986913526, 0.13669486313890422, 3.8601188404568294, -5.5267379494584095, 3.4413078619597908, -0.15908289961518163, -0.6133594675696776, 67.42725480949835, -34.76104183353122, -0.8027264940548386, 39.4030687362195, -11.286895253834805, -2.6747646336412134, 16.6421340023759, -1.3120962978548572, 89.13068124852262, 98.44792789988352, 9.974232608228466, 8.899541716767459] 
[-1.7121358900880033, 3.321417035029345, -5.781820619863156, 0.6481081080629489, 0.06059201279149873, 3.1647266354983596, 0.036438226331897194, 3.9603754772638364, -5.6269945862654165, 3.541564498766798, -0.25933953642218865, -0.7136161043766847, 70.57194923512536, -31.615588957569067, -0.7075251145449044, 39.51595679704692, -11.14892006061758, -2.600447944687066, 16.547465436939955, -1.3122049874080755, 89.32188098353598, 98.63205687093165, 10.023802149990463, 8.805419926035846] 
[-1.4473634141155394, 3.586189511001809, -5.517048143890692, 0.38333563209048505, -0.20418046318096517, 2.8999541595258957, 0.3012107023043611, 3.6956030012913725, -5.89176706223788, 3.8063369747392617, 0.00543293955027524, -0.9783885803491486, 80.9301001620589, -21.25345928472263, -0.35203990329954077, 39.882638493375175, -10.702444941665496, -2.3506476076102927, 16.262464531791192, -1.8935949214183696, 89.85715337465969, 98.46091988968541, 10.398847860721652, 9.137163744255458] 
[-1.3398629566272326, 3.478689053513502, -5.4095476864023855, 0.2758351746021783, -0.09668000569265844, 2.792453702037589, 0.19371024481605437, 3.8031034587796793, -5.784266604749574, 3.698836517250955, -0.10206751793803148, -0.8708881228608418, 80.9709154108595, -21.32789175308752, -0.2603406810362392, 39.9147499786912, -10.786394610565306, -2.2680775202964067, 16.219553240381906, -1.7053590245790957, 89.66067624278244, 98.45482397045505, 10.510081489236248, 9.029397704498061] 
[-1.2551743037731384, 3.5633777063675964, -5.324859033548291, 0.1911465217480841, -0.011991352838564229, 2.8771423548916832, 0.2783988976701486, 3.8877921116337735, -5.868955257603668, 3.6141478643968608, -0.017378865083937267, -0.955576775714936, 81.96157982496327, -20.34170580849592, -0.0835544692720453, 39.713605037466166, -10.748375544824583, -2.4016929886981258, 16.063188694350323, -1.8947486485302931, 89.81631030730652, 98.36336785266288, 10.632682713768805, 8.951538343756814] 

Time 
460.99615001678467 
