Parameters 
 
[-0.5, -0.5, -0.5, -0.5, -0.5, -0.5, -0.5, -0.5, -0.5, -0.5, -0.5, -0.5, -0.5, -0.5] 
[-0.4474093640940273, -0.4474093640940273, -0.5525906359059727, -0.4474093640940273, -0.4474093640940273, -0.5525906359059727, -0.5525906359059727, -0.5523812235931295, -0.5004977291353452, -0.5813971134031415, -0.4214845928501745, -0.4888159300243571, -0.4663724306697846, -0.459825675933192] 
[-0.4313880256867355, -0.4313880256867355, -0.5365692974986809, -0.4313880256867355, -0.4313880256867355, -0.5365692974986809, -0.5686119743132645, -0.585092597430519, -0.4577080153339802, -0.6235945243743377, -0.3934286589251774, -0.47083705162581757, -0.5003246391468411, -0.43012847761109213] 
[-0.5487155490820541, -0.3140605022914169, -0.4192417741033623, -0.5487155490820541, -0.5487155490820541, -0.4192417741033623, -0.4512844509179459, -0.39226799761083975, -0.6564758502744505, -0.5984737178535467, -0.5773024603146072, -0.29944690541908936, -0.4820597240757753, -0.31994785457193553] 
[-0.7384064336141769, -0.12436961775929412, -0.22955088957123948, -0.3590246645499313, -0.7384064336141769, -0.6089326586354851, -0.2615935663858231, -0.72969872090155, -0.3586608084807167, -0.35228792153448363, -0.9653879770426904, -0.011426790250289198, -0.33587847335981524, -0.5553260231510857] 
[-0.9070310291586727, -0.29299421330378994, -0.3981754851157353, -0.1904000690054355, -0.5697818380696811, -0.7775572541799809, -0.09296897084132727, -0.6413506940583623, -0.23847032629093545, -0.4706596329127269, -1.2539106502836843, 0.5613120165743057, -0.9764194091313698, -0.12496286590439026] 
[-0.9238025884345737, -0.30976577257969096, -0.3814039258398343, -0.2071716282813365, -0.5865533973455821, -0.7943288134558819, -0.07619741156542625, -0.6412852641851191, -0.2607972965741529, -0.43708976614105693, -1.2899493447201746, 0.6091770000088875, -1.0447669382351195, -0.06799206312945136] 
[-1.1140589350015824, -0.5000221191466996, -0.19114757927282566, -0.39742797484834513, -0.7768097439125907, -0.9845851600228905, -0.2664537581324349, 0.249349109529323, -1.18244008389226, -0.1171070870549426, -1.2108028235502506, 0.6098002520490351, -0.5783271067998068, -0.534580454209873] 
[-1.2158815078871605, -0.3981995462611214, -0.0893250063872475, -0.29560540196276697, -0.6749871710270126, -1.0864077329084687, -0.36827633101801305, 0.8434666808256771, -1.8074833635204377, 0.14919694905647934, -1.43668848707037, 0.916533036878823, -0.9801855794493957, -0.20244377546553366] 
[-1.1138796241440188, -0.29619766251797963, 0.01267687735589429, -0.19360351821962518, -0.7769890547701543, -0.9844058491653269, -0.26627444727487126, 0.08827368618424092, -1.0517488309339849, 0.14167461917077356, -1.3337821858772392, 0.9151526100995648, -0.6925417431085521, -0.48985395463469117] 
[-1.2047747047383117, -0.3870927431122725, -0.07821820323839856, -0.10270843762533233, -0.6860939741758615, -1.0753009297596199, -0.3571695278691641, -0.6305082270499858, -0.320233709566746, -0.04209161876749215, -1.2226592242015515, 0.7517505962573849, -0.5421365299268133, -0.4851382331041208] 
[-1.3365325353340243, -0.518850573707985, -0.20997603383411112, 0.029049392970380228, -0.5543361435801489, -0.9435430991639073, -0.22541169727345156, 0.46898146019209475, -1.439425536489917, 0.2306585045857956, -1.08710097426194, 0.4554681351643273, -0.028825134330169533, -0.9442428302481798] 
[-1.4649089706467904, -0.39047413839521894, -0.3383524691468772, -0.09932704234238587, -0.42595970826738283, -1.0719195344766734, -0.09703526196068546, 0.4570104155777938, -1.577237198784177, 0.40428536664767006, -1.2514520821245998, 0.26664297554762595, 0.15406541984277478, -0.9385829886514252] 
[-1.82108816296551, -0.7466533307139386, -0.6945316614655969, -0.4555062346611055, -0.06978051594866319, -0.7157403421579538, 0.2591439303580342, 4.98887139184878, -6.118245627883724, 0.867003612671073, -1.036085006515902, 0.2605567865986964, 1.902385802242236, -2.68623671576941] 
[-1.5884924734568848, -0.5140576412053134, -0.927127350974222, -0.6881019241697307, 0.162815173559962, -0.4831446526493286, 0.02654824084940899, 5.082093424789415, -5.922247186113647, 1.096721447989447, -0.9692098592233988, 0.4646315495493262, 2.0287647821799677, -2.5336038816563495] 
[-1.7053942580002097, -0.3971558566619885, -1.044029135517547, -0.5712001396264058, 0.2797169581032869, -0.3662428681060037, -0.0903535436939159, 5.990327622285836, -6.831176779270353, 0.8476063295278164, -0.7322939751936538, 0.5019008278720776, 2.1141609332074927, -2.4558357959476833] 
[-1.6911317334972935, -0.4114183811649047, -1.0297666110146309, -0.5569376151234896, 0.2939794826062031, -0.3519803436030875, -0.0760910191909997, 6.16332863242161, -7.004884685250477, 0.7957617590928351, -0.6830115298563393, 0.5009340116381964, 2.1033017818071262, -2.4663759382459975] 
[-1.5110823259665818, -0.23136897363419295, -1.2098160185453426, -0.7369870226542014, 0.11393007507549135, -0.5320297511337992, -0.25614042672171144, 6.262318470320998, -6.915801029144694, 0.7596728376318683, -0.8955670670080655, 0.7180659420222113, 2.024045742720075, -2.6203491590116337] 
[-1.5573098168862511, -0.27759646455386233, -1.1635885276256732, -0.690759531734532, 0.06770258415582198, -0.48580226021412987, -0.20991293580204207, 7.906559867435288, -8.560493732103737, 0.9437678790706996, -1.0882345708643397, 0.8126370484705774, 2.064122202355691, -2.593661027065616] 
[-1.7632135857525295, -0.4835002334201407, -0.9576847587593948, -0.4848557628682536, 0.27360635302210035, -0.2798984913478515, -0.41581670466832044, 8.012159097676523, -8.456186880351526, 0.9776470721974398, -0.8357205100226768, 0.5358972837617542, 1.9065647412044149, -2.7277780781226126] 
[-1.793917194968559, -0.5142038426361702, -0.9883883679754244, -0.45415215365222406, 0.2429027438060708, -0.24919488213182195, -0.44652031388435, 8.248748588933688, -8.693100522532811, 0.9658035606288036, -0.7882253429960752, 0.5002525153370286, 1.9384362536308313, -2.766236562960873] 
[-1.6888164245111597, -0.40910307217877084, -0.883287597518025, -0.34905138319482465, 0.1378019733486714, -0.35429565258922135, -0.5516210843417494, 8.301164936678239, -8.631053278091999, 0.9900810200435659, -0.6588514307579818, 0.3288866854953501, 1.7667437535964794, -2.6240650587567984] 
[-1.4911202087642064, -0.21140685643181756, -1.0809838132649783, -0.15135516744787136, 0.3354981890956247, -0.5519918683361746, -0.3539248685947961, 8.377514802334252, -8.497866011736706, 1.160081385276909, -0.6113429770293415, 0.500606665767199, 1.6365444538007312, -2.7836557311212426] 
[-1.5690872174666382, -0.13343984772938577, -1.0030168045625465, -0.22932217615030315, 0.41346519779805646, -0.47402485963374286, -0.2759578598923643, 11.38668664915855, -11.505356321818311, 0.7374884720299171, -0.17957912673351784, 0.5997059162022239, 1.8171480557502349, -2.945505627132983] 
[-1.453822996840639, -0.018175627103386716, -1.1182810251885456, -0.3445863967763022, 0.2982009771720574, -0.3587606390077438, -0.3912220805183634, 11.324513649813547, -11.558923830082245, 0.11175723904529, 0.44774896033558453, 0.5738915204687975, 1.6136162453235576, -2.74838280985544] 
[-1.400478894814496, -0.07151972912952986, -1.0649369231624024, -0.39793049880244535, 0.35154507919820055, -0.30541653698160065, -0.4445661825445065, 11.271153851338056, -11.55890802302099, -0.2909811629109708, 0.860577536978763, 0.4419335061540664, 1.5350972333120319, -2.7773655924902565] 
[-1.1035001468429488, 0.22545901884201724, -0.7679581751908553, -0.10095175083089825, 0.05456633122665344, -0.6023952849531478, -0.7415449305160536, -6.218569658800767, 5.930962411352571, -0.3406242427488399, 1.1638976244882273, 0.6324675243700727, 1.3601261937162743, -3.029751154954622] 
[-1.270321826231724, 0.05863733945324212, -0.9347798545796304, 0.06586992855787688, 0.22138801061542857, -0.43557360556437263, -0.9083666099048288, -6.154971304605699, 6.049583396288052, -0.24202938188614043, 1.2779344801566639, 0.4441369145219499, 1.063681244200557, -2.7392476788420903] 
[-1.092158415302075, 0.23680075038289117, -1.1129432655092795, -0.11229348237177217, 0.04322459968577952, -0.6137370164940217, -1.086530020834478, -6.072571102546739, 6.150011017850335, -0.16076204697410504, 1.4001426241624406, 0.6844854490090484, 1.353255049908625, -2.9907220036392417] 
[-0.8858381575348009, 0.4431210081501652, -1.3192635232765535, -0.3186137401390462, 0.24954485745305355, -0.8200572742612957, -1.292850278601752, -6.232036552915992, 6.573937080746477, 1.5145266104884205, -0.27182098090043216, 0.9682086074349916, 1.2012555454030405, -3.1563250281184945] 
[-0.9551767971805596, 0.5124596477959239, -1.2499248836307948, -0.3879523797848049, 0.18020621780729484, -0.750718634615537, -1.3621889182475106, -6.505797172625186, 6.866115431312687, 1.9782054034887002, -0.7226472333986538, 0.9178181754921168, 1.1068049431001343, -3.0686243413842416] 
[-0.9959133420361503, 0.47172310294033315, -1.209188338775204, -0.34721583492921415, 0.2209427626628856, -0.7914551794711278, -1.4029254631031014, -6.382948205133663, 6.75071443590642, 2.120951805338649, -0.8693503881470256, 0.8895382398742592, 1.0675409813166816, -3.1039037066469697] 
[-1.033609965469429, 0.5094197263736119, -1.2468849622084828, -0.3849124583624929, 0.2586393860961643, -0.8291518029044065, -1.4406220865363801, -6.511507795946381, 6.872254321234309, 1.9806119712519044, -0.7247765841103616, 0.915702045755882, 1.1051611686450136, -3.070569896843123] 
[-0.946172771614691, 0.42198253251887385, -1.1594477683537447, -0.29747526450775486, 0.1712021922414263, -0.9165889967591445, -1.5280592803911182, -6.472065047065536, 6.936241511169316, 2.057847704063176, -0.7048518088251248, 0.9872591272575738, 1.0203656708932367, -2.9752865172466585] 
[-0.8431368279357248, 0.31894658883990756, -1.262483712032711, -0.19443932082878856, 0.2742381359203926, -1.0196249404381108, -1.6310952240700844, -6.507709948660215, 7.123641651120012, 2.66333044593579, -1.3108906806782845, 1.151330936831637, 0.930049614660492, -2.8692333677171606] 
[-0.8476258169917781, 0.31445759978385424, -1.2669727010887644, -0.18995033177273524, 0.26974914686433926, -1.0241139294941641, -1.6266062350140311, -6.509080167340554, 7.1319048494927975, 2.7076141554120925, -1.3551285089030232, 1.1590620246943897, 0.9354056107572521, -2.873457664549996] 
[-0.9915134292288936, 0.1705699875467387, -1.41086031332588, -0.3338379440098508, 0.12586153462722371, -1.1680015417312797, -1.7704938472511467, -5.98417116687861, 6.597474574426344, 2.441274743026891, -1.2544363539603907, 1.0259388320251976, 1.0548259901934653, -3.011860547574545] 
[-0.78476537945809, 0.3773180373175423, -1.6176083630966835, -0.5405859937806544, -0.08088651514357992, -1.3747495915020833, -1.9772418970219503, -7.166340244718469, 7.780217232961737, 2.5120004003569583, -1.5372601836582902, 1.239668191065622, 0.8900450347093677, -2.83494663896439] 
[-0.7917986800188253, 0.37028473675680706, -1.6246416636574188, -0.5476192943413897, -0.07385321458284466, -1.367716290941348, -1.970208596461215, -7.170090104346321, 7.775219225777378, 2.547100760002222, -1.572433962930391, 1.2316341603163996, 0.9016368266945318, -2.823433041336638] 
[-0.7227884423310282, 0.4392949744446041, -1.5556314259696218, -0.47860905665359266, -0.14286345227064168, -1.436726528629145, -1.901198358773418, -7.129319318340626, 7.8177877726807115, 2.5028754805467397, -1.6043527912636488, 1.3011794068446836, 0.789324811174851, -2.9351046912156113] 
[-0.8974011585418058, 0.6139076906553816, -1.3810187097588442, -0.6532217728643702, 0.031749263940135886, -1.2621138124183675, -1.7265856425626405, -7.5604395609593675, 8.246248471378635, 1.6238402791466078, -0.7248231925165222, 1.4720040756687778, 0.6536545639844376, -2.8036672064898935] 
[-1.1658182075166845, 0.3454906416805029, -1.1126016607839655, -0.3848047238894915, -0.23666778503474284, -1.5305308613932462, -1.9950026915375192, -7.713312965062717, 8.06542086190606, 1.474922948027993, -0.9315067504899481, 1.7617099113193215, 0.3409710965492319, -3.1182837750507777] 
[-1.2284528327691842, 0.40812526693300255, -1.0499670355314659, -0.32217009863699186, -0.1740331597822432, -1.4678962361407466, -1.9323680662850196, -7.677307821702519, 7.951360101569471, 1.1311628892230576, -0.5806859332089394, 1.642046098819407, 0.38696249657959425, -3.162531044261948] 
[-1.2655913996377581, 0.4452638338015765, -1.012828468662892, -0.2850315317684179, -0.21117172665081718, -1.5050348030093206, -1.9695066331535935, -7.969336166295951, 8.246165596694569, 1.2092700572567023, -0.6090543003058896, 1.6840655762772958, 0.3585764492305016, -3.1352298998946604] 
[-1.3431879377956282, 0.5228603719594466, -1.090425006820762, -0.36262806992628793, -0.2887682648086872, -1.5826313411671906, -1.8919100949957235, -7.3244371019415775, 7.587115767504737, 0.824995065359378, -0.2531147059088132, 1.7115042001441716, 0.2332419870359498, -3.2603013100130656] 
[-1.3619768932914642, 0.5040714164636105, -1.109213962316598, -0.38141702542212397, -0.2699793093128512, -1.5638423856713546, -1.8731211394998875, -7.3335295421243, 7.575627673019431, 0.8178200612880628, -0.27011444893528663, 1.732919236973766, 0.21889134101790578, -3.245853914657447] 
[-1.3229252632719284, 0.5431230464831464, -1.0701623322970621, -0.34236539540258815, -0.309030939332387, -1.6028940156908904, -1.8340695094803516, -7.589441910675712, 7.828791731660022, 0.7033964517593173, -0.15101675313859594, 1.7530362686016392, 0.16408671190602583, -3.300631635567972] 
[-1.3116480772252057, 0.554400232529869, -1.0588851462503395, -0.33108820935586547, -0.29775375328566434, -1.5916168296441677, -1.8453466955270743, -7.514683153947849, 7.752301813064405, 0.651343417189251, -0.09995906266343821, 1.7337819355333448, 0.14890610499514903, -3.3156703731324324] 
[-1.3558581701885455, 0.5101901395665293, -1.0146750532869997, -0.37529830231920525, -0.25354366032232456, -1.547406736680828, -1.889556788490414, -7.793101821478074, 8.037287268159497, 0.8323865621288193, -0.2682983802788081, 1.7155418493158923, 0.20846625002158758, -3.2560265549681398] 
[-1.3824662008294677, 0.48358210892560705, -1.041283083927922, -0.40190633296012745, -0.28015169096324677, -1.5740147673217502, -1.8629487578494919, -7.782880880449814, 8.056508046476472, 0.8565177096463163, -0.26317381777512433, 1.7413992753378154, 0.1701199856033185, -3.294264529808092] 
[-1.4462140953812526, 0.4198342143738222, -0.977535189376137, -0.3381584384083426, -0.34389958551503164, -1.637762661873535, -1.9266966524012767, -7.849712239593062, 8.060053559460743, 1.0651062862752685, -0.4689240263922324, 1.7167608665693146, 0.2200266199411027, -3.3441990654296987] 
[-1.395256031986479, 0.47079227776859567, -1.0284932527709105, -0.3891165018031161, -0.3948576489098051, -1.5868045984787615, -1.8757385890065033, -7.901174479272153, 8.060609996746514, 1.2376425290108306, -0.6391222261467433, 1.6938974227498342, 0.1437303768862957, -3.420128682449817] 
[-1.3386208971752556, 0.5274274125798192, -0.971858117959687, -0.4457516366143396, -0.3382225140985816, -1.530169463667538, -1.8191034541952797, -7.430041154968361, 7.588254592090149, 1.181520863564527, -0.6671922400322672, 1.7551614694098014, 0.06576413433262739, -3.4983682373997738] 
[-1.3258523549084291, 0.5401959548466456, -0.9846266602265135, -0.45852017888116603, -0.3254539718317552, -1.5174009214007116, -1.8063349119284533, -7.512807113737928, 7.671493761676386, 1.1948636312902416, -0.6596444977950638, 1.7404579375445273, 0.08257116732264498, -3.481706370062441] 
[-1.3461927684588577, 0.519855541296217, -0.9642862466760849, -0.4788605924315946, -0.3051135582813266, -1.497060507850283, -1.826675325478882, -7.640001836692745, 7.799923016631578, 1.2276454367939182, -0.6652338941539602, 1.7617008412361428, 0.10833371759418245, -3.455677555283773] 
[-1.4197850644957288, 0.5934478373330881, -1.037878542712956, -0.5524528884684657, -0.3787058543181977, -1.4234682118134119, -1.7530830294420108, -7.597202765783064, 7.836317683836309, 1.2120153194959407, -0.753191113402345, 1.858531824509809, 0.047002092626504406, -3.3968508568740994] 
[-1.489728425006449, 0.5235044768223679, -1.1078219032236762, -0.4825095279577455, -0.44864921482891795, -1.4934115723241321, -1.823026389952731, -7.6378404779504, 7.800560897141649, 1.2326184173797972, -0.6745314193534878, 1.772791918172076, -0.03284995204331196, -3.4800983241728027] 
[-1.4720080004758653, 0.5057840522917841, -1.0901014786930925, -0.5002299524883292, -0.4309287902983342, -1.4756911477935484, -1.8053059654221473, -7.508317920273733, 7.67104458350562, 1.2332618895809009, -0.6530649301610577, 1.7503639488186775, -0.009307227951170498, -3.457099792310664] 
[-1.5044712722815543, 0.5382473240974731, -1.0576382068874035, -0.46776668068264027, -0.4633920621040232, -1.4432278759878594, -1.8377692372278362, -7.767719845835887, 7.931734881716514, 1.3423319803616862, -0.7571567464842276, 1.7374283999916509, 0.0322653463109982, -3.415899268270396] 
[-1.4979972463741635, 0.5447213500048639, -1.0641122327947943, -0.4612926547752495, -0.4569180361966324, -1.4367538500804686, -1.8312952113204455, -7.772396090564697, 7.929636436711249, 1.3644755416895236, -0.7806783503018802, 1.7488574588490768, 0.026405543708838887, -3.410796868954923] 
[-1.4889161285033428, 0.5356402321340431, -1.073193350665615, -0.4703737726460703, -0.4659991540674532, -1.4276727322096479, -1.8222140934496247, -7.712274350896314, 7.869800281292116, 1.3934086782755204, -0.8119579700469308, 1.763422841305944, 0.03737333156156111, -3.3992033866734057] 
[-1.4918538877570757, 0.5385779913877761, -1.076131109919348, -0.47331153189980324, -0.4630613948137202, -1.4306104914633808, -1.8251518527033577, -7.732313769725652, 7.889754123914486, 1.3854329209885217, -0.803888406581202, 1.7646677443911551, 0.03970663754982264, -3.401627868588131] 
[-1.46318193025248, 0.5672499488923718, -1.0474591524147523, -0.501983489404399, -0.4343894373091245, -1.401938533958785, -1.796479895198762, -7.748248271207294, 7.874869839918404, 1.3933213403704876, -0.7734073898780993, 1.7279252224452428, 0.07875132412853955, -3.3642522730058277] 
[-1.4889964851510857, 0.5414353939937661, -1.073273707313358, -0.5277980443030047, -0.46020399220773023, -1.3761239790601794, -1.7706653403001562, -7.909467688640955, 8.036353897500982, 1.4101902243209463, -0.7521648207382635, 1.6993633824808918, 0.048323725541414494, -3.3961554875448385] 
[-1.4724623355230069, 0.5249012443656872, -1.0567395576852792, -0.5112638946749258, -0.4767381418358091, -1.3926581286882582, -1.7541311906720773, -7.796733843172854, 7.923721642762353, 1.4195627801071353, -0.7446363081060201, 1.712866291788068, 0.06731986977307872, -3.3763060343295495] 
[-1.4233165762005537, 0.5740470036881403, -1.007593798362826, -0.560409653997379, -0.5258839011582622, -1.343512369365805, -1.8032769499945305, -7.821924138787985, 7.89590503692037, 1.4044934648041305, -0.7975133109822046, 1.7766501224614533, 0.02029037246657541, -3.3346576276145066] 
[-1.4237881420301672, 0.5735754378585268, -1.0071222325332125, -0.5608812198269925, -0.5254123353286487, -1.3430408035361916, -1.803748515824144, -7.822223813293359, 7.895698087237289, 1.404862171404521, -0.7973569411003932, 1.7770308760837212, 0.020837632541535752, -3.3340798183239375] 
[-1.464923434709549, 0.5324401451791451, -1.0482575252125943, -0.5197459271476107, -0.48427704264926696, -1.3841760962155734, -1.7626132231447622, -7.590968105258369, 7.6668871319593, 1.510260223652149, -0.9204033897706022, 1.8524432810113909, -0.021114481163920815, -3.3011065477299057] 
[-1.5347477970549779, 0.6022645075245739, -1.1180818875580232, -0.5895702894930396, -0.4144526803038381, -1.4540004585610022, -1.832437585490191, -7.537088195856123, 7.685497594456994, 1.3215458804607692, -0.7361641952033096, 1.888333747080583, -0.10758272938768525, -3.3852666182783997] 
[-1.5866126259884776, 0.5503996785910742, -1.169946716491523, -0.6414351184265393, -0.46631750923733783, -1.505865287494502, -1.8843024144236908, -7.507666970272163, 7.712750869642539, 1.2787050231763164, -0.7504197906686358, 1.8379234037494234, -0.06351087158723268, -3.4267677853136815] 
[-1.5691638272103372, 0.5678484773692146, -1.1873955152696634, -0.6588839172046798, -0.48376630801547826, -1.4884164887163616, -1.8668536156455504, -7.517624688530795, 7.70396067731331, 1.2252467465554406, -0.6931052537723144, 1.8079416520852614, -0.03868920687777417, -3.4024958133228216] 
[-1.6353897587497261, 0.6340744089086036, -1.1211695837302744, -0.5926579856652908, -0.5499922395548672, -1.5546424202557505, -1.9330795471849394, -7.553716297922069, 7.668216649257154, 1.391336641032113, -0.8546663097847923, 1.7717367126152928, 0.05166492413897263, -3.3130130179529718] 
[-1.6953199872273697, 0.6940046373862471, -1.181099812207918, -0.6525882141429343, -0.4900620110772237, -1.494712191778107, -1.8731493187072958, -7.865168993343626, 7.9810787595393595, 1.2383628553622046, -0.7087013966425266, 1.8008570250568123, 0.13731340072497347, -3.2272079240202216] 
[-1.696432083035221, 0.6951167331940985, -1.1822119080157694, -0.6514761183350829, -0.4911741068850751, -1.4936000959702556, -1.8742614145151473, -7.864696815826653, 7.981917733979763, 1.235479334706019, -0.705610650823668, 1.7991393834625087, 0.13648457825331556, -3.2263129474727377] 
[-1.6846605820600207, 0.7068882341692989, -1.170440407040569, -0.6632476193102833, -0.4794026059098747, -1.4818285949950551, -1.8860329154903477, -7.814839764745229, 7.931931835536624, 1.2429453783747901, -0.695303166864047, 1.7855372378359098, 0.127584818055298, -3.2168795592439436] 
[-1.6787455611629571, 0.7009732132722354, -1.1645253861435054, -0.6573325984132198, -0.48531762680693824, -1.4759135740979916, -1.8801178945932842, -7.790837216408593, 7.9079895168499705, 1.2392690699984052, -0.6981123890160166, 1.7804777306949775, 0.11961403020552537, -3.2249785971208698] 
[-1.728812163551721, 0.7510398156609993, -1.1144587837547415, -0.6072659960244559, -0.4352510244181743, -1.4258469717092277, -1.8300512922045202, -7.761382570286135, 7.935118847990293, 1.2596115322235135, -0.6459660437081667, 1.7178097242887294, 0.16145942304517752, -3.263828547663701] 
[-1.7664409092569837, 0.7134110699557367, -1.0768300380494789, -0.5696372503191932, -0.47287977012343696, -1.4634757174144903, -1.7924225464992576, -7.776533113219081, 7.903980115061211, 1.3535850682574424, -0.7477940979319111, 1.7772832251298516, 0.18891072098717948, -3.295142924449858] 
[-1.707948655062312, 0.6549188157610649, -1.018337783854807, -0.628129504513865, -0.5313720243181087, -1.4049834632198186, -1.8509148006939293, -7.989803836103661, 8.112658296106723, 1.4861994581084303, -0.9024597278737732, 1.8731641789978664, 0.13585153834686353, -3.2469742841951588] 
[-1.693388636511676, 0.6403587972104289, -1.003777765304171, -0.642689523064501, -0.5459320428687447, -1.3904234446691826, -1.8363547821432933, -7.921015213927367, 8.043634398022348, 1.4958126898643926, -0.887881716027379, 1.8533443047345524, 0.15630590875666242, -3.2276058767182754] 
[-1.791644907672202, 0.738615068370955, -0.9055214941436449, -0.7409457942250272, -0.6441883140292709, -1.4886797158297087, -1.9346110533038194, -7.86334408008491, 8.094629509696848, 1.5305396965815266, -0.7742445391550354, 1.7290988009142836, 0.08554968315128424, -3.144962734816335] 
[-1.8777692732499833, 0.8247394339487363, -0.8193971285658637, -0.6548214286472459, -0.5580639484514897, -1.57480408140749, -1.8484866877260382, -7.808578247745138, 8.13809591176194, 1.5651135190558618, -0.6633590002276939, 1.6102313464839775, -0.029965153679641365, -3.2638434035642363] 
[-1.794931710692813, 0.9075769965059065, -0.7365595660086934, -0.7376589912044161, -0.6409015110086599, -1.4919665188503197, -1.765649125168868, -7.864230844265762, 8.09608017342597, 1.5333384007563706, -0.7769794300630438, 1.7329587664126382, -0.13768435300752555, -3.3717302135260208] 
[-1.7755746700932757, 0.8882199559063692, -0.7559166066082308, -0.7183019506048788, -0.6215444704091225, -1.511323559449857, -1.7462920845693306, -7.8127677051762845, 8.04259294377166, 1.5583030788149508, -0.7726269080524326, 1.7513985122533764, -0.16124272050540922, -3.3947321390629805] 
[-1.744273702972846, 0.919520923026799, -0.7872175737286606, -0.6870009834844489, -0.6528454375295524, -1.4800225923294272, -1.7149911174489008, -7.798891058682917, 8.070805236352902, 1.5105587273494903, -0.7320968727850713, 1.7676464487905335, -0.18909108474758934, -3.3673770725238388] 
[-1.8036611134293086, 0.8601335125703363, -0.727830163272198, -0.7463883939409116, -0.712232847986015, -1.53941000278589, -1.7743785279053634, -7.840432658708015, 8.040917886133139, 1.4620984347436217, -0.7562864016479698, 1.713909351138734, -0.11976919501125946, -3.3001094340269352] 
[-1.8898965044732012, 0.946368903614229, -0.8140655543160906, -0.8326237849848043, -0.6259974569421224, -1.4531746117419972, -1.6881431368614708, -8.098779888702252, 8.31207576206775, 1.301730751444711, -0.6347448200902603, 1.755050193450878, -0.22221075381897412, -3.402013744644433] 
[-1.8070764746823489, 0.8635488738233766, -0.7312455245252383, -0.7498037551939519, -0.7088174867329747, -1.5359946415328496, -1.6053231070706184, -7.896593488400511, 8.097047501947937, 1.4160208908699712, -0.6134090222619923, 1.8250101536622787, -0.13404149415704397, -3.310886252569663] 
[-1.7962047320230052, 0.8744206164827203, -0.7421172671845819, -0.7606754978532956, -0.6979457440736311, -1.5468663841921932, -1.616194849729962, -7.8922617510050825, 8.107400672636745, 1.3992768959341326, -0.5992343314925643, 1.8302398667477864, -0.1229641134639544, -3.299724400909989] 
[-1.8112904762634638, 0.8895063607231789, -0.7572030114250405, -0.7757612420937542, -0.7130314883140897, -1.5619521284326519, -1.6011091054895035, -7.902478642589976, 8.09961318540384, 1.3920722500610714, -0.6211971531344309, 1.853716383709511, -0.10864695877887663, -3.3143124692534527] 
[-1.8290519022037142, 0.8717449347829286, -0.7749644373652909, -0.7935226680340045, -0.6952700623738394, -1.5441907024924015, -1.5833476795492532, -7.947803164292846, 8.144675201368747, 1.3952187414538626, -0.5934926131643411, 1.8253616338365826, -0.1258931866348116, -3.296946389694391] 
[-1.755152658970692, 0.7978456915499065, -0.7010651941322688, -0.7196234248009824, -0.7691693056068615, -1.6180899457254236, -1.6572469227822753, -8.14198432481645, 8.338007331791264, 1.4050796148451803, -0.4762066030461235, 1.706453843938388, -0.19766596794799712, -3.223738625389212] 
[-1.783887933469293, 0.8265809660485074, -0.6723299196336678, -0.7483586992995833, -0.7979045801054624, -1.6468252202240246, -1.6285116482836743, -8.15327500405696, 8.312593387633438, 1.4492452792375314, -0.5142378268807852, 1.6908022281571056, -0.2251130489074797, -3.1967041660751985] 
[-1.8862658584276897, 0.7242030410901107, -0.5699519946752711, -0.85073662425798, -0.9002825050638591, -1.7492031451824213, -1.730889573242071, -8.10147364415659, 8.388984568757195, 1.3809742883868008, -0.6546325741410859, 1.8498672978230066, -0.11210320630754314, -3.0897879235979984] 
[-1.9488976224004357, 0.7868348050628567, -0.5073202307025251, -0.9133683882307261, -0.837650741091113, -1.8118349091551673, -1.668257809269325, -8.351990226561712, 8.652844110672229, 1.2489795342346524, -0.5657184333552328, 1.8724888836213147, -0.16707769726883148, -3.032515264421228] 
[-2.0532733649686907, 0.6824590624946018, -0.4029444881342701, -1.017744130798981, -0.942026483659368, -1.9162106517234223, -1.77263355183758, -8.446990059861099, 8.638556294238498, 1.1275378391785091, -0.46873512734584044, 1.943438573035611, -0.06118836283606342, -3.130194938979914] 
[-2.040956401109396, 0.6701420986353069, -0.39062752427497527, -1.0300610946582758, -0.9297095198000732, -1.9038936878641275, -1.7849505156968748, -8.494606863312004, 8.68990601932716, 1.1041380411342119, -0.4858778852068929, 1.9620448829922388, -0.0723326200751133, -3.143748270725035] 
[-2.0295177021514537, 0.6815807975932492, -0.379188825317033, -1.041499793616218, -0.918270820842131, -1.8924549889061852, -1.7735118167389325, -8.540252089881333, 8.738863756128193, 1.0825108532696552, -0.5024730067137102, 1.9799281146912093, -0.0828851808973874, -3.1564544958696876] 
[-1.943332521747669, 0.5953956171894644, -0.29300364491324826, -0.9553146132124333, -0.8320856404383462, -1.8062698085024005, -1.8596969971427173, -8.193865253450944, 8.365169023763643, 1.2612522593549156, -0.47291901882007775, 2.0429567522430023, -0.15201057081967828, -3.0782862571808245] 
[-1.8397312974399558, 0.6989968414971776, -0.3966048692209614, -0.8517133889047201, -0.9356868647460593, -1.7026685841946874, -1.7560957728350042, -8.099784838493422, 8.377515481850503, 1.3569675650685291, -0.4332772143123644, 2.1393666763422927, -0.014704742844877966, -2.949072212853931] 
[-1.9040054098762145, 0.6347227290609189, -0.4608789816572201, -0.7874392764684615, -0.999960977182318, -1.6383944717584287, -1.8203698852712629, -8.05237346202644, 8.400365579950467, 1.3977783769459045, -0.3313143040127946, 2.028522817420536, -0.08051551606551163, -2.891929009385684] 
[-1.9739151789073563, 0.564812960029777, -0.3909692126260782, -0.8573490454996033, -1.0698707462134598, -1.7083042407895705, -1.750460116240121, -8.0361157917779, 8.470872664453044, 1.323120611092815, -0.36099077713757854, 1.9662128420498493, -0.1447546494220482, -2.830572872459235] 
[-2.026711753932725, 0.5120163850044085, -0.4437657876514467, -0.8045524704742348, -1.1226673212388283, -1.761100815814939, -1.6976635412147525, -8.036314875153872, 8.539079887327048, 1.2445347144099295, -0.30142593773005083, 1.9953657087321377, -0.191104109177307, -2.781716363676746] 
[-2.0532996881803722, 0.4854284507567611, -0.4703537218990941, -0.8311404047218822, -1.096079386991181, -1.7345128815672917, -1.7242514754623999, -7.9105568922664435, 8.41237990155183, 1.253154687222686, -0.3419763970775662, 2.0369522589832405, -0.16094382583544603, -2.806680710148411] 
[-2.0503150376705275, 0.48841310126660586, -0.4673690713892493, -0.834125055231727, -1.0990640375010257, -1.731528231057447, -1.7272361259722446, -7.910092951604358, 8.407978381402986, 1.2586129697993853, -0.3479878693131132, 2.0421089571501208, -0.15723193347630277, -2.803440187391535] 
[-2.0957414548077917, 0.5338395184038701, -0.42194265425198507, -0.7886986380944627, -1.0536376203637614, -1.6861018139201827, -1.7726625431095089, -8.10912621450015, 8.604034919821592, 1.2860830841631612, -0.4225651089794354, 2.114681567216268, -0.10778805507005366, -2.8454110347111046] 
[-2.1353649324233483, 0.4942160407883135, -0.4615661318675417, -0.7490751604789061, -1.093261097979318, -1.646478336304626, -1.7330390654939523, -7.951998656706258, 8.446299929997808, 1.2906390445838083, -0.4526804538375811, 2.0814302442259587, -0.15410595474173222, -2.88959545688125] 
[-2.247332279073019, 0.6061833874379842, -0.5735334785172124, -0.8610425071285768, -1.2052284446289887, -1.7584456829542967, -1.845006412143623, -8.074259577784762, 8.460140418815564, 1.1371493143513345, -0.3190144994044478, 2.161263204540221, -0.0459083318836179, -2.993553346494923] 
[-2.2702776403191667, 0.5832380261918365, -0.59647883976336, -0.8380971458824291, -1.2281738058751364, -1.735500321708149, -1.8679517733897706, -8.054617422146793, 8.465295092237273, 1.1545161509314115, -0.3051321758587487, 2.1788971768657728, -0.06484076856772328, -2.972408487044268] 
[-2.198903077231188, 0.654612589279815, -0.5251042766753815, -0.7667225827944506, -1.2995483689631149, -1.8068748847961276, -1.796577210301792, -8.234367822715598, 8.634982273618279, 1.2107314925450738, -0.4155134096309925, 2.282357654152966, 0.024992705870141976, -2.892316674762082] 
[-2.299747151134513, 0.7554566631831398, -0.6259483505787062, -0.6658785088911259, -1.1987042950597901, -1.7060308108928028, -1.6957331363984673, -8.611149450855736, 9.064872663832396, 0.9290547239748537, -0.24878127316675935, 2.374277138450424, 0.1352480970182976, -2.9867308777004733] 
[-2.277076366048254, 0.7327858780968809, -0.6486191356649651, -0.643207723804867, -1.221375080146049, -1.683360025806544, -1.6730623513122085, -8.540680102747945, 8.976840183475753, 1.0022762785407127, -0.30236246950237045, 2.409184417664889, 0.16039950424645752, -3.0082725923606715] 
[-2.387235680390253, 0.8429451924388799, -0.7587784500069641, -0.753367038146866, -1.331534394488048, -1.793519340148543, -1.5629030369702095, -8.540181100972099, 9.170757881685123, 0.7593717240919344, -0.11963690556718318, 2.499076296001806, 0.2744619705082971, -3.114470630101368] 
[-2.42058942170104, 0.8762989337496668, -0.7254247086961771, -0.7200132968360791, -1.298180653177261, -1.760165598837756, -1.5295492956594225, -8.601629372250581, 9.23242438573946, 0.7585671466094936, -0.09024858577850435, 2.535065379018571, 0.31338809369775716, -3.0811879045573796] 
[-2.5205955567279954, 0.7762927987227114, -0.8254308437231326, -0.6200071618091236, -1.1981745181503056, -1.6601594638108006, -1.629555430686378, -8.754377959279077, 9.357262064742933, 0.850505785143891, -0.23385670711026413, 2.6423615777704073, 0.226904760388503, -2.9802387386053297] 
[-2.4519745753762106, 0.7076718173709265, -0.8940518250749174, -0.5513861804573388, -1.2667954995020905, -1.7287804451625854, -1.6981764120381628, -8.680248914642984, 9.343994630089002, 0.9827587448145161, -0.37095577581722816, 2.7262933149937734, 0.16247125190930048, -3.050231776039381] 
[-2.377550381916885, 0.633247623911601, -0.9684760185342429, -0.6258103739166643, -1.192371306042765, -1.65435625170326, -1.7726006054974883, -8.600293695659817, 9.332554277759112, 1.133066975956331, -0.5142148128816627, 2.654881171815956, 0.07599899441945632, -3.1279032924261543] 
[-2.5221537201929056, 0.7778509621876216, -0.8238726802582224, -0.7704137121926848, -1.0477679677667444, -1.5097529134272394, -1.6279972672214678, -8.181008802980067, 8.840031952500391, 1.6043272551720915, -0.8995031683817347, 2.548630534824567, -0.06538216394509722, -2.993733129937576] 
[-2.4708459679807167, 0.7265432099754326, -0.7725649280460334, -0.8217214644048738, -0.9964602155545554, -1.5610606656394284, -1.5766895150092788, -8.10308654643349, 8.775686273160991, 1.5548858628000979, -0.8378973100423626, 2.583536699351933, -0.016821262474645715, -3.0436567293477212] 
[-2.5869620616323576, 0.6104271163237917, -0.6564488343943924, -0.9378375580565148, -1.1125763092061964, -1.4449445719877874, -1.6928056086609198, -7.8872558211443735, 8.561065717432992, 1.5501296341588437, -0.9262265992994136, 2.4919395593958065, 0.09943409439682517, -3.159400635364397] 
[-2.735696771639132, 0.7591618263305661, -0.8051835444011668, -1.0865722680632892, -0.963841599199422, -1.5936792819945618, -1.5440708986541454, -8.21026991702225, 8.964937313464896, 1.2502714131590265, -0.9423726809741488, 2.336612903721507, 0.2669339393778562, -3.0017195063318938] 
[-2.8332825384122042, 0.6615760595574939, -0.902769311174239, -0.988986501290217, -1.0614273659724942, -1.691265048767634, -1.6416566654272176, -8.083976632320965, 8.864709826288896, 1.1737555103452197, -0.8485069750027527, 2.4005010479590685, 0.16839728984712837, -2.9026322829869406] 
[-2.922032923555145, 0.7503264447004346, -0.9915196963171797, -1.0777368864331578, -1.150177751115435, -1.6025146636246932, -1.5529062802842768, -8.136128982804369, 8.711854171086467, 1.3849771080598767, -1.045465354578098, 2.5443818099262114, 0.2625122761310095, -2.98815694807078] 
[-2.8452298277260706, 0.6735233488713602, -1.0683227921462541, -1.0009337906040834, -1.2269808469445094, -1.5257115677956188, -1.6297093761133512, -8.225569900905452, 8.791181010446035, 1.4171621591796872, -0.9912149524030048, 2.6115603237069775, 0.3396792432509678, -2.911917240003649] 
[-2.909092835733672, 0.609660340863759, -1.004459784138653, -0.9370707825964821, -1.2908438549521106, -1.58957457580322, -1.6935723841209525, -8.307176464644234, 8.868911691969615, 1.4337326132305384, -0.9236759931135007, 2.539861831326215, 0.27869983570533413, -2.849263262114637] 
[-3.0458763946130443, 0.7464438997431314, -1.1412433430180253, -1.0738543414758546, -1.427627413831483, -1.7263581346825925, -1.830355943000325, -8.118612523079314, 8.594797214013385, 1.7739568331291424, -1.2202360590436823, 2.710580856290406, 0.1389528056262682, -2.990774898784327] 
[-3.116231160341586, 0.6760891340145895, -1.2115981087465673, -1.1442091072043965, -1.497982179560025, -1.7967129004111344, -1.760001177271783, -8.051095784096276, 8.635248657745612, 1.8633584783599864, -1.3158849059715922, 2.650235814069708, 0.20753087399486136, -2.9179391558851244] 
[-3.0353453039965306, 0.7569749903596451, -1.2924839650916229, -1.2250949635494521, -1.4170963232149694, -1.87759875675619, -1.8408870336168386, -7.972149873194965, 8.733322284409478, 1.7780931369485808, -1.372765024323237, 2.7257124396137815, 0.13468757812250348, -2.8380246615320432] 
[-3.1073458727560226, 0.8289755591191371, -1.2204833963321309, -1.1530943947899601, -1.4890968919744614, -1.805598187996698, -1.9128876023763306, -8.048962381996198, 8.795743879346254, 1.8607160886888685, -1.467059159103579, 2.7945731544662418, 0.06674422498139013, -2.9126710336633383] 
[-3.32682078586498, 0.6095006460101798, -1.4399583094410882, -0.9336194816810028, -1.7085718050834187, -1.5861232748877407, -1.6934126892673733, -7.833727376939093, 8.979022485198215, 1.9841692466942373, -1.2740881240010113, 2.5884421375328177, 0.2611242322388408, -3.12697056895377] 
[-3.4386724428970563, 0.7213523030422563, -1.3281066524090117, -0.8217678246489264, -1.820423462115495, -1.4742716178556643, -1.5815610322352969, -7.9283112278073595, 9.093372856908308, 1.7555623979765012, -1.0500319566020357, 2.70250252851446, 0.14839227011317113, -3.013225466591944] 
[-3.4036134540810874, 0.6862933142262874, -1.2930476635930428, -0.7867088358329575, -1.7853644732995262, -1.5093306066716332, -1.546502043419328, -7.956029596650394, 9.126767508492307, 1.7263795184187762, -1.0720812593993718, 2.6685830427885664, 0.11539720141497085, -2.9780791427496016] 
[-3.2839675450241277, 0.8059392232832471, -1.4126935726500025, -0.9063547448899172, -1.6657185642425665, -1.3896846976146735, -1.6661479524762877, -7.85420326464527, 9.037842092702464, 1.6649096427053307, -1.154410488109086, 2.7900890165826673, -0.008784214122254705, -2.859074332164025] 
[-3.226398262284972, 0.7483699405440914, -1.4702628553891581, -0.8487854621507616, -1.6081492815034109, -1.4472539803538291, -1.608578669737132, -7.791393980372236, 9.091174097486034, 1.7574750747550254, -1.2516325837633742, 2.737038252877361, -0.059980850177327, -2.9161891872004126] 
[-3.211712955529455, 0.7336846337885744, -1.4849481621446752, -0.8634707689062786, -1.5934639747478938, -1.432568673598312, -1.623263976492649, -7.777614314582244, 9.076583693763203, 1.7686499339670383, -1.2422869257047984, 2.753052744749262, -0.07599007218788921, -2.901481469662103] 
[-3.226791526300355, 0.7487632045594742, -1.4698695913737754, -0.8483921981353788, -1.6085425455187936, -1.4174901028274123, -1.6383425472635489, -7.79197437587569, 9.090391482393962, 1.7777909363979754, -1.2315832443527257, 2.766906827385566, -0.06213383659184376, -2.9165763538362746] 
[-3.2156102811150244, 0.7375819593741438, -1.4810508365591057, -0.8372109529500484, -1.5973613003334632, -1.4286713480127426, -1.6271613020782185, -7.780138019980596, 9.100900936816759, 1.798417781333769, -1.2526753191994835, 2.7769996626303657, -0.05194270874600053, -2.9277832521090543] 
[-3.007236853610584, 0.5292085318697032, -1.272677409054665, -1.045584380454489, -1.805734727837904, -1.6370447755171833, -1.4187878745737779, -7.560105344312976, 9.313932255150416, 1.9212726607432664, -1.105340862339759, 2.547035835706446, 0.17854147680875093, -3.136498090732242] 
[-2.923230253190921, 0.4452019314500403, -1.1886708086350022, -1.129590980874152, -1.721728127418241, -1.5530381750975204, -1.334781274154115, -7.636260858877153, 9.246032877413214, 1.8715855874152814, -1.1641774275969883, 2.6250234970958806, 0.09990973761542622, -3.0552570911733947] 
[-2.8124376813817147, 0.5559945032592465, -1.077878236825796, -1.2403835526833582, -1.8325206992274472, -1.6638307469067266, -1.2239887023449088, -7.725787191579292, 9.137262394528285, 1.9703396205726715, -1.0828298481988516, 2.740807646097061, -0.015788491106412977, -3.170116802696022] 
[-2.7385659665674975, 0.6298662180734637, -1.0040065220115788, -1.166511837869141, -1.75864898441323, -1.5899590320925094, -1.297860417159126, -7.629543606219366, 9.055778354907279, 1.8907434158748115, -0.97992011345818, 2.8246920635616126, -0.081251280932449, -3.1019774623541734] 
[-2.725248651089972, 0.616548902595938, -1.0173238374891045, -1.1798291533466667, -1.7719662998907557, -1.5766417166149838, -1.3111777326366516, -7.610585423321244, 9.037980608278085, 1.8854904973641422, -0.9906838179020031, 2.8371116695448086, -0.06847992194388448, -3.114651982675544] 
[-2.4450004123286764, 0.8967971413572334, -1.2975720762504, -1.4600773921079622, -2.052214538652051, -1.2963934778536883, -1.591425971397947, -7.449501307883061, 9.39913075415068, 1.4032432249679245, -0.6065298579522184, 2.5935842642819558, -0.33558736007313417, -2.8481048165338567] 
[-2.7807725386384536, 1.2325692676670106, -0.9617999499406227, -1.124305265798185, -1.716442412342274, -1.6321656041634656, -1.2556538450881698, -6.853797466840571, 8.75001115416835, 1.8658171136839896, -0.9352682293992276, 2.897577241367724, -0.6763683126171673, -3.1807437169888555] 
[-2.8527393274789983, 1.160602478826466, -1.0337667387811673, -1.1962720546387295, -1.7884092011828185, -1.7041323930040102, -1.3276206339287144, -6.775467793530422, 8.695694637403674, 1.8126840648673508, -0.8621750979287534, 2.8292321903425237, -0.7470371225968764, -3.1119498991422336] 
[-3.007673892101627, 1.3155370434490945, -0.8788321741585388, -1.351206619261358, -1.63347463656019, -1.8590669576266388, -1.482555198551343, -6.901315595883181, 8.439639727755441, 2.069329509114051, -0.7549594545842645, 2.6779800022920344, -0.9015815887244933, -2.9649781064249012] 
[-2.8688253145551794, 1.454385620995542, -0.7399835966120913, -1.2123580417149107, -1.7723232141066374, -1.7202183800801913, -1.3437066210048956, -7.0435083998082915, 8.538836633889389, 2.1419706932001596, -0.6247629322419619, 2.5350364774256935, -1.0500039210697458, -3.1046121707908365] 
[-2.6856390583486682, 1.2711993647890307, -0.9231698528186025, -1.3955442979214219, -1.5891369579001262, -1.9034046362867025, -1.5268928772114068, -6.856344035473705, 8.411699785390875, 2.05433064971473, -0.8337346575483312, 2.3313625483611435, -0.885075036370977, -3.280448586075784] 
[-2.5279415440034487, 1.1135018504438112, -0.765472338473383, -1.5532418122666414, -1.4314394435549067, -1.745707121941483, -1.6845903915566263, -7.003344016760026, 8.32938163837324, 1.9455917949192252, -0.988613527738393, 2.1804716973600873, -0.7358460787360802, -3.1226375384802774] 
[-2.5126729816492617, 1.1287704127979983, -0.750203776119196, -1.5379732499124543, -1.4467080059090938, -1.730438559587296, -1.6693218292024392, -6.9837957675121345, 8.312549264632967, 1.939151612517458, -0.9746951613911123, 2.194299633139387, -0.7513136927149561, -3.1381463431790033] 
[-2.6974876077100784, 1.313585038858815, -0.9350184021800128, -1.3531586238516375, -1.261893379848277, -1.5456239335264792, -1.854136455263256, -7.220181577671861, 8.51748487220566, 2.0127687580769886, -0.8060166513671262, 2.364822589424538, -0.5633677026150021, -2.951072609857003] 
[-2.3905251807903998, 1.0066226119391364, -1.2419808290996914, -1.6601210507713162, -0.9549309529285983, -1.8525863604461579, -1.5471740283435773, -7.555977520520246, 8.781295389690044, 2.1667581842544545, -0.44012471096360634, 1.9918909794389887, -0.278498846987037, -3.2338313243733325] 
[-2.590620338921207, 0.8065274538083291, -1.4420759872304987, -1.460025892640509, -1.1550261110594056, -1.6524912023153506, -1.7472691864743846, -7.716671554396782, 8.673318050844944, 1.9989069463148612, -0.2029679400246007, 1.7516334449909707, -0.4711397250151125, -3.4314016620633465] 
[-2.545228697657171, 0.8519190950723652, -1.4874676284945347, -1.505417533904545, -1.1096344697953695, -1.6978828435793867, -1.7926608277384206, -7.786413434220166, 8.740532300131328, 2.042519776901234, -0.24947065096063378, 1.7089849494651768, -0.42909791526118257, -3.4738221844366395] 
[-2.6302295136871923, 0.7669182790423439, -1.4024668124645134, -1.4204167178745237, -1.1946352858253908, -1.782883659609408, -1.7076600117083993, -7.726409823553943, 8.80811769812291, 1.9503313241100986, -0.16352031069732442, 1.7902391755434983, -0.5059652749658284, -3.396287463624334] 
[-2.183924973495662, 1.213222819233874, -0.9561622722729832, -0.9741121776829935, -1.640939826016921, -1.3365791194178778, -1.261355471516869, -8.39771997672772, 9.446667761926738, 2.3873183225527166, -0.6846503141621036, 2.2561772575870545, -0.9177241776423433, -2.9701580410992268] 
[-1.909366105776316, 0.9386639515145281, -0.6816034045536372, -1.2486710454023395, -1.915498693736267, -1.0620202516985318, -1.5359143392362151, -8.035073892181266, 9.138939428995524, 2.1600684497194154, -0.38376326887624346, 1.9515300049982323, -0.6091016830718996, -3.2383098221099] 
[-2.208354237331756, 0.6396758199590882, -0.9805915361090771, -1.5476591769577794, -1.6165105621808271, -0.7630321201430919, -1.2369262076807752, -7.38370120909295, 8.506659157792523, 2.017180995552433, -0.5919122527423734, 2.2488157174012775, -0.954351428059319, -3.5408513202989793] 
[-2.5567753178164363, 0.9880969004437685, -0.6321704556243968, -1.8960802574424598, -1.9649316426655075, -1.1114532006277722, -1.5853472881654556, -8.329444230081322, 9.433197929850678, 2.1769063308605077, -0.23671678043087185, 2.6121294327217686, -1.3052725525458029, -3.196062187889063] 
[-2.6087466264325325, 1.0400682090598647, -0.684141764240493, -1.948051566058556, -2.0169029512816037, -1.1634245092438684, -1.5333759795493593, -8.225056231099643, 9.260649973143193, 2.3351227784478548, -0.14693133299090735, 2.6849384513479406, -1.3474594268002338, -3.2478222104377563] 
[-2.6217794157858254, 1.0270354197065719, -0.6711089748872001, -1.961084355411849, -2.003870161928311, -1.1764572985971613, -1.5203431901960665, -8.2189256640465, 9.287493984327327, 2.308394353703198, -0.13200916928381679, 2.7011491066854094, -1.358553445772181, -3.261019419245496] 
[-2.6654123863722763, 0.983402449120121, -0.6274760043007492, -2.0047173259982998, -1.96023719134186, -1.2200902691836122, -1.5639761607825173, -8.238307636046526, 9.193125187157229, 2.404183726924993, -0.15434514574400696, 2.7326435516176675, -1.3988758553871654, -3.3054402888272074] 
[-2.8646698750084862, 1.182659937756331, -0.8267334929369592, -1.8054598373620898, -1.76097970270565, -1.0208327805474022, -1.7632336494187273, -8.500180775615037, 9.439609001407128, 2.4364092309988084, -0.2963176832253297, 2.922257601991148, -1.1747638160469125, -3.5041527852271535] 
[-2.7403305001700264, 1.3069993125947907, -0.951072867775419, -1.68112046252363, -1.6366403278671902, -1.145172155385862, -1.6388942745802675, -8.619252259743572, 9.38869720805804, 2.3350739424368574, -0.41519909059253773, 3.0187748849616374, -1.2838564818577285, -3.6251296081957696] 
[-2.509401335353031, 1.537928477411786, -1.1820020325924143, -1.9120496273406253, -1.4057111630501948, -1.3761013202028574, -1.4079651097632722, -8.401146032494198, 9.514605920563083, 2.4954984283846513, -0.6511093281340294, 2.78893025024716, -1.0624079137403208, -3.856961772705051] 
[-2.497029977226317, 1.525557119285072, -1.1943733907191283, -1.9244209854673393, -1.4180825211769088, -1.3637299620761434, -1.4203364678899861, -8.413337690219484, 9.505351873878062, 2.4860739115377926, -0.6394774641293995, 2.799893532987556, -1.0737634782007504, -3.869036322967518] 
[-2.591857069475177, 1.6203842115339318, -1.289200482967988, -1.8295938932184796, -1.3232554289280491, -1.2689028698272837, -1.5151635601388458, -8.314771852259868, 9.367759677154174, 2.6226363269741575, -0.547045256332854, 2.883460695483618, -1.1648715873249276, -3.772176176573866] 
[-2.6591222772381844, 1.6876494192969393, -1.2219352752049804, -1.8968591009814872, -1.3905206366910567, -1.2016376620642761, -1.4478983523758382, -8.2488627145776, 9.315396014382904, 2.566881224823194, -0.47466638860141225, 2.816092445160851, -1.1016906206596193, -3.840263241876648] 
[-2.4897138141601314, 1.8570578823749924, -1.3913437382830334, -1.7274506379034342, -1.5599290997691098, -1.0322291989862231, -1.6173068154538912, -8.091959989462254, 9.084206049405477, 2.800531558955738, -0.32401860958155837, 2.9979828311981818, -0.9149943220730294, -3.674681958228034] 
[-2.391601895816235, 1.758945964031096, -1.4894556566269297, -1.629338719559538, -1.4618171814252134, -1.1303411173301194, -1.7154187337977875, -8.177954504639388, 9.1549409607497, 2.893433760567275, -0.4259535154778594, 2.891530709022762, -1.0216666930232012, -3.77284014328743] 
[-2.599139117879213, 1.551408741968118, -1.6969928786899078, -1.836875941622516, -1.2542799593622354, -1.3378783393930975, -1.5078815117348094, -7.941579570828989, 9.381130663869572, 3.0900678654194484, -0.6374392059090146, 3.095984975328515, -1.2212314701800235, -3.5681325155145887] 
[-2.7046579155987036, 1.4458899442486275, -1.8025116764093982, -1.9423947393420065, -1.3597987570817258, -1.443397137112588, -1.6134003094543, -7.835096130455687, 9.284743486198854, 3.184685837424263, -0.7388497638638261, 3.1920178976070783, -1.319237513923422, -3.671785143739066] 
[-3.043949963598818, 1.106597896248513, -1.4632196284092838, -1.603102691341892, -1.6990908050818403, -1.1041050891124735, -1.2741082614541854, -7.472364203221471, 8.840120692575416, 2.767115770334286, -0.4318791121361517, 2.881021001461562, -0.9969516443914768, -4.008225672714496] 
[-3.0027656000628635, 1.0654135327125585, -1.5044039919452383, -1.6442870548778465, -1.6579064415458857, -1.145289452648428, -1.2329238979182309, -7.42945909462799, 8.800695483105576, 2.729106646276702, -0.47304370764866244, 2.9222628907704005, -0.9537488707181866, -3.965598134080641] 
[-2.7769014469168187, 1.2912776858586033, -1.7302681450912831, -1.8701512080238913, -1.8837705946919305, -1.3711536057944729, -1.4587880510642757, -7.188169124135632, 8.57044695378952, 2.524185983077677, -0.25578249448721907, 2.690434282141511, -1.1927104367962875, -4.197739147540672] 
[-2.7510963816891145, 1.265472620630899, -1.704463079863579, -1.8443461427961871, -1.9095756599196347, -1.396958671022177, -1.4845931162919799, -7.216503122179078, 8.596147431322722, 2.5039002096218455, -0.23269609070656652, 2.7137470509296224, -1.218117613511951, -4.224401211768131] 
[-2.6441688966992007, 1.1585451356409853, -1.8113905648534927, -1.7374186578062734, -2.0165031449095485, -1.5038861560120909, -1.377665631302066, -7.313907397372252, 8.51291956616342, 2.610711769134283, -0.11259176265624567, 2.606338129323167, -1.1128266555062436, -4.114506446540998] 
[-2.6330918690967327, 1.1474681080385172, -1.8003135372510246, -1.7263416302038053, -2.0275801725120166, -1.4928091284096228, -1.366588603699598, -7.322669364752438, 8.50081064494763, 2.5966022135310007, -0.12358222555920532, 2.5964942355982847, -1.1008520332437972, -4.102440841272892] 
[-2.2956932534169265, 0.8100694923587111, -1.4629149215712185, -1.3889430145239992, -1.6901815568322105, -1.1554105127298167, -1.7039872193794041, -7.055996108245155, 8.854430199070697, 2.9805108657466044, -0.4069205859818748, 2.2911604546840985, -0.7337552201520495, -3.732307423456715] 
[-2.1989841176759395, 0.713360356617724, -1.3662057858302314, -1.4856521502649862, -1.5934724210912234, -1.2521196484708037, -1.607278083638417, -6.851722867238238, 8.646012466633307, 3.1020185141386025, -0.520024105191548, 2.1855624081993645, -0.630772154159797, -3.637088597079273] 
[-2.276487284559261, 0.6358571897344025, -1.443708952713553, -1.5631553171483077, -1.670975587974545, -1.3296228153541252, -1.5297749167550956, -6.809552965142945, 8.703764467930318, 3.024599263372471, -0.5930196217787436, 2.105604594540267, -0.5511999335199111, -3.5596479238448464] 
[-2.1436556532612006, 0.7686888210324629, -1.3108773214154925, -1.4303236858502473, -1.5381439566764845, -1.1967911840560648, -1.3969432854570352, -7.146723451454559, 9.037431208677791, 3.1403261141272387, -0.45918538708115925, 2.240375273861761, -0.6848074425367103, -3.6930116831699116] 
[-2.0053469794908327, 0.9069974948028308, -1.1725686476451247, -1.568632359620615, -1.6764526304468523, -1.3350998578264326, -1.2586346116866673, -6.782411294996281, 8.66329415224293, 3.3030602960241238, -0.3377890875816564, 2.370908189137979, -0.5524415903837436, -3.832016174824649] 
[-1.9175286496178696, 0.8191791649298676, -1.0847503177721616, -1.6564506894935782, -1.5886343005738892, -1.4229181876993957, -1.1708162818137042, -6.993611884046739, 8.884072424245995, 3.1869551624612917, -0.42201245252818065, 2.455324950988157, -0.6376211609310178, -3.746880404085883] 
[-2.253115123120713, 1.154765638432711, -1.420336791275005, -1.9920371629964215, -1.9242207740767325, -1.0873317141965524, -1.5064027553165475, -7.899750264974362, 9.772526270417412, 3.4373622038026506, -0.07621968088454517, 2.1268155803795943, -0.30385363704190477, -3.4090009704740267] 
[-2.418932782790529, 1.3205832981025272, -1.2545191316051887, -1.8262195033266053, -2.0900384337465487, -1.2531493738663686, -1.3405850956467313, -7.661875493385985, 9.542790881257293, 3.313692527356435, 0.06018208919949086, 1.9322690224526735, -0.5011708800035212, -3.247074293383035] 
[-2.7114355140837905, 1.6130860293957885, -0.9620164003119274, -2.1187222346198666, -1.7975357024532874, -1.54565210515963, -1.6330878269399927, -7.321292056069013, 9.249195225187682, 3.071758735946724, -0.20539807972706048, 2.208880547461105, -0.15424000776836916, -2.917253927896677] 
[-2.8515331338489194, 1.7531836491609174, -0.8219187805467985, -1.9786246148547377, -1.6574380826881585, -1.405554485394501, -1.4929902071748637, -7.176021775493067, 9.542594189274775, 2.7814859426157357, -0.32653312246205574, 2.3338923411382853, -0.2947297182593913, -2.775190892419724] 
[-2.5653274961255317, 2.039389286884305, -1.1081244182701862, -1.69241897713135, -1.9436437204115462, -1.6917601231178887, -1.206784569451476, -7.471690008532564, 9.360185294000756, 2.5957895203677204, -0.01307452818134891, 2.656894221431221, 0.010584092083219143, -3.059370950510189] 
[-2.7473998590165767, 2.22146164977535, -0.9260520553791411, -1.510346614240305, -2.125716083302591, -1.5096877602268437, -1.388856932342521, -7.349610274290204, 9.116404142669284, 2.8705650252878767, -0.2435536915884237, 2.4404338234196414, -0.19539120013889405, -3.2679608698788822] 
[-3.0196244527457576, 1.9492370560461691, -1.198276649108322, -1.238122020511124, -1.8534914895734103, -1.7819123539560247, -1.661081526071702, -7.59597731489556, 9.227555800923973, 3.1055683132485363, 0.16178259466063902, 2.839833782426541, 0.10419656640328157, -2.9672294768853833] 
[-2.9010548988275975, 1.830667502128009, -1.079707095190162, -1.3566915744292842, -1.73492193565525, -1.6633428000378645, -1.7796510799898622, -7.710629332420494, 9.314704764677867, 3.1838135429408627, 0.06329280100676064, 2.9574490986799633, 0.23348952655425748, -3.088978602256962] 
[-2.9052132099625485, 1.826509190993058, -1.075548784055211, -1.3608498855642353, -1.7390802467902011, -1.6591844889029135, -1.7754927688549111, -7.71462376918188, 9.31738186702021, 3.186607508053486, 0.05956695163472007, 2.961406290631866, 0.2375888906176127, -3.084958571713261] 
[-2.807302789550862, 1.7285987705813715, -1.1734592044668974, -1.2629394651525487, -1.8369906672018876, -1.7570949093146, -1.6775823484432246, -7.612425485281237, 9.389771102493038, 3.257242933966012, 0.16917680447588904, 3.0696032390747, 0.3342524103800653, -2.990326294815455] 
[-2.9761250920271234, 1.8974210730576329, -1.004636901990636, -1.4317617676288101, -1.6681683647256262, -1.5882726068383386, -1.5087600459669632, -7.787998151871368, 9.258848911924357, 3.127180685274345, -0.024475339981812033, 2.872520101819028, 0.15927697701724294, -3.154327533477783] 
[-3.222334106411184, 2.1436300874416934, -1.2508459163746966, -1.6779707820128706, -1.4219593503415657, -1.342063592454278, -1.7549690603510237, -8.0610197519407, 8.751496153671539, 3.6195308189605955, -0.24009800082030097, 3.1070049266535698, -0.0848919825226633, -2.9095899471885325] 
[-3.1940237517558803, 2.1153197327863897, -1.222535561719393, -1.649660427357567, -1.4502697049968694, -1.3137532377989745, -1.72665870569572, -8.033613291593134, 8.772172855376356, 3.643958736631691, -0.26853109898957017, 3.080659467038692, -0.0579434957577878, -2.937187536398556] 
[-3.225852320812036, 2.083491163730234, -1.2543641307755489, -1.617831858301411, -1.4184411359407134, -1.2819246687428185, -1.6948301366395642, -8.002990376954228, 8.816584242482216, 3.5979421515110332, -0.23615920880916458, 3.1105312217623213, -0.08976303734688068, -2.9695904842560514] 
[-3.40156912611795, 1.9077743584243199, -1.078647325469635, -1.4421150529954971, -1.5941579412466274, -1.4576414740487325, -1.5191133313336502, -7.836865129450193, 9.048922203422764, 3.3630133322258673, -0.39890601352919763, 2.9447479686849687, 0.08065162500838652, -3.1422401700395453] 
[-3.234785281801374, 2.074558202740896, -1.2454311697862113, -1.2753312086789208, -1.427374096930051, -1.2908576297321561, -1.6858971756502266, -8.030014660449368, 9.359133315021777, 3.0682969309763966, -0.24497688799934075, 2.777195059671005, 0.2500628364675809, -2.975253195988417] 
[-3.1698797279801187, 2.009652648919641, -1.3103367236074663, -1.3402367625001759, -1.492279650751306, -1.225952075910901, -1.6209916218289715, -8.092664288274968, 9.30891366692403, 3.0257051731252935, -0.1825379246512812, 2.7038440756751494, 0.3218509655802243, -2.90921509983814] 
[-3.0453985013721567, 1.8851714223116791, -1.4348179502154284, -1.2157555358922139, -1.616760877359268, -1.350433302518863, -1.7454728484369335, -8.219085421971723, 9.47033448533061, 2.873704930157877, -0.0749277189112288, 2.836547694436212, 0.18760891304787253, -2.7852310760017587] 
[-2.9120989617677697, 1.751871882707292, -1.3015184106110413, -1.3490550754966009, -1.483461337754881, -1.48373284212325, -1.8787723880413205, -8.090162759434127, 9.322962504819941, 3.0132107981317704, -0.1942156571651763, 2.6916767607165544, 0.33087498649493585, -2.653047901103652] 
[-3.107654735318457, 1.556316109156605, -1.1059626370603541, -1.1534993019459137, -1.6790171113055683, -1.6792886156739373, -1.6832166144906333, -7.900734242198908, 9.173397402112137, 2.8631849735229746, 5.3511177890236405e-05, 2.495478405965364, 0.133769211410067, -2.853795463525628] 
[-3.210612449503069, 1.6592738233412168, -1.208920351244966, -1.0505415877613018, -1.5760593971209564, -1.5763309014893254, -1.5802589003060215, -8.00360019658494, 8.98663445789859, 3.0503759662231964, -0.10846347640755959, 2.3920671386102845, 0.2334699608436716, -2.95795414058392] 
[-3.0959821598899264, 1.7739041129543591, -1.3235506408581084, -0.9359112981481594, -1.461429107507814, -1.6909611911024678, -1.6948891899191638, -7.88789811904656, 8.810755450734545, 3.222470333331782, -0.21583957645315555, 2.506209306505257, 0.11914798926999914, -2.843318157684693] 
[-3.195836558195987, 1.8737585112604198, -1.2236962425520477, -1.0357656964542201, -1.3615747092017534, -1.591106792796407, -1.5950347916131031, -7.789219733176141, 8.6828876341537, 3.343248959907949, -0.29941413027750574, 2.4006616308948794, 0.013154574934157795, -2.744885395489818] 
[-3.1876004519141343, 1.8819946175422726, -1.2319323488339005, -1.0275295901723673, -1.3698108154836062, -1.5828706865145543, -1.5867986853312503, -7.797266225686471, 8.67116547393906, 3.3544031442147846, -0.3055818631753862, 2.3928826062169595, 0.021270641732104256, -2.753080655531324] 
[-3.24865263022385, 1.9430467958519881, -1.292984527143616, -0.9664774118626518, -1.4308629937933217, -1.5218185082048388, -1.647850863640966, -7.737419112533762, 8.75673668889976, 3.2741731550789632, -0.2528470716054409, 2.3284600936479354, -0.03998114450987618, -2.6922241315518525] 
[-3.302467437951753, 1.8892319881240849, -1.2391697194157127, -1.020292219590555, -1.484677801521225, -1.4680037004769355, -1.5940360559130626, -7.7895550421659845, 8.71353870090078, 3.2403528267992407, -0.2074510675547793, 2.382385356768193, -0.0958649184917526, -2.7466382277109744] 
[-3.025091573822701, 2.166607852253137, -1.5165455835447648, -1.297668083719607, -1.207301937392173, -1.7453795646059875, -1.8714119200421147, -7.500041201006904, 8.471504800527718, 3.0769920933512642, 0.05176910395933096, 2.083162641199061, 0.19696276216059838, -3.023431901184889] 
[-2.973923152732686, 2.217776273343152, -1.5677140046347797, -1.348836504809622, -1.156133516302158, -1.7965479856960025, -1.8202434989520997, -7.554964424379423, 8.41394261128358, 3.140054293858013, 0.11348039184181782, 2.028712729812047, 0.1481906457472532, -2.9773201102653] 
[-3.037220971540817, 2.154478454535021, -1.6310118234429107, -1.285538686001491, -1.219431335110289, -1.7332501668878715, -1.7569456801439687, -7.497438319828195, 8.35656676215171, 3.084324308405266, 0.16946312160132782, 1.9626088866976898, 0.08747680786238454, -2.9199075857115155] 
[-3.2067912460471266, 2.3240487290413303, -1.8005820979492202, -1.1159684114951816, -1.3890016096165985, -1.563679892381562, -1.9265159546502781, -7.657197506923898, 8.527447335459685, 3.294222579975634, 0.37484787892450444, 2.1297499160840925, -0.06489368579398463, -2.759915435007778] 
[-3.4072629922883078, 2.5245204752825114, -2.0010538441904013, -0.9154966652540004, -1.1885298633754173, -1.7641516386227432, -1.726044208409097, -7.466745797038549, 8.75228716522687, 3.4923900858494346, 0.2395684299797478, 2.3246392232805375, 0.12310180085763214, -2.9485504244512453] 
[-3.4776016892732233, 2.594859172267427, -1.9307151472054858, -0.985835362238916, -1.1181911663905018, -1.8344903356076587, -1.6557055114241814, -7.5312648928672505, 8.72510985192902, 3.6183964195549576, 0.37681752036364924, 2.405635819353681, 0.0653594574555075, -2.881480177356554] 
[-3.406276785782831, 2.6661840757578195, -1.8593902437150933, -0.9145104587485235, -1.1895160698808942, -1.9058152390980512, -1.7270304149145739, -7.483628875551951, 8.80921514344256, 3.769942263315767, 0.5256028750809467, 2.4878714533401327, 0.0020433649553587147, -2.9550721175184984] 
[-3.5521975100988232, 2.812104800073812, -2.0053109680310857, -1.060431183064516, -1.0435953455649019, -1.7598945147820588, -1.5811096905985815, -7.3565655706299315, 8.890289545711864, 3.4892388831845587, 0.2468445785167896, 2.644598015251397, 0.18567661922432882, -2.7991101602327344] 
[-3.4112806384429373, 2.9530216717296978, -2.1462278396869716, -1.2013480547204018, -1.1845122172207878, -1.9008113864379448, -1.4401928189426956, -7.261365441936737, 9.011331865743788, 3.6180099079593946, 0.1818205284140885, 2.7631184642450046, 0.05487982266122371, -2.658859859980382] 
[-3.269804727804315, 2.8115457610910757, -2.2877037503255937, -1.342823965359024, -1.32598812785941, -1.7593354757993227, -1.5816687295813177, -7.074568933066407, 8.838159300609037, 3.7928320051639095, 0.3510985644003784, 2.6364336822372128, -0.1072443244807876, -2.5098585843656513] 
[-3.3088907112733477, 2.772459777622043, -2.2486177668565612, -1.3037379818899915, -1.3650741113284424, -1.7202494923302902, -1.5425827461122852, -7.0289038577745915, 8.783768691618931, 3.7465196730511674, 0.3775339797588948, 2.603002603686127, -0.06943078164951606, -2.4706747243704172] 
[-3.3325137402529084, 2.7488367486424825, -2.2249947378770005, -1.3273610108695522, -1.388697140308003, -1.6966264633507295, -1.5662057750918459, -7.007870131267549, 8.800441369781591, 3.730008092725773, 0.3952257882590541, 2.5806185740125556, -0.09405021767928774, -2.4469114063364863] 
[-3.283815768653172, 2.797534720242219, -2.273692709476737, -1.3760589824692886, -1.3399991687082666, -1.647928491750993, -1.5175078034921095, -6.968714425755792, 8.854870841176153, 3.7850916351070665, 0.3609268251164981, 2.624239285720314, -0.14141035399389612, -2.4955703177609765] 
[-3.257009547760058, 2.770728499349105, -2.300498930369851, -1.4028652033624027, -1.3131929478151525, -1.621122270857879, -1.4907015825989953, -6.936864664764604, 8.817073684616338, 3.7538610170687514, 0.38779192617118036, 2.6545650008571333, -0.16745458215949016, -2.5220601547266197] 
[-2.999485406549967, 3.0282526405591956, -2.0429747891597603, -1.6603893445724935, -1.5707170890252433, -1.8786464120679698, -1.7482257238090861, -7.220782660929835, 9.062983242750523, 3.5784944186859824, 0.5870730472212365, 2.4283431783414446, -0.42168083207483104, -2.7744088546175796] 
[-2.8966328688102916, 3.131105178298871, -2.1458273268994357, -1.763241882312169, -1.467864551285568, -1.7757938743282944, -1.8510782615487615, -7.341342632439346, 8.937149368884873, 3.460350406294666, 0.6992828484634813, 2.528484919425905, -0.32154463999548744, -2.8772600577456817] 
[-2.947933976234106, 3.1824062857226854, -2.19712843432325, -1.8145429897359833, -1.5191656587093822, -1.72449276690448, -1.7997771541249472, -7.3001410111676135, 8.895502685719947, 3.399423035303863, 0.7578267738706604, 2.482258551852582, -0.36966515055266935, -2.8272980608499885] 
[-2.895274748289543, 3.1297470577781223, -2.144469206378687, -1.7618837617914203, -1.4665064307648192, -1.777151994849043, -1.7471179261803842, -7.235142828077017, 8.959671091099185, 3.441575745580941, 0.8038963314066154, 2.5383123498575744, -0.42500965816116165, -2.8805979621946167] 
[-2.9724392727027844, 3.206911582191364, -2.0673046819654455, -1.6847192373781787, -1.5436709551780607, -1.6999874704358016, -1.6699534017671427, -7.297286969904262, 9.021276099531013, 3.376185939083312, 0.732486515209167, 2.4540195781797585, -0.3431774206467483, -2.8019708602756337] 
[-2.8895786211773906, 3.12405093066597, -1.9844440304400517, -1.7675798889035725, -1.460810303652667, -1.7828481219611954, -1.587092750241749, -7.198167385190635, 9.1180618769869, 3.465122990204835, 0.6418200397452328, 2.5369505057709394, -0.4274733844813738, -2.885055955092109] 
[-2.928755765596202, 3.0848737862471585, -2.0236211748588633, -1.728402744484761, -1.4216331592338554, -1.822025266380007, -1.6262698946605605, -7.166894979992444, 9.086356238590533, 3.417491504986252, 0.6878419174894852, 2.4980944730677415, -0.38663836389855855, -2.845807405595461] 
[-3.0103477960911906, 3.00328175575217, -1.9420291443638749, -1.8099947749797494, -1.340041128738867, -1.9036172968749954, -1.707861925155549, -7.099909117069711, 9.01709788263124, 3.34351910776126, 0.6218518884085678, 2.5787427428131076, -0.47199882249111813, -2.9280807039221335] 
[-2.91607605463639, 3.0975534972069707, -1.8477574029090742, -1.90426651643455, -1.4343128701936676, -1.8093455554201947, -1.6135901837007482, -7.208750691328838, 8.904692499626949, 3.262329255652718, 0.536541223881763, 2.469654495759024, -0.3666305634510134, -2.8306968377765407] 
[-3.1507430833171153, 3.332220525887696, -2.0824244315897995, -1.6695994877538247, -1.1996458415129423, -1.5746785267394694, -1.378923155020023, -7.017440782605316, 8.710608085418041, 3.0786861862543193, 0.36708623523556255, 2.6815248437606733, -0.14686384790319795, -2.594786824605748] 
[-3.046244453719174, 3.2277218962897547, -1.9779258019918582, -1.774098117351766, -1.3041444711108836, -1.470179897141528, -1.4834217846179643, -7.1209186021088975, 8.596989678259712, 3.1870213937885454, 0.4464555426434296, 2.591091222417467, -0.25909454023928413, -2.482525946588636] 
[-3.0771391408607744, 3.196827209148154, -2.0088204891334587, -1.8049928044933665, -1.335039158252484, -1.4392852099999276, -1.4525270974763638, -7.092578327899436, 8.570058850543022, 3.149397436160631, 0.4878301168498742, 2.625636379153549, -0.2886220397672364, -2.5127451069924254] 
[-2.9172195854422807, 3.356746764566648, -1.848900933714965, -1.6450732490748727, -1.4949587136709779, -1.5992047654184214, -1.6124466528948576, -6.94212324041838, 8.422890923821353, 3.017770482290037, 0.3693846810990953, 2.7694027343647605, -0.44877672132655766, -2.348449662459614] 
[-2.9898607898859257, 3.284105560123003, -1.92154213815861, -1.7177144535185178, -1.4223175092273328, -1.5265635609747763, -1.6850878573385026, -6.881607514661486, 8.367107030848782, 2.952963148922118, 0.30273625864125964, 2.8405086258331007, -0.3760551744096251, -2.275579134309862] 
[-2.7822963628438817, 3.076541133080959, -2.129106565200654, -1.5101500264764738, -1.6298819362693768, -1.7341279880168203, -1.4775234302964586, -7.124439035915145, 8.1313927746912, 2.7833532688654232, 0.10738979482255814, 2.6244644744366705, -0.16631590890313808, -2.0644796986965517] 
[-2.771275546005315, 3.0875619499195257, -2.118085748362087, -1.499129209637907, -1.61886111943081, -1.7451488048553871, -1.4665026134578918, -7.132458318348868, 8.139947278170721, 2.7941302114887607, 0.09725948856050134, 2.613649913696216, -0.17750325805344985, -2.0755612259114957] 
[-2.755167465472949, 3.07145386938716, -2.1019776678297215, -1.4830211291055413, -1.6027530388984443, -1.7290407243230215, -1.4503945329255261, -7.107062536605077, 8.165647721106966, 2.809962262173947, 0.08171160267041971, 2.629949359122316, -0.19333014444769872, -2.0595311088425743] 
[-2.8543564990246875, 2.972264835835422, -2.2011667013814598, -1.5822101626572795, -1.503564005346706, -1.6298516907712832, -1.5495835664772644, -6.949373295416459, 8.32125283989904, 2.722752219334116, 0.1727272040877318, 2.729064608195442, -0.09239525256425328, -1.9599595570512407] 
[-2.7857611848070345, 2.903669521617769, -2.132571387163807, -1.5136148484396266, -1.572159319564359, -1.6984470049889362, -1.4809882522596114, -6.85195676457202, 8.42446184848226, 2.8005369166963656, 0.24344083456393495, 2.800413850669128, -0.023750176626878186, -2.0286525201182175] 
[-2.7912949698813616, 2.909203306692096, -2.138105172238134, -1.5191486335139537, -1.566625534490032, -1.692913219914609, -1.4865220373339385, -6.848110383069576, 8.419477730940482, 2.7941421615899658, 0.23760248237878034, 2.805911902754448, -0.02924328988101784, -2.023119401076357] 
[-2.741905574719686, 2.9585927018537714, -2.1874945673998094, -1.4697592383522782, -1.5172361393283564, -1.6435238247529336, -1.535911432495614, -6.81337883993027, 8.375585696563508, 2.7416536544576164, 0.2848781682897483, 2.8550985783642444, -0.07830616841161328, -2.0724916998274403] 
[-2.73869808448171, 2.9553852116157953, -2.1907020576377856, -1.4729667285902543, -1.5140286490903803, -1.6403163345149574, -1.5391189227335902, -6.8109159172135, 8.373639788789, 2.7449458830833064, 0.28825715999738755, 2.8520185265398275, -0.07511523599763192, -2.0757051323272533] 
[-2.9070455180501416, 3.123732645184227, -2.359049491206217, -1.641314162158686, -1.3456812155219486, -1.808663768083389, -1.7074663563020218, -6.924839330511398, 8.51488897611027, 2.9147107947962936, 0.12751441016826023, 2.6795325301884643, 0.09236612476684697, -2.244352800640527] 
[-3.016295211323291, 3.0144829519110776, -2.4682991844793665, -1.5320644688855367, -1.2364315222487994, -1.9179134613565383, -1.5982166630288726, -7.067510272378106, 8.37105845251685, 2.7986947966609814, 0.22806754285518782, 2.5879576534800104, -0.018727606404630948, -2.3568859883136923] 
[-3.0261250532287267, 3.0243127938165135, -2.4584693425739306, -1.5222346269801008, -1.2266016803433635, -1.9277433032619742, -1.5883868211234367, -7.078870163407167, 8.358715529008958, 2.787457843277287, 0.21998960162332143, 2.595841205126666, -0.008715782483789548, -2.346971438820408] 
[-3.1499580832446963, 2.900479763800544, -2.5823023725899, -1.3984015969641312, -1.102768650327394, -1.8039102732460046, -1.7122198511394062, -7.217475456830899, 8.22960964734301, 2.904887866032789, 0.3920506149607143, 2.766662624549434, 0.11715992330471683, -2.470104438023763] 
[-3.2347981859931902, 2.81563966105205, -2.667142475338394, -1.3135614942156373, -1.1876087530758879, -1.7190701704975107, -1.7970599538879002, -7.133222239660593, 8.30185641898906, 2.846047445228913, 0.5207766121772754, 2.8969618217738518, 0.03135069892395556, -2.5602533491645096] 
[-3.1822815219981937, 2.7631229970570534, -2.7196591393333907, -1.2610448302206407, -1.2401254170708844, -1.7715868344925072, -1.7445432898929036, -7.192968623695403, 8.38385383224246, 2.931422566696941, 0.6079969580694217, 2.975631948210258, -0.023155262388955995, -2.6172915488633524] 
[-3.1443517458062313, 2.801052773249016, -2.6817293631414283, -1.2231150540286784, -1.202195640878922, -1.8095166106844696, -1.7066135137009413, -7.228831100682464, 8.329161833920864, 2.8776309618599645, 0.6300595934675315, 2.94150505460974, -0.06526091757839823, -2.6575371654567097] 
[-3.0996410081092716, 2.756342035552056, -2.6370186254444685, -1.1784043163317186, -1.1574849031819623, -1.8542273483814293, -1.6619027760039815, -7.27362281784766, 8.360300039106324, 2.8318937323263706, 0.557473871384314, 2.8711538224039557, -0.11324730517060498, -2.6151011042869636] 
[-3.203866935021262, 2.8605679624640463, -2.741244552356459, -1.282630243243709, -1.2617108300939526, -1.9584532752934196, -1.5576768490919912, -7.372096180453084, 8.508312646389227, 2.976761641421961, 0.510744437131319, 2.9717431183699152, 0.004631464860726728, -2.50673954099095] 
[-3.167154804934329, 2.897280092550979, -2.704532422269526, -1.3193423733306417, -1.2984229601808854, -1.9951654053803525, -1.594388979178924, -7.406030890534828, 8.461861830253065, 2.9305982076141595, 0.5332004024675486, 2.9369546191704448, -0.03550584404248893, -2.5433033817967976] 
[-3.1590990906624494, 2.9053358068228587, -2.6964767079976464, -1.3273980876025213, -1.2903672459090059, -2.003221119652232, -1.5863332649070445, -7.414342349209381, 8.47217395797851, 2.939956821008016, 0.5238424433426828, 2.9273869542052116, -0.028440531484714, -2.551318234969006] 
[-3.1954706931568158, 2.941707409317225, -2.66010510550328, -1.3637696900968876, -1.3267388484033722, -1.9668495171578657, -1.6227048674014108, -7.378764765559879, 8.518828105926113, 2.9915038365273663, 0.5765848613417046, 2.973463052673976, -0.060198825233959946, -2.5150706217153243] 
[-3.0576770933659976, 2.803913809526407, -2.522311505712462, -1.5015632898877058, -1.188945248612554, -1.8290559173670475, -1.4849112676105927, -7.525663429456249, 8.69133866366953, 3.1449446089194417, 0.4193675031345605, 2.8124911136864013, 0.06681925274765643, -2.375807789346134] 
[-3.250688236215348, 2.9969249523757573, -2.3293003628631115, -1.6945744327370562, -1.3819563914619044, -1.6360447745176971, -1.2919001247612423, -7.343578886899774, 8.55317354408117, 3.295399655903997, 0.2764718693222716, 2.959215977592233, -0.11799784923401391, -2.5631072153887278] 
[-3.162634848237426, 3.0849783403536795, -2.4173537508410337, -1.606521044759134, -1.4700097794398266, -1.547991386539775, -1.20384673678332, -7.44131012112785, 8.642997864235806, 3.206542083769778, 0.38538256769856977, 3.0604966280250356, -0.02595976435067386, -2.6559068447098424] 
[-3.3101393216582355, 3.232482813774489, -2.269849277420224, -1.7540255181799438, -1.6175142528606363, -1.6954958599605847, -1.3513512102041298, -7.5856397101989685, 8.49186277940849, 3.049304185330455, 0.5263009893380748, 2.923720514742407, 0.1162959189966883, -2.5135361789676507] 
[-3.3457037431635346, 3.2680472352797882, -2.305413698925523, -1.7184610966746448, -1.6530786743659354, -1.7310602814658838, -1.3869156317094289, -7.542605941877255, 8.447151512541092, 3.0833050442299847, 0.5560934574829532, 2.959236099923493, 0.07956503081321972, -2.5494711158376786] 
[-3.424721005777739, 3.3470644978939927, -2.3844309615397274, -1.6394438340604403, -1.5740614117517309, -1.6520430188516793, -1.4659328943236334, -7.478167076618167, 8.519652608711732, 3.0054974868888253, 0.48951162789062835, 2.8856835408621766, 0.0010793066144319657, -2.629652750525566] 
[-3.5869563910167255, 3.1848291126550063, -2.546666346778714, -1.4772084488214539, -1.4118260265127445, -1.4898076336126929, -1.6281682795626198, -7.246170168476156, 8.264568512350014, 3.2119922660787967, 0.31736483767673973, 3.0492349873497253, -0.16212182573213918, -2.791943727437501] 
[-3.3492525577449417, 3.42253294592679, -2.30896251350693, -1.7149122820932376, -1.6495298597845283, -1.7275114668844767, -1.390464446290836, -6.832518627353108, 7.855752473488177, 2.9978884851238052, 0.5159911880329473, 2.835687429180056, 0.07504494550888136, -3.0275018332082944] 
[-3.291299008695459, 3.3645793968773074, -2.2510089644574474, -1.7728658311427203, -1.5915763107350456, -1.669557917834994, -1.3325108972413533, -6.7865583432610075, 7.916297683866378, 2.933825729273424, 0.46754941572129605, 2.7789295568119567, 0.13508595811858476, -2.9687116799661832] 
[-3.2779494846425994, 3.377928920930167, -2.2376594404045878, -1.78621535519558, -1.6049258347879052, -1.6562083937821344, -1.345860421294213, -6.775267080576171, 7.930448179391414, 2.916060388497705, 0.4837792402694281, 2.7651039986252335, 0.14864418598828513, -2.981995031873324] 
[-3.196525143755826, 3.296504580043394, -2.319083781291361, -1.8676396960823531, -1.6863501756746784, -1.7376327346689076, -1.427284762180986, -6.867988613495817, 8.01593193763213, 2.9731720475349226, 0.5575579655143014, 2.6836041747269674, 0.06931803858933398, -2.901172233496826] 
[-3.2896294833324955, 3.2034002404667246, -2.2259794417146916, -1.7745353565056838, -1.7794545152513477, -1.6445283950922382, -1.5203891017576554, -6.77927880506704, 8.096941020223584, 3.042652686347279, 0.6290057023127359, 2.776130858604735, -0.029790878581600413, -2.9958881569888893] 
[-3.2244322584337457, 3.1382030155679748, -2.2911766666134414, -1.709338131606934, -1.8446517401500975, -1.5793311701934885, -1.5855863266564052, -6.836419585044792, 8.042215342311913, 2.9873238347035556, 0.5801001631968398, 2.7160051528676394, 0.03696894190941159, -2.9299960327680825] 
[-3.2538474615608077, 3.167618218695037, -2.2617614634863794, -1.738753334733996, -1.8740669432771595, -1.5499159670664264, -1.6150015297834672, -6.863582010959159, 8.014989611160718, 2.9612657636715634, 0.5471696930843187, 2.7512058165087643, 0.06622702141951899, -2.900697850041626] 
[-3.38871067888328, 3.0327550013725646, -2.3966246808088516, -1.6038901174115239, -1.7392037259546873, -1.6847791843888986, -1.7498647471059394, -7.0157408676695905, 8.169440798713364, 2.806585622291456, 0.6812856340223192, 2.8613479099790236, 0.19970091931967276, -2.767595741458527] 
[-3.2682330954525494, 2.912277417941834, -2.276147097378121, -1.7243677008422544, -1.8596813093854179, -1.564301600958168, -1.6293871636752089, -6.858795992383854, 8.019470360044314, 2.9185710640924882, 0.5414065014476444, 2.998618852003147, 0.3161983153332117, -2.6505734982250124] 
[-3.32540025716491, 2.8551102562294735, -2.2189799356657605, -1.6672005391298939, -1.8025141476730573, -1.6214687626705286, -1.5722200019628483, -6.910538917352696, 7.975369405499402, 2.9644171521095517, 0.5843812438534455, 3.04788890279298, 0.2600160834600328, -2.7068034466172506] 
[-3.383435586054526, 2.9131455851190897, -2.160944606776144, -1.6091652102402776, -1.8605494765626736, -1.5634334337809124, -1.514184673073232, -6.98298920330263, 8.05758781874551, 3.032864536092553, 0.6302813623789125, 3.099315479066336, 0.317826345227083, -2.764857652112761] 
[-3.270732826913358, 3.025848344260258, -2.2736473659173124, -1.4964624510991094, -1.9732522357038418, -1.4507306746397441, -1.4014819139320638, -6.888614790019171, 8.136159150887245, 2.93383697890665, 0.49944882246985045, 3.2327748043221423, 0.20695265924090023, -2.653947250395194] 
[-3.1657275230939366, 2.9208430404408365, -2.168642062097891, -1.6014677549185308, -1.8682469318844204, -1.5557359784591656, -1.2964766101126424, -6.796559381653694, 8.237393591833806, 3.041969633611404, 0.42186517739382734, 3.148271869139627, 0.0952789863177537, -2.766270014161201] 
[-3.2685801708302282, 3.023695688177128, -2.2714947098341827, -1.7043204026548224, -1.7653942841481287, -1.452883330722874, -1.399329257848934, -6.696421741643781, 8.352695640293373, 3.1621500040001376, 0.29565651460781583, 3.2718928163904364, 4.5729832808982795e-05, -2.6709774657073106] 
[-3.2062229336186174, 3.086052925388739, -2.3338519470457935, -1.6419631654432116, -1.8277515213597395, -1.5152405679344847, -1.4616864950605448, -6.641626175545516, 8.412819922559992, 3.224075885159585, 0.3446827641589069, 3.329133299122458, 0.06130509223942901, -2.731327502786735] 
[-2.9163948296390405, 3.375881029368316, -2.0440238430662165, -1.3521350614636347, -1.5379234173801626, -1.2254124639549078, -1.7515145990401217, -6.950771802129599, 8.712382770374004, 2.9576374608421476, 0.11236169103257512, 3.0789266703427742, -0.22168625667071598, -2.4493187758734756] 
[-2.9747963455085635, 3.434282545237839, -1.9856223271966935, -1.4105365773331577, -1.4795219015106396, -1.1670109480853847, -1.6931130831705987, -7.027281325602183, 8.629012037951938, 3.0386143264138283, 0.18678329328864343, 3.1344525582025544, -0.16768337138694073, -2.507420115078808] 
[-3.1660759128355256, 3.243002977910877, -1.7943427598697315, -1.2192570100061957, -1.2882423341836775, -1.3582905154123468, -1.5018335158436367, -7.196194128262989, 8.769716096409054, 3.2455050445521967, 0.41381659639164403, 3.3226328837504084, 0.013822079983454222, -2.3142843351049156] 
[-2.8734902515680236, 2.950417316643375, -2.0869284211372334, -0.9266713487386937, -1.5808279954511795, -1.6508761766798488, -1.7944191771111386, -6.896063602057582, 8.459929502423066, 3.6863632485283064, 0.8368730494692587, 3.0331577366358586, 0.32121099823860677, -2.0274714574986534] 
[-2.635925500567426, 2.7128525656427773, -1.8493636701366358, -1.1642360997392913, -1.818392746451777, -1.8884409276804464, -2.0319839281117362, -7.230597950599618, 8.08707851495473, 3.1524197128854823, 0.3246180697311095, 3.2618921737791693, 0.09515898025703842, -2.2645349396001184] 
[-2.8352502610570607, 2.5135278051531427, -2.0486884306262705, -1.363560860228926, -1.6190679859621424, -2.087765688170081, -1.8326591676221016, -7.085212927789005, 7.964640992978573, 3.2807880428572362, 0.15483098863583758, 3.5018308339052604, 0.3465648515210481, -2.4899066335919615] 
[-2.8417664894909525, 2.5200440335870344, -2.0552046590601623, -1.3700770886628177, -1.6255842143960342, -2.094281916603973, -1.8261429391882098, -7.094406871686526, 7.95366777995272, 3.272197177806927, 0.159921916686794, 3.5089794240104943, 0.3538788269986648, -2.496502286859307] 
[-2.816954766205887, 2.5448557568720998, -2.0800163823452276, -1.394888811947883, -1.6007724911109689, -2.0694701933189075, -1.8509546624732751, -7.059083573273684, 7.997444793257573, 3.3126636412705146, 0.18999391627033202, 3.5307562275376623, 0.33093377120039397, -2.4714157009302475] 
[-3.1579749969103066, 2.885875987576519, -1.7389961516408081, -1.0538685812434636, -1.9417927218153883, -1.728449962614488, -1.5099344317688557, -7.299136466113764, 8.380128812431716, 3.7170709945629152, -0.0946155627265115, 3.1625143225696397, -0.04339501448914834, -2.1276710520080786] 
[-2.994616297837089, 3.049234686649737, -1.9023548507140258, -1.2172272803166813, -1.7784340227421707, -1.5650912635412704, -1.346575732695638, -7.132928868951306, 8.200375334707847, 3.3920560654269294, -0.4214037599081349, 3.3562045398559595, 0.13761349804392303, -1.9603703433596529] 
[-3.2994275425839863, 3.354045931396634, -1.5975436059671284, -0.9124160355697839, -1.4736227779952733, -1.8699025082881677, -1.6513869774425354, -7.490877415714383, 7.835980959320696, 3.143357199232218, -0.2160814023601882, 3.6487084826173675, -0.18240672363096216, -2.279849955175096] 
[-3.1926741114767, 3.4607993625039204, -1.4907901748598422, -1.01916946667707, -1.5803762091025595, -1.7631490771808815, -1.7581404085498216, -7.617070516522532, 7.96250306983205, 3.0752027315769936, -0.15034166084307526, 3.5188965002709844, -0.311663650418876, -2.1740612609681023] 
[-3.1258245123424455, 3.527648961638175, -1.4239405757255876, -1.0860190658113247, -1.647225808236814, -1.696299478046627, -1.8249900076840762, -7.5532600384135735, 8.0251912471467, 3.0325680965230895, -0.10468759788163165, 3.4446460490121966, -0.3858349525086926, -2.2407809623687864] 
[-3.249974958574251, 3.6517994078699805, -1.5480910219573931, -1.2101695120431302, -1.5230753620050086, -1.5721490318148215, -1.7008395614522707, -7.67943325656758, 7.886711807182516, 2.8059267756191324, -0.32681191736963655, 3.324980700195694, -0.27096783922331097, -2.1188186913461937] 
[-3.0251636718291355, 3.426988121124865, -1.7729023087025086, -1.4349807987882457, -1.298264075259893, -1.347337745069706, -1.4760282747071551, -7.473834701354949, 8.090249306538626, 2.6365878663929294, -0.15390221599389206, 3.0998862929817643, -0.4972857783859388, -2.3450299713539056] 
[-2.9810886621268526, 3.471063130827148, -1.7288272990002258, -1.3909057890859629, -1.2541890655576102, -1.3914127547719888, -1.520103284409438, -7.424458872319656, 8.137804259445922, 2.672643521872036, -0.19593680016159615, 3.0522784434128436, -0.45290235539540047, -2.302057329320602] 
[-3.057191321712592, 3.3949604712414083, -1.8049299585859653, -1.4670084486717023, -1.1780864059718708, -1.4675154143577283, -1.4440006248236985, -7.357866314008762, 8.074915024255922, 2.610105909501342, -0.13370732911182798, 2.9813838493810167, -0.5256904711039703, -2.3770300931084436] 
[-2.9694820559360355, 3.3072512054648517, -1.7172206928094087, -1.554717714448259, -1.2657956717484273, -1.3798061485811717, -1.531709890600255, -7.453011104147, 7.983804275367428, 2.5348091746295567, -0.06059266205576619, 2.899297363458038, -0.4411973820171922, -2.2933879941968685] 
[-3.031659040449325, 3.245074220951562, -1.6550437082961191, -1.4925407299349693, -1.327972656261717, -1.317629164067882, -1.4695329060869655, -7.528085154407023, 7.907453032001657, 2.5977915133078686, -0.12462046506955052, 2.8344938676077853, -0.5024774983668953, -2.354858967055591] 
[-2.7415456554501976, 2.9549608359524346, -1.9451570932952467, -1.2024273449358418, -1.6180860412608444, -1.0275157790687546, -1.759646291086093, -7.202689719571857, 8.230769554621356, 2.8646716533223775, -0.3884228451058377, 3.113740165363699, -0.21068308494322285, -2.6518388099091226] 
[-2.4886856316616477, 3.2078208597409845, -2.1980171170837965, -0.9495673211472919, -1.8709460650493943, -1.2803758028573045, -1.5067862672975432, -7.3905955293565855, 8.400496394470697, 2.685104525196448, -0.19808167737518753, 3.3234028727853486, 0.005125261214790983, -2.906338245329165] 
[-2.382990863633923, 3.10212609171326, -2.092322349056072, -1.0552620891750166, -1.7652512970216696, -1.3860705708850292, -1.4010914992698185, -7.127564366786526, 8.66005619291274, 2.8658249907154056, -0.02149639871961065, 3.423241563741425, -0.11458962254608805, -2.802812772374304] 
[-2.5469068260397325, 2.9382101293074503, -2.2562383114618814, -1.2191780515808261, -1.9291672594274791, -1.2221546084792196, -1.565007461675628, -7.028448828031706, 8.565783427681, 2.9719414648768057, -0.15366884247848744, 3.5853985626596376, 0.029809516830305346, -2.9620964159842726] 
[-2.389481143527883, 3.0956358118193, -2.413663993973731, -1.0617523690689765, -1.7717415769156295, -1.3795802909910693, -1.4075817791637784, -7.14046077566011, 8.648549295800738, 2.8473174721562957, -0.06162296890851181, 3.742929483287421, -0.14527482479866688, -3.119856207151631] 
[-2.4894430828616425, 2.9956738724855403, -2.5136259333074906, -1.1617143084027362, -1.6717796375818699, -1.2796183516573096, -1.507543718497538, -6.8204410820586885, 8.9709967203367, 3.010403439876228, 0.10833194873490158, 3.6109733348825017, -0.03640946249430427, -3.2163517262543433] 
[-2.43375477725227, 3.0513621780949127, -2.457937627698118, -1.2174026140121086, -1.7274679431912423, -1.335306657266682, -1.5632320241069104, -6.95449998131727, 8.840476213978848, 3.070960140595335, 0.18218036700305773, 3.5554059724306604, -0.0861265627171115, -3.272343511028984] 
[-2.6606919632074817, 2.824424992139701, -2.68487481365333, -0.990465428056897, -1.5005307572360307, -1.5622438432218937, -1.3362948381516988, -6.83490986087503, 8.674701423775556, 2.764269763173525, -0.1437357497370481, 3.839216734026779, -0.3354400840021327, -3.0456924579781175] 
[-2.819632925901635, 2.665484029445548, -2.843815776347483, -1.14940639075105, -1.3415897945418775, -1.7211848059160468, -1.495235800845852, -6.559703396326183, 8.93923838480066, 2.7023797506479625, -0.007049501966231886, 3.686719388124224, -0.17314983337247522, -3.207280820853384] 
[-2.846817191058852, 2.692668294602765, -2.8710000415047, -1.1765906559082673, -1.3687740596990947, -1.6940005407588297, -1.5224200660030691, -6.536142253818008, 8.926355479676506, 2.7208455910943536, -0.03858660767736827, 3.654820985495118, -0.1474008420938981, -3.234901732255424] 
[-2.871482914840149, 2.6680025708214683, -2.895665765285997, -1.1519249321269704, -1.3934397834803915, -1.7186662645401265, -1.4977543422217723, -6.557618966293636, 8.93853945441653, 2.703701542649487, -0.009978004919765662, 3.685789811921689, -0.12153823453029129, -3.2104850499930344] 
[-2.8913462819175226, 2.6481392037440945, -2.875802398208623, -1.1717882992043442, -1.4133031505577653, -1.7385296316175003, -1.4778909751443985, -6.582773617848404, 8.916257378552535, 2.7120396513056972, -0.032967880596901755, 3.6610896827267005, -0.14260898083942214, -3.2300800873285325] 
[-3.0920817260016467, 2.4474037596599705, -2.675066954124499, -0.9710528551202202, -1.6140385946418894, -1.9392650757016243, -1.6786264192285225, -6.826249020438634, 8.72029193752443, 2.8427345253873053, 0.15321501100619705, 3.472497241486375, -0.3583493733105926, -3.026249548527687] 
[-3.0115056688334096, 2.5279798168282075, -2.755643011292736, -0.8904767979519832, -1.6946146518101264, -1.8586890185333873, -1.7592024763967595, -6.908337970798163, 8.68051790694221, 2.9197011735191873, 0.25104931010677933, 3.402198060762715, -0.2924003013376027, -2.9459597150673638] 
[-2.8956075957100484, 2.4120817437048463, -2.639744938169375, -0.774578724828622, -1.5787165786867652, -1.742790945410026, -1.6433044032733983, -6.815831010170444, 8.459963325543416, 2.7033005238149594, 0.3345321910293457, 3.2956208350179224, -0.19791578924098036, -2.8321572307682885] 
[-2.776268000769635, 2.5314213386452598, -2.5204053432289615, -0.6552391298882085, -1.4593769837463517, -1.6234513504696126, -1.7626439982138118, -6.681887209685228, 8.540410337264161, 2.5917690770729394, 0.18711863345595442, 3.1900228807643574, -0.09142525321420347, -2.9515570255898527] 
[-2.5259339521314974, 2.7817553872833973, -2.270071294590824, -0.9055731785263461, -1.7097110323844893, -1.373117301831475, -1.5123099495756742, -7.036747594501711, 8.183404746193219, 2.5853968137328716, -0.08081736388347666, 2.9142855433388624, -0.34800984404453905, -2.7066552184712576] 
[-2.6437027694282573, 2.6639865699866374, -2.387840111887584, -1.023341995823106, -1.5919422150877294, -1.2553484845347151, -1.3945411322789143, -6.802616266891772, 8.398687493268145, 2.4284717843652586, -0.25948039063506545, 2.7932736826341715, -0.2166394990372287, -2.823381445499236] 
[-2.6968031840117295, 2.6108861554031653, -2.3347396973041117, -1.0764424104065782, -1.6450426296712015, -1.3084488991181873, -1.3414407176954422, -6.718655067529746, 8.471449837823029, 2.3743088368098757, -0.33056200394383034, 2.857527597776438, -0.279927319952067, -2.7705040945493806] 
[-2.737938304284766, 2.5697510351301287, -2.3758748175771482, -1.1175775306796147, -1.603907509398165, -1.3495840193912239, -1.3003055974224056, -6.658715041014704, 8.522125392201419, 2.3341201993705494, -0.38156377606205694, 2.8130596003552037, -0.23399323087334395, -2.8108910696901246] 
[-2.714163509530371, 2.593525829884524, -2.3996496123315434, -1.1413523254340099, -1.5801327146437698, -1.3258092246368287, -1.3240803921768007, -6.646969066612851, 8.485706681541044, 2.2880649014614876, -0.4176725927940329, 2.8401617486213677, -0.26057752838839265, -2.8348952944241894] 
[-2.4462474478612695, 2.8614418915536253, -2.667565674000645, -1.4092683871031113, -1.3122166529746684, -1.5937252863059301, -1.5919964538459022, -7.051173257697506, 8.100513292315219, 2.361698014209619, -0.6660511597187808, 2.543661521874625, 0.037873946061839026, -2.566319051304821] 
[-2.436370392899841, 2.871318946515054, -2.657688619039216, -1.41914544206454, -1.322093707936097, -1.6036023412673588, -1.5821193988844735, -7.058915614667962, 8.103980546161818, 2.35299996098181, -0.6586231954668842, 2.5354877207766657, 0.04777568066531936, -2.5563883368147535] 
[-2.659003077408075, 3.093951631023288, -2.435055934530982, -1.196512757556306, -1.544726392444331, -1.8262350257755928, -1.8047520833927075, -7.2384477896037485, 8.17297757922126, 2.1224726723502343, -0.9585051822289841, 2.2493246767620723, 0.26841557039666447, -2.778406411774765] 
[-2.632177789172248, 3.120776919259115, -2.4082306462951553, -1.2233380457921328, -1.5179011042085042, -1.799409737539766, -1.7779267951568807, -7.187740843040489, 8.224496855347942, 2.1595257169084596, -0.9223376744112933, 2.279537886083728, 0.29787509414717367, -2.805059451437955] 
[-2.551274532116663, 3.2016801763147, -2.3273273892395703, -1.1424347887365478, -1.4369978471529192, -1.718506480484181, -1.6970235381012957, -7.24122213320691, 8.280740024504917, 2.2643617507194933, -0.8206449587536007, 2.195590563967374, 0.20963613074979115, -2.886897165138666] 
[-2.5759389868157125, 3.2263446310137494, -2.3026629345405207, -1.1177703340374983, -1.4123333924538697, -1.6938420257851314, -1.6723590834022461, -7.225884718461929, 8.26395332360534, 2.283169133291241, -0.841975955224464, 2.1675267691823827, 0.18285428887300825, -2.9120064958877743] 
[-2.482207633288434, 3.132613277486471, -2.3963942880677993, -1.2115016875647768, -1.5060647459811483, -1.78757337931241, -1.5786277298749676, -7.289505255306851, 8.32033597160771, 2.3537873549678165, -0.9049165515286828, 2.250629916860683, 0.09499742365605138, -2.819670147866181] 
[-2.45833931996893, 3.1564815908059747, -2.3725259747482954, -1.2353700008842807, -1.5299330593006522, -1.763705065992906, -1.5547594165554637, -7.351216786254521, 8.258561838294233, 2.3344325423984396, -0.8846347518150598, 2.273732061866815, 0.07288438319734024, -2.795812774394779] 
[-2.7376415237742275, 2.877179387000677, -2.651828178553593, -0.9560677970789833, -1.2506308554953547, -1.4844028621876086, -1.8340616203607611, -7.525593517367967, 8.4247805613275, 2.697018901179359, -0.5147681308183315, 2.5467493917805557, -0.18938258792467966, -2.516341943862836] 
[-2.668015870366153, 2.946805040408752, -2.5822025251455183, -1.0256934504870578, -1.3202565089034293, -1.5540285155956832, -1.7644359669526866, -7.579842010280313, 8.465311376078517, 2.6568731447351848, -0.43501747405156005, 2.6377140930839347, -0.25808118361243476, -2.452321859170388] 
[-2.7069874691162585, 2.907833441658646, -2.5432309263954127, -0.9867218517369523, -1.2812849101533237, -1.5150569168455776, -1.8034075657027921, -7.601699144626667, 8.503560480571187, 2.7189101809958913, -0.370261250515935, 2.6880115872933645, -0.2213085682364231, -2.4895393188946233] 
[-2.7090020977507034, 2.909848070293091, -2.541216297760968, -0.9887364803713972, -1.2792702815188788, -1.5130422882111327, -1.8013929370683472, -7.6028554377445445, 8.505656022417464, 2.7221045048369246, -0.3675610379222297, 2.686590554506444, -0.22342286330033598, -2.491692872246377] 
[-2.5577440972842513, 3.061106070759543, -2.3899582972945157, -1.1399944808378493, -1.4305282819853309, -1.3617842877446806, -1.6501349366018951, -7.361461502281626, 8.726568179609954, 2.5544899149005773, -0.5474131875901685, 2.798008760893078, -0.08487507920319534, -2.633864714855817] 
[-2.432615782202122, 2.935977755677414, -2.2648299822123863, -1.0148661657557199, -1.3053999669032015, -1.48691260282681, -1.7752632516840245, -7.28450506424728, 8.638895996866516, 2.4559764741228607, -0.43865715801850896, 2.9232994937500743, 0.03087343765719401, -2.5074817520737223] 
[-2.4690669346188248, 2.899526603260711, -2.2283788297956835, -0.978415013339017, -1.3418511193199043, -1.5233637552435129, -1.8117144041007274, -7.189046230926907, 8.731479806547139, 2.4084872077403183, -0.48956389284620927, 2.9541949037185904, -0.008942563461886308, -2.5460459328438247] 
[-2.666830956750937, 2.7017625811285986, -2.426142851927796, -1.1761790354711295, -1.5396151414520167, -1.7211277773756253, -1.613950381968615, -6.6667148909717335, 9.268131156336759, 2.609002368265986, -0.6265109590805114, 2.735134737489684, 0.2057943318730976, -2.3366671865825936] 
[-2.7261606891333425, 2.761092313511004, -2.3668131195453905, -1.2355087678535348, -1.4802854090696114, -1.66179804499322, -1.6732801143510203, -6.638944651280236, 9.19183028855181, 2.509444443986449, -0.7072287910427405, 2.7963327017268145, 0.26872502858906305, -2.277253769595981] 
[-2.69874967130856, 2.7336812956862215, -2.394224137370173, -1.2629197856783172, -1.452874391244829, -1.6343870271684375, -1.645869096526238, -6.616968850603943, 9.177325559380497, 2.5286838279193247, -0.7289850064490185, 2.8216303606757167, 0.24231754641748626, -2.250085932273308] 
[-2.8088870474928687, 2.623543919501913, -2.2840867611858644, -1.3730571618626257, -1.5630117674291375, -1.744524403352746, -1.7560064727105464, -6.5529364671411034, 9.060114824763549, 2.405972850595731, -0.632511034945002, 2.9376188157278484, 0.13341995423830316, -2.361182270954093] 
[-2.782094196950249, 2.650336770044533, -2.2572939106432446, -1.3998500124052455, -1.5898046179717573, -1.7713172538953659, -1.7292136221679266, -6.5940758624809215, 9.009553801951567, 2.3664783187788516, -0.610953608425583, 2.9099932545895113, 0.1057267987101222, -2.334428521968395] 
[-2.581919430105531, 2.450162003199815, -2.4574686774879626, -1.1996752455605275, -1.3896298511270393, -1.5711424870506479, -1.5290388553232086, -6.761154151929555, 9.116247538762481, 2.2176561473812377, -0.42572004748588177, 2.7141562061302875, 0.2986805979042426, -2.1348207308617266] 
[-2.8606406631073984, 2.7288832362016824, -2.178747444486095, -0.9209540125586599, -1.1109086181251717, -1.8498637200525154, -1.8077600883250762, -7.222514862342382, 8.669671997758766, 2.2674029592375096, -0.6634092360030324, 2.9619824856511516, 0.5795447394473657, -2.4156544982654795] 
[-2.758085415237927, 2.8314384840711537, -2.2813026923555664, -1.0235092604281313, -1.0083533702557004, -1.747308472183044, -1.7052048404556048, -7.308157335335089, 8.73626031884391, 2.202825366922909, -0.6121494070295321, 2.8534049608027097, 0.4699458051103416, -2.324077034716655] 
[-2.659357560776451, 2.7327106296096777, -2.3800305468170424, -0.9247814059666553, -0.9096255157942243, -1.84603632664452, -1.8039326949170809, -7.222549138041101, 8.69944065558055, 2.3729448735857748, -0.4040005864719294, 3.0066638521070437, 0.37565288909276356, -2.429438208451986] 
[-2.5280873119504133, 2.8639808784357155, -2.51130079564308, -0.7935111571406175, -1.0408957646202621, -1.7147660778184823, -1.9352029437431186, -7.497663800078886, 8.361405436337678, 2.021115424944914, -0.7565452694679626, 2.7610299441220643, 0.45883212687145963, -2.549352628632463] 
[-2.53154700557001, 2.8605211848161187, -2.514760489262677, -0.7969708507602142, -1.0443554582398589, -1.718225771438079, -1.9386626373627154, -7.488822428532818, 8.371125030961235, 2.028653006601204, -0.750713312037749, 2.7588854764934703, 0.4544295399943523, -2.5535971946268274] 
[-2.6367332988483785, 2.965707478094487, -2.4095741959843084, -0.6917845574818458, -0.9391691649614904, -1.8234120647164476, -1.833476344084347, -7.722322120203718, 8.13800739638964, 2.031870041743903, -0.9006276177770158, 2.6008584634211136, 0.3507034352443267, -2.4669505809461656] 
[-2.681979936462822, 3.010954115708931, -2.454820833598752, -0.6465379198674022, -0.8939225273470468, -1.8686587023308912, -1.8787229816987905, -7.69466159858471, 8.101079003828968, 1.9892573287007378, -0.8871292313557197, 2.5646196545274087, 0.384344827332137, -2.5072028859530198] 
[-2.6631350993030747, 2.9921092785491834, -2.4359759964390046, -0.6276930827076548, -0.8750776901872994, -1.8498138651711438, -1.859878144539043, -7.708070186252991, 8.113439142229014, 1.982751900421664, -0.8647611704931565, 2.587880796848568, 0.3727868377417018, -2.490455589484422] 
[-2.7410623591193026, 3.0700365383654113, -2.3580487366227767, -0.7056203425238827, -0.9530049500035274, -1.7718866053549158, -1.7819508847228152, -7.643855364235662, 8.083320189983741, 2.1673083497318903, -0.6534840967012963, 2.71896283405269, 0.32964534387537814, -2.4201060146047046] 
[-2.7131635769852256, 3.0421377562313343, -2.3859475187568537, -0.7335191246579598, -0.9251061678694503, -1.7997853874889929, -1.7540521025887381, -7.622276357199475, 8.067070177232049, 2.2371308456995522, -0.5738367647786939, 2.7728201982692418, 0.3680817323330699, -2.387635024438964] 
[-2.750377959101394, 3.079352138347503, -2.4231619008730223, -0.7707335067741283, -0.8878917857532818, -1.8369997696051614, -1.7168377204725696, -7.5955842009874965, 8.041616634090218, 2.2481840007930276, -0.6221480712898397, 2.7158672151563206, 0.32669980401357496, -2.354840045008667] 
[-2.801697201061783, 3.028032896387114, -2.4744811428334113, -0.8220527487345173, -0.9392110277136707, -1.8883190115655504, -1.6655184785121806, -7.676296746064286, 7.96438235380874, 2.3591130083853145, -0.4885693166595133, 2.806452005268675, 0.2929241175586951, -2.3065132401308714] 
[-2.97438183724587, 3.200717532571201, -2.3017965066493242, -0.6493681125504303, -1.1118956638977577, -1.7156343753814634, -1.4928338423280936, -7.412732743705078, 8.238742464339433, 2.530355063545669, -0.5470441067669606, 2.9316824190129624, 0.1321066800759453, -2.487729442822557] 
[-2.892081105135345, 3.118416800460676, -2.3840972387598494, -0.5670673804399051, -1.1941963960082829, -1.7979351074919885, -1.5751345744386187, -7.312693420328039, 8.345510181627986, 2.328648701861377, -0.7417475070877332, 2.9707999738538495, 0.05093328976016258, -2.4026575915447963] 
[-2.95351184785334, 3.179847543178671, -2.4455279814778446, -0.6284981231579003, -1.255627138726278, -1.8593658502099837, -1.636565317156614, -7.262762786368828, 8.298925453020283, 2.4830960180314645, -0.5798969599564654, 3.046969890562118, 0.0028610346248648874, -2.464163060338159] 
[-2.981867783470568, 3.1514916075614434, -2.473883917095072, -0.6001421875406727, -1.2839830743435057, -1.8877217858272113, -1.6649212527738415, -7.286559883048601, 8.323325526868777, 2.466089361914251, -0.5566424117471317, 3.0735205901327904, -0.020246557743546823, -2.4929702837867316] 
[-2.9020019810964204, 3.231357409935591, -2.5537497194692196, -0.6800079899148201, -1.2041172719693582, -1.9675875882013587, -1.585055450399694, -7.191535300134148, 8.418640514504373, 2.422228289325264, -0.4847465170404288, 3.1886314341998574, 0.08606512365831046, -2.57015020488635] 
[-2.9570455697756852, 3.176313821256326, -2.6087933081484844, -0.6249644012355553, -1.1490736832900934, -2.0226311768806235, -1.5300118617204292, -7.234102704285579, 8.471427510135838, 2.314533167357686, -0.5984341691805644, 3.122576754451078, 0.12283917665975833, -2.5149332339751522] 
[-3.032023305645877, 3.251291557126518, -2.6837710440186764, -0.6999421371057473, -1.0740959474199014, -1.9476534410104316, -1.6049895975906212, -7.1714523722558, 8.404208169055945, 2.441464274414049, -0.47703775729582, 3.0942800806083772, 0.18981610771130586, -2.590916623648339] 
[-3.036484745809334, 3.255752997289975, -2.6793096038552195, -0.6954806969422904, -1.0696345072564446, -1.9431920008469747, -1.6005281574271644, -7.1754035246192425, 8.408902933579483, 2.434674517733765, -0.4826026575729889, 3.0985588468304233, 0.1952700510417206, -2.5952954493710876] 
[-2.9896896797455046, 3.3025480633538042, -2.63251453779139, -0.7422757630061199, -1.116429573320274, -1.8963969347831453, -1.6473232234909938, -7.132207251666903, 8.374376032607007, 2.3580840951929973, -0.5804806403175023, 3.0077231400875317, 0.12558622678329956, -2.6430175514109475] 
[-2.9508925834231743, 3.3413451596761345, -2.6713116341137204, -0.7034786666837896, -1.1552266696426043, -1.857599838460815, -1.686120319813324, -7.164584309580209, 8.41735864830285, 2.292866042398536, -0.6382358316941766, 3.023792534927072, 0.08892233718979517, -2.6829802436999977] 
[-2.9841507806570693, 3.3080869624422395, -2.6380534368798254, -0.7367368639176846, -1.1884848668764993, -1.89085803569471, -1.7193785170472191, -7.1931882589674965, 8.442411478482153, 2.309513994501841, -0.6744315125547359, 2.986954216329724, 0.11347670340677246, -2.715144373788842] 
[-3.009192322421425, 3.3331285042065955, -2.6630949786441813, -0.7617784056820405, -1.1634433251121434, -1.865816493930354, -1.6943369752828632, -7.21444184498559, 8.46690931662809, 2.2903831706991293, -0.6476965001994872, 3.0253801452383464, 0.1482345002503385, -2.6882807386250294] 
[-3.0050482245515564, 3.3289844063367267, -2.6589508807743125, -0.7576343078121717, -1.1592992272422746, -1.869960591800223, -1.698481073152732, -7.210847278772096, 8.462669093709813, 2.293738126785137, -0.652280586238026, 3.0190466688051245, 0.14266116705026574, -2.6926851711435646] 
[-3.0391668642459226, 3.2948657666423604, -2.6930695204686788, -0.7917529475065379, -1.1251805875479084, -1.9040792314945891, -1.7325997128470982, -7.249922334476573, 8.425608322609904, 2.279769074710431, -0.6097439566757797, 3.0726276005532864, 0.18906458896320405, -2.656308046914493] 
[-3.045744052265343, 3.301442954661781, -2.6996467084880993, -0.7851757594871174, -1.131757775567329, -1.8975020434751686, -1.7391769008665188, -7.243815589626524, 8.420952687400872, 2.2702370067677196, -0.6216735868005119, 3.063645559971838, 0.1933657964550563, -2.6626030122636197] 
[-3.112527844993986, 3.234659161933138, -2.6328629157594565, -0.7183919667584746, -1.0649739828386862, -1.9642858362038114, -1.672393108137876, -7.303884587539209, 8.492022391679317, 2.2006828879649674, -0.5968675458397448, 2.9855758574100917, 0.10563734626067797, -2.7353056387386085] 
[-3.1023753530560487, 3.2448116538710754, -2.6430154076973937, -0.7082394748205374, -1.054821490900749, -1.9541333442658742, -1.6825456000758132, -7.293385457327777, 8.50400230589918, 2.1819026302476794, -0.6178361523873792, 2.971360446322983, 0.1126755601452375, -2.7248337092394315] 
[-3.1093057263298274, 3.2378812805972967, -2.6499457809711724, -0.7013091015467587, -1.0617518641745276, -1.9610637175396528, -1.6894759733495919, -7.300033133087217, 8.51125122519898, 2.17551271142529, -0.6145256002055869, 2.9667076980628337, 0.11811683038468901, -2.7314864296456767] 
[-3.086146914463127, 3.214722468730596, -2.626786969104472, -0.7244679134134593, -1.0849106760412282, -1.9842225294063534, -1.7126347852162924, -7.324006054395555, 8.485914648661929, 2.1921281666073686, -0.6387308133701711, 2.941414362913318, 0.13614334200580355, -2.70736566434237] 
[-3.152870272302449, 3.147999110891274, -2.5600636112651496, -0.657744555574137, -1.1516340338805504, -1.917499171567031, -1.6459114273769702, -7.253566878241006, 8.553145896225752, 2.2454414531308573, -0.6635894144435716, 3.0240496498821323, 0.22112714597536506, -2.768951438121663] 
[-3.132128688847379, 3.168740694346344, -2.5393220278100794, -0.6784861390292072, -1.1723756173356206, -1.896757588111961, -1.6666530108320403, -7.232591182985853, 8.532386055592008, 2.2046627473296603, -0.7099398234857599, 2.9861365815343426, 0.19045191921497384, -2.790574180070202] 
[-3.0328630659469678, 3.069475071445933, -2.6385876507104906, -0.7777517619296184, -1.0731099944352094, -1.7974919652115497, -1.5673873879316291, -7.132394325020674, 8.630821782023618, 2.284143332889972, -0.7498217598862106, 3.107452827427859, 0.3212463243419609, -2.6867076416353974] 
[-2.9809390011240477, 3.017551006623013, -2.5866635858875706, -0.8296758267525384, -1.1250340592581294, -1.7455679003886297, -1.6193114527545491, -7.08536047000321, 8.585639708936025, 2.310456682686927, -0.8163047555137997, 3.0271317434596834, 0.25810225355519223, -2.7385315747937446] 
[-3.0175738075098, 3.054185813008765, -2.623298392273323, -0.8663106331382906, -1.1616688656438816, -1.782202706774382, -1.6559462591403014, -7.127912468976534, 8.548362398199366, 2.3693368532608066, -0.7423194009705296, 3.088416992987996, 0.3020013261355854, -2.700992870368941] 
[-3.031990565617031, 3.039769054901534, -2.637715150380554, -0.8518938750310596, -1.1760856237511126, -1.796619464881613, -1.6703630172475323, -7.111265946583326, 8.566456883857324, 2.3909505700965097, -0.7240619558521196, 3.0767671063063, 0.28563723277355596, -2.7159509406846754] 
[-3.0952612639627883, 3.1030397532472915, -2.5744444520347964, -0.7886231766853022, -1.1128149254053552, -1.7333487665358556, -1.607092318901775, -7.181346116067948, 8.503879168989329, 2.484969477837717, -0.609352414650561, 3.1623924423368286, 0.23631036624585874, -2.6545178531698586] 
[-3.045456249583717, 3.05323473886822, -2.624249466413868, -0.8384281910643736, -1.0630099110262838, -1.783153780914927, -1.5572873045227036, -7.233685299783634, 8.449122310476614, 2.4070743266339365, -0.678892758338514, 3.199202875376661, 0.2891062035854308, -2.703486960345554] 
[-3.0065706185983263, 3.0143491078828295, -2.6631350973992585, -0.8773138220497643, -1.1018955420116745, -1.7442681499295363, -1.5961729355080942, -7.268913108200035, 8.487378476789369, 2.4429502438503006, -0.6968960264986085, 3.2280489598922673, 0.25352161382280525, -2.6643728430584512] 
[-3.0680959450901195, 2.9528237813910363, -2.6016097709074653, -0.8157884955579711, -1.1634208685034677, -1.682742823437743, -1.6576982619998875, -7.214125249103176, 8.436919577517193, 2.4765532889208086, -0.7732508758474506, 3.148182119973812, 0.30649809162585584, -2.7252998260071366] 
[-3.008186195349234, 3.012733531131922, -2.5417000211665797, -0.7558787458170855, -1.1035111187625821, -1.7426525731786286, -1.5977885122590019, -7.280042894495083, 8.353622511063275, 2.3604718173530075, -0.8969302963633744, 3.052831718583205, 0.23775854785330264, -2.7875585476861544] 
[-3.014910297704956, 3.019457633487644, -2.548424123522302, -0.7491546434613632, -1.0967870164068598, -1.7359284708229064, -1.5910644099032796, -7.272337124636487, 8.361064554786442, 2.3576321630513637, -0.8893159187136649, 3.0608586526563344, 0.23200595016222136, -2.7809033525018547] 
[-2.884692008912703, 2.889239344695391, -2.6786424123145554, -0.8793729322536166, -1.2270053051991132, -1.8661467596151597, -1.4608461211110262, -7.389224851595857, 8.46736665144789, 2.265244564478594, -0.82242084345737, 2.9608099678512767, 0.3527073095252632, -2.649583659431211] 
[-2.954642332378368, 2.8192890212297255, -2.7485927357802207, -0.9493232557192819, -1.2969556286647785, -1.7961964361494944, -1.5307964445766915, -7.438429626373841, 8.551685584039497, 2.387773377129821, -0.6978126107161269, 3.050650360177043, 0.30086578493906213, -2.717699642978399] 
[-2.9811580762508125, 2.792773277357281, -2.775108479652665, -0.9758389995917263, -1.323471372537223, -1.76968069227705, -1.5573121884491359, -7.469309197401615, 8.526932292328949, 2.4128382270437636, -0.6710227599323157, 3.025900066347951, 0.2715255994045518, -2.7439061186025575] 
[-3.1439180050632327, 2.9555332061697013, -2.612348550840245, -0.8130790707793061, -1.486231301349643, -1.6069207634646299, -1.3945522596367157, -7.671251375786646, 8.265937825219503, 2.1972223461003875, -0.5154899597684923, 3.2027193063579835, 0.1282752866429695, -2.9062025040169113] 
[-3.165712622671771, 2.933738588561163, -2.6341431684487833, -0.7912844531707677, -1.4644366837411047, -1.5851261458560915, -1.416346877245254, -7.693007437052219, 8.249065745199664, 2.227738697601563, -0.4820122297109122, 3.2268328867404277, 0.15034858509890436, -2.884734564997837] 
[-3.207641689643891, 2.891809521589043, -2.6760722354209032, -0.8332135201428876, -1.4225076167689847, -1.5431970788839715, -1.458275944217374, -7.733658891643952, 8.194926238256171, 2.1546967562179806, -0.5458928900319282, 3.2641369077725217, 0.10946691874963149, -2.925996056950168] 
[-3.2774247430778356, 2.8220264681550984, -2.6062891819869587, -0.7634304667089431, -1.4922906702029293, -1.612980132317916, -1.5280589976513186, -7.658000849913334, 8.103061726245238, 2.076464873725179, -0.5055562691321092, 3.196970097447139, 0.18165985326412293, -2.9969762889244267] 
[-3.308745605980464, 2.853347331057727, -2.57496831908433, -0.7947513296115716, -1.4609698073003008, -1.6443009952205445, -1.559379860553947, -7.692542198543619, 8.12811237497635, 2.036457341842633, -0.5495526945963864, 3.225317041632044, 0.15130450074236998, -3.0281955319468414] 
[-3.2594171547015787, 2.8040188797788415, -2.525639867805445, -0.844079780890457, -1.5102982585791862, -1.69362944649943, -1.5100514092750617, -7.636333803483126, 8.084981092852571, 2.1005714752395166, -0.4802401045590894, 3.1779202014433934, 0.09961407980004827, -3.0774594784539] 
[-3.2313503877965903, 2.83208564668383, -2.4975731009004565, -0.8721465477954453, -1.5383650254841745, -1.7216962134044183, -1.53811817618005, -7.610635404951454, 8.106333605193877, 2.08617871088683, -0.45831335161924125, 3.1527851778256317, 0.12574099579788653, -3.1056214203720347] 
[-3.207808945093552, 2.8085442039807913, -2.474031658197418, -0.8956879904984838, -1.561906468187213, -1.6981547707013798, -1.5145767334770115, -7.633018956037089, 8.092771668521143, 2.1194374737769244, -0.4229506206143504, 3.1320245996174707, 0.14725155098697773, -3.082102507427824] 
[-3.084059244385797, 2.9322939046885463, -2.597781358905173, -0.7719382897907288, -1.438156767479458, -1.8219044714091348, -1.6383264341847665, -7.496944184339467, 7.895671430988085, 1.8663312688006288, -0.6386298486270797, 3.2454858253795034, 0.032446898987070566, -2.9582959245978175] 
[-3.0167570470243827, 2.8649917073271323, -2.665083556266587, -0.8392404871521428, -1.505458964840872, -1.7546022740477207, -1.5710242368233525, -7.426019434664269, 7.960076016859572, 1.8275333382727, -0.5915551950971435, 3.1674887846179907, -0.049208493201796724, -3.0263039719390665] 
[-3.052997983027767, 2.9012326433305167, -2.7013244922699715, -0.8754814231555272, -1.5416999008442565, -1.7183613380443363, -1.6072651728267369, -7.466674740472029, 7.9232216788582015, 1.8452104207622348, -0.6244294664432637, 3.1247790315504087, -0.0906535795681511, -3.0625455142753184] 
[-3.103361639140312, 2.9515962994430613, -2.751688148382516, -0.9258450792680719, -1.4913362447317118, -1.6679976819317917, -1.5569015167141922, -7.513627950996629, 7.962907898370853, 1.8142439810974567, -0.5833838738137144, 3.070022599920457, -0.14611986017897394, -3.0122400533973983] 
[-3.0403676549365795, 3.0145902836467937, -2.8146821325862486, -0.8628510950643395, -1.4283422605279794, -1.6050036977280593, -1.4939075325104598, -7.573913305576996, 8.035072785481633, 1.8797463437326767, -0.6283425802317898, 3.1269035955105027, -0.2058750093434312, -2.949180477173914] 
[-2.904376049062341, 2.878598677772555, -2.950673738460487, -0.726859489190101, -1.2923506546537409, -1.7409953036022978, -1.6298991383846984, -7.723213878803085, 7.902299575564797, 2.032119204954625, -0.47276028623761257, 3.009708569424485, -0.07392989614103276, -2.81462693857689] 
[-2.9436921645283984, 2.9179147932386127, -2.9113576229944296, -0.6875433737240435, -1.2530345391876834, -1.7803114190683553, -1.6692152538507559, -7.693798712135297, 7.858667281613278, 1.9878186847502701, -0.43010362225655685, 3.0621607215639246, -0.028848142036571975, -2.8532216988550165] 
[-2.9925059144202297, 2.8691010433467814, -2.8625438731025983, -0.7363571236158748, -1.204220789295852, -1.731497669176524, -1.7180290037425872, -7.6345634543613095, 7.913027140042595, 1.9603801587355358, -0.3727401049789131, 3.1308884093723, 0.02904573970433172, -2.9002969449519553] 
[-3.032424416590766, 2.829182541176245, -2.9024623752731347, -0.6964386214453384, -1.2441392914663885, -1.7714161713470604, -1.6781105015720508, -7.667878670248951, 7.959186338625422, 2.0033996301863386, -0.4170490355165895, 3.0753749132050636, -0.019218822764264815, -2.942720536495912] 
[-3.051777045379902, 2.848535169965381, -2.9218150040622706, -0.6770859926562025, -1.2634919202555244, -1.7520635425579245, -1.6587578727829149, -7.689157155776723, 7.940610935820728, 2.013450291520357, -0.4389582934856837, 3.053900849658314, -0.003609454805397344, -2.9615474504443413] 
[-2.9668287373753284, 2.7635868619608073, -2.836866696057697, -0.7620343006607762, -1.1785436122509507, -1.6671152345533509, -1.5738095647783412, -7.614287026105787, 7.823246454118378, 1.8751100374337837, -0.5645862671111842, 2.955634876489829, 0.07044953347047789, -2.8746633995216047] 
[-2.9262340973526317, 2.7229922219381106, -2.8774613360803936, -0.8026289406834728, -1.137948972228254, -1.7077098745760475, -1.5332149247556446, -7.646360739034563, 7.875974811648633, 1.925057417718136, -0.6088449100786589, 2.9010593996829517, 0.02629971303687735, -2.915308658759319] 
[-2.9260440939029824, 2.7228022184884613, -2.877271332630744, -0.8024389372338234, -1.1381389756779035, -1.7078998780256969, -1.5330249213059952, -7.646138269850536, 7.876141092156063, 1.9248822138249277, -0.6091401966684632, 2.9007975716756604, 0.026464250118775706, -2.915121224161001] 
[-2.944604899127393, 2.741363023712872, -2.8587105274063336, -0.7838781320094128, -1.1195781704534928, -1.7264606832501075, -1.5515857265304058, -7.632713896625431, 7.849854316151352, 1.8978927326118422, -0.5991868259437122, 2.886603592196776, 0.04351417799778512, -2.8968278407652552] 
[-2.832002317179212, 2.853965605661053, -2.9713131093545146, -0.6712755500612317, -1.232180752401674, -1.8390632651982886, -1.664188308478587, -7.737027925148095, 7.895838203245811, 1.7675708140608835, -0.7891973056116857, 2.7050196347895303, -0.08610692636583125, -3.008357779943272] 
[-2.79103554417887, 2.812998832660711, -2.9303463363541726, -0.7122423230615738, -1.191213979401332, -1.7980964921979465, -1.6232215354782449, -7.799556556412498, 7.822034795441926, 1.712859441848577, -0.7427649637178726, 2.7660488755007484, -0.03192076575318915, -2.965772466912966] 
[-2.879116808085106, 2.901080096566947, -2.8422650724479364, -0.80032358696781, -1.2792952433075682, -1.7100152282917103, -1.5351402715720086, -7.875659580000462, 7.8588855842541845, 1.6234597917122466, -0.8242422307238797, 2.850658070541923, 0.06793417818765352, -3.051964781810489] 
[-2.8735318105420067, 2.8954950990238477, -2.847850069991036, -0.7947385894247105, -1.2737102457644687, -1.7044302307486108, -1.5295552740289091, -7.870806435120707, 7.855981450157807, 1.630092020846911, -0.8157915593642924, 2.858487247212521, 0.07418791876654734, -3.0464432341540095] 
[-2.8548628336500936, 2.8768261221319347, -2.866519046882949, -0.8134075663166236, -1.2923792226563817, -1.6857612538566977, -1.5482242509208222, -7.85470227205953, 7.845997040802922, 1.6503167839842896, -0.7964685639489719, 2.841863710288729, 0.053809229631822914, -3.0275304939310557] 
[-2.8592346450460138, 2.8724543107360145, -2.870890858278869, -0.8177793777125437, -1.2880074112604616, -1.6813894424607776, -1.543852439524902, -7.851602149898598, 7.841338188646229, 1.6456254573084241, -0.7919939970187397, 2.846794580936297, 0.0498378447936311, -3.031877833253296] 
[-2.8824438129983516, 2.8956634786883524, -2.894100026231207, -0.8409885456648816, -1.2647982433081237, -1.6581802745084397, -1.5670616074772399, -7.817819114291224, 7.880706132935957, 1.6744177224577577, -0.8152762699654551, 2.820549723781518, 0.0709726509080184, -3.008826572936604] 
[-2.875363809884602, 2.888583475574603, -2.9011800293449563, -0.848068548778631, -1.2718782464218732, -1.6652602776221892, -1.5741416105909893, -7.827909979116901, 7.868592304665292, 1.6633474584894246, -0.8230178924106879, 2.825566725941276, 0.06416306797052866, -3.0017389378442796] 
[-2.89208904348534, 2.871858241973865, -2.8844547957442184, -0.8313433151778931, -1.2551530128211352, -1.6485350440214512, -1.5574163769902514, -7.849328700219883, 7.850166166981974, 1.679355920996879, -0.7993737329519998, 2.8464419519336417, 0.048698847591174176, -2.9850288707269845] 
[-2.91612708883053, 2.847820196628675, -2.8604167503990285, -0.8553813605230829, -1.2311149674759454, -1.672573089366641, -1.5814544223354412, -7.81854916461279, 7.878492392301929, 1.6671942476918593, -0.7703005084507365, 2.8781984004477517, 0.07421763313600149, -2.961096494698252] 
[-2.903009947221568, 2.8609373382376373, -2.8735338920079907, -0.8422642189141207, -1.2442321090849076, -1.6856902309756032, -1.5945715639444034, -7.802324621269003, 7.893014150455066, 1.6595706809390742, -0.7613691771524183, 2.866371230785583, 0.06040349337540165, -2.948028154192656] 
[-2.877031903364534, 2.8349592943806035, -2.847555848150957, -0.8162861750570869, -1.2702101529419414, -1.711668274832637, -1.5685935200873695, -7.766556599125722, 7.936126753224187, 1.69429677855476, -0.7757748056999679, 2.891016983416333, 0.08796799196941171, -2.9737973727855835] 
[-2.8776141854093904, 2.83554157642546, -2.8481381301958133, -0.8157038930122305, -1.2707924349867978, -1.7122505568774935, -1.568011238042513, -7.766974214143437, 7.936787301533668, 1.6949508093722547, -0.7763689593064111, 2.8903600057824934, 0.08849030227402227, -2.974379992110238] 
[-2.8637297183360655, 2.849426043498785, -2.8342536631224884, -0.8295883600855554, -1.256907967913473, -1.7261350239508184, -1.581895705115838, -7.756998429606626, 7.921077059317308, 1.679478985866405, -0.761626873263571, 2.908720524151602, 0.10408091353277532, -2.988277163015351] 
[-2.828179126910287, 2.884976634924563, -2.79870307169671, -0.794037768659777, -1.2213573764876946, -1.69058443252504, -1.6174462965416163, -7.8040559374524054, 7.877270703184072, 1.6950287345341664, -0.8047548872658644, 2.859804334786131, 0.06379009233579498, -2.9528629843376035] 
[-2.8651877719498007, 2.9219852799640766, -2.8357117167362236, -0.8310464136992906, -1.184348731448181, -1.7275930775645536, -1.5804376515021028, -7.8537620352685, 7.834692084789599, 1.73572088775692, -0.7461232315732945, 2.9134959600640853, 0.10444810799110898, -2.989227143713835] 
[-2.8703204802950832, 2.916852571618794, -2.830579008390941, -0.825913705354008, -1.1792160231028985, -1.722460369219271, -1.5753049431568202, -7.858171105616748, 7.837409008970062, 1.7295089499322298, -0.7543112400864724, 2.9066228974851795, 0.10889231563982305, -2.9943439009730968] 
[-2.8466289468013013, 2.893161038125012, -2.806887474897159, -0.802222171860226, -1.2029075565966805, -1.698768835725489, -1.5516134096630383, -7.823796372575372, 7.878306533864272, 1.7697562838617924, -0.7137824189635094, 2.939185533472397, 0.08824296340036253, -3.018070558060662] 
[-2.856552727177048, 2.903084818500759, -2.7969636945214122, -0.8121459522359729, -1.2128313369724273, -1.708692616101236, -1.5416896292872915, -7.809215897122364, 7.894832514321374, 1.7809786235984495, -0.7245071197382026, 2.9257347064170998, 0.07727315628375726, -3.0279192805025468] 
[-2.8908948720488663, 2.937426963372577, -2.762621549649594, -0.846488097107791, -1.2471734818442455, -1.743034760973054, -1.5760317741591097, -7.8552157893183585, 7.852166957515944, 1.8008736898921172, -0.7481641321130345, 2.951606632273191, 0.04556610653819488, -3.0619411889286647] 
[-2.9090407640551508, 2.9192810713662927, -2.7444756576433096, -0.8646339891140755, -1.26531937385053, -1.7248888689667696, -1.5941776661653941, -7.8322515360769325, 7.872001523408706, 1.7795559478571197, -0.7764544012738892, 2.928888087196278, 0.06123618137837693, -3.0800613781214645] 
[-2.9256190335188155, 2.9358593408299574, -2.7610539271069743, -0.8480557196504108, -1.2818976433141946, -1.7414671384304343, -1.6107559356290588, -7.845054428149602, 7.888796661404542, 1.7951979744128048, -0.7938531602354122, 2.9068537879655594, 0.04244884295298203, -3.0967701808943024] 
[-2.949602174168456, 2.9118762001803167, -2.7370707864573336, -0.8240725790007701, -1.257914502664554, -1.7174839977807936, -1.6347390762786995, -7.815860628498154, 7.913635429566892, 1.7667596550365547, -0.8315130934461762, 2.872387759193357, 0.01448167916936027, -3.1210670005082437] 
[-2.933213670772316, 2.8954876967841767, -2.7534592898534735, -0.8404610823969101, -1.274303006060694, -1.7010954943846537, -1.6183505728825596, -7.83044780813877, 7.923330353684114, 1.7473742441798166, -0.8506785991988794, 2.8833149569651932, -0.001199461182666197, -3.1377606128065962] 
[-2.9618726895236787, 2.8668286780328143, -2.782118308604836, -0.8118020636455476, -1.3029620248120564, -1.7297545131360161, -1.647009591633922, -7.864924191620903, 7.894336431823235, 1.7772093683720904, -0.8197522388883122, 2.8583055869618583, -0.032332251856591415, -3.1668483573646635] 
[-2.9774454970987616, 2.882401485607897, -2.766545501029753, -0.8273748712206306, -1.2873892172369734, -1.7141817055609332, -1.631436784058839, -7.846443271433895, 7.911239261862047, 1.7698076249496302, -0.8028120919550781, 2.8755090270204238, -0.04579333701205857, -3.1515433688035377] 
[-2.9373845144927575, 2.9224624682139013, -2.806606483635757, -0.7873138886146265, -1.2473282346309693, -1.674120722954929, -1.591375801452835, -7.8932792908050295, 7.868346439036981, 1.7892146113866787, -0.8468866270888205, 2.830274283593476, -0.010594625989724243, -3.1910139809702622] 
[-2.9098367423139333, 2.894914696035077, -2.779058711456933, -0.7597661164358023, -1.219780462452145, -1.7016684951337533, -1.6189235736316592, -7.8602373719357645, 7.8961027243000945, 1.7577176887887067, -0.8889627562612477, 2.7955014344858022, 0.014375076221576591, -3.218399300808199] 
[-2.894552153601767, 2.8796301073229107, -2.7637741227447665, -0.7444815277236358, -1.2044958737399787, -1.6863839064215869, -1.6342081623438256, -7.8713779186802455, 7.914708066437949, 1.7838289353101957, -0.8621215624333376, 2.818290083223798, 0.03193966489078828, -3.202826638860848] 
[-2.904503251828503, 2.8696790090961746, -2.7737252209715026, -0.7345304294968997, -1.2144469719667148, -1.6764328081948507, -1.6441592605705617, -7.85733834047946, 7.932017999170611, 1.8011499615773847, -0.8494147691477509, 2.810385013408916, 0.02158163636679194, -3.1931090639873143] 
[-2.8815112857813876, 2.89267097514329, -2.7507332549243872, -0.7575223955440151, -1.1914550059195994, -1.6994247742419661, -1.6671512266176771, -7.886330115998241, 7.905498901454288, 1.8135972414545165, -0.8653031879171382, 2.828276710657481, -0.0006972607252112017, -3.216667527980853] 
[-2.864330709713405, 2.9098515512112724, -2.7679138309923697, -0.7403418194760327, -1.174274429851617, -1.6822441981739837, -1.6843318026856595, -7.873534084158815, 7.88790676510367, 1.7972389929988106, -0.8478032306627651, 2.8482878697354543, -0.015556986612010368, -3.2000119691667956] 
[-2.840020258013178, 2.9341620029114996, -2.792224282692597, -0.7160313677758054, -1.1499639781513897, -1.706554649874211, -1.6600213509854322, -7.890505560682808, 7.915454848165278, 1.8349666011661776, -0.8182486523233122, 2.8291104845445805, -0.042427728208540016, -3.225490847278642] 
[-2.8533216470503877, 2.9474633919487094, -2.8055256717298067, -0.7027299787385957, -1.1632653671885995, -1.7198560389114208, -1.6467199619482225, -7.870353212477674, 7.939025621385383, 1.858844694224654, -0.793629044459098, 2.850083231955029, -0.02667153946954508, -3.211621180471336] 
[-2.857895354168088, 2.9520370990664095, -2.810099378847507, -0.6981562716208956, -1.1678390743062996, -1.724429746029121, -1.6421462548305223, -7.863626074866556, 7.9467452606436515, 1.8661145891500013, -0.7881685747145437, 2.846327204452812, -0.03150433146893731, -3.207191150276812] 
[-2.874935679211868, 2.9349967740226295, -2.827139703891287, -0.6811159465771155, -1.1848793993500797, -1.741470071072901, -1.6591865798743024, -7.887994914543595, 7.920085781095613, 1.8490409266227663, -0.7696809134301197, 2.8699385546005165, -0.011431772484921738, -3.189596296944395] 
[-2.903181361292104, 2.9632424561028654, -2.798894021811051, -0.7093616286573514, -1.2131250814303156, -1.769715753153137, -1.6309408977940665, -7.867729939106203, 7.889141356391845, 1.8069253311912319, -0.8038977566665859, 2.8873898392472386, -0.03664627153287876, -3.162176258176461] 
[-2.894596878937003, 2.9546579737477647, -2.7903095394559503, -0.7007771463022507, -1.2217095637854163, -1.7783002355082376, -1.6395253801491672, -7.878739993327628, 7.87870488987649, 1.8112791107567805, -0.8140050366684624, 2.8752129154842487, -0.04676826188525787, -3.1538005781590304] 
[-2.8859021238923344, 2.945963218703096, -2.7816147844112815, -0.7094719013469195, -1.2130148087407475, -1.7869949905529063, -1.6308306251044984, -7.885362055195607, 7.8873327493788254, 1.8202857030378634, -0.8184473226180127, 2.884508215755617, -0.036492793281755365, -3.144869634535054] 
[-2.9090855007285423, 2.922779841866888, -2.8047981612474895, -0.6862885245107115, -1.2361981855769555, -1.7638116137166984, -1.6540140019407064, -7.852648727662952, 7.925746129931078, 1.8607047882365386, -0.7784923538859806, 2.9134315532029125, -0.05479874683654523, -3.1220619337367514] 
[-2.9095552043277433, 2.922310138267687, -2.8043284576482885, -0.6858188209115106, -1.2366678891761564, -1.7633419101174974, -1.6535442983415054, -7.852003938759887, 7.926524550416818, 1.86152584685698, -0.7777062767991161, 2.9139991541402046, -0.055201766458804, -3.122542433992466] 
[-2.8932939381345104, 2.93857140446092, -2.7880671914550557, -0.6695575547182777, -1.2204066229829236, -1.7796031763107303, -1.6372830321482725, -7.839909110488134, 7.907962015885363, 1.8364173536169557, -0.798265574886681, 2.924091513834972, -0.07049454558603277, -3.1392105644763415] 
[-2.9078641449894445, 2.924001197605986, -2.8026373983099897, -0.6841277615732118, -1.2058364161279895, -1.7941733831656643, -1.6227128252933385, -7.852129980816477, 7.917722131617107, 1.8262273402640348, -0.7885222997745683, 2.9134967032026884, -0.05721008126974521, -3.1243439771173263] 
[-2.8777840514031556, 2.893921104019697, -2.8327174918962785, -0.7142078551595006, -1.1757563225417007, -1.7640932895793755, -1.5926327317070497, -7.826606619796986, 7.897572528893385, 1.8472235805096395, -0.8087646014789815, 2.9349088367773355, -0.08440851095735984, -3.154915305008809] 
[-2.87930449656932, 2.8924006588535325, -2.834237937062443, -0.7157283003256651, -1.1742358773755361, -1.76561373474554, -1.5941531768732142, -7.825497581582512, 7.8959451436141785, 1.8455057717656143, -0.8080031907312736, 2.9333410765672547, -0.08612656821632836, -3.153409027752065] 
[-2.8598749720822507, 2.872971134366463, -2.8536674615495126, -0.6962987758385957, -1.1936654018626056, -1.7850432592326095, -1.6135827013602837, -7.850279364781242, 7.874645346646448, 1.8646973190480864, -0.7872229583434642, 2.921355162113665, -0.06813875063507324, -3.1338203097842876] 
[-2.8406679536689925, 2.8921781527797212, -2.8344604431362543, -0.7155057942518539, -1.2128724202758638, -1.7658362408193513, -1.5943756829470255, -7.866409841036724, 7.886123436224394, 1.8507662942030374, -0.775462773002845, 2.9013938363528653, -0.09067400236808493, -3.1533741759261473] 
[-2.853925977303655, 2.8789201291450586, -2.847718466770917, -0.7022477706171912, -1.2261304439105265, -1.7525782171846886, -1.6076337065816881, -7.886079121938841, 7.86380259624887, 1.835577248353888, -0.7615124113226599, 2.919886279264412, -0.07477390930187003, -3.13998731073651] 
[-2.872047209912802, 2.8970413617542055, -2.865839699380064, -0.6841265380080443, -1.2080092113013796, -1.7344569845755418, -1.5895124739725413, -7.8624817029619845, 7.883789847743248, 1.8162782491685525, -0.7893341192385397, 2.8931772458639866, -0.09614583406469927, -3.122127645798316] 
[-2.8844695308309145, 2.884619040836093, -2.8782620202981763, -0.6717042170899319, -1.1955868903832672, -1.7468793054936542, -1.6019347948906537, -7.878854223521793, 7.868500925157256, 1.8223503801258627, -0.8035819788220705, 2.87895803739024, -0.08532020041664704, -3.109634385864913] 
[-2.8880483874052114, 2.881040184261796, -2.8818408768724733, -0.6752830736642288, -1.1920080338089702, -1.7433004489193573, -1.6055136514649506, -7.8763403769456355, 7.864170718968785, 1.816579308379996, -0.809491539216863, 2.8735381526875674, -0.08955086202634513, -3.1061030521889923] 
[-2.875324858110341, 2.8683166549669257, -2.869117347577603, -0.6880066029590992, -1.2047315631038407, -1.7560239782142277, -1.5927901221700802, -7.887423301170098, 7.870939723893522, 1.8030183854788264, -0.8222367093126486, 2.8851991104618375, -0.07521258513678176, -3.093198212451808] 
[-2.8782913803382737, 2.865350132738993, -2.86615082534967, -0.6909731251870319, -1.2076980853317734, -1.7589905004421604, -1.5898235999421475, -7.883659872724151, 7.874084972822791, 1.79992868178494, -0.8267921661393817, 2.880766050592933, -0.07874528653926997, -3.090259023624962] 
[-2.8897094448440424, 2.8539320682332243, -2.8547327608439015, -0.7023911896928006, -1.1962800208260047, -1.7475724359363918, -1.6012416644479162, -7.891514707773219, 7.888315015570484, 1.8187863779445403, -0.8077807699249876, 2.8981699057296937, -0.06505684716223564, -3.1015862210300464] 
[-2.9238089212616583, 2.88803154465084, -2.8206332844262856, -0.6682917132751847, -1.2303794972436206, -1.7134729595187759, -1.635341140865532, -7.866676713652674, 7.849562008835012, 1.7786030713226928, -0.7878443272618516, 2.8724011681455535, -0.03454672876617461, -3.135351235705215] 
[-2.92559003721483, 2.889812660604012, -2.818852168473114, -0.6665105973220129, -1.2321606131967924, -1.7152540754719476, -1.6335600249123603, -7.864323118649347, 7.852299079446754, 1.7805980937301022, -0.7896059119043197, 2.870064882882375, -0.03653655974939907, -3.133612535871693] 
[-2.917978241549294, 2.897424456269548, -2.8264639641386498, -0.658898801656477, -1.2245488175312564, -1.7076422798064117, -1.6411718205778962, -7.874570079539666, 7.839603724089496, 1.7677864741897062, -0.7990085042352144, 2.876750883655352, -0.028050667354806186, -3.125825766015803] 
[-2.91933709366643, 2.896065604152412, -2.8278228162557855, -0.6602576537736127, -1.2231899654141207, -1.7090011319235474, -1.642530672695032, -7.872878197930556, 7.841151417555322, 1.767004693833303, -0.7980404239528015, 2.8757137990531523, -0.026764195740075592, -3.1244365009967465] 
[-2.9281965427738488, 2.904925053259831, -2.8366822653632044, -0.6513982046661937, -1.2143305163067017, -1.7178605810309664, -1.651390121802451, -7.8797259569671905, 7.850559777753912, 1.775931414927081, -0.806728425170827, 2.8659544317103953, -0.01868419865443395, -3.115381657924275] 
[-2.935349983959787, 2.897771612073893, -2.8295288241772663, -0.6585516458521319, -1.2071770751207636, -1.7107071398450282, -1.6585435629883891, -7.874312411356123, 7.842108626658205, 1.7648953112152683, -0.815498794227262, 2.87063364052431, -0.02513283174832309, -3.1084074285729555] 
[-2.9024000620399075, 2.8648216901540136, -2.8624787460971457, -0.6915015677720113, -1.240126997040643, -1.6777572179251488, -1.6255936410685097, -7.8347573848870855, 7.875345755787079, 1.731218185898898, -0.8503053068996559, 2.899980633245499, 0.009858575864938563, -3.1402773926538554] 
[-2.9115949302786053, 2.8740165583927113, -2.8716736143358434, -0.7006964360107091, -1.2493218652793407, -1.6869520861638465, -1.6347885093072074, -7.841638394985515, 7.885498627771943, 1.7411171760523918, -0.8595482492517187, 2.889585965740719, 0.018084957604672332, -3.1493268114284434] 
[-2.933259973122299, 2.852351515549018, -2.85000857149215, -0.6790313931670156, -1.2276568224356472, -1.70861712900754, -1.613123466463514, -7.868807714073018, 7.86046356767508, 1.7516104642506016, -0.8847817719674518, 2.8609055469775817, -0.006435377713924689, -3.1714839624713798] 
[-2.9515229054718954, 2.8706144478986144, -2.8317456391425533, -0.6607684608174189, -1.2093938900860506, -1.7268800613571367, -1.5948605341139173, -7.8910305662748055, 7.840487920144088, 1.761684917741005, -0.8980712780777075, 2.874806750733329, -0.0230445347340976, -3.1534552444458575] 
[-2.947839039711363, 2.866930582138082, -2.828061773382021, -0.6570845950568867, -1.2057100243255183, -1.730563927117669, -1.591176668353385, -7.895831250551146, 7.834352678428446, 1.7553834345846622, -0.9027349539269305, 2.877138104998942, -0.02643003113655209, -3.1497998321915306] 
[-2.948953653827113, 2.8658159680223325, -2.8291763874977707, -0.655969980941137, -1.2045954102097687, -1.7316785412334186, -1.5922912824691347, -7.896801448112516, 7.835131933214976, 1.7547690068211466, -0.9014462657337174, 2.8786734044442066, -0.025126698539402224, -3.1486758559455836] 
[-2.947544689009847, 2.8672249328395982, -2.827767422680505, -0.6573789457584027, -1.2060043750270344, -1.7302695764161529, -1.590882317651869, -7.898067133188862, 7.83590971600156, 1.7532039623846651, -0.9029562424545409, 2.879952263995442, -0.02357676984430942, -3.1500730463589153] 
[-2.920248224053873, 2.894521397795572, -2.800470957724531, -0.6846754107143767, -1.2333008399830083, -1.7575660413721268, -1.6181787826078429, -7.863005401144644, 7.877743957515312, 1.7849580465846098, -0.9289779482155859, 2.8500766108876734, 0.00040562829481077117, -3.1226069209305063] 
[-2.8878864852681527, 2.9268831365812926, -2.8328326965102515, -0.6523136719286562, -1.2009391011972879, -1.7252043025864063, -1.5858170438221224, -7.8379406938258445, 7.84346541329214, 1.7527035319519177, -0.8978776758319981, 2.8847537751216383, -0.02775505222475289, -3.15540264086029] 
[-2.881796357293572, 2.920793008606712, -2.826742568535671, -0.6584037999032368, -1.1948489732227072, -1.731294430560987, -1.5797269158475418, -7.842535878420831, 7.84956150063273, 1.7584688901216805, -0.9043309504041562, 2.8765097814132266, -0.034817489582224775, -3.161530658268015] 
[-2.86209551783241, 2.90109216914555, -2.846443407996833, -0.678104639364399, -1.2145498126838694, -1.7509952700221492, -1.599427755308704, -7.87067914188489, 7.815879005805336, 1.7240469088737356, -0.9375630430464199, 2.8516760740984477, -0.018100107693279015, -3.1811773883056618] 
[-2.8499092676722046, 2.8889059189853445, -2.834257157836628, -0.6659183892041938, -1.2023635625236642, -1.738809019861944, -1.6116140054689092, -7.861924685219981, 7.803070576386104, 1.7104982234005597, -0.9310033239140392, 2.8390367184913203, -0.032060764453928275, -3.1935007661632144] 
[-2.8517263162012494, 2.8870888704563, -2.8360742063656725, -0.6677354377332385, -1.2005465139946194, -1.7369919713328992, -1.6097969569398645, -7.8634195610365945, 7.8042276685338905, 1.7094302779303596, -0.928897566742317, 2.8415580028137875, -0.029960312963620336, -3.195287379950226] 
[-2.8515937507994504, 2.886956305054501, -2.8359416409638736, -0.6676028723314396, -1.2004139485928205, -1.7368594059311002, -1.6096643915380655, -7.863219802879149, 7.80447057728297, 1.709669692536102, -0.9286746302468045, 2.8417248197983307, -0.030070853888167083, -3.195156352651875] 
[-2.8617734169193465, 2.876776638934605, -2.8461213070837696, -0.6574232062115435, -1.1902342824729244, -1.7470390720509963, -1.6198440576579616, -7.876980985027477, 7.791528332510014, 1.7142119028866416, -0.9402986683833748, 2.8301057642062184, -0.021436754789418644, -3.205216245621617] 
[-2.873532469001665, 2.8650175868522862, -2.857880359166088, -0.645664154129225, -1.1784752303906059, -1.7587981241333148, -1.63160310974028, -7.8944043554866035, 7.770278192632313, 1.6940714642145882, -0.9549866303181961, 2.8372511802115534, -0.032489444630883386, -3.217173461385414] 
[-2.8821236814275064, 2.8736087992781276, -2.849289146740247, -0.6370729417033836, -1.1698840179647645, -1.7502069117074734, -1.6401943221661215, -7.888250137897504, 7.76071368671976, 1.6840179766499839, -0.9505441244922064, 2.828257266342796, -0.04252253309324573, -3.2259936769851905] 
[-2.9006984412216372, 2.8921835590722584, -2.830714386946116, -0.6184981819092528, -1.1513092581706337, -1.7316321519133426, -1.6216195623719907, -7.91241645130003, 7.738113296307956, 1.6919885865803397, -0.9732221643030808, 2.8017897145424677, -0.0641135952566446, -3.207993823700771] 
[-2.882192205108458, 2.9106897951854376, -2.812208150832937, -0.5999919457960736, -1.1698154942838128, -1.7501383880265218, -1.6401257984851698, -7.928161425741223, 7.750057019679123, 1.679182875549724, -0.9609049882460663, 2.7880182899276296, -0.04761950969806708, -3.226163185485024] 
[-2.900816228109237, 2.8920657721846585, -2.793584127832158, -0.5813679227952946, -1.1511914712830338, -1.7687624110273008, -1.6587498214859488, -7.941933588559202, 7.769488274688975, 1.699468972374971, -0.9701594696608512, 2.8076670802705515, -0.02582120531104063, -3.2069592089717402] 
[-2.894197781083756, 2.8986842192101396, -2.7869656808066767, -0.5747494757698135, -1.1445730242575527, -1.7621439640018197, -1.66536826851143, -7.933722861052376, 7.7763791288156865, 1.6922616485799495, -0.977916876934244, 2.811715742723135, -0.032071842791243074, -3.213796972671046] 
[-2.9093592207145615, 2.913845658840945, -2.8021271204374822, -0.589910915400619, -1.1294115846267472, -1.7773054036326252, -1.6805297081422355, -7.9229649518224035, 7.757852765652705, 1.6651826896177961, -1.0057222558855927, 2.7880713043867487, -0.05011525516929566, -3.1993271107525634] 
[-2.896610471051103, 2.9010969091774865, -2.7893783707740236, -0.5771621657371604, -1.1421603342902058, -1.7900541532960839, -1.6677809584787768, -7.933820055871821, 7.7662986793780435, 1.6561615435852646, -0.9983853043317602, 2.7747722322008412, -0.06435896790070046, -3.1872305689143823] 
[-2.9076441148582877, 2.9121305529846713, -2.8004120145812084, -0.5661285219299756, -1.1531939780973905, -1.7790205094888991, -1.6788146022859616, -7.94348325689313, 7.7721165174827895, 1.6426081591027766, -1.011853551636521, 2.781212233133722, -0.07477447722567532, -3.1986733659815747] 
[-2.9074569478607675, 2.911943385987151, -2.800224847583688, -0.5659413549324555, -1.1530068110998704, -1.7792076764864193, -1.6786274352884414, -7.943742049519983, 7.771799230552551, 1.6422642860206946, -1.0121828317242838, 2.780980279172721, -0.07463204786422838, -3.1988544399399244] 
[-2.8647495741219178, 2.8692360122483014, -2.842932221322538, -0.5232339811936058, -1.19571418483872, -1.7365003027475696, -1.6359200615495917, -7.886361324947077, 7.83675101404631, 1.6867479895228858, -1.0549787354664713, 2.72084289462342, -0.12886232996711047, -3.2438786322940527] 
[-2.894011738176589, 2.83997384819363, -2.8136700572678666, -0.5524961452482771, -1.1664520207840487, -1.765762466802241, -1.6066578974949204, -7.861783810329927, 7.8189552780618445, 1.7069518637088352, -1.073951187615177, 2.7513084247238098, -0.09484303164101932, -3.2138165184719223] 
[-2.865990934853956, 2.867994651516263, -2.8416908605904996, -0.524475341925644, -1.1384312174614157, -1.793783270124874, -1.6346787008175534, -7.841083794628159, 7.7876694069295045, 1.6772123922975417, -1.0479303060830387, 2.7809056523254876, -0.11799324556986031, -3.1861160736746714] 
[-2.8883586126008165, 2.8456269737694027, -2.819323182843639, -0.5021076641787836, -1.1160635397145553, -1.7714155923780135, -1.6570463785644138, -7.860790166114007, 7.797826899271414, 1.6488421896793768, -1.0825582555883577, 2.754589643521104, -0.10077119284402844, -3.2080344717510636] 
[-2.8858615351024905, 2.8431298962710767, -2.821820260341965, -0.49961058668045766, -1.1135664622162293, -1.7689185148796875, -1.6595434560627398, -7.864013350307575, 7.794796948720639, 1.6497365808760887, -1.085537617254295, 2.7509997121895156, -0.1039285573377287, -3.2106486152608618] 
[-2.868849036851012, 2.8601423945225553, -2.8388327585934436, -0.4825980884289791, -1.0965539639647508, -1.751906016628209, -1.6425309578112612, -7.878484678458436, 7.805307654846962, 1.6386168718354523, -1.0739567727498254, 2.73855270316333, -0.08947699475923693, -3.227106724656691] 

Time 
29.09846806526184 
