Parameters 
 
[-0.5, -0.5, -0.5, -0.5, -0.5, -0.5, -0.5, -0.5, -0.5, -0.5, -0.5, -0.5, -0.5, -0.5] 
[-0.9212071560086729, -0.07879284399132713, -0.07879284399132713, -0.07879284399132713, -0.9212071560086729, -0.9212071560086729, -0.07879284399132713, -0.047073376349572704, -0.5753905202066968, 0.32884722628604834, -1.5286365775815072, 0.3162769661268964, -0.5413460067894866, -0.06352665247562866] 
[-0.7365801569129585, -0.26341984308704147, -0.26341984308704147, -0.26341984308704147, -0.7365801569129585, -0.7365801569129585, 0.1058341551043872, 0.8703133034705464, -1.4984224316028465, 0.5422148698314779, -1.3360107156580532, -0.2039178616711914, 0.13845979802445507, -0.5745791532235176] 
[-0.8480412609969336, -0.15195873900306645, -0.3748809471710165, -0.15195873900306645, -0.8480412609969336, -0.8480412609969336, -0.00562694897958782, 0.5564158081763806, -1.1863030034696607, 0.5579549722969512, -1.1811281274073813, -0.4575922963248831, 0.3744230911941778, -0.5798808071391771] 
[-0.8532569409669425, -0.1467430590330575, -0.36966526720100756, -0.1467430590330575, -0.8428255810269246, -0.8428255810269246, -0.010842628949596755, 0.5606398857979308, -1.1849654291538712, 0.5659681082087988, -1.189295583786583, -0.45668103532969734, 0.3634803095073602, -0.5692367073265093] 
[-0.7155446802013249, -0.2844553197986751, -0.23195300643538996, -0.2844553197986751, -0.705113320261307, -0.9805378417925422, 0.12686963181602084, 1.1239076746248742, -1.7559291190807578, 0.7157973849109154, -1.0788006823674121, -0.74063902998911, 0.6407112485800653, -0.569218544279868] 
[-0.7807322697420574, -0.21926773025794255, -0.2971405959761225, -0.34964290933940767, -0.6399257307205745, -1.045725431333275, 0.1920572213567534, 1.1802285472318028, -1.7418474967160607, 0.7916835804046999, -1.1430260657093125, -0.8225319490075877, 0.7275420628761773, -0.5585258415511067] 
[-0.7878403306848981, -0.22637579120078322, -0.29003253503328186, -0.35675097028224834, -0.6470337916634151, -1.0528334922761156, 0.19916528229959407, 1.1546685039437254, -1.7149867112486568, 0.7768323138174406, -1.1289675948770643, -0.8338093899208847, 0.7292334140542438, -0.5667862553664511] 
[-0.921953862110639, -0.3604893226265241, -0.42414606645902275, -0.49086450170798923, -0.781147323089156, -0.9187199608503747, 0.33327881372533497, 0.6617858743080753, -1.1955934827410204, 0.48137814750786456, -0.8128739317270872, -1.226405179299113, 1.3516897443569413, -1.123867758331751] 
[-0.7255831675370369, -0.164118628052922, -0.6205167610326249, -0.2944938071343871, -0.9775180176627581, -1.1150906554239768, 0.13690811915173284, -0.11307578965167031, -0.41968916390542643, 0.4720089752749208, -0.650884505346072, -1.1032773411527836, 1.414913069739023, -0.9612174574791095] 
[-0.5073214318879183, -0.38238036370204054, -0.8387784966817434, -0.07623207148526856, -0.7592562820136396, -0.8968289197748582, 0.3551698548008514, -0.03686374944361344, -0.20270519109013913, -0.016864224696715446, -0.19722663003034474, -0.853557458628402, 1.1532940622424175, -1.049368070078087] 
[-0.4591247376260589, -0.4305770579639, -0.790581802419884, -0.12442876574712802, -0.8074529762754991, -0.9450256140367177, 0.30697316053899193, 0.016023584641819237, -0.21311148806865365, 0.14261931246734894, -0.3556599936974154, -0.8401358080254631, 1.2481305792097432, -1.1479589593874449] 
[-0.24631982197457603, -0.6433819736153829, -0.5777768867684011, 0.08837614990435483, -1.020257891926982, -0.7322206983852348, 0.5197780761904748, 0.07027261550648357, 0.18060693213139994, -0.6277373854343709, 0.3526063296879868, -0.869034870037117, 1.721916471611828, -1.6138345480658263] 
[-0.21644744487583345, -0.6135095965166403, -0.5479045096696585, 0.1182485270030974, -0.9903855148282394, -0.7620930754839774, 0.5496504532892174, 0.04454125616493922, 0.15938037537531863, -0.6351774304451246, 0.32483613332310707, -0.8984104250529001, 1.7194281897282166, -1.6429516185761786] 
[-0.13556789015933013, -0.6943891512331436, -0.4670249549531552, 0.19912808171960072, -0.9095059601117361, -0.6812135207674741, 0.6305300080057207, 0.09094165471052443, 0.35573559120114706, -0.8927288380087349, 0.5197201336214404, -0.8064526763597155, 1.7189018836724996, -1.5619021479251516] 
[-0.39324403084446125, -0.4367130105480125, -0.7247010956382863, 0.45680422240473184, -1.1671821007968672, -0.9388896614526052, 0.8882061486908518, -0.1957696993629833, 0.6353030710554607, -0.8787998863496262, 0.7717422865915584, -0.8150269797584191, 1.3498762605610837, -1.1889503150309635] 
[-0.5387342641746117, -0.29122277721786205, -0.5792108623081359, 0.3113139890745814, -1.0216918674667168, -0.7933994281224548, 1.0336963820210023, -0.1384242405862471, 0.8891590557053981, -1.3173547922863604, 1.177622608077262, -0.6302654762750365, 1.3773025963415717, -1.0489427810237286] 
[-0.4639535932978437, -0.21644210634109406, -0.6539915331849039, 0.23653331819781342, -1.0964725383434848, -0.8681800989992228, 0.9589157111442344, 0.02381208670893234, 0.7112037141061593, -1.203690416971009, 1.1732565475672176, -0.797800916568052, 1.5391327178586158, -1.0049633679854528] 
[-0.4053897428832415, -0.15787825592649185, -0.5954276827703017, 0.1779694677832112, -1.0379086879288826, -0.926743949413825, 0.9003518607296321, 0.13323477579901216, 0.594834275458861, -1.1381977214246704, 1.1919693445436892, -0.8215940296337158, 1.4797606534903007, -0.9345122782941769] 
[-0.21784205298363346, -0.34542594582609987, -0.7829753726699097, -0.009578222116396806, -1.2254563778284906, -1.114291639313433, 1.0878995506292402, 0.005145016549336773, 0.4421714059415144, -1.0127752825102012, 1.3394294023891882, -0.4417192389885105, 1.1234909189787166, -1.032131393211024] 
[-0.12706434608167327, -0.43620365272806005, -0.8737530795718699, 0.08119948478556338, -1.1346786709265304, -1.2050693462153932, 0.99712184372728, 0.09375589015937105, 0.45282671927959844, -0.7477546360994412, 1.0731324733950809, -0.6042504739797256, 1.2979628454561862, -1.1475258132279802] 
[-0.05451319889876316, -0.36365250554514994, -0.94630422675478, 0.008648337602653267, -1.0621275237436203, -1.2776204933983033, 1.06967299091019, 0.038570343764669585, 0.30163304778504424, -0.4318870563322149, 0.7805791230195533, -0.6594492289910998, 1.224337924475108, -1.0592118374222967] 
[-0.06904452545569917, -0.34912117898821393, -0.960835553311716, -0.005882988954282742, -1.0475961971866843, -1.2630891668413673, 1.084204317467126, 0.05406770137318856, 0.28266262766187583, -0.41431045171861125, 0.7817583704328102, -0.6699560735601322, 1.2084043246076301, -1.0411116358727845] 
[0.01979208794528653, -0.43795779238919963, -0.8719989399107303, -0.09471960235526844, -1.13643281058767, -1.1742525534403816, 1.1730409308681118, -0.0361390697359109, 0.30379797316712936, -0.03806928214662958, 0.40324292463558464, -0.7327176297338546, 1.1114443465359158, -0.9306847143035129] 
[-0.16087494435015237, -0.25729076009376073, -0.6913319076152914, 0.08594742994017046, -1.3170998428831089, -0.9935855211449427, 1.3537079631635507, 0.1477113121718151, 0.48141117822961255, -0.014792803481462922, 0.5610760898374921, -0.46841395952405923, 0.8600713667787823, -1.0735552149176115] 
[-0.18442116697237843, -0.23374453747153467, -0.6677856849930653, 0.10949365256239652, -1.2935536202608828, -0.9700392985227166, 1.3772541857857767, 0.1175744623054854, 0.5239562788036762, -0.08884976709515227, 0.6298990807861635, -0.4814583853734499, 0.8422869094643273, -1.0492033465714785] 
[-0.13754546026699976, -0.28062024417691334, -0.714661391698444, 0.15636935926777518, -1.2466779135555042, -1.0169150052280953, 1.4241298924911554, 0.06410587951372324, 0.560913776513464, 0.019976989670554904, 0.5154062540338775, -0.5858466880727574, 0.9437324459732422, -1.0067330004921895] 
[-0.24386713977096164, -0.17429856467295146, -0.8209830712024059, 0.0500476797638133, -1.1403562340515423, -1.1232366847320572, 1.5304515719951173, 0.1550578466104197, 0.6775729346144637, -0.08774116939027672, 0.4787906618353295, -0.5137526588552335, 1.0104422119743217, -0.9030519283980422] 
[-0.25697291281845736, -0.16119279162545574, -0.8078772981549102, 0.036941906716317585, -1.153462007099038, -1.136342457779553, 1.543557345042613, 0.17260700811843677, 0.6588874296786731, -0.07547683774675797, 0.48293671300898433, -0.522999195133851, 1.0007673891309883, -0.8897993645519429] 
[-0.13301278628476865, -0.03723266509176704, -0.9318374246885989, -0.08701821981737112, -1.0295018805653493, -1.0123823312458642, 1.6675174715763017, 0.3518215868376537, 0.4386267170331366, 0.40317290449963633, 0.018589754181923046, -0.43854773555916055, 1.0910214376698766, -0.7667430174268381] 
[-0.10312428077582048, -0.0073441595828188655, -0.9019489191796507, -0.1169067253263193, -1.0593903860742975, -1.0422708367548124, 1.6974059770852499, 0.38632837993969876, 0.40377934334759963, 0.42070323603752563, 0.03501385040293863, -0.4589385600278017, 1.0690569237597072, -0.7975584070279219] 
[-0.05473603352973633, 0.04104408766326528, -0.8535606719335666, -0.06851847808023515, -1.0110021388282133, -1.0906590840008965, 1.6490177298391657, 0.4403719523477917, 0.34884064160099437, 0.6386563949614077, -0.18229181838210953, -0.4844528924323125, 1.034295140651551, -0.7510252436085149] 
[-0.0038014840930679084, -0.009890461773403136, -0.904495221370235, -0.017583928643566726, -1.0619366882648817, -1.039724534564228, 1.5980831804024973, 0.4883640631686767, 0.4026697124079148, 0.843550551304545, -0.3853071027611736, -0.5614795202090047, 1.1135398603494462, -0.7990433919933312] 
[0.09052548958076934, 0.08443651190043411, -0.8101682476963977, 0.07674304503027052, -1.156263661938719, -1.1340515082380653, 1.50375620672866, 0.5830521887347015, 0.307661968557741, 0.8960345102345492, -0.33132960118615484, -0.7315533148207596, 1.2841806486222238, -0.7027606653458323] 
[0.14880614651873636, 0.14271716883840113, -0.8684489046343647, 0.13502370196823754, -1.214544318876686, -1.0757708513000983, 1.562036863666627, 0.6473386824559149, 0.3743343502013319, 0.9409524311690466, -0.30739850668866925, -0.8265510082754803, 1.3806154964744604, -0.7633989991098366] 
[0.16070357265997715, 0.13081974269716035, -0.8803463307756055, 0.12312627582699676, -1.2264417450179268, -1.087668277441339, 1.5739342898078679, 0.6363285433117674, 0.38038058777068545, 0.8943418547089605, -0.2602994966521041, -0.8165044441085221, 1.3880487174384946, -0.7515215551053338] 
[-0.020061534916602564, -0.04994536487941936, -0.6995812231990258, 0.30389138340357646, -1.045676637441347, -1.2684333850179188, 1.7546993973844476, 0.4823209157872691, 0.5490426772616976, 1.0446861222323132, -0.2019637099132668, -1.1338715296681767, 1.7063719726133413, -0.9319880452007971] 
[-0.05670153119908583, -0.013305368596936096, -0.6629412269165426, 0.2672513871210932, -1.0823166337238304, -1.305073381300402, 1.7913393936669308, 0.5197247158144491, 0.5109195371918951, 1.0638992119615567, -0.17119122537181014, -1.0822738307657678, 1.659897341863164, -0.8994153265447413] 
[-0.173329676188115, -0.12993351358596528, -0.5463130819275134, 0.3838795321101224, -0.9656884887348012, -1.4217015262894312, 1.6747112486779017, 0.3959088033119573, 0.6377636796978458, 0.7582786101867549, 0.14498835326549603, -0.8964186920075004, 1.4884654181414414, -1.0330250497663693] 
[-0.23172870948175095, -0.07153448029232934, -0.48791404863387744, 0.32548049881648644, -1.0240875220284371, -1.4801005595830672, 1.7331102819715376, 0.32318690572048075, 0.7215185612570572, 0.6398035218956245, 0.25163708674419516, -0.9422442893912976, 1.5488533678191785, -1.0879003772035933] 
[-0.23234315594798616, -0.07214892675856455, -0.48729960216764223, 0.32609494528272165, -1.023473075562202, -1.4807150060493024, 1.7324958355053024, 0.32369183180609995, 0.7219966637610267, 0.6401400620525354, 0.25219805450866584, -0.9415931024087797, 1.5494758444928598, -1.087233849227474] 
[-0.15179120189857442, -0.15270088080797628, -0.567851556217054, 0.24554299123330992, -1.1040250296116136, -1.5612669600987141, 1.6519438814558907, 0.4291189508209026, 0.6136833306794922, 0.6973977357256154, 0.3200262576131959, -0.8560036563354675, 1.6175519493057968, -1.162105326112766] 
[-0.06719903775648361, -0.2372930449500671, -0.48325939207496316, 0.1609508270912191, -1.1886171937537044, -1.4766747959566233, 1.7365360455979815, 0.328111199433345, 0.7235236995992453, 0.6173052563999166, 0.28429601661709547, -0.7739762677736348, 1.5290794670055825, -1.2499245339198484] 
[-0.004965901639302994, -0.2995261810672477, -0.42102625595778254, 0.09871769097403849, -1.1263840576365238, -1.4144416598394427, 1.6743029094808008, 0.26064118405434183, 0.8037616892719918, 0.5518146761634398, 0.2542234222018751, -0.7179656373551414, 1.582881177025512, -1.3088619615958639] 
[-0.1643111600312953, -0.1401809226752554, -0.2616809975657902, 0.2580629493660308, -1.2857293160285161, -1.2550964014474504, 1.8336481678727932, 0.4204572584243537, 0.7045335384644866, 0.32576077344106547, 0.49465194013718433, -0.8927983936731416, 1.7600361028637925, -1.460433835252986] 
[-0.18035272813240055, -0.15622249077636063, -0.27772256566689546, 0.24202138126492556, -1.269687747927411, -1.2711379695485556, 1.817606599771688, 0.40717292288719176, 0.6875102509985705, 0.3492937204870502, 0.4735574848895145, -0.8816071246633607, 1.771796118934471, -1.4756585508186326] 
[-0.08070268856745144, -0.05657245121141152, -0.17807252610194635, 0.14237134169997645, -1.36933778749236, -1.3707880091135047, 1.917256639336637, 0.5250326675514586, 0.5847421284689527, 0.22860189597985486, 0.6111172158561939, -0.7912616441151035, 1.840147848851962, -1.5705766711544855] 
[-0.10486944905863183, -0.0807392117025919, -0.20223928659312673, 0.16653810219115683, -1.3451710270011796, -1.3466212486223244, 1.8930898788454567, 0.5028032774351664, 0.5606712736774743, 0.2591290667325963, 0.5824112613257121, -0.7624568010832824, 1.8119148218099, -1.5482900341064814] 
[0.004006829584452309, 0.028137066940492228, -0.0933630079500426, 0.27541438083424097, -1.2362947483580955, -1.4554975272654085, 1.7842136002023725, 0.4031574190914701, 0.4722033367335712, 0.13171169734086463, 0.7115262100063282, -0.8978432102459479, 1.957938072909226, -1.429325400820707] 
[0.06985008283868155, 0.09398032019472147, -0.15920626120427184, 0.20957112758001173, -1.1704514951038663, -1.3896542740111792, 1.7183703469481433, 0.4687445118968605, 0.40824689361232513, 0.18969397202908414, 0.7792071515960792, -0.8186733862866762, 1.8880303056095475, -1.3683108321126851] 
[0.09921230097416711, 0.12334253833020703, -0.1885684793397574, 0.18020890944452617, -1.1410892769683807, -1.3602920558756937, 1.7477325650836288, 0.4373944366399227, 0.37963858422750635, 0.2214185206665785, 0.7467772631437608, -0.7958140370694214, 1.9121043426018265, -1.3963160268391663] 
[0.17427946686639573, 0.048275372437978414, -0.11350131344752878, 0.10514174355229755, -1.2161564428606093, -1.4353592217679223, 1.6726653991914002, 0.5063973593658979, 0.31794560553473705, 0.27623041446944896, 0.8169152070334993, -0.7262503953538453, 1.969081359337603, -1.467297385266966] 
[0.07682846780304786, -0.04917562662536945, -0.01605031438418092, 0.20259274261564542, -1.3136074419239572, -1.5328102208312702, 1.5752144001280524, 0.5903525053131989, 0.24002342335190444, 0.3818656118452038, 0.7114614028675559, -0.6190596791479838, 1.861410671245206, -1.3736137593558806] 
[0.04736834121358158, -0.019715500035903166, 0.013409812205285365, 0.17313261602617913, -1.3430675685134235, -1.5033500942418039, 1.545754273538586, 0.5585504928599072, 0.20947447889167684, 0.35433490534729495, 0.6839251545584256, -0.5899122683095643, 1.8309349613027792, -1.3441878563679204] 
[0.04654938433707756, -0.01889654315939915, 0.012590855328781347, 0.1723136591496751, -1.3422486116369194, -1.504169051118308, 1.544935316662082, 0.5576915787032765, 0.20863045532409782, 0.3535428656351577, 0.6847049337387813, -0.5906507239863547, 1.8301591192123532, -1.3433645235961833] 
[0.06238032624959289, -0.00306560124688382, 0.028421797241296676, 0.18814460106219044, -1.3264176697244041, -1.5199999930308232, 1.5291043747495667, 0.572832606575342, 0.19380133332192023, 0.3377855659641992, 0.668075600526548, -0.6061736448864156, 1.8152268306786017, -1.3274462949530845] 
[0.015285672767626157, -0.05016025472885055, 0.0755164507232634, 0.23523925454415717, -1.3735123232063708, -1.4729053395488565, 1.5761990282315335, 0.5225981173778745, 0.14343468832422795, 0.38369009952104727, 0.6199259911600329, -0.6578238651402574, 1.8643518381194786, -1.2808464080854616] 
[0.02804136543130753, -0.03740456206516918, 0.08827214338694478, 0.24799494720783855, -1.3862680158700522, -1.4601496468851751, 1.5889547208952148, 0.5351524710112252, 0.13024583890424818, 0.39618867136901353, 0.6074190894523355, -0.672466564977795, 1.8784856801035128, -1.2680758198930113] 
[0.03159877600977723, -0.03384715148669948, 0.08471473280847508, 0.24443753662936885, -1.3827106052915825, -1.4565922363067054, 1.5925121314736845, 0.5314883175206503, 0.12643605196458974, 0.40020938890877306, 0.6111830768226317, -0.6755157810074099, 1.875260869074844, -1.2645290873034256] 
[-0.05214473041464884, 0.049896354937726595, 0.0009712263840490065, 0.16069403020494277, -1.2989670988671564, -1.3728487298822794, 1.5087686250492585, 0.45040805549589896, 0.2107815398880451, 0.3063847429924854, 0.5229639070377704, -0.6040395951241444, 1.9515797705289528, -1.1804777389657928] 
[-0.04776274299054506, 0.04551436751362281, 0.00535321380815279, 0.156312042780839, -1.2945851114430527, -1.3684667424581756, 1.5131506124733622, 0.4550426897864112, 0.20592819488285827, 0.30176506901799954, 0.527191566342332, -0.6075290042382603, 1.947777768672548, -1.1760337090398638] 
[-0.0304659408194351, 0.02821756534251285, 0.02265001597926275, 0.13901524060972903, -1.2772883092719427, -1.3511699402870656, 1.5304474146444722, 0.43857280116221575, 0.18859071491959556, 0.28358504570269494, 0.5091506802018596, -0.6227936471463965, 1.933126480865491, -1.1585114017076188] 
[-0.010286721438812374, 0.04839678472313558, 0.0024707965986400238, 0.1188360212291063, -1.25710908989132, -1.3309907209064429, 1.5102681952638495, 0.45813752394342344, 0.20877182250259566, 0.3047820077718679, 0.5291664460907236, -0.6387297276220174, 1.916466315777596, -1.178500863060192] 
[-0.04916699647646794, 0.08727705976079114, -0.03640947843901554, 0.07995574619145074, -1.2959893649289755, -1.3698709959440984, 1.549148470301505, 0.41963426582447755, 0.17207737685542307, 0.3417891586235431, 0.4891649382456825, -0.6718579727940298, 1.884302177624195, -1.1390374035891293] 
[0.07156982062077433, -0.033459757336451124, 0.08432733865822672, -0.04078107090579153, -1.1752525478317333, -1.4906078130413407, 1.6698852873987473, 0.5351934077416894, 0.2778302780011398, 0.2345963287865227, 0.36901289301688145, -0.8237518134862192, 2.0334327066590863, -1.0191589458127295] 
[0.0417595844278803, -0.0036495211435570996, 0.11413757485112075, -0.010970834712897504, -1.2050627840246273, -1.5204180492342347, 1.6996955235916413, 0.5074517077123016, 0.3067735193647123, 0.20104167742818796, 0.33593641220101983, -0.795389975314639, 2.060054035461696, -1.0479577036387766] 
[0.023589167920371357, 0.014520895363951847, 0.0959671583436118, -0.02914125122040645, -1.2232332005321362, -1.5385884657417437, 1.6815251070841324, 0.5264162158144007, 0.3257949665383221, 0.18466779755112772, 0.3523168660431405, -0.8145622818753171, 2.0800023108039074, -1.0288714036511162] 
[0.006080808354679168, -0.002987464201740342, 0.11347551790930399, -0.011632891654714261, -1.2407415600978284, -1.5210801061760515, 1.6640167475184402, 0.5084903111154495, 0.3080907435696627, 0.20037139836198778, 0.33614317307509795, -0.7974290168803728, 2.097675800043224, -1.0106981934388155] 
[-0.0150351623237438, 0.018128506476682626, 0.09235954723088102, 0.009483079023708707, -1.2618575307762514, -1.5421960768544745, 1.6429007768400172, 0.48724549514260973, 0.28690167528884164, 0.1814754865162426, 0.35519537116321215, -0.8176375486559836, 2.076854683008167, -1.0324415302442511] 
[-0.03282552162047636, 0.0003381471799500657, 0.07456918793414846, 0.027273438320441268, -1.279647890072984, -1.524405717557742, 1.6606911361367498, 0.5053021334809297, 0.2691876771669611, 0.20074558536659187, 0.374710230602846, -0.8358809067656934, 2.0955404972094622, -1.0142420403182213] 
[-0.009944269805141626, -0.02254310463538467, 0.051687936118813727, 0.050154690135776, -1.2567666382576492, -1.5015244657424072, 1.637809884321415, 0.5274565296163337, 0.2913346602150153, 0.1794718655665531, 0.39619561515744645, -0.8117413976588053, 2.0709820268252828, -1.0377554779060822] 
[0.052525151530084746, 0.0399263166998417, 0.1141573574540401, 0.11262411147100237, -1.1942972169224229, -1.5639938870776335, 1.5753404629861887, 0.5893239968533657, 0.35188380259325114, 0.23745586845228278, 0.3356674210919205, -0.8796343517393153, 2.1392334424553043, -0.9738776905830214] 
[-0.024867119537534843, -0.03746595436777789, 0.1915496285216597, 0.19001638253862196, -1.2716894879900424, -1.486601616010014, 1.6527327340538083, 0.5159783117885454, 0.4290216336555951, 0.3281907968867527, 0.426632183043445, -0.7989902975313703, 2.215989712948015, -1.0511417261204907] 
[-0.05185241907892191, -0.010480654826390823, 0.16456432898027262, 0.21700168208000903, -1.2447041884486554, -1.513586915551401, 1.6797180335951953, 0.5436732080027145, 0.40046311154503916, 0.3522676900976537, 0.40544502880927275, -0.7751963240238446, 2.2417606907187997, -1.0235371111911762] 
[-0.03820284735412727, -0.024130226551185463, 0.15091475725547798, 0.23065125380480367, -1.25835376017345, -1.5272364872761957, 1.6660684618704007, 0.5292710843620353, 0.41498375715634833, 0.3401936134093255, 0.41623081309385557, -0.7888984196012058, 2.2566275472377386, -1.0093706717418172] 
[0.05107920431276469, 0.0651518251157065, 0.24019680892236994, 0.1413692021379117, -1.347635811840342, -1.6165185389430876, 1.5767864102035087, 0.4365389684664222, 0.5053411188007859, 0.4436255285874144, 0.5276565029749758, -0.6880009174843826, 2.160585077442884, -1.1014584214200203] 
[0.06749296166645735, 0.04873806776201384, 0.22378305156867728, 0.15778295949160437, -1.3312220544866493, -1.600104781589395, 1.560372652849816, 0.41930942187991815, 0.4893291363774344, 0.46388702072996035, 0.5483310835745829, -0.7045440603897017, 2.143463006856884, -1.0850673386389418] 
[0.10853809384863411, 0.007692935579837079, 0.18273791938650052, 0.19882809167378113, -1.372267186668826, -1.6411499137715717, 1.5193275206676393, 0.4634332497421034, 0.5350331210938197, 0.4994724196074085, 0.5134941436272417, -0.7480468741466442, 2.1010931147689367, -1.0439174546530452] 
[0.09701297184226931, -0.0038321864265277172, 0.19426304139286532, 0.18730296966741633, -1.3607420646624613, -1.629624791765207, 1.5078023986612745, 0.4763666711275177, 0.5480341788066755, 0.5094405387250013, 0.5042048166848107, -0.7360362199341591, 2.1135475688808705, -1.055568634244086] 
[0.10855649313741822, 0.007711334868621189, 0.18271952009771641, 0.19884649096256524, -1.3722855859576102, -1.618081270470058, 1.4962588773661256, 0.4868872905678908, 0.5374735740615694, 0.5190900105479996, 0.49401019055736106, -0.7486692815830212, 2.10113693049409, -1.0438624881836547] 
[0.11131658450175863, 0.004951243504280778, 0.179959428733376, 0.19608639959822483, -1.3750456773219506, -1.6208413618343984, 1.499018968730466, 0.48439506292916584, 0.5399460059666863, 0.5167484789287287, 0.49625544537897975, -0.7512213827234466, 2.1038221571642888, -1.0466619704098459] 
[0.11261699365623301, 0.006251652658755158, 0.18125983788785038, 0.19478599044375045, -1.376346086476425, -1.6221417709888728, 1.4977185595759916, 0.48585884912649524, 0.541416738741803, 0.5183427893276644, 0.4978889918504613, -0.7497932897720936, 2.1052096841225443, -1.047981709835019] 
[0.14837967708691935, 0.042014336089441495, 0.14549715445716405, 0.23054867387443678, -1.3405834030457386, -1.6579044544195591, 1.533481243006678, 0.45367881824442235, 0.5732974229629776, 0.47485727168101305, 0.45312028527886034, -0.7855479428454888, 2.1387087399396174, -1.01269100974829] 
[0.11107663107473897, 0.07931738210162187, 0.10819410844498367, 0.1932456278622564, -1.3032803570335583, -1.6952075004317395, 1.5707842890188584, 0.4977297116718055, 0.6189819396518683, 0.5204740125678899, 0.4987579496530789, -0.7486899146217338, 2.1047589749451823, -1.0497061453177736] 
[0.13568959083594223, 0.10393034186282513, 0.13280706820618693, 0.21785858762345967, -1.3278933167947615, -1.6705945406705363, 1.5953972487800616, 0.5196368368660047, 0.5944947172181649, 0.4911582778634333, 0.4723874360621743, -0.7221509709571069, 2.1324888292014625, -1.0250932731116549] 
[0.12141322568797464, 0.08965397671485753, 0.14708343335415452, 0.23213495277142726, -1.313616951646794, -1.6848709058185039, 1.6096736139280292, 0.5032939038916527, 0.5791348880823604, 0.5021057044253213, 0.45866928651160704, -0.7386371813933159, 2.1165712083229873, -1.039463345507596] 
[0.11628508043576702, 0.08452583146264991, 0.15221157860636214, 0.22700680751921964, -1.3084888063945863, -1.6899990510707115, 1.6148017591802368, 0.5078011281474062, 0.5739875154207543, 0.49570262426358314, 0.45287975505321115, -0.7343497769286075, 2.1118515537589904, -1.0446378464385428] 
[0.12277629958695002, 0.09101705061383292, 0.15870279775754514, 0.22051558836803664, -1.3149800255457693, -1.6964902702218945, 1.6083105400290538, 0.5150729754910494, 0.5807398309970571, 0.4887099166934415, 0.4456711488280331, -0.7289413856439615, 2.105891280469302, -1.0511965740849545] 
[0.10119104799882905, 0.11260230220195389, 0.1802880493456661, 0.19893033677991567, -1.2933947739576483, -1.6749050186337735, 1.5867252884409329, 0.4960592448394638, 0.6018245844356553, 0.5091249214321227, 0.42582158129017805, -0.7545489589637984, 2.0810700261606945, -1.073015525781505] 
[0.08111138208512358, 0.13268196811565935, 0.16020838343196064, 0.1788506708662102, -1.2733151080439429, -1.654825352720068, 1.6068049543546383, 0.5140113246928524, 0.580628991368665, 0.4825929045230842, 0.4022258866364905, -0.7335480800886763, 2.1032948231168596, -1.0528394384199022] 
[0.07994445174585707, 0.13151503777639284, 0.16137531377122716, 0.1776837405269437, -1.2721481777046764, -1.6559922830593345, 1.6056380240153718, 0.5127515860408179, 0.5794733703636393, 0.48345700378719214, 0.40124642086360224, -0.7325182719808094, 2.1021968185593156, -1.0540179143685529] 
[0.09248585760199035, 0.11897363192025956, 0.17391671962736044, 0.19022514638307697, -1.259606771848543, -1.6685336889154678, 1.5930966181592385, 0.5265044408743543, 0.594775300066214, 0.49641411995091694, 0.39130557334643273, -0.7214303163131344, 2.0904136540238207, -1.0666796519148305] 
[0.08115265752139422, 0.10764043183966343, 0.1625835195467643, 0.2015583464636731, -1.248273571767947, -1.679866888996064, 1.6044298182398347, 0.5391053257319305, 0.6085993786686098, 0.5078860067315684, 0.3825900186344342, -0.7094677139855391, 2.102761635383418, -1.0779289474120959] 
[0.07072299896306788, 0.09721077328133709, 0.15215386098843797, 0.19112868790534676, -1.2378439132096206, -1.6694372304377376, 1.5940001596815083, 0.5278279892385628, 0.5980815577564692, 0.5156531269148986, 0.3727522688697164, -0.719572874449954, 2.112059679690179, -1.088260091943898] 
[0.05258548029615284, 0.11534829194825214, 0.13401634232152293, 0.17299116923843172, -1.2559814318765357, -1.6512997117708226, 1.5758626410145933, 0.5449089050090362, 0.5830581486304081, 0.5356413117780152, 0.3949551450255669, -0.7015673530401335, 2.095703404873012, -1.0702460022335458] 
[0.05720321555862029, 0.11996602721071958, 0.13863407758399038, 0.17760890450089917, -1.2513636966140682, -1.6466819765083551, 1.5712449057521258, 0.5405552840937466, 0.5881166508467153, 0.541506636382782, 0.40009035220159234, -0.706288999672243, 2.090722788301242, -1.0748715254303276] 
[0.057776886703007624, 0.12053969835510692, 0.1392077487283777, 0.17703523335651183, -1.2519373677584555, -1.6461083053639678, 1.5718185768965132, 0.5411605563071937, 0.5886733888707592, 0.5410732189643999, 0.4006410923113525, -0.7056411781046787, 2.0913422740995404, -1.0754451095611708] 
[0.06262515078627218, 0.12538796243837147, 0.13435948464511316, 0.17218696927324728, -1.25678563184172, -1.6509565694472323, 1.5766668409797777, 0.5359832563615016, 0.5829336315448046, 0.5360709443326395, 0.4045376384237878, -0.7106420155175849, 2.086143842488989, -1.0705985066359196] 
[0.06973213794713573, 0.11828097527750792, 0.1272524974842496, 0.16507998211238373, -1.2496786446808565, -1.6438495822863688, 1.5837738281406413, 0.5292347060567286, 0.5887062226048723, 0.5286704904922347, 0.3968433754640129, -0.7033633529732932, 2.0938098382591908, -1.0634776637536685] 
[0.08132179346911983, 0.12987063079949202, 0.1388421530062337, 0.17666963763436783, -1.2380889891588724, -1.6322599267643847, 1.5721841726186572, 0.541782249229733, 0.602550768016317, 0.5405466481842327, 0.3861436158479756, -0.7147616830952452, 2.1046683324991284, -1.0518436511292262] 
[0.09348420841330196, 0.11770821585530988, 0.12667973806205157, 0.18883205257854996, -1.2259265742146903, -1.6200975118202026, 1.5843465875628393, 0.5286835358490559, 0.5909266779142689, 0.5530110914843532, 0.3993787711341714, -0.7255120093900876, 2.116210836229256, -1.0640008440291167] 
[0.10088503147407935, 0.12510903891608727, 0.11927891500127419, 0.18143122951777257, -1.2333273972754677, -1.6126966887594252, 1.5917474106236167, 0.536758897377837, 0.5982030821795951, 0.5454841855703879, 0.3915073294883334, -0.7182529497829074, 2.123976369749522, -1.056564491431112] 
[0.11287892721558379, 0.11311514317458282, 0.13127281074277863, 0.19342512525927702, -1.2213335015339633, -1.6246905845009296, 1.6037413063651211, 0.5475112927797088, 0.5857789860409703, 0.5332776658705655, 0.40286415312808965, -0.7050959628698431, 2.1365654914899945, -1.0444833492340362] 
[0.12431587788470566, 0.12455209384370469, 0.11983586007365676, 0.2048620759283989, -1.2098965508648414, -1.6361275351700515, 1.5923043556959993, 0.5347451275541729, 0.5739024653180603, 0.542174206066776, 0.39330675250371705, -0.6936927594937163, 2.148441527134631, -1.0557865553176267] 
[0.1193794540975236, 0.12948851763088676, 0.12477228386083883, 0.19992565214121683, -1.2148329746520234, -1.6311911113828694, 1.5972407794831813, 0.5404529121921395, 0.5801718886825702, 0.5473278373962825, 0.3885704066827284, -0.6992799488097045, 2.14320808702436, -1.0508897907836907] 
[0.11907259854345853, 0.1291816620768217, 0.1250791394149039, 0.2002325076952819, -1.2151398302060885, -1.6308842558288044, 1.5975476350372464, 0.5407226108045777, 0.5798572634098177, 0.5470163801393739, 0.38886327577415875, -0.6989350617890148, 2.1435312706043637, -1.0511936737452043] 
[0.1140281807827438, 0.13422607983753643, 0.13012355717561863, 0.19518808993456715, -1.2201842479668032, -1.6258398380680896, 1.6025920527979611, 0.5465411482216972, 0.5864286476711189, 0.5536472618046552, 0.3950697167412131, -0.6937240312737748, 2.138820830661892, -1.0461930491427403] 
[0.12557495367474758, 0.12267930694553264, 0.11857678428361484, 0.20673486282657094, -1.2086374750747995, -1.6373866109600934, 1.5910452799059573, 0.5566952999381091, 0.5740780941402109, 0.538865073733084, 0.3823288015856935, -0.6835717221306543, 2.1279132469414237, -1.0347651971324157] 
[0.11855737907609865, 0.12969688154418157, 0.12559435888226378, 0.21375243742521988, -1.2156550496734484, -1.6444041855587423, 1.5980628545046063, 0.5648203612552677, 0.5829876046948518, 0.5461808560727485, 0.37557668994753446, -0.6915368838767217, 2.120359978638612, -1.0418368356905459] 
[0.11714745811350824, 0.12828696058159117, 0.12700427984485418, 0.21234251646262947, -1.2170649706360388, -1.6458141065213328, 1.5994727754671967, 0.5660989390209372, 0.5818677547109959, 0.5472805077647009, 0.37419609220159533, -0.6929601863547137, 2.1216607795947957, -1.0432344584268345] 
[0.11362472851353289, 0.12476423098161582, 0.12348155024487883, 0.20881978686265412, -1.2205877002360142, -1.6422913769213574, 1.5959500458672213, 0.5621533908028449, 0.5782202271205777, 0.549919191820224, 0.3707406676280586, -0.6965053592427877, 2.1249750713173605, -1.039678903280567] 
[0.1071657336771078, 0.11830523614519073, 0.11702255540845374, 0.20236079202622903, -1.2270466950724392, -1.6487503717577825, 1.5894910510307962, 0.5564404237741067, 0.5848516390011558, 0.5565625564164876, 0.3654771450195251, -0.6908210422693205, 2.1188331498311106, -1.0461907624317086] 
[0.11119901715143954, 0.11427195267085899, 0.12105583888278548, 0.20639407550056077, -1.231079978546771, -1.6527836552321142, 1.5854577675564645, 0.5518629057790746, 0.5797276513460046, 0.5513758277890125, 0.3605794850775466, -0.6949133975927454, 2.1225979890273816, -1.0421338320359972] 
[0.10963890711351809, 0.11583206270878044, 0.11949572884486404, 0.20483396546263932, -1.2326400885846924, -1.6543437652700357, 1.587017877594386, 0.5504776743293696, 0.5813139056087733, 0.5529658446378116, 0.3593146027007216, -0.6933125508807569, 2.1242715288304876, -1.0436857937839665] 
[0.11547985460134058, 0.12167301019660293, 0.12533667633268653, 0.19899301797481683, -1.238481036072515, -1.6601847127578582, 1.5811769301065635, 0.5571251826115264, 0.588734912979308, 0.5604844076735908, 0.3664837820231131, -0.686498157914825, 2.1306692258039313, -1.037810538863561] 
[0.12043280588045946, 0.1266259614757218, 0.1302896276118054, 0.2039459692539357, -1.233528084793396, -1.665137664036977, 1.5762239788274446, 0.5616420896346186, 0.584922387852469, 0.5656994766504081, 0.3723880222768226, -0.6815446267139328, 2.1261092737611484, -1.04277887044737] 
[0.11902597519847646, 0.1252191307937388, 0.1316964582937884, 0.2053527999359187, -1.234934915475379, -1.663730833354994, 1.5748171481454616, 0.5629214554555735, 0.5838528722331046, 0.5671864007889375, 0.37407604503003594, -0.6801372052757962, 2.1248274733643857, -1.0413743317158817] 
[0.12269925632632905, 0.1288924119215914, 0.1280231771659358, 0.2090260810637713, -1.2312616343475264, -1.6600575522271415, 1.5784904292733142, 0.5671553996688301, 0.5886116992781771, 0.5719590343748653, 0.378108391214902, -0.6838848994849368, 2.1208278806828456, -1.0450528901882252] 
[0.11895998756926318, 0.13263168067865727, 0.12428390840886994, 0.21276534982083717, -1.2275223655904606, -1.6637968209842073, 1.58222969803038, 0.5629431312299356, 0.5847147321179638, 0.5747535024722201, 0.3744612111157353, -0.6875909737184184, 2.124271987280027, -1.0413048311015318] 
[0.11620670089697882, 0.1298783940063729, 0.1270371950811543, 0.2100120631485528, -1.2247690789181762, -1.661043534311923, 1.5849829847026644, 0.5654514088912751, 0.5826319824523398, 0.5776351782492721, 0.3777896610004201, -0.6843429752950807, 2.1273134953603288, -1.0385398910801562] 
[0.11878448643865369, 0.12730060846469804, 0.12445940953947943, 0.20743427760687794, -1.2221912933765013, -1.658465748770248, 1.5875607702443393, 0.5624987366680787, 0.5793712136845068, 0.574943103205153, 0.3802459127707585, -0.6813596741863546, 2.130126368524398, -1.0411041977529343] 
[0.1163963148178705, 0.12491243684391484, 0.12684758116026262, 0.20982244922766113, -1.2245794649972845, -1.6608539203910313, 1.5899489418651225, 0.5652422190328839, 0.5823939405631334, 0.5774379096454277, 0.3779929401654044, -0.6837292618075718, 2.132310173839684, -1.0434799123861132] 
[0.11737112882510303, 0.1239376228366823, 0.12782239516749516, 0.21079726323489367, -1.225554279004517, -1.6598791063837988, 1.590923755872355, 0.5661022071429709, 0.5813974372981017, 0.5764539254837177, 0.3789145995488501, -0.6827644073627938, 2.131408848422909, -1.0444605602627208] 
[0.11822762723606062, 0.12308112442572472, 0.12696589675653758, 0.2099407648239361, -1.2264107774154747, -1.6607356047947563, 1.5917802542833126, 0.5670842815700134, 0.5824780923510943, 0.577357575210497, 0.3782319752165479, -0.6818802847227391, 2.1323319551132545, -1.0453107961827932] 
[0.12255778132056705, 0.12741127851023115, 0.12263574267203114, 0.20561061073942966, -1.2220806233309682, -1.6650657588792628, 1.5874501001988062, 0.563143448895431, 0.5858039175948975, 0.5728673368872895, 0.3736571370266402, -0.6774787350447454, 2.1370568503697718, -1.0409473060386636] 
[0.12177468649866896, 0.12819437333212924, 0.12185264785013306, 0.20482751591753157, -1.2228637181528663, -1.6658488537011609, 1.586667005376908, 0.5640253299863962, 0.5866185808334486, 0.5722651896460895, 0.37432204833663246, -0.6781526442419838, 2.1377860435222913, -1.0401600803972386] 
[0.12190944872753662, 0.1283291355609969, 0.12198741007900071, 0.2046927536886639, -1.222998480381734, -1.6659836159300285, 1.5865322431480404, 0.5639077076380025, 0.5867608474604805, 0.572437275331027, 0.3744864429853723, -0.6780172419047128, 2.1376638320380272, -1.0400259764647946] 
[0.12358415759170172, 0.130003844425162, 0.12031270121483562, 0.206367462552829, -1.224673189245899, -1.6643089070658634, 1.5882069520122055, 0.562439923571337, 0.5884765317132893, 0.5741663014217588, 0.37311546108050475, -0.6765714792053599, 2.136124506382451, -1.0383594856708587] 
[0.12208976740004218, 0.12850945423350246, 0.11881831102317608, 0.20786185274448854, -1.2231787990542395, -1.665803297257523, 1.586712561820546, 0.5607067894659067, 0.5865232901339701, 0.5722322849843038, 0.3714829737473219, -0.6753081414090456, 2.134747471666433, -1.036873193146138] 
[0.11753745193083731, 0.13306176970270733, 0.11426599555397121, 0.2124141682136934, -1.2186264835850347, -1.661250981788318, 1.5912648772897509, 0.56484198952321, 0.583069845765722, 0.5769780235540332, 0.376956383670797, -0.6699333789877152, 2.139793560685882, -1.0322936422906936] 
[0.11983255559456751, 0.13535687336643754, 0.11656109921770141, 0.2147092718774236, -1.2163313799213045, -1.658955878124588, 1.593559980953481, 0.5628228922319974, 0.5854444943605728, 0.5793786169642363, 0.3750975968889457, -0.6675647224691506, 2.1423012436069873, -1.0299809071831525] 
[0.122033410314761, 0.13755772808663103, 0.1187619539378949, 0.2169101265976171, -1.214130525201111, -1.6567550234043944, 1.5913591262332876, 0.560288971321843, 0.5826326822739677, 0.5770428924449075, 0.3772229622617305, -0.6650121808463519, 2.1447254968380687, -1.0277609744582132] 
[0.12309155432393581, 0.13861587209580584, 0.11982009794706971, 0.21796827060679191, -1.2130723811919362, -1.6578131674135692, 1.5903009822241128, 0.5612152290340413, 0.5815389241193614, 0.5759529359092455, 0.37823509652665194, -0.663954532450356, 2.1437579655160186, -1.026709750742524] 
[0.12478179378661836, 0.14030611155848838, 0.12151033740975226, 0.21965851006947446, -1.2113821417292536, -1.6595034068762518, 1.5886107427614302, 0.5592607886856031, 0.5793662777309332, 0.5741552730809457, 0.3798647845508403, -0.6619959781777109, 2.1455924555878, -1.02838750989247] 
[0.1241243832567892, 0.13964870102865923, 0.1221677479395814, 0.2190010995396453, -1.2107247311994245, -1.6588459963464226, 1.5892681532912594, 0.5584961318242405, 0.5784960204724194, 0.5732941019528496, 0.37914856901850263, -0.6614429740205896, 2.1449756769995147, -1.0290487696296224] 
[0.11883398300525017, 0.1343583007771202, 0.11687734768804237, 0.22429149979118435, -1.2160151314509635, -1.6535555960948836, 1.5839777530397203, 0.5646456958515157, 0.585503844745247, 0.5803219615773408, 0.3857424005494352, -0.6551834408447329, 2.150803453925557, -1.0237205890371939] 
[0.12555388014353952, 0.12763840363883083, 0.12359724482633172, 0.217571602652895, -1.2227350285892529, -1.660275493233173, 1.5906976501780097, 0.5587427800808041, 0.5924577049453338, 0.5873428336343919, 0.380260300056034, -0.6493611517996837, 2.1444927806292515, -1.0304692832166777] 
[0.12388715775244308, 0.1259716812477344, 0.12193052243523528, 0.21923832504399143, -1.2244017509803493, -1.6586087708420765, 1.5890309277869132, 0.5568116610980987, 0.590329004018522, 0.5855704845083421, 0.38161005121771374, -0.6508031709066827, 2.1460300298855537, -1.032125613399956] 
[0.12352587753352495, 0.12561040102881627, 0.1222918026541534, 0.21959960526290956, -1.2247630311992674, -1.6589700510609946, 1.5893922080058314, 0.5571379648626549, 0.5900436946572971, 0.5858611413250191, 0.3813101926266282, -0.6504321930071388, 2.1464234225899324, -1.0317619072810924] 
[0.12272049737831836, 0.12480502087360967, 0.12148642249894681, 0.22040498541811615, -1.2239576510440608, -1.658164670905788, 1.590197588161038, 0.5564328048189809, 0.5908635498364645, 0.5866769995158437, 0.3805424131520102, -0.6512335880369048, 2.147169098680409, -1.0309518425793827] 
[0.12364676163535748, 0.12387875661657055, 0.12056015824190769, 0.22133124967515527, -1.2230313867870217, -1.6572384066487489, 1.5892713239039988, 0.5572445666477622, 0.589920837030385, 0.5857388818537229, 0.3814266720828975, -0.6503108382433778, 2.1463106025450416, -1.0318837466709259] 
[0.12434849004406445, 0.12317702820786358, 0.12126188665061466, 0.22203297808386224, -1.2223296583783148, -1.656536678240042, 1.5899730523127058, 0.5564313608412588, 0.5890099759442672, 0.5848384621141343, 0.3806724911481597, -0.6496054801874637, 2.1470638137450475, -1.0325807506638331] 
[0.1300386202972642, 0.12886715846106334, 0.1269520169038144, 0.227723108337062, -1.216639528125115, -1.6622268084932417, 1.584282922059506, 0.5613884294676638, 0.5830544130766064, 0.5776034778847042, 0.37363499519600457, -0.6563060542883206, 2.140884461128155, -1.0269309318753996] 
[0.12816562378593332, 0.13074015497239422, 0.12507902039248353, 0.22959610484839288, -1.2147665316137841, -1.6603538119819108, 1.586155918570837, 0.5592066991408514, 0.5806536314337358, 0.5756476221570108, 0.3754384663388393, -0.6541207969787938, 2.142948532931334, -1.0250483220133924] 
[0.12773438675758897, 0.13117139200073857, 0.12464778336413918, 0.22916486782004852, -1.2151977686421285, -1.6607850490102551, 1.5857246815424926, 0.5588164779490519, 0.5809772936263703, 0.5751945472420652, 0.3749124063641631, -0.6546322363454705, 2.1424732346496618, -1.0254820933365738] 
[0.12445942083669792, 0.12789642607984752, 0.12792274928503022, 0.22588990189915747, -1.2119228027212374, -1.6640600149311462, 1.5889996474633836, 0.561655810140845, 0.5775279036663236, 0.5710537968213963, 0.3713987010667058, -0.6513407647981486, 2.1460352884547014, -1.0221886898415327] 
[0.12446696517329514, 0.1278888817432503, 0.12793029362162744, 0.22588235756256025, -1.2119303470578346, -1.664052470594549, 1.5890071917999808, 0.5616642928162442, 0.5775355247267432, 0.5710460877353076, 0.3713896074713904, -0.6513484369706684, 2.1460421330627395, -1.0221961906106314] 
[0.12190812990976341, 0.12533004647971857, 0.1253714583580957, 0.22332352229902852, -1.2144891823213664, -1.6666113058580807, 1.5915660270635126, 0.5594265628776001, 0.5801433388120031, 0.5736314582848963, 0.3689505540046656, -0.6538999253640468, 2.1483679585714444, -1.0247402156143257] 
[0.11737564837907144, 0.1207975649490266, 0.12990393988878768, 0.2278560038297205, -1.2099567007906744, -1.6620788243273887, 1.5870335455328206, 0.5553286571279925, 0.5837452162844214, 0.570088169397351, 0.373461975751863, -0.6485818352607026, 2.1533983627093765, -1.0201714595920082] 
[0.11615399969884266, 0.12201921362925539, 0.1286822912085589, 0.2266343551494917, -1.2111783494709032, -1.6633004730076175, 1.5882551942130494, 0.553959496092126, 0.5824763249601309, 0.5710313702563379, 0.3724412065148094, -0.6475357674596013, 2.1522566113249337, -1.0213996260660407] 
[0.11674463417155778, 0.12260984810197051, 0.12809165673584377, 0.22722498962220683, -1.2117689839436183, -1.6638911074803326, 1.5876645597403343, 0.5532982928956114, 0.5818628509171803, 0.5714752474528635, 0.3718514070154731, -0.6482276349411562, 2.1516040477926266, -1.0219942525877184] 
[0.11737701948118329, 0.121977462792345, 0.12745927142621827, 0.22659260431258132, -1.2111365986339928, -1.6645234927899581, 1.5870321744307088, 0.552573848050802, 0.5810665239107521, 0.5708096158686181, 0.37235893196583564, -0.6487707733999095, 2.1521866657720885, -1.0226231999028115] 
[0.11882318747876497, 0.12053129479476332, 0.12601310342863659, 0.22514643631499964, -1.2096904306364111, -1.6659696607875398, 1.585586006433127, 0.554231302439759, 0.582884235661313, 0.5723020956421423, 0.37096354846589136, -0.6504628642139156, 2.1505877777570617, -1.0240784639247031] 
[0.11735615738469563, 0.12199832488883267, 0.12454607333456724, 0.226613466409069, -1.2111574607304805, -1.6645026306934705, 1.5841189763390577, 0.55294516271543, 0.5844213247211698, 0.5741714559954448, 0.37277469112069006, -0.6489706990625806, 2.1492423873801134, -1.0255524920534596] 
[0.11790225147916644, 0.12254441898330348, 0.12509216742903806, 0.2271595605035398, -1.2106113666360097, -1.6639565365989997, 1.583572882244587, 0.552333247549281, 0.5838549597428129, 0.5745954281002291, 0.37232356657898796, -0.6484095236253944, 2.1498338380275994, -1.0260958252477717] 
[0.11510598568500285, 0.12534068477746707, 0.12788843322320165, 0.22436329470937622, -1.207815100841846, -1.661160270804836, 1.5863691480387505, 0.5555512021961976, 0.5874669435634163, 0.57824893236813, 0.3758230328001463, -0.6450775663133244, 2.1529002444232757, -1.0288783430714474] 
[0.11682993599948432, 0.12706463509194854, 0.12616448290872018, 0.22263934439489474, -1.2060911505273646, -1.6628842211193176, 1.588093098353232, 0.5571247040438669, 0.586146652388769, 0.5800704364534145, 0.377931973758623, -0.6430319656002409, 2.1548019893257395, -1.0271439207096973] 
[0.11905985015551679, 0.129294549247981, 0.12839439706475264, 0.2248692585509272, -1.208321064683397, -1.66511413527535, 1.5903230125092644, 0.5550915847618436, 0.5878486677142524, 0.5777252255715194, 0.37523916987680117, -0.6453025057571173, 2.1568280350942572, -1.0293613891495612] 
[0.11778768230179282, 0.12802238139425703, 0.12712222921102867, 0.22614142640465118, -1.209593232537121, -1.666386303129074, 1.5915951803629884, 0.5536294324439235, 0.5862357229025106, 0.5763976954593379, 0.37644642939103046, -0.6440347856375, 2.155673404120373, -1.0280971798784375] 
[0.11876665532363362, 0.12704340837241623, 0.12614325618918787, 0.22712039942649198, -1.2105722055589618, -1.6654073301072332, 1.5906162073411476, 0.5544877887905357, 0.5852008645246469, 0.5751578453764008, 0.3753796207060705, -0.6432192993406526, 2.154758177087686, -1.0290828489120454] 
[0.1190667307033283, 0.1273434837521109, 0.12644333156888254, 0.22742047480618666, -1.2102721301792672, -1.6651072547275385, 1.590316131961453, 0.554215786612037, 0.5854397188526628, 0.5749234735508268, 0.3756748106454526, -0.6429194247903153, 2.1544860054855133, -1.0287846663472513] 
[0.11892350596006651, 0.12720025900884913, 0.12630010682562076, 0.22756369954944844, -1.210415354922529, -1.6652504794708003, 1.5904593567047147, 0.5540550377208987, 0.5852909869889915, 0.5750308563882143, 0.3755333712045181, -0.6430626530300998, 2.1546159586624687, -1.028927000279208] 
[0.11835186144439291, 0.12777190352452272, 0.12572846230994716, 0.22699205503377484, -1.2098437104068553, -1.665822123986474, 1.5910310012203883, 0.5545733191881683, 0.5848375467708815, 0.575488692809389, 0.3750638972689247, -0.6424742182535568, 2.1552421723616804, -1.0283510333628498] 
[0.11585544939059489, 0.13026831557832075, 0.12323205025614914, 0.22948846708757287, -1.2073472983530573, -1.668318536040272, 1.5885345891665903, 0.55676028973154, 0.5821953048086876, 0.5722867558699904, 0.37197908104636, -0.6450154191798378, 2.1575366662328928, -1.025838299505973] 
[0.11758243312171246, 0.12854133184720318, 0.12495903398726671, 0.23121545081869044, -1.2056203146219397, -1.6665915523091543, 1.5902615728977079, 0.5583297427074019, 0.5808208948345523, 0.5736353428789148, 0.37027368659568816, -0.6467407280642148, 2.1590999744007036, -1.0275554724442828] 
[0.1173686533596171, 0.12832755208510782, 0.12517281374936207, 0.23100167105659508, -1.2054065348598444, -1.666377772547059, 1.5904753526598032, 0.5585684196929713, 0.5810348917381115, 0.5734172170395158, 0.3700129076980436, -0.646996336581651, 2.1588624753179113, -1.027770895462175] 
[0.11905233057353926, 0.12664387487118567, 0.12685649096328422, 0.23268534827051723, -1.2037228576459222, -1.6646940953331368, 1.588791675445881, 0.5570920406660518, 0.582819844665857, 0.5755800677557532, 0.37212099771588525, -0.6449792443970029, 2.1607330474606057, -1.0260741260533026] 
[0.11927895203665273, 0.1264172534080722, 0.12662986950017074, 0.23245872680740376, -1.2039494791090357, -1.6649207167962503, 1.5890182969089945, 0.5568377487352678, 0.5825849911344155, 0.575754729848922, 0.3719347670322644, -0.6447470522489114, 2.1609779943821366, -1.0262991726372306] 
[0.12073655801064576, 0.12787485938206522, 0.12517226352617772, 0.23391633278139679, -1.2024918731350427, -1.6663783227702433, 1.5904759028829876, 0.555207203725409, 0.5811199861279175, 0.5772451272427579, 0.37369600317244545, -0.6432594957164104, 2.1596378438308963, -1.0277654982397] 
[0.12066584706458017, 0.1279455703281308, 0.12510155258011213, 0.23398704372746237, -1.202421162188977, -1.666449033716309, 1.5905466138290532, 0.5552689870984752, 0.5810452534094127, 0.577154349305074, 0.37360733880897656, -0.6433442654256434, 2.1595602856727036, -1.0276953342742963] 
[0.1168581829982901, 0.12413790626184074, 0.1289092166464022, 0.23779470779375245, -1.198613498122687, -1.670256697782599, 1.586738949762763, 0.5585974484939064, 0.5770314718058654, 0.5723524334590004, 0.36953863658703284, -0.6395172034005722, 2.1636728989853893, -1.0314738847041016] 
[0.1199629201100133, 0.12724264337356395, 0.1320139537581254, 0.24089944490547566, -1.1955087610109638, -1.6733614348943222, 1.5898436868744863, 0.56207506571351, 0.5802544242367952, 0.5700226441290853, 0.3726190848903611, -0.6364031146795992, 2.1608659204861143, -1.0283853400221692] 
[0.11830712855512815, 0.1255868518186788, 0.13035816220324026, 0.2425552364603608, -1.197164552565849, -1.671705643339437, 1.5914994784293715, 0.5605685745021441, 0.5815121363193898, 0.5682671409219835, 0.370593878012239, -0.6380968414632078, 2.162353600404676, -1.0300308003667416] 
[0.11637165058292809, 0.12752232979087885, 0.13229364017544032, 0.24449071443256087, -1.195229074593649, -1.6736411213116371, 1.5895640004571714, 0.5588065657963802, 0.582993491180558, 0.5662579247621154, 0.368545574270663, -0.6365010767902912, 2.1605778548835555, -1.0281086718326076] 
[0.11542233504104005, 0.1265730142489908, 0.13324295571732836, 0.24544002997444891, -1.196178390135537, -1.6745904368535252, 1.5886146849152833, 0.5596725490190382, 0.5822699091131504, 0.5672642202462926, 0.3697081304940872, -0.6355296767879562, 2.1597120158629117, -1.0290639159581128] 
[0.11629567803768481, 0.12744635724563558, 0.1323696127206836, 0.24456668697780415, -1.1970517331321817, -1.6737170938568804, 1.5877413419186386, 0.5604437528163343, 0.5813758720797442, 0.5663888039401302, 0.37056110217634003, -0.6344909192659681, 2.160676893890049, -1.0299310020995365] 
[0.11498868133872364, 0.1261393605466744, 0.13367660941964477, 0.24587368367676532, -1.1957447364332205, -1.6724100971579192, 1.5890483386175998, 0.5616310686921278, 0.5803360069782748, 0.5674314891122675, 0.3695046780005544, -0.6331428476285448, 2.1621170896849473, -1.0286151429229422] 
[0.11646171424995899, 0.12761239345790976, 0.13514964233088012, 0.24734671658800067, -1.197217769344456, -1.6709370642466839, 1.5875753057063644, 0.5632720673492486, 0.5818116706355301, 0.5659446894290411, 0.3679721118532503, -0.6316588428492771, 2.16371625520801, -1.0300775394181128] 
[0.11837963839473986, 0.12953031760269063, 0.13706756647566098, 0.24926464073278154, -1.1991356934892368, -1.6728549883914647, 1.5856573815615835, 0.561581135574934, 0.5837811713310302, 0.5679124318847367, 0.36645280806015934, -0.630036362942139, 2.1619330009515294, -1.0320063280680338] 
[0.11745124534260498, 0.12860192455055575, 0.1361391734235261, 0.24833624768064666, -1.2000640865413716, -1.6737833814435996, 1.5865857746137184, 0.562427153244691, 0.583077793283821, 0.5689035632032028, 0.3676112459112162, -0.6289106848023783, 2.162959992613259, -1.0329292075024967] 
[0.11710383274677583, 0.1282545119547266, 0.13579176082769695, 0.24868366027647582, -1.2004114991372008, -1.6734359688477705, 1.5869331872095476, 0.5628164402622533, 0.5834381157817423, 0.5686473488446679, 0.36796175538628706, -0.6284966910519854, 2.1633438931323012, -1.0332744357276344] 
[0.11562364556403992, 0.1267743247719907, 0.13431157364496105, 0.2472034730937399, -1.198931311954465, -1.6719557816650346, 1.5854530000268117, 0.5611584544889896, 0.5819037390671249, 0.5697432874702958, 0.36649298324485236, -0.6299830334098876, 2.164677929572215, -1.0347468719799078] 
[0.11717618726106338, 0.12522178307496723, 0.1327590319479376, 0.24565093139671645, -1.2004838536514884, -1.673508323362058, 1.5839004583297882, 0.5597877872418427, 0.5834929899233361, 0.5712985603961196, 0.3649784381006232, -0.631825235489392, 2.1629655113260773, -1.0332034029141182] 
[0.11879755089541633, 0.12684314670932018, 0.13438039558229053, 0.2440295677623635, -1.1988624900171354, -1.671886959727705, 1.5855218219641412, 0.5616466053698017, 0.5855401378542179, 0.573008036379183, 0.36369436731777005, -0.6304551454318357, 2.161463489389168, -1.0348318521034734] 
[0.11825125276133008, 0.12738944484340642, 0.13492669371637678, 0.24457586589644975, -1.1994087881512216, -1.6724332578617913, 1.5860681200982274, 0.5611682822589268, 0.586118323108753, 0.5737159595953217, 0.3643895543911141, -0.629793269669729, 2.1620672809392327, -1.0353749356559163] 
[0.11933959514520709, 0.12847778722728342, 0.13383835133249977, 0.24566420828032676, -1.2004971305350987, -1.6735216002456683, 1.5871564624821044, 0.5623841492158664, 0.5872080914886236, 0.5725892247506384, 0.36304064299085803, -0.6311105453889729, 2.160852065827463, -1.0364699780691768] 
[0.11996038857493574, 0.12785699379755477, 0.13321755790277112, 0.2462850017100554, -1.2011179239648273, -1.674142393675397, 1.5865356690523758, 0.5630979775717901, 0.587996020456644, 0.573246370283126, 0.36254996342495943, -0.6305859448220126, 2.160276239539903, -1.0370941626360326] 
[0.12127125699842012, 0.1265461253740704, 0.1345284263262555, 0.24759587013353979, -1.199807055541343, -1.6754532620988813, 1.5878465374758601, 0.5646116639936023, 0.5897047379137204, 0.574985262949147, 0.36422202441171225, -0.6289936280634268, 2.161728287465729, -1.038396817849551] 
[0.12075703657405612, 0.1260319049497064, 0.1350426467506195, 0.2470816497091758, -1.199292835116979, -1.6749390416745173, 1.5883607579002241, 0.5640353642825716, 0.5891874401883959, 0.5755175445004221, 0.3648599153935194, -0.6283688398156382, 2.1623046644953607, -1.0378790543071714] 
[0.11900885441379316, 0.12428372278944344, 0.13329446459035654, 0.24533346754891283, -1.197544652956716, -1.6766872238347803, 1.5866125757399612, 0.5625076979661296, 0.5910326328142556, 0.5777786516405486, 0.367058786605875, -0.6265745368831472, 2.16073602838771, -1.0361408193564703] 
[0.11893956700718633, 0.12435301019605027, 0.1332251771837497, 0.245264180142306, -1.1976139403633228, -1.6766179364281735, 1.586681863146568, 0.5624446366548556, 0.5910854803765325, 0.5777047927259955, 0.36697265362301235, -0.6266588060072492, 2.1606582959998324, -1.0362105525408527] 
[0.11864791983861622, 0.12464465736462038, 0.13351682435231982, 0.2455558273108761, -1.1973222931947527, -1.6769095835967436, 1.5869735103151381, 0.5627013040454418, 0.5907883946894439, 0.5774126591858143, 0.3672524682705176, -0.6263679474574252, 2.1603927115173116, -1.0365037291889976] 
[0.11735929160214653, 0.12593328560109007, 0.1348054525887895, 0.24426719907440642, -1.196033664958283, -1.675620955360274, 1.5856848820786684, 0.5638357215673332, 0.5894754202077872, 0.5761246661650085, 0.36851121066611475, -0.6248306118380725, 2.161836005916245, -1.0352066305089156] 
[0.11816351507466394, 0.12512906212857267, 0.1340012291162721, 0.243462975601889, -1.1952294414857656, -1.6748167318877565, 1.5864891055511858, 0.5645684546000755, 0.5888599871702642, 0.5769634191589907, 0.36936608970879, -0.6254901552750592, 2.162573578470991, -1.0360068564377563] 
[0.1179149338634079, 0.12488048091731663, 0.13424981032752814, 0.24371155681314505, -1.1949808602745096, -1.6745681506765004, 1.5867376867624419, 0.5647938957438533, 0.588662153055883, 0.5771619016642667, 0.36916553731059737, -0.6252334544324637, 2.1628476566775943, -1.0357567061938682] 
[0.11751264627954427, 0.124478193333453, 0.13384752274366452, 0.24411384439700867, -1.1953831478583732, -1.674970438260364, 1.5871399743463055, 0.5652554907682165, 0.5891702452422953, 0.5775855051229569, 0.36884768225812553, -0.6248934920941165, 2.162479487134489, -1.0353565610824416] 
[0.11879002910741676, 0.12320081050558052, 0.13257013991579203, 0.24283646156913619, -1.1941057650305007, -1.6762478210882366, 1.585862591518433, 0.563786074260232, 0.5875195527100566, 0.5759294632599461, 0.36747054659651346, -0.6236065124183902, 2.1638701223934236, -1.036625656057717] 
[0.1187141140614908, 0.12327672555150648, 0.13249422486986606, 0.24276054652321022, -1.1941816800764267, -1.6761719060423106, 1.585938506564359, 0.563698596217296, 0.58742123842464, 0.5758293354737095, 0.36737378048110203, -0.6236989182303796, 2.1637858441790168, -1.036550205473887] 
[0.11663003796418991, 0.12536080164880736, 0.13041014877256518, 0.2448446226205111, -1.1920976039791258, -1.6740878299450097, 1.5880225826616599, 0.5660999034709565, 0.5901202357760059, 0.5785780920990488, 0.37002994033179193, -0.6211624387619609, 2.1660992662561704, -1.0386214702889118] 
[0.11685573351579592, 0.12558649720041337, 0.1306358443241712, 0.2450703181721171, -1.1918719084275198, -1.6743135254966157, 1.5877968871100538, 0.5663056137731534, 0.5899471323332649, 0.5788123371309573, 0.3702685194647435, -0.621347421440187, 2.166309206670604, -1.0383944448716782] 
[0.11686723808818755, 0.12557499262802174, 0.13064734889656282, 0.24508182274450874, -1.1918834129999114, -1.6743250300690073, 1.5878083916824455, 0.5663187950174468, 0.5899616274191114, 0.5788242212511089, 0.37025728686060866, -0.6213611091057865, 2.1662964987766027, -1.0383830197859523] 
[0.11729088918254249, 0.1251513415336668, 0.13107099999091776, 0.24550547383886367, -1.1923070640942663, -1.6747486811633623, 1.5873847405880905, 0.5667932890506971, 0.5904011287162201, 0.5785076676629209, 0.3706791255866839, -0.620935441206691, 2.165915132883388, -1.0379617556411729] 
[0.1186455625352042, 0.1265060148863285, 0.12971632663825605, 0.24686014719152538, -1.1909523907416046, -1.676103354516024, 1.5887394139407522, 0.5683517675300634, 0.5921564520299827, 0.5802952417350765, 0.37240559307787374, -0.6192851270949531, 2.167432474905954, -1.0365978320657396] 
[0.11741839248851449, 0.1252788448396388, 0.13094349668494576, 0.24563297714483567, -1.1921795607882943, -1.6748761844693343, 1.589966583987442, 0.567234780628618, 0.5930948078211788, 0.5790261696565525, 0.3711319895652089, -0.6180443221187916, 2.168785278440933, -1.0353617123468821] 
[0.11720128997337398, 0.1250617423244983, 0.13116059920008627, 0.24541587462969516, -1.1919624582731538, -1.6750932869844748, 1.5901836865025825, 0.5670435200750717, 0.5933171412572343, 0.5792493798509238, 0.3709629136068508, -0.6178201346111928, 2.16902185486227, -1.0355771476531874] 
[0.11778411261541166, 0.12564456496653598, 0.13057777655804859, 0.24599869727173285, -1.1925452809151915, -1.6756761096265125, 1.5896008638605448, 0.5663731140940055, 0.5925622420212808, 0.5784815974092331, 0.3702300775891431, -0.6184192175316893, 2.169544337299239, -1.0361562445989807] 
[0.1180520303337228, 0.12537664724822484, 0.13084569427635973, 0.24626661499004399, -1.1922773631968804, -1.6759440273448236, 1.5893329461422336, 0.5666161860555828, 0.592349130361158, 0.5786961050419688, 0.37001366265449315, -0.6181430308125601, 2.1698364793295175, -1.0364221448226194] 
[0.11996499395710203, 0.12728961087160406, 0.1289327306529805, 0.24435365136666476, -1.1903643995735012, -1.6778569909682028, 1.5874199825188544, 0.5682930187328192, 0.5903283875564628, 0.5762291509262122, 0.3675825947645189, -0.6204761820873383, 2.16768971042781, -1.038349731991524] 
[0.11967633386970278, 0.1270009507842048, 0.12864407056558125, 0.2440649912792655, -1.1906530596609004, -1.6775683308808036, 1.5877086426062537, 0.5679597414216152, 0.589952534480899, 0.5758480740668285, 0.3672153956941724, -0.6208284394837935, 2.167368898266664, -1.0380630407594442] 
[0.12155116634270968, 0.1251261183111979, 0.12676923809257434, 0.2421901588062586, -1.1887782271878935, -1.6756934984077967, 1.5858338101332468, 0.5663124000123025, 0.5918734361237646, 0.5777817885657613, 0.3657521990814235, -0.6188846266634179, 2.1694421707470233, -1.0361752724339752] 
[0.12117184706597428, 0.12474679903446251, 0.12714855736930974, 0.2418108395295232, -1.188398907911158, -1.6753141791310613, 1.5854544908565114, 0.5658870330713197, 0.5914906756229783, 0.5781702181618039, 0.3662132403016814, -0.6184965448322374, 2.1691015600501937, -1.035797852013356] 
[0.12372361790513253, 0.12729856987362076, 0.1245967865301515, 0.24436261036868145, -1.1858471370719998, -1.6778659499702195, 1.5880062616956696, 0.5635779557586224, 0.5935141967497154, 0.5761189640302626, 0.3682810718652989, -0.6211294087777555, 2.1662883986319126, -1.0383649252962612] 
[0.12362619468644909, 0.1272011466549373, 0.12449936331146805, 0.2444600335873649, -1.1857497138533164, -1.677963373188903, 1.5879088384769862, 0.5636878332075088, 0.5936159389768269, 0.5760459202597557, 0.36837856502555005, -0.6210317177549564, 2.166199734097249, -1.0384629182034735] 
[0.1224537108795768, 0.1283736304618096, 0.12567184711834034, 0.2456325173942372, -1.184577230046444, -1.6767908893820307, 1.5867363546701139, 0.5650101165096438, 0.5948406387895167, 0.5751691743299575, 0.3695730297460083, -0.6196264299892648, 2.1674999433137097, -1.0396270932657072] 
[0.1236837323075416, 0.1271436090338448, 0.12444182569037554, 0.2444024959662724, -1.185807251474409, -1.6780209108099955, 1.5879663760980787, 0.5661225369640162, 0.5938698756211215, 0.5761567667409284, 0.3685773805081208, -0.6183577954275573, 2.1688579553330825, -1.0383889638569754] 
[0.12238923840765736, 0.12584911513396058, 0.12314733179049131, 0.24569698986615662, -1.1845127575745247, -1.6767264169101113, 1.5866718821981944, 0.5649535231822298, 0.5948952677408053, 0.5751472629191501, 0.3698912912458629, -0.6168050592654396, 2.1703102401174497, -1.037085159580476] 
[0.12157625027673291, 0.12503612700303612, 0.12396031992141576, 0.24488400173523217, -1.1836997694436002, -1.6775394050410357, 1.58585889406727, 0.5658947159111576, 0.5959537740009865, 0.5762110597854669, 0.3709059731141152, -0.6159699512310651, 2.1695717259624963, -1.0379025398875386] 
[0.11961946235813514, 0.1269929149216339, 0.12591710784001353, 0.2429272138166344, -1.1817429815250025, -1.6794961929596335, 1.5878156819858678, 0.5641179054104132, 0.5974494703681517, 0.5741979756650448, 0.36888923429979953, -0.6139919642664947, 2.1717068404473765, -1.0398472568019879] 
[0.12045360541349226, 0.12615877186627678, 0.12675125089537065, 0.24209307076127728, -1.1825771245803596, -1.6786620499042764, 1.5886498250412249, 0.5633849619825148, 0.5983043888371202, 0.5750599824762834, 0.36823763601992304, -0.6131267936385231, 2.172630669151794, -1.03900718531062] 
[0.11983348548297557, 0.12553865193576008, 0.12613113096485395, 0.24271319069179398, -1.1831972445108763, -1.679282169834793, 1.5880297051107082, 0.5639270932833734, 0.5976501632496397, 0.5742631838860756, 0.3674523147171893, -0.6138842885064122, 2.1719414047679653, -1.0383916963002133] 
[0.11964526817227139, 0.1253504346250559, 0.12631934827555813, 0.2425249733810898, -1.183009027200172, -1.6794703871454972, 1.5882179224214124, 0.5641384784866397, 0.5978454979994265, 0.5741175984537563, 0.36760537004541405, -0.6140787503662728, 2.1717354757650624, -1.038204812385966] 
[0.11908962908209475, 0.12479479553487927, 0.1257637091853815, 0.24308061247126644, -1.1835646662903487, -1.6789147480553206, 1.5876622833312357, 0.5635166301834665, 0.5972864095812324, 0.5746876191057854, 0.36829128926577287, -0.6134003583812375, 2.172360902164106, -1.0376450776132788] 
[0.11842673063797193, 0.12545769397900208, 0.12510081074125867, 0.24374351091538926, -1.182901767846226, -1.6795776464994434, 1.5883251817753585, 0.5640974101889056, 0.5965898081089082, 0.5738543668218102, 0.36758812300212645, -0.6127306850354143, 2.173084577839233, -1.0383033940741178] 
[0.11797890167795899, 0.12500986501898914, 0.1255486397012716, 0.2441913398754022, -1.1833495968062389, -1.6791298175394305, 1.5887730107353715, 0.5635816542906382, 0.5960103330456765, 0.5732769201985592, 0.36710384097759674, -0.6123672268425169, 2.1726692276447688, -1.0387539604373814] 
[0.1180082968517776, 0.12503926019280776, 0.125519244527453, 0.24422073504922082, -1.1833202016324202, -1.6791004223656119, 1.58880240590919, 0.563614605124794, 0.5960407787633237, 0.5732541457951779, 0.3671277362537791, -0.612397617980354, 2.1726366803952835, -1.0387835753660326] 
[0.11762662772725563, 0.12542092931732973, 0.12590091365197498, 0.2446024041737428, -1.1837018707569422, -1.6794820914901338, 1.588420736784668, 0.563186744667961, 0.5956453571985092, 0.5735489913010485, 0.3668104837250589, -0.6120790179970916, 2.172283352766967, -1.0391676341934237] 
[0.11636824314677796, 0.1266793138978074, 0.12464252907149731, 0.24586078875422046, -1.1824434861764646, -1.6782237069096562, 1.5896791213651458, 0.56207802449633, 0.5969307611881455, 0.574815673394761, 0.3655685138834127, -0.613586190738152, 2.1708863462915544, -1.0379184888627095] 
[0.11506002417796879, 0.12798753286661657, 0.12595074804030648, 0.2445525697854113, -1.1811352672076554, -1.6795319258784653, 1.5883709023963366, 0.563226733545207, 0.5955458309536981, 0.5731370162448064, 0.3639132351465452, -0.6151856318402521, 2.1694334035609235, -1.0366205982834755] 
[0.11582905498191665, 0.12875656367056443, 0.12518171723635863, 0.24532160058935915, -1.1819042980116032, -1.6787628950745175, 1.5891399332002845, 0.5639286494607173, 0.5949564177056872, 0.5739295454395675, 0.36472096124372155, -0.6158114935440815, 2.170146610711664, -1.0358468343729759] 
[0.11696475849994059, 0.12989226718858837, 0.12404601371833468, 0.2441858970713352, -1.1807685944935793, -1.6776271915564935, 1.5880042296822605, 0.5651946983786605, 0.5960936774128871, 0.5727951442910827, 0.36353367825414423, -0.6148846931124794, 2.1691083552288357, -1.0347183097044645] 
[0.11632396469503548, 0.12925147338368326, 0.1246868075232398, 0.24354510326643009, -1.1814093882984844, -1.6769863977515884, 1.5886450234871656, 0.5644576345562383, 0.5952617206090176, 0.5719657643464512, 0.36284164782084577, -0.6143639772202026, 2.168513197354729, -1.0353629750505333] 
[0.11637596229423608, 0.12930347098288386, 0.1247388051224404, 0.24349310566722948, -1.181461385897685, -1.677038395350789, 1.588593025887965, 0.564503485387308, 0.5952083139638271, 0.5719131283803048, 0.36289299600475317, -0.6143017703550704, 2.1685714676876486, -1.0353105848712145] 
[0.11708048564304818, 0.12859894763407176, 0.1254433284712525, 0.24419762901604158, -1.180756862548873, -1.6777429186996011, 1.587888502539153, 0.5636935471702332, 0.5942928103549087, 0.5709867500758455, 0.3620117665669521, -0.6150262471632175, 2.1692023082987797, -1.036010871048131] 
[0.11801929911991593, 0.1295377611109395, 0.12638214194812025, 0.24513644249290933, -1.1816956760257407, -1.6786817321764689, 1.5888273160160207, 0.5628413780708565, 0.59504072077942, 0.5702572781170235, 0.36296551166271385, -0.6138995848450615, 2.170255162433672, -1.0350652546319576] 
[0.11879714818884068, 0.13031561017986426, 0.127159991017045, 0.24435859342398458, -1.180917826956816, -1.6779038831075441, 1.5896051650849454, 0.5635469900310743, 0.5944220352640224, 0.5708606141257608, 0.3621755718291848, -0.6148329699160017, 2.169392352072419, -1.0342932727035297] 
[0.1187079016891498, 0.13040485667955515, 0.1272492375167359, 0.24444783992367547, -1.1810070734565068, -1.6778146366078532, 1.5896944115846363, 0.5634444403413981, 0.5943088291484983, 0.5707675697559497, 0.3622632006540229, -0.6147262461246925, 2.1694912086465425, -1.0343818165896852] 
[0.1192187379648334, 0.13091569295523875, 0.1267384012410523, 0.24495867619935907, -1.1815179097321904, -1.6773038003321696, 1.59020524786032, 0.5640335441411736, 0.5949753682373159, 0.5714431663744278, 0.36291348954801633, -0.6141017251015225, 2.1700582961356445, -1.0348886040644019] 
[0.11986597509536978, 0.13026845582470237, 0.1260911641105159, 0.2443114390688227, -1.180870672601654, -1.677951037462706, 1.5908524849908563, 0.564622992392595, 0.5944852945714957, 0.5721249153295677, 0.36371564553929187, -0.6133127581294087, 2.170776112048484, -1.035530583989235] 
[0.11922540569033047, 0.12962788641966305, 0.12673173351555522, 0.24367086966378337, -1.1815112420066933, -1.6773104680576667, 1.5914930543958956, 0.5639063218252341, 0.5938434479259216, 0.5727790706267998, 0.36450668114852314, -0.6125308751586952, 2.171496626503636, -1.0348845534411673] 
[0.12045242386259603, 0.1284008682473975, 0.12795875168782078, 0.24489788783604893, -1.1802842238344278, -1.6785374862299323, 1.59026603622363, 0.5624910277289116, 0.5922471482140317, 0.5711897113883987, 0.36319858929765075, -0.6112952006088781, 2.172832092047571, -1.03610114176789] 
[0.1203122780464102, 0.12854101406358331, 0.12781860587163496, 0.24503803365223475, -1.1804243696506136, -1.6783973404137464, 1.5904061820398159, 0.562367957860324, 0.5923904362398695, 0.571330959295611, 0.363060428212137, -0.6114629761393193, 2.1726767850560447, -1.0359621402440908] 
[0.11940931946007283, 0.1294439726499207, 0.12691564728529758, 0.24594099223857213, -1.181327328236951, -1.677494381827409, 1.5895032234534785, 0.563189051687337, 0.5917026823002308, 0.572261602662082, 0.3639939913831944, -0.6123752825046261, 2.171692572668829, -1.0350664830897565] 
[0.11928969581566407, 0.12932434900551193, 0.12679602364088882, 0.24582136859416337, -1.1812077045925422, -1.6773747581830003, 1.5893835998090697, 0.5630548063097043, 0.5915789047553859, 0.5723536669395952, 0.3638968725242083, -0.6122520892719335, 2.1718231298438466, -1.0351851847196] 
[0.12037953500474885, 0.12823450981642714, 0.1278858628299736, 0.24691120778324815, -1.182297543781627, -1.678464597372085, 1.588293760619985, 0.5617976547946528, 0.5901611620911471, 0.570940161852172, 0.36271637613648006, -0.6113657059311001, 2.170825494022758, -1.0341023480680138] 
[0.11958602569275556, 0.12902801912842043, 0.12709235351798032, 0.24611769847125486, -1.1815040344696337, -1.6792581066840784, 1.5875002513079917, 0.5611041308559573, 0.5910006488427206, 0.5719612631943765, 0.3637100882319523, -0.6105493775653977, 2.170115906095633, -1.0333135144455188] 
[0.11948266165589871, 0.1289246550915636, 0.12698898948112347, 0.2462210625081117, -1.1816073985064905, -1.6791547426472215, 1.5873968872711348, 0.5612197963297312, 0.5911046255895632, 0.571858110478857, 0.36360374080891394, -0.6104448044297452, 2.170228780582172, -1.0334161671296798] 
[0.12039388839242193, 0.12801342835504037, 0.1279002162176467, 0.2453098357715885, -1.1806961717699673, -1.6782435159106983, 1.5864856605346116, 0.5604227258857325, 0.5920703387924436, 0.5730325202054223, 0.3647604805021575, -0.6093279570694601, 2.1712541335700943, -1.0324985199867636] 
[0.12100662240842752, 0.12740069433903478, 0.12851295023365228, 0.24592256978759408, -1.1800834377539617, -1.678856249926704, 1.585872926518606, 0.5598655944060841, 0.5925371143196377, 0.5723993483694343, 0.3641158157317059, -0.6088282541879344, 2.170693092952755, -1.0318891138984971] 
[0.12086576810332261, 0.1275415486441397, 0.1286538045387572, 0.246063424092699, -1.1802242920590666, -1.678715395621599, 1.585732072213501, 0.5599892289141717, 0.5923932962839945, 0.5722573122897655, 0.36425213801145123, -0.6086870902977248, 2.1705666921522733, -1.0317489811119718] 
[0.12035965197161602, 0.1270354325124331, 0.1281476884070506, 0.24656954022440558, -1.17971817592736, -1.6792215117533056, 1.5852259560817945, 0.5605562147844465, 0.59290227304734, 0.5717386715945988, 0.36363425996303406, -0.6092062632996265, 2.1710198104921514, -1.032252535762174] 
[0.11988710740934849, 0.12656288795016557, 0.12767514384478307, 0.2470420847866731, -1.1792456313650925, -1.678748967191038, 1.584753411519527, 0.5601265959565103, 0.5932626854016747, 0.5712499681294597, 0.36313708876699996, -0.6088220765549571, 2.170581941631492, -1.0327274745364257] 
[0.11973883218344483, 0.12671116317606923, 0.12782341907068673, 0.24719036001257677, -1.1793939065909962, -1.6788972424169417, 1.5849016867454306, 0.5599917538722644, 0.593375908121766, 0.5710966737945025, 0.3629811994007612, -0.6087015007178269, 2.17044452086544, -1.0328764774266932] 
[0.11917902928321056, 0.12615136027583496, 0.128383221970921, 0.2466305571123425, -1.1799537094912305, -1.679457045317176, 1.585461489645665, 0.560483808647882, 0.5928041710467458, 0.5705322402172085, 0.3635237209855189, -0.608140650268367, 2.169935942937625, -1.0334390009126864] 
[0.11995327035066794, 0.12537711920837757, 0.12760898090346362, 0.24585631604488511, -1.179179468423773, -1.6786828042497186, 1.5846872485782075, 0.561185541811984, 0.5921894486923535, 0.5711516904674195, 0.362885344345916, -0.6074948931215483, 2.169220169856978, -1.0342172172425534] 
[0.12069092981211427, 0.12463945974693125, 0.1268713214420173, 0.2451186565834388, -1.1784418089623268, -1.679420463711165, 1.5854249080396539, 0.5618336677517999, 0.5914353329986489, 0.5703931611095865, 0.3634731964192766, -0.6081125574440636, 2.1699021116817705, -1.0334759633078543] 
[0.11847033041299426, 0.12686005914605125, 0.12465072204289729, 0.2473392559825588, -1.1762212095632067, -1.677199864312045, 1.5876455074387739, 0.564330815679959, 0.5937502409567837, 0.5687266863273387, 0.3656960117273989, -0.6058833107458422, 2.1678857373005957, -1.0357077743403234] 
[0.11646798326284824, 0.12886240629619727, 0.1266530691930433, 0.24934160313270481, -1.1742188624130607, -1.675197517161899, 1.5896478545889199, 0.5620847301005802, 0.5916713349475846, 0.5702250226613805, 0.3636482937873822, -0.6082877327026754, 2.165667632724156, -1.0337197121349626] 
[0.11725548638631722, 0.1280749031727283, 0.1274405723165123, 0.2501291062561738, -1.1750063655365297, -1.67441001403843, 1.588860351465451, 0.5629869464750388, 0.592666752273999, 0.5710459608259427, 0.3628855030394211, -0.6090803463512924, 2.166387043595753, -1.0329269993369397] 
[0.11667249410042857, 0.12749191088683964, 0.12802356460240094, 0.24954611397028514, -1.1755893578224184, -1.6749930063243186, 1.5882773591795623, 0.5624734709899377, 0.5932658862137996, 0.5716477729716063, 0.36242237540905325, -0.608590539209359, 2.165853352795381, -1.0323477037277697] 
[0.11769140294169234, 0.12647300204557588, 0.1290424734436647, 0.2505650228115489, -1.1745704489811546, -1.6739740974830548, 1.5872584503382985, 0.5613022526488328, 0.5919467689129903, 0.5703305892758121, 0.3613381025420146, -0.60756963174852, 2.1669740941177587, -1.0313212933824374] 
[0.11780157949323311, 0.12658317859711665, 0.12893229689212393, 0.2506751993630897, -1.1746806255326954, -1.673863920931514, 1.5871482737867577, 0.5613993072174764, 0.5918341165153204, 0.570219651143911, 0.3614450992773084, -0.6074585663200804, 2.1668734406691263, -1.0314321059941587] 
[0.11592779338403247, 0.1284569647063173, 0.1270585107829233, 0.2525489854722903, -1.1728068394234947, -1.6757377070407147, 1.5890220598959583, 0.5635566579740258, 0.5942662905654238, 0.5726878008216719, 0.36380809125304003, -0.6055174682230546, 2.1651663159751524, -1.0333166050570572] 
[0.11829194374787122, 0.12609281434247854, 0.12942266114676204, 0.25491313583612907, -1.170442689059656, -1.673373556676876, 1.591386210259797, 0.565705328923106, 0.5923879060217118, 0.574583565786684, 0.36190731353540506, -0.6030952296950393, 2.1677404630601993, -1.035662673526228] 
[0.11757199737771018, 0.1253728679723175, 0.128702714776601, 0.2556330822062901, -1.171162635429817, -1.6726536103067149, 1.590666263889636, 0.564876215796781, 0.5914554888682868, 0.5736516954560696, 0.3611288000100386, -0.6025114700929384, 2.167079490965948, -1.034948003060842] 
[0.11883875708866498, 0.1241061082613627, 0.1274359550656462, 0.2543663224953353, -1.1698958757188622, -1.6739203700176697, 1.5893995041786813, 0.5662913262980706, 0.5927301923181117, 0.5723789209400856, 0.359805770899365, -0.6014810229426224, 2.165896303822857, -1.036223861998921] 
[0.1188338224783766, 0.12411104287165109, 0.1274310204553578, 0.2543613878850469, -1.1698909411085738, -1.6739154354073813, 1.5894044387889696, 0.5662968651795034, 0.5927353286095962, 0.5723752303145766, 0.35981083234089917, -0.6014750960580538, 2.165901746754519, -1.0362287573065645] 
[0.11817284935729433, 0.12477201599273335, 0.12809199357644008, 0.25370041476396465, -1.1692299679874916, -1.6745764085284636, 1.590065411910052, 0.5668957650508499, 0.5922076852160247, 0.5728909141440421, 0.359147525159088, -0.6021452463041035, 2.166506056005535, -1.0355634193428869] 
[0.11756890469417514, 0.12416807132961416, 0.12869593823955927, 0.25430435942708385, -1.1698339126506108, -1.6751803531915828, 1.590669356573171, 0.5662027199792967, 0.5914460226097139, 0.5722655924821239, 0.3597341870492409, -0.6015343462116522, 2.1659629912899017, -1.0349635425278099] 
[0.1186395381541604, 0.12523870478959942, 0.12976657169954453, 0.2553749928870691, -1.1687632791906255, -1.6741097197315975, 1.5917399900331564, 0.56523135609426, 0.5922988894027452, 0.5714071971743097, 0.36061209156760465, -0.6024270108119167, 2.1669590630624036, -1.0338852255615119] 
[0.11980762644651322, 0.12640679308195224, 0.13093465999189735, 0.2542069045947163, -1.1699313674829783, -1.6752778080239503, 1.5905719017408035, 0.5642080347142804, 0.593531636496291, 0.5729100099372093, 0.3620860910262534, -0.6012105917045819, 2.165912128498062, -1.0327256705767567] 
[0.11998225691392606, 0.12658142354936508, 0.1307600295244845, 0.25403227412730345, -1.1697567370155655, -1.6751031775565375, 1.5903972712733907, 0.5643668507454143, 0.5933982574148898, 0.5730906851798361, 0.3622663484566407, -0.6013855514131611, 2.1657198862078775, -1.0329017763388577] 
[0.12003675423298532, 0.12652692623030581, 0.13081452684354378, 0.2540867714463627, -1.1697022396965062, -1.6750486802374782, 1.5903427739543314, 0.5644278514731716, 0.5934530289823859, 0.5730346055832911, 0.36219934395514175, -0.6014419566066583, 2.165769567817823, -1.032846900959792] 
[0.11985901661811582, 0.12634918861543631, 0.13099226445841328, 0.2542645090612322, -1.1698799773113757, -1.6748709426226087, 1.590520511569201, 0.5642662340640976, 0.5935887307247805, 0.5728507484552281, 0.36201590120596155, -0.6012639296273605, 2.165965173829552, -1.0326676787890363] 
[0.11986785631497299, 0.12634034891857915, 0.1309834247615561, 0.2542733487580894, -1.1698888170082329, -1.6748621029257516, 1.590529351266058, 0.5642761306880061, 0.5935976409870549, 0.5728418530471787, 0.36200664428590995, -0.6012567539810864, 2.165956930254128, -1.0326765815942258] 
[0.12074453510813854, 0.1254636701254136, 0.13186010355472166, 0.2533966699649238, -1.1690121382150673, -1.675738781718917, 1.5896526724728925, 0.5635059008105203, 0.5944949754626835, 0.5737450827645383, 0.36133086348660415, -0.6003563526778709, 2.1669237265957904, -1.0317924983648332] 
[0.12164099948295715, 0.1263601345002322, 0.13096363917990306, 0.2525002055901052, -1.1681156738402487, -1.6766352460937357, 1.588756208098074, 0.5642932491474021, 0.5935819055180966, 0.5728461667129637, 0.3622018581835553, -0.5994504062215175, 2.1661183441991354, -1.030901939843685] 
[0.12154109184230422, 0.12646004214088513, 0.131063546820556, 0.25260011323075815, -1.1680157661995958, -1.6767351537343886, 1.588656300457421, 0.564202505621238, 0.5936580359852365, 0.5727425233206414, 0.36209680777171493, -0.5993694467569406, 2.1660253518753523, -1.031002498287921] 
[0.12091815623190627, 0.12708297775128308, 0.13168648243095393, 0.2532230488411561, -1.1686387018099937, -1.6761122181239907, 1.589279236067819, 0.5649011365344965, 0.5942873936413956, 0.5721172769771945, 0.36145612033885643, -0.5987441020840549, 2.1667115593771618, -1.0303747859205634] 
[0.12015469313912164, 0.12631951465849844, 0.1309230193381693, 0.25245958574837146, -1.167875238717209, -1.6768756812167753, 1.5900426991606036, 0.5657833797780806, 0.5952801155725843, 0.573109028044902, 0.36228462545184026, -0.5993614551407843, 2.1674117515550844, -1.0311332119664105] 
[0.11994271054224115, 0.12610753206161796, 0.1307110367412888, 0.25267156834525195, -1.1680872213140896, -1.6766636986198948, 1.589830716563723, 0.5655980131043706, 0.5955039467013659, 0.5733823282569801, 0.36255225217298626, -0.5991413709428142, 2.1672221059719368, -1.0309226524238515] 
[0.1194794773486062, 0.1265707652552529, 0.13117426993492376, 0.2531348015388869, -1.1676239881204546, -1.6771269318135298, 1.590293949757358, 0.5660033542148465, 0.5950162502020376, 0.5727960874350491, 0.36205201837351486, -0.5987666928746712, 2.166797553796047, -1.030462568386545] 
[0.11996694545727948, 0.12608329714657962, 0.13068680182625048, 0.2526473334302136, -1.168111456229128, -1.6766394637048565, 1.5898064816486848, 0.5664319976082103, 0.5945187556177542, 0.5723075002173559, 0.3625352148798241, -0.598180495109342, 2.1673441627214793, -1.0299709427820578] 
[0.11985342157213552, 0.12619682103172358, 0.1305732779411065, 0.2527608573153576, -1.167997932343984, -1.6767529875900005, 1.5896929577635408, 0.5665352282893661, 0.5944320609502195, 0.5724252298596878, 0.36265454168629185, -0.5982724807180504, 2.167449876625904, -1.029856635794729] 
[0.11942874702292727, 0.12577214648251533, 0.13014860339189827, 0.2531855318645658, -1.1675732577947757, -1.6771776621392087, 1.5892682832143326, 0.5669215961263083, 0.5941091132995295, 0.5728763967874623, 0.36318630693108106, -0.5977511927130051, 2.167926811808692, -1.0294284484310938] 
[0.11984659099609829, 0.12535430250934432, 0.13056644736506928, 0.2527676878913948, -1.1671554138216047, -1.6775955061123797, 1.5896861271875036, 0.5673892440236336, 0.5945304522916504, 0.5724570822929029, 0.36275708368310594, -0.597331633870115, 2.1683873609453936, -1.0290072854031629] 
[0.12054088349706504, 0.12604859501031107, 0.12987215486410253, 0.25207339539042806, -1.1678497063225715, -1.676901213611413, 1.5903804196884703, 0.5666118593091243, 0.593829971959371, 0.5731560738505397, 0.36348395281632706, -0.597894794509608, 2.1690231141837635, -1.0296968881930237] 
[0.12026622969900302, 0.1263232488083731, 0.13014680866216455, 0.25179874159236604, -1.1675750525245094, -1.677175867409475, 1.5906550734865323, 0.5663621215348388, 0.5940388322434718, 0.5728651609443589, 0.3631455339052638, -0.5981790824342753, 2.169268863951181, -1.0299696654835109] 
[0.1207271770999131, 0.12586230140746302, 0.13060775606307462, 0.25133779419145597, -1.1671141051235994, -1.677636814810385, 1.5911160208874424, 0.5667813532898294, 0.5936883410466465, 0.5733534625403737, 0.36371353809514867, -0.5977027531317431, 2.1688493731808394, -1.0304338629655676] 
[0.12099251282717305, 0.12612763713472297, 0.13087309179033457, 0.2516031299187159, -1.1668487693963394, -1.677902150537645, 1.5913813566147024, 0.5670225834139506, 0.5934865892243236, 0.5736348054321561, 0.3640406307664509, -0.5974286669626098, 2.168607950639836, -1.0307011145412406] 
[0.1216701240949557, 0.12680524840250562, 0.13019548052255192, 0.25092551865093327, -1.167526380664122, -1.6772245392698624, 1.592058967882485, 0.566260652130899, 0.5927823893667031, 0.574156945923662, 0.3634960237913755, -0.5967325482290641, 2.1693573333395375, -1.0300174752095828] 
[0.12120843129114178, 0.1263435555986917, 0.129733787718738, 0.2513872114547472, -1.1670646878603081, -1.6767628464660485, 1.592520660686299, 0.5667946284613137, 0.5933827724751263, 0.5747547032551245, 0.36398768432948386, -0.5971942128301605, 2.1688557414844656, -1.0295599437223113] 
[0.12078844952576262, 0.12676353736407087, 0.12931380595335884, 0.250967229689368, -1.166644706094929, -1.6763428647006693, 1.5921006789209198, 0.5671761817994766, 0.5930623970302992, 0.5751887823486258, 0.364420765191656, -0.5976158756493236, 2.1683924386238598, -1.0299838570405446] 
[0.11969303239496398, 0.12566812023327223, 0.1282183888225602, 0.24987181255856938, -1.1655492889641303, -1.6752474475698707, 1.5910052617901211, 0.5659149434752033, 0.5916750985335973, 0.5740548177736045, 0.36550306221088574, -0.5963004198298416, 2.1696204939056227, -1.0288782096585856] 
[0.12057992076328816, 0.1265550086015964, 0.12910527719088438, 0.2489849241902452, -1.1646624005958062, -1.6761343359381948, 1.590118373421797, 0.5651351949532282, 0.5925794931804116, 0.5749451142143696, 0.36462271437308214, -0.597364598338684, 2.1686277167232046, -1.0297729641244] 
[0.12000136284986695, 0.12713356651501762, 0.12852671927746318, 0.248406366276824, -1.1652409585092274, -1.676712893851616, 1.5906969313352182, 0.5657834059729594, 0.59316321456211, 0.5743641872631389, 0.36401759335398803, -0.5968949172818492, 2.168088703877897, -1.0303556134675025] 
[0.12059868491740133, 0.12653624444748324, 0.12912404134499755, 0.24780904420928962, -1.164643636441693, -1.6773102159191504, 1.5912942534027525, 0.5650962878276723, 0.5924070205146373, 0.5737451733019981, 0.364607617186066, -0.59617778979555, 2.168758255649362, -1.029753064306608] 
[0.12105965356459791, 0.12607527580028666, 0.12866307269780097, 0.2482700128564862, -1.1641826677944964, -1.677771184566347, 1.5917552220499491, 0.565627076224675, 0.5929920464422357, 0.574233831144208, 0.36424427589057257, -0.5957915712396722, 2.1683375386882964, -1.0292954831965702] 
[0.12006018750116099, 0.12707474186372358, 0.1296625387612379, 0.24926947891992313, -1.1631832017310595, -1.67677171850291, 1.5907557559865122, 0.5645031433627622, 0.5919531407172189, 0.5750029903956188, 0.3634200317000537, -0.594958248406843, 2.1674254620890454, -1.0283035338152826] 
[0.11989171879686211, 0.12724321056802246, 0.12983100746553677, 0.24910101021562425, -1.1633516704353584, -1.6766032497986112, 1.590924224690811, 0.5646917818844783, 0.5921229114305352, 0.5748337963020421, 0.36324378067894575, -0.5948216417535521, 2.1672685142272483, -1.028473237289354] 
[0.12042027454518334, 0.12671465481970123, 0.130359563213858, 0.24962956596394548, -1.1628231146870371, -1.67607469405029, 1.5903956689424898, 0.5651726911408336, 0.5917212982168615, 0.5753932231042725, 0.36389496685376876, -0.5942744514805808, 2.1667955407332795, -1.0279484326138746] 
[0.12107757509115757, 0.12737195536567547, 0.12970226266788376, 0.24897226541797124, -1.1634804152330114, -1.6754173935043157, 1.591052969488464, 0.5659294134811075, 0.5925556095249566, 0.5760912749994829, 0.3633905013708487, -0.5935993116780197, 2.167510906510053, -1.0286002016047915] 
[0.12132856198431441, 0.12712096847251864, 0.1299532495610406, 0.2487212785248144, -1.1632294283398545, -1.675166406611159, 1.591303956381621, 0.5656403049635543, 0.5922374083395652, 0.5758307310878898, 0.3636336375331912, -0.5933457403193257, 2.167285472578075, -1.0283510137128884] 
[0.1219189056326303, 0.12653062482420274, 0.1305435932093565, 0.2493116221731303, -1.1626390846915386, -1.674576062962843, 1.590713612733305, 0.564976328268204, 0.5916240782174044, 0.5762853256923912, 0.363158352293366, -0.5927419031632575, 2.167927063842418, -1.0289361707718006] 
[0.12195866322954985, 0.12657038242112228, 0.13050383561243695, 0.24927186457621076, -1.162599327094619, -1.6746158205597625, 1.5906738551363855, 0.5650221823388122, 0.5916746106183335, 0.576327540959642, 0.36312784256989245, -0.592701068916271, 2.16797089937288, -1.0288960685185609] 
[0.12117308670263072, 0.12578480589420316, 0.12971825908551782, 0.24848628804929163, -1.1618137505677, -1.6754013970866817, 1.5898882786094664, 0.5643366357842382, 0.5925034734738963, 0.5773419559842239, 0.3641339687510013, -0.5917366207880794, 2.1688515963187567, -1.0281035807363517] 
[0.12132307739438375, 0.12563481520245012, 0.12986824977727085, 0.24863627874104466, -1.161663759875947, -1.6755513877784347, 1.5900382693012194, 0.564509977761763, 0.5926981944309597, 0.5775358447690901, 0.3642935664571497, -0.5918862475821591, 2.1686888344396404, -1.0279548189703] 
[0.12104853679418881, 0.12536027460225518, 0.1301427903774658, 0.2489108193412396, -1.1619383004761419, -1.6758259283786296, 1.5903128099014143, 0.5642022277012783, 0.5924216143682651, 0.57781891391524, 0.3646359756946839, -0.5915502288765004, 2.168992546952131, -1.028227047627077] 
[0.1215336990382535, 0.12487511235819049, 0.1296576281334011, 0.2484256570971749, -1.1614531382320772, -1.675340766134565, 1.590797972145479, 0.5637612771625575, 0.5927906432271046, 0.5773045215634548, 0.36403780194460456, -0.5920529643366447, 2.169427121204525, -1.0287088568001443] 
[0.120201831713307, 0.126206979683137, 0.1283257608084546, 0.2470937897722284, -1.1627850055570237, -1.6766726334595115, 1.5921298394704255, 0.5652603753648952, 0.5941808659587159, 0.5763095968080907, 0.3653768427718644, -0.5907041166719432, 2.1682097980233612, -1.0300503614292587] 
[0.11996811768653359, 0.1264406937099104, 0.128559474835228, 0.246860075745455, -1.1625512915302503, -1.6769063474862849, 1.591896125443652, 0.5649986048772488, 0.5939450158355375, 0.576543618516117, 0.3656167948978418, -0.5909386089061904, 2.16795597740932, -1.0298187837528476] 
[0.12011983024628947, 0.12659240626966628, 0.12840776227547213, 0.2467083631856991, -1.1623995789704944, -1.676754634926529, 1.5917444128838962, 0.564865271271806, 0.5940998183759434, 0.5766959972795916, 0.36546634253245336, -0.5911208363092613, 2.167785812650463, -1.0299719135930796] 
[0.12018746179519824, 0.12652477472075752, 0.12834013072656336, 0.24664073163679034, -1.1623319474215856, -1.6766870033776202, 1.591812044432805, 0.5649244111414213, 0.594028383051146, 0.576608847262187, 0.3653799829002994, -0.5912039296193052, 2.1677097954248223, -1.030040173958598] 
[0.12088495730854121, 0.12582727920741454, 0.1276426352132204, 0.24733822715013332, -1.1616344519082427, -1.6759895078642773, 1.592509539946148, 0.5641192222953592, 0.5931229397843979, 0.5757059779583978, 0.3646256522190921, -0.5906390539745832, 2.1670711787479497, -1.029347979019322] 
[0.12139501484244264, 0.1253172216735131, 0.12713257767931896, 0.24784828468403475, -1.1611243943743412, -1.6764995653981787, 1.5930195974800494, 0.5635317404982849, 0.5924757820185678, 0.5751652520437669, 0.3650282639541966, -0.5910658872163177, 2.1675457862640557, -1.0288338446207894] 
[0.12099346460029026, 0.12491567143136073, 0.12753412792147134, 0.24824983492618713, -1.1607228441321888, -1.676901115640331, 1.592618047237897, 0.5631794593975511, 0.5928858543613341, 0.5755784190243942, 0.3647096947451046, -0.5907295979627417, 2.167179292156095, -1.0284355201082862] 
[0.12185023332437084, 0.1257724401554413, 0.12839089664555192, 0.2491066036502677, -1.1598660754081083, -1.6777578843644116, 1.5917612785138164, 0.5641660272323208, 0.5939696993057899, 0.5764663437464287, 0.36387746738917387, -0.5915949274536866, 2.1679472382198215, -1.0292856459460462] 
[0.12205852493533798, 0.12598073176640845, 0.12818260503458478, 0.24931489526123485, -1.1600743670190754, -1.6775495927534445, 1.5919695701247836, 0.5643552334036872, 0.5938114305769138, 0.5766866658068002, 0.3641339489166875, -0.5913792373266138, 2.167761126016842, -1.0290789039494121] 
[0.12187214570456917, 0.12616711099717726, 0.1283689842653536, 0.24950127449200366, -1.1602607462498442, -1.6777359719842133, 1.5921559493555524, 0.5645709382850617, 0.5940542111760572, 0.5769320071215357, 0.364369369009786, -0.5911859168167534, 2.1675914696665433, -1.0292667091614607] 
[0.12145347146303209, 0.12658578523871433, 0.12878765850689067, 0.24991994873354073, -1.1598420720083071, -1.6773172977426762, 1.5917372751140153, 0.5640995700501441, 0.5936172950639205, 0.5772436780988757, 0.36393966927151367, -0.5916911775524708, 2.167121296073519, -1.0296893682619415] 
[0.12091331492319768, 0.12712594177854875, 0.12932781504672508, 0.25046010527337514, -1.1593019154684727, -1.6778574542825107, 1.591197118574181, 0.5647222170022596, 0.5943036530127056, 0.5778179302781993, 0.36352487276687634, -0.5911352664491111, 2.1677184866068764, -1.029144244556198] 
[0.1214264192144664, 0.12661283748728003, 0.12881471075545636, 0.25097320956464386, -1.158788811177204, -1.6783705585737794, 1.5917102228654496, 0.5652992629643678, 0.5948380788088109, 0.5774355843335661, 0.36404174076594253, -0.5906149581992383, 2.1672588820440115, -1.0286348688595264] 
[0.12143008820470869, 0.12661650647752232, 0.12881104176521407, 0.2509695405744016, -1.1587924801674463, -1.6783742275640217, 1.591713891855692, 0.5653024824262217, 0.5948343376850062, 0.5774318920118067, 0.36404531919218386, -0.590611255239307, 2.1672555351663303, -1.0286385657156842] 
[0.12134703062019725, 0.12653344889301088, 0.12872798418070264, 0.251052598158913, -1.1588755377519577, -1.678457285148533, 1.5916308342711805, 0.5652270352975466, 0.5948976725388088, 0.5773461641856117, 0.3639599023967654, -0.5905278823583294, 2.167347236490213, -1.0285547445038914] 
[0.12117223224792639, 0.12635865052074002, 0.1289027825529735, 0.25122739653118387, -1.1587007393796869, -1.678632083520804, 1.5918056326434513, 0.5653858988197715, 0.5947649724575218, 0.5775314768423351, 0.36417878267051945, -0.5903127251616676, 2.167544019256042, -1.0283783142869989] 
[0.12083639536941704, 0.12602281364223067, 0.12856694567446414, 0.2515632334096932, -1.1583649025011775, -1.6782962466422946, 1.5921414695219607, 0.565772750770397, 0.5951904092404058, 0.5778797870610093, 0.3638524607726537, -0.5906520671638463, 2.167844653498435, -1.0287116362487099] 
[0.12099844443397345, 0.12586076457767426, 0.12840489660990773, 0.25172528247424963, -1.158202853436621, -1.6781341975777382, 1.592303518586517, 0.5655854869526777, 0.594979559919334, 0.5776663934052741, 0.36364746955839217, -0.5908203662838776, 2.1679920691182124, -1.0285483332801666] 
[0.12108556631871281, 0.1257736426929349, 0.12831777472516837, 0.2516381605895103, -1.1582899753213605, -1.6780470756929988, 1.5923906404712564, 0.5656643399318799, 0.5949105077352211, 0.577736200888623, 0.3635761034159324, -0.5907480121964145, 2.1679110714807095, -1.028636149622419] 
[0.12223067859305303, 0.12462853041859467, 0.1294628869995086, 0.25049304831517005, -1.1571448630470202, -1.6769019634186586, 1.5912455281969162, 0.5646240232319469, 0.5957850010296556, 0.5765544052761717, 0.3623994027514032, -0.5895993278874273, 2.16917523261644, -1.0274801568490655] 
[0.12184414678857991, 0.1250150622230678, 0.1298494188039817, 0.25010651651069693, -1.1575313948514934, -1.6765154316141855, 1.590858996392443, 0.5649749942466795, 0.5954910637378299, 0.5769641746746346, 0.36287642638562817, -0.5891981427242752, 2.16882952728331, -1.027096450450195] 
[0.12087778142803984, 0.12598142758360786, 0.13081578416452178, 0.251072881871237, -1.1565650294909533, -1.6774817969747255, 1.5918253617529832, 0.5660626703793121, 0.5964970045709637, 0.5762178445319764, 0.3636523355635734, -0.5901879240174287, 2.1677626760099193, -1.0280713630791654] 
[0.12018630019903498, 0.125289946354603, 0.13150726539352664, 0.25176436310024186, -1.1558735482619484, -1.6767903157457207, 1.5911338805239783, 0.5652664882497297, 0.5956217837671137, 0.5755022557766474, 0.3643234662439463, -0.5894884152773104, 2.167143018297005, -1.0273850963676963] 
[0.11981677544293234, 0.12565947111070563, 0.131137740637424, 0.2521338878563445, -1.1555040235058458, -1.6771598405018233, 1.5907643557678757, 0.5648399638278809, 0.595142623242203, 0.5750233739757569, 0.3639232635764763, -0.5891904819388529, 2.166804419482238, -1.027018331830888] 
[0.1179781826068701, 0.12749806394676788, 0.12929914780136176, 0.25397248069240674, -1.1536654306697836, -1.675321247665761, 1.5889257629318134, 0.5627821915687974, 0.593294377738599, 0.5769232611721534, 0.3662260516963503, -0.5869305245631307, 2.1688410045811892, -1.0288406112358128] 
[0.11783928395324239, 0.1276369626003956, 0.12916024914773405, 0.25383358203877904, -1.1538043293234113, -1.6754601463193888, 1.5890646615854411, 0.56265988708501, 0.5934365128174199, 0.5770631436715816, 0.36609022819215215, -0.5870716048808501, 2.1689658695628293, -1.0289785978187846] 
[0.12009623621394028, 0.12989391486109347, 0.12690329688703617, 0.25157662977808115, -1.1515473770627134, -1.673203194058691, 1.591321613846139, 0.565181299615516, 0.59570440890465, 0.5748049241476517, 0.3637809994743021, -0.5848211638700463, 2.1714144233239687, -1.0312175336268863] 
[0.12027534512639193, 0.12971480594864182, 0.12708240579948782, 0.2513975208656295, -1.151726485975165, -1.6730240851462392, 1.5911425049336874, 0.5653386111021544, 0.5955209264912994, 0.574624134540099, 0.3639597352703781, -0.5846062667632526, 2.1716114915402644, -1.0313950047122673] 
[0.12026625646781597, 0.12972389460721778, 0.12709149445806378, 0.25138843220705354, -1.151735574633741, -1.6730149964876633, 1.5911334162751114, 0.5653281493274426, 0.5955093855227735, 0.5746146543916263, 0.3639685963166234, -0.5845970406041131, 2.1716031604889294, -1.0314041619794834] 
[0.11976017294842933, 0.13022997812660442, 0.12759757797745042, 0.2508823486876669, -1.1522416581531276, -1.6725089129682766, 1.591639499794498, 0.5647616777364353, 0.5950017882000396, 0.575131793588625, 0.364590596022452, -0.5840695251551676, 2.171148836877119, -1.030901818203771] 
[0.11880131141577721, 0.1292711165939523, 0.12855643951010254, 0.24992348715501478, -1.1512827966204755, -1.6715500514356245, 1.5925983613271502, 0.565630750101991, 0.5942438332192799, 0.5758977554067626, 0.3638054025383384, -0.5832696905888646, 2.170253710855248, -1.0318682230641254] 
[0.11887504367337443, 0.12919738433635508, 0.12848270725250532, 0.24984975489741756, -1.1512090643628783, -1.6714763191780273, 1.592524629069553, 0.5656955725637444, 0.5941680265368506, 0.5758213987173465, 0.3638622200665856, -0.5833448469101005, 2.170173934291064, -1.031795195599517] 
[0.1194058846232312, 0.1286665433864983, 0.12795186630264854, 0.25038059584727435, -1.151739905312735, -1.6709454782281705, 1.5930554700194097, 0.5661790315901484, 0.5937651424832296, 0.5763817853997725, 0.36451738479785933, -0.5827909756043811, 2.1696969931006795, -1.0312685547059373] 
[0.1198224928155166, 0.1282499351942129, 0.12753525811036315, 0.25079720403955974, -1.1513232971204497, -1.671362086420456, 1.5926388618271243, 0.566658013841785, 0.5942931202490058, 0.5768153493336237, 0.36411153727760426, -0.5832149524042118, 2.1700723629969185, -1.0316817804066913] 
[0.11920500336937068, 0.12763244574806698, 0.12815274755650907, 0.2501797145934138, -1.1519407865665956, -1.6719795758666018, 1.5920213723809784, 0.5661180337867213, 0.5949469086024692, 0.5776118209401524, 0.3649023580602762, -0.5824568592765643, 2.170762708185229, -1.031058181157041] 
[0.11939972658919829, 0.12743772252823937, 0.12795802433668146, 0.2503744378132414, -1.1521355097864232, -1.6721742990864294, 1.5918266491611508, 0.5659415196889316, 0.5951012813149347, 0.577456015393671, 0.3650616820529148, -0.5826197117799253, 2.170941212346273, -1.0312513714275582] 
[0.11914899584112704, 0.12718699178016812, 0.12770729358861022, 0.2501237070651702, -1.151884779038352, -1.6724250298345007, 1.592077379909222, 0.5657210641980533, 0.5953575249248316, 0.5777081775168631, 0.36481182665508455, -0.5829204708145297, 2.1706613866467133, -1.0315044821174735] 
[0.11928237154499854, 0.12705361607629662, 0.1275739178847387, 0.24999033136129867, -1.1517514033344805, -1.6722916541306292, 1.5919440042053505, 0.5656002117715994, 0.595463737974235, 0.5776048045600739, 0.36494854730185283, -0.5827602752151702, 2.1708080098410276, -1.0316365952341378] 
[0.11938742908640976, 0.12715867361770783, 0.12767897542614992, 0.2500953889027099, -1.1518564608758917, -1.6723967116720404, 1.5918389466639393, 0.5657210005773682, 0.5955970080142048, 0.5777166292815922, 0.36486788388099867, -0.5826529052391878, 2.1709236038042787, -1.0315305482291732] 
[0.11821342067668639, 0.12598466520798446, 0.1288529838358733, 0.25126939731243325, -1.1506824524661683, -1.6735707200817638, 1.5930129550736627, 0.5667488158036669, 0.5943595760382353, 0.5762364937067196, 0.36362918170282454, -0.5814868981363224, 2.1722123772160153, -1.030345565652231] 
[0.11913639854248459, 0.12690764307378266, 0.1279300059700751, 0.25219237517823145, -1.14975947460037, -1.6726477422159656, 1.5920899772078645, 0.5677804900864759, 0.5952885770012063, 0.5753096620007194, 0.3626669743558152, -0.5807390348153293, 2.1713488647728854, -1.0312763261979216] 
[0.11993010203163934, 0.1261139395846279, 0.12872370945922984, 0.2513986716890767, -1.1505531780895248, -1.6734414457051203, 1.5912962737187097, 0.5684785708505985, 0.5944775203365538, 0.5745101302027458, 0.3634443119203104, -0.5799321325863823, 2.1706207440263268, -1.0320763331067588] 
[0.12022974071568371, 0.12641357826867228, 0.12842407077518547, 0.25169831037312107, -1.1502535394054805, -1.6737410843891647, 1.5909966350346654, 0.5688243434644086, 0.5948662043698663, 0.5748977547381909, 0.36376738677989273, -0.5801743164707069, 2.1708959650720048, -1.0323736822227791] 
[0.11940116615375829, 0.1272421528305977, 0.12759549621326005, 0.2525268849350465, -1.149424964843555, -1.6745696589510901, 1.59016806047274, 0.5697811737625333, 0.5959441356471677, 0.5759893774390716, 0.36481770607768765, -0.5793073386899665, 2.1701529047354344, -1.0315512027463527] 
[0.11961424346528304, 0.12702907551907294, 0.1278085735247848, 0.25273996224657125, -1.1496380421550798, -1.6743565816395654, 1.5899549831612152, 0.5695873186685939, 0.5961068225554949, 0.5757694428293181, 0.3645952463775529, -0.5791347141280461, 2.169957294395211, -1.0313396668754433] 
[0.12057067050222614, 0.12798550255601604, 0.1268521464878417, 0.25369638928351435, -1.1486816151181367, -1.6753130086765085, 1.5909114101981583, 0.5704576485999181, 0.5953794528640911, 0.576779717154646, 0.36577638287945724, -0.578138262353447, 2.169084384494913, -1.0323028938459848] 
[0.12079541239780156, 0.12776076066044062, 0.1266274045922663, 0.2534716473879389, -1.1484568732225613, -1.6755377505720839, 1.5911361520937337, 0.570710281911735, 0.5956132549238664, 0.5766120232361748, 0.36600411841215535, -0.5779092226196201, 2.168878886757305, -1.0325293198849124] 
[0.12052218276979787, 0.12748753103243693, 0.12690063422026998, 0.25319841775993523, -1.148730102850565, -1.6752645209440802, 1.5914093817217374, 0.5704628804507558, 0.5958293545264405, 0.5763923678651002, 0.3662223293279457, -0.578187591053112, 2.168582204099082, -1.0322585500348749] 
[0.12021864844579355, 0.1271839967084326, 0.12659709989626566, 0.2528948834359309, -1.1484265685265607, -1.6755680552680845, 1.5917129160457417, 0.5707377694651165, 0.5955891521215024, 0.5766363677563278, 0.36597992284633907, -0.577878388121138, 2.168911688563965, -1.0325593175362113] 
[0.1207373182838164, 0.12666532687040977, 0.1271157697342885, 0.2523762135979081, -1.1489452383645835, -1.6750493854300617, 1.5911942462077189, 0.570284306487608, 0.5961372903565263, 0.5773041060070474, 0.36664460016675043, -0.5772391406664819, 2.1694850156469503, -1.0330730988695855] 
[0.11942754549761958, 0.12535555408421295, 0.12842554252048533, 0.2536859863841049, -1.1476354655783867, -1.6737396126438648, 1.5925040189939157, 0.569093985863917, 0.5971370634581422, 0.5759553341207632, 0.3653030503070817, -0.5759329627851024, 2.1709258485726037, -1.0317513585177498] 
[0.11982374643228966, 0.12575175501888303, 0.12802934158581525, 0.2532897854494348, -1.1472392646437166, -1.6733434117091948, 1.5929002199285858, 0.5694543374959796, 0.5968337928575017, 0.5763641688673495, 0.36570931446187477, -0.576326495175586, 2.1704974339275056, -1.0313589560178467] 
[0.11906419982235505, 0.12499220840894842, 0.12878888819574985, 0.2525302388395002, -1.146479718033782, -1.6741029583191294, 1.5921406733186512, 0.5686010252952436, 0.5960431446466914, 0.5769317341212504, 0.36494005221620596, -0.5771029548150648, 2.1711800243146695, -1.0321123344910572] 
[0.11986637443531223, 0.1257943830219056, 0.12959106280870702, 0.25172806422654304, -1.1456775434208248, -1.6733007837061722, 1.5929428479316083, 0.5676761915045563, 0.5950023936786586, 0.5758761820185662, 0.36392201019076087, -0.577942294060351, 2.171912888163946, -1.031303754711182] 
[0.12091050296925332, 0.1268385115558467, 0.12854693427476593, 0.2527721927604841, -1.1446334148868837, -1.6743449122401133, 1.5939869764655494, 0.568590018088346, 0.5939040473076576, 0.5745595387801958, 0.3628198724365365, -0.5769068683411167, 2.1730600748765942, -1.030249203778052] 
[0.120124928167063, 0.12605293675365636, 0.12933250907695626, 0.25355776756267445, -1.1438478400846934, -1.6751304870423036, 1.593201401663359, 0.569301156195587, 0.593281912316803, 0.5751886919715269, 0.3621787101621805, -0.5762538849299822, 2.172326448403751, -1.0310417732289534] 
[0.12013881358017031, 0.12606682216676368, 0.12931862366384894, 0.25354388214956713, -1.1438617254978007, -1.675144372455411, 1.5932152870764664, 0.5692889538853733, 0.5932960696681343, 0.575202609733224, 0.36216482392394245, -0.576270627802955, 2.1723108971376135, -1.0310558021275138] 
[0.12063918365075665, 0.12556645209617734, 0.12981899373443528, 0.2540442522201535, -1.144362095568387, -1.6756447425259973, 1.5937156571470528, 0.5688494618948022, 0.5938080851563162, 0.5757188334621456, 0.3617810701899235, -0.5757591242604025, 2.1728628786241333, -1.030550336146718] 
[0.11967407214678716, 0.12460134059220784, 0.1288538822304658, 0.255009363724123, -1.1433969840644176, -1.6746796310220278, 1.5927505456430833, 0.5677348443827808, 0.5925559333375369, 0.5744700066800115, 0.3607405564918851, -0.5749845333635302, 2.1719600258939957, -1.0315239589951486] 
[0.12046823355066494, 0.12380717918833006, 0.12964804363434357, 0.2542152023202452, -1.1426028226605398, -1.6754737924259056, 1.593544707046961, 0.5668460079446525, 0.5917567385774185, 0.5752893502464081, 0.36173730939602433, -0.5740056687167122, 2.1728508346184805, -1.030721735453359] 
[0.12151902001485226, 0.12485796565251739, 0.12859725717015624, 0.25316441585605787, -1.1436536091247271, -1.6765245788900929, 1.5945954935111484, 0.5656370273237004, 0.59043024277724, 0.5742073999045535, 0.3627850034962155, -0.5727380795130361, 2.174028211168614, -1.0296598895934643] 
[0.12237258943765739, 0.1257115350753225, 0.12945082659296137, 0.254017985278863, -1.142800039701922, -1.677378148312898, 1.5937419240883433, 0.5648615410249763, 0.5910794395657546, 0.5733011631426815, 0.3617114040656944, -0.5737913943824766, 2.1730682358960234, -1.0305228699865394] 
[0.1220831784851849, 0.12542212412285003, 0.12974023754543385, 0.25430739623133547, -1.1425106287494495, -1.6776675592653705, 1.5934525131358708, 0.5646089352478392, 0.5913833530379964, 0.5736665881705535, 0.36202207064008574, -0.5740238568671637, 2.1733331534550837, -1.0308097725227368] 
[0.12216270719594846, 0.12534259541208648, 0.1298197662561974, 0.2542278675205719, -1.142590157460213, -1.677747087976134, 1.5933729844251072, 0.5645172349500649, 0.5912826145102131, 0.5735843079118171, 0.3620997581908003, -0.5739429654570868, 2.1732619592317204, -1.030730909826899] 
[0.12111182392679354, 0.1263934786812414, 0.13087064952535232, 0.253176984251417, -1.1415392741910582, -1.676696204706979, 1.5944238676942621, 0.5657008592228623, 0.5923805269908929, 0.5728034600601286, 0.36318533392976804, -0.5726705683209573, 2.174422738429728, -1.0317709742098065] 
[0.12108514125311587, 0.12636679600756373, 0.13084396685167465, 0.2531503015777393, -1.1415659568647358, -1.6767228873806568, 1.5944505503679398, 0.5657307716602086, 0.5924074748768768, 0.5727767007635087, 0.36315804683242303, -0.5726439683559583, 2.1744521598932764, -1.0317440038626597] 
[0.12110043989010066, 0.12638209464454853, 0.13082866821468986, 0.2531350029407545, -1.141550658227751, -1.6767381860176416, 1.594435251730955, 0.5657136222209581, 0.5923920291720856, 0.5727920821632082, 0.3631739968659707, -0.572656315572117, 2.174466160928499, -1.0317591654558993] 
[0.12034778960978898, 0.1271347449248602, 0.13158131849500154, 0.25238235266044284, -1.1407980079474394, -1.67598553573733, 1.5936826014506433, 0.5665837797738499, 0.5933725542334864, 0.5737883786092033, 0.3641477976440203, -0.5717242025220562, 2.175313021963729, -1.030998231098945] 
[0.12007611448761069, 0.1274064200470385, 0.13130964337282325, 0.25265402778262114, -1.140526332825261, -1.6757138606151516, 1.593410926328465, 0.5668965338539467, 0.5937174989230138, 0.5740770629035835, 0.36394119931869234, -0.571446125695449, 2.1756129996121043, -1.030723710081937] 
[0.12007200426733988, 0.1274023098267677, 0.13130553315255244, 0.25264991756235033, -1.1405222226049903, -1.6757097503948808, 1.5934068161081942, 0.5669001436424723, 0.593713287132575, 0.5740728211868565, 0.363944342382452, -0.5714503219265615, 2.1756085408378745, -1.030719641686068] 
[0.12165176590544136, 0.12898207146486917, 0.12972577151445097, 0.2542296792004518, -1.1389424609668888, -1.6772895120329823, 1.5918270544700928, 0.5655126560018133, 0.5953315796433688, 0.5756991344605149, 0.36270510323626526, -0.5701344449283214, 2.1741350974345495, -1.0323132222047775] 
[0.12156666257607995, 0.12889696813550777, 0.12981087484381237, 0.2541445758710904, -1.1390275642962502, -1.6773746153623437, 1.5917419511407314, 0.5654380557732, 0.5954188553643548, 0.5757872067790147, 0.36264002619921976, -0.5700473527018984, 2.174229089871296, -1.0322272962528307] 
[0.12210926393348587, 0.1294395694929137, 0.1303534762012183, 0.2536019745136845, -1.1384849629388443, -1.6779172167197496, 1.5911993497833254, 0.5659312743936964, 0.5950082272304298, 0.5763614960193926, 0.36331318763430714, -0.5694798601332655, 2.1737442470725843, -1.0316889202560486] 
[0.12086520126653355, 0.12819550682596137, 0.1315975388681706, 0.2523579118467322, -1.1397290256057966, -1.6766731540527973, 1.5924434124502778, 0.5670217480657492, 0.5937366588700621, 0.5751080884799267, 0.3645328515874002, -0.5682134185099085, 2.172629690308165, -1.030454329849895] 
[0.11983100936753843, 0.12716131492696625, 0.1305633469691755, 0.2533921037457273, -1.1386948337068015, -1.6777073459517924, 1.5914092205512826, 0.5660853821592863, 0.5945547267179294, 0.5742802694518196, 0.3653537416651253, -0.5692671084021065, 2.171506746593993, -1.0294302373489648] 
[0.11976957047592507, 0.1270998760353529, 0.13050190807756212, 0.25345354263734066, -1.1387562725984148, -1.6777687848434057, 1.5913477816596693, 0.5660295034851385, 0.5946016170389441, 0.5742168069341348, 0.36529073211654095, -0.5692059759426443, 2.171573397664398, -1.0294911042161037] 
[0.12010193231968203, 0.12743223787910984, 0.13016954623380517, 0.2531211807935837, -1.1384239107546579, -1.6781011466871627, 1.5916801435034262, 0.5663305091141259, 0.5943370514800658, 0.5744742301812206, 0.3649552105952613, -0.5695453249969865, 2.1718710863152944, -1.0298209191544145] 
[0.1198929236608538, 0.12722322922028162, 0.1303785548926334, 0.2533301894524119, -1.1382149020958297, -1.678310155345991, 1.5918891521622545, 0.5665206572245929, 0.5941783486266147, 0.5746957105965734, 0.3652145523901371, -0.5693269036926311, 2.171684445057303, -1.029613534255764] 
[0.1197558232897552, 0.12736032959138022, 0.1302414545215348, 0.2531930890813133, -1.1383520024669282, -1.6781730549748923, 1.592026252533353, 0.5666453503530381, 0.5940737690486234, 0.5748376420902712, 0.36535787782349516, -0.569437236802934, 2.171809944065869, -1.0297495313979745] 
[0.12076208887873918, 0.12635406400239624, 0.12923518893255082, 0.25218682349232935, -1.1373457368779443, -1.6771667893859084, 1.591019986944369, 0.5657613146119919, 0.5951052258181351, 0.5758769322565804, 0.36458854257198536, -0.5684062643204236, 2.1729223176729717, -1.0287334264511663] 
[0.11984971312554038, 0.12726643975559504, 0.128322813179352, 0.25127444773913055, -1.1364333611247455, -1.6780791651391072, 1.5919323626975679, 0.5649640100148817, 0.5960680967077318, 0.5770520341334769, 0.36574581304095444, -0.5674497046770491, 2.1721068399203385, -1.0278279377745012] 
[0.11857777114154644, 0.12853838173958898, 0.12705087119535807, 0.2525463897231245, -1.1351614191407515, -1.6768072231551132, 1.5932043046815618, 0.5634962174224718, 0.594416687368367, 0.5754085829128204, 0.36440281119388734, -0.5661873379001845, 2.1734864098854274, -1.0290876803091464] 
[0.1192311497804478, 0.12919176037849034, 0.12770424983425943, 0.25319976836202585, -1.1345080405018502, -1.6761538445162119, 1.5938576833204632, 0.562743311933446, 0.5935683807492699, 0.5745643320517826, 0.36371438561698527, -0.5655402545454673, 2.17419381353217, -1.029734407950243] 
[0.11966602318603947, 0.12875688697289867, 0.12726937642866776, 0.25276489495643417, -1.1349429139074418, -1.6765887179218035, 1.5934228099148715, 0.5623611490466863, 0.5940152407333517, 0.5750141052127586, 0.363372548039007, -0.56517792907168, 2.173796549678686, -1.0293033841641601] 
[0.11913168813854569, 0.12822255192540488, 0.12673504138117397, 0.25329923000392796, -1.1354772489549356, -1.6771230529692973, 1.5939571449623653, 0.5629612184879913, 0.5945704653884517, 0.5746174801832252, 0.3639263967443045, -0.5645300275415112, 2.174396062553152, -1.0287633547476833] 
[0.11914306712514489, 0.12823393091200408, 0.12674642036777317, 0.25331060899052715, -1.1354886279415348, -1.6771344319558965, 1.593945765975766, 0.5629711767038285, 0.5945584121311526, 0.5746028066192773, 0.3639117582209788, -0.5645441339586962, 2.1743832577320514, -1.0287748580804341] 
[0.11914977245836156, 0.12824063624522075, 0.1267397150345565, 0.2533173143237438, -1.1354819226083182, -1.6771411372891132, 1.5939524713089828, 0.562977044729028, 0.5945513094058391, 0.574594159689408, 0.3639031319899902, -0.5645524466071856, 2.1743757121320657, -1.028781636650234] 
[0.11818438466593506, 0.12727524845279425, 0.127705102826983, 0.2542827021161703, -1.1345165348158917, -1.6781065250815397, 1.5949178591014093, 0.5618975493759764, 0.5935834099605019, 0.5755845376349955, 0.36511364998971657, -0.5633607220486143, 2.175442865071232, -1.0297366636575553] 
[0.11867465476016748, 0.12678497835856184, 0.1281953729212154, 0.2537924320219379, -1.135006804910124, -1.6776162549873073, 1.5944275890071768, 0.5614679902226769, 0.594102503286685, 0.576216937310787, 0.36574532651760333, -0.562752887945007, 2.1759853290353135, -1.030221436727677] 
[0.11846249934974395, 0.12657282294813832, 0.12840752833163893, 0.2535802766115144, -1.1352189603205476, -1.6774040995768837, 1.5946397444176004, 0.5617060314592283, 0.5943229095095067, 0.5760586877422588, 0.3659608723267485, -0.5625358286112467, 2.1757955662625874, -1.0300111633076554] 
[0.11910268810947244, 0.1272130117078668, 0.12904771709136742, 0.2529400878517859, -1.134578771560819, -1.6767639108171553, 1.5952799331773289, 0.5609881094582507, 0.5936598838974613, 0.5765520374398053, 0.36543705570696916, -0.562005194122879, 2.175211275900603, -1.0293768187861587] 
[0.11941555180846308, 0.12690014800887617, 0.12873485339237678, 0.25325295155077654, -1.1342659078618285, -1.6764510471181646, 1.5949670694783382, 0.5612716092897986, 0.5934107443907083, 0.5767946697482992, 0.36512061853268996, -0.5623252528711281, 2.175491245160636, -1.0296868028281556] 
[0.11965798863951804, 0.12714258483993113, 0.12849241656132182, 0.2534953883818315, -1.1340234710307735, -1.6762086102871097, 1.5952095063093932, 0.5614922647999043, 0.5932264287107377, 0.5770518173789183, 0.3654262511699086, -0.5620254801607032, 2.175763908726253, -1.0294415953640355] 
[0.11988537488716944, 0.12736997108758252, 0.12826503031367043, 0.2532680021341801, -1.133796084783122, -1.676435996534761, 1.5954368925570446, 0.5612924687780987, 0.5934594363505954, 0.5772863204041521, 0.36524765007394455, -0.5618360441782534, 2.1755563191357865, -1.029216340824458] 
[0.1192025277651726, 0.12805281820957937, 0.12894787743566727, 0.25395084925617695, -1.134478931905119, -1.677118843656758, 1.5947540454350477, 0.5618925781729698, 0.5927619903857392, 0.5766004325058249, 0.36593310584642214, -0.5610102232544618, 2.1763227066881865, -1.02852554681371] 
[0.11984553591396463, 0.12740981006078733, 0.12830486928687523, 0.254593857404969, -1.133835923756327, -1.6764758355079659, 1.5941110372862557, 0.5626315854560953, 0.5935759095786907, 0.5772664473425587, 0.365290411947379, -0.5617881126319398, 2.1756007346096413, -1.029175822701229] 
[0.11956097996418891, 0.12769436601056305, 0.1280203133370995, 0.25430930145519326, -1.1341204797061026, -1.6767603914577416, 1.59382648133648, 0.5623827138250935, 0.59387681517022, 0.5776330103882221, 0.36565156575957664, -0.5614894051538388, 2.175340989840039, -1.02946292689248] 
[0.11911507896622908, 0.12814026700852288, 0.12846621433505934, 0.2547552024531531, -1.1345663807040625, -1.6772062924557014, 1.5942723823344398, 0.562774682957205, 0.5934209445515716, 0.5771837288821154, 0.36609043656037216, -0.5610342384379897, 2.1749415903866836, -1.0290208939367207] 
[0.11875807389530835, 0.12778326193760214, 0.12882321940598007, 0.2551122075240738, -1.1342093756331417, -1.6775632975266221, 1.593915377263519, 0.5630871247986715, 0.5930428392796082, 0.5767234226543613, 0.3656372809580396, -0.5614087599185938, 2.175267259074848, -1.02866067704935] 
[0.11871671845786935, 0.12782461737504114, 0.12878186396854108, 0.2551535629615128, -1.1341680201957027, -1.6775219420891831, 1.59387402182608, 0.5631246262832149, 0.5930100433477766, 0.5767565137300357, 0.3656036317228248, -0.5613744933099818, 2.175229503996093, -1.02861968856623] 
[0.11922705537589551, 0.12731428045701498, 0.12827152705051492, 0.25566389987953897, -1.1336576832776766, -1.677011605171157, 1.5943843587441062, 0.5636950391086675, 0.5935214504682041, 0.5762312488910736, 0.36496166282714704, -0.5620064311718229, 2.174655135612537, -1.0291355984982962] 
[0.11877807388992523, 0.1268652989710447, 0.1287205085364852, 0.2552149183935687, -1.1332087017917063, -1.6774605866571273, 1.593935377258136, 0.5632880592920338, 0.5938774508120467, 0.5758716268569813, 0.3653269880213462, -0.5623785243779921, 2.1750651230178364, -1.0295805093134316] 
[0.11890529275977813, 0.1267380801011918, 0.1288477274063381, 0.2553421372634216, -1.1333359206615592, -1.6773333677872744, 1.5940625961279888, 0.5634038960912845, 0.5937806205687663, 0.5760062428392845, 0.36548494383977914, -0.5622451419063802, 2.1749515791485345, -1.0294543973494878] 
[0.11891521913007097, 0.12672815373089896, 0.12885765377663094, 0.25535206363371443, -1.133345847031852, -1.6773234414169815, 1.5940725224982817, 0.563392797378854, 0.5937706579304951, 0.5760164444877343, 0.36549723047885646, -0.5622347558046462, 2.1749425226065795, -1.0294644124717514] 
[0.11768983101999198, 0.12795354184097796, 0.13008304188670994, 0.25412667552363544, -1.132120458921773, -1.6785488295270605, 1.5928471343882027, 0.5647633780960429, 0.59500440989791, 0.5747876484703145, 0.36422465790527175, -0.5612511909584482, 2.173796669898176, -1.0307010342309775] 
[0.11905330517557389, 0.12931701599655987, 0.12871956773112803, 0.2527632013680535, -1.1307569847661911, -1.6771853553714786, 1.5914836602326208, 0.5632410419232475, 0.5936403009430182, 0.5761935557741746, 0.3659418784044732, -0.5595636132046946, 2.1753066077002, -1.0320504496424447] 
[0.11883098892585509, 0.12909469974684107, 0.12849725148140922, 0.2529855176177723, -1.1305346685164723, -1.6774076716211974, 1.591261343982902, 0.5629916342574687, 0.5934102848850609, 0.5763642499556098, 0.3657600210696212, -0.5593797814070031, 2.1750994276253293, -1.0322745811705465] 
[0.11940278713099517, 0.12852290154170098, 0.12792545327626914, 0.2535573158229124, -1.1299628703113322, -1.6779794698263375, 1.590689545777762, 0.5636488148487254, 0.5941365415094167, 0.5769731803089289, 0.36531348267634695, -0.5589039216093691, 2.1745768978130746, -1.0317073141240731] 
[0.11917986961536997, 0.12874581905732618, 0.12814837079189434, 0.2533343983072872, -1.129739952795707, -1.6782023873419627, 1.590912463293387, 0.5633915749952133, 0.593846011075302, 0.5766782640853765, 0.36502503480836934, -0.5591809466763987, 2.1743261358754635, -1.0319323478290305] 
[0.11891273944047598, 0.12901294923222018, 0.12788124061700035, 0.2536015284821812, -1.129472822620813, -1.6779352571670687, 1.591179593468281, 0.5636263446854013, 0.593571569428808, 0.5764014874988367, 0.3652292196988564, -0.5594541004424802, 2.17403106902747, -1.0322019971125604] 
[0.11815137198735315, 0.12825158177909735, 0.12711987316387752, 0.2528401610290584, -1.1287114551676902, -1.6786966246201915, 1.591940960921404, 0.5627485450212295, 0.5925818933076916, 0.5754146309206967, 0.3644116483296069, -0.5588461899130621, 2.1733199558631915, -1.0329695199020203] 
[0.11817536484748914, 0.12827557463923334, 0.12709588030374153, 0.2528161681689224, -1.1286874623075542, -1.6786726317600555, 1.591916968061268, 0.5627761778328889, 0.5926130283396434, 0.5754456798374844, 0.36443738823991656, -0.5588653386619034, 2.1733423616649645, -1.032945325548294] 
[0.11786737337051634, 0.12796758316226053, 0.12740387178071433, 0.2531241596458952, -1.128995453784527, -1.6783646402830827, 1.5922249595382407, 0.5631214090216071, 0.5929315020580228, 0.5752085008525422, 0.36468947010136904, -0.5591200709722743, 2.173623607784536, -1.0332507905361852] 
[0.1189076430475825, 0.12692731348519437, 0.12636360210364816, 0.25416442932296135, -1.1300357234615932, -1.6773243706060166, 1.5932652292153069, 0.5643194178894331, 0.594283941238154, 0.5765802890969373, 0.3660132601938205, -0.5580264094959556, 2.172695496797671, -1.0322189746011659] 
[0.12005782256790554, 0.12577713396487133, 0.1275137816239712, 0.2530142498026383, -1.1288855439412702, -1.6784745501263396, 1.5921150496949839, 0.5656059282660968, 0.595442494716805, 0.5754333393526333, 0.3648460370604411, -0.5568824449435851, 2.173963228394678, -1.03105671269878] 
[0.12016631660681398, 0.1256686399259629, 0.12762227566287965, 0.25312274384154676, -1.1287770499023617, -1.678583044165248, 1.5920065556560754, 0.5657012354331871, 0.5953315160569151, 0.5753215513682877, 0.36493130657005474, -0.5569725692948299, 2.1740622707022035, -1.031164309034765] 
[0.12001858044804437, 0.1258163760847325, 0.12747453950411003, 0.2532704800003164, -1.1289247860611313, -1.6787307803240177, 1.592154291814845, 0.5655307166912529, 0.5951399562890064, 0.5751307959068772, 0.3647728055404511, -0.5568544107601874, 2.173926979544552, -1.0310177931582272] 
[0.1203258814347602, 0.12550907509801668, 0.12778184049082586, 0.25296317901360055, -1.1286174850744155, -1.6784234793373018, 1.5924615928015609, 0.5658089494802298, 0.5948952420461524, 0.575369824727246, 0.3644613214630604, -0.5571683723986546, 2.1742074960759847, -1.0307079452190009] 
[0.12090563036459401, 0.1260888240278505, 0.12836158942065967, 0.25238343008376674, -1.1291972340042493, -1.677843730407468, 1.5930413417313947, 0.5651396765826435, 0.5941435180935384, 0.5746212513709524, 0.36383909406129167, -0.5567056307190337, 2.1736658548244496, -1.0312926861394418] 
[0.12017914188189593, 0.12681531251054856, 0.1276351009379616, 0.25165694160106866, -1.1284707455215512, -1.67711724192477, 1.5937678302140927, 0.5659564909461212, 0.594898411744111, 0.5740612819941345, 0.36443318837819755, -0.5573058893976186, 2.1743431263078086, -1.0305597960856503] 
[0.12032772346882681, 0.1266667309236177, 0.12748651935103072, 0.25180552318799954, -1.1283221639346204, -1.676968660337839, 1.5936192486271619, 0.5658213972919751, 0.5950118249974321, 0.5739079040143386, 0.364278464338743, -0.5571865730859139, 2.1742041617263452, -1.0307097362450872] 
[0.1202576324100103, 0.1267368219824342, 0.12755661040984723, 0.25173543212918303, -1.1283922549934369, -1.6770387513966556, 1.5935491575683454, 0.5657407104450501, 0.5949228415052997, 0.5738332673972529, 0.36433187381831017, -0.5572580658135133, 2.1741281137720407, -1.0306403840964482] 
[0.11993302800419514, 0.12641221757661902, 0.1278812148156624, 0.2520600365349982, -1.1280676505876217, -1.6767141469908404, 1.5938737619741605, 0.5660257630964798, 0.5945904900081475, 0.5734984756495599, 0.36458699269589656, -0.5575281747323527, 2.1744245325850864, -1.0309621176767019] 
[0.12062051430883713, 0.12709970388126102, 0.12856870112030439, 0.2527475228396402, -1.1287551368922637, -1.6774016332954824, 1.5931862756695185, 0.5666512009164943, 0.5940677167916673, 0.5742272766864815, 0.36545393823552186, -0.556677304584342, 2.1751975644149093, -1.0302670322762877] 
[0.12037805276334013, 0.126857242335764, 0.12832623957480738, 0.2525050612941432, -1.1285126753467667, -1.6776440948409794, 1.5929438141240215, 0.5669228534216213, 0.5943122839718984, 0.573984339114919, 0.36520221187553087, -0.5564826561794938, 2.1749708991138768, -1.0305116523377276] 
[0.11988676684175659, 0.12636595641418047, 0.12881752549639092, 0.25201377537255965, -1.1280213894251832, -1.6771528089193959, 1.592452528202438, 0.5663708257599193, 0.5938023743364471, 0.5743627258405675, 0.3648004863265708, -0.5560767232785889, 2.174512826746761, -1.0310072553144438] 
[0.11977069325304612, 0.12624988282547, 0.12870145190768045, 0.2521298489612701, -1.1281374630138936, -1.6770367353306854, 1.5923364546137275, 0.5662409129079885, 0.5936857311666823, 0.5744823507101673, 0.36494654500615653, -0.5559330525827424, 2.174643327723008, -1.0308899777999299] 
[0.11895345586940664, 0.12706712020910949, 0.12788421452404097, 0.2529470863449096, -1.1273202256302541, -1.677853972714325, 1.591519217230088, 0.5655259942217832, 0.594548935504677, 0.5755366344581286, 0.3660011113058335, -0.5549201947176785, 2.175547127571499, -1.031698923864366] 
[0.11906584955829402, 0.12717951389799687, 0.1277718208351536, 0.25305948003379697, -1.1274326193191415, -1.6779663664032123, 1.5916316109189754, 0.5656520891953807, 0.5946653278616786, 0.5754497389092234, 0.36609069249957193, -0.5550344560936231, 2.17542504070791, -1.031587609457158] 
[0.11932786884692093, 0.12744153318662377, 0.1280338401237805, 0.25332149932242387, -1.1271706000305146, -1.6782283856918392, 1.5918936302076023, 0.565945081893508, 0.5949282034223947, 0.575180224267239, 0.36576110325936184, -0.5553591576928159, 2.175130295428163, -1.031852247854147] 
[0.11938999383287652, 0.12750365817257936, 0.1279717151378249, 0.2532593743364683, -1.127108475044559, -1.6781662607058836, 1.5918315052216467, 0.5658736492297829, 0.5948493778814999, 0.5751141822781661, 0.3658096226550079, -0.5554107874115581, 2.175187025168693, -1.031913862133572] 
[0.11932579268090493, 0.12756785932455095, 0.1280359162897965, 0.2531951731844967, -1.1270442738925874, -1.6782304618578552, 1.5917673040696751, 0.5658174456010399, 0.5949170733529459, 0.5751951128663737, 0.36587696362563843, -0.5554743246853909, 2.175117441301604, -1.0318502856482146] 
[0.1198197498048873, 0.12806181644853332, 0.12754195916581412, 0.2527012160605143, -1.126550316768605, -1.6777365047338728, 1.5912733469456928, 0.5663720149863098, 0.5954304080978993, 0.5748271200082811, 0.3663797891242491, -0.5549681835543524, 2.1746753232213747, -1.0313602858912223] 
[0.12019143265681109, 0.1284334993004571, 0.12717027631389033, 0.25232953320859053, -1.1261786339166813, -1.6781081875857966, 1.5916450297976166, 0.5659545277143027, 0.595044050363786, 0.5751039829379366, 0.36600132236902555, -0.5553491381536252, 2.175008230588124, -1.0317290559134369] 
[0.12109320303153581, 0.1275317289257324, 0.12807204668861505, 0.25323130358331525, -1.1252768635419566, -1.6772064172110719, 1.5925468001723413, 0.5649447240022137, 0.5941355560997925, 0.5760027124345478, 0.3669171459543272, -0.5562449004431512, 2.174030550973933, -1.0308360016152405] 
[0.12132758549932021, 0.1277661113935168, 0.12783766422083065, 0.25346568605109965, -1.125511246009741, -1.6769720347432875, 1.5927811826401257, 0.5646738266015702, 0.5938307988713533, 0.5756999132316567, 0.366670459779455, -0.5560129838759067, 2.174288658556807, -1.0305992138145272] 
[0.12101648186722713, 0.12807721502560987, 0.12752656058873757, 0.2537767896831927, -1.125822349641834, -1.6772831383753806, 1.5930922862722188, 0.5650226282250673, 0.5941448346372258, 0.5753895164360009, 0.36635440040301154, -0.5557045586258925, 2.174625418976049, -1.0309071468040878] 
[0.12156589594540634, 0.12862662910378908, 0.12807597466691678, 0.2532273756050135, -1.1263717637200132, -1.6767337242972014, 1.593641700350398, 0.5645233075899113, 0.5945632125340428, 0.5748229671950472, 0.36578312913478117, -0.5552631088025176, 2.1741221958600425, -1.030362534378496] 
[0.12066341009574899, 0.12952911495344643, 0.12717348881725943, 0.25232488975535616, -1.1254692778703559, -1.6776362101468587, 1.5945441862000553, 0.5655675432292696, 0.5957418588212146, 0.5760153356403153, 0.3669332428778785, -0.554313880208173, 2.1732985482345506, -1.0312730641275254] 
[0.12058402249180589, 0.12960850255738954, 0.12709410121331632, 0.25224550215141306, -1.125548665474299, -1.6775568225429156, 1.5946235738039984, 0.5654761214017131, 0.5956410379741403, 0.5759326192206857, 0.36701120621886657, -0.5542327954772858, 2.173227516881124, -1.0311943989251666] 
[0.12032512963561104, 0.12986739541358439, 0.12683520835712148, 0.2525043950076079, -1.1252897726181041, -1.6778157153991105, 1.5943646809478036, 0.5652499699812039, 0.5959155231638346, 0.5762670854393543, 0.36734510154681577, -0.5539111542756735, 2.173519034459796, -1.0309325318432332] 
[0.1191805732045782, 0.12872283898255155, 0.12797976478815432, 0.25135983857657507, -1.1241452161870713, -1.6766711589680776, 1.5932201245167708, 0.56421348559285, 0.5968235070415538, 0.5753794301239843, 0.36850689211360277, -0.5527402428505125, 2.1724720991611273, -1.0320876590964732] 
[0.11963714768609635, 0.1291794134640697, 0.12843633926967246, 0.2509032640950569, -1.1236886417055532, -1.6771277334495958, 1.5927635500352526, 0.5637010119238807, 0.5963494433985752, 0.5757190990509852, 0.3680421427909994, -0.5532077652198405, 2.1728899502932517, -1.0316270603482705] 
[0.11974258304783192, 0.12907397810233412, 0.1283309039079369, 0.2510086994567925, -1.1235832063438176, -1.6772331688113313, 1.592658114673517, 0.5635797120640201, 0.5962154046008197, 0.575606784371584, 0.36812441726889805, -0.5532955130059374, 2.172986264174845, -1.0317315861859713] 
[0.11914035427560166, 0.12967620687456438, 0.12772867513570663, 0.25161092822902276, -1.1241854351160478, -1.676630940039101, 1.5932603434457473, 0.5641278678767159, 0.5957589499494146, 0.5762445928529472, 0.3688844176559837, -0.552550548634189, 2.173652013486335, -1.0323275569307888] 
[0.11981730252753053, 0.1289992586226355, 0.12705172688377775, 0.2509339799770939, -1.123508486864119, -1.6759539917871722, 1.5925833951938184, 0.5635355906350831, 0.5964773487164563, 0.5771182195056644, 0.3697442704007126, -0.5518376918027383, 2.173047319194652, -1.0316564423848436] 
[0.11973866308523029, 0.12907789806493575, 0.127130366326078, 0.25085534053479364, -1.1235871263064192, -1.675875352344872, 1.5926620346361187, 0.5636071300373994, 0.5964174518004419, 0.577199223613432, 0.3698260388260835, -0.5519008738350071, 2.173120909846691, -1.0315771133550293] 
[0.12036319770769055, 0.1284533634424755, 0.12775490094853825, 0.2514798751572539, -1.122962591683959, -1.6752508177224117, 1.5920375000136584, 0.5641534943825759, 0.5957575588029022, 0.5764097409714547, 0.36915857720322615, -0.5514009734295686, 2.1725362474460894, -1.0322071455226018] 
[0.1201790613526309, 0.12826922708741584, 0.1279390373035979, 0.25129573880219425, -1.1231467280390186, -1.675066681367352, 1.592221636368718, 0.5643144200403704, 0.5955626477413405, 0.576172393841818, 0.3689246791790282, -0.551594797023755, 2.1727044390447627, -1.0320214707351048] 
[0.12056547429309561, 0.12865564002788055, 0.1275526243631332, 0.25090932586172954, -1.1235331409794833, -1.6754530943078167, 1.5926080493091828, 0.5639645326823238, 0.5958698304941983, 0.575873666872499, 0.36932441050863146, -0.551127052624105, 2.1731298325246184, -1.0324039603453523] 
[0.12044948714960768, 0.12877162717136847, 0.12766861150662112, 0.25102531300521747, -1.1236491281229712, -1.6755690814513047, 1.5927240364526707, 0.5638305442625638, 0.59571891381446, 0.5757236888945627, 0.3692022817902467, -0.5510126365436759, 2.1732551819913093, -1.0325187715603759] 
[0.11988758221410223, 0.12933353210687393, 0.12823051644212657, 0.2515872179407229, -1.1242110330584767, -1.6761309863868101, 1.5932859413881761, 0.5643239772749131, 0.5951443093861029, 0.5751582493807217, 0.3697674260735803, -0.5503330400263612, 2.1738845177583226, -1.031950932817464] 
[0.12014945067472482, 0.12959540056749652, 0.12796864798150398, 0.2513253494801003, -1.123949164597854, -1.6763928548474327, 1.5930240729275535, 0.564618000120712, 0.5954154217292605, 0.574956450224013, 0.36997618071190586, -0.5505987104933394, 2.173600752004038, -1.0316918050660773] 
[0.12047479922889182, 0.12927005201332953, 0.12829399653567097, 0.2516506980342673, -1.123623816043687, -1.6760675062932657, 1.5933494214817205, 0.564983401029821, 0.5957524054412656, 0.5747065940932917, 0.3702422287863033, -0.5508677405477352, 2.1739044672683088, -1.0313635557689536] 
[0.11966927337708555, 0.1300755778651358, 0.12909952238747724, 0.25084517218246105, -1.1228182901918808, -1.676873032145072, 1.5941549473335268, 0.5640812070310196, 0.5949413003889624, 0.5755097901392053, 0.37106107783948145, -0.5516671943709431, 2.173017687882934, -1.0321776812075425] 
[0.11987169322915847, 0.12987315801306287, 0.12930194223955016, 0.25064275233038813, -1.122615870339808, -1.676670612292999, 1.5939525274814539, 0.5638482915951271, 0.5946836826128258, 0.5752934676535865, 0.3712147079891232, -0.5518739032198643, 2.1727941001633773, -1.0323823503209966] 
[0.12014285146394343, 0.1296019997782779, 0.12957310047433512, 0.25037159409560317, -1.122344712105023, -1.6763994540582141, 1.5942236857162388, 0.5641602443654714, 0.5950277146635836, 0.5755748917808744, 0.37094343490826187, -0.5522020372983972, 2.172489931399062, -1.0326565432827417] 
[0.12054967767149904, 0.13000882598583352, 0.1291662742667795, 0.24996476788804756, -1.1227515383125786, -1.6759926278506585, 1.5946305119237945, 0.5646286055640185, 0.5955454730092744, 0.5760092779289286, 0.3706347670260793, -0.5517867549723372, 2.1729391277349066, -1.032245180233089] 
[0.12030869790897925, 0.12976784622331372, 0.1289252945042597, 0.24972378812552776, -1.1225105585500588, -1.6757516480881387, 1.5948714916863143, 0.5648391020116106, 0.5952898327791613, 0.5756977466841051, 0.37032831167406666, -0.5520401055616216, 2.1731593733772985, -1.0320019392045408] 
[0.12058763023001007, 0.1294889139022829, 0.1286463621832289, 0.24944485580449693, -1.122231626229028, -1.6760305804091695, 1.595150424007345, 0.5650839330906641, 0.5950032907351945, 0.5754093143354135, 0.37054692642670806, -0.5522725052479972, 2.173414178303264, -1.0322782276014284] 
[0.12039663838024339, 0.12967990575204957, 0.12845537033346222, 0.2496358476542636, -1.1224226180787946, -1.6762215722589362, 1.5949594321575784, 0.5648632654090227, 0.594754517071112, 0.5751618619872679, 0.37034548455868316, -0.5520836085739064, 2.1736245246385164, -1.032085026643817] 
[0.11997518229559134, 0.13010136183670162, 0.12803391424881017, 0.24921439156961156, -1.1220011619941426, -1.6758001161742841, 1.5953808882422305, 0.565246733970122, 0.5944355555035039, 0.5756081632806176, 0.3708772639206914, -0.5515621314639656, 2.174098339815117, -1.031658635513642] 
[0.12027276297698564, 0.12980378115530733, 0.12773633356741587, 0.24891681088821727, -1.1217035813127483, -1.6755025354928899, 1.5950833075608362, 0.5649865178940606, 0.5947504008553597, 0.5759850471761686, 0.3711957995134922, -0.5518003742250903, 2.1743773056966798, -1.0313580958583517] 
[0.12060117492465594, 0.12947536920763703, 0.12740792161974557, 0.24858839894054696, -1.121375169365078, -1.6758309474405602, 1.5947548956131659, 0.5646994180422592, 0.5950976382872342, 0.5764007369137979, 0.37154719798486774, -0.55206341419936, 2.174685192707995, -1.0310264555994781] 
[0.12058869269803651, 0.1294628869810176, 0.12739543939312614, 0.24857591671392754, -1.1213876515916974, -1.6758434296671796, 1.5947673778397853, 0.5646881121076704, 0.5951074980700324, 0.5763907192072664, 0.37155711370439154, -0.5520760820396408, 2.1746716787669635, -1.0310141132463273] 
[0.12149283685537526, 0.12855874282367885, 0.1282995835504649, 0.24948006087126628, -1.1204835074343586, -1.6767475738245183, 1.595671521997124, 0.5655070591987088, 0.5943932963996886, 0.5771163834431883, 0.3708390495184539, -0.5511567276558446, 2.1756694500796807, -1.030099636748975] 
[0.1209461192781599, 0.1291054604008942, 0.12775286597324953, 0.24893334329405092, -1.121030225011574, -1.6772942914017337, 1.5962182395743394, 0.5648769246047886, 0.593699276846408, 0.5765493814339937, 0.371386451529745, -0.5504961398227072, 2.1762712998296663, -1.0306398753919546] 
[0.12145345734459767, 0.12859812233445644, 0.1282602040396873, 0.24842600522761316, -1.1215375630780118, -1.6778016294681715, 1.5967255776407772, 0.565336294197693, 0.5932983613507067, 0.5769553309965014, 0.3709734985376759, -0.5500756095606334, 2.1758084953608763, -1.0301376228525736] 
[0.12086004782265036, 0.12800471281250914, 0.12766679451774, 0.24901941474956046, -1.122130972599959, -1.6772082199462242, 1.5961321681188299, 0.5658568673978077, 0.5926921733050216, 0.576358692106168, 0.37156966846502426, -0.5493568485356839, 2.1764756563088086, -1.0295367442250885] 
[0.11984661686287368, 0.12699128185273245, 0.1266533635579633, 0.25003284570933715, -1.1211175416401824, -1.6761947889864475, 1.5951187371590532, 0.564939685118767, 0.5934970652872803, 0.5755721507600078, 0.3725969344803853, -0.5483185382502104, 2.175569490760261, -1.028533214418222] 
[0.11983549998466458, 0.12700239873094155, 0.1266422466797542, 0.25002172883112805, -1.1211064247619733, -1.6762059058646566, 1.595107620280844, 0.5649521691705838, 0.5935085931652178, 0.5755635759667084, 0.37260602957740174, -0.5483277308633124, 2.1755798817853527, -1.0285219883026044] 
[0.12067851085102632, 0.12784540959730328, 0.12579923581339247, 0.24917871796476632, -1.1202634138956116, -1.6753628949982948, 1.5942646094144823, 0.5640054952956622, 0.5926344345896636, 0.5762138151020539, 0.3719163246449814, -0.547630646196684, 2.174791923474947, -1.029373279109555] 
[0.12047245480887725, 0.12805146563945236, 0.12600529185554155, 0.2493847740069154, -1.1204694699377606, -1.675568951040444, 1.5944706654566314, 0.5637747124229812, 0.5924273479830858, 0.5764250573163975, 0.3721749477514222, -0.5473763543044825, 2.1750190645169183, -1.0295770268528661] 
[0.12137252518692165, 0.12895153601749676, 0.12690536223358595, 0.24848470362887098, -1.1195693995597162, -1.6764690214184883, 1.5953707358346758, 0.5627382207516908, 0.5912828479311426, 0.5754639249790017, 0.3728611382561439, -0.5482939088260538, 2.174025947222172, -1.0304872737289454] 
[0.12060059124159495, 0.12972346996282347, 0.12767729617891266, 0.24771276968354428, -1.120341333505043, -1.677240955363815, 1.5961426697800025, 0.563631208357712, 0.592291044544431, 0.5764830383158694, 0.37384355177800666, -0.547480852261822, 2.173336964695424, -1.0297226811082514] 
[0.12150343887521686, 0.13062631759644538, 0.12858014381253458, 0.24680992204992236, -1.119438485871421, -1.678143802997437, 1.5952398221463806, 0.5646747550531133, 0.5934704402152498, 0.5776767998893997, 0.3749929026448918, -0.5465328058954761, 2.1725120209728273, -1.0306345796417924] 
[0.12178721447418639, 0.13034254199747586, 0.12829636821356505, 0.24652614645095283, -1.1197222614703906, -1.6784275785964065, 1.5955235977453501, 0.5644168588494964, 0.5936857929986524, 0.5773848899301229, 0.37470292714706227, -0.5462509609755546, 2.172819172938202, -1.03091509957541] 
[0.12246424107530374, 0.1296655153963585, 0.1289733948146824, 0.24584911984983548, -1.1190452348692732, -1.677750551995289, 1.5948465711442328, 0.5651976150478529, 0.5945469349707685, 0.578088822417458, 0.3740260027602314, -0.54707077934535, 2.172057941046399, -1.0316002834996085] 
[0.12241081604553827, 0.12971894042612397, 0.12902681984444786, 0.24590254487960095, -1.1190986598990387, -1.6778039770250546, 1.5947931461144673, 0.565137685494588, 0.5944932375415424, 0.5781437225373616, 0.37409317302614037, -0.547004778926903, 2.172116963048474, -1.0316530924616056] 
[0.12171693027532726, 0.12902505465591296, 0.12833293407423685, 0.24659643064981196, -1.1184047741288277, -1.6784978627952656, 1.5954870318846783, 0.5645324972619137, 0.5952257940828408, 0.5790229745709136, 0.3748373909975875, -0.5475597134379169, 2.1727664244378952, -1.030952443495777] 
[0.12195285679714829, 0.12878912813409193, 0.12809700755241582, 0.24636050412799093, -1.1186407006506487, -1.6787337893170866, 1.5957229584064994, 0.5642595469543786, 0.5949183063920975, 0.5787174767370247, 0.37458857818023616, -0.5473261799605987, 2.173021744086413, -1.031185630662459] 
[0.1214452289835225, 0.12828150032046615, 0.1286046353660416, 0.24585287631436514, -1.1191483284642745, -1.6792414171307124, 1.5952153305928736, 0.5638004758124305, 0.5953207877019234, 0.5783238940298585, 0.37510262189268767, -0.5468078783081137, 2.1725572742894954, -1.0316982868649858] 
[0.12268754057880671, 0.12952381191575035, 0.12984694696132582, 0.24709518790964935, -1.1179060168689903, -1.6779991055354282, 1.5939730189975894, 0.5648854535712122, 0.5940113253569315, 0.5767555758918809, 0.37379686065286943, -0.5455735169340592, 2.1739294886489238, -1.030441438049268] 
[0.122159579673217, 0.12899585101016064, 0.13037490786691552, 0.24656722700405964, -1.1173780559634006, -1.6774711446298385, 1.5934450580919997, 0.5654949296177607, 0.5946830342095377, 0.5773045806494754, 0.37328007811905684, -0.5461122480386823, 2.174401917135299, -1.0309646358279327] 
[0.12209860628900515, 0.1289348776259488, 0.13031393448270367, 0.2465062536198478, -1.1173170825791887, -1.6775321180140503, 1.5933840847077878, 0.5654243182496529, 0.5946032783233708, 0.5772236179009934, 0.37320095429928707, -0.5461879775838204, 2.174333306479892, -1.031026285976235] 
[0.12199330725842927, 0.12882957859537292, 0.13041923351327955, 0.24640095458927191, -1.1174223816097646, -1.6776374170446262, 1.593278785677212, 0.5655424501859397, 0.5947095246348539, 0.5771183439261275, 0.3730935759666798, -0.5460834749298872, 2.174447285812192, -1.0311304636268397] 
[0.12263266204698298, 0.12819022380681921, 0.12977987872472585, 0.24704030937782562, -1.116783026821211, -1.6769980622560725, 1.5939181404657656, 0.5661004309347979, 0.5940352425092008, 0.5763095074599061, 0.3724201626127903, -0.5454499489908045, 2.17515186613951, -1.0304842107384338] 
[0.12267094546824808, 0.12822850722808432, 0.12981816214599096, 0.24707859279909072, -1.116821310242476, -1.6770363456773376, 1.5938798570445005, 0.5660658319644871, 0.594065611744137, 0.5762799668297907, 0.3724597100647089, -0.545403491130605, 2.175194831304414, -1.0304454941150694] 
[0.12161881059550794, 0.12717637235534418, 0.1308702970187311, 0.24813072767183086, -1.1157691753697359, -1.6759842108045975, 1.5949319919172407, 0.5651486266175267, 0.5951774339215032, 0.5776387303327211, 0.3737988128910665, -0.5442957335343754, 2.1742555539356765, -1.0294028131758322] 
[0.1214908583390627, 0.12704842009889894, 0.13099824927517634, 0.2482586799282761, -1.115897127626181, -1.6761121630610427, 1.595059944173686, 0.5650323977915958, 0.5952748536061003, 0.5775061745905303, 0.37366521693908833, -0.5441930415883747, 2.1741356270794134, -1.0295320303789792] 
[0.12157186849811652, 0.12696740993984512, 0.13091723911612252, 0.2481776697692223, -1.1158161174671273, -1.676031152901989, 1.594978934014632, 0.5651031225942068, 0.595189295896821, 0.5774015214175917, 0.3735619167555646, -0.5442784870266615, 2.1742079652826347, -1.0296122737066822] 
[0.12135152631368584, 0.12674706775541444, 0.13069689693169184, 0.24839801195365296, -1.1155957752826966, -1.6762514950864196, 1.5951992761990628, 0.5653032774653912, 0.5950214828331488, 0.5776298317748022, 0.37379199322361545, -0.5444553171648454, 2.174414485312456, -1.0293897492053297] 

Time 
39.46574807167053 
