Parameters 
 
[-0.5, -0.5, -0.5, -0.5, -0.5, -0.5, -0.5, -0.5, -0.5, -0.5, -0.5, -0.5, -0.5, -0.5, -0.5, -0.5, -0.5, -0.5, -0.5, -0.5, -0.5, -0.5, -0.5, -0.5] 
[-0.40977338568771415, -0.40977338568771415, -0.5902266143122858, -0.5902266143122858, -0.5902266143122858, -0.5902266143122858, -0.5902266143122858, -0.5902266143122858, -0.40977338568771415, -0.40977338568771415, -0.5902266143122858, -0.40977338568771415, -0.5148841323830677, -0.6790732735637204, -0.2424128369934596, -0.7741956622733175, -0.2593367972731728, -0.6332374686145579, -0.6241752710658948, -0.27481809382317923, -0.741329275891377, -0.31594482401822765, -0.5127901843449988, -0.4050508642426328] 
[-0.399413347635333, -0.4201334237400953, -0.600586652364667, -0.600586652364667, -0.5798665762599047, -0.600586652364667, -0.5798665762599047, -0.600586652364667, -0.399413347635333, -0.4201334237400953, -0.5798665762599047, -0.399413347635333, -0.5202004061895842, -0.6928759883536785, -0.2246742597972451, -0.7817128555393568, -0.23238408270319255, -0.6689124011543941, -0.5852311963924458, -0.3135498011324007, -0.7097078393824465, -0.3318704853662022, -0.5260792161969278, -0.3884687457084251] 
[-0.5223097001963408, -0.2972370711790875, -0.7234830049256749, -0.4776902998036592, -0.45697022369889684, -0.4776902998036592, -0.7027629288209125, -0.4776902998036592, -0.27651699507432514, -0.5430297763011032, -0.7027629288209125, -0.5223097001963408, -0.28957756948072455, -0.9962804658612567, 0.09344723267384186, -1.0193629747869766, -0.2853712014060942, -0.6078307792331692, -0.37895811919128086, -0.6018980359547658, -0.5064486192142164, -0.17748359569229008, -0.8156605017928622, -0.13210819335269536] 
[-0.2506292688197389, -0.5689175025556894, -0.9951634363022768, -0.20600986842705726, -0.18528979232229492, -0.7493707311802611, -0.4310824974443106, -0.20600986842705726, -0.0048365636977232285, -0.27134934492450125, -0.9744433601975144, -0.2506292688197389, -0.4366101733068853, -1.257592910195183, 0.40760581385147543, -1.006490819157395, -0.019487271611827506, -0.602611320204188, 0.17357091051864404, -1.1561008077592314, -0.5038298317380109, -0.5979206994607709, -0.42492570334877483, -0.04781373516839514] 
[-0.17862146014821523, -0.6409253112272131, -1.0671712449738004, -0.27801767709858094, -0.11328198365077125, -0.6773629225087374, -0.3590746887727869, -0.27801767709858094, -0.0768443723692469, -0.19934153625297757, -1.046451168869038, -0.3226370774912626, -0.495749205676209, -1.3191814260411678, 0.41442622960244424, -1.095148556432428, 0.0895311196119431, -0.809442085706983, 0.3715590004611599, -1.1566751634225871, -0.4322916196051435, -0.4715606085133439, -0.7881600134947315, 0.30468748228467485] 
[-0.579473422906494, -0.24007334846893436, -0.6663192822155217, -0.6788696398568597, -0.51413394640905, -1.0782148852670161, 0.0417772739854918, -0.6788696398568597, -0.47769633512752563, 0.20151042650530115, -1.4473031316273168, -0.7234890402495413, -0.08845975954281426, -1.3643844639387328, 1.7809235567490442, -2.5065798913495696, 0.7590059005898406, -1.7878913219242105, 1.2650154605583124, -0.8610619766770289, -0.9398076076160791, -0.044088550239857194, -0.6859489181162363, 0.6232872413663462] 
[-0.5902456001959626, -0.2293011711794657, -0.6770914595049904, -0.6896418171463283, -0.5249061236985186, -1.0889870625564848, 0.05254945127496047, -0.6896418171463283, -0.46692415783805696, 0.21228260379476982, -1.4580753089167855, -0.7127168629600726, -0.06824722054600613, -1.382133541622884, 1.756795026605985, -2.4720543582512415, 0.7299705682200155, -1.7689720244161569, 1.2612430218084059, -0.8638156445146234, -0.9543040602048531, -0.029088581101441364, -0.7249605404761409, 0.6624888374647177] 
[-0.5292217641056056, -0.1682773350891087, -0.7381152955953474, -0.7506656532366853, -0.46388228760816164, -1.0279632264661278, -0.00847438481539653, -0.6286179810559713, -0.527947993928414, 0.15125876770441282, -1.3970514728264285, -0.7737406990504296, -0.12018190553516162, -1.398903277930315, 1.647367585235605, -2.363977274203208, 0.7403498771976332, -1.7451675525726382, 1.3074170499338977, -0.6838319938626285, -1.1624450008116458, 0.10346782430038043, -0.6836869873423334, 0.6931802892426591] 
[-0.6300830358189167, -0.26913860680241974, -0.6372540238820363, -0.8515269249499964, -0.3630210158948506, -1.1288244981794389, 0.09238688689791452, -0.7294792527692824, -0.4270867222151029, 0.2521200394177239, -1.4979127445397395, -0.6728794273371186, -0.19828569214433042, -1.44462578973801, 1.4952892759249197, -2.2483154428500427, 0.8710293688381364, -2.2304365172974165, 1.780586413400135, -0.8874108977232061, -0.9635213270239278, 0.11673577943947518, -1.0154211438867198, 1.0250904308374404] 
[-0.7339424546702542, -0.3729980256537573, -0.5333946050306988, -0.9553863438013339, -0.25916159704351305, -1.0249650793281013, 0.19624630574925206, -0.6256198339179448, -0.3232273033637654, 0.14826062056638634, -1.394053325688402, -0.7767388461884561, -0.1685980940297989, -1.3140416904722325, 1.242866936345439, -1.914846533204237, 0.6335662405935556, -2.7789082828297014, 2.337249274535791, -1.1824365976873912, -0.6199246552348094, -0.08902815720323003, -0.9641723622550401, 1.0902418242941923] 
[-1.0933623582394767, -0.013578122084534794, -0.1739747014614763, -1.3148062473705564, -0.6185815006127355, -0.6655451757588788, 0.5556662093184745, -0.9850397374871673, -0.6826472069329879, 0.5076805241356088, -1.0346334221191795, -0.41731894261923363, 0.1453367939090562, -1.2411193546219714, 1.6320604984459035, -2.0859278855185006, 1.2576080588426053, -4.710513312927005, 4.218361662490773, -1.712331989726499, -0.02349468472675742, 0.11352696732259691, -1.1666623415588213, 0.8714290126515327] 
[-0.8644611796408337, -0.2424793006831778, 0.054926477137166696, -1.0859050687719134, -0.38968032201409253, -0.43664399716023583, 0.7845673879171176, -1.2139409160858103, -0.45374602833434485, 0.7365817027342518, -0.8057322435205365, -0.6462201212178766, 0.2618768831367561, -1.1146001412657882, 1.450327361508331, -3.1799476247574727, 2.382344480527939, -5.113972832559235, 4.322859959463562, -1.010593093228462, -0.8406835273165082, 0.7790704628151689, -0.19314011916200635, -0.026063100793011995] 
[-0.6294418756225642, -0.47749860470144734, -0.18009282688110284, -0.8508857647536439, -0.154661017995823, -0.6716633011785054, 0.549548083898848, -1.4489602201040799, -0.6887653323526144, 0.9716010067525214, -1.040751547538806, -0.4112008171996071, 0.4526886012938158, -1.0547380527109331, 1.6703961292658487, -3.406815104428184, 2.379058457370782, -5.402802674295231, 4.519133664127501, -1.5413623369204674, -0.27081597048816786, 0.6159342800464783, 0.1333353311181854, -0.40035768912957803] 
[-0.6403903829864173, -0.48844711206530045, -0.16914431951724973, -0.861834272117497, -0.14371251063196988, -0.6607147938146523, 0.5604965912627011, -1.4380117127402268, -0.6997138397164675, 0.9606524993886683, -1.029803040174953, -0.400252309835754, 0.44406613472812395, -1.0591868537119866, 1.6649471798150637, -3.443746051977229, 2.415390180776104, -5.382568214424254, 4.495914566546927, -1.574791157894899, -0.23818048056009006, 0.619561156507634, 0.11503095141197343, -0.38124487865080015] 
[-0.6782465233459862, -0.5263032524248694, -0.13128817915768076, -0.823978131757928, -0.10585637027240091, -0.6228586534550833, 0.5983527316222701, -1.4001555723806578, -0.7375699800760365, 0.9985086397482372, -1.067659180534522, -0.43810845019532296, 0.5522659430171126, -1.1925050422421468, 1.7684007121181113, -3.6106036325734037, 2.5760793308180325, -5.372736266810085, 4.527395105598359, -1.5985053885338216, -0.2574754642030997, 0.5513926908527793, 0.01823395106094146, -0.2996034321491175] 
[-0.823441649614558, -0.38110812615629763, 0.013906947110891021, -0.9691732580264998, 0.03933875599617087, -0.4776635271865115, 0.7435478578908419, -1.5453506986492296, -0.5923748538074647, 0.8533135134796654, -1.2128543068030937, -0.5833035764638947, 0.9757049630429484, -1.7053793433352913, 2.1241460600037705, -3.7622548101885083, 2.5471923884259113, -5.485842590011265, 4.463960744640528, -1.24392487731958, -0.6130996379487894, 0.498750489362158, 0.25343167903131997, -0.5458478074728759] 
[-0.7971409262282001, -0.3548074027699397, -0.012393776275466895, -0.9428725346401419, 0.013038032609812955, -0.4513628038001536, 0.7698485812771998, -1.5190499752628717, -0.5660741304211068, 0.8270127900933075, -1.1865535834167358, -0.6096042998502527, 0.894881846827876, -1.6253010793431355, 2.1290987720860266, -3.9135038170495005, 2.6989277038019472, -5.442808182119986, 4.423340734053828, -1.228804307475142, -0.5958030351341821, 0.47451278992593754, 0.2635896837333924, -0.5247682101134211] 
[-0.906660498391902, -0.4643269749336416, 0.097125795888235, -0.83335296247644, -0.09648153955388894, -0.5608823759638555, 0.6603290091134979, -1.6285695474265736, -0.4565545582574049, 0.7174932179296056, -1.0770340112530339, -0.7191238720139546, 0.4992288370934903, -1.1987479956009701, 1.9164066122176513, -3.967264363743996, 2.63180903513746, -5.602079990452568, 4.580731946513544, -1.2907557976498845, -0.6659766431806602, 0.37587282486693696, 0.3046562858315629, -0.4363831760469044] 
[-0.9573399067681208, -0.5150063833098604, 0.04644638751201624, -0.7826735541002212, -0.04580213117767018, -0.6115617843400742, 0.6096496007372791, -1.5778901390503548, -0.5072339666336236, 0.6668138095533869, -1.0263546028768151, -0.7698032803901733, 0.449577906595607, -1.2002087418077996, 1.8644983396463453, -3.9952256893185654, 2.596700284189675, -5.512148062411403, 4.491467946291515, -1.2581304251771692, -0.6366835997354515, 0.46466958122260243, 0.43892732557133596, -0.5540875263805777] 
[-0.8749971603171232, -0.597349129760858, 0.12878913396301384, -0.7003308076492236, -0.12814487762866777, -0.5292190378890766, 0.6919923471882767, -1.4955473925993572, -0.5895767130846212, 0.5844710631023893, -1.1086973493278127, -0.8521460268411709, 0.5306096044400802, -1.1983663557641322, 1.9451269312642872, -4.036841820090834, 2.542106296029995, -5.454374410170169, 4.5468041619026565, -1.306179762376665, -0.6847958038324843, 0.39012800011410803, 0.4672533602940315, -0.48541660961710487] 
[-0.7685039923481667, -0.7038422977298144, 0.2352823019319703, -0.5938376396802671, -0.23463804559762425, -0.4227258699201202, 0.5854991792193203, -1.6020405605683137, -0.48308354511566476, 0.4779778951334328, -1.2151905172967692, -0.9586391948101274, 0.8320323753026978, -1.5055229627888078, 1.9713408604993479, -3.755004858603232, 2.2688498697806208, -5.595351700700934, 4.696029683138163, -1.5868183218943488, -0.4022331678669538, 0.47695818487338437, 0.4192609366742178, -0.5683217799596917] 
[-0.5097585112935525, -0.4450968166752003, -0.02346317912264384, -0.335092158625653, -0.4933835266522384, -0.16398038886550603, 0.8442446602739344, -1.3432950795136995, -0.7418290261702789, 0.736723376188047, -1.4739359983513833, -0.6998937137555132, 1.3391251431477191, -1.9742025194280042, 1.8414532196182387, -4.319841028043153, 2.811080428431589, -5.507503602047676, 4.92340520135125, -1.4498496863822026, -0.24201004403029502, 0.6725285342011615, -0.04075146372955246, -0.08954739788189364] 
[-0.6061161091400993, -0.34873921882865355, 0.0728944187239029, -0.43144975647219974, -0.39702592880569165, -0.26033798671205277, 0.9406022581204811, -1.2469374816671528, -0.8381866240168256, 0.6403657783415002, -1.3775784005048366, -0.6035361159089665, 1.1741748771771903, -1.8184599608549241, 1.8767550029025941, -4.192683795366875, 2.7022737577951172, -5.562731027183507, 4.995466101202577, -1.6276424642864025, -0.046209690538582704, 0.5430517356887253, -0.2707951444023069, 0.13653041285501288] 
[-0.5128600955507223, -0.2554832052392766, 0.16615043231327986, -0.5247057700615767, -0.4902819423950686, -0.1670819731226758, 1.0338582717098581, -1.1536814680777758, -0.9314426376062026, 0.7336217919308772, -1.4708344140942136, -0.5102801023195895, 1.3686721379951656, -2.007558991905182, 1.8471639081349995, -4.020602978399101, 2.4925566659475256, -5.41461153163948, 5.11209871947228, -1.450143448912837, -0.19412424091844596, 0.48157470412771075, -0.22233576400924585, 0.19838828322083252] 
[-0.5393235067457929, -0.28194661643434715, 0.1396870211182093, -0.5511691812566473, -0.46381853119999805, -0.14061856192760525, 1.0073948605147875, -1.1801448792728464, -0.904979226411132, 0.7071583807358066, -1.4972978252892841, -0.48381669112451897, 1.3203708561474603, -1.961559815901547, 1.8627970763985273, -4.026673445897005, 2.45073611569902, -5.369811586338124, 5.091700430203884, -1.422680380631373, -0.22280044587336337, 0.4590031769625796, -0.2983997641175177, 0.2739051860845513] 
[-0.4920382297994066, -0.32923189338073344, 0.1869722980645956, -0.503883904310261, -0.41653325425361176, -0.09333328498121896, 0.9601095835684013, -1.13285960232646, -0.9522645033575183, 0.6598731037894203, -1.5445831022356704, -0.4365314141781327, 1.341091458319504, -1.907706487416353, 1.7917797567127873, -4.12322894603606, 2.5395235153238245, -5.361119985463587, 5.167723094556945, -1.3307011783414728, -0.28987700613751655, 0.4226934068146971, -0.444132957271493, 0.41899809399134647] 
[-0.6816343399907274, -0.5188280035720543, -0.0026238121267252446, -0.6934800145015818, -0.6061293644449326, -0.2829293951725398, 1.149705693759722, -1.322455712517781, -0.7626683931661975, 0.8494692139807412, -1.7341792124269912, -0.24693530398681185, 1.4292325766146878, -1.6807631629464406, 1.5176656290056827, -4.2593952679289355, 2.3190469703744956, -5.106116431081778, 5.420808170499417, -1.111130714832053, -0.09868881220345424, 0.17465024257657305, -1.1158386468550126, 1.0893569060759636] 
[-0.3884484011682221, -0.22564206474954895, 0.2905621266957801, -0.4002940756790765, -0.3129434256224273, -0.5761153339950451, 1.4428916325822274, -1.0292697736952756, -0.4694824543436922, 1.1426551528032465, -1.440993273604486, -0.5401212428093172, 0.5749292615099012, -0.6552305821757098, 0.8296732662901048, -4.3067625881589775, 1.853423084073119, -4.637070911162302, 5.63430984357813, -1.2768424025719833, -0.38314113287098694, 0.520084497252958, -1.346280592951122, 0.9417692848659744] 
[0.08640849876661649, 0.24921483518528964, -0.18429477323905852, -0.8751509756139151, 0.16191347431241132, -0.10125843406020651, 1.917748532517066, -0.554412873760437, 0.005374445591146415, 0.6677982528684079, -1.9158501735393245, -1.0149781427441558, 0.9807895059241527, -0.4683246322099367, 1.5259331209566624, -3.301599683619466, 0.8645757063445692, -3.9770086936790037, 6.389086528371013, -0.5221213880629518, 0.06535255924434591, 0.0325159984468083, -1.0538302402321205, 1.3133670907518242] 
[-0.0914162679489432, 0.07139006846972995, -0.3621195399546182, -0.6973262088983554, -0.01591129240314837, -0.2790832007757662, 2.0955732992326257, -0.37658810704487733, 0.1831992123067061, 0.8456230195839676, -1.7380254068237648, -0.8371533760285961, 0.8134316283221015, -0.3431747961108602, 1.3658168300086149, -3.191571036712805, 0.9800740908333256, -3.78612801773352, 6.424000383458527, -0.7099214324612624, -0.14552097344869164, 0.19098405825983297, -0.9650296733457502, 1.4565707173356914] 
[-0.6149093162730774, 0.5948831167938642, 0.16137350836951603, -0.17383316057422116, 0.5075817559209859, 0.24440984754836803, 2.61906634755676, -0.9000811553690116, -0.34029383601742813, 1.3691160679081018, -1.2145323584996306, -1.3606464243527303, 0.238388238320151, 0.22296119569852157, 1.2195094955524715, -4.445243326343526, 2.262131506726555, -4.2807223197040205, 6.742334384838028, -0.8868805346267218, 0.40786077583039815, 0.7422984859578761, -0.6845150378665757, 1.857222605062402] 
[-0.6608479955306197, 0.5489444375363219, 0.11543482911197378, -0.1278944813166789, 0.5535204351785281, 0.19847116829082578, 2.665005026814302, -0.9460198346265538, -0.2943551567598859, 1.3231773886505596, -1.1685936792420883, -1.314707745095188, 0.2845673707827979, 0.22245792787452748, 1.1655526876295077, -4.5046842983677555, 2.3052334960316774, -4.305920007184443, 6.738407595988041, -0.7626375359405334, 0.5320740299209439, 0.771913130689853, -0.7191685439584228, 1.8126410685035046] 
[-0.5831346652634752, 0.6266577678034664, 0.19314815937911822, -0.20560781158382335, 0.47580710491138367, 0.2761844985579702, 2.5872916965471577, -1.0237331648936983, -0.21664182649274144, 1.400890718917704, -1.090880348974944, -1.3924210753623325, 0.27423445153573306, 0.09377270334015692, 1.027764320566684, -4.580799669880233, 2.1658188424530485, -4.442678418025351, 6.656431216999372, -0.8563235619546156, 0.5401820775498913, 0.8918614666551941, -0.601948998922776, 1.8836578319519357] 
[-0.7450685348994308, 0.4647238981675108, 0.03121428974316265, -0.3675416812197789, 0.6377409745473392, 0.11425062892201465, 2.7492255661831133, -0.8617992952577427, -0.378575696128697, 1.5628245885536596, -1.2528142186108995, -1.230487205726377, 0.4375057600093788, 0.09077407364081265, 0.8360359181551262, -4.767090168746707, 2.1387290594761614, -4.207025974538424, 6.242048711661008, -1.6302941420827468, -0.16889584730853702, 0.7988927540154415, -0.4769342279959421, 1.7183970087852796] 
[-0.42373587618686726, 0.7860565568800744, -0.2901183689694009, -0.04620902250721537, 0.9590736332599028, -0.2070820297905489, 2.4278929074705498, -0.5404666365451791, -0.05724303741613346, 1.241491929841096, -1.574146877323463, -0.9091545470138134, 1.2392159685371076, -0.7017780440164917, 0.8807076425619937, -5.370074157241623, 3.118836990461468, -3.328792234491344, 6.0543539692070345, -0.7894563770117049, 0.6995248983362697, 1.2497187203912306, -0.02544448208734762, 2.0385885823532046] 
[-0.4824669148881955, 0.8447875955814026, -0.23138733026807268, -0.1049400612085436, 1.017804671961231, -0.26581306849187714, 2.486623946171878, -0.4817355978438509, 0.0014880012851947733, 1.3002229685424243, -1.6328779160247913, -0.8504235083124851, 1.1123528618618832, -0.46728360103282485, 1.1054561396201128, -5.474519235846005, 3.1318425213961403, -3.389243975794142, 5.918464526871844, -0.9200914898937063, 0.7065935450838374, 1.30857023154106, -0.0989322719993614, 2.1119209662507927] 
[-0.3585516269255957, 0.7208723076188028, -0.35530261823067244, 0.018975226754056163, 1.1417199599238308, -0.14189778052927737, 2.3627086582092782, -0.35782030988125113, 0.12540328924779454, 1.1763076805798245, -1.756793203987391, -0.9743387962750849, 0.98507517056927, -0.45636750073129073, 1.2537582288440954, -5.589094476771938, 2.5381148562863336, -3.9721179013162526, 6.154719255312772, -0.5819529236831564, 0.9547134867563523, 1.1906069101317198, -0.19702661779046854, 2.0052681443347775] 
[-0.4994323703975385, 0.8617530510907456, -0.21442187475872965, -0.12190551671788663, 1.2826007033957736, -0.28277852400122017, 2.503589401681221, -0.21693956640930834, 0.26628403271973733, 1.0354269371078817, -1.6159124605154482, -1.1152195397470277, 1.2381838175083557, -0.8820852099181404, 0.8773533586056198, -5.631818220788662, 2.5121023891416514, -4.157193443413165, 5.658406893842909, -1.1157159832817691, 0.673297493968039, 1.001072097449855, 0.01541027257299002, 1.8193159564764434] 
[-0.36370875745541253, 0.9974766640328716, -0.07869826181660367, -0.2576291296600126, 1.1468770904536476, -0.14705491105909418, 2.639313014623347, -0.08121595346718236, 0.4020076456618633, 1.1711505500500077, -1.4801888475733223, -0.9794959268049017, 1.0323100679159256, -0.6571248876050896, 0.9158135955269935, -5.83346759950614, 4.307629269014194, -2.3483649710993433, 6.164916994593114, -0.6581678204951794, 0.9066348097840765, 1.163476996870354, 0.11987514291260189, 1.9316152616647992] 
[-0.2543738053143474, 1.1068116161739368, -0.1880332139576688, -0.36696408180107776, 1.2562120425947128, -0.03771995891802904, 2.748647966764412, -0.1905509056082475, 0.29267269352079817, 1.2804855021910728, -1.370853895432257, -1.0888308789459669, 1.1398735938765105, -0.6479447729705113, 0.8143735236624103, -5.850671711935579, 3.4658569680376266, -3.1904847267190863, 6.186630877601239, -0.7490424447765601, 1.0312362828180868, 1.3032791193677622, 0.2705829147215892, 1.7897264980697445] 
[0.3534994923238668, 0.49893831853572257, 0.4198400836805454, 0.24090921583713643, 1.864085340232927, 0.5701533387201851, 3.3565212644026263, 0.4173223920299667, -0.315200604117416, 0.6726122045528586, -1.9787271930704713, -1.696704176584181, 1.02827474613014, -5.054868914902607, -3.6685962005473955, -4.209659517295679, -2.7977088897756213, -9.365048174613882, 5.164281438014198, -1.675067252594, 1.4249554676561753, 0.5754364030782074, -0.5630551141518847, 2.506005902212692] 
[0.020811103376094042, 0.16624992958794982, 0.08715169473277262, 0.5735976047849092, 1.5313969512851542, 0.9028417276679579, 3.0238328754548536, 0.08463400308219393, -0.6478889930651888, 1.0053005935006314, -1.6460388041226985, -2.029392565531954, 1.4946487382803528, -4.615085032339405, -3.753180702888527, -4.014521883918547, -1.0806396803011344, -7.580389323603743, 5.873958256067497, -2.3142267035244912, 1.9296043826809697, 0.8852134741901829, -0.9416177897699328, 2.804561279597463] 
[0.21388925891664856, 0.35932808512850434, -0.1059264608077819, 0.38051944924435466, 1.3383187957445997, 0.7097635721274034, 3.216911030995408, -0.10844415245836059, -0.45481083752463425, 0.8122224379600769, -1.839116959663253, -1.8363144099913993, 1.2967827887190015, -4.848377810308844, -3.9725325839403327, -3.8456252426995796, -1.4735086961193036, -7.971632889822452, 5.676403914998226, -2.5416628194076774, 2.228895025829548, 0.6028335951966913, -1.0826244898244908, 2.9642860906512123] 
[0.29494630188071413, 0.4403851280925699, -0.024869417843716324, 0.46157649220842023, 1.4193758387086652, 0.790820615091469, 3.2979680739594737, -0.18950119542242616, -0.3737537945605687, 0.8932794809241424, -1.9201740026273186, -1.9173714529554649, 1.1857761188419267, -4.9991013904704005, -4.111859523766599, -3.7719911280665075, -1.711223467320513, -8.209367436883467, 5.634776211658286, -2.6093118925068746, 2.3428254710928145, 0.47157153447537997, -0.990184779685245, 2.899318075979918] 
[0.4084142775141406, 0.32691715245914343, -0.1383373934771428, 0.34810851657499375, 1.5328438143420917, 0.6773526394580425, 3.184500098326047, -0.30296917105585264, -0.2602858189271422, 1.006747456557569, -1.8067060269938922, -1.8039034773220384, 1.3322794578356643, -4.873469275326725, -4.176504871015407, -3.6526118620109185, -1.642590039623592, -8.294275227139194, 5.768463646434468, -2.713669400733328, 2.4784324005426215, 0.2926554973170703, -0.8493572618346278, 2.81402503449463] 
[0.17804213804577929, 0.09654501299078211, -0.3687095329455041, 0.11773637710663243, 1.3024716748737304, 0.44698049998968115, 2.954127958857686, -0.07259703158749131, -0.029913679458780873, 0.7763753170892076, -1.5763338875255308, -1.573531337853677, 0.9848349822160561, -5.184732563413768, -4.00593249188323, -3.9056030021181183, -1.7736014305987526, -8.154099773193055, 5.5285699002359925, -2.519600694475742, 2.325826697866324, 0.126139714767194, -1.0789186191631315, 2.5560881363458527] 
[-0.26837798907631294, -0.3498751141313101, 0.0777105941765881, -0.3286837500154598, 1.7488918019958226, 0.8934006271117734, 2.5077078317355936, -0.5190171587095835, 0.41650644766331135, 0.32995518996711537, -2.022754014647623, -1.1271112107315848, 0.6005970207896778, -4.831982507871846, -4.299024508790416, -4.2483716704048256, -1.7998540485570567, -8.68997977474153, 6.1218115606380445, -2.003611967349708, 1.9065064049908413, 0.5797629357733611, -0.6351272275450011, 2.1105339719299105] 
[-0.11809737587672897, -0.19959450093172615, -0.07257001902299587, -0.17840313681587583, 1.5986111887962386, 0.7431200139121894, 2.6579884449351776, -0.36873654550999957, 0.5667870608628953, 0.1796745767675314, -2.173034627847207, -0.9768305975320009, 0.791262835834538, -4.9941051499476306, -4.4072249026191335, -4.4126769473103655, -1.9148480413403888, -8.613495097312303, 6.061942447483052, -1.7495130518689699, 2.2433522297829995, 0.8616818483396624, -0.7872959758573029, 2.0158463974840513] 
[0.07460927869873091, -0.0068878463562662695, -0.26527667359845575, 0.01430351775958405, 1.7913178433716985, 0.9358266684876493, 2.8506950995106375, -0.1760298909345397, 0.37408040628743544, -0.013032077807928477, -1.9803279732717471, -1.1695372521074607, 0.5773254187878499, -4.8102634234629855, -4.236267989142238, -4.617880880389812, -2.0247012214249045, -8.49772438629269, 6.220475334646813, -1.862554155934719, 2.351203789681495, 0.7512376469948938, -1.1282100943643858, 2.363248929295333] 
[0.17578340175473572, 0.09428627669973855, -0.36645079665446056, 0.11547764081558887, 1.8924919664277033, 0.8346525454316445, 2.9518692225666423, -0.2772040139905445, 0.2729062832314306, 0.08814204524807634, -1.8791538502157423, -1.068363129051456, 0.6714411939086966, -4.904957653719175, -4.155503271736848, -4.537630579386773, -2.1068765026941274, -8.464477208568564, 6.099734352655243, -2.0128625508463873, 2.1660713051827916, 0.5830998152979814, -1.2036304156105944, 2.289094091972731] 
[-0.1965573406504002, -0.2780544657053974, -0.7387915390595965, 0.4878183832207248, 2.2648327088328393, 0.46231180302650854, 3.3242099649717782, 0.09513672841459142, 0.6452470256365666, 0.46048278765321227, -2.2514945926208783, -1.4407038714565918, 1.113858636897464, -4.502455715115033, -4.6970356511786955, -3.9618377210221247, -2.4469747560057096, -8.382571091251195, 5.772757723823215, -1.7951326912918, 1.7225488423026718, 0.08923828671639306, -0.9320277785655382, 2.5372948677001905] 
[-0.34044575751632733, -0.13416604883947025, -0.8826799559255236, 0.6317068000866519, 2.4087211256987664, 0.3184233861605814, 3.180321548105851, -0.048751688451335706, 0.5013586087706394, 0.6043712045191394, -2.3953830094868054, -1.584592288322519, 0.997384806510912, -4.648438621393545, -4.576605158970268, -3.870035960456973, -2.5227727378256932, -8.237050727530985, 5.942769465909268, -1.7042680267110484, 2.064422097210362, 0.47103925497219495, -1.1762119214119018, 2.7032363514039903] 
[-0.14940053342387172, -0.32521127293192587, -0.691634731833068, 0.8227520241791075, 2.599766349791222, 0.509468610253037, 3.3713667721983067, 0.1422935356411199, 0.692403832863095, 0.4133259804266838, -2.2043377853943498, -1.7756375124149746, 1.2655107737930473, -4.881376721630145, -5.161450071073935, -3.202395288350708, -2.936385825279026, -8.308169058057738, 5.72739253593942, -1.492024380609469, 2.3755913776663276, 0.7521978059637371, -1.086563224405796, 2.8949724329533963] 
[-0.1345927912303604, -0.31040353073841453, -0.6768269896395567, 0.8375597663726189, 2.6145740919847333, 0.5242763524465484, 3.3565590300047954, 0.12748579344760858, 0.7072115750566064, 0.4281337226201951, -2.1895300432008384, -1.7608297702214633, 1.2770835837121535, -4.858440995771153, -5.201558616642677, -3.1544269219314245, -2.97085325536386, -8.296599148308635, 5.745376709135382, -1.4842454478123146, 2.4084184541452047, 0.7847629060872398, -1.0797860423015464, 2.8811821604258907] 
[-0.09376967928321944, -0.2695804187912736, -0.6360038776924157, 0.7967366544254779, 2.5737509800375924, 0.4834532404994074, 3.3157359180576544, 0.16830890539474952, 0.6663884631094654, 0.38731061067305417, -2.2303531551479794, -1.8016528821686042, 1.3149867562653244, -4.835588631572243, -5.145923035985955, -3.20504603958458, -2.995644001604974, -8.328544597734153, 5.783469208710945, -1.5430605033736968, 2.5250692054825867, 0.9046276368394521, -1.1379763269983239, 2.9138594788297727] 
[0.2553319030042336, 0.07952116349617944, -0.2869022954049627, 1.145838236712931, 2.9228525623250454, 0.8325548227868604, 2.9666343357702014, -0.1807926768927035, 1.0154900453969185, 0.03820902838560114, -2.5794547374354324, -2.1507544644560572, 0.9160045362547883, -4.28289813592802, -5.931533864580472, -2.408960546218304, -3.268978149228404, -9.03857507434348, 5.084062601138757, -1.03882657997349, 2.144500093907779, 0.9647476679732795, -0.7299244240848408, 3.3312802296905093] 
[-0.22059370098616382, -0.39640444049421797, -0.7628278993953601, 0.6699126327225335, 2.446926958334648, 0.35662921879646303, 3.442559939760599, -0.6567182808831009, 0.539564441406521, 0.5141346323759985, -3.05538034142583, -1.6748288604656598, 1.2841733092883532, -4.710897928061284, -6.538795175113835, -1.5509778137125352, -3.634082965866502, -10.85184636908844, 3.2340592739678367, -1.7749809191072514, 1.6405621982055236, 1.013482212615734, -0.3624296268423543, 2.9626127270040246] 
[-0.4965244507752753, -0.6723351902833294, -1.0387586491844716, 0.945843382511645, 2.1709962085455365, 0.08069846900735156, 3.7184906895497103, -0.9326490306722124, 0.8154951911956325, 0.23820388258688707, -2.7794495916367183, -1.3988981106765483, 1.0799011172849888, -5.0659218683768, -6.09698929813246, -1.689451534328533, -3.0724755560908057, -10.345846491109434, 3.1013153276643126, -1.8366602656285596, 2.010475892380666, 1.3658367291047386, -0.23245435717257174, 3.23955541791937] 
[-0.19092922505799548, -0.3667399645660496, -0.7331634234671918, 1.2514386082289248, 1.8654009828282567, 0.3862936947246314, 4.0240859152669906, -1.2382442563894922, 1.1210904169129123, -0.06739134313039274, -2.4738543659194385, -1.7044933363938282, 0.5100587261897658, -4.356912895357297, -6.784668226055559, -1.2201432847878437, -2.6096266094657503, -9.792465577703588, 3.757679788350011, -2.8545502611927547, 0.9276238223450122, 0.6362194744509839, -0.4464262965802043, 3.5577513041845514] 
[-0.455070701608816, -0.6308814411168702, -0.9973049000180123, 0.9872971316781043, 2.1295424593790773, 0.12215221817381083, 3.75994443871617, -0.9741027798386717, 0.8569489403620918, 0.1967501334204278, -2.737995842470259, -1.4403518598430076, 0.2766869681276912, -4.530604185367593, -6.972389277765051, -1.3781088867517681, -2.9482064973288105, -10.176224540318369, 3.3922635176324505, -2.535105047159774, 0.8125313016693877, 0.8601034595586046, -0.7290914970587534, 3.2703315096976278] 
[-0.5901950754283987, -0.4957570672972875, -1.132429273837595, 0.8521727578585216, 1.9944180855594946, 0.2572765919933935, 3.6248200648965874, -1.1092271536582543, 0.7218245665425091, 0.061625759600845154, -2.6028714686506764, -1.5754762336625903, 0.4624870691833134, -4.673384658604121, -7.175153844726203, -1.0872871520637326, -3.2811586404524893, -10.452320344966607, 3.647067714299762, -2.9502254168761968, 0.3647469682616602, 0.5492949835835278, -0.8210924831087004, 3.1398162529482896] 
[-0.7101397290453124, -0.37581241368037377, -1.2523739274545087, 0.7322281042416079, 2.1143627391764084, 0.37722124561030723, 3.744764718513501, -0.9892825000413406, 0.8417692201594229, 0.1815704132177589, -2.4829268150337627, -1.4555315800456765, 0.41234816985305844, -4.815984303236965, -6.893801044919254, -1.3494975113765775, -3.32118847715637, -10.373964936748477, 3.4488798443245314, -2.5229758985389985, 0.814489814583303, 0.806487073373344, -0.9509557648912521, 3.259449701287907] 
[-0.7478110147358588, -0.4134836993709201, -1.290045213145055, 0.7698993899321542, 2.076691453485862, 0.3395499599197609, 3.707093432822955, -1.026953785731887, 0.8040979344688766, 0.21924169890830525, -2.4452555293432163, -1.4178602943551302, 0.5078126315913788, -4.911283277565378, -6.896852212860992, -1.389552974686292, -3.280643496803688, -10.376435819865272, 3.5203203784422876, -2.640887814812807, 0.6845980643710423, 0.7117661349653048, -0.9014284931138361, 3.218349349111687] 
[-0.4438849693258109, -0.10955765396087225, -1.593971258555103, 0.46597334452210637, 1.7727654080758142, 0.03562391450971303, 4.011019478233003, -0.723027740321839, 0.5001718890588287, -0.08468434650174261, -2.749181574753264, -1.721786339765178, 1.2541171500888824, -5.621672847599108, -7.61085078338116, -0.6486409761615908, -3.1300969550287774, -10.518508855294538, 4.053817836052503, -3.5930898152924486, -0.330478718874089, 0.06881898432785893, -1.1622870381804673, 3.54715452835555] 
[-0.3259610125461623, 0.008366302818776372, -1.7118952153347515, 0.583897301301755, 1.6548414512961656, 0.15354787128936165, 4.128943435012651, -0.6051037835421904, 0.6180958458384773, -0.20260830328139123, -2.867105531532913, -1.6038623829855294, 1.0496034155126583, -5.418827779227479, -8.651421489090842, 0.3911442319943579, -4.062336486200585, -11.451989143645845, 4.020325356927723, -3.748096863316004, -0.4806376769406085, 0.14093001528032767, -1.0457939245266323, 3.435907481175688] 
[-0.42046479135808523, 0.10287008163069933, -1.8063989941466745, 0.48939352248983203, 1.5603376724842426, 0.05904409247743869, 4.034439656200728, -0.6996075623541134, 0.5235920670265544, -0.10810452446946828, -2.9616093103448358, -1.6983661617974524, 0.9782335696061748, -5.491074328664703, -8.116720267313555, -0.14168486926978696, -3.549442897452188, -10.938526979844703, 3.676489706560362, -3.3751647997131613, -0.30365580889334154, 0.11357945414626193, -1.1437931680675804, 3.5295510488002204] 
[-0.6277431929878072, -0.10440831999902267, -2.0136773957763965, 0.28211512086011004, 1.3530592708545206, 0.2663224941071607, 4.24171805783045, -0.49232916072439137, 0.31631366539683237, -0.3153829260991903, -2.7543309087151138, -1.4910877601677304, 0.8158295972191252, -5.601595142889621, -9.525011647327313, 1.2679843963541504, -3.6676782274325443, -10.835623939351805, 4.209370718805796, -3.922588294802372, -0.36985445061106875, -0.10206510246286897, -0.9609383994229908, 3.3264128159078767] 
[-0.6352940739556217, -0.09685743903120825, -2.006126514808582, 0.28966600182792446, 1.360610151822335, 0.25877161313934627, 4.234167176862636, -0.48477827975657695, 0.3238645463646468, -0.30783204513137585, -2.761881789682928, -1.483536879199916, 0.8226043564867757, -5.6002664435573175, -9.58766847251527, 1.331888226389448, -3.755962942115151, -10.923038951991678, 4.208996674925891, -3.929085508449272, -0.3660735194251338, -0.111452429084766, -0.9712759682863575, 3.3342592198381538] 
[-0.37635409621628346, -0.35579741677054644, -2.2650664925479203, 0.030726024088586268, 1.1016701740829968, 0.5177115908786845, 3.9752271991232977, -0.7437182574959151, 0.582804524103985, -0.048892067392037664, -2.50294181194359, -1.2245969014605778, 0.989290108317347, -5.444070900919925, -9.718493015095406, 1.1896860138291139, -3.898803814411055, -10.798844668238901, 4.425754285944621, -3.8775544592148607, -0.5766419887030603, 0.029772075131793016, -1.2007283116172953, 3.6002625281189076] 
[-0.2865527443042999, -0.26599606485856286, -2.1752651406359367, -0.059075327823397306, 1.0118688221710133, 0.607512942790668, 4.065028551035281, -0.6539169055839316, 0.4930031721920014, -0.13869341930402124, -2.5927431638555736, -1.1347955495485942, 1.0239851341544426, -5.2841167623597425, -9.322376064757677, 0.8103209897425103, -3.4103655072407193, -10.288633261809512, 4.146415226160116, -3.6393137668871183, -0.5340659954195666, 0.13322685746091256, -1.3097325339917172, 3.7120864773049815] 
[0.14091846277022535, 0.16147514221596238, -2.602736347710462, 0.36839587925112793, 0.584397615096488, 0.1800417357161428, 4.4924997581098065, -0.22644569850940632, 0.9204743792665266, 0.288777787770504, -2.1652719567810483, -1.5622667566231194, 1.5285371183854755, -5.566767453353777, -7.351634690907266, -1.1881784475475354, -3.93027482796014, -10.370483515676037, 4.957320960275405, -4.348173545455738, -0.1003866828581908, 0.7656679328532863, -0.8898364821195864, 4.047932146881164] 
[-0.21837015365798385, -0.19781347421224682, -2.962024964138671, 0.009107262822918738, 0.22510899866827883, 0.539330352144352, 4.851788374538016, -0.5857343149376155, 0.5611857628383174, 0.6480664041987132, -1.8059833403528391, -1.9215553730513286, 1.2182460376444633, -5.213314685155517, -7.623756316675603, -1.4748617610420998, -3.7131577258728106, -10.797207072214933, 10.402096542720173, -9.768647913170451, 1.0172326590907175, 2.0018475846319053, -1.36608765551326, 3.691869455709787] 
[0.04561318555499705, 0.06616986500073407, -2.69804162492569, 0.27309060203589963, -0.03887434054470207, 0.8033136913573329, 4.587805035325035, -0.8497176541505964, 0.29720242362533655, 0.3840830649857323, -2.06996667956582, -2.1855387122643095, 1.4481275656542831, -5.0527706142935, -7.913040018203502, -1.1573148512735303, -4.045852285265317, -11.141492151834541, 10.163677395811908, -9.838571764141864, 0.6291340422653232, 1.6379456860334132, -1.6792878642762492, 3.3444486294666307] 
[0.24581975933515787, 0.2663764387808949, -2.898248198705851, 0.07288402825573881, -0.2390809143248629, 0.6031071175771721, 4.387598461544874, -1.0499242279307572, 0.09699584984517573, 0.5842896387658931, -2.270173253345981, -1.9853321384841487, 1.6570284195274765, -4.861677387822139, -7.600980271233424, -1.4562271117214538, -4.168968078143986, -11.30804351445277, 9.822848446131863, -9.496680181484225, 0.4796855152251034, 1.7509021203148456, -1.326760035474613, 3.71016002350937] 
[0.6550793587649921, 0.6756360382107292, -3.3075077981356853, -0.33637557117409544, 0.17017868510497136, 1.0123667170070063, 3.9783388621150397, -0.640664628500923, 0.50625544927501, 0.17503003933605887, -2.679432852775815, -1.5760725390543144, 1.9480733593290862, -5.3652139338041644, -6.944788986954993, -1.9831307355724164, -4.671181524223525, -10.64416590858916, 8.930447335906337, -8.553366124336588, 1.1600451859186434, 2.0301677651871315, -0.8815624104215218, 4.233871931702494] 
[0.524755811670572, 0.8059595853051493, -3.4378313452301055, -0.20605202407967527, 0.30050223219939154, 0.8820431699125861, 4.10866240920946, -0.5103410814065028, 0.6365789963694302, 0.30535358643047905, -2.8097563998702353, -1.4457489919598943, 1.9421187264434323, -5.103594900579625, -7.21900472619024, -2.1140589372406433, -4.56909226507584, -10.481583416735704, 8.88827765276994, -8.295077334890719, 1.4874894126124087, 2.308824719488542, -1.0501747211966674, 4.103157774789634] 
[0.11227533126564149, 0.39347910490021887, -3.850311825635036, 0.2064284563252552, -0.11197824820553892, 1.2945236503175166, 3.6961819288045294, -0.09786060100157234, 0.2240985159644997, 0.7178340668354095, -3.2222368802751657, -1.0332685115549638, 1.5113351954947685, -5.1563561628667935, -6.690215911820984, -1.6854776979805446, -5.042698463172937, -11.248534226488026, 9.526642178332697, -8.086546902116439, 1.8798538715029336, 2.1741636286101533, -1.4164427339259698, 3.704870983567301] 
[-0.005970747542862309, 0.5117251837087227, -3.732065746826532, 0.0881823775167514, -0.23022432701404272, 1.1762775715090128, 3.5779358499960257, 0.02038547780693145, 0.1058524371559959, 0.8360801456439133, -3.3404829590836695, -1.1515145903634676, 1.4077712704338265, -5.014468913814727, -6.808999596889272, -1.6166377948462578, -5.175149784143661, -11.129198056674225, 9.530162792098395, -7.962490739679499, 1.957812734536771, 1.87201891923944, -1.1084351010712523, 3.5961940822647773] 
[0.2461420131786327, 0.25961242298722764, -3.984178507548027, 0.3402951382382464, 0.021888433707452304, 0.9241648107875178, 3.8300486107175207, -0.23172728291456357, 0.3579651978774909, 1.0881929063654083, -3.0883701983621745, -1.4036273510849626, 1.6577116761921877, -4.59717939200418, -7.21827694609643, -1.5906375642427453, -4.779126143224633, -12.797546708276247, 11.226239379194176, -8.485340732746053, 1.7008104483647308, 1.6673319780957034, -1.1991625380214124, 3.843414578093852] 
[-0.17649662142777478, -0.16302621161917985, -3.5615398729416197, -0.08234349636816107, -0.4007502008989552, 1.3468034453939253, 3.407409976111113, 0.19091135169184392, 0.7806038324838984, 0.6655542717590008, -2.665731563755767, -1.82626598569137, 1.3765531411376153, -3.996411530160833, -8.692902617692482, -2.991306687061615, -4.890350257563591, -12.768997333435754, 10.491762979196391, -7.695555685501909, 2.2637377876581204, 1.724832042739444, -1.6711821590222578, 4.26799222329284] 
[-0.5936641253737398, -0.5801937155651449, -3.1443723689956546, -0.4995110003141261, 0.016417303047009835, 1.7639709493398903, 2.990242472165148, -0.2262561522541211, 0.3634363285379334, 1.0827217757049659, -3.082899067701732, -1.409098481745405, 1.8915679114452684, -4.561174772459779, -9.092954319265072, -2.7431048865816803, -5.014245169201424, -15.966208547578486, 13.713455942869905, -8.30627846880116, 2.3327678245822527, 2.473278790532728, -2.4244606152230617, 3.782234119819945] 
[-0.3364898511484795, -0.3230194413398846, -3.401546643220915, -0.2423367260888658, -0.24075697117825046, 2.0211452235651506, 3.2474167463904084, 0.03091812197113919, 0.1062620543126731, 1.3398960499302262, -3.3400733419269923, -1.1519242075201448, 1.421814069081146, -4.106808464591083, -9.142662395702825, -2.249301041314376, -4.51995364014676, -16.190248098127782, 13.677888514370421, -8.457917171001746, 2.83707122401674, 4.1880368334956835, -4.09370102162371, 3.5324520614504] 
[-0.5033675326216254, -0.15614175986673873, -3.234668961747769, -0.07545904461571995, -0.0738792897051046, 2.1880229050382964, 3.4142944278635543, -0.13595955950200667, 0.27313973578581896, 1.1730183684570803, -3.506951023400138, -1.3188018889932906, 1.1447272925726235, -3.754814695998133, -8.802976413473717, -1.9497321489502526, -4.2876717521973475, -16.21074147081877, 13.536439760063697, -8.292294529053315, 2.66547163341385, 4.202078089974122, -3.9370323855032066, 3.702205221707964] 
[-0.7971831199284352, 0.13767382744007106, -2.9408533744409593, -0.36927463192252974, -0.3676948770119144, 1.8942073177314867, 3.1204788405567445, -0.42977514680881646, -0.02067585152099083, 0.8792027811502705, -3.800766610706948, -1.0249863016864809, 1.6850596306446168, -4.272152966257553, -8.552655403118418, -1.6583956942436282, -4.626935125187056, -17.789559103300014, 15.158674456677662, -7.697431286038791, 3.0672476394978614, 4.522657875112138, -3.91914399177621, 3.409006934847198] 
[-0.6003555359921058, -0.059153756496258314, -3.1376809583772887, -0.17244704798620036, -0.5645224609482438, 2.091034901667816, 2.923651256620415, -0.23294756287248708, 0.17615173241533855, 1.0760303650865999, -3.6039390267706186, -0.8281587177501515, 1.02280977449418, -3.6153535443576708, -8.453548937029689, -1.4629285293235637, -4.575748006324178, -16.067163046734017, 13.440221377563516, -8.021644492999224, 2.7362219173170836, 4.4532756438527255, -4.121986559269185, 3.171049175790342] 
[-0.4510917360406146, -0.2084175564477495, -3.28694475832878, -0.02318324803470917, -0.713786260899735, 2.240298701619307, 3.0729150565719063, -0.08368376292099589, 0.32541553236682974, 1.225294165038091, -3.75320282672211, -0.6788949177986603, 1.1241283630467496, -3.530336429645081, -8.599267467940253, -1.3064529531891131, -4.529867722302052, -16.54833111416541, 13.920744337799864, -7.896114204550838, 2.855728471239663, 3.7416806571763974, -3.384379585475422, 3.425955490215448] 
[-0.6235210097086905, -0.38084683011582543, -3.114515484660704, -0.1956125217027851, -0.541356987231659, 2.0678694279512313, 3.2453443302399823, 0.08874551074708004, 0.49784480603490566, 1.0528648913700152, -3.580773553054034, -0.8513241914667362, 1.227691182772085, -3.368872985682867, -8.419050606478267, -1.4614788212264525, -4.998653147795162, -17.271304625748716, 14.529766646861415, -8.110207390932823, 2.6555337275991198, 3.6411250326816744, -3.5124407736465737, 3.234145274313026] 
[-0.9109483225677706, -0.6682741429749055, -2.827088171801624, 0.09181479115629498, -0.25392967437257896, 1.7804421150921512, 3.5327716430990623, -0.19868180211200004, 0.2104174931758256, 1.3402922042290952, -3.868200865913114, -0.5638968786076561, 1.4739470170594506, -3.2929194110936737, -8.677587727032446, -1.7039765840209724, -4.767108381913909, -17.33562394443373, 14.30647920636907, -7.785986475589415, 2.038668508880472, 2.3488060315936483, -2.268290145718538, 3.6941645561470753] 
[-0.7293039076757188, -0.8499185578669572, -3.0087325866936756, 0.2734592060483467, -0.07228525948052722, 1.5987977002000995, 3.714416057991114, -0.017037387219948297, 0.39206190806787733, 1.1586477893370435, -4.049845280805165, -0.3822524637156044, 2.10890347862313, -4.023912357140334, -9.108349158460236, -1.7656810058458157, -4.954215498536928, -17.54058227215901, 14.32198741185674, -7.557566586890595, 2.294039435834265, 3.053506810998857, -2.9865305202968995, 3.4203832178942988] 
[-0.6610881341749191, -0.7817027843661575, -3.0769483601944754, 0.20524343254754696, -0.00406948597972745, 1.5305819266992997, 3.6462002844903143, 0.05117838628085147, 0.32384613456707756, 1.0904320158362437, -4.118061054305965, -0.3140366902148046, 2.1809633051954043, -4.032652396149821, -9.189872604722408, -1.6652479788923653, -5.049179954173141, -17.506995000671687, 14.363096892179755, -7.489363338034643, 2.245949296256151, 3.1791187436284054, -3.1108575469142354, 3.452166934439647] 
[-0.2490817133647929, -0.3696963635560313, -3.4889547810046015, 0.6172498533576731, -0.4160759067898536, 1.9425883475094259, 4.0582067053004405, -0.3608280345292747, 0.7358525553772037, 1.50243843664637, -4.530067475116091, -0.7260431110249308, 1.7831005012362864, -4.0651106418685865, -8.818315741928533, -1.1653419740643116, -5.563379055315325, -14.243408113219303, 11.102935138831143, -7.81589944414662, 1.7233503012032911, 2.331653619456417, -2.3488842058774466, 3.317624830427329] 
[-0.29009864827600174, -0.41071329846724014, -3.5299717159158104, 0.658266788268882, -0.45709284170106246, 1.9836052824206347, 4.099223640211649, -0.40184496944048353, 0.7768694902884126, 1.461421501735161, -4.5710844100273, -0.7670600459361396, 1.755497240540748, -4.123466762792, -8.890245470525524, -1.2105350709313818, -5.592392325768767, -14.331043517878458, 11.18613482002616, -7.82799344830306, 1.7640563358843964, 2.36930460835515, -2.3107591753388945, 3.360556866393628] 
[-0.44627946529982543, -0.25453248144341645, -3.686152532939634, 0.8144476052927057, -0.30091202467723877, 1.827424465396811, 4.255404457235473, -0.5580257864643072, 0.6206886732645889, 1.3052406847113374, -4.414903593003476, -0.9232408629599633, 1.8644372327198782, -3.9433356765166914, -8.741918664055506, -1.4713618797724177, -5.306237867227432, -14.349195010901044, 10.979055221846673, -8.024985350094626, 1.8993795746046658, 2.5220818073987794, -2.1811975188931143, 3.2144565520143655] 
[-0.21217565406560857, -0.4886362926776333, -3.452048721705417, 0.5803437940584888, -0.5350158359114556, 2.061528276631028, 4.48950826846969, -0.7921295976985241, 0.8547924844988057, 1.0711368734771205, -4.649007404237693, -1.1573446741941802, 2.2818022199734846, -4.3820677900044105, -8.89784057809877, -0.9963949090874022, -5.801891619895017, -13.948866071258932, 10.508478517438895, -8.404300687438212, 1.6137627110100106, 2.6810325519980815, -2.0152999394294895, 3.005463561210519] 
[-0.21588391688385888, -0.49234455549588363, -3.448340458887167, 0.5766355312402385, -0.538724098729706, 2.065236539449278, 4.49321653128794, -0.7958378605167744, 0.8510842216805554, 1.0674286106588702, -4.645299141419443, -1.1610529370124305, 2.278241041660181, -4.3828588091437375, -8.892679740724184, -0.9884233318113993, -5.808791766628039, -13.946932756309641, 10.510794589139422, -8.40760907131186, 1.6103955913669026, 2.683722218933412, -2.010811772643022, 3.0100340610060443] 
[-0.49107124644000555, -0.21715722593973696, -3.7235277884433136, 0.3014482016840918, -0.2635367691735593, 2.340423869005425, 4.2180292017317935, -0.5206505309606277, 0.5758968921244088, 0.7922412811027235, -4.9204864709755896, -1.4362402665685772, 2.672976120997335, -5.016162487156953, -9.536985581240634, -1.3934947378123743, -5.8398133267308925, -13.636056989638867, 10.255007050989622, -8.190169245087079, 1.85601276881801, 2.479495404536673, -2.2335178874111548, 3.24252091584797] 
[-0.19822959789146344, -0.5099988744882791, -4.016369436991855, 0.5942898502326339, -0.5563784177221014, 2.0475822204568828, 4.510870850280336, -0.22780888241208563, 0.8687385406729509, 0.4993996325541814, -4.627644822427047, -1.7290819151171193, 2.8553548518720615, -4.776284072447976, -9.341539814459612, -1.6578102117836253, -5.540628921928436, -13.965078915330778, 10.522400696891097, -8.44175789071241, 1.3466142055192978, 1.976863875968452, -2.5641807550650864, 3.5048837615891504] 
[-0.5834549712283539, -0.12477350115138863, -3.631144063654965, 0.20906447689574348, -0.17115304438521095, 2.432807593793773, 4.125645476943445, -0.6130342557489761, 1.2539639140098413, 0.11417425921729096, -5.012870195763938, -1.3438565417802288, 2.3215933837764995, -3.912064488621116, -8.0796028510866, -0.5558290605668474, -5.594714865502026, -14.479820996914125, 11.308136297133007, -7.704858976147248, 1.6036710601151118, 1.7476266655951591, -2.1112296485167907, 3.057206340147585] 
[-0.40217293935887133, 0.05650853071809392, -3.4498620317854822, 0.39034650876522603, 0.010128987484271601, 2.6140896256632558, 4.306927508812928, -0.7943162876184586, 1.0726818821403588, 0.2954562910867735, -4.831588163894455, -1.1625745099107463, 1.8950930240690147, -3.4634624572889994, -7.706679190153739, -0.2260377163351439, -5.474494937408023, -14.491978215744588, 10.874699720582171, -8.200871928010017, 0.6906263225613474, 0.8636689880553448, -1.890462951936794, 3.285625679814354] 
[-0.5271156269364687, -0.06843415685950349, -3.324919344207885, 0.5152891963428234, -0.11481370009332581, 2.739032313240853, 4.18198482123533, -0.919258975196056, 1.1976245697179562, 0.1705136035091761, -4.706645476316858, -1.0376318223331489, 1.6852138197212314, -3.2461190365804713, -7.916306016333114, -0.48990974941832166, -5.253272937700102, -14.567553970551131, 10.617036080161919, -8.466365893564284, 0.7115859313533596, 0.7477151504232689, -2.093275553375605, 3.0842060579851305] 
[-0.4663592477980756, -0.007677777721110335, -3.385675723346278, 0.5760455754812166, -0.05405732095493265, 2.67827593410246, 4.121228442096937, -0.8585025960576629, 1.136868190579563, 0.10975722437078295, -4.645889097178465, -1.098388201471542, 1.6465341522642973, -3.2901083699746865, -7.961823089113448, -0.3774641499696656, -5.375624795923575, -14.649011741562196, 10.665183663286928, -8.525888579377575, 0.561987751730377, 0.6037528859061856, -2.214934748727699, 2.9625127817417325] 
[-0.20138787372601774, 0.2572935963509475, -3.12070434927422, 0.8410169495532744, -0.3190286950269905, 2.943247308174518, 4.386199816168995, -1.1234739701297207, 1.4018395646516209, -0.1552141497012749, -4.380917723106407, -1.3633595755435999, 1.164486760684059, -2.8073138818732004, -7.799075681216439, -0.8977249736394753, -4.829442115726116, -14.485678519263272, 11.16285260256193, -7.962859557329869, 0.8803746433647006, 0.5249698879183688, -1.7317295237432473, 3.4455518795567293] 
[-0.7099369001030325, 0.7658426227279622, -3.629253375651235, 0.3324679231762597, -0.8275777214040052, 3.4517963345515326, 4.89474884254601, -0.614924943752706, 1.9103885910286356, -0.6637631760782896, -3.872368696729392, -0.8548105491665852, 0.7700944944826295, -3.3974395777175515, -7.1657395894080045, 0.7590598924886253, -6.464310200029701, -14.261525530038446, 10.316117131372563, -8.771269869245419, 1.7095418617303173, 1.379275801013981, -2.1507164359140543, 3.8734877868253648] 
[-0.7897319727222416, 0.8456376953471714, -3.5494583030320257, 0.2526728505570506, -0.9073727940232144, 3.3720012619323234, 4.814953769926801, -0.6947200163719152, 1.8305935184094264, -0.5839681034590805, -3.9521637693486014, -0.9346056217857943, 0.7655417814842703, -3.2179022295604, -7.375908347502864, 0.6118502417561521, -6.462671910660626, -14.181990556177896, 10.352047213608538, -8.824719907913426, 1.676855745221497, 1.4600010582631342, -2.2865581642705046, 3.7468175291462975] 
[-0.7720333308767997, 0.8633363371926133, -3.5671569448774676, 0.2703714924024925, -0.8896741521777725, 3.3896999037777653, 4.797255128081359, -0.7124186582173571, 1.8482921602548683, -0.6016667453045224, -3.9698624111940433, -0.9523042636312362, 0.7973069952950453, -3.2477663181433716, -7.381690317623551, 0.6019265519907793, -6.528109793647812, -14.24815582107279, 10.342684626374567, -8.814796086192123, 1.6288044082693478, 1.4107290692278176, -2.268015762291655, 3.7357794513141203] 
[-0.5629528134513087, 1.0724168546181043, -3.3580764274519765, 0.06129097497700142, -0.6805936347522814, 3.5987804212032564, 5.00633564550685, -0.9214991756428481, 2.0573726776803594, -0.3925862278790313, -4.178942928619534, -0.7432237462057452, 0.7851748671415836, -2.759836529435249, -7.932823975004279, 0.21496368089535112, -6.297114109776239, -14.299633612584461, 11.108354084605004, -8.054279636890977, 1.0856131129054298, 0.8346572660313739, -1.876330233059005, 4.082797733262635] 
[-0.6605080910374492, 1.169972132204245, -3.260521149865836, -0.036264302609139154, -0.778148912338422, 3.501225143617116, 5.10389092309299, -0.8239438980567075, 1.9598174000942188, -0.4901415054651719, -4.081387651033394, -0.6456684686196046, 0.6601911981118133, -2.6523177329139855, -7.902608966060615, 0.31900157651176786, -6.369943736320507, -14.247177106262587, 11.149141812471635, -8.15356206050494, 0.8733392627199956, 0.6240328106351867, -1.7856423678382258, 4.038363628231911] 
[-0.7213259233657605, 1.1091542998759336, -3.1997033175375247, -0.09708213493745044, -0.7173310800101107, 3.4404073112888045, 5.043073090764679, -0.8847617303850188, 1.8989995677659075, -0.5509593377934832, -4.0205698187050825, -0.7064863009479159, 0.5325256793202813, -2.3730653350170194, -8.162838537040658, 0.36646355607187314, -6.421298606444598, -14.234618847794492, 11.301154008381086, -7.9963629799778975, 0.9395742806154979, 0.6036962810020925, -1.8212376393680585, 4.078928749991458] 
[-0.5580417578291779, 0.945870134339351, -3.036419152000942, -0.2603663004740331, -0.8806152455466933, 3.277123145752222, 4.879788925228096, -1.0480458959216015, 1.7357154022293249, -0.3876751722569005, -4.183853984241665, -0.8697704664844985, 0.1634260955190905, -1.6733606355847326, -8.800290196911522, 0.19042362769472396, -6.371149521141702, -14.39502265753189, 11.696510742875132, -7.61124572171711, 0.8834037835945331, 0.752300547322116, -1.9514640874390468, 4.177218882303972] 
[-0.6268689120810946, 1.0146972885912677, -2.9675919977490253, -0.19153914622211632, -0.8117880912947766, 3.208295991500305, 4.948616079480013, -1.1168730501735182, 1.8045425564812416, -0.31884801800498375, -4.115026829989748, -0.9385976207364153, 0.1611673016272744, -1.4438975717009146, -9.0340568679832, 0.32434375710828234, -6.056912841001061, -14.092193512500122, 11.557062886860637, -7.747129200488828, 0.9240091901211283, 0.6974666366324425, -1.8070226804459397, 4.320528030465103] 
[-0.5848974006300582, 0.9727257771402313, -3.0095635092000617, -0.14956763477107993, -0.853759602745813, 3.1663244800492687, 4.9905875909310495, -1.0749015387224818, 1.846514067932278, -0.36081952945602014, -4.073055318538712, -0.8966261092853789, 0.2607901495720773, -1.6300744520640638, -8.866729394061334, 0.3329247567947624, -6.1993426543784285, -14.235109330195396, 11.531367295137121, -7.712473071913936, 0.9982048197730359, 0.7728504509359343, -1.8892449299882288, 4.240408715778573] 
[-0.5853562942676507, 0.9731846707778238, -3.010022402837654, -0.15002652840867237, -0.8542184963834054, 3.1658655864116763, 4.991046484568642, -1.0753604323600743, 1.8460551742946856, -0.3603606358184277, -4.073514212176304, -0.8970850029229713, 0.2603086932464296, -1.6300018722203333, -8.867288364825852, 0.3336137689432708, -6.197394090095348, -14.233199838056635, 11.531659132661508, -7.712819682332295, 0.9978824411331316, 0.7732223464070369, -1.8901359763332024, 4.239532190190988] 
[-0.5462405550071359, 0.934068931517309, -3.049138142098169, -0.11091078914815755, -0.8933342356439202, 3.1267498471511614, 5.030162223829157, -1.114476171620589, 1.8851709135552004, -0.3212448965579129, -4.03439847291579, -0.9362007421834861, 0.20507095074020598, -1.5781414505908995, -8.86080723309079, 0.2953736939956795, -6.1835357217463605, -14.26209269675201, 11.55599374147359, -7.745444898885587, 0.9275037798717923, 0.7052126902003387, -1.9117888242848533, 4.268499889287702] 
[-0.3851925211191243, 1.0951169654053206, -3.2101861759861805, 0.05013724473985404, -0.7322862017559086, 2.96570181326315, 5.191210257717168, -0.9534281377325775, 2.046218947443212, -0.4822929304459245, -3.873350439027778, -0.7751527082954746, -0.18100758306178405, -0.8495689704652803, -9.516079865673593, 0.2184080022228772, -5.483874937941165, -13.559607349280292, 11.450950650230327, -7.6165135773797354, 1.0641100969402666, 0.6156181141464807, -2.1916185580272263, 3.9848548812787072] 
[-0.5522086821822252, 1.2621331264684215, -3.3772023370492814, 0.21715340580295495, -0.5652700406928077, 3.1327179743262508, 5.358226418780269, -1.1204442987956784, 1.879202786380111, -0.31527676938282356, -3.706334277964677, -0.9421688693585755, 0.022948880581000364, -1.064255549691201, -9.500778339263826, 0.40552305521303, -6.011540143134919, -14.097599883288023, 11.049410229234683, -8.016365324381034, 0.8913221498049919, 0.7537485806427376, -2.5075652368624537, 3.6842416951596983] 
[-0.2130624281360869, 1.6012793805145598, -3.038056083003143, 0.5562996598490932, -0.22612378664666943, 2.7935717202801125, 5.019080164734131, -1.4595905528418167, 1.5400565323339728, 0.023869484663314733, -3.3671880239185388, -0.6030226153124372, 0.6518746494153134, -2.882693144904368, -7.7522961753784925, 0.045841086102402784, -5.211039531452872, -13.337198215611755, 11.616707263706205, -7.36987430952002, 1.5610354808286147, 1.3224359504642604, -2.073282138244028, 4.153326700250605] 
[-0.5201689444213815, 1.2941728642292651, -2.7309495667178485, 0.8634061761343879, 0.08098272963862518, 2.486465203994818, 5.326186681019426, -1.152484036556522, 1.2329500160486782, -0.2832370316219799, -3.060081507633244, -0.29591609902714255, 0.8894071127749568, -13.678125742098425, 3.04304441980958, -0.5942455873773835, -4.50407744096054, -12.933648198929532, 11.31683414034693, -7.704284054021385, 1.2876773048130417, 1.5989600490384042, -1.6970470324420304, 4.529728762313855] 
[-0.6168711126964399, 1.3908750325043235, -2.827651734992907, 0.9601083444094463, -0.015719438636433214, 2.5831673722698762, 5.229484512744367, -1.0557818682814637, 1.3296521843237366, -0.3799391998970383, -3.1567836759083026, -0.39261826730220095, 0.977049111920518, -13.611380475535144, 3.0666416931418357, -0.2834279673737347, -4.814746760077689, -12.979783154969693, 11.4243812592734, -7.601818047843365, 1.4169735391559155, 1.7361102204736387, -1.7742877526822245, 4.438802565818896] 
[-0.6627463396411808, 1.3449998055595827, -2.781776508048166, 1.0059835713541871, 0.030155788308307674, 2.5372921453251354, 5.275359739689108, -1.1016570952262046, 1.2837769573789957, -0.42581442684177917, -3.2026589028530434, -0.34674304035746006, 1.020105737807347, -13.584153210143098, 3.085232894772433, -0.0782646123811438, -5.019950292150815, -12.91206588428984, 11.51376795317455, -7.53083128669057, 1.488468233160658, 1.8102074354967304, -1.8142058432749681, 4.392407056165234] 
[-0.5307866219977266, 1.2130400879161285, -2.91373622569162, 1.1379432889976413, 0.16211550595176183, 2.6692518629685895, 5.407319457332562, -1.2336168128696587, 1.1518172397355415, -0.5577741444852333, -3.0706991852095893, -0.2147833227140059, 1.152243688586187, -13.585447084581594, 3.2452276570147904, -0.7206434703219177, -4.382586573063222, -12.744343058755861, 11.659683714780854, -7.648052215536494, 1.7197679516175242, 2.0217607907377815, -1.9148508355439704, 4.519105974803592] 
[-0.8409249973153403, 0.9029017125985148, -3.223874601009234, 0.8278049136800276, 0.4722538812693755, 2.979390238286203, 5.717457832650176, -1.5437551881872724, 0.8416788644179278, -0.24763576916761965, -3.380837560527203, 0.09535505260360777, 0.5643905728318931, -12.01875584543188, 1.78086037763701, -3.0908056606320073, -1.9664338018760237, -13.36699116090552, 11.079403672424922, -8.050741144012548, 1.5621118436008932, 2.2303613211061473, -2.199374751533212, 4.845950813453439] 
[-0.4745459547803601, 0.5365226700635346, -3.590253643544214, 0.4614258711450474, 0.8386329238043557, 2.613011195751223, 5.351078790115196, -1.1773761456522922, 0.4752998218829476, 0.11874327336736057, -3.747216603062183, 0.461734095138588, 1.584420291069312, -13.434916766531837, 2.8905728981987444, -2.96075888685645, -1.546396383582033, -13.823568118211647, 11.38716415446565, -8.273483855595204, 1.3144560224506694, 1.8976096705721, -1.956892635317252, 4.535026607227031] 
[-0.5276874991489211, 0.5896642144320956, -3.537112099175653, 0.4082843267764864, 0.7854913794357947, 2.666152740119784, 5.297937245746635, -1.2305176900208532, 0.5284413662515086, 0.06560172899879957, -3.694075058693622, 0.408592550770027, 1.538114926213555, -13.452323524960521, 2.847735372081876, -2.9512538430416453, -1.437001020322347, -13.92582259392068, 11.45581188059242, -8.137819629823056, 1.183161808223078, 1.8302363247354625, -2.0566391903575396, 4.431406071663576] 
[-0.5510139213422138, 0.6129906366253883, -3.5137856769823603, 0.3849579045831937, 0.762164957242502, 2.6428263179264913, 5.3212636679399274, -1.253844112214146, 0.5051149440582159, 0.04227530680550684, -3.717401480886915, 0.38526612857673426, 1.5569201673015185, -13.441520307806885, 2.8582308400322614, -2.978614554050172, -1.409519869293135, -13.920739944781737, 11.442474614309562, -8.101102890315962, 1.146068107818771, 1.8466245681889422, -2.0419110133728284, 4.415157492760482] 
[-0.7813599631643267, 0.3826445948032755, -3.744131718804473, 0.15461186276108085, 0.9925109990646148, 2.873172359748604, 5.55160970976204, -1.023498070392033, 0.7354609858803287, -0.18807073501660598, -3.487055439064802, 0.15492008675462143, 2.079173639517646, -14.123182384572983, 3.3568495876084787, -3.134512570713588, -1.160496737652963, -13.883781957534554, 11.17243813024945, -8.310461483889098, 0.9744599846643565, 1.5756592159866076, -1.5660941020383405, 4.885386087064961] 
[-0.7494665187845899, 0.41453803918301224, -3.77602516318421, 0.12271841838134412, 0.9606175546848781, 2.905065804128341, 5.583503154141777, -1.0553915147717698, 0.7673544302600654, -0.21996417939634272, -3.4551619946850654, 0.1230266423748847, 2.1156446101043023, -14.13018900030472, 3.4258655336666988, -3.0659972201474712, -1.1715940179349547, -13.835850157744172, 11.239048467768278, -8.222312461574907, 0.9024533438718133, 1.5798034328937691, -1.5894919395462037, 4.909589200776328] 
[-1.0221903364355351, 0.6872618568339575, -3.5033013455332647, -0.1500053992696011, 0.6878937370339329, 3.177789621779286, 5.856226971792722, -0.7826676971208246, 0.4946306126091202, -0.49268799704728794, -3.7278858123360106, -0.14969717527606052, 1.897543738315881, -14.217789187469148, 3.2189896654336456, -2.9823379769495393, 0.203330166875052, -15.235719242661931, 10.850209835341662, -8.132585726775337, 1.033975000075699, 1.285693968327445, -2.02664409037621, 4.506266825923406] 
[-0.9608387867073414, 0.6259103071057637, -3.441949795805071, -0.08865384954140731, 0.7492452867621266, 3.1164380720510922, 5.794875422064528, -0.8440192468490184, 0.43327906288092644, -0.43133644731909415, -3.7892373620642044, -0.08834562554786674, 2.1394623925259966, -14.49156148244356, 3.3898220599588194, -2.8907774569630655, 0.055205187531417094, -15.081646312574904, 10.858375927581477, -8.300481907866624, 1.2268116980176915, 1.409228014559333, -2.012236071342695, 4.574563344501219] 
[-1.182384447353019, 0.4043646464600861, -3.2204041351593933, 0.13289181110427029, 0.527699626116449, 2.8948924114054146, 6.016421082710206, -1.065564907494696, 0.21173340223524884, -0.20979078667341655, -4.010783022709882, -0.30989128619354434, 2.995377507738778, -15.446524130052655, 3.9040554839685706, -2.9470371227495633, 0.7410293968647974, -15.771361044263655, 10.671141995448748, -8.15437899339525, 1.2553531478508386, 0.9929685556689913, -2.679574626714116, 3.9887082925967094] 
[-1.3049461622368272, 0.5269263613438944, -3.3429658500432016, 0.2554535259880786, 0.6502613410002573, 2.7723306965216064, 6.138982797594014, -0.9430031926108877, 0.08917168735144054, -0.33235250155722484, -3.8882213078260737, -0.18732957130973604, 3.12223765047904, -15.451575924283185, 4.036491152524415, -2.81986586774195, 0.7838935243724532, -15.636680961031976, 10.83261991028622, -8.061386574481357, 1.315393099211741, 1.1359136508829657, -2.5699210002062576, 3.9441623780716095] 
[-1.0186799125543078, 0.2406601116613749, -3.629232099725721, -0.03081272369444088, 0.3639950913177379, 3.058596946204126, 5.852716547911495, -1.2292694422934072, -0.19709456233107892, -0.046086251874705386, -4.174487557508593, -0.4735958209922555, 3.4116211347171363, -15.455313653601085, 4.412389706551166, -2.286917223619504, -0.14886850943165342, -14.645448605482255, 11.520053547894335, -6.544920269619367, -0.15887544619502925, 1.575776147364781, -1.6203695924711639, 4.8293776373448] 
[-1.246163237891302, 0.468143436998369, -3.401748774388727, 0.19667060164255323, 0.13651176598074377, 3.28608027154112, 5.625233222574501, -1.001786116956413, -0.42457788766807303, -0.2735695772116995, -3.947004232171599, -0.7010791463292496, 3.419741188966061, -15.740244453686268, 4.871770656919306, -1.8462392371457095, 0.01853613808889429, -14.44442369104183, 11.987458992276094, -4.923973024972762, -1.740813616521265, 1.4740635577925134, -0.6643373887614956, 5.786744874980149] 
[-1.0384339212365918, 0.26041412034365896, -3.609478091043437, -0.011058715012156828, -0.07121755067396629, 3.07835095488641, 5.417503905919791, -1.2095154336111231, -0.21684857101336297, -0.06584026055698944, -4.154733548826309, -0.49334982967453955, 3.409547714087892, -15.48259011966712, 4.5747984405760755, -2.0834704664503465, -0.18114763844757611, -14.169320141657387, 11.624192214319118, -5.305787352141015, -1.6491999965788786, 1.1585102831942344, -1.181733613264701, 5.304512789125659] 
[-1.3551346938489988, 0.5771148929560659, -3.29277731843103, 0.3056420576002501, 0.24548322193844063, 2.761650182274003, 5.100803133307384, -1.52621620622353, 0.09985220159904395, -0.38254103316939636, -3.838032776213902, -0.17664905706213263, 3.761367117038898, -15.524771628370544, 5.140381105869206, -1.5236263486688095, -0.5182766039503676, -14.534614422759772, 11.020779533049819, -6.317485195634673, -0.7491678664693084, 1.3651043532239486, -2.4112767968835955, 4.070945649926118] 
[-1.223685898684351, 0.4456660977914182, -3.4242261135956777, 0.4370908527648978, 0.3769320171030883, 2.8930989774386506, 5.2322519284720315, -1.6576650013881777, -0.03159659356560374, -0.25109223800474867, -3.96948157137855, -0.3080978522267803, 3.658271597657712, -15.55940678291441, 5.0328060045043355, -1.358498723574586, -0.6798656831104422, -14.615958984300772, 11.133259608164868, -6.523362302730038, -0.540017584401467, 1.4128843492792929, -2.7079516252959115, 3.7656863220652053] 
[-1.5464264944274428, 0.12292550204832642, -3.7469667093387695, 0.7598314485079896, 0.6996726128461801, 2.570358381695559, 5.554992524215123, -1.334924405645086, -0.3543371893086955, -0.5738328337478404, -3.646740975635458, 0.014642743516311452, 3.6349262988281055, -15.912255563053792, 5.38727757650197, -1.437263584360109, -1.1115388529767805, -14.186833143748292, 10.841515934103816, -6.280144284958454, -0.3362023650051609, 1.932767406772212, -1.537592939419007, 4.884056021525868] 
[-1.4485659541064133, 0.22078604236935595, -3.844827249659799, 0.8576919888290191, 0.7975331531672096, 2.6682189220165884, 5.457131983894094, -1.2370638653240564, -0.45219772962972504, -0.4759722934268109, -3.5488804353144285, 0.11250328383734098, 3.574644414136691, -15.950131183223686, 5.31577323352256, -1.3731187873017745, -1.1012939014391185, -14.034512441884301, 11.03094682006788, -5.939683605270946, -0.6562245318456181, 1.7922963513956762, -1.682142193515871, 4.923174673631503] 
[-1.7097875341085529, 0.4820076223714955, -3.5836056696576595, 1.1189135688311587, 1.0587547331693492, 2.929440502018728, 5.718353563896233, -1.498285445326196, -0.7134193096318646, -0.21475071342467134, -3.810102015316568, 0.37372486383948056, 3.6686479885558385, -15.777464843446582, 5.193900688545807, -1.0270163036133677, -1.4367911330152883, -14.19095425641787, 10.86871299243422, -5.320406990594956, -1.3382003189114808, 2.2956547491902146, -1.2715684198949515, 4.8055984273584915] 
[-2.027223466479199, 0.16457169000084937, -3.9010416020283056, 0.8014776364605125, 1.3761906655399954, 2.612004569648082, 6.035789496266879, -1.1808495129555499, -1.0308552420025108, 0.10268521894597482, -3.492666082945922, 0.0562889314688344, 3.933608942070729, -15.717665733541711, 4.761040018918177, -1.7454026945705134, -0.6102448755166033, -14.789931833362958, 11.167469729480253, -4.436258905066601, -2.2100682966962304, 2.1061808989105613, -0.5789961354611028, 5.513491827489759] 
[-2.255282207108823, -0.0634870506287748, -3.6729828613986815, 0.5734188958308883, 1.6042494061696195, 2.3839458290184576, 6.263848236896504, -1.408908253585174, -0.8027965013728866, 0.330743959575599, -3.720724823575546, 0.28434767209845857, 4.084013328979615, -15.62997070964633, 4.623928526100234, -1.562639141745866, -0.8036929330911089, -14.879951888960818, 11.421846615147489, -4.002527732864401, -2.6118695195766737, 2.025357930091786, -0.9208270315015257, 5.168679846597543] 
[-2.544964090433147, -0.35316893395309856, -3.3833009780743577, 0.8631007791552121, 1.8939312894939433, 2.6736277123427814, 5.97416635357218, -1.1192263702608503, -0.5131146180485628, 0.041062076251275226, -4.01040670689987, 0.5740295554227823, 2.8367719419991198, -14.391507092350473, 5.073997659513055, -1.0842836588057152, -0.9651921685220476, -15.077846900094316, 11.714021448151128, -4.910118372704877, -1.7094879362454183, 2.1114582152181587, -0.3666769141806323, 5.73369073391562] 
[-2.6182121509152654, -0.27992087347098016, -3.3100529175922393, 0.9363488396373305, 1.9671793499760617, 2.7468757728249, 5.900918293090061, -1.1924744307429687, -0.43986655756644444, -0.03218598423084318, -4.083654767381988, 0.5007814949406639, 2.8621407533907854, -14.300685592935395, 4.9625963543741785, -1.1727962114881676, -0.9609224975979451, -14.990159893455825, 11.590986541630055, -5.22943992258815, -1.3994813757559887, 2.119392340926386, -0.4116337519725782, 5.778137692439353] 
[-3.0306613228011616, 0.1325282984149161, -2.897603745706343, 0.5238996677514343, 2.379628521861958, 3.159324944710796, 5.488469121204165, -1.604923602628865, -0.02741738568054819, -0.4446351561167394, -4.4961039392678845, 0.9132306668265602, 3.7551000862474506, -15.301004509049058, 5.636293735755692, -0.9082736361832825, -1.6533794908157664, -14.274733609369411, 11.928746432810213, -5.041828318722075, -1.0562129791315864, 1.6284127846303909, -1.8463536827373723, 4.348337171219265] 
[-3.383492281613481, 0.4853592572272354, -3.2504347045186623, 0.17106870893911497, 2.0267975630496387, 3.5121559035231154, 5.8413000800164845, -1.9577545614411842, -0.3802483444928675, -0.09180419730442013, -4.143272980455565, 0.5603997080142409, 3.4448268527406363, -15.688833622189994, 5.0945009279682365, -0.23528460838176113, -1.0616449413852957, -14.278989133768134, 11.546827273202195, -3.8486586183674607, -2.2437248183611818, 2.0059262415931114, -1.5679891095427363, 4.1455193813424795] 
[-3.727490744989104, 0.8293577206028586, -3.5944331678942856, 0.5150671723147382, 2.370796026425262, 3.168157440147492, 5.497301616640861, -1.613756098065561, -0.7242468078684907, -0.43580266068004336, -4.4872714438311885, 0.21640124463861765, 3.8599337905525126, -15.353228586420535, 4.880521729737045, -0.45804963607833193, 0.8370374999687942, -16.184352584510815, 11.577420774290387, -3.591142749958024, -2.1383875823434364, 1.7299610861788839, -0.4052024845444784, 5.315707018313377] 
[-3.6895869070098537, 0.7914538826236082, -3.632337005873536, 0.5529710102939887, 2.3328921884460114, 3.2060612781267426, 5.535205454620112, -1.6516599360448114, -0.6863429698892403, -0.4737064986592938, -4.525175281810439, 0.1784974066593672, 3.9595091692288316, -15.188081108924775, 5.04350696196739, -0.32649807090124194, 0.9998613365034447, -16.32149073391329, 11.536842441173748, -3.5638910096343195, -2.1159162922678028, 1.690429204199644, -0.43648271172379843, 5.326614525690269] 
[-3.9329360132712696, 1.034802988885024, -3.875686112134952, 0.3096219040325727, 2.5762412947074274, 2.9627121718653266, 5.778554560881528, -1.8950090423062274, -0.44299386362782434, -0.2303573923978779, -4.281826175549023, 0.4218465129207831, 3.8894247164362667, -14.714872083250542, 5.520627650484079, -0.3962303766617786, 1.1222233539083464, -16.160846429287616, 11.305685354072246, -3.6907255390690765, -2.2996335284923584, 1.4257220385282823, -0.6342476966241187, 5.3997982321349065] 
[-3.953010802469936, 1.0548777780836907, -3.8556113229362854, 0.3296966932312393, 2.556166505508761, 2.94263738266666, 5.758479771682861, -1.8749342531075608, -0.4630686528264909, -0.25043218159654446, -4.261751386350356, 0.4419213021194497, 3.929571481621575, -14.659616449038579, 5.566535127264083, -0.3930351028297962, 1.1657315111237236, -16.20630178730986, 11.332566243657439, -3.696188822176822, -2.2710017746726403, 1.4592805121044978, -0.5218519921565716, 5.510595088096156] 
[-3.8700641350776723, 1.1378244454759545, -3.7726646555440215, 0.41264336062350315, 2.473219838116497, 3.025584050058924, 5.841426439075125, -1.9578809204998247, -0.5460153202187548, -0.1674855142042806, -4.34469805374262, 0.5248679695117136, 3.7566016046540356, -14.911220209935685, 5.330623279408151, -0.5209317472907393, 1.2989226931739262, -16.35523693720807, 11.316647678868256, -4.007580631234614, -1.9586168922684777, 1.4545406195156758, -0.1312321474898024, 5.901470888712785] 
[-3.729056385475292, 0.9968166958735742, -3.913672405146402, 0.5536511102258834, 2.3322120885141167, 3.166591799661304, 5.982434188677505, -2.098888670102205, -0.687023069821135, -0.026477764601900322, -4.485705803345001, 0.3838602199093333, 4.0148097118564685, -14.491629197935215, 5.708148708981267, -0.4898324106043219, 1.639289936585305, -16.6947722047975, 11.397038908517061, -3.4555041445912784, -2.5512297974796345, 1.161450471839789, -0.8642959619970148, 5.176763021871317] 
[-3.3949610310378513, 1.330912050311015, -4.247767759583843, 0.21955575578844266, 1.998116734076676, 3.500687154098745, 6.316529543114946, -1.7647933156647642, -0.3529277153836943, -0.3605731190393411, -4.819801157782441, 0.717955574346774, 4.428441747843988, -14.227340868764237, 5.320177231344998, -1.067801714988277, 1.1819562281504303, -16.738608721574447, 11.928603127527012, -4.783652255448683, -1.1171173611801861, 1.9529881677643397, -1.0200785460837511, 5.370157391212769] 
[-3.5348509027472015, 1.4708019220203652, -4.387657631293193, 0.35944562749779285, 2.138006605786026, 3.360797282389395, 6.456419414824296, -1.9046831873741144, -0.49281758709304446, -0.5004629907486913, -4.679911286073091, 0.8578454460561242, 4.29274291288857, -14.156969319164567, 5.17437070726422, -1.2393763479449107, 1.1458977912852228, -16.871814403159895, 11.768525890606641, -4.916220750702003, -1.126119874643897, 2.095589040807187, -1.1122767318151228, 5.445447756710349] 
[-3.4578452052766013, 1.5478076194909653, -4.310651933822593, 0.2824399300271927, 2.2150123032566262, 3.437802979859995, 6.379413717353696, -1.9816888848447145, -0.5698232845636446, -0.5774686882192914, -4.602905588602491, 0.9348511435267244, 4.211318776536195, -14.272471893475485, 5.053706340855172, -1.3499196569071144, 0.7669321634075503, -16.488619167346492, 11.891518476257396, -4.881998475214476, -1.0656670330318292, 2.18017022779085, -1.1594840247916554, 5.4953776417326985] 
[-3.391852245727488, 1.4818146599418518, -4.376644893371706, 0.34843288957630625, 2.28100526280574, 3.5037959394091085, 6.4454066769028096, -1.915695925295601, -0.5038303250145311, -0.643461647768405, -4.6688985481516045, 0.8688581839776108, 4.278062275815457, -14.167486950530263, 5.157372378897221, -1.4154647267710918, 0.7415926256463478, -16.54981233184686, 11.81237103105675, -4.949470803380341, -1.0675227074969555, 2.248273098035894, -1.110802878437417, 5.453464809969356] 
[-3.1402886073738787, 1.2302510215882427, -4.628208531725315, 0.5999965279299153, 2.532568901159349, 3.7553595777627176, 6.1938430385492005, -1.664132286941992, -0.252266686660922, -0.895025286122014, -4.920462186505214, 1.12042182233122, 4.018377320293407, -14.536508103185492, 4.805920588508329, -1.194310695882695, 0.7048630796789812, -16.84784178117057, 11.501203774822484, -4.7860615220676195, -0.9786738934265312, 2.0200248739890307, -0.5980578404534349, 5.96964894061436] 
[-3.3807238764320036, 0.9898157525301179, -4.86864380078344, 0.8404317969880402, 2.292133632101224, 3.9957948468208424, 5.953407769491076, -1.423697017883867, -0.011831417602797156, -0.6545900170638892, -4.680026917447089, 1.3608570913893447, 4.258713836900159, -14.3097790957471, 4.634297081215738, -1.0092169908583912, 0.4943139676807474, -16.906598757008865, 11.714612213689767, -4.877147803422447, -1.1357096724570195, 1.740339756678811, -0.36121557169467305, 5.792310477625589] 
[-3.172688310858994, 0.7817801869571084, -4.6606082352104305, 1.0484673625610497, 2.5001691976742335, 4.203830412393852, 6.161443335064085, -1.6317325834568766, -0.21986698317580666, -0.4465544514908797, -4.471991351874079, 1.5688926569623542, 4.080849530496889, -14.077689680126019, 4.261024599853194, -1.3849594577380493, 0.9213971628221501, -17.48487877414659, 11.227034354233648, -5.104772543868846, -1.1310199393903488, 1.9533629655370572, -0.10768645499151125, 6.042238441323627] 
[-3.0954368256495246, 0.7045287017476389, -4.7378597204199, 1.1257188477705191, 2.577420682883703, 4.126578927184383, 6.084191849854616, -1.554481098247407, -0.2971184683852761, -0.36930296628141024, -4.39473986666461, 1.6461441421718237, 4.159891705109954, -13.996530076705778, 4.320401098824585, -1.4438807109931744, 0.847280523408144, -17.52101581506458, 11.270712338091398, -2.752589960248466, -3.4839788166980403, 1.8390339383853396, -0.19628180712811044, 6.1193421830817245] 
[-2.9396880954400397, 0.548779971538154, -4.893608450629385, 0.9699701175610342, 2.421671952674218, 3.970830196974898, 5.928443119645131, -1.3987323680379222, -0.14136973817579124, -0.5250516964908951, -4.550488596874095, 1.4903954119623388, 4.3104846862588415, -13.84987002311132, 4.5506963135429785, -1.2091799932474383, 0.6705160545397044, -17.391717332707003, 11.199797293024607, -5.227662558784479, -1.0093500535498459, 2.0036714892645526, -0.011576579059693587, 5.9512755862402695] 
[-2.9508414199524284, 0.5376266470257653, -4.882455126116996, 0.9588167930486455, 2.432825277186607, 3.9819835214872867, 5.917289795132742, -1.409885692550311, -0.15252306268817994, -0.5362050210032838, -4.561641921386483, 1.4792420874499501, 4.296891410265869, -13.83560874339189, 4.542202942116312, -1.2008044011726704, 0.6593181536842716, -17.395258865250963, 11.209015467454087, -5.22999933007017, -1.0185842515109247, 2.0141269001115707, -0.0227108875968636, 5.9393585928228765] 
[-3.06514796913844, 0.6519331962117767, -4.768148576930985, 1.0731233422346569, 2.3185187280005954, 4.096290070673298, 5.802983245946731, -1.5241922417363223, -0.2668296118741913, -0.42189847181727247, -4.675948470572495, 1.5935486366359615, 4.398069136294514, -13.75498938147543, 4.7444421677524025, -1.0058867526619488, 0.8280282525145336, -17.695496191551772, 10.936625157504588, -5.217900295075022, -0.9178311980988079, 2.135067820016238, 0.09258083451719278, 5.834010636361106] 
[-3.369108850859003, 0.9558940779323399, -4.464187695210422, 1.3770842239552201, 2.014557846280032, 3.792329188952735, 5.4990223642261675, -1.220231360015759, -0.5707904935947545, -0.7258593535378357, -4.3719875888519315, 1.2895877549153982, 4.111086073058579, -14.034654569427722, 4.540564304882245, -0.7666221958173852, 0.45112169856352524, -17.374249532236043, 10.816851233046997, -3.1213079478208385, -3.017233034397635, 2.4670918428349635, 0.407760085257174, 5.523512413155234] 
[-3.5187863295592545, 1.1055715566325914, -4.31451021651017, 1.2274067452549686, 2.1642353249802837, 3.6426517102524834, 5.648699842926419, -1.0705538813155075, -0.720467972295006, -0.5761818748375842, -4.22231011015168, 1.4392652336156497, 4.2885401213871965, -13.821185447571082, 4.748763994161605, -0.6106437459169811, 0.29545618472943525, -17.214254987154003, 10.755939853236733, -2.813982995432827, -3.319999786817201, 2.33117324923314, 0.25622023176898756, 5.643540629065431] 
[-3.4843160443649377, 1.0711012714382746, -4.348980501704487, 1.2618770304492855, 2.1987056101746005, 3.6081814250581665, 5.683170128120736, -1.1050241665098244, -0.7549382574893229, -0.610652160031901, -4.187839824957363, 1.404794948421333, 4.248796395701987, -13.853100454079623, 4.777099257994304, -0.5809137211924009, 0.2528842178919543, -17.15638298900694, 10.81593692249657, -2.7618233950783386, -3.3251370614587796, 2.3760460986862415, 0.30312475006029227, 5.682562185847399] 
[-3.585544954365392, 0.9698723614378202, -4.450209411704941, 1.160648120448831, 2.299934520175055, 3.709410335058621, 5.581941218120281, -1.2062530765102788, -0.8561671674897773, -0.5094232500314466, -4.289068734957818, 1.5060238584217873, 4.120048923038813, -14.023999198950786, 4.610559019673163, -0.6917506071913715, 0.3185787046587816, -17.09501309555126, 10.69937049603196, -2.8886407265327394, -3.326649576462727, 2.250686863506712, 0.1859291562405137, 5.7700586494459625] 
[-3.7031302429866986, 0.8522870728165137, -4.332624123083635, 1.2782334090701375, 2.1823492315537485, 3.8269956236799274, 5.699526506741588, -1.3238383651315853, -0.7385818788684708, -0.6270085386527531, -4.406654023579124, 1.3884385698004809, 4.031762145251614, -13.90335380004571, 4.737466752166287, -0.7559025143066879, 0.4814999160585339, -17.316371770385054, 10.46949296787424, -3.155218393916602, -3.103447813664329, 2.3318811327366737, 0.3084411470477571, 5.658785240743355] 
[-3.72968055879998, 0.8257367570032321, -4.3591744388969165, 1.251683093256856, 2.20889954736703, 3.853545939493209, 5.672976190928306, -1.3503886809448669, -0.7120315630551892, -0.6004582228394715, -4.3801037077658425, 1.3618882539871993, 3.9930647335632488, -13.938008554070425, 4.760580730012639, -0.7289667665297239, 0.46339283214543425, -17.332530671302678, 10.492843717698523, -3.138910692549527, -3.0822577409673615, 2.2988918591063174, 0.2807582760249109, 5.681458749665479] 
[-3.5023061836543543, 0.5983623818576063, -4.131800063751291, 1.4790574684024818, 2.436273922512656, 3.626171564347583, 5.900350566073932, -1.5777630560904927, -0.9394059382008151, -0.3730838476938456, -4.607478082911468, 1.5892626291328251, 4.181668369458738, -14.04108288233021, 5.012806299619878, -0.49519209305022305, 0.2388153445966602, -17.10744899363105, 10.351314920483114, -2.9906697646244984, -2.973719371385901, 2.5457170861145335, 0.5118397551407936, 5.491462759191141] 
[-3.4760797675186903, 0.5721359657219423, -4.158026479886955, 1.4528310522668177, 2.410047506376992, 3.599945148211919, 5.926576982209596, -1.6039894722261567, -0.9656323543364791, -0.3468574315581816, -4.633704499047132, 1.5630362129971611, 4.203936044538601, -14.054657810431934, 5.034106779980185, -0.5110168838327873, 0.2605844953133051, -17.147867669189804, 10.311656183322095, -2.932466186733634, -3.0319557274271878, 2.518590990020134, 0.4854429584392459, 5.4656877400705] 
[-3.3974973340179875, 0.49355353222123943, -4.236608913387657, 1.5314134857675206, 2.331465072876289, 3.678527581712622, 5.847994548708893, -1.6825719057268596, -0.8870499208357763, -0.2682749980574788, -4.5551220655464295, 1.4844537794964583, 4.307187535677878, -13.965278536573653, 4.9683559568180415, -0.6445066060741456, 0.1336533112011371, -17.198617737775734, 10.372856010039635, -2.7665486326426763, -3.197062737476794, 2.5917664553299655, 0.40854053148615566, 5.543710684409094] 
[-3.25365092056791, 0.3497071187711618, -4.09276249993758, 1.6752598992175982, 2.1876186594262115, 3.5346811682625443, 5.704148135258816, -1.538725492276782, -0.7432035073856986, -0.41212141150755643, -4.698968478996507, 1.3406073660463806, 4.430801982892948, -14.056040653255728, 5.089963928096951, -0.7478316576577525, 0.25019891954783413, -17.414915629354592, 10.155211082185772, -2.6518672171893876, -3.1303789787353082, 2.4492713249978397, 0.2480615297593661, 5.3866850175540195] 
[-3.3159451549451506, 0.287412884393921, -4.030468265560339, 1.737554133594839, 2.2499128938034523, 3.4723869338853035, 5.641853900881575, -1.476431257899541, -0.6809092730084578, -0.47441564588479723, -4.761262713373748, 1.4029016004236214, 4.359434826025592, -14.142403756636645, 5.006153269747292, -0.6921532411455872, 0.2103900057008013, -17.365486376835026, 10.102705969508586, -2.6134685394561723, -3.092966761884956, 2.5111345252014705, 0.327075271017048, 5.465496239575268] 
[-3.429720611900762, 0.4011883413495325, -3.9166928086047275, 1.6237786766392275, 2.1361374368478407, 3.358611476929692, 5.755629357837186, -1.5902067148551526, -0.7946847299640694, -0.5881911028404088, -4.8750381703293595, 1.516677057379233, 4.22508477932465, -14.266082714169421, 5.076886989758592, -0.5199625363316128, 0.38241223135386404, -17.438962017275703, 10.220686918965972, -2.309305402955385, -3.3899746148142778, 2.4106825270035004, 0.46247008601232753, 5.599374335323641] 
[-3.5741878366311464, 0.2567211166191483, -4.061160033335112, 1.4793114519088433, 2.280604661578225, 3.2141442521993078, 5.611162133106802, -1.7346739395855368, -0.6502175052336852, -0.44372387811002456, -5.019505395059744, 1.3722098326488488, 4.413884769504331, -14.096611737923674, 4.985714219561441, -0.7534906361347016, 0.14121658782280588, -17.610415284439654, 10.055600253798529, -1.9391889373297684, -3.7602503295772163, 2.251802382789583, 0.6236707751787149, 5.751000219504947] 
[-3.6553589726658724, 0.17554998058442228, -3.9799888973003856, 1.5604825879435693, 2.361775797612951, 3.1329731161645817, 5.692333269141528, -1.6535028035508108, -0.7313886412684112, -0.5248950141447506, -4.938334259025018, 1.4533809686835748, 4.466048994340489, -14.168147322390459, 4.90329662076187, -0.6289945719717823, 0.26607640310329117, -17.533938770268705, 10.162032065279142, -2.1606403120896154, -3.5495253839865017, 2.1785214842214615, 0.7292435638284203, 5.850102004794081] 
[-3.976247678172889, 0.4964386860914387, -3.659100191793369, 1.8813712934505857, 2.6826645031199674, 3.453861821671598, 6.013221974648545, -1.3326140980437944, -0.41049993576139476, -0.20400630863773417, -5.259222964532034, 1.7742696741905912, 3.860962677994484, -14.755444868483414, 5.162842349859347, -0.8425234479989331, 0.4877762430764304, -17.854761997586305, 9.833296814534968, -1.9546502271002437, -3.338429365578143, 2.536413435078281, 0.4070098156705923, 6.139154494682066] 
[-4.03687199279787, 0.5570630007164197, -3.5984758771683882, 1.9419956080755667, 2.6220401884949864, 3.514486136296579, 6.073846289273526, -1.2719897834188134, -0.3498756211364138, -0.1433819940127532, -5.198598649907053, 1.7136453595656103, 3.9191394504481125, -14.759201032658577, 5.231061279277131, -0.9075055435202589, 0.4941266111931954, -17.90185057670872, 9.881205620934058, -1.9582514078535727, -3.4014902599793637, 2.5963809924930636, 0.47400265530930125, 6.067206667011846] 
[-4.05994946626933, 0.5339855272449596, -3.575398403696928, 1.9650730815470268, 2.6451176619664465, 3.537563609768039, 6.050768815802066, -1.2950672568902735, -0.37295309460787385, -0.16645946748421325, -5.175521176435593, 1.7367228330370703, 3.8959498707606994, -14.759370275449474, 5.204481042171241, -0.882086915473203, 0.49237831990585373, -17.884699861743236, 9.862993764488673, -1.965968824492991, -3.4201623592816346, 2.620131027602524, 0.49301054538541844, 6.087916258365514] 
[-3.937002301534978, 0.4110383625106073, -3.6983455684312805, 2.088020246281379, 2.768064826700799, 3.414616445033687, 6.173715980536418, -1.1721200921559212, -0.49590025934222615, -0.043512302749860954, -5.052574011701241, 1.613775668302718, 3.859317961917607, -14.633175511677454, 5.30542512359908, -0.4691957884653385, 0.905044396827608, -17.97012083411333, 9.765606274438014, -1.0369161652859662, -4.35107175455967, 2.5980660889684644, 0.3506447463040009, 6.231609633180753] 
[-3.8833660008974746, 0.35740206187310397, -3.644709267793777, 2.0343839456438757, 2.821701127338302, 3.4682527456711902, 6.227352281173921, -1.2257563927934245, -0.4422639587047228, -0.09714860338736431, -5.106210312338744, 1.6674119689402214, 3.824998123433436, -14.6036696964768, 5.298423878908729, -0.634640651997309, 0.7398645289983926, -17.95789598793174, 9.714668259500971, -1.0455451212067062, -4.409514089644671, 2.6617841300867533, 0.4057282729860412, 6.175744349433195] 
[-3.7906135778296957, 0.264649638805325, -3.551956844725998, 1.9416315225760967, 2.728948704270523, 3.561005168738969, 6.134599858106142, -1.1330039697256455, -0.3495115356369438, -0.18990102645514328, -5.013457889270965, 1.5746595458724424, 3.9038191419389743, -14.625681548494033, 5.390713400367418, -0.6569750367653133, 0.6102085478077616, -18.110245206178025, 9.575486086739454, -1.0509165629592572, -4.296894444535608, 2.5555505556964095, 0.3241314565232691, 6.090226372670077] 
[-3.7587716700985965, 0.2328077310742258, -3.520114936994899, 1.973473430307196, 2.697106796539424, 3.5928470764700684, 6.102757950375043, -1.1648458774567447, -0.31766962790584463, -0.1580591187240441, -5.045299797002064, 1.6065014536035416, 3.917457544098594, -14.65688592883362, 5.352413285194775, -0.653424244587922, 0.6485888389323122, -18.081930006270472, 9.552118294841836, -1.085324666882427, -4.2954367347741105, 2.5250851302326702, 0.2940067379062032, 6.058493610323342] 
[-3.8772139499673024, 0.35125001094293173, -3.638557216863605, 1.85503115043849, 2.81554907640813, 3.4744047966013625, 6.221200230243749, -1.0464035975880388, -0.1992273480371387, -0.03961683885533818, -5.16374207687077, 1.7249437334722475, 3.617293728340257, -14.979588443937692, 5.150897618926612, -0.4642598578794565, 0.7034280198585171, -17.902027065744626, 9.689326882067471, -1.8837455058042236, -3.4932768373200114, 2.5398657938981795, 0.41580811390037015, 5.93599327154579] 
[-3.7894187361599556, 0.26345479713558495, -3.7263524306709517, 1.9428263642458368, 2.9033442902154767, 3.3866095827940157, 6.308995444051096, -0.958608383780692, -0.11143213422979192, 0.04817837495200861, -5.0759468630634235, 1.8127389472795943, 3.3262038464728336, -15.302239477005712, 4.921470202372324, 0.08763823741674986, 1.2480246365454064, -17.717521563076676, 9.852745438353697, -1.2481892831852868, -4.134421998593662, 2.6924945431510006, 0.33602822869552, 5.8592119622407] 
[-3.7113286823302687, 0.3415448509652719, -3.6482623768412648, 1.8647363104161498, 2.8252542363857898, 3.4646996366237026, 6.230905390221409, -0.8805183299510051, -0.18952218805947885, -0.029911678877678316, -4.9978568092337365, 1.8908290011092812, 3.358256895626091, -15.381254947448888, 4.808272336410963, 0.19823429431966882, 1.262035073475751, -17.61399665772324, 9.955735548698422, -1.283304236495, -4.189101398025919, 2.773013156250845, 0.27365446771791346, 5.795072994501506] 
[-3.8528674315983373, 0.20000610169720323, -3.506723627573196, 2.0062750596842185, 2.683715487117721, 3.323160887355634, 6.08936664095334, -1.0220570792190737, -0.3310609373275475, 0.11162707039039033, -4.856318059965668, 1.7492902518412126, 3.4579805248049515, -15.463527267482782, 4.843071723178109, 0.8508231277603455, 1.9103874269715218, -17.7569290437691, 9.767228816624883, -1.4067722903019235, -4.220862356101505, 2.6361717096022157, 0.16616848638265402, 5.685966074833179] 
[-3.949805316943962, 0.10306821635157837, -3.603661512918821, 2.1032129450298434, 2.5867776017720963, 3.420098772701259, 5.992428755607715, -1.1189949645646986, -0.42799882267317235, 0.2085649557360152, -4.759380174620043, 1.6523523664955877, 3.154676039784779, -15.786082603724584, 4.618522950055394, 1.4080810024772799, 2.4727047270512643, -17.527648428868687, 9.951001715279197, -0.8967951134795557, -4.719608101183978, 2.62451320624743, 0.24851392878544395, 5.768524947344372] 
[-4.086332716276747, 0.23959561568436305, -3.4671341135860363, 2.239740344362628, 2.723305001104881, 3.283571373368474, 6.1289561549405, -0.9824675652319139, -0.564526222005957, 0.07203755640323051, -4.622852775287258, 1.515824967162803, 2.6801239923399742, -16.2560727021735, 4.741802510858081, 1.334100421301537, 2.6104474509904443, -17.334289619528466, 10.046669964978873, -1.5960575412881541, -3.987295163324178, 2.356828462873941, 0.09779327443904093, 5.917051555918095] 
[-4.266289211940865, 0.05963912002024463, -3.287177617921918, 2.0597838486985096, 2.5433485054407625, 3.1036148777043557, 6.3089126506046185, -1.1624240608960323, -0.3845697263418386, -0.10791893926088791, -4.44289627962314, 1.3358684714986846, 3.514804158919054, -15.424356875807787, 4.701590809905736, 1.1775308561103623, 2.63347353466226, -17.537157312827112, 9.822409908430092, -1.8138826849574303, -3.9600191644306513, 2.167860800211128, 0.26946634618236887, 5.746465261572165] 
[-3.95202667390409, 0.37390165805702, -2.9729150798851425, 1.7455213106617342, 2.857611043477538, 3.417877415741131, 6.623175188641394, -0.8481615228592569, -0.07030718830506322, 0.20634359877588748, -4.757158817659915, 1.0216059334619092, 0.31625466243747224, -18.627223994162975, 4.3790874385118235, 0.10065314820669169, 1.5464897802503832, -17.519993108385545, 10.13309897401424, -1.5165610020561782, -3.9438286587791938, 2.473122041184814, 0.02105926146526102, 6.005316664772725] 
[-3.9012433683852237, 0.3231183525381538, -3.0236983854040087, 1.694738005142868, 2.8068277379586717, 3.367094110222265, 6.572391883122528, -0.8989448283781232, -0.01952388278619699, 0.15556029325702125, -4.807942123178782, 0.970822627943043, 0.3620340459277288, -18.634642440922967, 4.429401564442662, 0.15114487547285374, 1.5447101367611087, -17.478385933742608, 10.096266626488855, -1.5339017919261224, -3.9801595646789947, 2.424292884991728, 0.05407744397097759, 5.971386221553875] 
[-4.34051308947932, 0.7623880736322497, -3.4629681064981046, 2.134007726236964, 2.367558016864576, 3.806363831316361, 7.0116616042166235, -0.4596751072840273, 0.4197458383078989, -0.28370942783707465, -5.2472118442728775, 0.5315529068489471, -0.8595723177028703, -19.8326535087793, 4.59999773891955, 0.530446133670065, 1.4777516540270503, -16.99132971572923, 10.345447177096556, 0.13455487935876098, -5.6765061235165195, 2.898674046384501, 1.0519097817953726, 6.9647106854394805] 
[-4.285333493911182, 0.8175676692003875, -3.407788510929967, 2.078828130668826, 2.312378421296438, 3.751184235748223, 6.956482008648486, -0.4044955117158895, 0.4749254338760367, -0.22852983226893686, -5.302391439841015, 0.5867325024170849, -0.9068684838919945, -19.820952805540085, 4.5512268582367, 0.5007429321697698, 1.511791304254395, -17.00528605843209, 10.440306691733888, 0.0402711051579315, -5.6945007564447065, 2.9234344366710387, 1.2369622875032418, 7.151647504753936] 
[-4.429466463943534, 0.6734346991680353, -3.2636555408976147, 2.2229611007011782, 2.168245451264086, 3.607051265715871, 6.812349038616134, -0.5486284817482416, 0.6190584039083888, -0.08439686223658471, -5.158258469808663, 0.4425995323847327, -0.5366861692194895, -19.457860564024188, 4.511762271858648, 0.5141643554179949, 1.2761487636610842, -17.342415947760816, 10.031167652073433, 0.38726053591031195, -5.733108236883206, 2.7090017381586424, 1.723099468502592, 7.62342591763974] 
[-4.0981523964687305, 1.0047487666428387, -2.9323414734228113, 1.8916470332263748, 2.4995595187388893, 3.2757371982410675, 7.143663106090937, -0.879942549223045, 0.28774433643358543, -0.4157109297113881, -5.4895725372834665, 0.7739135998595361, -1.8313215555620557, -20.7412498502017, 4.625686995544467, 0.4380773307891074, 1.8661239807773995, -16.690254691942002, 10.289506790792474, 0.9461402303961102, -6.624981251205495, 1.988112349663349, 0.019842074660627818, 5.90839249249221] 
[-3.7792634530804463, 0.6858598232545545, -2.613452530034527, 2.210535976614659, 2.180670575350605, 3.5946261416293517, 7.462552049479221, -1.1988314926113293, -0.031144606954698784, -0.7345998730996723, -5.808461480671751, 1.0928025432478203, -1.2995616726167434, -20.255544673803662, 4.4864797239192225, -1.0258060517299983, 0.33255333579618407, -17.36554716396312, 9.296094748742885, 2.256540806714801, -7.69557609715857, 1.2613223973961447, 0.8697269718145874, 6.623686778265292] 
[-3.3795543232607237, 1.0855689530742771, -3.0131616598542497, 1.8108268467949364, 2.5803797051703277, 3.194917011809629, 7.062842919659499, -1.5985406224310519, -0.4308537367744214, -0.3348907432799497, -5.408752350852028, 0.6930934134280977, -2.3237035358427844, -21.610922655933436, 3.385697385187867, -1.47822833466142, 0.8454412685134689, -16.70022049286152, 9.713777686915149, 2.407699744907626, -7.3510791552904315, 1.4414951248206869, 1.2332953633062032, 7.080125417569068] 
[-3.5633243547692146, 0.9017989215657862, -2.8293916283457587, 1.6270568152864455, 2.3966096736618367, 3.37868704331812, 7.2466129511679895, -1.7823106539395428, -0.6146237682829123, -0.1511207117714588, -5.592522382360519, 0.8768634449365886, -2.654053583751301, -22.944158081085238, 2.0800499578967657, -0.43686680010954615, 1.9197059723096426, -16.374160643215088, 9.918278908515006, 2.9349390005719704, -7.876671023799598, 1.3253201649141657, 0.8503869146438375, 6.6829280534531295] 
[-3.199737101921473, 1.265386174413528, -3.1929788811935005, 1.9906440681341873, 2.033022420814095, 3.0150997904703782, 6.883025698320248, -2.1458979067872845, -0.2510365154351706, 0.21246654107628293, -5.228935129512777, 1.2404506977843304, -1.9125521267595897, -21.455563981144472, 3.45538350838961, -0.6381929001138633, 2.1309268573629194, -16.691212747851825, 10.311102633249874, 3.295851206348769, -7.726408071028432, 0.9176229018754587, 1.5053353664683016, 7.3103223694278014] 
[-3.3110428326735093, 1.1540804436614915, -3.081673150441464, 1.8793383373821508, 2.1443281515661314, 3.1264055212224147, 6.994331429072284, -2.257203637539321, -0.13973078468313416, 0.10116081032424651, -5.117629398760741, 1.129144967032294, -1.8019987889886782, -21.49862361775563, 3.525125318849314, -0.5396384640502493, 2.1006514435386823, -16.57806776854711, 10.035527164637363, 2.773796129406703, -7.239311024334068, 1.110894031072665, 1.6801117933718113, 7.469815228908927] 
[-3.104547239785612, 0.9475848507735942, -2.8751775575535667, 1.6728427444942535, 2.3508237444540288, 3.332901114110312, 7.2008270219601815, -2.0507080446514236, 0.06676480820476316, 0.3076564032121438, -5.324124991648638, 0.9226493741443966, -1.5975153758990015, -21.528102293035968, 3.7063607392396656, -0.36817530072932925, 2.0301808950061684, -16.391668069384792, 10.375490701124324, 3.099299529893615, -7.20208237242563, 1.3344329277157718, 2.029478810807997, 7.812845524216968] 
[-3.1172397923509703, 0.9348922982082359, -2.8624850049882085, 1.6601501919288952, 2.363516297019387, 3.3202085615449537, 7.21351957452554, -2.0380154920860654, 0.054072255639404876, 0.3203489557775021, -5.3368175442139965, 0.9353419267097549, -1.6103729721981856, -21.52046719738395, 3.6995451672918462, -0.3745608915393624, 2.039683192311164, -16.375918539888737, 10.40479446099022, 3.1418888831343907, -7.238055566112372, 1.3471774463739934, 2.023692412055573, 7.82281255191079] 
[-2.8932839532569314, 0.7109364591141971, -3.0864408440822473, 1.884106031022934, 2.139560457925348, 3.096252722450915, 6.989563735431501, -2.261971331180104, 0.2780280947334437, 0.09639311668346329, -5.560773383308035, 1.1592977658037937, -1.832558002340212, -21.642914043354875, 3.8266783704508116, -0.5218294821333643, 2.1494109243017543, -16.59972891946024, 10.317277859141871, 3.5734154035759245, -7.686066210535564, 1.0945241153204435, 1.811277545678325, 7.94968587330604] 
[-2.879359379294124, 0.7248610330770044, -3.1003654180450546, 1.8980306049857414, 2.1534850318881555, 3.110177296413722, 7.003488309394308, -2.2758959051429115, 0.291952668696251, 0.08246854272065596, -5.574697957270843, 1.173222339766601, -1.810236413663165, -21.68800386236676, 3.783914449361949, -0.5499528065695908, 2.122733045528011, -16.5934287645187, 10.35516924961541, 3.6316834109728466, -7.736954601121807, 1.118198365713934, 1.8240665562535683, 7.939127873675763] 
[-2.354733805163667, 0.20023545894654715, -2.5757398439145973, 2.4226561791161987, 1.6288594577576982, 3.6348028705441795, 6.478862735263851, -2.800521479273369, -0.23267290543420627, 0.6070941168511133, -6.0993235314013, 0.6485967656361438, -1.5508743463468093, -20.321113418651002, 5.178989383541633, -0.9649111777756247, 2.30680315563019, -17.05760396608696, 9.502802133016718, 2.8505479613534206, -7.933426221116209, 1.6562900055961916, 1.4391305491328787, 8.367104450389709] 
[-2.3655175168454843, 0.1894517472647297, -2.56495613223278, 2.433439890798016, 1.6396431694395157, 3.645586582225997, 6.468079023582034, -2.7897377675915513, -0.24345661711602373, 0.5963104051692958, -6.110107243083117, 0.6378130539543263, -1.5459367025186113, -20.31268956971541, 5.187988368088817, -0.9719507978078497, 2.3125695400656383, -17.064843187775256, 9.492741135415287, 2.8562347850921124, -7.922547996000271, 1.6669930683019554, 1.4354254650769667, 8.377444790385209] 
[-2.6958217201365375, 0.5197559505557829, -2.895260335523833, 2.7637440940890694, 1.3093389661484625, 3.3152823789349437, 6.798383226873087, -3.1200419708826046, -0.573760820407077, 0.926614608460349, -5.779803039792064, 0.9681172572453796, -1.3193122236095236, -20.16198144321871, 4.9777244132712255, -0.7185507264933608, 2.5421764306366987, -17.230924165264604, 9.856191577164475, 3.111459285034085, -7.527127524576148, 2.4629305808823925, 2.1648059173482204, 8.130639331341772] 
[-2.991894278545038, 0.2236833921472825, -3.1913328939323335, 3.05981665249757, 1.013266407739962, 3.0192098205264433, 6.502310668464586, -3.416114529291105, -0.27768826199857655, 0.6305420500518486, -5.483730481383564, 1.26418981565388, -0.8727466357926899, -20.56413734849231, 5.118147113330147, -0.6213077418235438, 4.9907571852063946, -14.786789149831826, 10.303052105083573, 3.6180711726693104, -7.129075980274313, 2.8003311006054545, 2.014536512942866, 7.809890235907473] 
[-2.5771406644139336, -0.19107022198382184, -3.606086508063438, 3.474570266628674, 0.5985127936088577, 2.604456206395339, 6.917064282595691, -3.8308681434222094, -0.6924418761296809, 0.21578843592074426, -5.898484095514668, 0.8494362015227757, -1.3483815878440009, -20.145491289406706, 4.820177148556249, -1.1401630281064745, 7.7359983423746375, -12.037108527199281, 10.787819713523437, 3.120449882897274, -7.8503456265031595, 1.9562988003525805, 1.31737253443463, 8.102787128209325] 
[-2.5781022783287337, -0.19010860806902175, -3.607048121978238, 3.473608652713874, 0.5975511796940576, 2.603494592480539, 6.918025896510491, -3.8299065295074093, -0.6914802622148808, 0.21675004983554436, -5.899445709429468, 0.8503978154375758, -1.350276920319277, -20.143713514638726, 4.82142705817662, -1.1414701527159496, 7.736719157721253, -12.036945064711157, 10.790154664650442, 3.123805287246433, -7.846601169616379, 1.9593314071354073, 1.3191334043771463, 8.104175032783793] 
[-2.6194334892656546, -0.14877739713210092, -3.648379332915159, 3.4322774417769533, 0.5562199687571368, 2.562163381543618, 6.87669468557357, -3.7885753185704885, -0.65014905127796, 0.17541883889862353, -5.940776920366389, 0.8090666045006549, -1.367792131190212, -20.189119099672208, 4.914322637939464, -1.2496662967675598, 7.619785159002654, -12.1454318539895, 10.74985377529139, 3.0103481157602143, -7.9894376213121525, 1.8412264674242327, 1.2665711705994585, 8.132828196552781] 
[-2.816786960093525, 0.04857607369576966, -3.8457328037430294, 3.2349239709490827, 0.7535734395850073, 2.7595168523714886, 6.679341214745699, -3.985928789398359, -0.4527955804500894, -0.02193463192924705, -6.1381303911942595, 1.0064200753285255, -1.2618191911123513, -20.003854386389616, 4.556606562739696, -0.946207055262738, 7.345374152550341, -12.480060255922242, 10.695049605533724, 2.680511818437983, -8.271064630639714, 1.939888904530114, 1.535887457774275, 8.391632727391997] 
[-2.7938217372469207, 0.07154129654237407, -3.822767580896425, 3.2119587481024783, 0.7306082167384029, 2.736551629524884, 6.702306437592304, -3.9629635665517546, -0.429830357603485, -0.044899854775851455, -6.161095614040864, 0.9834548524819211, -1.2947969699848043, -19.972442269548264, 4.4977383848199715, -0.8887285867392833, 7.280003685489263, -12.551851508852423, 10.665140824516795, 2.7270354261579532, -8.221605539416766, 1.9317750111847172, 1.5111576595379375, 8.366755943972095] 
[-2.9799888817768174, 0.25770844107227076, -3.6366004363665283, 3.398125892632375, 0.9167753612682996, 2.922718774054781, 6.516139293062407, -4.149130711081652, -0.6159975021333817, -0.23106699930574814, -5.974928469510967, 1.1696219970118178, -1.1583781656622083, -19.82609402817949, 4.623286309882343, -0.7797825100699122, 7.315400733837656, -12.805528162135277, 10.332531131080474, 2.419192170603409, -8.282354625775499, 1.720969555474939, 1.694142395604391, 8.192925636063345] 
[-2.6258720324404567, 0.6118252904086314, -3.990717285702889, 3.0440090432960143, 1.2708922106046603, 3.2768356233911415, 6.870256142398768, -3.795013861745291, -0.261880652797021, 0.12304985003061253, -5.620811620174607, 0.8155051476754571, -0.7633564868108347, -20.088999194679317, 5.313017210128535, -1.6661011415119913, 5.6535231541046675, -14.390042176667562, 10.448794816966188, 2.13499430746636, -8.199059903423668, 1.4545964152570496, 1.3419457044630076, 7.7981906255371785] 
[-2.838266714670679, 0.8242199726388537, -3.7783226034726667, 2.831614361065792, 1.058497528374438, 3.0644409411609193, 7.08265082462899, -3.582619179515069, -0.4742753350272433, 0.3354445322608348, -5.408416937944384, 1.0278998299056794, -0.6679260740007676, -19.7992705419375, 5.664005134964053, -1.736334956413936, 9.227657053855019, -10.823254725418208, 10.838749200520079, 2.813846813497304, -7.592526377988751, 1.7598261316754762, 1.0113515142094003, 7.4474790642319215] 
[-2.938420990835075, 0.7240656964744576, -3.6781683273082706, 2.931768637230188, 0.9583432522100419, 3.1645952173253153, 7.182805100793386, -3.4824649033506727, -0.5744296111916394, 0.23529025609643872, -5.50857121410878, 0.9277455537412833, -0.8433776517221844, -19.428079636006125, 6.082025061824809, -2.0192560594357616, 9.410809029073516, -10.764067666498706, 11.133510028766848, 3.1124745484457357, -7.562587505659299, 1.8907060369443625, 1.112805990446914, 7.385304645736181] 
[-2.6338579797124897, 1.028628707597043, -3.982731338430856, 3.2363316483527735, 1.2629062633326273, 3.469158228447901, 6.878242089670801, -3.1779018922280873, -0.26986660006905394, 0.5398532672190242, -5.813134225231366, 1.2323085648638687, -1.1240367384411174, -19.586221709737615, 6.268525230441368, -1.9394846842426565, 10.916352168214122, -9.252736696003488, 10.864861056316629, 3.177992839194558, -7.796487615565659, 2.009640342959649, 0.6184215415717572, 6.879103979422488] 
[-2.582797101980761, 1.0796895853287718, -3.9316704606991273, 3.2873925260845023, 1.2118453856008986, 3.418097350716172, 6.827181211939072, -3.228962769959816, -0.3209274778007827, 0.5909141449507529, -5.762073347499637, 1.2833694425955975, -1.1674954085911418, -19.616524393041452, 6.288276384005702, -1.8972039416786248, 10.852645535187817, -9.267714303559496, 10.974015579627581, 3.2852407055351303, -7.855458599365687, 1.9614316568082513, 0.6553925383026522, 6.934934544629433] 
[-2.206952408149652, 0.7038448914976629, -4.307515154530236, 2.9115478322533934, 0.8360006917697897, 3.793942044547281, 6.451336518107963, -2.853118076128707, 0.05491721603032618, 0.21506945111964404, -5.386228653668528, 0.9075247487644886, -1.0233993617071002, -18.68963025884902, 7.403943846707159, -2.6576834866446384, 10.440091839468064, -9.278254705307384, 11.202387229242404, 2.986172727056597, -8.370565876860413, 1.5089702821197875, 0.7814651628965371, 6.573865607580906] 
[-2.3477081342827635, 0.8446006176307743, -4.166759428397125, 3.052303558386505, 0.6952449656366784, 3.6531863184141695, 6.310580791974852, -2.712362349995596, -0.0858385101027852, 0.3558251772527554, -5.52698437980164, 1.0482804748976, -1.12393419118313, -18.75521875918294, 7.49319042074633, -2.5967453374633265, 10.754416705084317, -8.969519200051844, 11.233459118372235, 3.0975196943575662, -8.25140926532353, 1.3225417484998307, 0.484048300649844, 6.293311612313855] 
[-2.30952015289113, 0.8827885990224078, -4.204947409788758, 3.0904915397781383, 0.7334329470283119, 3.691374299805803, 6.348768773366485, -2.6741743686039623, -0.04765052871115172, 0.31763719586112193, -5.488796398410006, 1.0100924935059665, -1.116535941831619, -18.690193998970884, 7.604718602059972, -2.6951813158261437, 10.675488631618341, -9.04903634228861, 11.22659070558259, 3.1637002460881516, -8.319305241562624, 1.2913773392754606, 0.5315163989903322, 6.346736243601842] 
[-2.4386186774858043, 0.7536900744277335, -4.3340459343834326, 3.2195900643728126, 0.8625314716229862, 3.5622757752111287, 6.47786729796116, -2.545075844009288, -0.17674905330582602, 0.44673572045579624, -5.359697873815332, 0.8809939689112922, -1.3248635519662024, -18.521432292260673, 7.374704541241708, -2.436144117524354, 10.542550072281957, -9.047393552145245, 11.360011038299046, 3.2630906830485245, -8.238335649481602, 1.2049259230293519, 0.7116434455094567, 6.540755030198298] 
[-2.2222794111781266, 0.9700293407354112, -4.55038520069111, 3.003250798065135, 0.6461922053153084, 3.7786150415188064, 6.261528031653482, -2.7614151103169657, -0.39308831961350377, 0.663074986763474, -5.5760371401230096, 1.09733323521897, -1.1706512666143474, -18.38963974651397, 7.313252793215713, -2.6277997543165377, 9.643677723337822, -10.029714174452682, 11.9152283067926, 3.8301633710969067, -8.735274106018894, 1.4113073944999315, 0.927009102030978, 6.423016725462562] 
[-2.2661359176000087, 1.0138858471572934, -4.506528694269228, 3.047107304487017, 0.6023356988934263, 3.8224715479406886, 6.305384538075364, -2.7175586038950836, -0.43694482603538587, 0.6192184803415919, -5.5321806337011274, 1.141189741640852, -1.2494982981148308, -18.311796302562218, 7.295222131873669, -2.663173425761814, 9.72701290851446, -9.9486788128921, 11.921071645954708, 3.801707497402589, -8.780488522855153, 1.3716752247424056, 0.9661038700570452, 6.476000290139246] 
[-2.2710018354304378, 1.0090199293268642, -4.501662776438799, 3.051973222317446, 0.5974697810629972, 3.8273374657711177, 6.300518620244935, -2.7224245217255127, -0.43207890820495676, 0.6143525625111628, -5.537046551531557, 1.136323823810423, -1.2414201083372791, -18.319711184831707, 7.297287389452609, -2.6594444343469537, 9.73161402630476, -9.949147796915577, 11.916481336752076, 3.803769017683843, -8.773157465315734, 1.3819700833841713, 0.9742367176618137, 6.473016699867371] 
[-2.1639489504803127, 1.1160728142769893, -4.608715661388924, 2.944920337367321, 0.7045226660131223, 3.9343903507212428, 6.40757150519506, -2.6153716367753876, -0.32502602325483165, 0.5072996775610377, -5.4299936665814315, 1.0292709388602979, -1.1620263735860905, -18.25181157140146, 7.237569602500533, -2.7357524522235006, 9.746972022524796, -10.163325916006121, 12.133849137718048, 3.6568309479292536, -8.658018286405374, 1.2341178329330837, 0.774466537262724, 6.31932044562722] 
[-2.2788003670786683, 1.0012213976786337, -4.493864244790569, 3.0597717539656766, 0.8193740826114779, 4.049241767319598, 6.292720088596704, -2.7302230533737433, -0.4398774398531873, 0.6221510941593933, -5.544845083179787, 1.1441223554586535, -1.2443591912604568, -18.341102132922316, 7.152445582483336, -2.8159695537668847, 9.866114692007873, -10.156472533585223, 12.006485629701798, 3.539675781875663, -8.673445490298446, 1.4168050514087414, 1.0108390730696537, 6.514401553776733] 
[-2.3225851401615802, 0.9574366245957218, -4.5376490178734805, 3.0159869808827646, 0.8631588556943899, 4.005456994236686, 6.248935315513792, -2.7740078264566552, -0.3960926667702753, 0.6659358672423052, -5.501060310096875, 1.1003375823757415, -1.280629732712262, -18.359444481008612, 7.241589211354981, -2.9065692132373195, 9.869610703990139, -10.248781867664151, 12.09959908037546, 3.4782154970203183, -8.623204188149929, 1.3670566271403106, 0.9546867866414545, 6.545476163430343] 
[-2.2520177354580557, 1.0280040292992463, -4.467081613169956, 3.086554385586289, 0.7925914509908654, 4.076024398940211, 6.319502720217317, -2.8445752311601797, -0.3255252620667508, 0.7365032719458298, -5.5716277148004, 1.029770177672217, -1.2394398756465008, -18.289576248172832, 7.412771732189662, -3.073414686805498, 9.870126286517104, -10.108440586691316, 11.958859946630241, 3.5190167563045334, -8.524553936655773, 1.5140004041771633, 1.0745035721138367, 6.505008823788577] 
[-1.9235873850995073, 0.6995736789406979, -4.795511963528504, 2.7581240352277407, 1.1210218013494138, 4.404454749298759, 6.647933070575865, -2.5161448808016313, 0.002905088291797586, 0.40807292158728137, -5.243197364441851, 1.3582005280307654, -0.7274227633923784, -18.74712266719845, 7.99562118490043, -3.701702712320973, 10.750247075945554, -8.816877508370798, 10.911034841249284, 3.9713132116443766, -9.049552861386886, 1.1995838193767092, 1.350336863066742, 6.9021624233372] 
[-1.8884684649656744, 0.664454758806865, -4.830630883662337, 2.723005115093908, 1.1561407214832466, 4.3693358291649265, 6.612814150442032, -2.4810259606677985, -0.0322138318420353, 0.3729540014534485, -5.278316284575684, 1.3230816078969325, -0.7445446030784035, -18.772188421925364, 8.116900598388101, -3.822898708870625, 10.726508080951508, -8.765453096259897, 10.853383267212987, 3.9413243886906977, -9.068171391418035, 1.1541491214391364, 1.2987867321808437, 6.858433462762128] 
[-2.0764868503221496, 0.4764363734503898, -4.642612498305862, 2.5349867297374327, 0.9681223361267715, 4.557354214521402, 6.424795765085557, -2.6690443460242737, -0.2202322171985105, 0.5609723868099237, -5.466334669932159, 1.1350632225404573, -0.662341311632457, -18.630698476816367, 7.459000334914678, -3.1695435741795883, 10.489591666922028, -8.984165877038263, 10.753249783756374, 4.050340428208635, -8.946851750803843, 1.0087254595544177, 1.502201703868198, 7.085656927374326] 
[-2.0464211147087195, 0.4463706378369596, -4.672678233919292, 2.5049209941240025, 0.9380566005133413, 4.587419950134832, 6.454861500698987, -2.6389786104108435, -0.25029795281194067, 0.5309066511964935, -5.4964004055455895, 1.1651289581538875, -0.6758244278710864, -18.652028977270977, 7.346227641598275, -3.056437859517904, 10.449380700679885, -9.056854165013318, 10.82254447829945, 3.9950708238160093, -8.88647531743405, 1.0452011996295487, 1.4922566272901323, 7.113131642935294] 
[-2.04528570051418, 0.4475060520314993, -4.673813648113832, 2.506056408318542, 0.9369211863188016, 4.5885553643293715, 6.453726086504448, -2.640114024605383, -0.25143336700648033, 0.5320420653910332, -5.497535819740129, 1.1662643723484272, -0.6814844517934074, -18.64638662808786, 7.342169299566074, -3.0523435985924605, 10.448114625685786, -9.057763759244436, 10.821976869094787, 3.997318996932718, -8.888918200140889, 1.0437392215915318, 1.4926339493418799, 7.11208715173157] 
[-2.169207984154477, 0.5714283356717966, -4.549891364473535, 2.6299786919588395, 0.8129989026785043, 4.712477647969669, 6.577648370144745, -2.7640363082456805, -0.127511083366183, 0.6559643490313305, -5.6214581033804265, 1.2901866559887245, -0.06341785753812934, -19.26257762114707, 7.78543654174086, -3.4993187879500565, 10.57334047339847, -9.117157443304407, 10.727884725064365, 3.748632811651177, -8.62078349207573, 1.2038535218880733, 1.451699590378397, 7.226189301466718] 
[-2.346778885501669, 0.39385743432460485, -4.727462265820726, 2.4524077906116477, 0.990569804025696, 4.534906746622477, 6.400077468797553, -2.5864654068984887, 0.05005981798100878, 0.4783934476841387, -5.799029004727618, 1.4677575573359163, 0.5286380182376569, -19.858986778356048, 7.635738344572778, -3.5784464976867585, 10.75524827583433, -9.636000809124827, 11.246725709213818, 3.486636595981981, -8.37954763675281, 0.9048192605420834, 1.1498624071358123, 7.363055341682202] 
[-2.0307229810258196, 0.7099133388004542, -5.043518170296576, 2.768463695087497, 1.3066257085015454, 4.218850842146628, 6.7161333732734025, -2.902521311374338, 0.3661157224568581, 0.16233754320828941, -6.115084909203468, 1.151701652860067, -0.40366708532831597, -18.923981946403952, 6.5301629411774025, -2.47581096190635, 10.51797605758038, -8.995495159805523, 10.59086499757592, 3.6840581615989945, -8.17457838932223, 1.1134206209377295, 0.9048181053084355, 7.036584798283169] 
[-1.4387611363855246, 0.11795149416015915, -4.451556325656281, 2.176501850447202, 0.7146638638612504, 3.6268889975063328, 6.1241715286331075, -3.494483156014633, -0.22584612218343691, 0.7542993878485844, -5.523123064563173, 0.559739808219772, -0.7104718141164499, -19.343572922415568, 6.914352825218468, -2.1056211716568884, 11.643067772298874, -7.770456789478098, 9.853250298293045, 4.253961557088246, -8.77435889173791, 0.8029519584534373, 1.4131077693678984, 6.478774346779675] 
[-1.564685366684282, -0.007972736138598169, -4.325632095357523, 2.3024260807459593, 0.588739633562493, 3.5009647672075754, 6.250095758931865, -3.6204073863133903, -0.09992189188467959, 0.6283751575498271, -5.64904729486193, 0.43381557792101466, -0.7619012899221831, -19.419247575581412, 7.008970066566818, -2.0477564371964596, 11.745318619900646, -7.814109716166245, 9.713767879594387, 4.472665939348435, -8.550512871324601, 0.9674088382112593, 1.4219026063268954, 6.608440461863633] 
[-1.9239640436859897, 0.3513059408631096, -4.684910772359231, 2.661704757747667, 0.22946095656078525, 3.8602434442092832, 5.890817081930157, -3.979686063315098, -0.4592005688863874, 0.2690964805481193, -6.008325971863638, 0.7930942549227225, -7121.649724022175, 7101.468569179231, 6.358438793745408, -1.3655211787964818, 12.086087342727645, -7.408894788185191, 9.961482547669243, 4.222107020823211, -8.298364944330226, 1.0744932189964318, 0.8483385907505617, 5.999712924448161] 
[-1.6784868285654984, 0.10582872574261826, -4.43943355723874, 2.9071819728681585, -0.01601625855970612, 3.614766229088792, 6.136294297050648, -3.7342088481946067, -0.21372335376589602, 0.023619265427627933, -6.253803186984129, 1.0385714700432138, -7121.5004352494325, 7101.577753206774, 4.898722915937267, 0.09335607530168577, 12.239411482359388, -7.897046548489127, 10.410439954563614, 4.667257222837967, -7.833701983979551, 0.8823901355946883, 0.5020629382394463, 5.690666138374039] 
[-2.0812865930504483, -0.29697103874233166, -4.03663379275379, 2.5043822083832086, 0.3867835059252438, 3.211966464603842, 5.7334945325656985, -3.331409083709657, -0.6165231182508459, 0.42641902991257785, -5.851003422499179, 0.6357717055582639, -7121.246083632402, 7101.727906380386, 4.512140516272273, 0.07643771481361317, 11.827033164160534, -7.1298639366641785, 9.614729728215032, 5.103140804809278, -7.931685297637451, 1.2773224657879778, 0.908060673264105, 5.293917243872554] 
[-2.0670565515438195, -0.3112010802489604, -4.022403751247161, 2.49015216687658, 0.40101354743187256, 3.197736423097213, 5.71926449105907, -3.3456391252162856, -0.6022930767442172, 0.4406490714192066, -5.83677338099255, 0.6215416640516351, -7121.157680871042, 7101.63900364104, 4.522395538383448, 0.04886518322912387, 11.847903461124094, -7.139328760450146, 9.642584519207267, 5.077544977694601, -7.909672616431218, 1.298875830013855, 0.8948227338528443, 5.275625324049611] 
[-1.8233004637655146, -0.5549571680272654, -3.778647663468856, 2.7339082546548847, 0.15725745965356763, 3.441492510875518, 5.475508403280765, -3.1018830374379807, -0.35853698896591224, 0.6844051591975115, -6.080529468770855, 0.8652977518299401, -7119.821434293788, 7100.333961080331, 3.9046762363587986, 0.8968108223598247, 11.162526768730492, -7.592093414613755, 9.564592667239666, 4.798177283678488, -8.450823961073494, 0.7847718304905992, 0.8985883644396736, 5.0330646801114955] 
[-1.7577057081554894, -0.4893624124172402, -3.713052907858831, 2.79950301026491, 0.09166270404354249, 3.375897755265493, 5.54110315889079, -3.167477793048006, -0.4241317445759374, 0.6188104035874864, -6.01493471316083, 0.7997029962199149, -7119.74482941309, 7100.32058258454, 4.055216116518904, 0.7168390228261943, 11.303918959951273, -7.452708081051055, 9.294999395668434, 5.053131312507175, -8.582037879001374, 0.5673412219558304, 0.6982252787639732, 4.947209943816323] 
[-1.771867240226781, -0.5035239444885318, -3.6988913757875395, 2.7853414781936183, 0.07750117197225093, 3.3900592873367845, 5.5552646909620815, -3.1816393251192974, -0.4099702125046458, 0.632971935658778, -6.029096245232122, 0.7855414641486234, -7119.643347519353, 7100.219897267756, 4.0349708753617906, 0.7468155689176846, 11.280036413626876, -7.4681889448778795, 9.290986559757716, 5.041701888010581, -8.576566852198104, 0.5420006983776332, 0.6726989748199143, 4.95753070642696] 
[-1.9152205076000524, -0.3601706771152604, -3.842244643160811, 2.9286947455668897, 0.2208544393455223, 3.246706019963513, 5.41191142358881, -3.038286057746026, -0.26661694513137446, 0.4896186682855066, -5.88574297785885, 0.642188196775352, -7120.650996328604, 7101.226951433355, 4.048481691552818, 0.8561743099651841, 11.37535450838582, -7.69230778248818, 9.76885502579045, 4.5862304454924505, -8.72956358851266, 0.5508515835585478, 0.5101145894871698, 4.790881163001336] 
[-1.558057922713962, -0.0030080922291699785, -3.4850820582747204, 3.28585733045298, 0.5780170242316127, 3.6038686048496036, 5.769074008474901, -3.3954486426321164, -0.6237795300174649, 0.13245608339941617, -6.242905562744941, 0.9993507816614424, -7121.193444740922, 7101.437294354839, 3.062670739776384, 1.8897271240232039, 10.7723445496895, -8.081935086955175, 8.31331595412367, 6.071370389634436, -9.140550453954964, 0.7294221672800453, 0.3104046613582929, 5.093415509102868] 
[-1.2564245632220992, 0.2986252672626928, -3.786715417766583, 2.9842239709611174, 0.27638366473974996, 3.9055019643414663, 6.070707367966763, -3.697082002123979, -0.9254128895093277, 0.43408944289127893, -5.941272203253078, 0.6977174221695797, -7121.133926429422, 7101.679430143289, 3.4962298205154916, 1.4939065982770643, 11.216063300304185, -7.6956002300633655, 8.713105421389525, 5.546042015411811, -9.44123298535687, 0.8974926876428237, 0.6367040417484502, 5.40209320644009] 
[-1.2825723597588965, 0.3247730637994901, -3.8128632143033805, 2.95807617442432, 0.3025314612765473, 3.9316497608782637, 6.044559571429966, -3.670934205587182, -0.8992650929725303, 0.46023723942807626, -5.967419999789875, 0.723865218706377, -7120.809671698212, 7101.351444263055, 3.594211884800118, 1.4093503133213852, 11.239268412829889, -7.76306099232145, 8.783554295551541, 5.542828625264636, -9.506526395889388, 0.835542135016902, 0.6551860734319065, 5.432549282470992] 
[-1.2282595722411909, 0.37908585131719574, -3.758550426785675, 3.0123889619420257, 0.24821867375884166, 3.9859625483959693, 5.99024678391226, -3.7252469931048875, -0.8449523054548247, 0.40592445191037063, -5.91310721227217, 0.6695524311886714, -7121.476854241242, 7102.025943115664, 3.3975973312930376, 1.5722249943536135, 11.278780186356437, -7.727091271082675, 8.823755450043183, 5.476045140492757, -9.528467799108807, 0.7432639587281196, 0.5612274445432665, 5.358649408303022] 
[-1.2072410710017234, 0.4001043525566632, -3.7795689280251423, 3.033407463181493, 0.2272001725193742, 3.964944047156502, 6.011265285151728, -3.746265494344355, -0.8659708066942922, 0.38490595067090316, -5.934125713511637, 0.6905709324281388, -7121.279893116017, 7101.824873526281, 3.473581356723972, 1.5073462372812423, 11.311770251832048, -7.6939534037117685, 8.813981438675404, 5.524795568514132, -9.453746732258434, 0.8071455848016802, 0.5613001915222293, 5.379686864032492] 
[-1.1175549393591186, 0.48979048419926796, -3.6898827963825376, 2.9437213315388884, 0.13751404087676944, 4.054630178799107, 5.921579153509123, -3.65657936270175, -0.9556569383368969, 0.2952198190282984, -5.8444395818690325, 0.7802570640707436, -7121.888301791245, 7102.427463963313, 3.5708857295822614, 1.3704258440190662, 11.242801351798521, -7.6338670898621235, 8.841731726605436, 5.661792493220325, -9.308651418056497, 0.8188594422904821, 0.6362219803603293, 5.308308794049966] 
[-1.1960260360751587, 0.568261580915308, -3.6114116996664976, 3.0221924282549284, 0.059042944160729416, 3.9761590820830666, 6.000050250225163, -3.57810826598571, -0.8771858416208569, 0.2167487223122584, -5.9229106785850725, 0.8587281607867836, -7121.829192696209, 7102.451869810945, 3.611681443082295, 1.4444540683798803, 11.158828217170825, -7.551107798494219, 8.826472374339641, 5.837384811060131, -8.95411989800408, 1.156175088391877, 0.7530444718780024, 5.263583116298246] 
[-1.0374608458517312, 0.40969639069188046, -3.769976889889925, 3.180757618478356, 0.21760813438415694, 3.817593891859639, 5.841485060001736, -3.4195430757622827, -0.7186206513974294, 0.05818353208883087, -6.0814758688085, 1.0172933510102111, -7121.082549160468, 7101.702093028458, 3.643509399853855, 1.2895397526766426, 11.010664459943863, -7.704211241559219, 8.810575669265022, 5.637831252316601, -9.122465015661122, 1.2179067472430765, 0.8908561170257235, 5.136019283899183] 
[-0.9091000196359946, 0.538057216907617, -3.6416160636741886, 3.0523967922626194, 0.34596896059989346, 3.9459547180753756, 5.969845886217472, -3.291182249546546, -0.5902598251816928, 0.1865443583045674, -5.9531150425927635, 1.1456541772259476, -7121.040144778828, 7101.485893942014, 3.9752256272805413, 0.9778418640511343, 10.861411806280074, -7.771070423664409, 8.65374004756153, 5.841781855388272, -8.986975182943846, 1.1689342691067683, 0.7452906746970854, 4.992354157213303] 
[-0.91305987909824, 0.5340973574453716, -3.645575923136434, 3.048436932800374, 0.34200910113764804, 3.949914577537621, 5.973805745679718, -3.2872223900843007, -0.5942196846439383, 0.1905042177668128, -5.949155183130518, 1.1416943177637022, -7121.052983014657, 7101.498999002555, 3.9736058994924024, 0.9826170922906942, 10.859356157045088, -7.76144277170737, 8.644201818896333, 5.838808145735046, -8.995721506995102, 1.1607314326487779, 0.7486326772782228, 4.996753021656003] 
[-1.028480596062023, 0.6495180744091544, -3.760996640100217, 3.163857649764157, 0.4574298181014309, 4.065335294501404, 5.858385028715935, -3.4026431070480836, -0.4787989676801554, 0.07508350080302995, -6.064575900094301, 1.257115034727485, -7120.6744579421975, 7101.112740658507, 4.0213135442897565, 0.8427902130308254, 10.920107899173075, -8.044988201769637, 8.924885911138531, 5.92882573265331, -8.70759362594351, 1.4593026287208182, 0.9269671286079256, 5.136059318211294] 
[-1.0385261837566748, 0.6394724867145025, -3.750951052405565, 3.1739032374588088, 0.4674754057960828, 4.055289706806752, 5.868430616410587, -3.3925975193534317, -0.4888445553748073, 0.08512908849768186, -6.074621487788953, 1.2470694470328332, -7120.712559103831, 7101.153871346405, 4.001263317568915, 0.8418184102156934, 10.908188428900807, -8.051968897729408, 8.91532225201142, 5.945785615794414, -8.685464262260764, 1.4785524393568539, 0.9174599687570435, 5.125379316743702] 
[-1.1914308610328792, 0.48656780943829814, -3.5980463751293605, 3.326807914735013, 0.6203800830722872, 3.9023850295305476, 5.715525939134382, -3.545502196629636, -0.33593987809860293, -0.06777558877852252, -5.9217168105127485, 1.0941647697566288, -7121.228744797776, 7101.679297247416, 3.938331533028274, 1.0277576622811322, 11.083594050077624, -7.9861641869169295, 8.651826457348402, 6.2310831049946005, -8.33882648916518, 1.7796614053780349, 0.7961812298069718, 5.270324940512514] 
[-1.3959266598610238, 0.6910636082664428, -3.802542173957505, 3.5313037135631578, 0.8248758819004318, 4.106880828358692, 5.511030140306238, -3.3410063978014914, -0.5404356769267475, 0.1367202100496221, -5.717221011684604, 1.2986605685847734, -7121.256884539037, 7101.962620983109, 3.5798407362951274, 1.3148870976547307, 10.677275032942507, -8.567138977338512, 9.092225359624125, 6.339751170817306, -8.141056907304153, 1.6450093942026207, 0.6284463243395539, 5.447668262040206] 
[-1.401089078631939, 0.6962260270373579, -3.8077045927284203, 3.5261412947922426, 0.8197134631295167, 4.112043247129607, 5.5058677215353224, -3.3358439790305763, -0.5352732581558324, 0.13155779127870693, -5.712058592913689, 1.3038229873556886, -7121.25330307015, 7101.964704423959, 3.5839681965950128, 1.3168356001595742, 10.670357761545722, -8.572702620777008, 9.086537669711563, 6.346814601273408, -8.143627708638581, 1.6484762325655884, 0.6242780455986516, 5.452235501298206] 
[-1.418830625663956, 0.7139675740693749, -3.7899630456964033, 3.5438828418242596, 0.8374550101615337, 4.129784794161624, 5.488126174503305, -3.3535855260625933, -0.5530148051878494, 0.14929933831072395, -5.729800139945706, 1.3215645343877056, -7121.244590128646, 7101.97664314509, 3.574735162692846, 1.2951624595767526, 10.630664655546417, -8.6186541409256, 9.118966974283897, 6.356476133364436, -8.105371138616901, 1.6875194480629667, 0.6487226141321328, 5.473433018347694] 
[-1.1669551038086095, 0.4620920522140284, -3.5380875238410567, 3.795758363679606, 0.5855794883061871, 3.877909272306278, 5.236250652647959, -3.1017100042072467, -0.30113928333250284, -0.10257618354462261, -5.981675661801052, 1.5734400562430522, -7120.208398199511, 7100.9267721391925, 3.8771913004897662, 1.372248798455038, 10.401985951114744, -8.599792831431381, 9.494553170084709, 6.015086540459032, -7.669001613103602, 2.135142705041353, 0.40881675264721956, 5.19080282076064] 
[-1.1123778511327185, 0.5166693048899194, -3.5926647765169477, 3.741181111003715, 0.5310022356302961, 3.9324865249821688, 5.181673399972068, -3.1562872568831377, -0.24656203065661186, -0.04799893086873164, -6.036252914476943, 1.6280173089189431, -7120.139665481935, 7100.90957474214, 3.9712504401478217, 1.2384531595249977, 10.28779413733206, -8.590648310742452, 9.52428566557434, 6.049848046046477, -7.629359187512391, 2.0867302478808654, 0.46795728205603776, 5.136179381706711] 
[-1.3378135719283026, 0.2912335840943352, -3.818100497312532, 3.9666168317992994, 0.7564379564258803, 3.7070508041865846, 5.407109120767652, -2.9308515360875536, -0.021126309861027703, -0.2734346516643158, -5.810817193681359, 1.8534530297145273, -7118.977159352757, 7099.707739636587, 4.3270191701272, 1.577573687358682, 10.801598401974864, -8.114921910026094, 9.16636592592329, 6.050776243290738, -7.3336982043046675, 2.3747928171502055, 0.6772892722907156, 5.358692236490375] 
[-1.1047869382765487, 0.5242602177460891, -3.585073863660778, 4.199643465451054, 0.9894645900776342, 3.9400774378383385, 5.640135754419406, -3.1638781697393075, 0.2119003237907262, -0.040408018012561886, -5.577790560029605, 1.6204263960627734, -7115.640419694955, 7096.37761181655, 4.079905870261581, 2.0352295807648404, 11.099434219760502, -8.434952286816385, 9.984594058496457, 5.254048086815443, -6.999840786136067, 2.0812602602749948, 0.9565824357711807, 5.557592722306385] 
[-1.1479668446231397, 0.5674401240926801, -3.628253770007369, 4.242823371797645, 0.9462846837310432, 3.8968975314917476, 5.596955848072815, -3.1206982633927165, 0.16872041744413524, 0.0027718883340290823, -5.534610653683014, 1.5772464897161824, -7115.821373193232, 7096.555755612368, 4.104431558065213, 1.9389879524061435, 10.987011085265687, -8.531583687425943, 10.05222409804847, 5.268314427871592, -7.035551686937064, 2.0468933739225093, 0.913003192618566, 5.6021731530756105] 
[-1.050783023982623, 0.4702563034521634, -3.5310699493668523, 4.145639551157128, 1.04346850437156, 3.799713710851231, 5.499772027432298, -3.217882084033233, 0.2659042380846519, 0.09995570897454575, -5.4374268330424975, 1.4800626690756657, -7116.310992010405, 7097.066065399777, 3.916670982089064, 1.8890907618800181, 11.016908936185894, -8.697297752811853, 10.298994126650753, 5.055399851352639, -6.91530292208595, 1.9297149797327113, 1.0095276534750248, 5.698933240758943] 
[-0.9316352093523701, 0.5894041180824163, -3.650217763997105, 4.264787365787381, 0.924320689741307, 3.918861525481484, 5.618919842062551, -3.337029898663486, 0.38505205271490484, -0.01919210565570717, -5.318279018412245, 1.5992104837059187, -7116.8543073184655, 7097.614359274093, 3.8742773115688287, 2.1495784874581356, 11.35716374908368, -8.373642478944697, 9.933909332159924, 5.370401086877829, -7.057036972212306, 2.0793000887334445, 0.9075065384308092, 5.811196654396435] 
[-1.2346747925201011, 0.2863645349146853, -3.347178180829374, 3.96174778261965, 1.227360272909038, 3.6158219423137528, 5.921959425230282, -3.033990315495755, 0.08201246954717378, 0.2838474775120239, -5.621318601579976, 1.2961709005381876, -7115.949430566139, 7096.712292704603, 3.858100282264335, 2.0033896915814884, 11.681890841186549, -8.004018909504746, 9.974144834826246, 5.6948247648230215, -6.783736238863422, 2.28482260826907, 0.595139319454767, 6.1215296582451515] 
[-1.4416550888903057, 0.07938423854448073, -3.1401978844591696, 4.168728078989854, 1.0203799765388335, 3.408841645943548, 5.714979128860078, -2.8270100191255505, -0.12496782682303076, 0.07686718114181934, -5.82829889795018, 1.5031511969083922, -7118.125488401125, 7098.886634855172, 3.8939476033067018, 1.7999482218439244, 11.716436829810217, -8.219973530694858, 10.173764036651445, 5.817743803936233, -6.567408557760378, 2.007863154103039, 0.3541263457600533, 6.289948034730576] 
[-1.2181110918687654, -0.14415975847705953, -2.9166538874376293, 3.945184081968314, 0.7968359795172932, 3.185297648922008, 5.938523125881618, -3.0505540161470908, 0.0985761701985095, 0.3004111781633596, -6.0518428949717205, 1.279607199886852, -7118.337035781648, 7098.874499283995, 3.6703695928371824, 1.58033200186161, 11.72557065978375, -8.493013870873806, 10.632276033110921, 5.406070409991248, -6.71490921330037, 1.749911355329412, 0.10609025607538572, 6.059059632264363] 
[-1.854847876126625, 0.4925770257808, -2.27991710317977, 4.581920866226174, 0.16009919525943372, 2.5485608646641484, 6.5752599101394775, -3.6872908004049503, -0.53816061405935, -0.3363256060944999, -5.415106110713861, 1.9163439841447114, -7109.508937251141, 7090.054387075196, 3.988797173499563, 2.2874817563414425, 11.769659108207138, -7.819569153581234, 10.115862904247768, 4.990550616373671, -7.2741570914340725, 1.3001447174482967, 0.5757300794323655, 5.451852668013441] 
[-1.7586578914244608, 0.39638704107863587, -2.1837271184776057, 4.678110850928338, 0.06390921055726961, 2.6447508493663126, 6.479069925437313, -3.7834807851071144, -0.6343505987615141, -0.2401356213923358, -5.511296095416025, 2.0125339688468755, -7110.174260169429, 7090.7272730441155, 4.150561502609623, 2.3737549047112227, 11.732020372762523, -7.612409423503272, 10.32711327941784, 5.018011597405872, -7.085451545608189, 1.4955064030822611, 0.4603623831771776, 5.383810833418425] 
[-1.4777460490869903, 0.6772988834161064, -2.4646389608150763, 4.397199008590867, 0.3448210528947402, 2.363839007028842, 6.198158083099843, -3.502568942769644, -0.35343875642404354, -0.5210474637298064, -5.2303842530785545, 1.731622126509405, -7109.967500552191, 7090.809097814245, 3.868137339332005, 2.1840201484656263, 11.903662031282906, -7.824875322592674, 10.473102081267108, 4.756856908377878, -7.085980327934495, 1.1530215527440957, 0.9071253518157455, 4.973503683516033] 
[-1.7118300778500792, 0.44321485465301746, -2.2305549320519873, 4.163114979827778, 0.11073702413165121, 2.597923035791931, 6.432242111862932, -3.736652971532733, -0.5875227851871325, -0.2869634349667174, -4.9963002243154655, 1.965706155272494, -7110.117662313673, 7090.700936229264, 3.66076678572916, 2.328107996608209, 11.819620470228346, -7.1612481912242965, 11.135447819892772, 4.905228615977862, -7.232024464056843, 1.292077586738304, 1.1407003549234982, 4.711235608220097] 
[-1.7466683782944035, 0.40837655420869323, -2.2653932324963115, 4.1979532802721025, 0.07589872368732697, 2.632761336236255, 6.397403811418608, -3.7018146710884086, -0.5526844847428083, -0.3218017354110416, -4.961461923871141, 2.000544455716818, -7109.786765783132, 7090.369926042169, 3.6549393664072634, 2.2518016546486086, 11.743987095529102, -7.184518139760786, 11.16554708876933, 4.972609195983364, -7.168359289854645, 1.286940173908345, 1.1153622913954313, 4.685372579058756] 
[-1.9939655223856168, 0.6556736982999065, -2.512690376587525, 3.950656136180889, 0.32319586777854026, 2.8800584803274685, 6.644700955509821, -3.949111815179622, -0.7999816288340216, -0.5690988795022549, -5.2087590679623545, 2.2478415998080314, -7109.863074628356, 7090.180697968013, 3.4102060467428617, 2.283447243461337, 11.508685219753254, -7.356014424041106, 11.338505132500005, 5.0725079470938566, -7.528867049991343, 0.9122110733262585, 0.7436610206151515, 5.075052647387128] 
[-2.1249474257359307, 0.7866556016502204, -2.6436722799378387, 3.8196742328305753, 0.45417777112885416, 2.7490765769771546, 6.775682858860135, -3.818129911829308, -0.9309635321843355, -0.438116976151941, -5.077777164612041, 2.3788235031583453, -7109.784489514156, 7090.253197352449, 3.4018717003851813, 2.618949665786876, 11.88209623075234, -7.090309761255552, 11.581191552381068, 5.287465609462281, -7.47226049061807, 1.1189613286073117, 0.45215218785339023, 5.341311836828295] 
[-1.8324626541818123, 1.0791403732043388, -2.3511875083837204, 4.112159004384694, 0.7466625426829725, 3.041561348531273, 7.068167630414253, -4.110614683383426, -0.6384787606302171, -0.14563220459782267, -5.370261936166159, 2.086338731604227, -7108.99937839848, 7089.432877920602, 3.2297126863946644, 1.8722697926099041, 11.05631957556515, -7.608206413311323, 11.697647398334519, 5.231201808516481, -6.875552340550389, 1.6887686835534055, 1.12251290715143, 4.638948208683356] 
[-1.88927619950851, 1.1359539185310363, -2.294373963057023, 4.168972549711391, 0.6898489973562749, 3.0983748938579705, 7.0113540850875555, -4.167428228710124, -0.5816652153035196, -0.08881865927112509, -5.313448390839461, 2.0295251862775294, -7109.113511152707, 7089.558573351595, 3.334641932921104, 2.019761447056867, 11.22245720964479, -7.48645338212933, 11.72701471950963, 5.146407719942674, -6.960276078600186, 1.724103770574879, 1.0270267087758713, 4.7326179009978855] 
[-1.7475810378553103, 0.9942587568778367, -2.152678801403823, 4.027277388058192, 0.8315441590094745, 2.956679732204771, 7.153049246740755, -4.025733067056924, -0.43997005365031994, -0.2305138209243247, -5.455143552492661, 1.8878300246243298, -7108.858277544963, 7089.274786117579, 3.1220146935961948, 1.9120988301750046, 11.379721297621767, -7.295950766864409, 11.610623882044111, 5.206076697042882, -7.038861150617612, 1.8343943608398052, 1.2444066377819536, 4.511848357032377] 
[-2.0737027941336184, 0.6681370005995286, -2.4788005576821313, 3.7011556317798835, 0.5054224027311665, 3.282801488483079, 6.826927490462447, -3.699611310778616, -0.766091809928628, -0.5566355772026328, -5.781265308770969, 2.213951780902638, -7108.136763366384, 7088.537977354324, 2.8319776397264884, 2.2445079286965792, 11.693141372259566, -7.530955077437463, 10.948001304013891, 4.53891321345716, -7.095319457740884, 1.524315438121219, 1.023504340651487, 4.235112216624906] 
[-2.208402299004108, 0.5334374957290389, -2.613500062552621, 3.5664561269093937, 0.6401219076016562, 3.148101983612589, 6.961626995332937, -3.5649118059081264, -0.6313923050581383, -0.42193607233214303, -5.646565803900479, 2.079252276032148, -7107.995351977747, 7088.528218667965, 2.6314577676986017, 2.0893255280756, 11.861393054473277, -7.30851402957471, 10.764012590750351, 4.479424512203184, -7.445182263909064, 1.1323402911654479, 1.270881587474223, 4.309210461516374] 
[-2.2118802893778327, 0.5369154861027634, -2.6100220721788965, 3.5699341172831183, 0.6435998979753808, 3.1446239932388647, 6.965104985706661, -3.568389796281851, -0.6279143146844137, -0.4184580819584185, -5.650043794274204, 2.0757742856584236, -7107.9995196463415, 7088.529215478399, 2.637543838833637, 2.095263873411419, 11.861583917371544, -7.304888143812967, 10.753179349408835, 4.466595309058154, -7.457394536249592, 1.1212962294715503, 1.2767887884622067, 4.311128782500374] 
[-2.3365034254981882, 0.4122923499824078, -2.485398936058541, 3.694557253403474, 0.5189767618550252, 3.2692471293592202, 6.840481849586306, -3.6930129324022065, -0.5032911785640581, -0.2938349458380629, -5.525420658153848, 2.200397421778779, -7108.344632599488, 7088.849380015484, 2.4777747749491734, 1.793480123632889, 11.46405847465178, -7.64648736670365, 10.743452814876093, 4.665732380010554, -7.149433166776408, 1.3905171963946992, 1.2989621920955563, 4.429952476873979] 
[-2.569919499822932, 0.17887627565766406, -2.7188150103832847, 3.9279733277282176, 0.7523928361797689, 3.0358310550344765, 6.607065775261562, -3.9264290067269503, -0.7367072528888019, -0.06041887151331915, -5.758836732478592, 2.433813496103523, -7108.417476693365, 7088.606267807122, 2.2150518411407223, 1.8443268774901902, 11.304658388955449, -7.513574050906748, 11.103419294271797, 4.976853346974805, -7.36289366348575, 1.1330923311775873, 0.973782038426257, 4.789327757222529] 
[-2.464519685490453, 0.07347646132518504, -2.8242148247157637, 3.8225735133957386, 0.857792650512248, 2.9304312407019975, 6.712465589594041, -3.8210291923944713, -0.6313074385563229, 0.044980942819159875, -5.653436918146113, 2.328413681771044, -7108.210437532082, 7088.4153625337385, 2.396232649602835, 2.201364515741958, 11.728993978312152, -7.19968057387981, 11.168967009947758, 4.69644003597301, -7.745152875207102, 0.8428556676726824, 1.0633047493946444, 4.860735530912108] 
[-2.772804940353735, -0.23480879353809714, -3.132500079579046, 3.5142882585324564, 0.5495073956489658, 2.6221459858387153, 6.404180334730759, -3.512743937531189, -0.3230221836930407, 0.35326619768244205, -5.961722173009395, 2.0201284269077617, -7109.004532078085, 7089.192876466377, 1.9006296378369616, 1.2519506973022483, 10.396574443903667, -8.335519527481965, 10.672431557996832, 4.549065608209073, -8.392262909468881, 0.25233587635497157, 1.560119721907945, 4.351584627133301] 
[-2.600245170976608, -0.06224902416097011, -3.305059848956173, 3.6868480279095834, 0.37694762627183875, 2.4495862164615883, 6.576740104107886, -3.340184168154062, -0.15046241431591367, 0.5258259670595691, -5.789162403632268, 2.1926881962848888, -7109.259644911883, 7089.428343553601, 2.0229003600941673, 1.3501281245239132, 10.153781130214554, -8.574046229516144, 10.759415974437124, 4.699199387694338, -8.482825593533466, 0.36308618204741006, 1.442298770869653, 4.194196033709155] 
[-3.2385092937605275, 0.5760150986229493, -3.9433239717400923, 4.325112150693503, 1.0152117490557582, 3.0878503392455077, 5.9384759813239665, -2.7019200453701426, -0.7887265370998331, -0.11243815572435034, -6.427426526416188, 2.830952319068808, -7108.811395737518, 7089.797811663055, 2.750318320046426, 0.5681948069573441, 10.064140046594558, -10.042641127495132, 9.335570373779401, 4.920982952519202, -9.047800411303488, 0.6139081079546481, 0.7198901533980394, 5.005059928271255] 
[-3.066227564390667, 0.4037333692530889, -3.771042242370232, 4.152830421323642, 0.8429300196858978, 2.9155686098756473, 5.766194251954106, -2.529638316000282, -0.6164448077299727, 0.05984357364551007, -6.255144797046327, 3.0032340484386686, -7108.628696720439, 7089.926180887164, 2.5945259263521776, 0.7084039907824162, 9.865320136637418, -10.274101657549332, 9.505199993791956, 4.909455202439991, -8.580204043185539, 1.0717349251914294, 0.8827884622380726, 5.199495436764917] 
[-2.7804581199032317, 0.6895028137405244, -3.4852727978827964, 3.867060976836207, 1.1286994641733332, 3.2013380543630827, 5.480424807466671, -2.8154077604877177, -0.3306753632425372, 0.34561301813294554, -6.540914241533763, 2.717464603951233, -7108.355075377786, 7090.10162956455, 2.305969388885786, 0.9114390075518116, 9.501850610839684, -10.714873124588129, 9.39238163432887, 4.325915665809023, -7.740265253792656, 1.7415275872338474, 0.6215697516909895, 5.492505654567644] 
[-2.5667548502857596, 0.9032060833579965, -3.6989760675002685, 3.653357707218735, 1.3424027337908053, 2.9876347847456106, 5.694128077084143, -3.02911103010519, -0.5443786328600093, 0.13190974851547344, -6.327210971916291, 2.9311678735687052, -7107.9493309550935, 7089.39720321439, 1.6275883908726756, 1.2711812113005512, 9.55454632115711, -10.46266432493738, 9.227098016792656, 4.248143267108348, -7.851951959535389, 2.0374807703174223, 0.9913426891441218, 5.787028463778067] 
[-2.466643603121094, 0.8030948361933308, -3.799087314664934, 3.553246460054069, 1.442513980955471, 3.0877460319102763, 5.794239324248808, -2.928999782940524, -0.644489880024675, 0.03179850135080775, -6.227099724751625, 2.8310566264040395, -7107.840599052207, 7089.371592335785, 1.4682527672296886, 1.428432587780677, 9.678311831677417, -10.452109527240141, 9.462737245858346, 4.000271201527622, -7.611323785783557, 2.2741350896113897, 1.1140072124170013, 5.692150911536844] 
[-2.5137851681995595, 0.8502364012717964, -3.7519457495864685, 3.600388025132535, 1.4896555460339367, 3.134887596988742, 5.841380889327274, -2.8818582178620584, -0.6916314451031407, -0.015343063727657924, -6.2742412898300906, 2.878198191482505, -7107.878832412712, 7089.351064300981, 1.4907925304795804, 1.4682154874728832, 9.71307672921986, -10.467521994737167, 9.491698450136532, 4.03972248094754, -7.64884476869624, 2.300533736975631, 1.1644772088269402, 5.642316871648501] 
[-2.82735326983922, 1.1638045029114568, -4.065513851226129, 3.913956126772195, 1.803223647673597, 2.8213194953490817, 5.527812787687614, -3.1954263195017187, -1.005199546742801, -0.32891116536731824, -6.587809391469751, 2.564630089842845, -7107.418895933093, 7088.973389271403, 1.7198340067135898, 1.1624138778219766, 12.617325294818514, -7.558360356906993, 10.119781407578566, 3.282050370942419, -6.616672034702058, 3.2466546949189192, 1.469595802006447, 5.3261142471917955] 
[-2.348563312891029, 1.6425944598596476, -4.54430380817432, 4.392746083720386, 2.282013604621788, 2.342529538400891, 6.006602744635805, -2.716636362553528, -1.4839895036909918, 0.14987879158087258, -6.10901943452156, 3.0434200467910357, -7107.765034704936, 7087.889231444759, 0.4892771856503133, 1.9628836269739323, 12.17071453605722, -7.392501266019595, 10.450711272232692, 3.496136518122356, -8.983122345511953, 0.8750996739359871, 1.4979543765177523, 5.811650900429784] 
[-2.672142398225004, 1.9661735451936226, -4.220724722840345, 4.716325169054361, 2.605592689955763, 2.018950453066916, 6.33018182996978, -2.393057277219553, -1.1604104183570167, 0.47345787691484764, -6.432598519855535, 2.7198409614570607, -7107.425802357013, 7088.195491880148, 0.19328164554136024, 1.5905152249678747, 12.57787741879471, -7.121554727166882, 10.717848453925221, 3.1186149647097423, -8.7622306846022, 0.7462139262936167, 1.219821206220061, 5.535498797565233] 
[-2.600606241086771, 2.0377097023318558, -4.292260879978578, 4.787861326192594, 2.677128847093996, 1.9474142959286826, 6.2586456728315465, -2.464593434357786, -1.0888742612187836, 0.4019217197766145, -6.504134676993768, 2.791377118595294, -7107.360928626987, 7088.157255515667, 0.24989354055603563, 1.6413248325812084, 12.628756298690956, -7.081941756541337, 10.759035604234583, 3.139496806993368, -8.57320188682858, 0.9521801867782805, 1.3387931407676052, 5.621415571057032] 
[-2.5892355166605068, 2.0263389779055916, -4.303631604404842, 4.77649060176633, 2.665758122667732, 1.9587850203549468, 6.247274948405282, -2.47596415878405, -1.1002449856450478, 0.3905509953503503, -6.515505401420032, 2.802747843021558, -7107.3709324362135, 7088.163152223608, 0.23978801751677145, 1.6599058947485517, 12.609788697427941, -7.014298210015292, 10.691614319588815, 3.1151317480473173, -8.526800895284023, 0.9961640648597305, 1.3564232579598476, 5.613384850222601] 
[-2.6486085202329352, 1.9669659743331631, -4.36300460797727, 4.7171175981939015, 2.7251311262401603, 2.0181580239273753, 6.306647951977711, -2.5353371623564787, -1.0408719820726193, 0.33117799177792184, -6.456132397847604, 2.8621208465939865, -7107.32887099937, 7088.088158280447, 0.15642502632889843, 1.7064092234558839, 12.652403379723633, -6.981712360990271, 10.723614531908074, 3.1691547574241667, -8.508902246134937, 0.9555036254153816, 1.3987516985209911, 5.562511119025636] 
[-2.8766669654854358, 1.7389075290806626, -4.591063053229771, 4.489059152941401, 2.4970726809876598, 2.246216469179876, 6.07858950672521, -2.307278717103978, -0.8128135368201188, 0.5592364370304224, -6.6841908431001045, 2.634062401341486, -7107.531709221676, 7088.226257540736, -0.03378327168346609, 2.0383864582449465, 12.321496124779825, -8.285483952394127, 12.028945501268351, 3.4774193927997072, -8.749650844178007, 1.0689481577153996, 1.6879258987239907, 5.835802520742081] 
[-2.8912700842052335, 1.7535106478004603, -4.576459934509973, 4.503662271661199, 2.5116757997074575, 2.2608195878996735, 6.093192625445008, -2.2926755983841804, -0.7982104181003211, 0.5446333183106247, -6.698793961819902, 2.6486655200612836, -7107.546913030849, 7088.212546522591, -0.020252533964233516, 2.0521574513023424, 12.33559167297636, -8.275968367759415, 12.039193644210124, 3.460334047602769, -8.746426624730743, 1.0914577622935788, 1.707501624853059, 5.826860139398572] 
[-2.675182596964527, 1.9695981350411667, -4.360372447269267, 4.719749758901905, 2.727763286948164, 2.47690707514038, 6.309280112685714, -2.508763085624887, -1.0142979053410275, 0.760720805551331, -6.9148814490606085, 2.4325780328205773, -7107.339052526603, 7088.029765019456, 0.16526132587476952, 1.8651456377451634, 12.128776502433029, -8.41446779572322, 11.886157768195396, 3.7336308367005357, -8.833999191906358, 0.6885796259749504, 1.2500478979696648, 5.47160587176499] 
[-2.325656188571612, 1.6200717266482516, -4.010846038876352, 5.06927616729482, 2.378236878555249, 2.826433483533295, 6.658806521078629, -2.858289494017802, -0.6647714969481124, 0.411194397158416, -7.264407857453524, 2.7821044412134923, -7107.651471933389, 7088.242268540712, -0.12532948873223718, 2.376597905605968, 11.618300301984666, -8.631029728733058, 11.652742633752963, 3.362297228237886, -8.776547987215126, 1.275361856122958, 1.960369893458924, 6.051738892810281] 
[-2.155419716894473, 1.7903081983253908, -4.181082510553491, 4.899039695617681, 2.2080004068781096, 2.996669955210434, 6.48857004940149, -3.028525965694941, -0.49453502527097326, 0.2409579254812768, -7.094171385776384, 2.9523409128906315, -7107.47004194519, 7088.554273537481, 0.18090881168119957, 2.5139011691793534, 11.684461923521619, -8.439058522572607, 11.475498607071343, 3.460805791211407, -8.716095143397935, 1.110286795958551, 1.8022381366910267, 6.1091971272445384] 
[-2.3578167467738016, 1.587911168446062, -4.38347954043282, 5.10143672549701, 2.005603376998781, 3.199066985089763, 6.2861730195221615, -2.8261289358156123, -0.696932055150302, 0.038560895601948086, -6.891774355897056, 2.7499438830113028, -7107.710428158903, 7088.345069064855, 0.31591372405013185, 2.8095121264818896, 11.353886309245185, -8.163849619855858, 11.189907870778963, 3.161357136695025, -8.306865303643093, 1.4983495191931566, 1.7901539080888889, 6.303238490863879] 
[-2.6514427121819164, 1.8815371338541769, -4.089853575024705, 4.807810760088895, 2.2992293424068957, 3.4926929504978776, 6.579798984930276, -2.5325029704074975, -0.4033060897421872, 0.3321868610100629, -6.598148390488941, 2.456317917603188, -7107.421351506614, 7087.968525850665, -0.061850467242117624, 2.4852183563695482, 11.615917329264963, -7.9529801219639635, 11.488992278397172, 3.286931849377383, -7.59693257183768, 2.230107450317984, 2.006923581666777, 6.124073031682938] 
[-2.917510102536154, 2.1476045242084143, -4.355920965378942, 4.541743369734657, 2.0331619520526583, 3.22662556014364, 6.313731594576039, -2.26643558005326, -0.13723869938794975, 0.5982542513643003, -6.864215780843178, 2.1902505272489505, -7107.720337249604, 7087.739832363058, 0.10231688722509591, 2.0578136770926836, 12.023399103587199, -7.597441969026384, 12.021855608045113, 4.126337801804216, -8.497879248933407, 1.5318974140737627, 1.4529255143933386, 5.732395075347467] 
[-2.808408450696957, 2.0385028723692176, -4.246819313539746, 4.650845021573854, 2.142263603891855, 3.1175239083044435, 6.204629942736842, -2.375537231892457, -0.24634035122714648, 0.7073559032034971, -6.973317432682375, 2.2993521790881473, -7107.619449266971, 7087.672053631831, 0.20434229754462283, 2.1990045350752037, 11.871936683344739, -7.734143699448186, 11.898718205203641, 3.6720774212115908, -8.046925438990957, 1.4847155559093508, 1.5156430969456058, 5.6398088444406005] 
[-2.9031898167214987, 1.943721506344676, -4.152037947515204, 4.745626387598396, 2.0474822378673134, 3.212305274328985, 6.299411308761384, -2.4703185979169984, -0.34112171725168805, 0.8021372692280386, -6.8785360666578335, 2.394133545112689, -7107.727306673426, 7087.58337186456, 0.26244672228387855, 2.07410179371819, 12.00216454714859, -7.634061725568807, 12.009259516757297, 3.3703485868659957, -7.747508110412344, 1.5025987075246423, 1.6651726139996834, 5.7827650397217] 
[-2.7437785403019266, 2.103132782764248, -3.992626671095632, 4.905037664017968, 2.2068935142868855, 3.052893997909413, 6.140000032341812, -2.6297298743365705, -0.18171044083211596, 0.6427259928084665, -6.719124790238261, 2.553544821532261, -7107.861656686477, 7087.874648139659, 0.5606553030933219, 2.2001741611802124, 12.126402641419954, -7.483122204994795, 11.860788334246097, 3.8475390476722082, -8.292940817367345, 0.9185693421516867, 1.0852003274190087, 5.457525441660415] 
[-2.7045932515920033, 2.0639474940543248, -3.9534413823857086, 4.8658523753080445, 2.246078802996809, 3.0920792866193363, 6.100814743631888, -2.590544585626647, -0.2208957295420393, 0.6035407040985432, -6.679939501528338, 2.5927301102421842, -7107.88622970331, 7087.948963150541, 0.6369709656430499, 2.2245808221305516, 12.150343792714878, -7.444903251208795, 11.808826210830642, 3.9345817763186015, -8.379806712627426, 0.8695825179414922, 1.0873588533958158, 5.418947194234236] 
[-2.6478898942703406, 2.007244136732662, -3.896738025064046, 4.809149017986382, 2.3027821603184715, 3.148782643940999, 6.157518100953551, -2.64724794294831, -0.16419237222037664, 0.6602440614202059, -6.623236144206675, 2.649433467563847, -7107.919203624426, 7088.06739992047, 0.7614069206230543, 2.1733971395233125, 12.121991522351859, -7.500217706744213, 11.874222768055986, 3.889157182368729, -8.422346004234312, 0.8132580104860253, 1.1009012082188494, 5.36591958102241] 
[-2.7615865199699723, 2.120940762432294, -4.010434650763678, 4.9228456436860135, 2.416478786018103, 3.2624792696406306, 6.271214726653183, -2.7609445686479415, -0.2778889979200083, 0.5465474357205742, -6.509539518507044, 2.7631300932634786, -7108.055986177602, 7087.952157007407, 0.8058987047239625, 2.253288532733536, 12.1892090118799, -7.391951645471276, 11.748313907933298, 4.004525275040552, -8.396031779563486, 0.5157824291959574, 0.773473141085552, 5.176202781028731] 
[-3.043386170633413, 2.4027404130957346, -4.2922343014271185, 4.641045993022573, 2.1346791353546624, 3.5442789203040714, 6.553014377316623, -3.0427442193113823, -0.5596886485834491, 0.26474778505713337, -6.7913391691704845, 2.4813304426000378, -7108.396959580188, 7087.64701819398, 0.8895966010625224, 2.7583918796593068, 11.701941700731712, -7.633667312417215, 11.449860501432749, 3.5367628809571854, -7.86626642018299, 0.8874031819086939, 0.7212203114967283, 5.448692830679872] 
[-2.752691577089175, 2.6934350066399726, -4.5829288949713565, 4.350351399478335, 1.8439845418104244, 3.8349735138483094, 6.843708970860861, -3.3334388128556203, -0.26899405503921114, 0.5554423786013714, -7.0820337627147225, 2.1906358490557998, -7108.088366867215, 7087.8939510801, 0.647696794433167, 2.3695034576329643, 12.099976283865361, -7.222803545477047, 11.935836779810344, 3.9970759417804733, -8.499205159014757, 0.2889966619150981, 0.7988466985572102, 5.186791010200285] 
[-3.0506305663529556, 2.395496017376192, -4.284989905707576, 4.648290388742115, 2.141923531074205, 3.537034524584529, 7.141647960124642, -3.6313778021194008, 0.02894493422456934, 0.25750338933759087, -6.784094773450942, 1.8926968597920193, -7108.314623123942, 7088.103716909235, 0.4379834142052229, 2.613925769795324, 11.705036742727176, -7.562264659999129, 12.36080500349367, 4.437091726114828, -8.682217411381194, 0.4984198671948151, 0.6636272480854727, 5.436906501909202] 
[-3.3548946029536726, 2.699760053976909, -3.980725869106859, 4.344026352141398, 1.8376594944734879, 3.841298561185246, 7.445911996725359, -3.3271137655186838, 0.33320897082528633, -0.04676064726312612, -7.088358810051659, 2.1969608963927363, -7107.980746920762, 7088.547641596047, 0.8569411828948719, 2.387533840073502, 11.436994640670633, -7.85187548794849, 12.566401192106232, 4.34095643404839, -8.417320312808778, 0.8960419892234186, 1.1110345699476731, 5.806903202369854] 
[-3.2801655479674796, 2.625030998990716, -3.905996814120666, 4.418755407127591, 1.7629304394872949, 3.916027616171439, 7.371182941739166, -3.4018428205048767, 0.4079380258114793, 0.027968407723066857, -7.163087865037852, 2.2716899513789293, -7107.892553873346, 7088.477281978843, 0.9330354945863667, 2.4742809846885474, 11.476004674317489, -7.932637621598443, 12.323066067743357, 4.104544134412683, -8.326854477575935, 0.7961071961279949, 0.9854575353851887, 5.67917496754502] 
[-3.0861716758817916, 2.431037126905028, -3.712002942034978, 4.224761535041903, 1.568936567401607, 4.110021488257127, 7.565176813824854, -3.2078489484191888, 0.6019318978971673, -0.1660254643626211, -6.969093992952164, 2.4656838234646172, -7108.105633543238, 7088.636188609836, 0.7611738692989585, 2.2792350733805495, 11.257078681014999, -8.182113967484666, 12.145277124629528, 4.156312314577977, -8.631937234187744, 1.1008131675711814, 0.6065426944481611, 5.2969302199847865] 
[-3.226071037593927, 2.5709364886171637, -3.5721035803228425, 4.364660896754039, 1.4290372056894713, 3.9701221265449913, 7.425277452112718, -3.3477483101313243, 0.7418312596093029, -0.02612610265048554, -6.8291946312400285, 2.605583185176753, -7108.24864825156, 7088.5619917492295, 0.8919916551602566, 2.4439585118409264, 11.066902063092984, -8.37236385551557, 11.835797959238166, 3.8432452102356898, -8.982551189151186, 1.4702312756425893, 0.2825913951258352, 4.9991606371597035] 
[-3.127343886746834, 2.4722093377700705, -3.473376429475749, 4.2659337459069455, 1.330310054842378, 4.068849277392085, 7.326550301265625, -3.4464754609784176, 0.6431041087622096, -0.12485325349757881, -6.730467480392935, 2.5068560343296595, -7108.352082891842, 7088.628286969654, 0.8106727225547532, 2.3184583071804745, 10.925727754158324, -8.492076323966003, 11.576866079315742, 3.5684131275348223, -9.305944147409619, 1.783985343558336, 0.20788118538576456, 5.064544528302978] 
[-2.9598600532167634, 2.639693171300141, -3.6408602630058198, 4.098449912376875, 1.4977938883724486, 3.901365443862014, 7.159066467735554, -3.278991627448347, 0.475620275232139, -0.2923370870276494, -6.562983646862865, 2.339372200799589, -7108.524013352466, 7088.230327528228, 0.42104851233988927, 2.420947268044751, 10.817301808054863, -8.340097371843513, 11.454056712717708, 3.688210674724281, -9.197988281506488, 1.9143861502015962, -0.06134481113981782, 4.804026015571089] 
[-2.725216461246715, 2.8743367632701893, -3.4062166710357715, 3.8638063204068267, 1.732437480342497, 4.136009035832062, 6.924422875765506, -3.044348035478299, 0.24097668326209076, -0.5269806789976976, -6.328340054892816, 2.1047286088295407, -7108.797178663899, 7087.987202475705, 0.5048208885804928, 2.2146889359588187, 10.972604004153357, -8.504653202137773, 11.28628765826712, 3.7998468201752713, -9.58868351929981, 2.293718573764313, 0.040190525584830245, 4.588046548105559] 
[-3.0904800820789813, 2.509073142437923, -3.0409530502035054, 4.229069941239093, 1.3671738595102307, 4.501272656664328, 6.55915925493324, -3.409611656310565, -0.1242869375701754, -0.16171705816543147, -5.96307643406055, 1.7394649879972746, -7109.362287075981, 7087.4748990337675, 0.8197024791246402, 2.579453757161665, 11.557896573708934, -7.8666852326002035, 11.623646808624729, 3.5012353762558193, -9.022090473225141, 1.4229516598970893, 0.8378651387738034, 4.9691486070031505] 
[-2.9278035177501547, 2.3463965781090965, -3.203629614532332, 4.066393376910266, 1.2044972951814041, 4.338596092335502, 6.721835819262067, -3.2469350919817384, 0.03838962675865121, 0.0009595061633951296, -5.800399869731724, 1.9021415523261012, -7109.520962537022, 7087.571998069941, 0.7191966151917587, 2.4431507806648116, 11.684693157945256, -7.988290805457292, 11.471327261049229, 3.269164558780467, -9.263383392764359, 1.25393682584403, 0.691942837909428, 5.13943274652517] 
[-3.242622859631018, 2.0315772362282334, -3.518448956413195, 3.751574035029403, 0.889677953300541, 4.023776750454639, 6.4070164773812035, -2.932115750100875, 0.35320896863951434, 0.31577884804425826, -6.115219211612587, 1.587322210445238, -7109.161770008096, 7087.870715445614, 0.6194578063150378, 2.7130489410027474, 11.536450059576097, -7.5520302987175505, 10.968233287008792, 2.902277300358356, -8.99507636451831, 1.558200895681524, 0.32138353338995806, 5.51021653328174] 
[-3.132870946824676, 1.9218253234218916, -3.628200869219537, 3.6418221222230613, 0.9994298661068828, 4.1335286632609805, 6.516768390187545, -3.041867662907217, 0.24345705583317256, 0.2060269352379165, -6.005467298806245, 1.4775702976388962, -7109.267707168523, 7087.785652949505, 0.6435205926990759, 2.5996731733490765, 11.516022663413322, -7.779771221842445, 11.195658911033794, 3.0038537786705533, -8.862671937079172, 1.4266183469253022, 0.39362249774787006, 5.400274918787499] 
[-3.3948190459206327, 2.1837734225178482, -3.3662527701235803, 3.903770221319018, 1.2613779652028394, 3.871580564165024, 6.254820291091589, -2.7799195638112604, -0.018491043262784057, -0.055921163858040135, -6.267415397902202, 1.7395183967348529, -7109.010970675, 7086.047897918601, -1.135508652061206, 2.069821500181563, 11.442376272874581, -8.310038591088826, 11.737411846798299, 3.3711714650159403, -9.2574557281586, 1.8453262038971954, 0.7291808630408972, 5.146709824696275] 
[-3.513205423281116, 2.3021597998783316, -3.4846391474840637, 3.7853838439585346, 1.142991587842356, 3.9899669415255072, 6.373206668452072, -2.661533186450777, 0.09989533409769935, -0.17430754121852354, -6.149029020541718, 1.6211320193743695, -7108.808633303905, 7085.465432640834, -1.6989042605492177, 2.1197390384589525, 11.363151482050071, -8.253691407766851, 11.842661968451308, 3.457116474552306, -9.171602421833994, 1.721402899589044, 0.8548053964530411, 5.027991311558611] 
[-3.0018271764006013, 1.7907815529978168, -2.973260900603549, 3.2740055970780197, 0.6316133409618412, 4.501345188406022, 6.884584915332587, -3.1729114333312918, -0.41148291278281546, 0.33707070566199127, -5.637650773661203, 2.1325102662548843, -7107.791213940419, 7083.378849923982, -3.733116133258327, 1.2282961242677044, 11.30107122039063, -9.01099491232203, 12.539649530515169, 2.525069257360833, -8.172153918788307, 1.0154341112043679, 1.4835504314815537, 5.535202367224192] 
[-3.0021368811989557, 1.7910912577961713, -2.9729511958051944, 3.2736958922796653, 0.6319230457601956, 4.501035483607668, 6.884275210534232, -3.1726017285329373, -0.411173207984461, 0.3367610008636368, -5.637341068862849, 2.1328199710532387, -7107.791319591784, 7083.385562262557, -3.7263924253361056, 1.2277721229628864, 11.301350764464074, -9.010791941231425, 12.539866229432183, 2.5253990452014206, -8.172390066898265, 1.015608393131874, 1.4833590844939708, 5.534950528799075] 
[-2.9278438501257593, 1.8653842888693677, -2.898658164731998, 3.199402861206469, 0.5576300146869992, 4.426742452534471, 6.809982179461036, -3.2468947596061337, -0.4854662390576574, 0.4110540319368332, -5.5630480377896525, 2.207113002126435, -7107.86619644306, 7083.366341742741, -3.822166467592751, 1.3149785979494126, 11.391365722353772, -8.95718667500829, 12.588655855036084, 2.6044568053600003, -8.215948796833333, 1.0922057923415125, 1.5607852303714247, 5.585804965768861] 
[-2.9083511523773407, 1.8848769866177864, -2.8791654669835793, 3.17991016345805, 0.5381373169385806, 4.44623515028289, 6.790489481712617, -3.2663874573545524, -0.46597354130923874, 0.39156133418841454, -5.543555340041234, 2.1876203043780165, -7107.847381028362, 7083.355345017238, -3.814083116594727, 1.3354554424703076, 11.423891653190646, -8.876179476682623, 12.508126507554705, 2.5758679501218005, -8.187960412950167, 1.1175784485362945, 1.5381030435371155, 5.613446183696354] 
[-2.533848995729455, 2.259379143265672, -3.253667623631465, 3.5544123201059357, 0.16363516029069514, 4.071732993635004, 6.415987325064732, -2.891885300706667, -0.0914713846613533, 0.7660634908363, -5.918057496689119, 2.562122461025902, -7108.228240930291, 7083.266309169878, -4.3023541025321155, 1.762509491987059, 11.847181695121472, -8.614718762194313, 12.742988731321324, 2.967723085106433, -8.315794090787676, 1.6237736296333698, 2.270123818157117, 4.975143153531989] 
[-2.6221608725050007, 2.1710672664901263, -3.1653557468559193, 3.46610044333039, 0.25194703706624066, 3.983421116859459, 6.504299201840277, -2.9801971774822125, -0.17978326143689882, 0.6777516140607545, -6.006369373464665, 2.4738105842503564, -7108.454710350869, 7082.885551290923, -4.636167363777593, 1.6755833868773493, 11.905949511780452, -8.562602085087628, 12.795839860036084, 3.038139144671806, -8.225809781577935, 1.9192720988078458, 2.582496704275674, 4.819573276360837] 
[-2.3856104795623363, 1.9345168735474618, -3.4019061397985837, 3.7026508362730546, 0.01539664412357622, 3.7468707239167944, 6.267748808897613, -3.216747570424877, 0.05676713150576562, 0.9143020070034189, -6.242919766407329, 2.710360977193021, -7107.895814545368, 7084.035174846972, -3.5800005965845934, 1.38670071750826, 11.692893667898991, -7.846720105010506, 12.068094134517988, 3.130431179938448, -7.9708707000980965, 2.1565733021116182, 2.524700023100884, 4.592684299372166] 
[-2.817086796910802, 2.3659931908959275, -2.970429822450118, 4.13412715362152, -0.4160796732248895, 3.3153944065683287, 6.699225126246079, -3.6482238877733426, -0.3747091858427001, 0.4828256896549532, -6.674396083755795, 3.1418372945414865, -7108.038472164788, 7085.218623182578, -2.382617008014246, 1.2354845877322387, 12.057475841282692, -6.835010776516094, 11.054963904113395, 3.615307154590051, -7.429531803726903, 0.027506088871891876, 0.4001038190959063, 5.0715814074860335] 
[-2.527199177765487, 2.0761055717506127, -3.260317441595433, 3.8442395344762055, -0.7059672923702043, 3.025506787423014, 6.9891127453913935, -3.358336268628028, -0.08482156669738528, 0.1929380705096384, -6.96428370290111, 2.8519496753961717, -7107.704386230692, 7085.412771295866, -2.6453384570468934, 2.736720167351936, 13.639254745331769, -7.564840932022673, 11.716932816592298, 4.380967040323485, -6.83547336971832, -0.01511918312768671, 0.5975892411085519, 4.848388436234595] 
[-2.347104171096907, 2.2562005784191927, -3.0802224349268528, 3.6641445278076255, -0.8860622990387843, 2.845411780754434, 6.8090177387228135, -3.178241261959448, 0.09527343997119475, 0.012843063841058378, -6.78418869623253, 2.6718546687275917, -7108.12447343314, 7084.552747903119, -3.437909802835155, 2.693624962283936, 13.990828958080794, -7.9563341678278645, 11.142874456367098, 3.796658979723863, -7.098921402759025, 0.13177920129005444, 0.5180616631472917, 4.981385383131328] 
[-2.1628188619217976, 2.071915269244083, -3.2645077441019623, 3.479859218632516, -1.0703476082138939, 3.0296970899295435, 6.624732429547704, -2.9939559527843382, 0.2795587491463043, -0.17144224533405117, -6.59990338705742, 2.487569359552482, -7108.632134591076, 7083.836742569264, -3.996540448053096, 2.2983592184713713, 13.261541424874293, -7.301391415486138, 11.158289597443192, 3.994952378322944, -6.889309419642511, -0.06884800236763472, 0.8376231016884197, 5.3025219602316565] 
[-2.3770733664762087, 1.8576607646896721, -3.4787622486563734, 3.265604714078105, -1.284602112768305, 3.2439515944839545, 6.838986934102115, -3.2082104573387493, 0.4938132537007154, 0.042812259220359916, -6.385648882503009, 2.7018238641068932, -7108.159143670547, 7084.485776551847, -3.4896330759408136, 1.8915178671792026, 11.864622633342673, -5.941622594759712, 11.090692062656785, 4.231905181630068, -7.226739067334361, 0.27179097086045895, 0.6089041991539913, 5.461070628058674] 
[-2.532890865823971, 1.70184326534191, -3.3229447493086113, 3.421422213425867, -1.440419612116067, 3.3997690938317167, 6.994804433449877, -3.052392957990987, 0.33799575435295326, 0.19862975856812204, -6.229831383155247, 2.8576413634546554, -7108.307969213596, 7084.52147665278, -3.6288905377998035, 1.8187292171836904, 14.776743875790599, -8.8547951097391, 11.076334433888581, 4.365714600867991, -7.517725418628697, 0.57196219371136, 0.7919477016954952, 5.63381365245973] 
[-2.59781436305156, 1.7667667625694992, -3.258021252081022, 3.486345710653456, -1.5053431093436562, 3.3348455966041275, 6.929880936222288, -3.1173164552185764, 0.4029192515805424, 0.2635532557957112, -6.294754880382836, 2.9225648606822445, -7108.398718164786, 7084.175841036829, -3.971297072307403, 1.7759836449868516, 15.624291473114084, -9.705854215859473, 11.284676298218827, 4.55974179400737, -7.487498370869634, 0.6409821384142781, 0.8666316062687294, 5.694989021655742] 
[-2.5610930143695843, 1.803488111251475, -3.2212999033990464, 3.4496243619714804, -1.4686217606616805, 3.2981242479221518, 6.893159587540312, -3.154037803900552, 0.43964060026251817, 0.30027460447768695, -6.331476229064812, 2.885843512000269, -7108.459971390602, 7083.932329330238, -4.211935462287602, 1.7336143736939187, 15.600376846213143, -9.720758777688422, 11.307059903981294, 4.535235531162358, -7.43041753235695, 0.5883397439282576, 0.8903404454000254, 5.658526169844895] 
[-2.6869000874166797, 1.9292951842985704, -3.347106976446142, 3.575431435018576, -1.594428833708776, 3.4239313209692472, 6.767352514493217, -3.2798448769476476, 0.5654476733096137, 0.42608167752478243, -6.457283302111907, 3.0116505850473643, -7108.502835422826, 7084.5881643978255, -3.5517589966337955, 1.8731604243394508, 15.671360334471027, -9.657615984352843, 11.015287846089612, 4.243361445231153, -7.536879850788463, 0.5341286599660001, 0.9962528056643347, 5.537444100114026] 
[-3.029423237347972, 1.5867720343672782, -3.689630126377434, 3.2329082850872837, -1.2519056837774838, 3.7664544709005394, 6.4248293645619245, -2.9373217270163554, 0.22292452337832147, 0.08355852759349025, -6.114760152180615, 2.669127435116072, -7108.469108909888, 7082.584250599938, -5.575357247479083, 1.4006416658409764, 15.519669758074876, -9.87138996032863, 10.431409334765734, 3.701079151659542, -6.966242419632668, -0.05350014875369569, 1.0854180438833465, 5.208866647897632] 
[-2.7428238994545477, 1.8733713722607024, -3.40303078848401, 2.9463089471938595, -0.9653063458840596, 4.053053808793964, 6.711428702455349, -2.6507223891229312, -0.0636748145151027, -0.20304081029993393, -5.828160814287191, 2.9557267730094963, -7108.179119376393, 7084.480169535257, -3.678357092126106, 1.7042812492229151, 15.573637378151599, -9.55840663977449, 10.058129255263403, 3.434797516987293, -7.2836656926935115, 0.33112645721295036, 1.4536591422814018, 4.867493215664584] 
[-2.964400014117361, 2.0949474869235156, -3.1814546738211966, 2.7247328325310463, -1.1868824605468729, 4.274629923456777, 6.4898525877925355, -2.8722985037857445, 0.15790130014771053, -0.42461692496274717, -6.049736928950004, 3.1773028876723095, -7107.940092164377, 7084.63099935642, -3.7941533915681345, 1.4079003273986765, 16.19277201567486, -10.299000932948104, 10.578835543538453, 3.417177901493188, -7.487269347187794, 0.520918743460514, 1.5675792754389315, 5.040876274899938] 
[-2.9795826901555085, 2.110130162961663, -3.196637349859344, 2.7095501564928988, -1.1716997845087254, 4.289812599494924, 6.474669911754388, -2.887481179823892, 0.14271862410956304, -0.4094342489245997, -6.034554252911857, 3.192485563710457, -7107.933658194957, 7084.531827621262, -3.893454629292671, 1.4258757276808633, 16.162391308968836, -10.26429197700892, 10.552910029890384, 3.4264925578017165, -7.472903671598231, 0.5094918055476629, 1.5530776557525758, 5.059113805951176] 
[-2.807558554225226, 1.9381060270313806, -3.0246132139290616, 2.8815742924231813, -1.343723920439008, 4.117788463564642, 6.6466940476846705, -2.7154570438936094, -0.0293055118207195, -0.23741011299431714, -6.206578388842139, 3.3645096996407395, -7108.103454128168, 7084.558725589752, -4.048458086559026, 1.2028529724189776, 16.45181682498692, -10.500823643952346, 10.452855884724176, 3.2898091727349543, -7.648517683677821, 0.8023069083240444, 1.2948786920759932, 4.945299550175847] 
[-2.44730991696383, 2.2983546642927766, -3.3848618511904576, 2.5213256551617853, -0.9834752831776119, 4.478037100826038, 6.2864454104232745, -3.0757056811550054, -0.3895541490821155, -0.5976587502557131, -5.846329751580743, 3.0042610623793435, -7107.736934891057, 7084.611985735997, -3.6255246930708576, 0.8066977050220079, 16.778453909148112, -10.393924387445184, 10.917935143973553, 3.9705645592278427, -8.26004542279682, 1.2501623989505977, 0.853465759086685, 4.617073115569237] 
[-2.7223930729334516, 2.023271508323155, -3.109778695220836, 2.2462424991921637, -0.7083921272079903, 4.202953944856416, 6.561528566392896, -3.350788837124627, -0.6646373050517371, -0.8727419062253348, -6.121412907550365, 2.729177906409722, -7107.703083498519, 7084.0450761397815, -4.17528435417339, 1.1220491746462313, 16.42039527720064, -10.493138763586158, 10.696130952009874, 3.7112434602821334, -8.521588656939288, 1.2429660651698413, 1.2782346216398823, 4.194825120959649] 
[-2.563549002979988, 1.8644274383696913, -2.9509346252673723, 2.0873984292387, -0.867236197161454, 4.0441098749029525, 6.4026844964394325, -3.5096329070780907, -0.5057932350982735, -0.7138978362718711, -6.280256977503829, 2.8880219763631856, -7107.544331738204, 7084.044557401824, -4.016864539488555, 1.121857080852142, 16.15024147270654, -9.931490349361447, 10.148319264222025, 3.4752144885794203, -8.555816609278454, 0.8407389633151408, 1.6648769347911214, 4.316998877394914] 
[-2.7351196818718417, 1.6928567594778374, -3.122505304159226, 2.258969108130554, -1.0388068760533078, 3.8725391960110986, 6.231113817547579, -3.338062228186237, -0.3342225562064196, -0.5423271573800172, -6.108686298611975, 3.0595926552550394, -7107.347642630228, 7084.203393516494, -4.072557310642969, 1.4596578737297736, 15.852006192700218, -10.188193030012581, 10.455239398867011, 3.561284498152507, -8.897117597663946, 0.26525393664603936, 2.1664536045395795, 4.144353570858834] 
[-2.5061019300607246, 1.9218745112889546, -3.3515230559703433, 2.487986859941671, -0.8097891242421906, 3.6435214441999815, 6.0020960657364615, -3.1090444763751197, -0.5632403080175368, -0.7713449091911344, -5.879668546800858, 3.2886104070661566, -7107.121486154982, 7084.143956389568, -3.898459788132708, 1.9624058806508362, 15.152580335609734, -9.517155894933252, 9.99101860199402, 3.7791447565402327, -9.053511115455914, 0.38320971815234445, 2.30800077112862, 4.352393591903539] 
[-2.2439132619049094, 2.18406317944477, -3.6137117241261585, 2.750175528097486, -1.0719777923980058, 3.9057101123557967, 6.264284733892277, -2.8468558082193045, -0.30105163986172156, -0.5091562410353192, -5.617479878645042, 3.550799075221972, -7106.799219777626, 7084.438259087754, -3.9440179889007925, 1.9467871728634245, 15.823611330757807, -10.315666328471487, 10.612551219600087, 3.347996431993453, -8.376721984682504, 1.4370310194730178, 1.3253299265501282, 4.888242743948121] 
[-2.153144916147271, 2.0932948336871315, -3.5229433783685202, 2.8409438738551245, -1.162746138155644, 3.996478458113435, 6.355053079649915, -2.9376241539769428, -0.3918199856193598, -0.5999245867929575, -5.708248224402681, 3.64156742097961, -7107.02131385922, 7084.146428106951, -4.166722632396272, 1.949140646712573, 16.036066004768024, -10.52395147653767, 10.591412274142016, 3.294387497106333, -8.509695593337241, 1.2066556053200452, 1.6166627751533924, 4.653337646317516] 
[-2.6322239847186975, 2.572373902258558, -4.002022446939947, 2.361864805283698, -1.6418252067270704, 3.5173993895420086, 5.875974011078489, -3.416703222548369, -0.8708990541907862, -0.12084551822153111, -6.187327292974107, 3.1624883524081837, -7106.5496734385915, 7084.128580659326, -3.568449332877851, 2.6655349714852528, 14.833372447972065, -9.40216135618982, 10.756555724019144, 3.750742839251413, -8.347182126074003, 0.4571005073232891, 2.348871389041107, 4.844009171246314] 
[-2.480867958857443, 2.723729928119812, -3.8506664210786923, 2.210508779422444, -1.7931812325883247, 3.668755415403263, 6.027330036939743, -3.265347196687115, -0.7195430283295319, -0.2722015440827854, -6.338683318835361, 3.313844378269438, -7106.669468684119, 7084.205419788791, -3.6509396273279013, 2.765265004478791, 14.397978758411345, -8.966759313688565, 10.621456586407866, 3.734262530933822, -7.805866060839723, 0.9943489777552482, 2.4742092050927567, 4.680746990330141] 
[-2.52697470152229, 2.6776231854549652, -3.896773163743539, 2.2566155220872908, -1.7470744899234778, 3.622648672738416, 6.07343677960459, -3.219240454022268, -0.7656497709943788, -0.31830828674763234, -6.292576576170514, 3.359951120934285, -7106.633901289196, 7084.186629266452, -3.6206449012226125, 2.7336186540304914, 14.425514768995697, -8.9383007314163, 10.586135038580306, 3.6986461347670376, -7.774423615550135, 0.9761477592840081, 2.434092943620711, 4.7247421509612] 
[-2.480117456931138, 2.724480430046117, -3.943630408334691, 2.209758277496139, -1.7002172453323259, 3.575791428147264, 6.026579535013438, -3.172383209431116, -0.8125070155855307, -0.36516553133878427, -6.245719331579362, 3.313093876343133, -7106.62025204151, 7084.1222333994165, -3.7129662332363833, 2.6606626247278458, 14.52407220424625, -9.044880326940188, 10.520028681433425, 3.757280321529062, -7.78152468284768, 1.0318449620640804, 2.3742571248894975, 4.677363881036618] 
[-2.551246021405083, 2.795608994520062, -3.8725018438607464, 2.138629713022194, -1.629088680858381, 3.5046628636733193, 6.097708099487383, -3.2435117739050607, -0.8836355800594755, -0.43629409581272904, -6.316847896053307, 3.384222440817078, -7106.6396913720455, 7084.214270223708, -3.5697705032484395, 2.792359170619896, 14.585851985857891, -9.00977431026618, 10.465231540348585, 3.6943279357783014, -7.998093216243876, 0.8191772730345162, 2.352839882624264, 4.749230787372386] 
[-2.735965551782799, 2.980328524897778, -3.68778231348303, 2.3233492433999103, -1.8138082112360974, 3.6893823940510355, 5.912988569109666, -3.428231304282777, -0.6989160496817592, -0.2515745654350128, -6.132128365675591, 3.1995029104393615, -7106.778395633637, 7084.302142085741, -3.6852021779238835, 2.9429365577306226, 14.718291729465548, -8.894637366845908, 10.312203878203025, 3.5231872100659922, -8.197757326034585, 0.8133112540553595, 2.5447688061074363, 4.93963333076373] 
[-3.0456457382695685, 2.670648338411009, -3.378102126996261, 2.013669056913141, -1.504128024749328, 3.379702207564266, 6.222668755596436, -3.1185511177960077, -1.0085962361685286, 0.05810562105175654, -5.822448179188822, 3.509183096926131, -7107.279426678991, 7083.810837764649, -3.5780010160828257, 2.5418876592853747, 13.859240973393012, -8.030898294019083, 10.890286764911151, 2.9578267493090866, -8.616130204726405, 0.8223202693757047, 2.8133793956378463, 5.210230180763375] 
[-3.26230205294908, 2.88730465309052, -3.594758441675772, 2.2303253715926523, -1.2874717100698168, 3.163045892884755, 6.006012440916924, -2.9018948031164964, -0.7919399214890173, -0.15855069362775476, -6.039104493868333, 3.2925267822466195, -7107.48418887777, 7083.950160388806, -3.714319074215738, 2.756081909444561, 13.692865047195525, -8.182068161735947, 11.12276054768392, 2.728980467223246, -8.736015658517378, 0.9335968086961978, 2.6639039428515248, 5.055487590072202] 
[-3.26564456492949, 2.88396214111011, -3.591415929695362, 2.2269828596122423, -1.2908142220502268, 3.159703380904345, 6.0093549528973345, -2.8985522911360864, -0.7885974095086072, -0.15520818164734473, -6.042447005848743, 3.2958692942270296, -7107.48787247956, 7083.953087087936, -3.7180831726663026, 2.7519273762178775, 13.692032847709878, -8.184933140726153, 11.124832385047368, 2.7338240610816973, -8.748806144904819, 0.9208956770690062, 2.6697260018577857, 5.05077153610704] 
[-3.3704443261897143, 2.7791623798498857, -3.4866161684351376, 2.122183098352018, -1.1860144607900023, 3.0549036196441204, 6.114154714157559, -3.003352052396311, -0.8933971707688317, -0.26000794290756923, -6.1472467671089674, 3.191069532966805, -7107.391170639739, 7084.020766985331, -3.8302990535977774, 2.662945838981412, 13.465811894748091, -7.947890161955875, 11.203297725885145, 2.829820340209423, -8.820992098302769, 0.9918856933972999, 2.5251913412393447, 5.189212615771169] 
[-3.4366109534556184, 2.8453290071157897, -3.4204495411692335, 2.188349725617922, -1.1198478335240982, 3.1210702469100244, 6.047988086891655, -3.069518679662215, -0.8272305435029277, -0.19384131564166518, -6.081080139843063, 3.257236160232709, -7107.451093325893, 7083.991331377645, -3.756380630504689, 2.7674716256378424, 13.379025166728246, -7.970278753417598, 11.259353811813867, 2.8864078388759045, -8.817773474446842, 0.9139454586487664, 2.6139749906700627, 5.1114326547201046] 
[-3.3431295058375756, 2.751847559497747, -3.3269680935511907, 2.094868277999879, -1.213329281142141, 3.214551694528067, 6.141469534509698, -2.976037232044172, -0.9207119911209705, -0.1003598680236224, -6.174561587461106, 3.1637547126146663, -7107.324279806429, 7083.8714707374065, -3.7232896929404413, 2.5824661015287664, 13.661722639278908, -8.212135087680917, 11.135643241745898, 3.0074404022657535, -8.792525518957474, 0.8271934189763959, 2.7036819961089495, 5.187362293828972] 
[-3.3736333908813823, 2.7213436744539403, -3.296464208507384, 2.1253721630436857, -1.1828253960983344, 3.245055579571874, 6.110965649465891, -3.0065411170879788, -0.9512158761647771, -0.13086375306742903, -6.205065472504913, 3.194258597658473, -7107.296616538144, 7083.886811876437, -3.7507314739578397, 2.5525658405077043, 13.65183231938186, -8.237183162102493, 11.102701285753755, 3.0295401470375487, -8.66106597348359, 0.959218770692559, 2.723163957492012, 5.215765278338047] 
[-3.3435017113908128, 2.75147535394451, -3.3265958879979536, 2.155503842534255, -1.2129570755889039, 3.2751872590624433, 6.0808339699753216, -2.9764094375974093, -0.9210841966742076, -0.16099543255799853, -6.174933793014343, 3.2243902771490425, -7107.275517172564, 7083.929832262726, -3.7065852655299962, 2.5139675958668395, 13.688779532451425, -8.225943328685341, 11.128117828706948, 3.054895086695923, -8.654784457654445, 0.9318409354974597, 2.7532151227101678, 5.243575029267789] 
[-3.1264033756696517, 2.968573689665671, -3.1094975522767925, 2.3726021782554163, -1.430055411310065, 3.0580889233412822, 5.8637356342541604, -2.759311101876248, -1.1381825323953687, 0.056102903163162576, -5.957835457293182, 3.4414886128702036, -7107.43816529633, 7083.636256271326, -3.9977933238715115, 2.869671711601597, 13.110716076165808, -7.72075918180405, 11.305480965498704, 3.139629669184415, -7.654049203791898, 1.953293384671767, 2.4573722848745634, 5.057918198073677] 
[-2.969566077373658, 2.8117363913696773, -3.266334850572786, 2.52943947655141, -1.5868927096060585, 2.9012516250452887, 6.020572932550154, -2.9161484001722418, -0.9813452340993751, 0.21294020145915615, -6.114672755589176, 3.28465131457421, -7107.597886802314, 7083.443486372417, -4.19275496985991, 3.087960100229077, 12.525868734175885, -7.1471193087073805, 11.504731981367964, 3.0432692191276702, -8.602706741123393, 0.9954207345033571, 2.313657017528027, 4.944898737452362] 
[-3.2676622485910958, 2.5136402201522396, -3.5644310217902238, 2.231343305333972, -1.2887965383886208, 3.1993477962627264, 5.722476761332716, -3.2142445713896795, -0.6832490628819374, -0.08515596975828155, -5.816576584371738, 3.5827474857916477, -7107.254966550066, 7083.72026212263, -4.435475714673936, 2.7530440394568743, 11.061695758452313, -5.683828129077615, 11.101765465822929, 3.4479544739785557, -8.665664028428004, 0.6008201898568024, 1.910888564810632, 5.308345492494002] 
[-2.876845174253356, 2.9044572944899794, -3.173613947452484, 2.622160379671712, -0.8979794640508811, 3.590164870600466, 5.331659686994977, -3.605061645727419, -0.2924319885441977, -0.47597304409602126, -6.207393658709478, 3.9735645601293874, -7106.836474131925, 7083.448267339671, -4.131797491835595, 3.034898913874366, 11.914201799847161, -6.5645727058627035, 10.246923938877341, 4.346927661249483, -7.501127147691415, 1.7657836986703501, 1.1715860666303493, 5.99881378222026] 
[-2.8624773118449074, 2.8900894320815307, -3.1879818098609327, 2.6365282420801606, -0.9123473264593298, 3.5757970081920174, 5.346027549403425, -3.5906937833189705, -0.3067998509526464, -0.4616051816875726, -6.193025796301029, 3.987932422537836, -7106.846786468651, 7083.464212455155, -4.113263561149656, 3.0553547606050024, 11.896130830363868, -6.568858046559636, 10.253122340252103, 4.360398979960155, -7.488362366994728, 1.7441860782516603, 1.1947991882570845, 6.012129557393188] 
[-3.251453559842373, 2.501113184084065, -3.5769580578583984, 3.0255044900776262, -0.5233710784618641, 3.964773256189483, 5.735003797400891, -3.979670031316436, -0.695776098950112, -0.07262893369010692, -6.582002044298495, 3.5989561745403704, -7106.279329642321, 7084.133085428772, -3.575636098435858, 2.7706498282138554, 11.615020170208192, -6.606540858901376, 9.106430766238297, 5.519613705629979, -7.427038188080958, 2.42662033044322, 0.5361472213925736, 5.658341916099193] 
[-3.414595582044514, 2.337971161881924, -3.7401000800605395, 2.862362467875485, -0.360229056259723, 4.127915278391624, 5.57186177519875, -3.816528009114295, -0.8589181211522532, -0.23577095589224806, -6.745144066500636, 3.7620981967425116, -7106.457771317028, 7084.307122293302, -3.584533827209279, 2.9508135540179334, 11.395040744373766, -6.486701004805015, 9.32328036530919, 5.018892494299212, -8.014729756345162, 2.0040109277198765, 0.6894457951596089, 5.535584232480833] 
[-3.5324991013643707, 2.2200676425620673, -3.622196560740683, 2.9802659871953416, -0.47813257557957956, 4.245818797711481, 5.453958255878893, -3.6986244897944385, -0.9768216404721097, -0.3536744752121046, -6.8630475858204925, 3.644194677422655, -7106.335971938964, 7084.286305234682, -3.786947793303008, 2.757718119947891, 11.390820816247754, -6.874686995926484, 9.781447029387646, 4.624617434785, -8.491832304221479, 1.5911747989585725, 0.8410146411059679, 5.471121563816873] 
[-3.5090664374869203, 2.196634978684617, -3.5987638968632325, 3.003698651072792, -0.4546999117021291, 4.269251461588931, 5.430525592001443, -3.675191825916988, -1.0002543043495602, -0.33024181133465413, -6.886480249697943, 3.6207620135452045, -7106.326513240175, 7084.346963746434, -3.726604488504214, 2.747931383779109, 11.414560764464763, -6.870132963229346, 9.807639803888506, 4.60615162970042, -8.430076518901805, 1.6548407744933291, 0.8442190984170528, 5.4491322894399445] 
[-3.5055694228450864, 2.193137964042783, -3.6022609115050663, 3.007195665714626, -0.45120289706029526, 4.272748476230765, 5.434022606643277, -3.671694811275154, -1.003751318991394, -0.33373882597648796, -6.889977264339777, 3.6172649989033707, -7106.3295876318325, 7084.344955518611, -3.72536416344556, 2.744441815932516, 11.4173603456863, -6.864320915055333, 9.802326935898451, 4.601518624380428, -8.444532407508273, 1.6400747436184921, 0.8536503260039605, 5.4571209900824975] 
[-3.4603276267810212, 2.147896167978718, -3.6475027075691315, 3.052437461778691, -0.49644469312436046, 4.31799027229483, 5.479264402707342, -3.626453015211089, -0.9585095229273288, -0.28849702991242276, -6.8447354682757116, 3.5720232028393055, -7106.27033419035, 7084.277436838509, -3.7400383954283405, 2.6899487535702273, 11.46812106400316, -6.8623252018708705, 9.865361480576048, 4.53307983644532, -8.476973195859081, 1.676550825342722, 0.759978524928923, 5.367014136042999] 
[-3.4794499996624584, 2.1287737950972807, -3.6666250804505687, 3.033315088897254, -0.4773223202429233, 4.298867899413393, 5.498386775588779, -3.645575388092526, -0.977631895808766, -0.3076194027938599, -6.825613095394274, 3.5911455757207427, -7106.302073831348, 7084.3512345955005, -3.669293479320174, 2.6908923318723397, 11.447160068173066, -6.852593631059764, 9.888816587109252, 4.4929888419419335, -8.558891527614826, 1.596815162490719, 0.7871037362233904, 5.360475913412173] 
[-3.275372016078448, 2.3328517786812912, -3.462547096866558, 3.2373930724812645, -0.2732443366589128, 4.094789915829383, 5.7024647591727895, -3.8496533716765367, -0.7735539122247554, -0.5116973863778704, -6.621535111810264, 3.387067592136732, -7106.204224191358, 7084.956517474932, -3.065195235646503, 2.6182044236161053, 11.784203835258277, -7.544213526658849, 10.628526294983347, 3.9395506846365755, -9.424998994105652, 0.7928722402941555, 0.790699139159014, 5.566147024632594] 
[-3.898975772954339, 2.956455535557182, -2.838943339990667, 3.8609968293571555, 0.3503594202169782, 3.4711861589534916, 6.3260685160486805, -3.2260496148006457, -0.14995015534886447, -1.1353011432537614, -7.245138868686155, 2.763463835260841, -7106.850601519706, 7085.203821529433, -3.705787965875862, 1.7637994559503907, 10.732549783269006, -5.272473227440983, 8.366644528436407, 4.549739960506313, -7.656604024913213, 2.7537717311087158, -0.7797377242147626, 4.50165988447548] 
[-4.099376974526654, 2.7560543339848667, -3.0393445415629827, 4.061398030929471, 0.14995821864466263, 3.270784957381176, 6.526469717620996, -3.02564841322833, -0.35035135692118, -1.335702344826077, -7.044737667113839, 2.9638650368331567, -7107.4443616223825, 7085.78633229681, -3.853388907542089, 1.8617075164180494, 10.50400534192123, -5.624460815335666, 8.681927241968609, 4.747104342686348, -7.845962940297001, 2.6677041440666467, -1.0259252400713585, 4.222082492042857] 
[-4.193933373893923, 2.8506107333521356, -2.944788142195714, 4.15595443029674, 0.24451461801193153, 3.176228558013907, 6.431913318253727, -2.931092013861061, -0.4449077562884489, -1.241145945458808, -6.95018126774657, 3.0584214362004256, -7107.45025369968, 7085.669342438645, -3.9783672847837206, 1.9531790026939106, 10.490908450513466, -5.514322524356266, 8.546386842140777, 4.631768408724132, -7.953888316456583, 2.346194254414353, -0.6955921624899961, 4.368898737120041] 
[-4.5772950437081, 3.233972403166312, -3.3281498120098902, 3.7725927604825635, 0.6278762878261079, 2.7928668881997307, 6.048551648439551, -3.3144536836752376, -0.8282694261026253, -1.6245076152729845, -6.566819597932394, 3.441783106014602, -7107.896691409786, 7085.745148383843, -3.349350233070869, -0.4230252661592202, 8.101483902461583, -6.188375387474798, 8.105850977563836, 4.082326012465753, -7.405540599429081, 2.804940547738642, -0.6966002946563418, 3.98533587899881] 
[-4.567328693444129, 3.224006052902341, -3.3381161622738613, 3.7825591107465346, 0.637842638090079, 2.802833238463702, 6.058517998703522, -3.3044873334112665, -0.8382357763665964, -1.6344739655369556, -6.576785948196365, 3.451749456278573, -7108.6448116617585, 7086.493279694694, -3.3511497844140874, -0.4406762157348084, 8.08567609508974, -6.182902733510272, 8.115342666125978, 4.091369772981411, -7.395635668563218, 2.8327709165227586, -0.7247551203927187, 3.995706302734328] 
[-4.567883410441205, 3.2245607698994165, -3.338670879270937, 3.7831138277436103, 0.6383973550871547, 2.802278521466626, 6.057963281706446, -3.305042050408342, -0.8387904933636721, -1.63391924853988, -6.576231231199289, 3.4511947392814974, -7108.644259476601, 7086.493282262122, -3.3504969953009693, -0.4400472514893391, 8.085617577017613, -6.182458745516756, 8.115018434890029, 4.090815464906454, -7.396267608339632, 2.8331696435397413, -0.7244647729697905, 3.9962559278512537] 
[-4.401373943326861, 3.3910702370137606, -3.172161412156593, 3.9496232948579544, 0.47188788797281056, 2.9687879885809703, 6.22447274882079, -3.138532583293998, -0.672281026249328, -1.800428715654224, -6.409721764084945, 3.2846852721671533, -7096.593591136314, 7074.4424996177595, -3.3310978297827765, -0.15298217920961732, 8.334999704258784, -6.298866997548117, 7.876382072753527, 4.291978191418446, -7.537114145798407, 2.7394808829109714, -0.8282864067198641, 3.8315483695340284] 
[-4.357307818735037, 3.3470041124219367, -3.128095287564769, 3.9055571702661305, 0.42782176338098665, 2.9247218639891464, 6.268538873412614, -3.094466458702174, -0.7163471508411519, -1.7563625910624001, -6.453787888676769, 3.3287513967589772, -7096.548821356476, 7074.441736889393, -3.2844028380184658, -0.027331661711193223, 8.460273788034192, -6.297778307023848, 7.918214041067342, 4.3335078556610105, -7.487584732272484, 2.700240166891248, -0.8439609678456165, 3.8760601500150678] 
[-4.139396260937058, 3.1290925546239583, -3.3460068453627474, 4.123468728064109, 0.2099102055830082, 3.142633421787125, 6.486450431210592, -3.3123780165001526, -0.4984355930431734, -1.5384510332644217, -6.671699446474747, 3.110839838960999, -7096.530831137445, 7074.659538223815, -3.5157355290226326, -0.2393081341412734, 8.466196868404204, -6.566340287648748, 7.650624910565285, 4.1307891305845805, -7.807625876111201, 3.603681998175075, -1.729382082276854, 4.121222507640479] 
[-4.037766401656318, 3.0274626953432184, -3.2443769860820075, 4.225098587344849, 0.3115400648637481, 3.2442632810678647, 6.384820571929852, -3.4140078757808925, -0.39680573376243355, -1.4368211739836818, -6.570069587194007, 3.2124696982417387, -7096.587868915463, 7074.6064660973625, -3.4202444716387435, -0.29063232364707614, 8.51584725379199, -6.662304293607995, 7.731703047425407, 4.026997561983763, -7.932729120907453, 3.058982420023715, -1.1863757919946485, 4.026241712448458] 
[-3.9436099215188287, 2.9333062152057288, -3.338533466219497, 4.319255067482339, 0.40569654500123775, 3.3384197612053543, 6.478977052067342, -3.319851395643403, -0.3026492536249439, -1.5309776541211715, -6.664226067331497, 3.3066261783792283, -7096.995068086399, 7075.0099433161595, -3.5136597551931, -0.8732275773951942, 7.937360714612976, -6.640678503368566, 7.6280539360544415, 3.950933280368844, -7.818632189612776, 3.8377226467869647, -1.9607881842511483, 4.091201217680611] 
[-4.139821248687468, 2.737094888037089, -3.534744793388137, 4.5154663946509785, 0.2094852178325981, 3.534631088373994, 6.675188379235982, -3.5160627228120425, -0.49886058079358353, -1.7271889812898111, -6.468014740162857, 3.502837505547868, -7097.068702524639, 7074.835636602572, -3.7255698381680924, -0.7521915590971356, 7.865713152930651, -6.480009320146196, 7.769437244981335, 3.809746258643177, -7.647104249982561, 3.731268623734065, -2.0599025073498924, 4.285965180420334] 
[-4.431188466707434, 2.4457276700171233, -3.243377575368171, 4.806833612670944, 0.5008524358525639, 3.8259983063939598, 6.383821161216016, -3.8074299408320083, -0.20749336277361774, -1.4358217632698453, -6.176647522142892, 3.211470287527902, -7097.040959394182, 7075.17681657945, -3.363821018919333, -0.705992493422945, 8.218559568087972, -5.933391072065471, 7.0704642045630175, 3.1449254398586, -8.131793132599844, 3.673282427647726, -2.2941945517822493, 4.000871633561845] 
[-4.262074855006196, 2.6148412817183617, -3.0742639636669327, 4.637720000969706, 0.6699660475538023, 3.6568846946927214, 6.214707549514777, -3.9765435525332467, -0.03837975107237934, -1.6049353749710837, -6.007533910441653, 3.3805838992291406, -7097.080833600673, 7075.001542103816, -3.5647646466005933, -0.595776346026437, 8.149062430599757, -6.043604182752052, 6.968132038221928, 3.2424667302946397, -8.240384963582919, 3.7585803294925864, -2.209717882675307, 4.168779404778938] 
[-4.630323105195606, 2.2465930315289517, -3.4425122138563427, 5.005968251159116, 1.0382142977432123, 3.2886364445033114, 5.8464592993253675, -4.344791802722657, 0.32986849911703064, -1.9731836251604937, -6.375782160631063, 3.7488321494185506, -7099.100196652668, 7077.12306500215, -2.732631703598644, -0.7624255083388995, 8.412189254740865, -5.427198705294341, 6.351698757754361, 3.5088261688762934, -8.411598558439046, 3.531166803849045, -2.3561146119896543, 4.535706292157771] 
[-4.798782862410976, 2.078133274313582, -3.2740524566409728, 5.174428008374486, 1.2066740549585822, 3.1201766872879415, 5.677999542109998, -4.513251559938027, 0.4983282563324005, -2.1416433823758636, -6.207322403415693, 3.5803723922031807, -7098.640826954456, 7076.65642488912, -2.9258596523541267, -0.832049545393639, 8.60277467716262, -5.647971005487002, 6.430501183605596, 4.204063034986192, -7.738327788980074, 2.4039107655539222, -1.2145599582429398, 4.670219510454804] 
[-4.726319248567675, 2.1505968881568824, -3.201588842797672, 5.101964394531185, 1.2791376688018827, 3.047713073444641, 5.605535928266697, -4.440787946094726, 0.42586464248909994, -2.214106996219164, -6.279786017258994, 3.50790877835988, -7098.7851368248075, 7076.804855513077, -3.007662532433183, -0.8934739044361727, 8.630304673551606, -5.586682274289243, 6.476747427252208, 4.4404829345491255, -7.499436145968158, 2.3846978639503087, -1.2702540514605776, 4.740618354861591] 
[-4.5864358999248225, 2.01071353951403, -3.0617054941548196, 4.962081045888333, 1.1392543201590302, 3.1875964220874935, 5.74541927690955, -4.300904597451874, 0.5657479911319525, -2.0742236475763116, -6.139902668616141, 3.6477921270027327, -7099.095761411949, 7077.116538624054, -3.1485103012166884, -1.1067753627009689, 8.347176798233699, -5.347532104673302, 6.321063381612451, 4.564828569117423, -7.560315008405333, 2.294735881957639, -1.3443209841648927, 4.880360697289357] 
[-4.284617415016262, 2.31253202442259, -2.7598870092462593, 5.263899530796893, 0.8374358352504698, 2.885777937178933, 6.04723776181811, -3.9990861125433135, 0.8675664760405128, -1.7724051626677513, -5.838084183707581, 3.3459736420941724, -7099.603745840395, 7077.604515715178, -3.399710465332942, -1.662640729801372, 7.723582038303749, -4.914007929440064, 6.812151844918868, 3.6050107915338634, -8.399265723912585, 3.268115771842767, -2.380477786141193, 4.516115132060862] 
[-4.449833136503676, 2.477747745910004, -2.925102730733673, 5.429115252284307, 1.0026515567378835, 3.050993658666347, 6.212453483305524, -3.8338703910558998, 0.7023507545530991, -1.937620884155165, -5.672868462220167, 3.1807579206067587, -7099.564737357978, 7077.8098326203635, -3.1739596958482763, -1.6455337148456797, 8.011915536639801, -5.21688679958093, 6.635600857008363, 3.344554688495009, -8.654518668576486, 3.6063462869624336, -2.727638575484418, 4.6520231047024465] 
[-4.54242784690388, 2.3851530355097994, -3.0176974411338775, 5.521709962684511, 0.910056846337679, 3.1435883690665514, 6.305048193705728, -3.9264651014561043, 0.6097560441528946, -2.0302155945553695, -5.580273751819963, 3.273352631006963, -7099.59420619435, 7077.72684179611, -3.255983638911806, -1.4337937787334543, 8.335633819745057, -5.4838740960202, 6.720464412805505, 3.2479554939982545, -8.653297574257529, 3.3572633302744417, -2.4592624543967148, 4.799741242418455] 
[-4.309685512634042, 2.152410701239961, -2.784955106864039, 5.75445229695435, 1.1427991806075175, 3.37633070333639, 6.537790527975567, -4.159207435725943, 0.8424983784227331, -2.262957928825208, -5.813016086089801, 3.0406102967371247, -7100.391732283041, 7078.514760015254, -3.399168177141761, -1.4523977873203129, 8.867409667639052, -6.020813256814587, 6.962703093610358, 3.8194496607187163, -8.074938574318066, 3.4384619164871446, -2.8339164912606334, 4.460535130882314] 
[-4.060172499031099, 2.401923714842904, -3.034468120466982, 6.003965310557293, 0.8932861670045744, 3.1268176897334468, 6.78730354157851, -3.9096944221229997, 0.59298536481979, -2.512470942428151, -6.062529099692744, 3.2901233103400678, -7100.99811109197, 7079.2208288340735, -2.9101027811449285, -1.3142042422499798, 7.887185882788996, -5.028922677031176, 7.03262319674388, 3.1440223195477657, -8.868468311853977, 2.7438109713027226, -2.294184724968017, 4.3662795489294375] 
[-4.173489134662427, 2.288607079211576, -3.1477847560983103, 6.117281946188621, 0.7799695313732462, 3.0135010541021185, 6.6739869059471815, -4.023011057754328, 0.4796687291884618, -2.6257875780594793, -6.1758457353240725, 3.1768066747087396, -7101.275804961036, 7079.500825651824, -2.9011174065931513, -1.2034446011203352, 7.868328726008264, -5.129651641828265, 6.843451290066025, 2.9280073936668605, -8.941779882518519, 2.5048677471225265, -2.0803801528898993, 4.290382490827256] 
[-4.214520406081263, 2.329638350630412, -3.1888160275171464, 6.076250674769785, 0.7389382599544101, 3.0545323255209547, 6.632955634528345, -3.9819797863354918, 0.4386374577696257, -2.584756306640643, -6.216877006742909, 3.1357754032899035, -7101.280965485071, 7079.437283463596, -2.9668887599433624, -1.1592196075149344, 7.893281295668343, -5.098731027420086, 6.927466995653518, 3.0960752347673943, -8.772971332602935, 2.5886739226874984, -2.079624099389051, 4.249421636171636] 
[-3.98745749073713, 2.102575435286279, -3.4158789428612795, 6.303313590113918, 0.5118753446102771, 3.2815952408650877, 6.405892719184212, -3.7549168709913587, 0.21157454242549267, -2.35769339129651, -5.989814091398776, 2.9087124879457704, -7100.529001263433, 7078.569032478887, -3.5059379358632325, -0.799104820040538, 8.657376064424234, -5.833383720624548, 6.830481946451094, 3.8619453536064103, -7.8876471782798365, 3.3080518228633693, -2.664754991004865, 3.9894456917341183] 
[-3.676486046005577, 1.7916039905547256, -3.7268503875928327, 5.992342145382365, 0.2009038998787238, 2.9706237961335344, 6.094921274452659, -4.065888315722912, -0.09939690230606057, -2.6686648360280634, -5.678842646667222, 3.2196839326773237, -7100.057885844332, 7078.147115560141, -3.3825677235067637, -1.123300300437082, 8.437337620143346, -6.009611794736284, 6.598241928412201, 4.441622299893269, -7.365335078344834, 2.3836015599398186, -1.6402573046695799, 4.50455858625974] 
[-3.992565243444991, 2.10768318799414, -4.0429295850322475, 5.67626294794295, -0.11517529756069056, 2.65454459869412, 6.4110004718920734, -3.7498091182834976, -0.41547609974547495, -2.352585638588649, -5.994921844106637, 3.535763130116738, -7099.618329877004, 7077.041130425991, -4.441311144900192, -1.3926896750438893, 8.112753533785483, -6.29940507414236, 6.385372317066514, 3.0854329741169644, -8.728739514122966, 2.180568519812548, -1.7488209339411502, 4.765887967959114] 
[-3.8358088733590403, 2.264439558080091, -3.8861732149462966, 5.519506577856999, -0.27193166764664145, 2.497788228608169, 6.254244101806123, -3.5930527481975467, -0.5722324698314258, -2.195829268502698, -6.151678214192588, 3.379006760030787, -7099.706020803991, 7076.861543988703, -4.602183459906287, -1.5718338856015177, 7.898338841122624, -6.235552371113466, 6.222689761550786, 2.702821264682304, -9.135306682098143, 2.4008818964692082, -1.6984964053714218, 4.9319511303715515] 
[-3.797775100609117, 2.2264057853301678, -3.92420698769622, 5.5575403506069225, -0.2338978948967183, 2.459754455858246, 6.216210329056199, -3.63108652094747, -0.5341986970815027, -2.2338630412526213, -6.189711986942511, 3.4170405327807103, -7099.667450721799, 7076.860232849484, -4.656416176620424, -1.5218911824236754, 7.888004232946758, -6.2147163174090165, 6.195707690856804, 2.750376483155012, -9.110868785268288, 2.5097214444448213, -1.8135677442025457, 4.885336012079191] 
[-3.635662506456951, 2.388518379482334, -3.7620943935440536, 5.719652944759089, -0.07178530074455214, 2.621867050010412, 6.378322923208366, -3.4689739267953037, -0.6963112912336689, -2.071750447100455, -6.351824581094677, 3.254927938628544, -7099.880985321343, 7076.998486061644, -4.888332777643289, -1.113367579563599, 8.2633937806581, -6.019500019649831, 6.167213144496904, 2.440585303619834, -9.479858877488923, 2.80543696864918, -1.8602707171393273, 4.7206413625140815] 
[-4.0371742594851, 2.7900301325104833, -4.163606146572203, 6.121164697787238, -0.4732970537727015, 2.220355296982263, 6.779834676236515, -3.0674621737671544, -0.2947995382055195, -2.4732622001286044, -5.950312828066528, 2.853416185600395, -7100.701232748052, 7078.2087713676865, -3.8166316289129236, -1.3289688476040191, 7.726391520015365, -6.818175405659754, 5.419117898234538, 3.0459472076113565, -8.412014040702797, 1.0306583140288097, -0.27869512765279847, 5.070391819544909] 
[-4.081245070974466, 2.8341009439998492, -4.119535335082837, 6.165235509276604, -0.5173678652620675, 2.176284485492897, 6.823905487725881, -3.0233913622777884, -0.3388703496948855, -2.4291913886392384, -5.994383639555894, 2.8974869970897608, -7100.766257731271, 7078.237364878124, -3.593876843050199, -1.5509501348689625, 7.702015876699511, -6.684684565463912, 5.573252278045177, 3.1394599159032013, -8.494565002617962, 1.1742466615184368, -0.4227797478565779, 4.9908929185132385] 
[-3.8979593553431595, 2.6508152283685424, -4.302821050714144, 5.981949793645297, -0.33408214963076066, 1.99299876986159, 6.640619772094574, -3.206677077909095, -0.1555846340635787, -2.6124771042705452, -5.811097923924587, 2.714201281458454, -7100.878573351033, 7078.145134207113, -3.5474789809471226, -1.3882859715106142, 7.978487557846581, -6.384591911127103, 5.6377564155685205, 3.3592105838753237, -8.68017485520085, 1.0996738351428759, -0.5282776515267288, 5.1521139566779794] 
[-3.9306512111956717, 2.6835070842210547, -4.270129194861632, 6.014641649497809, -0.3667740054832729, 1.9603069140090779, 6.607927916242062, -3.2393689337616074, -0.12289277821106648, -2.579785248418033, -5.843789779777099, 2.6815094256059417, -7100.943603665185, 7078.198561558883, -3.683925258694912, -1.2445520752023467, 8.028880323704575, -6.371673047564657, 5.686245307728774, 3.396730690272655, -8.7152085881886, 1.1341368751127658, -0.5217361228530547, 5.121759066311235] 
[-3.9090231271381928, 2.7051351682785336, -4.248501110804153, 6.036269733555288, -0.38840208954075184, 1.9819349980665568, 6.586299832184583, -3.2177408497041284, -0.10126469415358752, -2.558157164360554, -5.865417863834578, 2.659881341548463, -7100.952947672705, 7078.179262806497, -3.71106105416478, -1.2407975236531665, 8.068261837303861, -6.239486172500984, 5.815014061160279, 3.3880641054083345, -8.743150574293956, 1.1875831767142184, -0.5822056759167816, 5.0806252073441405] 
[-4.174394410781661, 2.4397638846350658, -3.9831298271606848, 5.7708984499118205, -0.12303080589728399, 2.2473062817100247, 6.851671115828051, -3.4831121333475963, 0.16410658948988033, -2.2927858807170862, -6.130789147478046, 2.394510057904995, -7101.313003947572, 7078.329747028886, -2.3203743977551263, -2.6466126125242693, 7.5989266117986665, -6.659743865219584, 5.708796450381706, 3.1249149336361164, -8.53747973619573, 1.6712968124995893, -1.0526132165427402, 5.204840135592004] 
[-3.994402556947774, 2.6197557384689523, -3.8031379733267983, 5.590906596077934, 0.056961047936602505, 2.067314427876138, 6.671679261994164, -3.30312027951371, -0.015885264344006167, -2.1127940268831997, -6.310781001311932, 2.5745019117388814, -7101.427835562916, 7078.230385023613, -2.2962180739744635, -2.3767704725403114, 7.913110586936128, -5.9620316879441475, 6.47039735301985, 3.5235297763807765, -8.620980639691194, 1.528733296297253, -1.1153644752494971, 5.380213079534949] 
[-4.10845954958244, 2.5056987458342865, -3.6890809806921325, 5.476849603443268, -0.05709594469806323, 2.181371420510804, 6.5576222693594985, -3.189063286879044, -0.1299422569786719, -1.998737034248534, -6.196724008677267, 2.688558904373547, -7100.968103782623, 7077.700934790027, -2.7415766445608725, -1.9028201763780164, 8.265737789999692, -5.9743173284689135, 6.3239422478649825, 3.397658799435794, -8.525100341027777, 1.4600135121276816, -1.169218912881782, 5.266802630864405] 
[-3.946585747331463, 2.6675725480852632, -3.527207178441156, 5.314975801192292, 0.10477785755291347, 2.019497618259827, 6.719496071610475, -3.0271894846280674, 0.031931545272304795, -1.8368632319975573, -6.358597810928243, 2.850432706624524, -7100.991556560444, 7077.491911031177, -2.9592441375911926, -1.9179931427923755, 8.401624886869168, -6.70963095037492, 5.591738766250668, 3.453303429835845, -8.361478756823587, 1.4743948136583953, -1.0148947231349468, 5.433648991829399] 
[-3.672602641678653, 2.393589442432453, -3.801190284093966, 5.588958906845102, 0.37876096320572383, 2.2934807239126376, 6.993479177263286, -2.753206378975257, -0.24205156038050557, -2.1108463376503677, -6.632580916581054, 3.1244158122773342, -7100.821149433429, 7077.653408365985, -2.9701446928957824, -3.055407039423189, 7.261591312247074, -6.610815966697354, 6.014683370978219, 3.8305840590569447, -8.61551929247532, 8.543672333692852, -8.083899501149336, 5.293809488948406] 
[-3.7892220207131526, 2.276970063397953, -3.917809663128466, 5.705578285879602, 0.262141584171224, 2.1768613448781378, 6.876859798228786, -2.869825758009757, -0.3586709394150054, -1.9942269586158679, -6.515961537546554, 3.241035191311834, -7100.576638958405, 7077.30889185703, -3.2660118253036594, -2.998724052587017, 7.413068505523697, -6.654605878566401, 6.206415171448526, 4.076728963713739, -8.805641571075945, 8.586551353986415, -8.260046170102603, 5.4414294293729055] 
[-3.6460573409745702, 2.1338053836593707, -3.7746449833898836, 5.562413606141019, 0.11897690443264164, 2.32002602461672, 7.020024477967368, -3.012990437748339, -0.5018356191535878, -1.8510622788772855, -6.3727968578079714, 3.0978705115732517, -7100.823850831921, 7077.574659926882, -3.2063775097960616, -3.2290486596430252, 7.241810178857746, -7.128278001572058, 5.671926038123008, 3.8172413403985117, -9.034816175781396, 9.594692872671551, -9.26304362536093, 5.679192679175134] 
[-3.437419243608149, 2.342443481025792, -3.983283080756305, 5.771051703507441, 0.3276150017990629, 2.5286641219831414, 6.811386380600947, -2.804352340381918, -0.2931975217871665, -2.0597003762437067, -6.581434955174393, 2.8892324142068304, -7101.187108645747, 7078.174021507325, -2.708751766951175, -2.9392596543236946, 7.618860482724671, -7.3803739602321405, 5.6337464629996346, 3.5725038598095344, -8.809392190236322, 9.621921907772848, -9.082303008473534, 5.883360926778209] 
[-3.7429747979919927, 2.036887926641948, -4.288838635140149, 6.076607257891284, 0.6331705561829066, 2.834219676366985, 6.505830826217103, -3.1099078947657617, 0.012358032596677226, -2.3652559306275505, -6.275879400790549, 2.5836768598229867, -7100.9202330050375, 7078.364291879974, -2.842369523629578, -3.1268289146640176, 7.804608713342565, -7.110894719525002, 5.6476523327807975, 4.06782248456761, -9.483214767158188, 11.438979249888057, -10.846458413593325, 5.813561368726813] 
[-3.644741478131939, 1.9386546067818946, -4.387071955000202, 6.174840577751338, 0.7314038760429602, 2.9324529962270387, 6.604064146077157, -3.011674574905708, -0.08587528726337634, -2.267022610767497, -6.177646080930495, 2.485443539962933, -7100.828955120333, 7078.3916472951605, -2.999828177077176, -2.9584725965679146, 7.907400988589468, -7.098426017625625, 5.525639278528524, 3.9406767068742865, -9.378140477779858, 11.769503167194548, -11.176697068073462, 5.713867677164516] 
[-4.055601617426392, 1.5277944674874417, -3.9762118157057493, 6.585700717045791, 0.32054373674850734, 3.3433131355214916, 6.193204006782704, -2.6008144356112552, 0.3249848520310765, -2.6778827500619498, -6.588506220224948, 2.896303679257386, -7101.317228868025, 7078.838085188848, -3.1877210728222116, -3.2723475125672263, 9.20342425887076, -8.473629790657553, 4.689951220507792, 3.2111553171908214, -8.863793912186685, 11.510453611069165, -11.413302703968522, 5.290341887458051] 
[-3.7546508597289208, 1.2268437097899705, -3.675261058008278, 6.886651474743262, 0.6214944944459786, 3.0423623778240203, 6.494154764480175, -2.9017651933087265, 0.6259356097285478, -2.978833507759421, -6.8894569779224195, 2.5953529215599147, -7101.008717768617, 7079.060153180729, -3.4059497855443897, -3.5432014847730966, 9.009943255802627, -8.663829016142468, 4.406198394463538, 3.46053570199153, -8.713579043801564, 11.38968967633857, -11.768055145397334, 5.683814980177095] 
[-4.200929163832962, 0.7805654056859295, -4.121539362112319, 6.440373170639221, 0.17521619034193758, 2.5960840737199793, 6.940433068584216, -2.4554868892046855, 0.17965730562450677, -3.425111811863462, -7.3357352820264605, 2.1490746174558737, -7100.548081991333, 7079.134152583074, -2.755938391624284, -2.4480572903911084, 7.607570589020292, -7.571547132466465, 4.114154524424417, 3.797516408735998, -8.446975286456748, 11.182691463291576, -12.59799421103877, 6.528843009412042] 
[-3.969979523740866, 0.5496157655938338, -3.8905897220202235, 6.2094235305471255, -0.05573344975015804, 2.827033713812075, 7.171382708676312, -2.22453724911259, 0.4106069457166024, -3.6560614519555577, -7.104785641934365, 2.3800242575479693, -7100.7092075297305, 7079.246846308766, -2.851964289542132, -2.2536429161599596, 7.381327051095034, -7.716945475271221, 4.243339400652953, 3.691216397117972, -8.593784830698997, 11.421382779682592, -12.398279734476223, 6.668751839226033] 
[-3.6235590841311858, 0.20319532598415346, -4.237010161629904, 5.863003090937445, -0.4021538893598384, 3.1734541534217553, 6.824962269066631, -2.5709576887222703, 0.064186506106922, -4.002481891565238, -7.451206081544045, 2.033603817938289, -7100.960155364654, 7079.39879445325, -2.99423280306166, -1.9689459448291133, 7.764647947468002, -7.308849245919452, 4.455923936528848, 3.2157486251332554, -8.104936512279657, 11.062370785532437, -12.775476788749462, 6.496354519421638] 
[-3.2741647651541665, -0.14619899299286576, -3.8876158426528846, 6.212397409914464, -0.7515482083368576, 2.824059834444736, 6.475567950089612, -2.9203520076992895, -0.2852078128700972, -4.351876210542257, -7.101811762567026, 2.382998136915308, -7100.719030204019, 7079.160308953789, -2.9766212471678823, -2.3616943213805808, 7.4307973930632425, -7.076415520143856, 4.3650653349547195, 3.825273838612012, -8.753489700980891, 10.560845375553791, -13.211362148877404, 6.263647471524846] 
[-3.156210085782744, -0.2641536723642881, -4.005570522024307, 6.094442730543042, -0.86950288770828, 2.7061051550733137, 6.5935226294610345, -3.038306687070712, -0.16725313349867488, -4.233921531170835, -6.983857083195604, 2.5009528162867305, -7100.850198888197, 7079.0592643451955, -3.297833441664612, -2.6811517251809294, 7.790355035854686, -6.6842650180184835, 4.550660858804321, 3.7114755638170305, -8.614473028337734, 10.586240765880644, -13.340296088159024, 6.405707034262225] 
[-2.851490054900575, -0.5688737032464575, -3.7008504911421376, 6.399162761425211, -0.5647828568261106, 3.010825185955483, 6.288802598578865, -3.343026717952881, -0.47197316438084425, -3.9292015002886655, -6.679137052313434, 2.8056728471689, -7101.162476056165, 7078.523673486121, -1.9620734578867598, -1.3771145262640696, 8.250929088151326, -6.60587584481409, 4.8197239926392, 3.5082312367187884, -8.897254455571213, 10.556557093300283, -12.96146209107838, 6.010829804335772] 
[-2.615551570737436, -0.3329352190833186, -3.9367889753052765, 6.1632242772620724, -0.32884437266297173, 3.246763670118622, 6.524741082742004, -3.1070882337897423, -0.23603468021770535, -3.6932630161255267, -6.915075536476573, 2.569734363005761, -7101.40438100455, 7078.548430606086, -2.4246573904484463, -1.8631850313839702, 8.790986047821026, -6.105314170919523, 4.637783257046197, 3.300059086242958, -8.735866041296728, 10.675729685461635, -13.074870209203118, 5.804026841238528] 
[-2.795817408851791, -0.15266938096896343, -3.7565231371909213, 5.982958439147717, -0.14857853454861658, 3.066497832004267, 6.705006920856359, -2.926822395675387, -0.4163005183320605, -3.5129971780111715, -6.734809698362218, 2.389468524891406, -7101.062420114499, 7078.207690786172, -2.433756243183104, -1.7083361973094293, 8.54733513273214, -6.342613149924301, 4.423652859306041, 3.061336916440494, -8.504136644143296, 10.456229942249056, -13.058115455519053, 5.97720526724268] 
[-3.025318790716158, -0.3821707628333302, -3.5270217553265546, 5.7534570572833506, 0.08092284731575017, 3.2959992138686336, 6.475505538991992, -3.156323777539754, -0.6458019001964272, -3.2834957961468048, -6.505308316497851, 2.159967143027039, -7101.432226834081, 7078.626532731437, -2.9938934798075127, -2.225491005317103, 8.620360578712098, -6.576120190674513, 4.212361170770465, 3.146615413182569, -8.167076896962767, 10.12287848955473, -12.990346872438476, 6.186581587741559] 
[-3.4566843242642147, 0.049194770714726666, -3.9583872888746114, 6.184822590831407, -0.3504426862323067, 2.8646336803205767, 6.906871072540049, -2.724958243991697, -0.2144363666483704, -2.852130262598748, -6.936673850045908, 2.591332676575096, -7101.02361438646, 7078.837908916575, -2.4811212341985485, -1.7140377069624726, 8.461222286458, -7.062640216064995, 4.6518224248179445, 2.801840223423833, -7.8551903332671875, 10.316756130837756, -13.459517581335406, 6.674803387818342] 
[-3.2429434557955634, -0.1645460977539246, -3.74464642040596, 6.398563459300059, -0.13670181776365542, 2.6508928118519255, 7.1206119410087005, -2.9386991124603483, -0.0006954981797191451, -3.065871131067399, -6.722932981577257, 2.3775918081064447, -7100.714865226185, 7079.144853929844, -2.5549382206851434, -1.5344792505063707, 8.766919893065037, -6.817324056056771, 4.321368662855764, 2.4751001850207954, -8.032031002287823, 10.681233317696972, -13.99129783611943, 7.152657652067121] 
[-3.2652638504499887, -0.14222570309949933, -3.7669668150603854, 6.376243064645633, -0.15902221241808068, 2.6732132065063507, 7.142932335663126, -2.9610195071147736, -0.023015892834144402, -3.043550736412974, -6.745253376231682, 2.3552714134520194, -7100.690227556439, 7079.168070616779, -2.5432944180676973, -1.5480826410556634, 8.743012821040157, -6.841315071577653, 4.325156912252808, 2.4579068246000118, -8.052016286755434, 10.65763503325578, -13.97243106083978, 7.169195114147676] 
[-3.1892157933614502, -0.2182737601880378, -3.690918757971847, 6.452291121734172, -0.23507026950661913, 2.5971651494178123, 7.066884278574587, -3.037067564203312, 0.053032164254394054, -3.1195987935015124, -6.821301433320221, 2.279223356363481, -7100.625300448273, 7079.076997902366, -2.342027957519321, -1.3490606146883712, 8.650970270108214, -6.849772968066998, 4.079178006149226, 2.206103463618543, -7.948252969717037, 10.737093223662256, -14.03805014741647, 7.113713709965031] 
[-3.4728485995881133, -0.5019065664147009, -3.407285951745184, 6.168658315507509, 0.04856253672004396, 2.8807979556444754, 7.35051708480125, -2.753434757976649, 0.33666497048105715, -3.4032315997281755, -7.104934239546884, 1.9955905501368179, -7100.890216556706, 7079.4797188554785, -3.0543154099490977, -2.0543242351170794, 9.107582497582246, -6.470284281496727, 4.096497893747292, 2.481791715358361, -7.699652321921665, 10.458427953308664, -13.606655976915672, 6.686260589432366] 
[-3.1843148230005074, -0.21337278982709496, -3.69581972833279, 5.880124538919903, 0.3370963133076499, 3.1693317322320813, 7.639050861388856, -3.041968534564255, 0.04813119389345122, -3.1146978231405695, -6.816400462959278, 1.707056773549212, -7100.7235912296455, 7079.052148758242, -2.629364913962231, -2.278551784240215, 8.809100579343822, -6.786791970677078, 3.7594381669988004, 2.4700495984240063, -7.4893654914922685, 10.186655675631984, -13.879435892711475, 6.477255540617655] 
[-2.9552746098681215, 0.015667423305290917, -3.9248599414651757, 6.109164752052289, 0.5661365264400358, 3.398371945364467, 7.868091074521242, -3.2710087476966407, -0.18090901923893465, -3.3437380362729554, -6.587360249826892, 1.9360969866815978, -7100.94358937862, 7079.268773777474, -2.611396986640714, -2.6423023536738772, 8.354099568559985, -6.420266012735336, 3.9192524196073673, 2.400918394411218, -7.70674454766336, 10.399716517713728, -13.638366649589516, 6.231576068940286] 
[-2.6153471581493424, -0.3242600284134882, -4.264787393183955, 6.449092203771068, 0.22620907472125662, 3.058444493645688, 7.528163622802463, -2.9310812959778616, 0.15901843247984448, -3.6836654879917345, -6.247432798108113, 1.5961695349628187, -7101.230726165541, 7078.983756526134, -2.4530989992719485, -2.8992189097838152, 8.093513864648818, -6.627614052450019, 3.7314903448454446, 2.5602383073842034, -7.406235053354356, 10.623604816183871, -13.975439319862007, 6.60683346534281] 
[-2.628626685874851, -0.3109805006879798, -4.278066920909463, 6.462371731496576, 0.21292954699574818, 3.0717240213711965, 7.514884095076955, -2.917801768252353, 0.14573890475433604, -3.696945015717243, -6.260712325833621, 1.609449062688327, -7101.2639223001015, 7079.0255880846335, -2.560002236967421, -3.004390299763352, 8.119304904273841, -6.65113854387483, 3.5554894093114355, 2.3846544971584955, -7.409154605317731, 10.614289375434671, -13.966891757213922, 6.620119633311603] 
[-2.526298144279929, -0.41330904228290155, -4.1757383793145415, 6.3600431899016545, 0.1106010054008264, 2.9693954797762747, 7.412555553482033, -3.020130309847275, 0.24806744634925781, -3.7992735573121648, -6.363040867428543, 1.5071205210934053, -7101.410714668235, 7079.120754126687, -1.8848185809326645, -2.3177332165411135, 7.975421683304609, -6.69346635098758, 4.884031139268648, 3.7224728028921596, -7.639515122716684, 10.362300345184654, -14.200713664319485, 6.517618565712609] 
[-2.7491245736264975, -0.63613547162947, -3.952911949967973, 6.582869619248223, -0.11222542394574209, 2.7465690504297062, 7.189729124135464, -2.7973038805007064, 0.4708938756958263, -3.5764471279655963, -6.5858672967751115, 1.2842940917468368, -7100.769867335964, 7078.3299420754165, -0.5177517197229402, -1.028594350441257, 8.141358017002169, -6.632655580460614, 2.9045135926745687, 1.7307313025895295, -7.268690426482167, 10.611425055993594, -14.277282842266592, 6.294484540127994] 
[-2.9934903603369794, -0.8805012583399519, -3.708546163257491, 6.827235405958705, 0.13214036276473973, 2.990934837140188, 7.434094910845946, -2.5529380937902246, 0.2265280889853445, -3.3320813412551145, -6.830233083485593, 1.039928305036355, -7101.041432868653, 7078.418351116241, -1.1771561357028295, -1.713310480422171, 8.50193597610148, -6.856382095490677, 2.841009077237544, 1.3577869791363668, -6.809563471867545, 10.987364559258253, -14.406348819650061, 6.040258427809852] 
[-2.4902148614527153, -0.3772257594556878, -3.205270664373227, 6.323959907074441, 0.6354158616490038, 3.494210336024452, 7.93737040973021, -3.0562135926744887, -0.27674740989891955, -3.8353568401393785, -7.333508582369857, 1.543203803920619, -7101.49307798916, 7077.868869272094, -1.039360497805088, -0.7304596689763481, 7.487056513388949, -6.082882754549031, 5.431381372639375, 4.074982757602509, -8.028979776914676, 10.35044560650639, -13.83509700708448, 6.691252929349753] 
[-2.8513841986009414, -0.016056422307461737, -2.844101327225001, 5.962790569926215, 0.2742465245007777, 3.855379673172678, 7.576201072581984, -3.4173829298227147, -0.6379167470471456, -4.196526177287605, -6.972339245221631, 1.182034466772393, -7102.293856043306, 7078.648794454595, -0.9278199996251477, -1.0964260018373087, 7.83495049283214, -6.0374991712005075, 0.15424028359902398, -1.2019004800584003, -7.802298702605415, 10.820735378059071, -13.32325279048017, 7.061841686703146] 
[-2.880429437642059, 0.012988816733655817, -2.8150560881838835, 5.991835808967332, 0.30329176354189524, 3.8263344341315606, 7.605246311623102, -3.4464281688638323, -0.6088715080060281, -4.167480938246487, -6.943294006180514, 1.2110797058135105, -7102.316264604149, 7078.625598619896, -0.8896094754627784, -1.1281479819542968, 7.862385895922415, -6.076537738777908, 0.18122037783308212, -1.2144990213290394, -7.842712521591751, 10.85828140405082, -13.328671927121913, 7.090242615367284] 
[-2.499750261807568, 0.39366799256814655, -2.434376912349393, 5.6111566331328415, -0.07738741229259549, 3.44565525829707, 7.224567135788611, -3.0657489930293416, -0.22819233217153734, -3.7868017624119963, -7.3239731820150045, 1.5917588816480013, -7102.015415924937, 7078.934800170628, -0.3682529900654148, -1.5740895183587744, 8.227914113705053, -6.5306981495171765, 0.13063862772803359, -0.8477907946641772, -7.475568575109793, 10.984738507186346, -13.600082868865814, 7.44055496075979] 
[-2.434602977259063, 0.3285207080196413, -2.3692296278008875, 5.676303917681347, -0.14253469684110076, 3.3805079737485646, 7.289714420337116, -3.130896277577847, -0.2933396167200426, -3.721654477863491, -7.38912046656351, 1.6569061661965065, -7102.135182450896, 7079.0335908022735, -0.5077168386429696, -1.366679539713569, 8.390629461439302, -6.535861497704483, -0.1572694920548498, -1.1386188688043686, -7.37755909854776, 10.872508515005885, -13.699427333357477, 7.5071377356920195] 
[-2.671118606211829, 0.09200507906687516, -2.1327139988481214, 5.439788288728581, 0.09398093211166536, 3.6170236027013307, 7.05319879138435, -3.367411906530613, -0.056823987767276485, -3.958170106816257, -7.625636095516276, 1.4203905372437404, -7102.182752484972, 7078.726267504453, -1.07715057286427, -0.8526034114858668, 8.31299015195587, -6.967977095354361, 1.3338252536023372, 0.3236766126985251, -7.686556989104638, 11.139109497897742, -13.889230054816114, 7.755858101126545] 
[-2.901233144793439, -0.13810945951473474, -2.3628285374297313, 5.669902827310191, -0.13613360646994455, 3.386909064119721, 7.28331332996596, -3.597526445112223, 0.17329055081433342, -4.188284645397867, -7.395521556934666, 1.1902759986621305, -7102.589882707407, 7079.118422956063, -1.5752586169836498, -0.3437665326537188, 8.312054040636644, -7.465031100657325, 2.1499411918665507, 1.0255551467706194, -7.814531467827219, 11.416124207804401, -13.633934963642838, 7.551256407938314] 
[-3.0455732846993353, -0.2824495994206311, -2.218488397523835, 5.814242967216087, -0.2804737463758409, 3.2425689242138245, 7.427653469871856, -3.4531863052063265, 0.028950410908437085, -4.043944505491971, -7.539861696840562, 1.0459358587562342, -7102.717356693972, 7079.046891066755, -2.024451747861986, 0.20403771988175723, 8.676461982960394, -7.486159826365, 1.503842324971632, 0.3372390762923607, -8.115079840562107, 11.481365632307861, -13.781816791143635, 7.382268636851655] 
[-3.6263442845264304, -0.8632205992477262, -1.6377173976967399, 6.395013967043182, 0.30029725345125424, 3.8233399240409196, 8.008424469698951, -2.8724153053792314, 0.6097214107355322, -3.4631735056648756, -6.959090697013467, 1.6267068585833293, -7102.19027235216, 7079.629978871701, -2.3282270013641844, -0.34425757962345616, 8.008341056001136, -7.256924334154177, 6.182130857220704, 5.100109038015125, -6.944613247623861, 10.668487464578428, -14.821888792153748, 6.494297992441388] 
[-3.598018474959167, -0.8348947896804626, -1.6093915881294762, 6.423339776610446, 0.32862306301851785, 3.795014114473656, 8.036750279266215, -2.900741114946495, 0.5813956011682686, -3.434847696097612, -6.987416506580731, 1.5983810490160657, -7102.213191358141, 7079.647829616803, -2.2496487944253105, -0.42347560653965327, 8.043347640249461, -7.283719881503664, 6.284946337180798, 5.204179596849962, -6.953494906358198, 10.698950038444492, -14.788307668466842, 6.521510000446577] 
[-3.499235043547502, -0.9336782210921273, -1.708175019541141, 6.52212320802211, 0.4274064944301825, 3.8937975458853207, 7.93796684785455, -2.9995245463581597, 0.4826121697566039, -3.3360642646859473, -7.0861999379923954, 1.499597617604401, -7102.353034178721, 7079.509045597442, -2.3030921468043624, -0.4863759786034668, 7.967467645267007, -7.372716611350294, 6.194414142756568, 5.227335888339681, -7.1461901939962065, 10.513371249784143, -14.725360800996883, 6.6192173524483735] 
[-3.704173724714364, -1.1386169022589891, -1.503236338374279, 6.3171845268552484, 0.22246781326332066, 4.098736227052182, 7.7330281666876886, -2.794585865191298, 0.27767348858974206, -3.1311255835190854, -6.881261256825534, 1.2946589364375392, -7102.623894442866, 7079.192492669429, -1.7676865457743034, -1.0065635560970585, 8.262775151007352, -7.627843599371809, 6.897124963615581, 5.9368925238274395, -7.291671860941326, 10.628714059596115, -14.92738714941711, 6.404133695097478] 
[-3.3146487388625427, -1.5281418881108104, -1.8927613242261003, 6.70670951270707, -0.1670571725885006, 3.709211241200361, 7.343503180835867, -3.184110851043119, -0.11185149726207921, -3.5206505693709067, -6.491736270973712, 0.9051339505857179, -7102.302376411309, 7078.888078868477, -1.5115222871372263, -0.7250487916529516, 7.806057256534793, -7.093729447456228, 5.997105260031814, 5.0828649323254105, -7.781439118848644, 10.109078963265127, -14.462798895859393, 6.864974500526942] 
[-3.079017476746957, -1.2925106259952246, -2.128392586341686, 6.471078250591484, -0.40268843470408644, 3.473579979084775, 7.579134442951453, -3.419742113158705, 0.12377976485350661, -3.7562818314864925, -6.2561050088581265, 0.6695026884701321, -7102.069264549772, 7078.54495753164, -1.1608662504014702, -0.9465863848236622, 7.595314549214338, -7.121271335253798, 6.909130247102903, 5.993395101186335, -7.561435199084806, 10.441304324111986, -14.130952292179941, 6.668762848468752] 
[-3.180072319491666, -1.1914557832505155, -2.2294474290863953, 6.572133093336193, -0.5037432774487955, 3.574634821829484, 7.680189285696162, -3.318687270413996, 0.22483460759821572, -3.8573366742312016, -6.357159851602836, 0.7705575312148412, -7102.173711300466, 7078.742406373173, -1.3471614736307662, -1.012190903686066, 7.674607575372467, -7.197451129870678, 6.958104636124725, 5.926784896831477, -7.675093574078186, 10.362142449413685, -14.073414416648804, 6.56670998535608] 
[-3.3820142788535907, -1.3933977426124402, -2.0275054697244705, 6.370191133974268, -0.30180131808687083, 3.3726928624675594, 7.4782473263342375, -3.116745311052071, 0.42677656696014044, -3.655394714869277, -6.55910181096476, 0.9724994905767659, -7102.378319553246, 7078.555243043084, -1.3783053959052765, -1.2418512015918115, 7.913323669449397, -7.193411349300199, 5.294440177247363, 4.266098511258473, -7.4952011761561375, 10.526793465296391, -14.178572591140611, 6.360559941257283] 
[-3.319994495831482, -1.455417525634549, -1.9654856867023618, 6.432210916996377, -0.3638211011089796, 3.3106730794454506, 7.416227543312129, -3.17876509407418, 0.3647567839380317, -3.7174144978913857, -6.4970820279426515, 1.0345192735988746, -7102.320966911145, 7078.444172344502, -1.2562419341492683, -1.3256194611587389, 7.981345142348525, -7.183223102508017, 4.638987823435288, 3.6114406582319942, -7.579074431069143, 10.451077375215307, -14.140174063399852, 6.427710907164282] 
[-3.422152054312205, -1.557575084115272, -2.067643245183085, 6.330053358515654, -0.46597865958970264, 3.2085155209647276, 7.518385101792852, -3.076607535593457, 0.46691434241875474, -3.6152569394106626, -6.3949244694619285, 1.1366768320795977, -7102.215491322818, 7078.606586961835, -1.4108092854739112, -1.4078532161465886, 7.912378256004352, -7.100189603156271, 4.566991706002975, 3.651451686105451, -7.437303638835372, 10.581597063019572, -14.168389746699388, 6.527301753063398] 
[-3.3941154218429848, -1.5295384516460517, -2.0396066127138646, 6.358089990984874, -0.43794202712048236, 3.236552153433948, 7.546421734262072, -3.104644168062677, 0.43887770994953446, -3.5872203069414423, -6.422961101931149, 1.1086401996103774, -7102.187525285234, 7078.587302776602, -1.4296967625888042, -1.4351928584446707, 7.888433610019957, -7.092269674248571, 5.044457822927303, 4.129677043273759, -7.506275326268981, 10.502037770300047, -14.227563641738394, 6.55286862179707] 
[-3.2993131693418274, -1.624340704147209, -2.134408865215022, 6.452892243486032, -0.5327442796216397, 3.3313544059351052, 7.451619481760915, -3.0098419155615197, 0.5336799624506918, -3.492418054440285, -6.517763354432306, 1.01383794710922, -7102.094429338942, 7078.421726426859, -1.265593275558898, -1.3513599835180454, 8.050019705246251, -6.927533738157907, 4.9710291498568715, 4.156736463361608, -7.691727352341122, 10.266170613787027, -14.408753285158262, 6.637514522977461] 
[-3.156880308743725, -1.4819078435491067, -2.2768417258131244, 6.595325104084134, -0.6751771402197422, 3.4737872665332077, 7.309186621162812, -2.8674090549634172, 0.3912471018525894, -3.6348509150383874, -6.660196215030409, 1.1562708077073225, -7101.9494134874885, 7078.114449174526, -0.9550239530943347, -1.2112979230933247, 8.258694826966503, -6.770645852054671, 6.356164239034397, 5.555149731262807, -8.034699999485616, 9.973496716023101, -14.36641624645288, 6.49996657877421] 
[-3.432966306230801, -1.2058218460620305, -2.000755728326048, 6.319239106597058, -0.399091142732666, 3.1977012690461315, 7.585272618649888, -3.1434950524504934, 0.6673330993396656, -3.3587649175513112, -6.936282212517485, 1.4323568051943987, -7101.673061466937, 7078.310478881754, -0.8305543786421947, -0.8232847205226481, 7.4876273950682135, -7.543581069761563, 6.83573161820915, 5.6855788065445845, -8.291247878358003, 10.086248758877842, -14.563927475694141, 6.750258221026471] 
[-3.662677629766568, -0.9761105225262634, -2.2304670518618153, 6.548950430132825, -0.16937981919689893, 2.9679899455103644, 7.8149839421856555, -3.3732063759862605, 0.4376217758038985, -3.5884762410870783, -7.165993536053252, 1.6620681287301657, -7101.476724990461, 7077.984976527893, -0.519743042845284, -0.6989855267716198, 7.822659339256236, -7.267499931397721, 12.924530790349037, 11.77627343873084, -8.46099196786745, 10.18147587302183, -14.801239753905106, 6.501114702494441] 
[-3.544838055564087, -0.8582709483237823, -2.3483066260642964, 6.431110855930344, -0.2872193933993801, 2.8501503713078833, 7.932823516388137, -3.2553668017837794, 0.31978220160141735, -3.7063158152895594, -7.283833110255733, 1.7799077029326469, -7101.5995209597895, 7077.967205537608, -0.2895151589307129, -0.9437736001231629, 8.002940744834033, -7.120170810567965, 13.015976673951934, 11.747699924540548, -8.255406080668232, 10.417997961501483, -14.631409680280035, 6.608170520412482] 
[-3.528380892125755, -0.8747281117621144, -2.3318494626259643, 6.414653692492012, -0.27076222996104793, 2.833693207869551, 7.949280679826469, -3.2718239652221115, 0.3033250381630852, -3.6898586518512273, -7.300290273694065, 1.796364866370979, -7101.580879862656, 7077.975718775323, -0.2634513124415126, -0.9736412246450665, 8.017058833493339, -7.139921626874517, 13.342313279026968, 12.073890266938474, -8.27232843085899, 10.426729196125091, -14.643302267708366, 6.593468956079989] 
[-3.370491897659699, -0.7168391172960584, -2.1739604681599083, 6.256764698025956, -0.4286512244271039, 2.675804213403495, 8.107169674292525, -3.4297129596881675, 0.14543604369702923, -3.8477476463172833, -7.142401279228009, 1.638475871904923, -7101.795315908647, 7077.7419304855985, -0.214418825033244, -1.1742321376833185, 8.248155743650358, -6.919360887084068, 13.188416046995666, 12.08464964806703, -8.071227397482629, 10.59819426600674, -14.785732880417841, 6.77448287403874] 
[-3.446640380661412, -0.6406906342943453, -2.2501089511616215, 6.1806162150242425, -0.5047997074288171, 2.7519526964052083, 8.031021191290812, -3.3535644766864543, 0.2215845266987424, -3.77159916331557, -7.066252796226296, 1.7146243549066362, -7101.895547185518, 7077.6011456673705, -0.0835782552970726, -1.1800196759247765, 8.194536408708892, -6.85846142233254, 13.142910000900054, 12.12911206409529, -8.157181178724215, 10.535066454573176, -14.733005572257618, 6.6962796680898125] 
[-3.2607938208476828, -0.8265371941080746, -2.435955510975351, 5.994769655210513, -0.6906462672425464, 2.9377992562189377, 7.845174631477082, -3.167717916872725, 0.40743108651247173, -3.9574457231292994, -7.252099356040025, 1.528777795092907, -7101.647857063127, 7077.857996195678, -0.11530888972251252, -0.9776254791754113, 8.138782045250649, -6.591745675449209, 11.338068495069656, 10.327981291318256, -7.9191696591638685, 10.460530299370525, -14.561190286034176, 6.496395229796652] 
[-3.085303573368405, -0.6510469466287967, -2.6114457584546287, 6.170259902689791, -0.5151560197632685, 2.76230900873966, 7.669684383997804, -2.992227669393447, 0.23194083903319385, -3.7819554756500215, -7.076609108560747, 1.7042680425721848, -7101.856296728616, 7077.448986421097, 0.274519729777275, -0.946633007777295, 8.256758755492006, -6.696556874363293, 11.424659081050502, 10.237315647278868, -7.643838196705418, 10.828424158362418, -14.250400458945254, 6.328278885382712] 
[-2.961500111752125, -0.7748504082450767, -2.4876422968383487, 6.294063364306071, -0.39135255814698855, 2.8861124703559398, 7.545880922381524, -2.868424207777167, 0.10813737741691387, -3.9057589372663015, -7.200412570177027, 1.5804645809559048, -7101.9915732712025, 7077.7053595559255, 0.03215446495905899, -0.9848305179215875, 8.123673643830264, -6.709861422709565, 10.127542847893654, 8.938880733141442, -7.519684001907944, 10.641288242300469, -14.46116485424388, 6.4681128731293835] 
[-2.8419773014403322, -0.8943732185568694, -2.6071651071501414, 6.174540553994278, -0.27182974783519587, 3.0056352806677324, 7.426358112069732, -2.98794701808896, 0.22766018772870655, -3.786236126954509, -7.080889759865235, 1.4609417706441121, -7101.884163385077, 7077.800001916509, 0.05253457588432629, -0.8756813789198474, 8.313587819805791, -6.51675730236125, 10.17689406539935, 9.113689577187541, -7.66073527384982, 10.543852244518137, -14.383055147998922, 6.587202835653933] 
[-2.8000563934133833, -0.8524523105299204, -2.5652441991231925, 6.216461462021227, -0.22990883980824695, 2.9637143726407835, 7.468279020096681, -3.0298679261159087, 0.2695810957556555, -3.8281570349814578, -7.122810667892184, 1.502862678671061, -7101.92153158964, 7077.775361792229, 0.036351456808906085, -0.9070369342562494, 8.374061481894643, -6.435943196490488, 10.599849009290661, 9.536456453586197, -7.7257533450985125, 10.560918855124484, -14.415497103016419, 6.627088890889313] 
[-2.8533034384473535, -0.9056993555638906, -2.5119971540892223, 6.269708507055197, -0.2831558848422171, 3.0169614176747537, 7.4150319750627105, -3.083114971149879, 0.21633405072168532, -3.7749099899474876, -7.176057712926154, 1.5561097237050312, -7102.010268719434, 7077.936362948989, -0.11191997635544945, -0.9091071139865234, 8.339444286064497, -6.352194103615807, 11.189970775981024, 10.12289352162161, -7.686286699166397, 10.609423984724703, -14.446921885032687, 6.679107802659683] 
[-3.0152885808299548, -1.067684497946492, -2.350012011706621, 6.107723364672596, -0.4451410272248184, 2.8549762752921524, 7.253046832680109, -2.9211298287672776, 0.05434890833908401, -3.936895132330089, -7.338042855308755, 1.39412458132243, -7101.810123661395, 7077.718877087239, -0.07849048405666217, -1.0819557244246618, 8.462121472334735, -6.487478549575292, 11.045965869828668, 10.150599881930036, -7.473670384031585, 10.9064430053988, -14.17574314458507, 6.843593301977285] 
[-2.7680305788722297, -0.8204264959887668, -2.597270013664346, 5.860465362714871, -0.19788302526709334, 2.6077182733344273, 7.005788830722384, -3.1683878307250026, 0.3016069102968091, -3.689637130372364, -7.58530085726648, 1.641382583280155, -7102.096011158503, 7078.354897602847, -0.6866024447497607, -1.1636379866281459, 8.102410033663832, -6.741758077966492, 12.011276066558803, 11.128224422873556, -7.353279832527219, 10.740251743965501, -13.957989584081695, 7.114156128139161] 
[-2.7900881821648458, -0.8424840992813829, -2.57521241037173, 5.882522966007487, -0.21994062855970942, 2.585660670041811, 7.027846434015, -3.1904454340176187, 0.279549307004193, -3.71169473366498, -7.607358460559096, 1.663440186572771, -7102.090908891608, 7078.42303182176, -0.7678733894765248, -1.1030232969673857, 8.138401681848313, -6.78661856017545, 11.935503557117377, 11.063340231767636, -7.33785958589031, 10.71897694706254, -13.981656398962341, 7.093472116554085] 
[-2.8461492535838264, -0.8985451707003635, -2.5191513389527493, 5.938584037426468, -0.16387955714072877, 2.5295995986228306, 6.9717853625960196, -3.2465065054365994, 0.33561037842317365, -3.6556336622459993, -7.663419531978077, 1.6073791151537904, -7102.199935220531, 7078.654142549443, -1.0216772896286366, -0.9172439793413184, 8.282394873095997, -6.621004416116555, 12.15990522513434, 11.247037530174092, -7.3781200183161575, 10.759753710871836, -14.028586963338544, 7.040955422376641] 
[-2.794827475332875, -0.8472233924494121, -2.467829560701798, 5.989905815677419, -0.21520133539168018, 2.478277820371879, 6.920463584345068, -3.2978282836875508, 0.38693215667412506, -3.7069554404969507, -7.714741310229028, 1.6587008934047418, -7102.171334094879, 7078.779448023108, -1.1518601768585046, -0.9094672054873503, 8.336352652211879, -6.61678642632001, 12.271314226001966, 11.359632191352762, -7.330378693629472, 10.717058755960146, -14.085323608889887, 7.094051433908095] 
[-2.9316718342183368, -0.7103790335639504, -2.6046739195872597, 5.853061456791957, -0.35204569427714194, 2.615122179257341, 7.05730794323053, -3.4346726425730125, 0.5237765155595868, -3.8437997993824125, -7.85158566911449, 1.7955452522902036, -7101.952684213087, 7078.415881140104, -0.8295656697238498, -0.872021382175221, 8.463449514407579, -6.728608446791254, 12.280725045362994, 11.201206064777692, -7.55436092341552, 10.498504872378826, -14.248140483391015, 7.242848684646777] 
[-3.288973103829557, -0.3530777639527303, -2.96197518919848, 6.2103627264031775, 0.005255575334078166, 2.972423448868561, 6.70000667361931, -3.7919739121842326, 0.1664752459483667, -3.4864985297711923, -8.20888693872571, 2.1528465219014237, -7102.325708571832, 7078.515408336536, -0.2517015819357752, -1.652588378079872, 7.810531329734967, -6.850709815081592, 11.383842571922338, 10.339887050196204, -7.4707158092424155, 10.171369862556315, -14.553942103392709, 6.937575332771143] 
[-3.043759613072991, -0.10786427319616454, -2.716761698441914, 6.455576217159743, -0.23995791542248757, 2.7272099581119953, 6.454793182862744, -4.037187402940798, 0.41168873670493245, -3.731712020527758, -7.9636734479691444, 1.907633031144858, -7102.098224084092, 7078.386740469135, -0.5048714631697592, -1.3460013782445992, 8.076592738225054, -6.637881792575095, 11.182403401360059, 10.374553442237485, -7.739159707481485, 9.831692443557014, -14.026217266568922, 6.43635205986253] 

Time 
144.53826999664307 
