Parameters 
 
[-0.5, -0.5, -0.5, -0.5, -0.5, -0.5, -0.5, -0.5, -0.5, -0.5, -0.5, -0.5, -0.5, -0.5, -0.5, -0.5, -0.5, -0.5] 
[-1.0342370788650328, 0.0342370788650328, -1.0342370788650328, 0.0342370788650328, 0.0342370788650328, 0.0342370788650328, 0.0342370788650328, 0.0342370788650328, 0.0342370788650328, 0.6272189357608835, -1.9093934731005016, 0.5857601974067781, -0.5843175536698159, 0.08949482675270237, -0.5653391054246266, 0.5343601446043111, -1.7891632044914934, 0.5102349781292164] 
[-1.1046111695960028, -0.03613701186593721, -0.9638629881340628, -0.03613701186593721, 0.1046111695960028, 0.1046111695960028, -0.03613701186593721, -0.03613701186593721, 0.1046111695960028, 0.5903959033485495, -1.9484531606701776, 0.55049460337429, -0.6256213324356075, 0.02064724248262967, -0.4995656069916905, 0.46864925188368384, -1.7185471292502006, 0.5830234523991359] 
[-1.4462623857621466, 0.3055142043002066, -0.622211771967919, 0.3055142043002066, 0.4462623857621466, 0.4462623857621466, -0.377788228032081, -0.377788228032081, -0.237040046570141, 0.4185471132022218, -2.138664016224315, 0.7632025129694795, -0.46628878768124493, 0.4026316086282346, -0.07946841081362438, 0.8425388194145083, -1.4021817590753185, 0.913314564174035] 
[-1.3752115060585215, 0.23446332459658148, -0.6932626516715441, 0.23446332459658148, 0.3752115060585215, 0.5173132654657717, -0.3067373483284559, -0.3067373483284559, -0.16598916686651588, 1.7117432770272019, -3.4301536386399523, 0.8726075093336578, -0.6126048010112347, 0.32430599531431553, -0.012178661529734042, 0.9125110728326904, -1.3199607558716382, 0.8148621325060658] 
[-1.2529692846967073, 0.35670554595839565, -0.8155048730333583, 0.35670554595839565, 0.2529692846967073, 0.39507104410395755, -0.42897956969027007, -0.42897956969027007, -0.043746945504701706, 4.464986898435652, -6.187742132427726, 0.6281227068008859, -0.568805871592622, 0.43398714071923855, -0.07622968590275493, 0.967705369143351, -1.1642749943251767, 0.6484207940642116] 
[-0.938376179997702, 0.671298650657401, -0.5009117683343529, 0.04211244125939029, -0.061623820002298046, 0.7096641488029629, -0.7435726743892754, -0.1143864649912647, 0.27084615919430366, 1.3934707078784094, -3.0904990507702337, 1.278183509331055, -0.7311445776785954, 0.16926064220951081, 0.32795091607598953, 1.4011868184817067, -1.1125078069123608, 0.9434514496816538] 
[-0.7961813369287345, 0.5291038075884336, -0.6431066114033204, 0.18430728432835775, 0.08057102306666941, 0.8518589918719304, -0.601377831320308, -0.25658130806023216, 0.1286513161253362, 1.2774836972565247, -3.1319947808493707, 1.3632827558949574, -0.6147896642576568, 0.33560361451253384, -0.09752910465409731, 0.8256109371866226, -0.6622252349492672, 0.7648068693762345] 
[-0.6568439282538154, 0.3897663989135145, -0.7824440200782394, 0.044969875653438685, 0.21990843174158847, 0.7125215831970113, -0.4620404226453889, -0.3959187167351512, 0.26798872480025526, 1.3154430044204715, -2.9676769430631387, 1.5345958018226042, -0.5863999126057091, 0.17303854694539572, -0.6229339099857738, 0.2150787626762436, -0.25645184254489395, 0.5412622145583903] 
[-0.6526597799925131, 0.3855822506522122, -0.7866281683395417, 0.04078572739213637, 0.21572428348028616, 0.7167057314583136, -0.4662245709066912, -0.40010286499645353, 0.26380457653895295, 1.31555610797878, -2.9604692921026374, 1.5490632400053344, -0.5998234839819675, 0.1790099512597996, -0.6095629595722597, 0.22944062926617653, -0.2646179217467213, 0.5397965177023385] 
[-0.44696182370195103, 0.1798842943616501, -0.5809302120489797, -0.16491222889842572, 0.010026327189724071, 0.5110077751677515, -0.26052661461612914, -0.6058008212870156, 0.05810662024839086, 1.4123735156804231, -2.7669772591647046, 1.7493943990542058, -0.5293405085845087, 0.040085089448101296, -0.20778053979437788, 0.6106160108420966, -0.08899573114848025, 0.27510636700231217] 
[-0.5118534233797138, 0.2447758940394129, -0.5160386123712168, -0.22980382857618853, 0.07491792686748688, 0.5758993748455143, -0.19563501493836633, -0.6706924209647784, 0.12299821992615367, 1.4598019810511005, -2.7259120312935203, 1.7222780528605295, -0.5898651364529184, 0.1135086752475996, -0.18154566158768298, 0.52746746586061, 0.07696924519298665, 0.11905409305334944] 
[-0.7281116935763432, 0.46103416423604227, -0.2997803421745875, -0.4460620987728179, 0.29117619706411624, 0.359641104648885, 0.02062325525826303, -0.8869506911614078, 0.339256490122783, 1.330866786370027, -2.9096750219854037, 1.565700049553322, -0.790339275013319, 0.40304795808716065, 0.36935362103717534, 1.122439266367298, -0.5904903454377158, 0.739169892185702] 
[-0.7055505626649676, 0.48359529514741784, -0.2772192112632119, -0.4235009678614423, 0.26861506615274067, 0.3370799737375094, -0.0019378756531125418, -0.8643895602500322, 0.3618176210341586, 1.35004897735671, -2.9040054926906222, 1.5484921726717793, -0.8052368146571137, 0.3940368973209786, 0.400985234808022, 1.15583152905815, -0.5765813326687331, 0.7515661529200315] 
[-0.7250513925050139, 0.46409446530737153, -0.2967200411032582, -0.4430017977014886, 0.24911423631269436, 0.3565808035775557, -0.02143870549315885, -0.8838903900900785, 0.3423167911941123, 1.2881220719146023, -2.830104604932819, 1.6038558651378232, -0.8536938918241288, 0.437928873581019, 0.42693243774686285, 1.144618027898543, -0.5879487343510187, 0.740152619461888] 
[-0.8570036096721942, 0.3321422481401912, -0.42867225827043853, -0.3110495805343083, 0.11716201914551405, 0.22462858641037542, -0.15339092266033916, -0.7519381729228982, 0.21036457402693198, 1.622693006266357, -3.1717725409370767, 1.5685676811180072, -0.6091086369422956, 0.17539242055190768, 0.2668325281016203, 1.2234213144984887, -0.6664389765184249, 0.6653556080270621] 
[-0.8313821046087568, 0.35776375320362863, -0.4030507532070011, -0.2854280754708709, 0.14278352420895146, 0.25025009147381283, -0.12776941759690175, -0.7775596779863356, 0.18474306896349457, 1.6488233884211618, -3.1724846833331686, 1.5291080560801416, -0.5724867941644374, 0.18899704794125574, 0.24938824761970435, 1.2540739426126382, -0.7477410624134186, 0.7446490403541853] 
[-0.6679635050466111, 0.19434515364148286, -0.5664693527691469, -0.4488466750330167, 0.30620212377109723, 0.4136686910359586, 0.035649181965244026, -0.6141410784241899, 0.0213244694013488, 1.4693801801017075, -3.1493304194082556, 1.8165083644839426, -0.909923859446341, 0.4725792650036301, 0.5037933294262238, 1.474006785085398, -0.6870567243940442, 0.8665605598005234] 
[-0.6265686333599554, 0.15295028195482718, -0.5250744810824912, -0.407451803346361, 0.26480725208444156, 0.4550635627226143, 0.0770440536518997, -0.5727462067375342, 0.06271934108800448, 1.4343576197074799, -3.1598158844053716, 1.8917429434888209, -0.9840835974569258, 0.4641975037654342, 0.5324361081389825, 1.4461558055248063, -0.5905938083712854, 0.7696262286512372] 
[-0.463796381477632, -0.009821969927496177, -0.6878467329648146, -0.24467955146403764, 0.1020350002021182, 0.6178358146049376, 0.23981630553422306, -0.4099739548552108, -0.10005291079431888, 1.3374633932508677, -3.273492112139142, 1.825664282198695, -1.2233468472733893, 0.7861570337163107, 0.9031064740802552, 1.7734014927258885, -0.4580369451931321, 0.8609142755707796] 
[-0.5913757845288927, -0.13740137297875687, -0.5602673299135539, -0.37225895451529833, -0.0255444028491425, 0.49025641155367694, 0.36739570858548376, -0.5375533579064715, -0.22763231384557958, 1.5669289400143322, -3.501259676549893, 1.4635614652076792, -0.8400774676330549, 0.610754708679982, 1.1952996600064623, 2.092718280164613, -0.2993554232452566, 0.9273628525416505] 
[-0.40207876703597734, -0.32669839047167226, -0.7495643474064693, -0.5615559720082137, 0.1637526146437729, 0.30095939406076155, 0.17809869109256837, -0.34825634041355613, -0.41692933133849497, 1.174280573566202, -3.133035900197274, 1.8571607741657223, -1.3290570920919307, 0.9571089772468536, 0.8882131740249923, 1.8411296962261128, -0.032599626040780816, 0.6138807629183851] 
[-0.40138978162075745, -0.32738737588689215, -0.7488753619912494, -0.5608669865929938, 0.163063629228553, 0.30164837947598144, 0.17878767650778826, -0.34756735499833624, -0.4162403459232751, 1.1736499549594108, -3.1331933787175283, 1.855783274935449, -1.3277341774485083, 0.9574169582705224, 0.8891825638506781, 1.8419628446326117, -0.03344766302597894, 0.6148301723664236] 
[-0.40520917324897, -0.3312067675151047, -0.7526947536194619, -0.5570475949647813, 0.16688302085676554, 0.305467771104194, 0.1826070681360008, -0.3437479633701237, -0.41242095429506254, 1.1662685054757855, -3.1235648002998233, 1.8415847897380726, -1.3125452614264805, 0.9480039879680376, 0.8910539294471114, 1.8394931827679364, -0.02837493824538445, 0.6094556713951045] 
[-0.4291621599098612, -0.3072537808542135, -0.7287417669585707, -0.5810005816256725, 0.19083600751765672, 0.32942075776508517, 0.15865408147510962, -0.3197949767092325, -0.4363739409559537, 1.1472982140411652, -3.136930905478672, 1.8254694135368887, -1.3215156249847382, 0.931867913876259, 0.9238026186688222, 1.877093900430622, -0.0032472094077504975, 0.6257792096094497] 
[-0.43806068568747136, -0.3161523066318237, -0.7376402927361809, -0.5721020558480623, 0.19973453329526691, 0.33831928354269536, 0.1675526072527198, -0.3286935024868427, -0.42747541517834353, 1.1560414360927949, -3.136539339148588, 1.8500311651738288, -1.3511873331842337, 0.9511227967887426, 0.9133222359574763, 1.862839430777644, -0.01782600772260396, 0.6387792461719607] 
[-0.3717321812668537, -0.38248081105244136, -0.6713117883155633, -0.5057735514274446, 0.2660630377158846, 0.2719907791220777, 0.10122410283210215, -0.39502200690746037, -0.4938039195989612, 1.1857936981149102, -3.045815670653918, 1.6753863560563387, -1.1848156453024505, 0.9353743396193094, 0.8069258778105316, 1.7456456239599478, -0.1302472395009454, 0.7376700246087796] 
[-0.26351704122320996, -0.2742656710087976, -0.779526928359207, -0.6139886914710884, 0.15784789767224083, 0.38020591916572144, -0.006991037211541595, -0.2868068668638166, -0.38558877955531745, 1.3822312263159042, -3.3076160379660697, 1.9963435716579554, -1.4650349778749647, 0.9626385977308457, 0.9554970839180263, 1.878718138940009, -0.2800092015425869, 0.8963730549124297] 
[-0.09479261579759779, -0.10554124558318545, -0.9482513537848192, -0.7827131168967005, -0.010876527753371334, 0.5489303445913336, -0.17571546263715376, -0.11808244143820446, -0.21686435412970528, 1.2228716575982637, -3.3449645755267956, 1.5048088718536965, -0.8688172452917362, 0.5780484950006191, 1.168477590386538, 2.124675429343545, -0.1479696589129052, 1.0304880801428955] 
[-0.30748183796913153, -0.3182304677547192, -0.7355621316132854, -0.9954023390682343, 0.2018126944181624, 0.7616195667628674, -0.3884046848086875, -0.3307716636097382, -0.429553576301239, 1.4618476717477376, -3.6242427357817593, 2.225894390337574, -1.7265847994333638, 1.1423940233121352, 1.3272159207845808, 2.026880223187893, -0.3731586825697291, 1.2686860927665666] 
[-0.2960928532314746, -0.3296194524923761, -0.7469511163509424, -1.0067913238058912, 0.21320167915581933, 0.7502305820252104, -0.39979366954634443, -0.3421606483473951, -0.44094256103889595, 1.4442656579331696, -3.6026990058077515, 2.2028264076776156, -1.706644242375227, 1.1414890800527866, 1.325424863317351, 2.0423331558423405, -0.39315939536566513, 1.2855407663005325] 
[-0.2993574465596289, -0.33288404582053044, -0.743686523022788, -1.0100559171340455, 0.20993708582766502, 0.7469659886970561, -0.3965290762181901, -0.34542524167554944, -0.44420715436705027, 1.446410173856734, -3.5986418895946204, 2.1967315619529733, -1.701090209556145, 1.1411673350908582, 1.322764159221363, 2.0433603470378174, -0.39090680864118355, 1.2881757565007996] 
[-0.287659074342141, -0.34458241803801837, -0.7319881508053001, -1.0217542893515335, 0.22163545804515294, 0.758664360914544, -0.3848307040007022, -0.3571236138930374, -0.43250878214956234, 1.4617628396093891, -3.6117530115704812, 2.1842585286233027, -1.6899592575248303, 1.149060702027463, 1.359412359668296, 2.0830183994207627, -0.4115203387365069, 1.2822906797322673] 
[-0.07344353405776616, -0.5587979583223932, -0.5177726105209253, -1.2359698296359083, 0.4358509983295278, 0.9728799011989189, -0.599046244285077, -0.5713391541774122, -0.6467243224339372, 1.6039157414066523, -3.3418867493508557, 1.7957542486792772, -1.3571285533791004, 1.1634814344430446, 1.434204766093845, 1.8569497253924867, -0.18282434942945822, 1.4292291073864218] 
[-0.028818860964335613, -0.6034226314158238, -0.5623972836143558, -1.1913451565424777, 0.39122632523609724, 1.0175045742923494, -0.5544215711916465, -0.6159638272708428, -0.6020996493405066, 1.6539310881116533, -3.4285308334104956, 1.8804404323923198, -1.3589729286991417, 1.2102463229223928, 1.4440402296307053, 1.7948252041349708, -0.09448628102887904, 1.353119563423587] 
[0.19999352327138453, -0.3746102471801036, -0.791209667850076, -0.9625327723067576, 0.1624139410003771, 0.7886921900566293, -0.32560918695592633, -0.3871514430351226, -0.3732872651047865, 1.4238381469609296, -3.3745583667784698, 2.2561705231296876, -2.4216230076871033, 2.2739879170801007, 2.2926784815872665, 2.603666637480019, -0.15004636942377184, 1.6044239711906298] 
[0.13204538683885403, -0.3066621107475731, -0.7232615314175455, -1.030480908739288, 0.2303620774329076, 0.8566403264891598, -0.39355732338845684, -0.3192033066025921, -0.305339128672256, 1.5123801352850534, -3.2631714693059446, 2.148798950363881, -2.3916343539432967, 2.1732938715156043, 2.0520088155264986, 2.3531593406598503, -0.040253435428286355, 1.6358023168618243] 
[0.15333661074420846, -0.32795333465292753, -0.701970307512191, -1.0517721326446425, 0.20907085352755317, 0.8353491025838053, -0.41484854729381127, -0.34049453050794654, -0.3266303525776104, 1.4927428316272473, -3.2499948699696133, 2.173983624099617, -2.4127374755990476, 2.159933067733556, 1.9834067920989613, 2.285040326895333, -0.03934492136399218, 1.6142599668887456] 
[0.27273445802661556, -0.20855548737052043, -0.8213681547945981, -0.9323742853622354, 0.32846870080996027, 0.7159512553013982, -0.5342463945762184, -0.22109668322553944, -0.20723250529520332, 1.3527674638179727, -3.3923051813636858, 2.1849788906986194, -2.7286779718242578, 2.457830464192389, 1.6010364700141584, 1.8579150321161597, 0.17207644985695258, 1.6724581635136742] 
[0.2271426303730344, -0.16296365971693927, -0.8669599824481793, -0.9779661130158166, 0.37406052846354143, 0.7615430829549794, -0.4886545669226372, -0.2666885108791206, -0.2528243329487845, 1.3915514111381624, -3.41813870171935, 2.1147622435793, -2.66276200084368, 2.4764578987891, 1.6504486081694685, 1.8600070598677387, 0.11534413605111664, 1.7285285975402402] 
[0.2936002382339744, -0.09650605185599925, -0.9334175903091193, -1.0444237208767566, 0.3076029206026014, 0.6950854750940394, -0.4221969590616972, -0.20023090301818058, -0.3192819408097245, 1.479772858664285, -3.320196398499938, 1.9986222164983147, -2.5683930567606654, 2.5182950226421363, 1.8029047856674363, 2.0007401947878853, 0.15253632127720435, 1.6536916692773733] 
[0.44315449674679996, 0.0530482066568263, -0.7838633317962937, -1.1939779793895822, 0.15804866208977586, 0.5455312165812138, -0.27264270054887163, -0.34978516153100614, -0.46883619932255005, 1.6957917526783333, -3.0894594076631736, 1.6532274891031606, -2.112594731769695, 2.176855271484102, 2.073665878808465, 2.2900674042326608, 0.18815305692587564, 1.7971105369143963] 
[0.4015202299761711, 0.011413939886197433, -0.8254975985669226, -1.1523437126189533, 0.19968292886040473, 0.503896949810585, -0.23100843377824276, -0.391419428301635, -0.5104704660931789, 1.6676549103702836, -3.0579372290318227, 1.7102906222233962, -2.1679461642333586, 2.1751846219867215, 2.153829072095483, 2.368311243931506, 0.20179087598591125, 1.8347294901470759] 
[0.3118032479641748, -0.07830304212579886, -0.9152145805789189, -1.2420606946309496, 0.10996594684840844, 0.5936139318225813, -0.14129145176624647, -0.4811364103136313, -0.6001874481051752, 1.731893561600927, -3.1231337730029747, 1.6283885407008611, -2.19567374152948, 2.1133871069101136, 2.310787299793687, 2.5237418484136915, 0.23736543666617801, 1.9129194996197356] 
[0.36047071097078387, -0.029635579119189792, -0.963882043585528, -1.1933932316243405, 0.1586334098550175, 0.6422813948291903, -0.18995891477285554, -0.5298038733202404, -0.6488549111117843, 1.7681756171440037, -3.1636307395252903, 1.6928528143400585, -2.250385230651594, 2.0952473011694916, 2.2818832075774313, 2.5606143054375075, 0.19759858965219557, 1.8792878731395108] 
[0.2931820752324228, -0.09692421485755087, -0.8965934078471669, -1.2606818673627016, 0.09134477411665642, 0.5749927590908293, -0.2572475505112166, -0.4625152375818793, -0.7161435468501454, 1.7180507012533408, -3.1149476019633418, 1.751882010717576, -2.2256314801301587, 2.142377909834484, 2.1274528375096295, 2.4068109250701415, 0.1731624185784347, 1.8216617647693645] 
[0.47331920101558467, -0.27706134064071275, -0.716456282064005, -1.4408189931458635, -0.08879235166650545, 0.7551298848739911, -0.07711042472805474, -0.6426523633650412, -0.8962806726333072, 1.8608860496191606, -3.244628159245209, 1.5898532447898328, -2.270339562534663, 1.978560250655149, 1.6930221624368493, 1.9285845045847556, 0.5424419501067419, 1.5213195645892683] 
[0.6651973018926078, -0.08518323976368958, -0.5245781811869819, -1.2489408922688403, -0.2806704525435286, 0.563251783996968, -0.2689885256050779, -0.450774262488018, -1.0881587735103304, 1.4858527579603817, -3.6623531564324328, 1.924329714444017, -3.07529849058571, 2.764908982653041, 2.300885008197943, 2.549407358276397, 0.20394276017359858, 1.8395171269143864] 
[0.6560504840365446, -0.09433005761975277, -0.5154313633309187, -1.2580877101249035, -0.2898172703995918, 0.5541049661409048, -0.2598417077490147, -0.4416274446319548, -1.0790119556542672, 1.4615061507931804, -3.687069208493461, 1.9346274246811104, -3.0735174858372076, 2.7721846837333155, 2.307174558290898, 2.544720237657416, 0.19727350446475625, 1.8316703298902817] 
[0.5174023477808625, 0.0443180786359294, -0.3767832270752365, -1.1194395738692213, -0.15116913414390964, 0.4154568298852226, -0.12119357149333254, -0.3029793083762726, -1.2176600919099494, 1.8077324826588748, -3.345252976370959, 2.043778054299093, -3.0251621093364096, 2.8652258683279563, 2.404067357959032, 2.473309073037024, 0.09591777233433899, 1.712791462824226] 
[0.5506290611120406, 0.07754479196710751, -0.3435565137440584, -1.1526662872003994, -0.18439584747508775, 0.3822301165540445, -0.08796685816215444, -0.33620602170745073, -1.2508868052411275, 1.7864747662918248, -3.3210310289074414, 2.085659089025155, -3.073731491379855, 2.875656241662252, 2.346148105100481, 2.412549176358051, 0.13941901658698638, 1.675108900390208] 
[0.3912128208154648, 0.23696103226368326, -0.18414027344748263, -0.9932500469038237, -0.3438120877716635, 0.5416463568506202, -0.2473830984587302, -0.4956222620040265, -1.0914705649445517, 1.4452768238491527, -3.6695047666197365, 1.9075484902850042, -3.0954860245414824, 2.7416221658169513, 2.245090266567468, 2.54697668045323, -0.015520866917769799, 1.5317054653349709] 
[0.49852105873855734, 0.3442692701867758, -0.07683203552439011, -1.1005582848269162, -0.23650384984857098, 0.4343381189275277, -0.3546913363818227, -0.602930499927119, -0.9841623270214592, 1.6343620501477063, -3.448876157437826, 2.110201972366654, -3.592276299039536, 3.218499789668503, 2.3444038290898517, 2.6897843782104696, 0.04536325089992332, 1.6260666368934056] 
[0.5693285094445351, 0.27346181948079806, -0.006024584818412393, -1.0297508341209385, -0.3073113005545487, 0.36353066822155, -0.283883885675845, -0.6737379506330967, -1.054969777727437, 1.6666413713361612, -3.5344805763446177, 2.010982408605434, -3.4972423208291707, 3.1942218016564503, 2.479054867317995, 2.85010881103377, -0.10053369500644241, 1.739820653636946] 
[0.9995957903300017, -0.15680546140466856, 0.4242426960670542, -0.5994835532354719, 0.12295598033091792, -0.06673661266391662, -0.7141511665613116, -1.1040052315185633, -0.6247024968419703, 0.8115455215923717, -4.352976232952766, 2.2554049145719777, -3.608525088471376, 2.8028929955828064, 2.8360209666662177, 2.4496687872789633, 0.3213652007438005, 2.0454466568472647] 
[0.8764009945433386, -0.2800002571913316, 0.3010479002803912, -0.7226783490221349, 0.24615077611758096, 0.05645818312274642, -0.5909563707746486, -1.2272000273052264, -0.5015077010553073, 1.5909476161609297, -3.5632511925341097, 2.0097643515926733, -3.792272486726892, 2.7599687231120145, 2.7024148485219435, 2.571130107492236, 0.3499792268807714, 2.1529792312107694] 
[0.6419350460614979, -0.04553430870949082, 0.535513848762232, -0.9571442975039757, 0.011684827635740191, -0.17800776535909435, -0.8254223192564893, -1.4616659757870671, -0.7359736495371481, 1.6833760725877, -3.755579930466107, 2.1644338104420275, -4.317579531925274, 3.288689602292578, 2.5514114080044443, 2.284760113068148, 0.5903380975695319, 2.22265760380004] 
[0.4729050725049362, -0.2145642822660525, 0.7045438223187936, -0.788114323947414, -0.1573451459208215, -0.008977791802532664, -0.6563923456999277, -1.2926360022305055, -0.5669436759805864, 2.097471646094422, -3.34585743379293, 2.387332957047443, -4.090304645571012, 3.298910946869813, 2.698964321189556, 2.4641675550361155, 0.23363857693446505, 2.5699341457626286] 
[0.6705367475326725, -0.4121959572937888, 0.9021754973465299, -0.9857459989751503, 0.04028652910691477, 0.1886538832252036, -0.4587606706721914, -1.0950043272027692, -0.7645753510083226, 2.262211299689174, -3.4197670934777795, 2.038300896655196, -4.453485219303309, 3.317256997865464, 2.497985867186266, 2.6520344651869325, 0.3003385508439864, 2.724706401329997] 
[0.6502960825819741, -0.39195529234309046, 0.9224161622972282, -0.9655053340244519, 0.020045864156216453, 0.20889454817590192, -0.4790013356228897, -1.1152449921534675, -0.7443346860576243, 2.2123068239464985, -3.4718673988134574, 2.056011313529164, -4.485391042750221, 3.3534641679610537, 2.474679031493004, 2.6290762492283735, 0.2943245924202684, 2.7079248935410156] 
[0.9291849341200198, -0.1130664408050448, 0.6435273107591826, -0.6866164824864063, 0.2989347156942621, 0.4877833997139476, -0.7578901871609354, -0.8363561406154219, -1.02322353759567, 1.9339826072582855, -3.470858237917135, 2.721327420389899, -3.562987587018564, 2.6190186667500686, 2.691776936561414, 2.337794996420327, 0.5581758684567283, 2.832147060710548] 
[0.8639493529344904, -0.04783085961951539, 0.708762891944712, -0.7518520636719357, 0.2336991345087327, 0.42254781852841816, -0.692654605975406, -0.9015917218009513, -0.9579879564101406, 1.9114491399857017, -3.417213512341223, 2.603846521732469, -3.670011079915547, 2.5934709721753864, 2.6312420416914395, 2.3680476469763705, 0.5957520190385963, 2.8868372323712883] 
[0.682893104449537, 0.133225388865438, 0.5277066434597586, -0.5707958151869823, 0.05264288602377931, 0.24149157004346478, -0.5115983574904526, -1.0826479702859046, -0.7769317079251872, 2.650681357422385, -2.682330212598119, 2.928456838506595, -3.3312403226011225, 2.5864103128955755, 2.519510443904741, 2.597405892663553, 0.3671280236209912, 2.78514897386866] 
[0.2839233310463243, 0.5321951622686507, 0.12873687005654588, -0.1718260417837696, -0.3463268873794334, 0.6404613434466775, -0.9105681308936653, -1.4816177436891174, -1.1759014813284, 2.831445245943635, -3.031209495383441, 2.2211623374591065, -3.9914414978186907, 2.5095867885252927, 2.8542294388002105, 2.3047275224030392, 0.20301013190469855, 2.4763042358551024] 
[0.40085004242092737, 0.4152684508940476, 0.011810158681942795, -0.2887527531583727, -0.4632535987540365, 0.7573880548212806, -1.0274948422682684, -1.3646910323145143, -1.292828192703003, 2.6819202798066986, -3.1662581448403557, 2.2583624703101206, -4.124356526036889, 2.63524908078395, 2.9007089942968762, 2.198124383452105, 0.3040515691066544, 2.569485740442742] 
[0.5618481274712543, 0.25427036584372065, 0.17280824373226977, -0.1277546681080457, -0.3022555137037095, 0.5963899697709536, -0.8664967572179414, -1.5256891173648413, -1.131830107652676, 2.8219485306126235, -3.2249910584449597, 2.399088832195509, -3.975362339250502, 2.6880965128989196, 3.1262361670326966, 2.452986200832677, 0.12960332535415617, 2.4327104994206468] 
[0.3528296764389047, 0.04525191481137103, 0.3818266947646194, 0.08126378292430392, -0.5112739647360591, 0.387371518738604, -1.075515208250291, -1.7347075683971909, -1.3408485586850256, 2.7285609490512446, -3.000735782547929, 2.7013751763947975, -3.695220138824894, 2.510939286105499, 2.858395516643309, 2.1589151243981073, -0.14961807540162023, 2.7184897670049244] 
[0.09199300829719093, 0.30608858295308483, 0.12099002662290559, -0.17957288521740988, -0.7721106328777729, 0.12653485059689018, -0.8146785401085772, -1.9955442365389047, -1.6016852268267394, 2.3232999794711704, -3.419113425977817, 2.253462322951828, -4.15503729441763, 2.011638257108631, 3.3196090921137795, 1.998758204800521, 0.06449696027223997, 2.9564425081751513] 
[-0.042773136446783155, 0.17132243820911075, 0.25575617136687967, -0.0448067404734358, -0.906876777621747, -0.0082312941470839, -0.6799123953646031, -2.1303103812828788, -1.7364513715707135, 2.4428344337391614, -3.593004156979698, 2.0869599000180408, -3.9778876810361963, 1.529558802625783, 3.7966101335648315, 2.2239036204105993, 0.26889977952748356, 3.0951550020605096] 
[-0.10075349940176181, 0.11334207525413209, 0.31373653432185833, 0.013173622481542857, -0.8488964146667684, 0.04974906880789476, -0.6219320324096245, -2.1882907442378574, -1.7944317345256922, 2.502886423452057, -3.642171625140952, 2.1557940857057485, -3.9017659342777615, 1.492107733272631, 3.7679332527107285, 2.264910986043231, 0.21769775213737014, 3.031610193093273] 
[-0.043177786590284484, 0.17091778806560942, 0.37131224713333566, -0.044402090329934474, -0.791320701855291, -0.007826644003582572, -0.6795077452211018, -2.13071503142638, -1.7368560217142148, 2.4397448254978884, -3.5864781032678468, 2.079253209567623, -3.983062611141256, 1.4615636737789803, 3.7309717353060528, 2.1795306118781816, 0.13809899228149092, 3.0774878304375486] 
[0.05009285270294228, 0.2641884273588362, 0.2780416078401089, 0.04886854896329229, -0.6980500625620643, 0.08544399528964419, -0.7727783845143286, -2.223985670719607, -1.8301266610074416, 2.3432433518498716, -3.5105217867001812, 1.943987536973983, -4.13430191208352, 1.793539078068518, 3.4012208019818204, 2.317878669821528, 0.26893456982670905, 2.9984713759774237] 
[0.20679991017969357, 0.1074813698820849, 0.12133455036335761, 0.20557560644004358, -0.541343005085313, -0.0712630621871071, -0.6160713270375773, -2.380692728196358, -1.6734196035306903, 2.191565417570196, -3.406473792038948, 1.7632421265504945, -4.323740147215609, 2.213152385160584, 2.9795249276377156, 2.3905668446853077, 0.11687276399809049, 2.8195928702556508] 
[-0.012991509141222934, 0.3272727892030014, -0.0984568689575589, -0.014215812880872924, -0.32155158576439646, 0.1485283571338094, -0.3962799077166608, -2.6004841475172746, -1.8932110228516068, 1.910277388342953, -3.707714845855859, 1.5327007978554053, -4.148496556536456, 2.1130185687451783, 2.802194078668939, 2.5496415695298658, -0.04974458493023584, 2.5901951398273866] 
[0.06996957050589003, 0.24431170955588843, -0.015495789310445929, -0.09717689252798589, -0.2385905061172835, 0.23148943678092238, -0.3133188280695478, -2.5175230678701617, -1.8102499432044938, 1.9939899215764807, -3.768800652397385, 1.6043064590008915, -4.236435630078738, 1.9873671347037427, 2.9425675794615365, 2.6897216030404074, 0.06925809361215207, 2.525151218404657] 
[-0.1359999057158312, 0.0383422333341672, 0.1904736869112753, 0.10879258369373535, -0.44455998233900473, 0.4374589130026436, -0.519288304291269, -2.3115535916484404, -2.016219419426215, 2.2195248704292605, -3.4803790953551563, 1.8826388260951599, -4.421952257773598, 1.7262092720765678, 3.260007476227333, 2.9334082222502786, -0.052344340373915194, 2.7150883271779866] 
[-0.19640392691383823, -0.022061787863839832, 0.25087770810928234, 0.16919660489174237, -0.3841559611409977, 0.3770548918046366, -0.5796923254892761, -2.2511495704504334, -2.076623440624222, 2.149390493377382, -3.4085584938679014, 1.9339816156297707, -4.484374712917115, 1.604919865311609, 3.401713933621757, 3.036804635994096, -0.06572815010362094, 2.7717980407607388] 
[-0.1832493933681434, -0.03521632140953468, 0.2640322416549772, 0.15604207134604753, -0.39731049468669255, 0.39020942535033143, -0.5665377919435812, -2.2379950369047386, -2.089777974169917, 2.1656625334158397, -3.4245378256202024, 1.9172908543487392, -4.500197870887298, 1.61427492349917, 3.405808967047312, 3.0163332534196106, -0.09221675024323882, 2.75029648278015] 
[0.058026212196708116, 0.20605928415531682, 0.02275663609012568, 0.39731767691089903, -0.15603488912184105, 0.6314850309151829, -0.3252621863787297, -2.47927064246959, -1.8485023686050654, 1.963627430766432, -3.6400117547944553, 2.2461810745242947, -4.188087518550608, 1.513781728692666, 3.1297007521964093, 2.7786006270014996, 0.18536305742878623, 3.0828289687450567] 
[-0.10855575443820342, 0.039477317520405286, 0.18933860272503722, 0.2307357102759875, 0.01054707751307049, 0.7980669975500945, -0.49184415301364126, -2.3126886758346785, -1.681920401970154, 1.7885696573481422, -3.789321010315679, 2.3794291581165457, -4.326556082199492, 1.5801874715926574, 3.538311901152215, 3.230486727841084, 0.4779344378122237, 3.2961489206297707] 
[-0.23647448285075967, -0.08844141089215096, 0.31725733113759347, 0.35865443868854374, -0.11737165089948576, 0.6701482691375382, -0.6197628814261975, -2.1847699474221223, -1.8098391303827102, 1.6455254238574204, -3.6496041383715854, 2.283731431251775, -4.17996774630849, 1.7413216943478276, 3.5791331518421154, 3.090647641203478, 0.30876929502705314, 3.1560400342368946] 
[-0.3960875488755846, 0.07117165513267398, 0.4768703971624184, 0.1990413726637188, -0.2769847169243107, 0.5105352031127133, -0.7793759474510225, -2.0251568813972973, -1.6502260643578852, 1.772750829126347, -3.5108163593749424, 2.1750789889543896, -3.965913754208582, 2.001149201840586, 3.2379615235978942, 2.773525477806438, 0.36137355805862875, 3.004714054553371] 
[-0.10974042659663752, -0.21517546714627311, 0.19052327488347132, -0.0873057496152283, 0.009362405354636394, 0.22418808083376618, -1.0657230697299696, -1.7388097591183502, -1.3638789420789381, 1.5705621648437038, -3.729503462206698, 2.000952364169308, -3.6874664741692, 2.416881620090579, 2.8859162324873107, 2.867832673520425, 0.0851745040654181, 2.7043590786854113] 
[-0.17798387190003595, -0.14693202184287468, 0.25876672018686975, -0.15554919491862673, 0.07760585065803483, 0.15594463553036775, -0.9974796244265711, -1.6705663138149518, -1.4321223873823365, 1.6453652925803615, -3.790811977270011, 1.9292686526578997, -3.7754562518197154, 2.4932126473856315, 2.946893749001322, 2.793832145112236, -0.0011451033753538953, 2.781062599729297] 
[-0.14110327314776683, -0.1838126205951438, 0.29564731893913887, -0.19242979367089585, 0.0407252519057657, 0.11906403677809863, -1.0343602231788402, -1.707446912567221, -1.4690029861346057, 1.6890172486162196, -3.8294749653911655, 1.8871797275471414, -3.817818879362362, 2.4594357325288088, 2.9043145691248164, 2.756412569350388, 0.035598310038598216, 2.7414407219377943] 
[-0.09176916960494097, -0.23314672413796966, 0.246313215396313, -0.2417638972137217, 0.09005935544859156, 0.06972993323527277, -1.083694326721666, -1.658112809024395, -1.5183370896774315, 1.7448637016990152, -3.8765749947139705, 1.8296690242738867, -3.8758994635133632, 2.418825053171483, 2.8565964489443334, 2.8096201347073473, 0.09381076823043635, 2.6891115764048448] 
[-0.2566363678105539, -0.39801392234358257, 0.4111804136019259, -0.0768966990081088, 0.25492655365420447, 0.23459713144088568, -0.9188271285160532, -1.822980007230008, -1.3534698914718186, 1.596858334086311, -4.065691631084937, 1.99749374024329, -4.046256525765676, 2.6097259054592317, 2.703213354820459, 2.6512061301028096, 0.24255775199306998, 2.850341959730467] 
[-0.34637704402743097, -0.3082732461267055, 0.500921089818803, 0.012843977208768287, 0.34466722987108156, 0.32433780765776277, -1.0085678047329303, -1.912720683446885, -1.4432105676886957, 1.5202810609913342, -4.121948518466251, 1.9521981995125657, -3.9778967876208773, 2.6793035800675624, 2.639809831543228, 2.7195116341090575, 0.1762994806880736, 2.768995529476471] 
[-0.38250085137408973, -0.34439705347336425, 0.46479728247214425, -0.023279830137890478, 0.3085434225244228, 0.288214000311104, -0.9724439973862715, -1.8765968761002263, -1.4793343750353545, 1.4913696541135153, -4.144244231074127, 1.9343194443421743, -3.9502199004966023, 2.65418195134935, 2.673249442402477, 2.753039615746043, 0.1467622516869078, 2.8070068148542746] 
[-0.3023539808465685, -0.264250182945843, 0.5449441529996655, 0.05686704038963075, 0.388690293051944, 0.36836087083862523, -1.0525908679137927, -1.796450005572705, -1.3991875045078332, 1.427432362145516, -4.190382684803942, 1.8930849659403368, -3.8885953609003163, 2.7111473138061153, 2.5978036488806033, 2.6751641150317402, 0.20454346716724933, 2.884318925378214] 
[-0.09164704367444543, -0.05354324577371994, 0.7556510901717886, 0.26757397756175383, 0.5993972302240671, 0.5790678080107483, -0.8418839307416697, -1.585743068400582, -1.6098944416799563, 1.2566919184939889, -4.329429326702581, 1.787167628299153, -3.7381820409622684, 2.547053331044563, 2.7106917961974277, 2.433447458150534, -0.06922534278483375, 3.117595536834191] 
[0.001717751846936011, 0.0398215497476615, 0.84901588569317, 0.36093877308313527, 0.5060324347026857, 0.48570301248936687, -0.7485191352202882, -1.6791078639219634, -1.5165296461585749, 1.3598079792112372, -4.436131548695671, 1.8880722399292011, -3.7330321567849745, 2.747675379172458, 2.9444326417484836, 2.596323097389623, -0.15870052011449015, 3.2086311055461207] 
[-0.17305363349089475, -0.13494983559016926, 0.6742445003553392, 0.1861673877453045, 0.3312610493648549, 0.6604743978271976, -0.5737477498824575, -1.8538792492597942, -1.3417582608207441, 1.5342858600863754, -4.607132659674599, 2.0200219010276164, -3.787647100011467, 2.8827432039676455, 2.8732238612377903, 2.7614286834295765, 0.02018680240081805, 3.376334891783531] 
[-0.3302719545866388, 0.02226848550557481, 0.5170261792595952, 0.02894906664956043, 0.17404272826911082, 0.8176927189229417, -0.7309660709782015, -1.6966609281640501, -1.4989765819164882, 1.722868603095082, -4.790952777138254, 1.9661705785219517, -3.648923248304734, 2.9869189844507527, 2.5879228201068183, 2.4445905689619756, -0.15194986141111835, 3.2506340853555873] 
[-0.12752288266235823, 0.2250175574298554, 0.31427710733531455, 0.23169813857384103, 0.3767918001933914, 1.0204417908472223, -0.5282169990539209, -1.4939118562397695, -1.2962275099922076, 1.8750799708216679, -4.635077997754389, 2.101377856087541, -3.7914343762731506, 2.7226069571098357, 2.097707856747768, 1.9657378705349107, -0.39356917127585955, 3.466189792089022] 
[-0.04788780975611573, 0.3046526303360979, 0.39391218024155705, 0.3113332114800835, 0.4564268730996339, 0.9408067179409798, -0.44858192614767844, -1.573546929146012, -1.216592437085965, 1.8017576042835408, -4.685998660250534, 2.1946184974436767, -3.7085012256415135, 2.604181673309979, 1.8006709487637267, 1.6805454789305663, -0.2835697568335442, 3.3608713118865947] 
[-0.09803276020732099, 0.25450767988489265, 0.4440571306927623, 0.26118826102887827, 0.5065718235508392, 0.8906617674897745, -0.4987268765988837, -1.5234019786948068, -1.2667373875371704, 1.8555381767162737, -4.765613419711265, 2.096979596982098, -3.781570663153172, 2.6479193115001127, 1.8498095869088602, 1.6624641553438355, -0.35652480571424217, 3.433816679266374] 
[0.1524590797939389, 0.004015839883632744, 0.6945489706940222, 0.5116801010301382, 0.2560799835495793, 0.6401699274885146, -0.7492187166001436, -1.2729101386935469, -1.5172292275384303, 2.0940083213569225, -4.638699169383203, 1.650638862334495, -4.340652451587449, 2.0137360577980163, 0.934911515227645, 0.8627442666521309, -0.14589477134314327, 3.628990441129269] 
[0.0853550097660758, 0.07111990991149586, 0.6274449006661591, 0.5787841710580013, 0.18897591352171617, 0.5730658574606515, -0.8163227866280067, -1.2058060686656837, -1.4501251575105671, 2.0147923987488823, -4.718451710500109, 1.447961485636192, -4.583153297606919, 1.842582295285937, 0.8457478998870444, 0.8822548410302451, -0.08434695688588933, 3.693787845626044] 
[-0.010358158361270853, 0.1668330780388425, 0.5317317325388125, 0.6744973391853479, 0.2846890816490628, 0.4773526893333049, -0.7206096185006601, -1.110092900538337, -1.3544119893832205, 2.1028666106267524, -4.8082838497128, 1.419898695485412, -4.434649451674326, 1.9955880712410523, 0.7905245448170592, 0.9378338218449891, 0.007134761987821425, 3.5910290479384703] 
[-0.17701877843302327, 0.3334936981105949, 0.36507111246706003, 0.5078367191135955, 0.45134970172081523, 0.31069206926155246, -0.5539489984289077, -1.2767535206100895, -1.187751369311468, 2.2718863084266774, -5.039245373418638, 0.9826958900475063, -5.042807462663166, 1.471463872391257, 0.5683835561046481, 1.0785968099942336, -0.17594248787530756, 3.4508242364186357] 
[0.02921289215070999, 0.5397253686943282, 0.15883944188332677, 0.7140683896973288, 0.24511803113708197, 0.1044603986778192, -0.7601806690126409, -1.0705218500263562, -1.3939830398952013, 2.083377059388761, -5.145754382977284, 1.209795541061731, -4.863256319929141, 1.2424179180823574, 0.30326908758225735, 1.182180935539683, 0.10388761990193521, 3.1594649397045202] 
[-0.0020052920495885473, 0.5085071844940297, 0.12762125768302823, 0.7452865738976273, 0.21389984693678343, 0.07324221447752066, -0.7289624848123424, -1.0393036658260577, -1.4252012240954999, 2.115091477320485, -5.1259499587355295, 1.1857260114367918, -4.891503243086548, 1.2510884244669251, 0.27680200928479964, 1.2254196559631525, 0.0614167132955187, 3.1329971447185825] 
[-0.01977361470939698, 0.4907388618342212, 0.14538958034283667, 0.7630548965574357, 0.196131524276975, 0.0910105371373291, -0.711194162152534, -1.0215353431662493, -1.4429695467553083, 2.132837796669474, -5.1133878786137315, 1.175009474895501, -4.879442030072134, 1.2437381976177198, 0.2928054722588848, 1.2137706152310173, 0.04577687358808785, 3.1522244079068518] 
[-0.1758769132529423, 0.6468421603777665, 0.301492878886382, 0.6069515980138904, 0.04002822573342968, -0.06509276140621623, -0.5550908636089886, -1.1776386417097946, -1.286866248211763, 2.290335561345985, -5.193350875054448, 1.344216820753245, -4.333867719152729, 1.801108010353987, 0.5447197188219923, 1.474893437433498, -0.21355807926200987, 3.329689279594525] 
[0.12597383373831406, 0.3449914133865102, -0.0003578681048743704, 0.9088023450051468, 0.34187897272468604, -0.3669435083974726, -0.856941610600245, -0.8757878947185382, -1.5887169952030193, 1.890831958599339, -4.493960798134443, 1.9473823456674348, -4.821776975221959, 1.243491232183556, 0.8421461159973451, 1.223866319643829, -0.5473530645127574, 3.7049435026938315] 
[0.1224339528279117, 0.3414515324761078, 0.0031820128055279895, 0.9052624640947444, 0.3454188536350884, -0.37048338930787494, -0.8534017296898426, -0.8722480138081359, -1.585177114292617, 1.8937885666316683, -4.498893841404295, 1.9421880075558613, -4.824780172566082, 1.244211989019612, 0.8390925301866382, 1.222295426163416, -0.5502153273314875, 3.7013778285397683] 
[-0.13474305832881228, 0.08427452131938384, 0.26035902396225197, 0.6480854529380204, 0.08824184247836442, -0.11330637815115097, -0.5962247185331186, -1.1294250249648599, -1.328000103135893, 1.610086060487547, -4.729394411504111, 2.120689148407791, -5.942708708043348, 0.08078059718993025, 0.43450013851166164, 0.8681290128946576, -0.13489579711510458, 3.447207568481457] 
[-0.08952637154737886, 0.03905783453795042, 0.21514233718081854, 0.602868766156587, 0.043025155696930995, -0.1585230649325844, -0.6414414053145521, -1.0842083381834264, -1.2827834163544596, 1.6493174821790089, -4.684681187046742, 2.179597038584578, -5.8933829311176025, 0.06711943768176565, 0.47597008235029975, 0.8981002189779406, -0.08714408333893511, 3.393401699823268] 
[0.2691035137757041, -0.3195720507851325, -0.1434875481422644, 0.2442388808335041, 0.4016550410200139, 0.20010682039049854, -1.000071290637635, -0.7255784528603435, -1.6414133016775425, 1.979264523139882, -4.363623644800198, 1.9665337442713768, -5.1343910877249925, 0.8581970483843613, 0.8305162552978361, 1.1494318936129793, 0.13905346395729906, 3.7065267062123346] 
[0.002473765520562665, -0.5862017990402739, 0.12314220011287702, -0.022390867421637317, 0.13502529276487252, -0.06652292786464287, -0.7334415423824936, -0.9922082011154849, -1.374783553422401, 1.6400624153322072, -4.651145459688503, 1.7505983789527453, -4.864986837608288, 0.7416665972117201, 1.0746279772708944, 1.3599189952926678, 0.26915505003808404, 3.4431877839408527] 
[-0.0848769481242897, -0.49885108539542156, 0.21049291375772938, 0.06495984622321505, 0.22237600640972488, 0.020827785780209496, -0.6460908287376412, -0.9048574874706325, -1.2874328397775487, 1.5528414840025264, -4.5881676605233, 1.7946652714305407, -4.950113763937153, 0.8454124835971482, 1.1827638645999043, 1.2198527076016956, 0.3989908593825018, 3.5148110713749277] 
[-0.09394589394499775, -0.4897821395747135, 0.20142396793702133, 0.05589090040250699, 0.23144495223043293, 0.011758839959501444, -0.6370218829169332, -0.9139264332913406, -1.2783638939568407, 1.5431815243660343, -4.580228597438116, 1.7986316231830128, -4.957769028685134, 0.8565154260358259, 1.1941620461980944, 1.2128364077762885, 0.3939682869572903, 3.506623774077292] 
[0.0453409390637276, -0.35049530656598815, 0.3407108009457467, 0.19517773341123235, 0.09215811922170758, -0.1275279930492239, -0.7763087159256585, -0.7746396002826152, -1.417650726965566, 1.396032508915595, -4.485250945079816, 1.9217331141747407, -4.802330174542807, 0.7523934447630006, 1.3115548709534728, 1.4248923201306785, 0.1965793733152585, 3.40356134925653] 
[-0.07876014451099778, -0.22639422299126277, 0.46481188452047206, 0.07107664983650697, -0.0319429643530178, -0.2516290766239493, -0.6522076323509332, -0.6505385167078899, -1.5417518105402914, 1.5173653976254218, -4.550278227227434, 1.7549844227901454, -5.009131424041333, 0.5800953940467097, 1.1936771448750123, 1.1852718416369323, 0.45061308420813284, 3.2601202982241384] 
[-0.2777655243116257, -0.4253996027918907, 0.2658065047198441, -0.12792872996412097, -0.23094834415364573, -0.05262369682332135, -0.4532022525503052, -0.8495438965085178, -1.7407571903409194, 1.695834992652599, -4.282435396424901, 1.342439292455683, -5.376261608063792, 0.763335276565967, 0.9496574088125254, 1.3842880685018455, 0.5537633678649034, 3.4576838999748856] 
[-0.3687858587906021, -0.3343792683129143, 0.3568268391988205, -0.036908395485144574, -0.32196867863262213, -0.14364403130229775, -0.3621819180713288, -0.7585235620295414, -1.649736855861943, 1.8373887816508638, -4.484756597357258, 1.5407662610274344, -5.250558168639032, 0.8666792345545379, 0.8288594709973525, 1.5221836217880256, 0.4106688975284242, 3.350322118645036] 
[-0.03491166054683603, -0.000505070069148239, 0.02295264095505445, 0.2969658027586215, 0.011905519611143944, 0.19023016694146833, -0.02830771982756275, -0.42464936378577534, -1.315862657618177, 2.333157701077625, -4.9601938416328935, 1.445746710314297, -4.939752543572341, 0.6147697840736843, 0.5343868718597542, 1.8327443602984463, 0.6491736913745281, 3.028545825608237] 
[0.013070157254322368, -0.04848688787030664, -0.02502917684610395, 0.3449476205597799, 0.059887337412302344, 0.14224834914030993, 0.01967409797359565, -0.37666754598461694, -1.3638444754193353, 2.379520359091807, -4.913805645633012, 1.3969057254007573, -4.97783495207708, 0.6522755517350455, 0.5937767667386701, 1.890887508116117, 0.6911525768929926, 3.0721678268078385] 
[0.24865593605456482, -0.2840726666705491, 0.2105566019541385, 0.10936184175953745, -0.1756984413879401, -0.09333742965993252, 0.2552598767738381, -0.6122533247848594, -1.5994302542195777, 2.6183765009815057, -4.663288050856688, 1.1530660019553838, -5.142907566364905, 0.844243878652527, 0.8105012506851381, 1.6819301590492606, 0.46831240712467725, 2.853420955838309] 
[0.35986052286200376, -0.17286807986311015, 0.09935201514669956, 0.2205664285669764, -0.06449385458050116, 0.01786715714750642, 0.36646446358127704, -0.7234579115922983, -1.7106348410270167, 2.4633522242301, -4.848777489636486, 1.294840759842176, -5.236698987274196, 0.7408959948297087, 0.7081096279080369, 1.784029118326744, 0.37986096836163025, 2.96321731690323] 
[-0.00454901885195369, 0.1915414618508473, 0.463761556860657, 0.5849759702809338, 0.2999156871334563, 0.38227669886146387, 0.0020549218673195924, -1.0878674533062558, -1.3462252993130592, 1.87261204516695, -5.501224285099977, 1.8136552490184727, -4.713481875312792, 1.2441951375199842, 0.30701017404477843, 1.4810234322285807, 0.6333967319128863, 2.62064792772149] 
[0.18495870940258285, 0.0020337335963107606, 0.27425382860612046, 0.3954682420263973, 0.11040795887891974, 0.5717844271160004, 0.19156265012185614, -1.2773751815607923, -1.5357330275675958, 1.6822812255303632, -5.316914777718729, 1.7781324982439095, -4.37860640118094, 1.5798660953815826, 0.25522524973693494, 1.6522162650369434, 0.7918441362419164, 2.7789065259215713] 
[0.16288750387343853, 0.024104939125455083, 0.25218262307697614, 0.373397036497253, 0.08833675334977542, 0.5938556326451447, 0.21363385565100046, -1.2994463870899366, -1.5136618220384515, 1.7093210849126408, -5.289897358215963, 1.7643268493165238, -4.3457422307262235, 1.6185093867778202, 0.3073718808888082, 1.7029192405216953, 0.8155619245564436, 2.8001963732553303] 
[0.2632253552592907, 0.12444279051130724, 0.3525204744628283, 0.47373488788310514, 0.18867460473562758, 0.4935177812592926, 0.3139717070368526, -1.1991085357040845, -1.6139996734243036, 1.7953073848076682, -5.378421035583634, 1.6720169919374293, -4.302398872650958, 1.517462557276763, 0.07293882976036858, 1.4693701954829292, 0.69849173399911, 2.906828312790714] 
[0.5348775198873348, -0.14720937411673685, 0.08086830983478421, 0.20208272325506105, -0.08297755989241651, 0.22186561663124849, 0.5856238716648967, -0.9274563710760404, -1.8856518380523477, 1.4323274961431516, -5.732152107867524, 1.7754759061205403, -4.723591456018157, 1.0868906709046637, 0.1968769134159324, 1.2786077097874358, 0.9620832117619621, 3.1885690525641883] 
[0.7565709073619971, 0.07448401335792543, 0.3025616973094465, -0.019610664219601226, 0.13871582758224577, 0.00017222915658621218, 0.807317259139559, -1.1491497585507027, -1.6639584505776854, 1.9057152424477986, -5.23297890579183, 1.4671023357061042, -5.028832969530136, 0.7889033211526205, 0.39180298723703183, 1.0029898433874274, 0.6852178391982622, 3.3530935828807165] 
[0.6908175147078737, 0.14023740601204882, 0.2368083046553231, 0.04614272843452216, 0.20446922023636915, -0.06558116349753718, 0.7415638664854356, -1.0833963658965793, -1.598205057923562, 2.121224734243368, -5.0142063199636615, 1.5735130952848513, -4.930017538935372, 0.7107331723301099, 0.31523714593832497, 0.9535430881154242, 0.7404005863549709, 3.4220856046561714] 
[0.8197656377371558, 0.011289282982766657, 0.36575642768460526, 0.17509085146380432, 0.075521097207087, 0.06336695953174498, 0.8705119895147178, -1.2123444889258614, -1.4692569348942799, 2.03162806939544, -4.951834008908919, 1.4775640112016548, -4.815959945698868, 0.8786988930844325, 0.4832741264417637, 0.8459040227031082, 0.8330995420956344, 3.2947926917738757] 
[0.6308589926734882, 0.20019592804643427, 0.17684978262093765, -0.01381579359986329, 0.2644277422707546, 0.2522736045954126, 1.0594186345783854, -1.401251133989529, -1.6581635799579475, 1.9190194392772133, -4.8474504977619635, 1.169938578431309, -5.155203500642618, 0.6197651989629096, 0.2810007596468914, 0.9892321506166073, 0.6935987961766202, 3.1144194882496476] 
[0.5277621453495343, 0.30329277537038823, 0.2799466299448916, -0.11691264092381726, 0.16133089494680064, 0.35537045191936656, 0.9563217872544314, -1.504347981313483, -1.5550667326339935, 2.1867786278103845, -4.562596216002836, 1.340592926788578, -5.024531677333127, 0.7603663256963062, 0.43598220589347425, 1.1275118377187763, 0.8122701598875454, 3.016317408532542] 
[0.5444624836045051, 0.3199931136253591, 0.26324629168992075, -0.13361297917878812, 0.1780312332017715, 0.3386701136643957, 0.9396214489994605, -1.4876476430585122, -1.5717670708889644, 2.222701735363086, -4.522600107327257, 1.3649114307256813, -5.033314448160768, 0.7463697599367826, 0.447562023122914, 1.1122228245423353, 0.7949418571638611, 2.9997738599649835] 
[0.6231999116623612, 0.241255685567503, 0.34198371974777686, -0.21235040723664422, 0.2567686612596276, 0.4174075417222518, 1.0183588770573166, -1.408910215000656, -1.6505044989468205, 2.19154538896805, -4.425824806688016, 1.4933005432559154, -4.933199111035693, 0.8257771925944919, 0.5281686271893615, 1.0537814234362224, 0.8699383647688157, 2.9210792437251434] 
[0.6403044297198122, 0.22415116751005204, 0.3248792016903259, -0.22945492529409517, 0.23966414320217666, 0.40030302366480086, 1.0012543589998657, -1.426014733058107, -1.6676090170042714, 2.148452100604065, -4.471681920702711, 1.4696090525844245, -4.927561884871045, 0.8462182813872329, 0.547641637858449, 1.0427474012805367, 0.886392275104405, 2.9388622775173614] 
[0.7158673347902109, 0.2997140725804508, 0.40044210676072467, -0.3050178303644939, 0.1641012381317779, 0.4758659287351996, 0.925691453929467, -1.3504518279877082, -1.7431719220746702, 1.945700351593003, -4.690034292595319, 1.3234613385490417, -5.038763136675695, 0.8048975056567975, 0.5991161727708076, 0.9678368398719932, 0.7983153656993922, 2.8587564513958017] 
[0.691966947914672, 0.32361445945598977, 0.3765417198851857, -0.3289182172400329, 0.18800162500731687, 0.45196554185966065, 0.9495918408050059, -1.3743522148632472, -1.7192715351991312, 1.9349806559949034, -4.669012996231733, 1.342190953422111, -5.065457235740596, 0.8395244802204874, 0.6239764313491305, 0.9537195875314239, 0.8178163812478523, 2.8368186529067043] 
[0.7629123432411333, 0.39455985478245115, 0.3055963245587243, -0.2579728219135715, 0.25894702033377826, 0.38102014653319927, 0.8786464454785445, -1.4452976101897086, -1.7902169305255926, 1.8690905521201004, -4.660656217767459, 1.2423687905688447, -5.15874823623981, 0.8036418389657889, 0.6713185004759553, 0.8820605060234854, 0.7300226226155583, 2.7584598013494044] 
[0.8051193575031661, 0.4367668690444839, 0.3478033388207571, -0.3001798361756043, 0.301154034595811, 0.42322716079523204, 0.9208534597405773, -1.4875046244517414, -1.7480099162635598, 1.7296424353306736, -4.813087310434424, 1.1621171056243638, -5.15000939496626, 0.854308370195773, 0.7170680684436607, 0.8467425967758516, 0.6897074635360368, 2.7951106036725175] 
[0.7618356668053465, 0.39348317834666435, 0.39108702951857666, -0.34346352687342385, 0.25787034389799146, 0.4665108514930516, 0.9641371504383969, -1.4442209337539218, -1.7912936069613794, 1.8430923439060405, -4.705674190173759, 1.125904958019137, -5.226382095480217, 0.9387055398746008, 0.7977251406539368, 0.9123369340886551, 0.7421464524988327, 2.8439690279879573] 
[0.5032384842245676, 0.6520803609274433, 0.6496842120993556, -0.08486634429264495, -0.0007268386827874451, 0.7251080340738305, 1.2227343330191758, -1.7028181163347007, -1.5326964243806005, 1.0142556074579447, -5.600165768350728, 0.7067233405051621, -5.018747345308372, 0.6463886263107568, 0.9319392488755586, 0.6635331652190083, 0.4886112387566128, 3.0712045431375117] 
[0.584107507303866, 0.5712113378481449, 0.7305532351786539, -0.003997321213346616, 0.08014218439651088, 0.8059770571531288, 1.303603356098474, -1.6219490932554024, -1.4518274013013022, 1.14910961885392, -5.459328772881401, 0.7262750298550129, -4.933577804467649, 0.7214513300681883, 1.0384473878619116, 0.7770563584459784, 0.3961715326834334, 3.1532640773722536] 
[0.3597325467753585, 0.34683637731963746, 0.9549281957071614, -0.2283722817418541, 0.30451714492501836, 0.5816020966246214, 1.0792283955699666, -1.397574132726895, -1.6762023618298096, 1.143145851503577, -4.988523427096608, 1.4681148004249256, -4.2934837792299785, 0.9601301235064579, 1.3307634384845546, 1.0651831477038318, 0.15469947338106455, 3.3851960858235093] 
[0.35730704095766086, 0.34441087150193983, 0.957353701524859, -0.22594677592415646, 0.306942650742716, 0.5791765908069237, 1.076802889752269, -1.3951486269091973, -1.6786278676475073, 1.1468434540864825, -4.9846809527640525, 1.46916398103475, -4.289781310125655, 0.9561829838343908, 1.326420927694861, 1.0613275182277897, 0.15189637482271257, 3.3874844716297723] 
[0.23457017659316293, 0.2216740071374419, 0.8346168371603611, -0.3486836402886544, 0.4296795151072139, 0.4564397264424258, 1.199539754116767, -1.2724117625446993, -1.5558910032830093, 1.0187908498972666, -5.00082775119039, 0.9379869285065097, -4.830382791997601, 1.114256178442588, 1.2001171750193476, 0.8894397478954489, 0.0128424718123607, 3.5032347560827226] 
[0.17542125594750857, 0.16252508649178754, 0.7754679165147067, -0.28953471964300004, 0.4888284357528683, 0.5155886470880802, 1.2586886747624213, -1.3315606831903537, -1.496742082637355, 0.9643894435041194, -4.97988939648685, 0.7577771341780554, -5.012994692558077, 1.1191835258575957, 1.2740747871345734, 0.9793999415465892, 0.09442081992247141, 3.443664212395176] 
[0.2901194977035253, 0.04782684473577081, 0.66076967475869, -0.1748364778869833, 0.37413019399685155, 0.40089040533206344, 1.1439904330064046, -1.216862441434337, -1.3820438408813382, 0.8673864167692893, -4.877143482620295, 0.7995600229094006, -5.140783519608901, 1.345592613687068, 1.5006378372722693, 1.1530885034401606, 0.24073579904887987, 3.555133040218304] 
[0.2140999820728844, -0.028192670894870098, 0.5847501591280491, -0.2508559935176242, 0.29811067836621064, 0.47690992096270435, 1.0679709173757637, -1.140842925803696, -1.4580633565119792, 0.8086713972154088, -4.816583115780135, 0.8360022383590044, -5.209972254873923, 1.4642502067454954, 1.6026225237540193, 1.0642886388355515, 0.14394625822175922, 3.4861655474992252] 
[-0.10383449706638714, 0.28974180824440143, 0.26681567998877753, 0.06707848562164731, 0.6160451575054822, 0.15897544182343282, 0.7500364382364921, -1.4587774049429676, -1.1401288773727076, 1.0669337855320493, -5.097546838846892, 1.6144514077791796, -4.360467821878255, 0.8805649176415159, 1.2162371556786316, 1.4383158508007243, 0.5686098632051588, 3.783173734656286] 
[-0.10391662374335198, 0.2896596815674366, 0.2667335533118127, 0.06699635894468248, 0.616127284182447, 0.15905756850039765, 0.750118564913457, -1.4588595316199324, -1.1400467506957428, 1.0670111078395668, -5.097498469979945, 1.6143562727035756, -4.360572012799883, 0.8806012936059068, 1.2161664433102946, 1.4382175542556894, 0.568483796959724, 3.7832941273237086] 
[0.015974949429413243, 0.4095512547402018, 0.14684198013904748, -0.05289521422808274, 0.4962357110096818, 0.27894914167316287, 0.6302269917406917, -1.3389679584471672, -1.0201551775229776, 0.9374864870616926, -5.0005947467799485, 1.4834856134179693, -4.5094979519511185, 0.9555398813461131, 1.1509922307926879, 1.5656834226465481, 0.7511930942797307, 3.607937021119821] 
[-0.04439125175557024, 0.34918505355521834, 0.086475778954064, -0.11326141541306622, 0.4358695098246983, 0.2185829404881794, 0.6905931929256752, -1.3993341596321507, -1.080521378707961, 0.8764137257985862, -5.048813599085718, 1.5165993854876307, -4.571133754186077, 1.0796399490606234, 1.284228889442935, 1.6482294278120713, 0.7213569942400168, 3.559845650950935] 
[0.18074995451361175, 0.5743262598244003, 0.311616985223246, 0.11187979085611577, 0.2107283035555163, 0.4437241467573614, 0.46545198665649323, -1.6244753659013327, -1.305662584977143, 0.6654025223141735, -5.387673773753742, 1.1568008661176645, -4.810101118282706, 0.9308540611110798, 1.4111213700700358, 1.4019493790026054, 0.34089501376942305, 3.921060982970388] 
[0.20984389622555355, 0.6034202015363421, 0.3407109269351878, 0.08278584914417397, 0.2398222452674581, 0.4728180884693032, 0.43635804494455144, -1.6535693076132745, -1.3347565266890848, 0.6975392790312536, -5.367512696427234, 1.1297050711509555, -4.842382114098883, 0.9668821186469467, 1.4659259404405123, 1.4524543666063017, 0.30176007486001716, 3.959305655801919] 
[0.10027536182413144, 0.49385166713492, 0.4502794613366099, 0.19235438354559609, 0.3493907796688802, 0.5823866228707253, 0.5459265793459736, -1.7631378420146966, -1.2251879922876627, 0.7949738760262248, -5.438256233350226, 1.1719772527407029, -4.952846742398707, 0.801941420897835, 1.2428650917359847, 1.2560731805419212, 0.21769308086246225, 3.8674933821001853] 
[0.24007956980281975, 0.3540474591562317, 0.5900836693152982, 0.052550175566907775, 0.2095865716901919, 0.442582414892037, 0.40612237136728524, -1.6233336340360083, -1.364992200266351, 0.9147603026425082, -5.66535442901197, 0.9415346246521519, -4.937442896815594, 0.5686934475696912, 0.9009990926439496, 0.9467759359978338, 0.44089190952187496, 3.6642585750359578] 
[0.2997809997963472, 0.29434602916270425, 0.6497850993088257, -0.00715125442661968, 0.14988514169666445, 0.3828809848985095, 0.4658238013608127, -1.5636322040424808, -1.3052907702728236, 0.9910445619069871, -5.591002678105739, 0.9330876442204833, -4.879019208219512, 0.6418938270295409, 0.9596140342205548, 0.9082397694110699, 0.5151168913098968, 3.5906419586756897] 
[0.44560100282750525, 0.1485260261315462, 0.7956051023399837, 0.13866874860453837, 0.004065138665506396, 0.23706098186735147, 0.6116438043919707, -1.7094522070736389, -1.4511107733039816, 0.8545775372698401, -5.557907707873859, 0.5970607631841176, -5.2201546811644635, 0.7773472618553968, 0.8709035769806824, 1.0244297277683978, 0.39735677320771323, 3.4724288366465332] 
[0.49508505227730026, 0.09904197668175119, 0.8450891517897787, 0.18815279805433338, 0.053549188115301405, 0.2865450313171465, 0.5621597549421757, -1.6599681576238439, -1.5005948227537766, 0.8288321245216528, -5.502216555045033, 0.7809120859645732, -5.0355419399000425, 0.8445255563230667, 0.8288734892448475, 1.0618308119122868, 0.4492326180319564, 3.417922414560313] 
[0.5249509801666505, 0.06917604879240091, 0.8152232239004285, 0.21801872594368366, 0.02368326022595113, 0.2566791034277962, 0.592025682831526, -1.6301022297344936, -1.530460750643127, 0.7715334100897617, -5.5602412031653055, 0.7623968477701342, -5.0154370464054105, 0.8750023985075479, 0.7915735587135612, 1.0242634329963862, 0.422750124722322, 3.3896219549488475] 
[0.30660310864510976, -0.14917182272913987, 0.5968753523788877, -0.00032914557785712617, 0.2420311317474919, 0.038331231906255425, 0.8103735543530668, -1.8484501012560344, -1.3121128791215861, 0.9393975137407558, -5.6612144071589565, 1.5778952996359175, -4.167291005284548, 1.2233561606743453, 0.9815388501234062, 0.8525068877112723, 0.21696099965697818, 3.1781480657625965] 
[-0.02579174225002845, -0.4815666736242781, 0.26448050148374946, 0.3320657053172811, -0.0903637191476463, 0.37072608280139363, 0.4779787034579286, -1.5160552503608962, -1.6445077300167243, 0.7144897626018489, -5.301087458168573, 0.7684362227150963, -4.9496700835187255, 1.494339537681543, 0.7242590240563462, 1.250858250118685, -0.14863825059766272, 2.9077433262354058] 
[-0.04097771219619517, -0.46638070367811135, 0.2796664714299162, 0.3472516752634478, -0.07517774920147957, 0.38591205274756035, 0.4931646734040953, -1.531241220307063, -1.6293217600705576, 0.7303001443132356, -5.328406930993247, 0.7947771512652799, -4.9544847160830825, 1.5090250361034938, 0.71157814061715, 1.2623222943201586, -0.1341129750647666, 2.8935057566268663] 
[-0.21659428970345118, -0.29076412617085534, 0.4552830489371722, 0.1716350977561918, 0.10043882830577644, 0.5615286302548164, 0.6687812509113513, -1.3556246427998069, -1.8049383375778136, 0.916689287445596, -5.622810797757838, 1.0540662457456276, -5.1419340272732725, 1.2884462695423806, 0.4643221856484421, 1.0019838245721822, -0.3056585482280446, 3.0602908655720498] 
[-0.0986044793041927, -0.17277431577159685, 0.5732728593364307, 0.0536452873569333, -0.017550982093482048, 0.6795184406540749, 0.5507914405120928, -1.4736144531990654, -1.6869485271785551, 0.7708651840461439, -5.487616829389199, 1.1050422362447416, -5.221480107588952, 1.401700097816282, 0.5528664025188458, 0.908359564784073, -0.4166678990728333, 3.1585397598249663] 
[-0.10211000214376043, -0.17627983861116459, 0.5767783821759984, 0.05013976451736557, -0.014045459253914316, 0.6760129178145071, 0.5542969633516606, -1.477119976038633, -1.6904540500181229, 0.7740863286492844, -5.484684462773883, 1.1068565550699738, -5.223859933739996, 1.4052010315818424, 0.5453401111769731, 0.900938858053686, -0.4137720754716035, 3.1553188563755232] 
[0.07534262203817832, -0.35373246279310333, 0.39932575799405967, 0.22759238869930432, 0.16340716492802443, 0.4985602936325684, 0.7317495875335993, -1.6545726002205718, -1.5130014258361841, 0.9407924075158387, -5.377597021293522, 1.473641199927041, -4.841555932274932, 1.599961230851074, 0.4312618125634144, 1.024080649502553, -0.24782770773834145, 2.9946355455341545] 
[0.08060957714187822, -0.34846550768940343, 0.39405880289035977, 0.23285934380300422, 0.15814020982432453, 0.4932933385288685, 0.7370165426372992, -1.649305645116872, -1.5077344707324842, 0.9349840041619307, -5.385265061462439, 1.4798972715293541, -4.845640080596821, 1.5948903251959672, 0.43868855338563384, 1.0322444413655023, -0.25373193647149767, 3.0001553499684404] 
[0.26603434203249066, -0.163040742798791, 0.20863403799974733, 0.04743457891239178, 0.34356497471493697, 0.6787181034194809, 0.5515917777466868, -1.4638808802262595, -1.6931592356230967, 0.7558746768709956, -5.301818851326164, 1.7612642800650697, -4.497711180905081, 1.897668536003711, 0.7657681645487904, 1.3233273536073844, -0.09009308537982105, 3.177967444361155] 
[0.527299364480406, -0.4243057652467064, 0.4698990604476627, -0.2138304435355236, 0.08229995226702158, 0.4174530809715655, 0.2903267552987714, -1.2026158577783441, -1.4318942131751813, 1.1255975687116093, -4.883741785698814, 1.3637899546257681, -4.851154664440426, 1.6450160917917682, 0.8575981495301455, 1.1182075112960543, 0.1376719399033736, 2.940244666999707] 
[0.6556693159677138, -0.2959358137593986, 0.5982690119349705, -0.08546049204821582, 0.21066990375432937, 0.28908312948425774, 0.1619568038114636, -1.0742459062910363, -1.560264164662489, 1.1891124688204757, -5.025167642971619, 1.4967707288791376, -4.95097097016746, 1.7779702481315236, 0.6637208568063665, 0.9237849868575098, 0.23330692710922482, 3.0567777724882235] 
[0.4496451607551748, -0.08991165854685956, 0.3922448567224315, 0.12056366316432321, 0.4166940589668684, 0.49510728469679677, -0.04406735140107543, -0.8682217510784973, -1.35424000944995, 1.0391856555074344, -4.928976553499214, 1.6140294526001804, -5.082112110193424, 1.6048155497009773, 0.7830180961561001, 0.7342448366260085, 0.011425369669176177, 3.264829670796768] 
[0.5845635888696847, -0.2248300866613695, 0.5271632848369414, -0.014354764950186727, 0.5516124870813783, 0.36018885658228683, 0.09085107671343451, -1.0031401791930072, -1.48915843756446, 1.2816122549560591, -4.680626872506099, 1.5004498517503826, -4.976553482586596, 1.7383252979385047, 0.7486911772355307, 0.8572467616113373, -0.10766742309721314, 3.1494214681961723] 
[0.5739166112249379, -0.23547706430611637, 0.5378102624816883, -0.003707787305439858, 0.5409655094366315, 0.3708358342270337, 0.08020409906868764, -1.013787156837754, -1.4998054152092068, 1.2757929228923077, -4.671652667736742, 1.4913777154806587, -4.970401364110048, 1.7426924146048597, 0.7360176642966636, 0.8433037558222529, -0.0968773016103052, 3.138035646833556] 
[0.5773631238855401, -0.23203055164551412, 0.534363749821086, -0.00715429996604211, 0.5375189967760292, 0.36738932156643145, 0.08365061172928989, -1.0172336694983564, -1.4963589025486046, 1.2830054894188658, -4.664519210034132, 1.492096055042741, -4.973468596108797, 1.7348292476253484, 0.7267980091826844, 0.8368475378601851, -0.1007996489730403, 3.1417175622023987] 
[0.6939809474977068, -0.11541272803334746, 0.41774592620891937, 0.10946352364612455, 0.42090117316386255, 0.4840071451785981, 0.20026843534145655, -1.133851493110523, -1.6129767261607713, 1.3469678685561801, -4.76364666554132, 1.5915164402732547, -5.041330617187709, 1.833187005323569, 0.6878321065953293, 0.9365511720786351, -0.22116022609965302, 3.265923042481143] 
[0.7732528732431447, -0.0361408022879095, 0.3384740004634814, 0.1887354493915625, 0.5001730989093005, 0.5632790709240361, 0.1209965095960186, -1.054579567365085, -1.6922486519062092, 1.3840060947083141, -4.830120065844724, 1.7241787939816677, -4.9214771845021215, 1.6953515790770632, 0.49453915304751284, 0.7816578094040902, -0.15630715711730003, 3.1890793808918794] 
[0.7276232540781251, -0.08177042145292912, 0.38410361962850104, 0.14310583022654288, 0.5458027180743201, 0.5176494517590164, 0.16662612876103822, -1.1002091865301047, -1.6466190327411896, 1.3561096058873479, -4.804714825147387, 1.7550232154931376, -4.9649379236391615, 1.644579710872723, 0.4985736723156102, 0.7357059942931837, -0.19995636646357323, 3.230143451045974] 
[0.5222630555871106, -0.2871306199439436, 0.5894638181195155, -0.062254368264471616, 0.3404425195833056, 0.7230096502500309, -0.038734069729976284, -1.3055693850211192, -1.441258834250175, 0.7544811620261523, -5.402517780530439, 1.6425337425948856, -4.805155738762212, 1.6092274418477495, 0.8389008241330531, 1.097144592885897, 0.016308846363123408, 3.0391824300512575] 
[0.2937818077914116, -0.058649372148244616, 0.36098257032381653, -0.2907356160601706, 0.11196127178760662, 0.95149089804573, 0.18974717806572272, -1.5340506328168182, -1.669740082045874, 1.187785699254383, -4.974393691584396, 1.6800724123117314, -4.999835965711648, 1.3256023103461458, 0.5802434374721928, 1.1624472102407906, 0.27679569947696064, 2.7782535994709203] 
[0.2278900404277877, 0.0072423952153792825, 0.42687433768744043, -0.3566273834237945, 0.04606950442398272, 0.885599130682106, 0.12385541070209882, -1.4681588654531943, -1.735631849409498, 1.2790194938633739, -4.886728123753097, 1.767705276611644, -4.921850913927327, 1.391298299053156, 0.9115901460015812, 1.4913589325541323, 0.20516585748721172, 2.7054177518502938] 
[0.49369064359592585, -0.25855820795275886, 0.1610737345193023, -0.09082678025565638, 0.31187010759212086, 0.6197985275139679, -0.14194519246603932, -1.2023582622850562, -1.4698312462413599, 0.9354381755356614, -5.231017486175019, 1.6325442099245207, -4.579423161761091, 0.9847305198289833, -0.26246360237739585, 0.3225067688562626, -0.03319763020865141, 2.932609147066496] 
[0.5716352989774371, -0.18061355257124756, 0.083129079137791, -0.16877143563716768, 0.38981476297363216, 0.5418538721324566, -0.06400053708452802, -1.2803029176665675, -1.5477759016228712, 0.896178857056581, -5.146575125547043, 1.5223778635700913, -4.66656337588369, 0.8930149507835995, -0.347678650851379, 0.3509059069641942, 0.03692136424296989, 3.004026860812336] 
[0.45045740500967923, -0.05943565860348965, -0.038048814829966915, -0.2899493296049256, 0.26863686900587425, 0.4206759781646987, 0.05717735688322989, -1.1591250236988095, -1.668953795590629, 0.8033049089806408, -5.093392999434579, 1.6457067275168067, -4.5404155584311745, 0.9250544130864073, -0.5645516016538581, 0.1282898252710914, -0.07815138388149642, 2.8853815834948437] 
[0.3044901282608947, 0.08653161814529486, -0.18401609157875143, -0.4359166063537101, 0.12266959225708973, 0.5666432549134832, 0.2031446336320144, -1.305092300447594, -1.8149210723394136, 0.6973886325784573, -5.001238811915508, 1.79131782478357, -4.665959732984108, 0.8316743715642945, -0.48699369840924434, 0.00941048923414707, -0.24099752901792665, 2.7248126115823563] 
[0.27322748291674515, 0.11779426348944444, -0.215278736922901, -0.4046539610095605, 0.1539322376012393, 0.5979059002576328, 0.23440727897616398, -1.3363549457917436, -1.783658426995264, 0.7220143067462128, -5.023459445021411, 1.812126739335823, -4.613598088433978, 0.7721160921407083, -0.5588331923971555, -0.05766933459480281, -0.20364269981957467, 2.7646081939567546] 
[0.6048418320993783, 0.44940861267207755, 0.1163356122597321, -0.7362683101921936, 0.4855465867838724, 0.2662915510749997, 0.5660216281587971, -1.6679692949743767, -1.452044077812631, 1.169305450610222, -4.59178237898145, 1.6330392897116504, -5.151040076571781, 1.4055625457347471, 0.27873415323075934, 0.7410858801603624, 0.10983744231445575, 2.4956459020774915] 
[0.8239721383592524, 0.23027830641220337, 0.3354659185196063, -0.5171380039323195, 0.7046768930437466, 0.48542185733487386, 0.7851519344186713, -1.887099601234251, -1.671174384072505, 1.5841537629991107, -4.209646929294199, 1.4936731735392708, -5.872283074682301, 2.2384462268803316, 0.8431288139928035, 1.0841753440936286, -0.15090612250576213, 2.7407266156704355] 
[0.9961824536440425, 0.05806799112741334, 0.16325560323481625, -0.34492768864752943, 0.5324665777589566, 0.6576321726196639, 0.6129416191338812, -2.059309916519041, -1.843384699357295, 2.156185356178827, -3.6500481201399357, 1.3480826097909882, -6.070807888324224, 2.1983835786818324, 0.9667015080351342, 0.9700758137593506, -0.28995572608948367, 2.9035705120159068] 
[0.6655681137723981, 0.3886823309990577, -0.1673587366368281, -0.6755420285191738, 0.2018522378873122, 0.32701783274801954, 0.9435559590055256, -1.7286955766473966, -1.5127703594856508, 2.0121982299202945, -3.427339276665431, 1.7578673766288828, -5.597731607033515, 1.920459189960907, 1.4656797054888557, 1.6048954241773266, -0.7077237059219861, 3.152946964190454] 
[0.5036752262448232, 0.22678944347148278, -0.329251624164403, -0.8374349160467487, 0.0399593503597373, 0.16512494522044463, 0.7816630714779507, -1.8905884641749715, -1.6746632470132257, 1.6518582731624458, -3.7746111593863585, 1.8277360260938926, -5.681240364233196, 1.776784126420635, 1.248166072179795, 1.4190064474661939, -0.8419145879113763, 2.9955647204638236] 
[0.17153577421072086, -0.10535000856261956, 0.002887827869699322, -1.169574368080851, 0.37209880239383963, 0.49726439725454696, 0.44952361944384833, -1.5584490121408692, -2.006802699047328, 1.0218119752204644, -4.408066543228103, 1.8008384581312056, -4.538490943357602, 0.6309013444198028, 0.8308738606697998, 0.9478091533098374, -0.42802491101477813, 2.6923377660415038] 
[-0.0009360016588466635, -0.2778217844321871, 0.17535960373926684, -0.9971025922112835, 0.1996270265242721, 0.6697361731241145, 0.6219953953134159, -1.7309207880104367, -1.8343309231777605, 0.8168459320798034, -4.5994914564838885, 1.6479623368310763, -4.750848536149807, 0.6772110386586276, 1.1246973371341529, 1.2365733736093647, -0.7047649251072612, 2.4146112892406584] 
[-0.008782315231865567, -0.285668098005206, 0.18320591731228575, -0.9892562786382646, 0.1917807129512532, 0.6618898595510956, 0.6298417088864348, -1.7387671015834556, -1.8421772367507794, 0.8089939631979159, -4.5932085524547555, 1.6537777262512048, -4.754518697111746, 0.6727123501048955, 1.1291132215562052, 1.2304038142253204, -0.6978051412890586, 2.4082195727334863] 
[0.20112876930636503, -0.07575701346697539, 0.39311700185051635, -0.779345194100034, 0.4016917974894838, 0.8718009440893262, 0.41993062434820416, -1.528856017045225, -2.05208832128901, 0.6015127171769737, -4.881572488459827, 1.943237463817737, -4.758152130128282, 0.45142475255792486, 0.9558885147782893, 1.3431320747253261, -0.5340114501617038, 2.233291172105065] 
[0.07281834093896222, -0.2040674418343782, 0.5214274302179192, -0.6510347657326312, 0.5300022258568866, 0.7434905157219234, 0.548241052715607, -1.6571664454126278, -2.180398749656413, 0.4964444867952951, -4.764896239721617, 1.8075382249639729, -4.7559302121951195, 0.6007331403092999, 1.0806387133944315, 1.2960641086964648, -0.44443028931419665, 2.142813813524488] 
[0.14005407151920934, -0.13683171125413107, 0.5886631607981663, -0.5837990351523841, 0.4627664952766395, 0.8107262463021705, 0.6154767832958541, -1.724402175992875, -2.24763448023666, 0.5602266537115556, -4.813371126848001, 1.7264191595248255, -4.813606330853872, 0.5102257477614709, 0.913683002553242, 1.1497417816723963, -0.5690990103345854, 2.0148881129790848] 
[0.34042987500716393, -0.33720751474208566, 0.7890389642861209, -0.3834232316644295, 0.6631422987645941, 1.011102049790125, 0.4151009798078995, -1.9247779794808295, -2.0472586767487053, 0.7435350390727522, -4.9367870484335254, 1.2669918037716905, -5.408250467754531, 0.9573462523653318, 0.924664734382484, 1.332185253067357, -0.17890313357806187, 2.412459989185912] 
[0.2451260986188295, -0.24190373835375123, 0.8843427406744553, -0.28811945527609506, 0.5678385223762596, 1.1064058261784595, 0.5104047561962339, -1.829474203092495, -2.1425624531370397, 0.6491742383895399, -4.933794313322309, 1.5518069536707801, -5.10206033425492, 0.793684602432141, 0.9089564926003055, 1.2317024664288778, -0.23846105221213812, 2.484317712668795] 
[0.47753168198625673, -0.009498154986324003, 1.1167483240418825, -0.055713871908667834, 0.3354329390088324, 0.8740002428110323, 0.7428103395636612, -2.0618797864599223, -1.9101568697696125, 0.3107130717166695, -5.383920988003735, 2.488575651500429, -4.215886368051168, 0.9301888682391524, 1.0762995602484164, 1.0848479648505422, 0.19948503313101454, 2.9166202735879523] 
[0.5401724294829648, 0.05314259251038411, 1.1793890715385906, -0.11835461940537595, 0.39807368650554054, 0.8113594953143242, 0.680169592066953, -1.9992390389632142, -1.8475161222729044, 0.4252855731173342, -5.270919663034593, 3.1083925267242756, -3.594434288653968, 0.8137976126142569, 0.8894187338724608, 0.8979510499696041, 0.3195393701283213, 3.0052187423648062] 
[0.6592029772152834, -0.06588795522193447, 1.060358523806272, 0.0006759283269426319, 0.5171042342378591, 0.6923289475820056, 0.7992001397992716, -1.8802084912308956, -1.966546670005223, 0.32905653175248323, -5.226520562594939, 1.6576311634263916, -5.048162181492868, 0.9321421015077446, 0.6590676849336964, 0.6234242033544253, 0.5183775802613403, 3.162666140685505] 
[0.7735243566585197, -0.18020933466517075, 0.9460371443630358, 0.11499730777017891, 0.6314256136810954, 0.5780075681387693, 0.9135215192425079, -1.7658871117876593, -1.8522252905619867, 0.2802987039717698, -5.119242986311393, 0.7627294979170489, -5.941591101624884, 1.0268734516386249, 0.6082624879533274, 0.6944159360384048, 0.6592788762378978, 3.3130635104756334] 
[0.7080335016780808, -0.2457001896456097, 0.8805462893825968, 0.18048816275061785, 0.6969164686615343, 0.5125167131583304, 0.848030664262069, -1.7003962568072204, -1.9177161455424256, 0.034123190184124186, -5.382115497828749, 1.1383546582327422, -5.5752253259949285, 1.0844176479234677, 0.551671575741861, 0.6225552049627212, 0.5902091105262818, 3.2360751131672054] 
[0.9721755891041219, 0.018441897780431482, 0.6164042019565557, -0.08365392467542332, 0.9610585560875755, 0.2483746257322892, 1.1121727516881101, -1.4362541693811792, -1.6535740581163845, 0.6540925302168819, -4.818035277342324, 1.9130645175353544, -4.791116037897281, 0.5133962816614018, -0.13087402455036012, 0.20374326955254052, 0.4114618936884697, 3.460354316125601] 
[1.0019259607191664, -0.011308473834612975, 0.5866538303415112, -0.05390355306037886, 0.931308184472531, 0.27812499734733365, 1.0824223800730657, -1.4660045409962237, -1.62382368650134, 0.6689386854370531, -4.836079709594, 1.8474221103934825, -4.853164557974891, 0.37224573766769975, -0.27461454287422526, 0.16814912566244547, 0.4381768660646438, 3.4910737532144918] 
[0.5908529915169005, 0.3997644953676529, 0.17558086113924531, -0.46497652226264474, 0.5202352152702652, 0.6891979665495995, 1.4934953492753316, -1.0549315717939578, -2.034896655703606, 3.26551798704943, -2.2418719029191485, 2.708720661961992, -4.014818049871955, 2.1946560196717124, 1.5863672459704947, 0.7644334225973158, 0.9126700367149114, 3.9138818207035433] 
[0.45902312835986336, 0.5315943585246901, 0.04375099798220816, -0.3331466591056076, 0.6520650784273023, 0.5573681033925624, 1.3616654861182944, -0.9231017086369206, -1.9030667925465687, 3.3845541976056346, -2.2668036935361737, 2.8526805465209737, -3.8753103344235003, 2.2286604802486982, 1.4569402540675747, 0.5471852440296554, 0.7021549113372307, 4.039381792094409] 
[0.3995835871728488, 0.4721548173376755, 0.10319053916922272, -0.39258620029262215, 0.7115046196143169, 0.4979285622055478, 1.3022259449312799, -0.9825412498239352, -1.8436272513595542, 3.3303459884213162, -2.253106544868736, 2.7975293073011684, -3.9294867348122207, 2.200825434069417, 1.4929732121264616, 0.434221536774751, 0.5890145866885701, 4.092711151739566] 
[0.2890617487985878, 0.3616329789634145, 0.2137123775434837, -0.5031080386668831, 0.6009827812400559, 0.3874067238312868, 1.1917041065570189, -0.8720194114496742, -1.7331054129852932, 3.1668709765586796, -2.405942523312465, 2.8319028295813355, -4.076422226498593, 2.3372752567604826, 1.4619921342315156, 0.5094062793303318, 0.5201640739998167, 4.199137551214156] 
[0.4425225428715862, 0.5150937730364129, 0.3671731716164821, -0.6565688327398815, 0.4475219871670575, 0.5408675179042852, 1.3451649006300173, -1.0254802055226726, -1.8865662070582916, 3.039149993205135, -2.30939984921077, 2.76290738035901, -3.774505979700288, 1.9244154929612907, 1.1522568204645807, 0.7963969770962063, 0.8260377318231846, 4.059681898532984] 
[0.1602221468669356, 0.7973941690410635, 0.6494735676211327, -0.3742684367352309, 0.16522159116240687, 0.8231679139089358, 1.0628645046253666, -1.3077806015273232, -2.168866603062942, 2.579404562267349, -2.785561281368812, 2.7086740795056152, -4.3349931782084115, 2.43991485115402, 0.9661881329050532, 0.2644381763202823, 0.29455241074537275, 3.745811369941377] 
[-0.07209998571394038, 1.0297163016219395, 0.41715143504025676, -0.14194630415435494, -0.0671005414184691, 0.5908457813280599, 1.2951866372062426, -1.0754584689464473, -1.9365444704820662, 2.7945212613357246, -2.939941127582428, 2.8046070582414937, -4.460979945284742, 2.2010102063967754, 0.5553139543476175, -0.17241751365259578, -0.09383512821617729, 3.4107867312518723] 
[-0.20197744472335444, 0.8998388426125254, 0.2872739760308427, -0.012068845144940887, 0.06277691759094495, 0.4609683223186458, 1.4250640962156567, -1.2053359279558613, -2.0664219294914803, 2.6642787049174745, -2.9301012347581397, 2.6448476707651585, -4.642858377984497, 2.3482231318086733, 0.6666192292523577, -0.2415548825670144, 0.021749549005694577, 3.5505617103704936] 
[0.11222855930943254, 0.5856328385797385, -0.026932028001944275, -0.32627484917772787, -0.25142908644184203, 0.7751743263514328, 1.1108580921828697, -0.8911299239230743, -1.7522159254586933, 2.51306272218414, -4.236900396970041, 1.2703302894389799, -5.203116461487206, 2.688608486871542, 1.0173938828623825, 0.029041059372028055, -0.187366270517202, 3.85127940264613] 
[0.135426732496029, 0.6088310117663349, -0.0037338548153478257, -0.3030766759911314, -0.2746272596284385, 0.7983724995380292, 1.1340562653694661, -0.8679317507364779, -1.7754140986452898, 2.531633392913106, -4.286482094497437, 1.2191205336052693, -5.166012923387352, 2.6473075303445452, 1.0565338296292004, 0.05891751621752296, -0.20003924589555852, 3.8272917987036115] 
[0.29771462084254097, 0.44654312341982294, -0.1660217431618598, -0.14078878764461944, -0.43691514797495046, 0.6360846111915173, 1.296344153715978, -0.7056438623899659, -1.9377019869918017, 2.4085627545758097, -3.9323875062349627, 1.5816556553585313, -5.026788984671417, 2.723904471124022, 1.3095152229277458, 0.4173850220749712, 0.09942339490472665, 3.684642032357624] 
[0.16890782842856922, 0.3177363310058512, -0.037214950747888054, -0.01198199523064769, -0.5657219403889222, 0.764891403605489, 1.1675373613020064, -0.5768370699759942, -2.0665087794057735, 2.5196813093188397, -3.999243259484396, 1.6616015324410254, -4.88016521952973, 2.4877254658766543, 1.5735521348283867, 0.7987547528962224, 0.46257796743772206, 3.8363461423153544] 
[0.3026509340198693, 0.1839932254145511, 0.09652815484341204, 0.1217611103606524, -0.4319788347976221, 0.8986345091967891, 1.3012804668933065, -0.7105801755672942, -2.2002518849970736, 2.4140908661409446, -3.8229489749448438, 1.854652900684742, -5.023122844915143, 2.7243506835050506, 1.3112318799725027, 0.637131019958084, 0.5206402691042663, 3.975999881223929] 
[0.2257406887777691, 0.2609034706566513, 0.17343840008551226, 0.044850865118552186, -0.3550685895555219, 0.9755447544388893, 1.2243702216512062, -0.7874904208093945, -2.277162130239174, 2.299363590569278, -3.9520081458645278, 1.7480452432838816, -5.100350479246116, 2.812784129436207, 1.2339343262471032, 0.756028474113762, 0.6450791641460243, 3.911812863108425] 
[0.35380855759214214, 0.13283560184227827, 0.3015062688998853, 0.17291873393292523, -0.22700072074114885, 1.1036126232532624, 1.3524380904655793, -0.9155582896237675, -2.1490942614248008, 2.393728529512296, -4.107857416328977, 1.5534534693201123, -5.268034598826292, 2.6387951458469097, 1.434086374797848, 0.9009490823079582, 0.5485914036956662, 3.7686773025649547] 
[0.5922665633244506, 0.37129360757458674, 0.5399642746321938, 0.4113767396652337, -0.4654587264734573, 1.3420706289855708, 1.5908960961978877, -1.154016295356076, -1.9106362556924923, 2.043582812265771, -4.433078720044955, 1.8356920467029192, -4.983975293944851, 2.4124443165363108, 1.768250769287565, 1.2888777740432014, 0.8714402091433344, 3.5605303638896677] 
[0.1988056011258479, 0.7647545697731895, 0.14650331243359105, 0.017915777466630978, -0.85891968867206, 0.9486096667869681, 1.197435133999285, -1.5474772575546787, -2.304097217891095, 1.7346297111140128, -4.270627212765279, 1.5634543600646018, -4.803428981561813, 2.1077922389750237, 1.409396133524375, 0.9350440734507298, 1.2348543524902553, 3.1648431155148793] 
[0.353928987375582, 0.6096311835234554, 0.30162669868332515, -0.13720760878310312, -0.7037963024223259, 0.793486280537234, 1.3525585202490191, -1.3923538713049446, -2.459220604140829, 1.5629899123467181, -4.386527332270461, 1.6582979332362067, -4.636866652093827, 2.233075390386539, 1.4814013454014288, 0.7912414700818542, 1.0277113394846704, 2.95916269509808] 
[0.6565761083264654, 0.30698406257257194, -0.0010204222675582741, -0.43985472973398654, -0.4011491814714425, 1.0961334014881174, 1.0499113992981357, -1.695000992255828, -2.1565734831899457, 1.0310552321184472, -5.193446921647688, 0.9697220300649374, -4.5212958523437665, 2.443417261988011, 1.6611121755318488, 0.5501479168793849, 1.3601939124336953, 3.316789287521848] 
[0.6348889424543884, 0.3286712284446489, 0.0206667436045187, -0.4615418956060635, -0.37946201559936554, 1.0744462356160405, 1.0282242334260587, -1.716688158127905, -2.1348863173178687, 0.9813180515067434, -5.241653476767901, 0.979837697124793, -4.483872859623656, 2.4032525595730867, 1.6846920074220069, 0.5388766446254163, 1.3437558254377953, 3.3339887930160903] 
[0.610129335981771, 0.3039116219720315, -0.0040928628680987345, -0.48630150207868095, -0.404221622071983, 1.099205842088658, 1.0034646269534413, -1.6919285516552875, -2.159645923790486, 1.0472517135643824, -5.16830406681107, 1.0243993439077794, -4.44141407198935, 2.36234262551861, 1.6757710571144229, 0.5611114596704598, 1.322883442062246, 3.353047584519647] 
[0.5591512597953319, 0.3548896981584706, -0.05507093905453786, -0.4353234258922418, -0.35324354588554385, 1.0482277659022188, 1.0544427031398804, -1.6409504754688484, -2.2106239999769253, 0.9182926772635804, -5.310939309220344, 0.9381510514202178, -4.358118880973334, 2.287825449975141, 1.5982088221957045, 0.47396930746189625, 1.3666324928413174, 3.3150314083003054] 
[0.21905566095449913, 0.6949852969993033, 0.2850246597862949, -0.7754190247330746, -0.013147947044711117, 1.3883233647430515, 1.3945383019807132, -1.3008548766280157, -1.8705284011360925, 1.711705817949941, -4.3995848090195295, 1.5386087536969186, -4.193895432278437, 2.6618670992469227, 0.9669765780630397, -0.10543662704088252, 0.9041735244061557, 2.8389499851120457] 
[0.21230638944624758, 0.6882360254910518, 0.2782753882780433, -0.768669753224823, -0.01989721855296267, 1.3815740932348, 1.4012875734889647, -1.2941056051197641, -1.877277672644344, 1.719365822408383, -4.394128254128492, 1.534322335051924, -4.19914923331825, 2.658656586147996, 0.9612824041470635, -0.0993490336158288, 0.9108927689056167, 2.8325359954236045] 
[0.14021722675211024, 0.7603251881851891, 0.35036455097218067, -0.6965805905306857, -0.09198638124710001, 1.4536632559289373, 1.473376736183102, -1.3661947678139015, -1.8051885099502067, 1.6135407510430029, -4.601415582152396, 1.33671831158665, -4.21067911677174, 2.738682583466308, 0.875276694366313, -0.18205906600780908, 0.9824942072595576, 2.9081308596109228] 
[0.04879053659259114, 0.66889849802567, 0.25893786081266157, -0.6051539003711666, -0.1834130714066191, 1.5450899460884564, 1.5648034263426212, -1.4576214579734206, -1.8966152001097258, 1.6999340125502913, -4.651118409100936, 1.3881661193180077, -4.253255539986788, 2.6736315853826005, 0.7748694216080226, -0.28098983013616785, 1.0736498445038547, 3.0015738142477564] 
[0.4609107643356971, 0.25677827028256406, 0.6710580885557675, -0.1930336726280606, -0.5955332991497251, 1.1329697183453504, 1.1526831985995152, -1.8697416857165265, -1.4844949723666199, 2.148277708793712, -3.7043779680446267, 2.2524308749870507, -4.94756841070916, 3.4595984769761943, 1.1815388875887, -0.6919120760629667, 0.6611208002440874, 3.4129077812524002] 
[0.5357816558575479, 0.33164916180441484, 0.7459289800776183, -0.2679045641499114, -0.6704041906715759, 1.2078406098672012, 1.227554090121366, -1.9446125772383773, -1.5593658638884706, 2.2027455612120592, -3.751806862560988, 2.274946268883871, -5.021953675835246, 3.562546326095243, 1.1008859296516835, -0.6319740988638214, 0.576812032034628, 3.4905984471153526] 
[0.4778270054642455, 0.27369451141111245, 0.8038836304709207, -0.20994991375660899, -0.7283588410648782, 1.2657952602605036, 1.1695994397280636, -2.0025672276316797, -1.5014112134951683, 2.2195412618262917, -3.8370761467966235, 2.1026867765114043, -5.178342874819195, 3.509004810604162, 1.192140103164842, -0.5430973654459688, 0.507798246511537, 3.5488002422569123] 
[0.16658827092816608, 0.5849332459471919, 1.1151223650070001, 0.10128882077947043, -0.41712010652879883, 1.577033994796583, 1.480838174264143, -1.6913284930956003, -1.8126499480312477, 2.7809190376354525, -3.272089582226929, 2.13394755023118, -4.811988234059088, 3.1947113900826456, 1.0055208453986226, -0.3158345474015214, 0.785259776475024, 3.8532162445608638] 
[-0.06480653753282795, 0.35353843748619784, 1.3465171734679942, 0.33268362924046446, -0.1857252980678048, 1.345639186335589, 1.249443365803149, -1.4599336846346063, -1.5812551395702537, 2.975413459578247, -3.538997704545224, 1.8735216800913423, -4.765099484900413, 3.427477601624519, 0.792263820956183, -0.10212420906399852, 0.5588639215255771, 4.079775221791973] 
[-0.1963961908089118, 0.221948784210114, 1.2149275201919103, 0.4642732825165483, -0.05413564479172095, 1.4772288396116728, 1.3810330190792328, -1.5915233379106901, -1.7128447928463375, 3.1041801684148465, -3.4925340202715156, 0.8674859238803048, -5.780727406323035, 3.2269493858147187, 0.7008865854122419, 0.004948861067422927, 0.6925323635541213, 3.948624413013258] 
[-0.2860268993776742, 0.3115794927788764, 1.1252968116231479, 0.3746425739477859, 0.03549506377704148, 1.3875981310429104, 1.4706637276479952, -1.6811540464794525, -1.8024755014151, 2.985723654530929, -3.3410977775897703, 1.3893845872037782, -5.265934085857167, 3.2171705020241843, 0.7764432082856577, -0.07033814963293658, 0.6005862932572025, 3.8565388964229528] 
[-0.3185873061255826, 0.27901908603096803, 1.0927364048752395, 0.3420821671998775, 0.06805547052494987, 1.4201585377908188, 1.5032241343959036, -1.713714453227361, -1.7699150946671915, 3.0108427286718475, -3.3133892776605425, 1.404329453941008, -5.292363888036378, 3.1802649922114403, 0.7465090540277619, -0.041342142049506994, 0.6318412942114708, 3.824691529706997] 
[-0.709794005334512, -0.11218761317796133, 0.7015297056663101, 0.7332888664088069, -0.3231512286839795, 1.8113652369997482, 1.1120174351869743, -1.3225077540184316, -1.3787083954582622, 2.4574893902509105, -2.7748957995768317, 1.2436514970516102, -5.0862538908440795, 2.8172276093771362, 0.37566998413269126, 0.3168744455077415, 1.0206483604000784, 4.22103818754524] 
[-0.8767254984416084, -0.27911910628505776, 0.8684611987734066, 0.5663573733017104, -0.15621973557688307, 1.6444337438926517, 1.2789489282940707, -1.489439247125528, -1.5456398885653586, 2.559188866492297, -2.674163943899451, 1.248908840516657, -5.411841578563821, 2.484798091392329, 0.23951608947387934, 0.43815911036648336, 0.8324053014316937, 4.403396586175206] 
[-1.0194962536451548, -0.4218898614886042, 0.7256904435698601, 0.423586618098164, -0.013448980373336639, 1.7872044990961982, 1.4217196834976171, -1.3466684919219816, -1.4028691333618122, 3.1301835658512687, -3.2537059952815017, 1.3794597175474608, -5.53812913455631, 2.2968404864105465, 0.03803922535436227, 0.2374500973369489, 0.9773627331068935, 4.259580201029394] 
[-1.1177493507005494, -0.32363676443320966, 0.8239435406252547, 0.5218397151535585, -0.11170207742873117, 1.8854575961515927, 1.3234665864422226, -1.444921588977376, -1.3046160363064176, 3.1530336898034914, -3.4095355620892445, 1.6276352587201266, -5.311803785368379, 2.2678646270571337, -0.07767136464902535, 0.11761900550314014, 1.0789526077963494, 4.355374473246487] 
[-0.8021717901302523, -0.6392143250035067, 1.1395211011955517, 0.20626215458326147, -0.42727963799902824, 1.5698800355812956, 1.0078890258719255, -1.129344028407079, -1.6201935968767147, 0.8171213253166436, -1.0394746389487137, 0.9586745400642296, -5.526127313602616, 1.8921726315881362, 0.323893043173242, 0.5378699139428342, 0.7664294374762657, 4.059763659549381] 
[-0.7391369211710135, -0.7022491939627455, 1.2025559701547905, 0.14322728562402265, -0.3642447690397894, 1.5068451666220568, 1.0709238948311643, -1.0663091594478402, -1.6832284658359535, 0.8192591314029098, -0.933922402972554, 0.7063009544912999, -5.765806521671087, 1.9365167480396714, 0.36628645859836495, 0.49540287892382845, 0.7018421151392461, 3.995190070208217] 
[-0.8391569926444298, -0.6022291224893292, 1.3025760416282068, 0.043207214150606355, -0.2642246975663731, 1.4068250951486405, 1.1709439663045806, -1.1663292309212565, -1.7832485373093698, 0.7628997922124496, -1.0188227193541686, 0.7869758883524556, -5.813946246762469, 1.8325983519218227, 0.43671862308602916, 0.42396439325731927, 0.594939687971435, 3.8901373097157315] 
[-1.0035720689562808, -0.4378140461774782, 1.1381609653163558, 0.2076222904624574, -0.42863977387822416, 1.5712401714604916, 1.0065288899927296, -1.0019141546094055, -1.9476636136212209, 0.9437967294291433, -1.0457021346840292, 1.5883131903363994, -5.015039533529227, 1.6819884522691229, 0.31985375623995366, 0.5349219097571417, 0.42370832759116117, 3.71280110795668] 
[-1.2625536576356957, -0.1788324574980633, 0.8791793766369409, -0.051359298216957505, -0.16965818519880926, 1.3122585827810767, 0.7475473013133147, -1.2608957432888204, -1.688682024941806, 2.131876330035307, -2.2620425496730956, 2.110252897017139, -4.832593502361331, 1.9553428484122954, 0.4941107967022319, 0.36063880711476515, 0.7342045581354164, 4.02326713596774] 
[-0.9832493024797415, 0.10047189765789089, 0.5998750214809867, 0.2279450569389967, -0.44896254035476346, 1.0329542276251225, 1.026851656469269, -1.5402000984447746, -1.4093776697858518, -2.7669035521248664, 2.664494730946126, 0.5475974263220296, -6.304038956731015, 2.244006049986892, 1.3784977294391094, 1.244327856400627, 0.47706356594219596, 3.7228402801846623] 
[-1.1191106901190793, 0.23633328529722863, 0.7357364091203245, 0.09208366929965894, -0.3131011527154257, 0.8970928399857847, 0.8909902688299312, -1.6760614860841123, -1.5452390574251895, -2.8003077165799763, 2.5407698977180004, 0.20929418041412046, -6.663646297187375, 2.0140634522343785, 1.5338734960911824, 1.1686788793786895, 0.32786164769236675, 3.8711056300826048] 
[-1.2438030885604832, 0.36102568373863253, 0.8604288075617283, -0.03260872914174495, -0.18840875427402182, 0.7724004415443808, 1.015682667271335, -1.8007538845255162, -1.6699314558665934, -2.71176717100824, 2.582100313405363, 0.13121818227719004, -6.59671666054236, 1.905578373287905, 1.4718577803986332, 1.2583609099594886, 0.4460202074672047, 3.993910361953361] 
[-1.2277560022447638, 0.34497859742291315, 0.844381721246009, -0.01656164282602557, -0.17236166795830243, 0.7563533552286614, 0.9996355809556157, -1.8168009708412356, -1.6859785421823128, -2.7215252522112805, 2.611226993061262, 0.19115142763449003, -6.5378469254560105, 1.8894134473436903, 1.4635668210622859, 1.2738298892943676, 0.4285970036587109, 4.009072532385605] 
[-1.328179047357839, 0.24455555230983794, 0.9448047663590842, -0.11698468793910077, -0.27278471307137764, 0.8567764003417366, 1.1000586260686909, -1.7163779257281604, -1.5855554970692376, -1.9062755277504269, 1.8046541225353248, 0.4077871168860343, -6.286007473334984, 1.9788727473172896, 1.5295870459770913, 1.2102345200379208, 0.34339277111135974, 4.104361138753849] 
[-1.4531710315839987, 0.11956356808367818, 0.8198127821329244, 0.008007296287058985, -0.3977766972975374, 0.7317844161155769, 1.2250506102948506, -1.5913859415020006, -1.4605635128430778, -4.136122405055233, 4.039513001793895, 0.6933523665227046, -6.1779184421840485, 1.8257465717484307, 1.6495216219506081, 1.1136253135594287, 0.4757425282072538, 3.980245691138582] 
[-1.528409678198937, 0.19480221469861636, 0.7445741355179862, 0.08324594290199716, -0.47301534391247557, 0.807023062730515, 1.1498119636799125, -1.6666245881169388, -1.535802159458016, 1.289730446538214, -1.3870721138357531, 0.5410971341497772, -6.21261810041604, 1.9378879553041246, 1.5208638580570533, 1.0125509252029048, 0.4046661558250993, 3.90765635987632] 
[-1.638830144039492, 0.08438174885806138, 0.8549946013585412, 0.19366640874255214, -0.5834358097530306, 0.6966025968899601, 1.0393914978393575, -1.5562041222763838, -1.425381693617461, -4.348838250841592, 4.252716965114573, 0.9417361953112249, -5.825923839271353, 2.1369370904240785, 1.3056454416026788, 0.8515726325412089, 0.3055202420996663, 3.798646955219333] 
[-1.6072375375105956, 0.052789142329165095, 0.8865872078874375, 0.16207380221365586, -0.6150284162819268, 0.7281952034188564, 1.0709841043682538, -1.58779672880528, -1.3937890870885647, 1.0905467002205436, -1.186969371674988, 1.1015828979295246, -5.679816918567481, 2.1044447329388456, 1.344955206259664, 0.8303607586228432, 0.275882760030203, 3.769230359056406] 
[-1.8918232322730724, 0.33737483709164184, 0.6020015131249608, -0.12251189254882089, -0.3304427215194501, 0.4436095086563796, 0.786398409605777, -1.3032110340428034, -1.6783747818510415, 1.5875127535333013, -1.3997872850982114, 2.302608973191865, -4.480152415536686, 2.0787216145603593, 0.9710116248356335, 0.4453875302119331, 0.5426419418605393, 4.03130741298446] 
[-1.9576419023505558, 0.4031935071691253, 0.6678201832024442, -0.05669322247133746, -0.26462405144196666, 0.37779083857889617, 0.8522170796832604, -1.3690297041202868, -1.612556111773558, 1.6059738377807706, -1.346898527294481, 2.2607847090559985, -4.426326408778763, 1.9717719348761797, 1.0947922118073647, 0.5390273222114812, 0.49722303924959893, 4.093803798934314] 
[-2.0692682575992585, 0.514819862417828, 0.5561938279537415, -0.16831957772004014, -0.15299769619326398, 0.48941719382759885, 0.7405907244345578, -1.4806560593689895, -1.7241824670222607, 2.383536122830009, -2.128658475616873, 2.3276672210901523, -4.272205552468224, 1.8679507870267429, 1.0353662848472238, 0.6542330109610185, 0.6220875451709603, 3.9855394978027583] 
[-2.1147034076787357, 0.4693847123383508, 0.5107586778742643, -0.12288442764056295, -0.19843284627274116, 0.534852343907076, 0.7860258745140349, -1.4352209092895123, -1.6787473169427836, 2.1817106181763126, -1.9240844572908873, 2.303408789924291, -4.335768232621813, 1.9187123150599599, 1.0625992504891728, 0.6207831039560945, 0.6714549706377275, 4.036519029846691] 
[-1.967961450728417, 0.3226427553880322, 0.36401672092394577, 0.0238575293097556, -0.3451748032230597, 0.3881103869567575, 0.9327678314643535, -1.5819628662398308, -1.8254892738931021, 1.4497390663519258, -1.157221310187606, 2.0021443903586205, -4.3309768741782015, 2.0293535151651527, 1.2740877672591213, 0.8568735108821781, 0.8497061381695324, 4.196707937044916] 
[-1.6872761300023242, 0.04195743466193935, 0.0833314001978529, -0.25682779141633727, -0.06448948249696684, 0.6687957076828503, 1.2134531521904464, -1.301277545513738, -1.5448039531670092, 1.4051307145404306, -1.427153607610393, 2.2487248239634474, -4.523656739746639, 2.2566887209135276, 1.4315683241279178, 0.6116002024179295, 0.6077267523357123, 4.441083211044528] 
[-1.6212366320763643, 0.10799693258789933, 0.017291902271892923, -0.1907882934903773, -0.13052898042292682, 0.6027562097568904, 1.2794926501164063, -1.235238047587778, -1.4787644552410493, 1.4157814919842042, -1.3713378842122583, 2.1775976103579353, -4.583538989224775, 2.2096656937342476, 1.3520261109580143, 0.5385872853192754, 0.6600596854519605, 4.374585141972329] 
[-1.5451730952623173, 0.03193339577385235, 0.0933554390859399, -0.2668518303044243, -0.2065925172369738, 0.6788197465709374, 1.3555561869304533, -1.159174510773731, -1.4027009184270023, 12.1372231068245, -12.092735340648773, 2.1614016954982715, -4.488103956812254, 2.105167141274058, 1.451707131854291, 0.6167388245131822, 0.6061650988394564, 4.299864780402401] 
[-1.6708569904385477, -0.09375049940237812, -0.03232845609029056, -0.39253572548065474, -0.08090862206074334, 0.8045036417471678, 1.2298722917542229, -1.0334906155975006, -1.5283848136032328, 12.257596656796016, -12.087420542082718, 2.0430271402102496, -4.4068239250147005, 2.236566435424812, 1.278972074488182, 0.4124325586278332, 0.42224688588378045, 4.180203954764307] 
[-1.5310211920267882, -0.23358629781413764, 0.10750734232146897, -0.2526999270688952, 0.058927176351016186, 0.6646678433354083, 1.3697080901659824, -0.893654817185741, -1.6682206120149923, 12.256178548902852, -11.944830382326078, 2.1874174471355152, -4.515180337727044, 2.142695321487407, 1.1887501990995615, 0.598815803646776, 0.6261622190826244, 4.037884712495278] 
[-1.3071814469336793, -0.009746552721028756, -0.11633240277163992, -0.028860181975786325, -0.1649125687420927, 0.8885075884285172, 1.1458683450728735, -1.11749456227885, -1.8920603571081012, 4.262579890426579, -3.9518523155059064, 2.3211556902578057, -4.682952805661561, 1.9712216039861, 1.427907150475402, 0.7859445023973476, 0.48933120421398024, 3.8119730981710864] 
[-1.3800377881091634, 0.06310978845445536, -0.18918874394712404, 0.04399615919969779, -0.23776890991757682, 0.8156512472530331, 1.2187246862483576, -1.190350903454334, -1.819204015932617, 2.1585437194705137, -1.8478933782154976, 2.3813329643883225, -4.6194110502619825, 2.0537419466252933, 1.3171514905746082, 0.6929205911805671, 0.5481149380620759, 3.891708854054648] 
[-1.4005366283122704, 0.08360862865756236, -0.20968758415023103, 0.06449499940280479, -0.21727006971446983, 0.7951524070499261, 1.2392235264514646, -1.210849743657441, -1.839702856135724, 3.1772275693948693, -2.8665471713683925, 2.386399961621352, -4.600914504875406, 2.0286787195184717, 1.350267629946331, 0.7280588152580387, 0.5755646652276334, 3.873370893289895] 
[-1.16376554368615, -0.15316245596855804, 0.027083500475889366, -0.1722760852233156, 0.01950101491165057, 0.5583813224238057, 1.0024524418253442, -0.9740786590313206, -2.0764739407618444, -10.008413750157027, 10.318357380644438, 2.2808841420862276, -4.353447638745982, 1.847616365322407, 1.0815404150708416, 0.4670922617875163, 0.7333506717494118, 3.6493715938973517] 
[-1.2246374650342453, -0.2140343773166533, -0.033788420872205904, -0.11140416387522034, -0.0413709064364447, 0.6192532437719009, 0.9415805204772489, -1.034950580379416, -2.015602019413749, -10.659524027575785, 10.968721730805516, 2.304451470069733, -4.279051439365522, 1.7723061554963755, 0.9776930924041416, 0.3206640025515547, 0.5940577795292574, 3.558459019128833] 
[-1.1685579694638477, -0.2701138728870509, 0.022291074698191693, -0.16748365944561794, 0.014708589133952898, 0.6753327393422985, 0.8855010249068513, -0.9788710848090183, -1.9595225238433516, -10.66392193168336, 10.912498319394468, 2.3625780028802903, -4.218013538009252, 1.7104648399077294, 0.9473880412533396, 0.3901187394779412, 0.6646184916686376, 3.5177429239949176] 
[-1.2256347456018624, -0.21303709674903626, 0.07936785083620634, -0.11040688330760329, -0.04236818700406175, 0.6182559632042839, 0.8284242487688367, -1.035947860947033, -1.902445747705337, -10.110092133744125, 10.352348381048248, 2.47676169917254, -4.283797422015798, 1.7772280220394896, 0.8346596382796654, 0.24753924865511823, 0.5432989132950936, 3.436515611750387] 
[-1.1820917537021707, -0.25658008864872794, 0.03582485893651466, -0.15394987520729497, 0.0011748048956299328, 0.5747129713045922, 0.8719672406685284, -0.9924048690473413, -1.8589027558056452, -10.15302472656361, 10.351684721577955, 2.4291931510266322, -4.33667801908898, 1.8289320313496888, 0.7659219449297058, 0.18771395022059909, 0.5780230432222149, 3.486634633734732] 
[-1.332409444224922, -0.10626239812597671, 0.1861425494592659, -0.0036321846845437378, 0.15149249541838117, 0.7250306618273434, 1.0222849311912796, -1.1427225595700925, -1.708585065282894, -10.006828698301376, 10.356289383272399, 2.583714843762987, -4.200951595426923, 1.9586683228835882, 0.9895024494699102, 0.39685106230683453, 0.52289031654871, 3.628513747362332] 
[-1.3809418832981173, -0.1547948371991721, 0.13761011038607052, 0.04490025438865164, 0.10296005634518579, 0.7735631009005388, 1.070817370264475, -1.1912549986432879, -1.7571175043560894, -11.4360845630178, 11.785255965831372, 2.606824986820363, -4.1479797329493415, 1.9057871083930735, 0.9526571456667572, 0.44851632664761926, 0.5822102971651111, 3.583846361645534] 
[-1.4076804431413237, -0.1280562773559657, 0.11087155054286413, 0.07163881423185803, 0.0762214965019794, 0.8003016607437452, 1.0975559301076814, -1.2179935584864943, -1.730378944512883, -10.511812377963926, 10.860239872817708, 2.657681320142946, -4.166752496985994, 1.9302046975995812, 0.9323628779203289, 0.4624746561708316, 0.5563370149146709, 3.554973573438958] 
[-1.3002580437589195, -0.23547867673836986, 0.0034491511604599623, -0.03578358515054614, 0.18364389588438357, 0.9077240601261494, 1.2049783294900855, -1.3254159578688984, -1.6229565451304788, -15.651754201115157, 16.002564616189076, 2.4289263209376775, -4.306918493726916, 1.8215825203423104, 1.0976254924476931, 0.6574663401737633, 0.7135554068239892, 3.673081212066585] 
[-1.4470956813064682, -0.08864103919082122, 0.1502867887080086, 0.1110540523970025, 0.03680625833683493, 0.7608864225786007, 1.3518159670376342, -1.472253595416447, -1.7697941826780275, -13.320709693126904, 13.67158466071638, 2.426920905228446, -4.458345046145189, 1.9518540918799585, 0.902739242475771, 0.43131850762116297, 0.5324235613703773, 3.5229666667813326] 
[-1.469181827177355, -0.06655489331993447, 0.17237293457889535, 0.13314019826788925, 0.014720112465948176, 0.7829725684494875, 1.3297298211667474, -1.4943397412873338, -1.7477080368071407, -15.235778760260624, 15.58666225226207, 2.4253513550503487, -4.478408243752187, 1.972452520961671, 0.9295178455661725, 0.4590206757423621, 0.5555347308045352, 3.501868202126224] 
[-1.3538819448782782, -0.1818547756190112, 0.2876728168779721, 0.24844008056696598, -0.10057976983312855, 0.8982724507485642, 1.2144299388676707, -1.379039858988257, -1.8630079191062174, -30.99121964887115, 31.342781716639088, 2.2219078547336277, -4.380681264188073, 2.101970001096144, 1.068597760241258, 0.5922903893030655, 0.4518899345775136, 3.612826102197665] 
[-1.4987975418557404, -0.32677037259647346, 0.43258841385543434, 0.10352448358950372, 0.044335827144333706, 0.753356853771102, 1.359345535845133, -1.2341242620107948, -1.7180923221287552, -31.018599879396984, 31.522170105034306, 2.00287390247852, -4.629956967261261, 1.9096530684517286, 0.885890686155522, 0.4101645083853199, 0.5633286155346785, 3.4789047719666186] 
[-1.4641740559792318, -0.2921468867199648, 0.467211899731943, 0.13814796946601238, 0.07895931302084236, 0.7879803396476106, 1.3247220499686243, -1.1995007761342862, -1.7527158080052638, -31.01177164538373, 31.55159458295399, 1.943191996771563, -4.691848022680925, 1.8701941346763404, 0.915917041889969, 0.38695999724705005, 0.593517536743165, 3.5144059503250187] 
[-1.6339230645148994, -0.12239787818429715, 0.29746289119627534, 0.30789697800168003, 0.24870832155651001, 0.9577293481832783, 1.1549730414329566, -1.0297517675986185, -1.5829667994695962, -27.34638697162082, 27.880439570170573, 2.354839272582312, -4.36077401843402, 1.7516240017283304, 1.1082935780435226, 0.5563456693416315, 0.45860833279421565, 3.3391164688902952] 
[-1.5992104522662025, -0.15711049043299408, 0.2627502789475784, 0.34260959025037696, 0.2139957093078131, 0.9230167359345813, 1.1896856536816536, -1.0644643798473155, -1.617679411718293, -27.375435481020315, 27.87472138355218, 2.3848046575253603, -4.377746377144154, 1.7852142457173923, 1.135292068105974, 0.5180969215006012, 0.41367251913748887, 3.373639725961006] 
[-1.717882475487155, -0.038438467212041694, 0.3814223021685308, 0.22393756702942458, 0.33266773252876547, 1.0416887591555337, 1.0710136304607012, -1.1831364030682678, -1.7363514349392455, -18.021755608530462, 18.52077653920685, 2.26213587593263, -4.2281098088102524, 1.9763868343869322, 1.3429456919698266, 0.745490946138649, 0.5923472947243034, 3.25769154030681] 
[-1.7902356099331485, 0.03391466723395187, 0.30906916772253723, 0.29629070147541814, 0.40502086697475903, 0.9693356247095402, 0.9986604960147076, -1.2554895375142614, -1.663998300493252, -11.712818997566643, 12.211456886168383, 2.116425530317749, -4.339438945802076, 2.047583656564354, 1.4706932309824428, 0.8578925700330581, 0.5332120057913405, 3.181014588288721] 
[-1.7980810839072277, 0.041760141208031065, 0.30122369374845803, 0.30413617544949734, 0.39717539300067983, 0.961490150735461, 1.0065059699887868, -1.2476440635401822, -1.6718437744673311, -12.031309835507235, 12.5299177890956, 2.124835634444346, -4.329795368578463, 2.0450521701675686, 1.4840518979903299, 0.8726454079915129, 0.5428803017602677, 3.1736322749924244] 
[-1.5898761180358143, 0.24996510707944442, 0.09301872787704468, 0.09593120957808399, 0.6053803588720932, 0.7532851848640476, 0.7983010041173735, -1.4558490294115956, -1.4636388085959178, -19.91120856112969, 20.41099269003918, 1.8664655137460644, -4.256833421753943, 1.8093156416580998, 1.2626019858702078, 0.9630085730366742, 0.35872099578559324, 3.3724161277791986] 
[-1.644796135232525, 0.1950450898827336, 0.14793874507375548, 0.041011192381373185, 0.5504603416753824, 0.8082052020607584, 0.8532210213140843, -1.5107690466083064, -1.5185588257926286, -18.14971134149147, 18.649354966537725, 1.9253315350463363, -4.305191062707181, 1.8257514208212517, 1.178642847916318, 0.8717361326935822, 0.3020932560049239, 3.3216951829895502] 
[-1.5837372423338891, 0.13398619698409764, 0.08687985217511951, 0.10207008528000916, 0.6115192345740184, 0.7471463091621224, 0.7921621284154483, -1.4497101537096704, -1.4574999328939926, -18.163123650741152, 18.60065421053537, 1.979228745727677, -4.359535675176775, 1.7947065183479827, 1.2669776470394978, 0.9667083648630346, 0.241836242998107, 3.384819193674779] 
[-1.659011264651376, 0.05871217466661083, 0.011605829857632699, 0.17734410759749597, 0.6867932568915052, 0.6718722868446356, 0.7168881060979615, -1.5249841760271572, -1.5327739552114794, -9.846854091851554, 10.28443252781458, 1.9238798368968413, -4.294034601525418, 1.734088888388909, 1.2889645980917006, 0.8953386347876325, 0.1675313056081108, 3.3154016983893624] 
[-1.6221816304141612, 0.09554180890382558, 0.04843546409484745, 0.21417374183471072, 0.6499636226542904, 0.7087019210818504, 0.7537177403351762, -1.4881545417899424, -1.4959443209742647, -9.848164789850287, 10.24871339369701, 1.961187271870821, -4.268327573434204, 1.6494321356266293, 1.183873358754653, 0.821178255254567, 0.20158806236458296, 3.351256412135663] 
[-1.6148560680039736, 0.10286737131401313, 0.04110990168465989, 0.20684817942452316, 0.657289185064478, 0.7013763586716628, 0.7610433027453638, -1.4808289793797549, -1.5032698833844522, -9.854680495246248, 10.247898751013585, 1.9543440497736562, -4.25817027692525, 1.6680942709284714, 1.205301317045381, 0.8363293647030186, 0.19529180461046286, 3.3442729963539053] 
[-1.7931095180159247, -0.0753860786979379, 0.21936335169661092, 0.02859472941257213, 0.47903573505252695, 0.5231229086597118, 0.9392967527573148, -1.3025755293678039, -1.6815233333964033, -9.702886008858858, 10.274524164139436, 2.1274999939463757, -4.382570001159222, 1.956959131858567, 1.491681146263614, 0.771909663221452, 0.3622167989675723, 3.5144034957334287] 
[-1.7851223302806822, -0.06739889096269547, 0.22735053943185335, 0.03658191714781456, 0.4710485473172845, 0.5311100963949542, 0.9472839404925573, -1.3105627171030463, -1.6735361456611608, -9.407816835715476, 9.979360522630339, 2.116002526655331, -4.376697693095332, 1.9722607404296115, 1.5096432411851424, 0.7866869574159926, 0.3734892179666691, 3.5230997445096097] 
[-1.6463885436375385, 0.07133489568044826, 0.08861675278870962, 0.1753157037909583, 0.3323147606741408, 0.6698438830380979, 0.8085501538494135, -1.44929650374619, -1.8122699323043046, -3.826490897821472, 4.396650557868974, 1.9201436582816411, -4.284212416438177, 1.9019595338225155, 1.6771336858509185, 1.000127616713724, 0.543206887527357, 3.3941870136319614] 
[-1.6635848954426748, 0.08853124748558461, 0.07142040098357327, 0.19251205559609463, 0.34951111247927713, 0.6870402348432343, 0.8257465056545499, -1.4321001519410537, -1.829466284109441, -3.844674420485743, 4.397643080133678, 1.9008596597037837, -4.308168502355748, 1.871005792225251, 1.6381251802729289, 0.9655406288326998, 0.5201966874292736, 3.3732189238968386] 
[-1.6794700511872378, 0.07264609174102166, 0.05553524523901032, 0.20839721134065758, 0.3653962682238401, 0.6711550790986713, 0.8098613499099869, -1.4479853076856166, -1.8453514398540038, -3.84516798053835, 4.414157232728246, 1.8837896151978653, -4.323217799794148, 1.8823097145595498, 1.63087927508523, 0.979653096930035, 0.5348957686007654, 3.3598585663213325] 
[-1.6130202581958564, 0.006196298749640228, -0.010914547752371107, 0.14194741834927616, 0.4318460612152215, 0.6047052861072899, 0.8763111429013684, -1.514435100676998, -1.7789016468626224, -3.910668590106635, 4.413199891622031, 1.8138180532798593, -4.388378989465401, 1.9086316525565863, 1.5302234533012233, 0.8762634340996429, 0.5835063436529699, 3.302428708664776] 
[-1.6150563239334268, 0.008232364487210653, -0.012950613489941531, 0.13991135261170573, 0.4298099954776511, 0.6026692203697195, 0.8783472086389388, -1.5123990349394276, -1.7809377126001928, -1.6740336753482272, 2.17656463620003, 1.8164219553896825, -4.386793819020699, 1.9053410561637474, 1.5259455365705845, 0.872873428948614, 0.5851821085182871, 3.3006138708802637] 
[-1.4303856532092247, 0.19290303521141272, 0.17172005723426054, 0.3245820233359078, 0.24513932475344902, 0.4179985496455174, 0.6936765379147367, -1.3277283642152256, -1.965608383324395, 180.57519064355753, -180.0726377666887, 1.6961349480553647, -4.231336768648192, 1.6627095989632157, 1.2974686809365237, 0.9904278844836054, 0.8025974491448725, 3.5141892804836607] 
[-1.439746588814792, 0.18354209960584544, 0.16235912162869326, 0.3339429589414751, 0.23577838914788174, 0.40863761403995014, 0.703037473520304, -1.3183674286096583, -1.9749693189299622, 180.2355626962225, -179.7327845071842, 1.7129410298415033, -4.241018240094579, 1.6528946318228075, 1.3093477089296046, 1.0055583255376774, 0.8180463035298102, 3.5279848427967306] 
[-1.4343769313449108, 0.1889117570757266, 0.1569894641588121, 0.3285733014715939, 0.23040873167800058, 0.403267956570069, 0.7084071309901852, -1.3129977711397771, -1.9803389763998434, 180.45363856963854, -179.95099560570856, 1.701595181365643, -4.246614693619968, 1.6575901890971798, 1.3147102636214112, 1.0023079076361336, 0.8216811634013544, 3.5236711196728954] 
[-1.404011557714039, 0.21927713070659838, 0.18735483778968387, 0.3589386751024657, 0.26077410530887235, 0.43363333020094075, 0.7387725046210569, -1.3433631447706489, -1.9499736027689716, 180.44999350803042, -179.97845502187292, 1.676183930349114, -4.207764835696534, 1.6968357906327953, 1.298741192227558, 1.0250338497192937, 0.8019771819920474, 3.5482752007748712] 
[-1.4893522911937325, 0.13393639722690498, 0.10201410430999047, 0.4442794085821591, 0.17543337182917895, 0.5189740636806341, 0.8241132381007503, -1.2580224112909555, -1.8646328692892782, 182.72844869153448, -182.25698980845263, 1.6717808082306078, -4.260062916489773, 1.7981722285884745, 1.4513755299576752, 1.1752876143806463, 0.9406275492492586, 3.6705812175072112] 
[-1.4321333746133362, 0.07671748064650874, 0.04479518772959423, 0.38706049200176285, 0.11821445524878271, 0.5761929802610304, 0.8813321546811466, -1.2008034947105592, -1.9218517858696744, 182.67284120257023, -182.25862120621147, 1.7329183631796214, -4.216867701044106, 1.7516293677561854, 1.3964974681618827, 1.2015450022538738, 0.8755686012262116, 3.6011850444326154] 
[-1.4559693136947836, 0.10055341972795606, 0.02095924864814691, 0.3632245529203155, 0.09437851616733539, 0.6000289193424777, 0.8574962155996992, -1.2246394337920066, -1.898015846788227, 182.67539522064743, -182.23706964447905, 1.7553780663166705, -4.255670254609051, 1.7091807062449886, 1.3519160417725784, 1.1525625544650187, 0.8336682036204413, 3.568803401556183] 
[-1.448983999475061, 0.10753873394767854, 0.027944562867869394, 0.370209867140038, 0.08739320194761291, 0.6070142335622002, 0.8505109013799768, -1.231624748011729, -1.9050011610079496, 182.6685432210252, -182.23720452413284, 1.7621561669792534, -4.26622171022238, 1.698722765857097, 1.3554743827575517, 1.14531296412242, 0.8262389435531342, 3.5743189468854464] 
[-1.5033000405645822, 0.1618547750371997, 0.08226060395739054, 0.42452590822955916, 0.14170924303713406, 0.6613302746517213, 0.9048269424694979, -1.177308706922208, -1.8506851199184284, 182.72314172743071, -182.23749075158418, 1.7068211456453786, -4.305424291875273, 1.744648319671736, 1.4412677141793158, 1.2211057084851735, 0.7742433657216993, 3.509394010789531] 
[-1.515399742578758, 0.14975507302302393, 0.0943603059715663, 0.4124262062153834, 0.1296095410229583, 0.6492305726375456, 0.9169266444836737, -1.1652090049080321, -1.8385854179042527, 183.51988201996903, -183.03433676263626, 1.687450884009332, -4.287008610021828, 1.763712576922236, 1.4361554410034718, 1.2345524183135175, 0.7879763138340817, 3.499459023173891] 
[-1.449837053695422, 0.08419238413968788, 0.028797617088230254, 0.47798889509871945, 0.19517222990629435, 0.5836678837542095, 0.8513639556003376, -1.2307716937913682, -1.7730227290209166, 183.5068791478477, -183.08757317047005, 1.6252746849575503, -4.242203359288991, 1.724666998354513, 1.5293235007720885, 1.3203543796759654, 0.7329175581750134, 3.4257537611523623] 
[-1.4108913353564674, 0.04524666580073333, -0.010148101250724295, 0.516934613437674, 0.1562265115673398, 0.6226136020931641, 0.8124182372613831, -1.1918259754524136, -1.734077010681962, 179.87397162951933, -179.4542888335007, 1.699175072479682, -4.316670254453409, 1.6417452147725182, 1.4570436907635789, 1.2602309227052735, 0.7547582791127521, 3.389533210212853] 
[-1.52640046769368, -0.07026246653647927, 0.10536103108648831, 0.4014254811004614, 0.2717356439045524, 0.5071044697559515, 0.9279273695985957, -1.3073351077896262, -1.8495861430191747, 171.43900412076744, -171.01868926203528, 1.8735019999804206, -4.097498061711397, 1.8572410821685137, 1.3932715370360682, 1.3310522794886972, 0.6657379223481635, 3.495796269851665] 
[-1.3880193018211209, -0.20864363240903838, -0.0330201347860708, 0.2630443152279023, 0.1333544780319933, 0.6454856356285106, 1.0663085354711548, -1.1689539419170671, -1.7112049771466156, 211.53023346436686, -211.1098638130003, 1.8381957544027154, -4.316489453226125, 1.6509907873829865, 1.4585604137862158, 1.2292644206324541, 0.766076506154785, 3.3733973973074143] 
[-1.275758757968351, -0.32090417626180834, 0.07924040906669916, 0.37530485908067224, 0.24561502188476325, 0.7577461794812805, 0.9540479916183848, -1.0566933980642972, -1.5989444332938456, 214.59798059771933, -214.18204172384657, 2.0692261246169408, -4.418110236128757, 1.720272114681754, 1.2947031362738866, 1.0255800879844976, 0.6044700486721477, 3.475596880229656] 
[-1.162915071027765, -0.20806048932122234, -0.03360327787388684, 0.26246117214008624, 0.35845870882534925, 0.6449024925406945, 1.0668916785589708, -1.1695370850048832, -1.7117881202344316, 214.59537230212837, -214.05488462625152, 1.9385774792791697, -4.506522595278428, 1.8149628278095475, 1.3749313169165533, 0.9006378883902775, 0.4567887831916624, 3.586347320810807] 
[-1.1907096694405404, -0.23585508773399777, -0.00580867946111141, 0.2346665737273108, 0.3306641104125738, 0.67269709095347, 1.0946862769717463, -1.1417424865921078, -1.739582718647207, 214.3028780086763, -213.76017328257186, 1.8871874282205536, -4.523483370013201, 1.8528592123286787, 1.42744987628021, 0.9538488576018034, 0.49755079440222183, 3.561098833169538] 
[-1.2516147394269623, -0.29676015772041975, 0.05509639052531057, 0.2955716437137328, 0.26975904042615184, 0.611792020967048, 1.1555913469581682, -1.2026475565785297, -1.800487788633629, 214.9271901825687, -214.38415449072122, 1.8799226004861436, -4.440845726718066, 1.9514986753658716, 1.5066500294192073, 0.9313882237340246, 0.5565136291880217, 3.626132108793361] 
[-1.3104274122907746, -0.23794748485660744, -0.003716282338501742, 0.23675897084992048, 0.21094636756233953, 0.6706046938308603, 1.096778674094356, -1.261460229442342, -1.8593004614974413, 215.56730996241924, -215.02436817506947, 1.8818781597409278, -4.3989281654677335, 1.8908778094516556, 1.441682546096168, 0.9604834657355839, 0.5000907635760415, 3.5624847801051027] 
[-1.3753137082405864, -0.17306118890679567, 0.061170013611310026, 0.30164526679973225, 0.14606007161252776, 0.6057183978810485, 1.1616649700441677, -1.1965739334925303, -1.7944141655476296, 216.63193192925854, -216.08897166473173, 1.8812877063797397, -4.31235495875036, 1.98542594014642, 1.5031757200648068, 0.8938964487533512, 0.41169461589871637, 3.4866631430806616] 
[-1.3977718312287308, -0.15060306591865125, 0.0387118906231656, 0.3241033897878767, 0.1685181946006722, 0.5832602748929041, 1.1841230930323121, -1.1741158105043858, -1.7719560425594851, 216.61043273532687, -216.08996403590848, 1.8605880669658257, -4.282348697793307, 2.0152112280354526, 1.4902560315747388, 0.9212771478457149, 0.4400490231159272, 3.466533286420398] 
[-1.370693626539321, -0.17768127060806105, 0.0116336859337558, 0.29702518509846687, 0.1414399899112624, 0.6103384795823139, 1.1570448883429023, -1.2011940151937957, -1.799034247248895, 216.6099165702283, -216.11723740987892, 1.887625902272945, -4.302869240990307, 2.032988472374469, 1.4686786403623735, 0.9366212174939743, 0.415553498113858, 3.437752698895681] 
[-1.5768915913154977, -0.38387923538423774, 0.2178316507099325, 0.5032231498746436, 0.3476379546874391, 0.8165364443584906, 0.9508469235667256, -1.4073919799699723, -1.5928362824727182, 216.60758739609264, -216.3285843993076, 2.0981533622060997, -4.5855538542608905, 1.7610441986400844, 1.6149519554521854, 0.8056174115689674, 0.5698631777548232, 3.244644023111719] 
[-1.7177328143974613, -0.24303801230227418, 0.07699042762796893, 0.36238192679268, 0.48847917776940264, 0.675695221276527, 1.0916881466486892, -1.2665507568880088, -1.7336775055546818, 218.545154380533, -218.2663785942069, 1.9016922181059162, -4.877795022667018, 1.4969476133657973, 1.6448819363831881, 0.6625823435121803, 0.41424963316087526, 3.1018368587044565] 
[-1.6143191268788541, -0.13962432478366704, -0.026423259890638207, 0.25896823927407286, 0.3850654902507955, 0.5722815337579199, 1.1951018341672963, -1.1631370693694016, -1.837091193073289, 215.86670037895655, -215.58447034544315, 2.094433865922969, -4.94777796583173, 1.5609505839851718, 1.5935718135465826, 0.78115912349578, 0.5503275416341465, 3.214955819953224] 
[-1.619906954719493, -0.14521215262430598, -0.032011087731277144, 0.2533804114334339, 0.39065331809143444, 0.5778693615985588, 1.1895140063266574, -1.1687248972100406, -1.83150336523265, 215.86542736950304, -215.58883169684506, 2.0889902392690023, -4.954523572892666, 1.5554902662211643, 1.5992325532972331, 0.790605680235298, 0.5594109487543504, 3.2213488469695504] 
[-1.5206008546785057, -0.24451825266529337, 0.06729501230971024, 0.15407431139244654, 0.29134721805044705, 0.47856326155757145, 1.09020790628567, -1.0694187971690532, -1.9308094652736374, 215.9444838328617, -215.56834196629845, 1.9923313338161117, -5.036125483167958, 1.6191180911130512, 1.5449110618737385, 0.925417719257963, 0.7096693315893391, 3.3339178940421332] 
[-1.4772165778468747, -0.2879025294969244, 0.023910735478079204, 0.19745858822407758, 0.3347314948820781, 0.4351789847259404, 1.046823629454039, -1.1128030740006842, -1.8874251884420064, 217.35778805926924, -216.98204135736856, 2.0565347150144966, -4.978948907671534, 1.6849348361868999, 1.6006621374271315, 0.9047433144779743, 0.7396477023861395, 3.2948150540304475] 
[-1.5973334436625422, -0.1677856636812569, -0.09620613033758829, 0.3175754540397451, 0.2146146290664106, 0.3150621189102729, 0.9267067636383715, -1.2329199398163517, -1.7673083226263389, 214.7247401190943, -214.34972482440216, 2.1104329503324886, -4.818658673000785, 1.895269874311781, 1.8078684359437631, 1.0334927205188076, 0.645606101857261, 3.161557902602011] 
[-1.6530548610752724, -0.2235070810939872, -0.15192754775031858, 0.37329687145247537, 0.1588932116536803, 0.3707835363230032, 0.9824281810511017, -1.1771985224036214, -1.7115869052136086, 214.70631045428556, -214.38756104657364, 2.047117558556087, -4.736110639901309, 1.9648473241872675, 1.7495777700307256, 0.9457417282974527, 0.5605654305659902, 3.096429887436379] 
[-1.6741607464628174, -0.2446129664815322, -0.1308216623627736, 0.39440275684002035, 0.1799990970412253, 0.3918894217105482, 0.9613222956635568, -1.1560926370160765, -1.6904810198260636, 213.9443689855556, -213.6252503170697, 2.0875633699606855, -4.776983420613642, 1.9249282407113482, 1.7185202034318416, 0.9232301485726875, 0.5765785188629831, 3.118687534973939] 
[-1.6991974682795536, -0.21957624466479597, -0.1558583841795098, 0.36936603502328413, 0.15496237522448908, 0.366852699893812, 0.9362855738468205, -1.1811293588328127, -1.6654442980093274, 214.6752193381157, -214.35662348769017, 2.0460952316050287, -4.791431268864346, 1.940251342298989, 1.690381420734558, 0.8979270949250555, 0.5955298629043868, 3.144909756396674] 
[-1.8453521869353189, -0.3657309633205612, -0.009703665523744576, 0.2232113163675189, 0.008807656568723843, 0.22069798123804674, 0.7901308551910553, -1.0349746401770474, -1.8115990166650926, 214.65218241476967, -214.48381715512974, 1.9249589925739354, -4.993316709737064, 1.7335246071939605, 1.7690326433500974, 0.7088083011681918, 0.38723234870783935, 2.9879605659551607] 
[-1.6629917408897583, -0.5480914093661218, 0.172656780521816, 0.40557176241307946, 0.1911681026142844, 0.03833753519248617, 0.6077704091454947, -1.217335086222608, -1.629238570619532, 216.62520391439955, -216.4759075704148, 1.5514955157442119, -5.224499410225664, 1.4980419638055094, 1.5361846586035046, 0.3938904671155762, 0.11404388593443865, 3.13089701592437] 
[-1.6691560147380713, -0.5419271355178088, 0.17882105437012896, 0.3994074885647665, 0.19733237646259738, 0.0321732613441732, 0.6016061352971818, -1.223499360070921, -1.623074296771219, 216.66573916726796, -216.51634897998662, 1.5551689749580195, -5.228801300761746, 1.5016253812355969, 1.5308009267037446, 0.39891990209396394, 0.10914039398669563, 3.136840705812933] 
[-1.6425221602304099, -0.5152932810101474, 0.15218719986246754, 0.37277363405710506, 0.2239662309702588, 0.005539406836511773, 0.6282399898048432, -1.1968655055632595, -1.5964404422635576, 216.84308705059178, -216.69312399175178, 1.5764614600803626, -5.204086687950994, 1.4885446232697614, 1.554503737927022, 0.3770174473831786, 0.130513529611579, 3.1110726288690644] 
[-1.7045966567351911, -0.4532187845053661, 0.09011270335768629, 0.4348481305618863, 0.16189173446547755, 0.06761390334129302, 0.5661654933000619, -1.2589400020680408, -1.6585149387683389, 216.8171839816572, -216.73480042078342, 1.5167751241656704, -5.172806142491251, 1.4217035374967784, 1.4783777149384854, 0.32529946065897725, 0.18030509578039386, 3.0499597020392546] 
[-1.7185924717572902, -0.439222969483267, 0.07611688833558716, 0.44884394558398544, 0.14789591944337843, 0.08160971836339215, 0.5801613083221611, -1.27293581709014, -1.672510753790438, 216.95128294096213, -216.86959528716056, 1.4941540838774665, -5.183485622193287, 1.4337210453016938, 1.4951333713618449, 0.34319528072274963, 0.19831356483583593, 3.0652227761011788] 
[-1.6245882078952079, -0.3452187056211846, 0.17012115219766955, 0.35483968172190306, 0.05389165558129605, -0.012394545498690235, 0.6741655721842434, -1.1789315532280575, -1.5785064899283556, 217.89477553346097, -217.81851612968998, 1.3293885063652258, -5.369141296485556, 1.2434287036495058, 1.367882861217115, 0.22357364704295535, 0.09206110673605979, 3.1506009143310068] 
[-1.9487101837647032, -0.021096729751689303, 0.49424312806716486, 0.03071770585240774, 0.37801363145079137, 0.3117274303708051, 0.9982875480537388, -0.8548095773585622, -1.902628465797851, 217.765343794672, -218.02571267400074, 1.0676281259191398, -4.926824178830333, 1.7034652827648393, 1.0644392731167205, 0.4879549609824932, -0.17084775292746296, 2.825015388337323] 
[-1.968675917271117, -0.0011309962452754618, 0.5142088615735787, 0.010751972345993899, 0.3979793649572052, 0.29176169686439124, 0.9783218145473249, -0.8348438438521484, -1.882662732291437, 217.75323825378192, -218.03417150136542, 1.1052916015610927, -4.889367747997033, 1.6890134545748534, 1.0774623291943557, 0.47585626353718086, -0.15969591657487814, 2.806534517159457] 
[-1.9668533180379768, 0.0006916029878647478, 0.5160314608067189, 0.012574571579134108, 0.3998019641903454, 0.29358429609753145, 0.9801444137804651, -0.8366664430852886, -1.880840133058297, 217.77657862115558, -218.05751257979958, 1.1017099677228372, -4.8929262408278955, 1.691981834196268, 1.0806321238641838, 0.4775140188325598, -0.16088500352605117, 2.804560907378749] 
[-2.047768550288893, 0.0816068352387811, 0.43511622855580256, -0.06834066067178224, 0.48071719644126176, 0.2126690638466151, 1.0610596460313815, -0.9175816753362049, -1.7999249008073805, 217.7345713230763, -218.09968512944545, 1.156833326984916, -4.945220563892453, 1.833273242380356, 1.2441072447583774, 0.679073347290205, 0.02005902938506704, 2.746470757734155] 
[-2.017436024257112, 0.051274309206999824, 0.4047837025240213, -0.03800813464000097, 0.511049722473043, 0.18233653781483383, 1.0307271199996002, -0.9479142013679862, -1.7695923747755993, 217.71148253695182, -218.107866148507, 1.106505407820545, -4.993589601084988, 1.7775865267558915, 1.1819929874761312, 0.6060295369399407, -0.05137187487123025, 2.70985149029037] 
[-2.0372135996929543, 0.03149673377115736, 0.42456127795986376, -0.018230559204158503, 0.49127214703720057, 0.2021141132506763, 1.0109495445637577, -0.9281366259321437, -1.7498147993397568, 217.907931257912, -218.3040108729049, 1.0781097423159602, -5.025672988412044, 1.8151961480657746, 1.2170601564071946, 0.5717594736333849, -0.0866207361100132, 2.726721832366545] 
[-1.9643866571167266, -0.041330208805070434, 0.35173433538363597, 0.05459638337206929, 0.4184452044609728, 0.2749410558269041, 0.93812260198753, -1.0009635685083715, -1.676987856763529, 217.86653664234603, -218.33921961464057, 1.0266934090854125, -4.974764799807527, 1.8666283781327286, 1.1723717952339705, 0.6182862097397082, -0.1310426420915304, 2.7961861586837777] 
[-1.9819069864131365, -0.023809879508660536, 0.36925466468004586, 0.03707605407565939, 0.4359655337573827, 0.292461385123314, 0.9556429312839398, -0.9834432392119616, -1.694508186059939, 217.8744533464077, -218.32881199478018, 1.0396288615815457, -4.988554241746046, 1.8513474225626543, 1.179759417098801, 0.5898877547887421, -0.1596092958147479, 2.812199011932573] 
[-1.8010106557673318, -0.20470621015446522, 0.18835833403424118, 0.21797238472146407, 0.255069203111578, 0.47335771576911867, 0.7747466006381352, -0.802546908566157, -1.8754045167057436, 217.95460812647696, -218.2188822660971, 1.3201074417837528, -4.715079442421475, 1.5783753304083563, 0.9306846435744998, 0.8691886974953104, 0.15414910598228262, 3.011693706169375] 
[-1.6492909003193645, -0.35642596560243245, 0.3400780894822084, 0.06625262927349684, 0.10334944766361076, 0.32163796032115144, 0.6230268451901679, -0.9542666640141242, -2.027124272153711, 217.94149660934482, -218.0459743081028, 1.5108043864694563, -4.5413430387352225, 1.519422678126649, 1.1909072529979672, 1.254395764912668, 0.5042252089247065, 3.2173689188321917] 
[-1.7058783759558231, -0.29983848996597384, 0.2834906138457498, 0.12284010490995545, 0.046761972027152154, 0.37822543595761005, 0.5664393695537093, -0.8976791883776656, -2.0837117477901694, 217.8964976366963, -218.05837818902071, 1.5938733245380234, -4.455416470324144, 1.5746584643914436, 1.1224458062837552, 1.1867715500810052, 0.5243619482835472, 3.166660901052251] 
[-1.6720890816371465, -0.33362778428465045, 0.2497013195270732, 0.15662939922863206, 0.08055126634582876, 0.34443614163893344, 0.5326500752350327, -0.9314684826963422, -2.117501042108846, 217.86264054845591, -218.05830657680198, 1.641243361663582, -4.4042203452102235, 1.6158760651205084, 1.1551998727100905, 1.1777363504279499, 0.5711903514532869, 3.2156113525485255] 
[-1.5303331100302593, -0.1918718126777632, 0.10794534792018595, 0.014873427621744817, 0.222307237952716, 0.2026801700320462, 0.3908941036281455, -0.789712511089455, -1.9757450705019588, 217.96376127442244, -218.0150783952933, 1.5330205151380794, -4.264836990159577, 1.765793813687611, 0.983594594260107, 1.0361062005837365, 0.7460932361286191, 3.4202276592061183] 
[-1.5755920382564454, -0.23713074090394937, 0.0626864196939998, -0.03038550060444134, 0.26756616617890217, 0.24793909825823235, 0.43615303185433163, -0.7444535828632688, -1.9304861422757726, 220.33835243619941, -220.38989912539262, 1.5923147800741413, -4.304342861584202, 1.7299372950700171, 1.0297741403392213, 1.0838312979862943, 0.7235753017092487, 3.459661755800025] 
[-1.6707160645051538, -0.14200671465524106, 0.1578104459427081, 0.06473852564426696, 0.17244213993019386, 0.34306312450694065, 0.5312770581030399, -0.6493295566145605, -1.8353621160270643, 223.73429993743173, -223.7857911812234, 1.68955947478589, -4.2067667273221465, 1.8484853953584102, 1.1323474442534684, 0.976984216672916, 0.6115994420201272, 3.5305803169785155] 
[-1.5203236553930068, 0.008385694456905846, 0.308202855054855, 0.21513093475641387, 0.32283454904234077, 0.49345553361908756, 0.380884648990893, -0.4989371475024136, -1.6849697069149174, 223.72739564710727, -223.62609851075462, 1.8688335506677236, -4.035073344541005, 1.74472232009941, 1.3545011344089615, 1.2867188302681212, 0.8638826464754594, 3.414578359542395] 
[-1.4540309317539162, 0.07467841809599651, 0.3744955786939457, 0.1488382111173232, 0.2565418254032501, 0.4271628099799969, 0.31459192535180236, -0.5652298711415042, -1.6186769832758268, 223.70858992517765, -223.6736477348963, 1.775529806573786, -4.126156293385994, 1.7595467243170553, 1.2303187206841766, 1.1381943725927242, 0.757975463313042, 3.4755115528084013] 
[-1.5006309532689812, 0.12127843961106155, 0.4210956002090107, 0.19543823263238824, 0.30314184691831514, 0.38056278846493186, 0.3611919468668674, -0.6118298926565693, -1.6652770047908918, 218.8565396129835, -218.82172820585606, 1.7433507891163729, -4.194981793392987, 1.6800165582019297, 1.1263610990556556, 1.035340104806796, 0.6880088090972694, 3.520405966765022] 
[-1.5381467940163986, 0.15879428035847898, 0.45861144095642814, 0.15792239188497081, 0.34065768766573257, 0.4180786292123493, 0.3987077876142848, -0.6493457334039867, -1.6277611640434744, 214.98533549634283, -214.95014594031232, 1.8405755949754503, -4.120264812857376, 1.67116291221073, 1.1852966462100012, 1.1071874061133524, 0.7430617280178654, 3.485680733832335] 
[-1.5713530542792817, 0.1255880200955959, 0.42540518069354505, 0.1911286521478539, 0.3074514274028495, 0.3848723689494662, 0.36550152735140173, -0.6161394731411036, -1.5945549037805913, 214.9909462638401, -214.92218393317208, 1.903872811741387, -4.050860252130014, 1.737923077350416, 1.2659820413628984, 1.1847379399353666, 0.7992925439919139, 3.5206709606679394] 
[-1.7256285601186079, -0.028687485743730257, 0.2711296748542189, 0.03685314630852776, 0.4617269332421756, 0.5391478747887923, 0.2112260215120756, -0.7704149789804298, -1.7488304096199174, 195.40245638020548, -195.33369118783799, 1.8141227765529453, -3.8872474370295476, 2.0132985567093717, 1.6077467849294296, 1.5188359877346391, 1.0419551700038934, 3.36950679784189] 
[-1.664440580649842, -0.08987546521249623, 0.3323176543229849, 0.09804112577729374, 0.5229149127109416, 0.6003358542575583, 0.27241400098084156, -0.7092269995116638, -1.6876424301511515, 190.44350107908224, -190.37458408075474, 1.8849221067187067, -3.9303213740969953, 1.9872846007771787, 1.7033989526960098, 1.6176340049866653, 1.0002963519695374, 3.4256709861393406] 
[-1.8718522460294125, -0.2972871305920668, 0.12490598894341431, -0.10937053960227683, 0.31550324733137103, 0.39292418887798775, 0.065002335601271, -0.5018153341320932, -1.895054095530722, 190.48778969091939, -190.62841650409433, 1.569279618502261, -4.258802877573766, 1.7502152753271585, 1.6952905365780062, 1.3666756282705745, 0.7645098266364394, 3.6158412406872] 
[-1.7429985318053056, -0.16843341636795994, -0.003947725280692538, 0.019483174621830024, 0.18664953310726418, 0.2640704746538809, 0.19385604982537785, -0.6306690483562001, -1.7662003813066152, 188.99828484269165, -189.13832317058498, 1.5823428369239363, -4.144840833302444, 1.9098790189756745, 1.8445984949896814, 1.2977382800722335, 0.8725581409063062, 3.5035114835143473] 
[-1.762539727403258, -0.18797461196591225, 0.015593470317259772, 0.039024370219782334, 0.16710833750931187, 0.24452927905592858, 0.17431485422742554, -0.6111278527582478, -1.7857415769045675, 189.69796980059084, -189.83858712634762, 1.5426087780070856, -4.124846596604045, 1.9254682643489027, 1.8203959126412357, 1.2681228954099368, 0.8460387323389896, 3.480990822737664] 
[-1.7268247234362661, -0.22368961593290404, -0.020121533649732015, 0.07473937418677412, 0.13139333354232008, 0.2088142750889368, 0.13859985026043375, -0.575412848791256, -1.8214565808715593, 189.69825019664725, -189.87591199930998, 1.5049914362222245, -4.162300711624675, 1.8952256700355308, 1.8632652103589058, 1.3192958185703905, 0.8850684499949305, 3.4499801317767314] 
[-1.7015345584059816, -0.19839945090261946, 0.0051686313805525685, 0.1000295392170587, 0.1061031685120355, 0.23410444011922138, 0.16389001529071834, -0.5501226837609714, -1.8467467459018438, 189.01124620997098, -189.1889456542396, 1.5028472053653965, -4.135214630824408, 1.9189243247736338, 1.8351286537021636, 1.2904302937412753, 0.9040437017651455, 3.4272266974410908] 
[-1.761643084040621, -0.2585079765372589, 0.06527715701519199, 0.16013806485169813, 0.045994642877396075, 0.17399591448458196, 0.10378148965607892, -0.6102312093956108, -1.7866382202672044, 186.81029379958846, -186.98646906604694, 1.6198240029994435, -4.080490076119755, 1.8587655980499906, 1.7816230970166884, 1.346540066629448, 0.9644899878531634, 3.375612806750756] 
[-1.7162593587592951, -0.21312425125593304, 0.11066088229651783, 0.20552179013302396, 0.09137836815872191, 0.2193796397659078, 0.05839776437475308, -0.564847484114285, -1.7412544949858786, 186.80976852702537, -186.93810408060978, 1.671130466346683, -4.022947275398604, 1.9151676512888436, 1.8234999015001645, 1.3114926137102842, 1.0019615154381292, 3.3348032749241443] 
[-1.558302927488839, -0.05516781998547682, -0.047295548973938395, 0.04756535886256774, 0.24933479942917813, 0.061423208495451576, 0.2163541956452093, -0.40689105284382876, -1.5832980637154224, 186.81093594214238, -187.1026492453988, 1.4919545001319303, -4.176314797166749, 2.03162041530472, 1.7027752532252534, 1.4366541087728706, 0.8632057867590629, 3.480181772775081] 
[-1.641599720462004, -0.13846461295864199, 0.03600124399922677, -0.035731434110597426, 0.16603800645601297, 0.14472000146861674, 0.29965098861837447, -0.49018784581699393, -1.5000012707422572, 134.73814223775497, -135.0298733308597, 1.5436206269293276, -4.265395631799434, 1.9588815314444532, 1.7623564892199972, 1.3364697633674, 0.75979061515028, 3.396385260449957] 
[-1.5793996240319998, -0.07626451652863775, 0.09820134042923101, -0.09793153054060166, 0.2282381028860172, 0.20692009789862098, 0.23745089218837023, -0.4279877493869897, -1.5622013671722614, 134.68275476517434, -135.03676906521363, 1.6035146298669327, -4.3282371266330655, 2.0377005842346945, 1.8504987560345403, 1.4325715674697292, 0.8448636229306987, 3.455878509117538] 
[-1.6543899114882095, -0.0012742290724281347, 0.17319162788544062, -0.02294124308439205, 0.3032283903422268, 0.13192981044241137, 0.31244117964457985, -0.5029780368431993, -1.4872110797160518, 160.16755750720725, -160.52159941898785, 1.5189827474688202, -4.255436569270965, 1.9740336046743587, 1.933191704064376, 1.5443084238941032, 0.9435177016466842, 3.3805461758963937] 
[-1.6422646660621467, -0.013399474498490882, 0.18531687331150337, -0.035066488510454796, 0.31535363576828956, 0.1440550558684741, 0.3003159342185171, -0.49085279141713656, -1.4993363251421146, 163.63892134206307, -163.99296250269768, 1.5332923331498058, -4.240645990025324, 1.9647568256909607, 1.9438950019357095, 1.5553853097765347, 0.9348012508443386, 3.368754734690496] 
[-1.7985382549554352, -0.16967306339177934, 0.02904328441821491, 0.12120710038283367, 0.1590800468750011, 0.3003286447617626, 0.14404234532522864, -0.647126380310425, -1.655609914035403, 104.5092724018723, -104.86334794451732, 1.4602677901818315, -4.090517785095768, 1.7419072197509258, 1.7428923272912775, 1.736641733626032, 1.1330546243978274, 3.518654540486748] 
[-1.8467656858952708, -0.12144563245194373, -0.019184146521620704, 0.16943453132266928, 0.11085261593516549, 0.25210121382192696, 0.19226977626506425, -0.5988989493705894, -1.7038373449752386, 104.50877313203428, -104.91305496594221, 1.408862861180367, -4.13568214450774, 1.7798144201922124, 1.7100673864992253, 1.7702265138750988, 1.0859433165756776, 3.468045934561794] 
[-1.7833183368506198, -0.05799828340729274, -0.0826314955662717, 0.10598718227801829, 0.17429996497981648, 0.31554856286657795, 0.25571712530971524, -0.5354516003259384, -1.7672846940198896, 104.49924293681282, -104.96950829958082, 1.3449910259825655, -4.212335439940334, 1.6938462374616263, 1.618425867948858, 1.6916682548326134, 1.132980086513482, 3.4080511159470697] 
[-1.7918122961093985, -0.04950432414851402, -0.09112545482505041, 0.114481141536797, 0.1827939242385952, 0.32404252212535667, 0.24722316605093653, -0.5269576410671597, -1.758790734761111, 104.50550635152824, -104.96722257411983, 1.3371100745256366, -4.2194770424256784, 1.7006517576291669, 1.6126495289075256, 1.6970858987789001, 1.1263636018742227, 3.415907436685123] 
[-1.794683546826242, -0.046633073431670446, -0.08825420410820684, 0.11735239225364058, 0.17992267352175162, 0.32691377284220025, 0.2500944167677801, -0.5298288917840033, -1.7559194840442673, 104.61772726074881, -105.07943592378383, 1.3384917524914124, -4.216405508145142, 1.7035574737521644, 1.610843792280839, 1.6989572080198376, 1.1241105075502649, 3.4185733629486124] 
[-1.7386953879620854, 0.009355085432486199, -0.14424236297236348, 0.17334055111779723, 0.12393451465759497, 0.2709256139780436, 0.19410625790362346, -0.5858170506481599, -1.811907642908424, 104.65815635677919, -105.0634612277912, 1.2767759365289197, -4.149016870689512, 1.7558835677876912, 1.5431439554417452, 1.6319265383687822, 1.171976728105837, 3.4788757534549024] 
[-1.6826728210484703, 0.06537765234610138, -0.20026492988597866, 0.2293631180314124, 0.0679119477439798, 0.3269481808916588, 0.13808369099000828, -0.6418396175617751, -1.8679302098220392, 104.68376941875505, -105.0326166567895, 1.229079071029476, -4.208158550106918, 1.6975973104928705, 1.6092291763485924, 1.696784837338225, 1.1178327806606954, 3.415839454477183] 
[-1.4592357784526548, 0.2888146949419168, 0.023172112709836767, 0.45280016062722783, 0.2913489903397952, 0.5503852234874742, 0.3615207335858237, -0.4184025749659597, -1.6444931672262237, 104.91963014262014, -105.04514526075825, 1.520093861428347, -4.557285771512863, 1.3852468502081852, 1.4286258562292078, 1.893345231540638, 1.409371504210715, 3.6898907536124046] 
[-1.5408930626142379, 0.3704719791034998, 0.10482939687141979, 0.5344574447888109, 0.37300627450137824, 0.4687279393258912, 0.4431780177474067, -0.33674529080437665, -1.7261504513878068, 104.85044438499354, -105.05823703377028, 1.6039287163483211, -4.4274760801692175, 1.496189945544648, 1.3146318841229585, 1.7722137614168407, 1.4599865453828043, 3.772964360846828] 
[-1.6529081197901547, 0.4824870362794167, -0.007185660304497077, 0.422442387612894, 0.4850213316772951, 0.3567128821499743, 0.33116296057148986, -0.4487603479802935, -1.8381655085637236, 103.19971988131171, -103.40680022724514, 1.7317417177294632, -4.451074513982795, 1.6608736044822177, 1.5426770924656656, 1.956286096196349, 1.4195228183094697, 3.883110545997694] 
[-1.474509933813117, 0.30408885030237887, -0.1855838462815349, 0.6008405735899318, 0.3066231457002573, 0.5351110681270121, 0.15276477459445204, -0.6271585339573313, -2.0165636945407615, 104.75914184729722, -104.9710632406819, 1.971265263087661, -4.726269569426599, 1.3978246104383634, 1.5807242832065782, 1.8346535477490766, 1.5858228391856701, 4.079534456257012] 
[-1.407284647387499, 0.37131413672799685, -0.2528091327071529, 0.5336152871643138, 0.37384843212587526, 0.6023363545526301, 0.21999006102007002, -0.5599332475317134, -1.9493384081151435, 103.43302291745434, -103.64549445143412, 1.9333526573485205, -4.669873795224187, 1.3669867769159807, 1.6111384052542665, 1.771787513407931, 1.4890728669459417, 3.988114669402815] 
[-1.6439616861496127, 0.13463709796588308, -0.016132093945039117, 0.29693824840220007, 0.1371713933637615, 0.36565931579051636, 0.4566670997821838, -0.3232562087695996, -2.1860154468772572, 106.48681857823276, -106.7095047836519, 1.5905088429637924, -5.013988827519676, 0.9825774865804022, 1.6498596705784603, 1.5806989908410165, 1.6574786604184764, 3.783696928446551] 
[-1.6687707116531492, 0.1098280724623466, 0.008676931558497358, 0.32174727390573654, 0.11236236786022502, 0.3408502902869799, 0.48147612528572026, -0.34806523427313607, -2.1612064213737208, 104.34772579796932, -104.57018874202774, 1.5452626615121747, -5.050079467298601, 0.9412630567243737, 1.6003475785347587, 1.5188637061193742, 1.6029662347376339, 3.749918177151967] 
[-1.6279813351118655, 0.06903869592106293, 0.04946630809978103, 0.3625366504470202, 0.1531517444015087, 0.3000609137456962, 0.5222655018270039, -0.38885461081441974, -2.120417044832437, 104.38826058769372, -104.56993137778723, 1.585805535533147, -5.079869759229064, 0.9752119074392502, 1.625485456545595, 1.4541424202254423, 1.5265957769849898, 3.696276211355527] 
[-1.7106822846848573, 0.15173964549405472, 0.13216725767277282, 0.2798357008740284, 0.0704507948285169, 0.382761863318688, 0.6049664513999957, -0.47155556038741153, -2.203117994405429, 104.39198143965307, -104.49063306019822, 1.5087871592961677, -4.949891916552507, 1.120410078014969, 1.7502151106598733, 1.5419994170495852, 1.4666775938149268, 3.6032907678290367] 
[-1.8084143127192895, 0.24947167352848698, 0.03443522963834056, 0.18210367283959616, -0.027281233205915356, 0.28502983528425574, 0.5072344233655635, -0.5692875884218438, -2.1053859663709966, 109.11974906001402, -109.22069162855219, 1.7257798958050927, -4.78663889537904, 1.2608416645879148, 1.7201565671619774, 1.7340790685448955, 1.6870149576267897, 3.7496806946002588] 
[-1.7926672828221442, 0.26521870342563236, 0.018688199741195177, 0.16635664294245078, -0.04302826310306074, 0.3007768651814011, 0.4914873934684181, -0.5535405585246984, -2.0896389364738512, 109.40642007333204, -109.50835342236996, 1.7589045161861796, -4.766221934447462, 1.2806459865517843, 1.7060420303203367, 1.7427987428355063, 1.6779493389769526, 3.7632515043950074] 
[-1.665132502220878, 0.39275348402689847, 0.14622298034246128, 0.038821862341184676, 0.08450651749820537, 0.17324208458013501, 0.36395261286715197, -0.4260057779234323, -1.9621041558725851, 111.70736191450597, -111.81709985071083, 2.021631160024256, -4.65126346061123, 1.1763655929028058, 1.6014109582255216, 1.8143773158073624, 1.6032244905686959, 3.8736125476315677] 
[-1.5622693971654904, 0.4956165890822861, 0.043359875287073635, 0.14168496739657233, 0.18736962255359302, 0.27610518963552266, 0.4668157179225396, -0.32314267286804466, -2.064967260927973, 111.62879897298552, -111.84352022538624, 1.9043140299506864, -4.765728598730205, 1.285561932832658, 1.7303564597296393, 1.920353870803185, 1.5481555125233828, 3.968364881785201] 
[-1.5488232037254157, 0.4821703956422114, 0.02991368184699894, 0.15513116083664702, 0.2008158159936677, 0.26265899619544797, 0.4533695244824649, -0.33658886630811935, -2.051521067487898, 111.62186472467774, -111.85092316069132, 1.8903903318018502, -4.777583691874392, 1.3008328978453738, 1.7499028487281398, 1.9345303579447668, 1.5385477142481419, 3.9536264498773326] 
[-1.7007714772920615, 0.6341186692088572, 0.1818619554136447, 0.0031828872700012667, 0.04886754242702196, 0.4146072697620937, 0.30142125091581917, -0.1846405927414736, -1.8995727939212523, 111.70891774365444, -111.77765948869394, 1.7357240153785491, -4.909898130434963, 1.4573258349494527, 1.8789983060722548, 1.7044067121030837, 1.2687778425148137, 3.7646401095430626] 
[-1.7923020659743756, 0.5425880805265431, 0.09033136673133058, 0.09471347595231538, 0.14039813110933608, 0.3230766810797796, 0.20989066223350505, -0.2761711814237877, -1.8080422052389382, 111.77728121796385, -111.74865705854751, 1.8405857032438413, -4.803367870390613, 1.3681986176066894, 1.9253039492312516, 1.597069184869679, 1.142992437088123, 3.6659891905117394] 
[-1.7911433864378807, 0.5437467600630379, 0.08917268719483573, 0.09355479641582054, 0.14155681064583092, 0.32191800154328476, 0.2087319826970102, -0.27732986096028256, -1.809200884775433, 111.77823696138339, -111.74841415277346, 1.8416239059279094, -4.804577570846724, 1.366795383111099, 1.9243067037843524, 1.5981971437693459, 1.1444438538067843, 3.6672388436415604] 
[-1.7758454137370592, 0.5284487873622163, 0.10447065989565729, 0.1088527691166421, 0.15685478334665248, 0.3066200288424632, 0.19343400999618865, -0.2926278336611041, -1.7939029120746115, 111.67672907936212, -111.64517926918143, 1.8134848418580718, -4.820578922747618, 1.3823381210866683, 1.9372052476509802, 1.5836077636056636, 1.1272865503620568, 3.681451574315324] 
[-1.8451891030722862, 0.5977924766974434, 0.17381434923088435, 0.17819645845186916, 0.08751109401142543, 0.23727633950723614, 0.1240903206609616, -0.22328414432587707, -1.7245592227393844, 111.61616289633476, -111.65556072171603, 1.7375450549687086, -4.906099736547579, 1.2944553331124653, 1.8736274112133804, 1.6477849441480081, 1.2038485711497877, 3.616903456569078] 
[-1.733205843697931, 0.7097757360717987, 0.2857976086052396, 0.2901797178262244, 0.1994943533857807, 0.3492595988815914, 0.012107061286606324, -0.33526740370023234, -1.8365424821137397, 112.14676772229961, -112.18169350921761, 1.6840831203913431, -5.0518606356795575, 1.1434840521971747, 1.7105056449132432, 1.4820201074051362, 1.068496238697533, 3.500365123058727] 
[-1.8711763887538844, 0.5718051910158453, 0.423768153661193, 0.15220917277027102, 0.06152380832982729, 0.4872301439375448, 0.15007760634255973, -0.47323794875618574, -1.9745130271696931, 112.6758871948623, -112.70425207849198, 1.5706094102888706, -5.190135281886918, 1.2287644513679663, 1.6237234429089933, 1.5892748621564823, 0.9186378088114365, 3.34944614934177] 
[-1.7675896704050338, 0.6753919093646958, 0.32018143531234244, 0.048622454421420436, 0.16511052667867787, 0.38364342558869424, 0.04649088799370915, -0.5768246671050363, -1.8709263088208425, 112.70471446364844, -112.61118344910442, 1.4840203779819778, -5.100660642208623, 1.3410024188858496, 1.55497946181237, 1.651640071945198, 0.8382022950203093, 3.438793211544218] 
[-1.7616211292113775, 0.6813604505583521, 0.31421289411868614, 0.05459099561507674, 0.17107906787233418, 0.38961196678235055, 0.05245942918736546, -0.5827932082986926, -1.8649577676271862, 112.72980961638434, -112.63617255545537, 1.482406889443782, -5.094728124597519, 1.3489101590177957, 1.5659444401079479, 1.6619233977997647, 0.845698033608966, 3.445969015809511] 
[-1.702525737552623, 0.6222650588995977, 0.2551175024599317, -0.004504396043677694, 0.23017445953108862, 0.3305165751235961, -0.006635962471388979, -0.6418885999574471, -1.9240531592859407, 112.4848484877335, -112.39245183259274, 1.5016506500444853, -5.145464488561484, 1.4221729856321483, 1.6725363874316443, 1.7581746566600056, 0.7794003990911491, 3.376309101455432] 
[-1.7053900459498408, 0.61940075050238, 0.25225319406271396, -0.007368704440895435, 0.22731015113387087, 0.32765226672637837, -0.00950027086860672, -0.6390242915602293, -1.9269174676831584, 112.48600266501742, -112.39032881868545, 1.4991072744280833, -5.143132379754684, 1.424686848656026, 1.6709582874090658, 1.7605284723298213, 0.7817608756098857, 3.373933699918407] 
[-1.7049303062841794, 0.6189410108367186, 0.25271293372837533, -0.006908964775234061, 0.22776989079953225, 0.32811200639203975, -0.009040531202945346, -0.638564551894568, -1.9273772073488198, 112.48615131989838, -112.38994327002524, 1.4985007668798906, -5.143711488716965, 1.4241284716493268, 1.6704771203276867, 1.7608401173139876, 0.7813779209882294, 3.3743138138555357] 
[-1.616070407415691, 0.5300811119682303, 0.34157283259686366, -0.09576886364372239, 0.3166297896680206, 0.23925210752355142, 0.07981936766554298, -0.7274244507630563, -2.016237106217308, 112.4245654233983, -112.423732634311, 1.4271540543771963, -5.070177295402324, 1.5463313343167473, 1.82870628192269, 1.898607133512199, 0.8925928379376024, 3.4863123900821202] 
[-1.6275788665174638, 0.5415895710700029, 0.35308129169863633, -0.08426040454194972, 0.3051213305662479, 0.2507605666253241, 0.09132782676731566, -0.738932909864829, -2.027745565319081, 112.50923468703691, -112.50861757842299, 1.445779013865288, -5.051801409238634, 1.5287013285065065, 1.813601485504092, 1.906234753631338, 0.884121407828824, 3.4954015396890243] 
[-1.6702066981987436, 0.4989617393887231, 0.39570912337991615, -0.0416325728606699, 0.3477491622475277, 0.2933883983066039, 0.04869999508603584, -0.7815607415461088, -2.0703733970003606, 112.4834977840052, -112.52836128982756, 1.4142331855153834, -5.016103192876025, 1.4970450251352105, 1.8607093213819932, 1.9641903506110354, 0.9488133423360628, 3.5571728756210077] 
[-1.5581870645593483, 0.6109813730281184, 0.2836894897405209, 0.07038706077872536, 0.23572952860813245, 0.18136876466720864, 0.1607196287254311, -0.893580375185504, -1.9583537633609653, 112.45207126931986, -112.62060004494735, 1.589442956793512, -4.841198559851316, 1.3964046136977522, 1.914996426713658, 1.8723889671686407, 1.114356549994406, 3.724987210285337] 
[-1.6037311847005817, 0.6565254931693518, 0.3292336098817543, 0.1159311809199588, 0.2812736487493659, 0.22691288480844207, 0.11517550858419767, -0.8480362550442706, -2.0038978835021988, 112.19976219168817, -112.36814604074337, 1.627405875498429, -4.8820142742431845, 1.3361845253930877, 1.8626453625688744, 1.9127792321176986, 1.1539937108653275, 3.6909668538818705] 
[-1.6527710024911109, 0.6074856753788227, 0.2801937920912252, 0.06689136312942967, 0.23223383095883676, 0.17787306701791294, 0.1642153263747268, -0.8970760728347997, -2.052937701292728, 112.17088908846061, -112.39361909357577, 1.5901662257945737, -4.837532043003533, 1.3829304450989364, 1.8366949354571587, 1.9618303543381908, 1.2293690826022339, 3.763574548349887] 
[-1.5490665076748513, 0.5037811805625632, 0.38389828690748473, 0.1705958579456892, 0.3359383257750963, 0.0741685722016534, 0.26791982119098634, -0.7933715780185402, -2.1566421961089874, 111.6118217676114, -111.83716432861164, 1.6959290185423495, -4.718126017827836, 1.2507964087778323, 1.6778833352659763, 1.813228983902791, 1.0508603161408228, 3.5960546300912335] 
[-1.641700408991749, 0.5964150818794609, 0.4765321882243825, 0.26322975926258696, 0.42857222709199405, 0.16680247351855115, 0.1752859198740886, -0.8860054793354379, -2.0640082947920897, 111.65601379954613, -111.78183739560039, 1.8384055307588953, -4.565596197632123, 1.3439313097715186, 1.6094619152093774, 1.7248680850517695, 1.0988615107226365, 3.5216615865998855] 
[-1.6250356531992551, 0.6130798376719548, 0.45986743243188855, 0.2798945150550809, 0.4119074712995001, 0.1834672293110451, 0.15862116408159466, -0.869340723542944, -2.0473435389995958, 111.66747174883164, -111.77552822308225, 1.8638480009388423, -4.5410330842660604, 1.337156877199906, 1.6214023003136087, 1.7111236357277382, 1.1093859393611998, 3.5087971790778965] 
[-1.7129731431179884, 0.5251423477532216, 0.37192994251315525, 0.1919570251363476, 0.4998449612182334, 0.0955297393923118, 0.24655865400032795, -0.9572782134616773, -2.135281028918329, 111.70661684822008, -111.715783196713, 1.7287472926318876, -4.6714335705922485, 1.3577431070800083, 1.5215660634610142, 1.5918677608862246, 0.9613441793503248, 3.3696351550544357] 
[-1.8678934858198843, 0.6800626904551175, 0.21700959981125933, 0.3468773678382435, 0.3449246185163375, -0.05939060330958412, 0.09163831129843203, -0.8023578707597814, -1.9803606862164331, 110.58773544246421, -110.59034688767974, 1.544869058560372, -4.52394545544108, 1.67394874896216, 1.8168175916548677, 1.496270340884617, 1.2140839248052928, 3.6317642988757277] 
[-1.8490678206898643, 0.6988883555851375, 0.1981839346812393, 0.36570303296826356, 0.32609895338631745, -0.04056493817956408, 0.07281264616841199, -0.7835322056297613, -1.961535021086413, 110.60574359520902, -110.5892472971131, 1.5689970176789838, -4.489011646027356, 1.713347117526519, 1.8472440446678393, 1.512544879618257, 1.2005595282822017, 3.6467340201431195] 
[-1.807306803405492, 0.6571273383007652, 0.15642291739686698, 0.32394201568389125, 0.28433793610194513, -0.0823259554639364, 0.1145736634527843, -0.8252932229141337, -2.0032960383707854, 110.42529093725979, -110.40083524984354, 1.4892464576819704, -4.526972230868754, 1.758589593230983, 1.901068695532039, 1.550656695037732, 1.1697421419917113, 3.680232847601158] 
[-1.7684606578570161, 0.6182811927522893, 0.19526906294534285, 0.2850958701354154, 0.24549179055346926, -0.12117210101241227, 0.15341980900126018, -0.8641393684626095, -2.0421421839192613, 110.43703995553041, -110.3656308768837, 1.4510407014195965, -4.47892898561105, 1.803866765405037, 1.8706262504879474, 1.596517939969844, 1.2296224180024886, 3.7373989940327466] 
[-1.5524581944770084, 0.4022787293722816, 0.4112715263253506, 0.06909340675540765, 0.461494253933477, 0.09483036236759546, 0.3694222723812679, -0.6481369050826018, -2.258144647299269, 110.38964503927363, -110.57665181322214, 1.7455583561770436, -4.1167595155702745, 2.1830447427002984, 2.156775288059017, 1.748735534407985, 0.9186733359822179, 3.415271925422813] 
[-1.6220421153622127, 0.33269480848707733, 0.3416876054401463, 0.1386773276406119, 0.5310781748186812, 0.16441428325279972, 0.29983835149606364, -0.7177208259678061, -2.1885607264140647, 110.42375685743745, -110.53809587165217, 1.7995740393026702, -4.15987301704541, 2.3003647733551027, 2.270243833266332, 1.6475807734133916, 0.7771954095393324, 3.2951519000495635] 
[-1.6474497837031095, 0.35810247682797414, 0.3670952737810431, 0.11326965929971511, 0.5056705064777844, 0.13900661491190291, 0.27443068315516683, -0.6923131576269093, -2.163153058073168, 110.41326598289554, -110.55389881749092, 1.8184723387295496, -4.181419856115218, 2.2819602712914278, 2.2892863474034573, 1.6679174587848302, 0.7423956870571025, 3.257079361666965] 
[-1.6062180472931864, 0.3168707404180511, 0.32586353737112006, 0.07203792288979205, 0.4644387700678614, 0.09777487850197986, 0.3156624195650899, -0.7335448940368323, -2.204384794483091, 110.40294114505126, -110.58699632680575, 1.8786363415595266, -4.127216371727761, 2.204793118616909, 2.2033988398194158, 1.600433260701089, 0.6638319483090447, 3.18889640845368] 
[-1.6142837089713211, 0.30880507873991636, 0.31779787569298534, 0.08010358456792677, 0.4725044317459961, 0.10584054018011457, 0.3237280812432246, -0.7254792323586976, -2.1963191328049563, 110.56438401499217, -110.7485107827601, 1.8919865303281937, -4.115363975656046, 2.200467347176503, 2.2101850204860285, 1.6081938510241, 0.6600493936472586, 3.1955368384944363] 
[-1.7088840706123918, 0.403405440380987, 0.22319751405191468, 0.17470394620899743, 0.37790407010492544, 0.01124017853904391, 0.22912771960215395, -0.8200795939997683, -2.290919494446027, 110.5326468305145, -110.81455763587319, 2.023756744455999, -3.9928968172687727, 2.0344766406491623, 2.033559522772297, 1.5280938135430973, 0.7878748016186523, 3.3372165948058434] 
[-1.5774376876211669, 0.2719590573897621, 0.09175113106068977, 0.30615032920022234, 0.5093504530961503, 0.14268656153026882, 0.09768133661092904, -0.9515259769909932, -2.159473111454802, 110.55379415755169, -110.69347956003918, 1.8549267644535723, -4.147541310904803, 2.102072068574178, 1.9248783923232484, 1.3517146171708532, 0.504988972553206, 3.0729249754136014] 
[-1.6669653661984256, 0.18243137881250338, 0.1812788096379485, 0.3956780077774811, 0.4198227745188916, 0.23221424010752756, 0.008153658033670297, -0.8619982984137344, -2.0699454328775433, 110.60142858755955, -110.64998687953383, 1.9406647688300298, -4.191657248513792, 2.24784719041688, 2.0722169077049544, 1.2766368532774346, 0.4379705451088006, 3.1322947064858306] 
[-1.6157561265745777, 0.13122213918865544, 0.13006957001410058, 0.446887247401329, 0.47103201414273954, 0.2834234797313755, 0.05936289765751823, -0.9132075380375824, -2.1211546725013912, 110.64228244816509, -110.6394078762018, 1.9780136986619383, -4.275271444317679, 2.13659479422613, 1.9872569456254496, 1.3097995067979278, 0.4006072228266693, 3.169927074123576] 
[-1.5242119031173296, 0.22276636264590355, 0.22161379347134869, 0.3553430239440809, 0.5625762375999876, 0.3749677031886236, 0.15090712111476634, -1.0047517614948305, -2.029610449044143, 101.05504089872332, -101.05167685061602, 1.8109361335396288, -4.4445180286872255, 1.9838419003358467, 1.9959544636818027, 1.2180294206396458, 0.331976584486499, 3.233112911425803] 
[-1.4794171530152234, 0.17797161254379734, 0.2664085435734549, 0.4001377740461871, 0.5177814874978814, 0.4197624532907298, 0.10611237101266013, -0.9599570113927243, -2.0744051991462493, 102.78943499418983, -102.78596540868018, 1.8316958965799333, -4.477500369031827, 2.010453581398092, 1.9772269256580093, 1.2627101828224958, 0.40691197508846205, 3.305600754189699] 
[-1.6955630229820677, -0.03817425742304703, 0.48255441354029927, 0.18399190407934274, 0.30163561753103707, 0.20361658332388544, -0.11003349895418424, -0.7438111414258799, -1.858259329179405, 91.75599003883342, -91.74901487040802, 2.2770918303619347, -4.237636821134288, 1.7575842919999518, 1.7008534137814895, 1.3906089528510657, 0.5704585395190465, 3.1537446799085065] 
[-1.5038250435406546, 0.1535637220183661, 0.29081643409888613, 0.37572988352075587, 0.10989763808962394, 0.011878603882472305, 0.08170448048722889, -0.935549120867293, -2.049997308620818, 114.43526010698702, -114.42924174927737, 1.82416405687065, -4.6012705697365535, 1.98107292729909, 2.008585808982726, 1.6619212894574504, 0.3112250617982053, 2.9125423952264997] 
[-1.5761321520393032, 0.08125661351971747, 0.36312354259753477, 0.30342277502210724, 0.03759052959097531, 0.08418571238112094, 0.009397371988580261, -0.8632420123686444, -1.9776902001221695, 114.51044084757037, -114.43215613352854, 1.7128081074410901, -4.749302776364407, 1.848361289568717, 1.923515478550707, 1.7278496327773425, 0.20017065234700504, 2.7991574859461497] 
[-1.6700746018612342, 0.17519906334164848, 0.26918109277560376, 0.39736522484403825, 0.13153297941290631, -0.00975673744081007, 0.10333982181051127, -0.9571844621905754, -1.8837477503002384, 114.55398939836722, -114.38159468949732, 1.6554078205872287, -4.641081865568475, 1.9690002400878415, 1.8253345057673316, 1.6260931286107847, 0.2717117702651934, 2.7267306735734] 
[-1.5210971170664962, 0.02622157854691043, 0.12020360798086571, 0.2483877400493002, 0.28051046420764436, 0.13922074735392798, -0.04563766298422678, -0.8082069773958374, -2.0327252350949765, 107.06739190968236, -106.89302914637422, 1.4214446465581738, -4.476548399526389, 2.1638195202428196, 1.7012295322654138, 1.4895999675663485, 0.4617949071129196, 2.92329774776023] 
[-1.439229063122081, -0.05564647539750478, 0.20207166192528092, 0.3302557939937154, 0.36237851815205957, 0.05735269340951277, -0.127505716928642, -0.8900750313402526, -1.9508571811505613, 107.07932789695342, -106.82298654596585, 1.492357265534621, -4.5716134304295, 2.07241630336408, 1.7492449124311928, 1.417818111386359, 0.3435609050233784, 2.803368968223755] 
[-1.513590785339936, -0.13000819761535976, 0.12770993970742595, 0.4046175162115704, 0.2880167959342046, 0.13171441562736774, -0.05314399471078701, -0.8157133091223976, -2.0252189033684163, 107.0723805582722, -106.89109405850594, 1.5794351458725346, -4.5070989590700155, 1.9836997667160867, 1.649125124189942, 1.4919929399689926, 0.2792806233409672, 2.8593495555493935] 
[-1.4378992576651441, -0.20569972529015157, 0.20340146738221776, 0.4803090438863622, 0.3637083236089964, 0.05602288795257593, 0.0225475329640048, -0.7400217814476058, -1.9495273756936244, 99.55096104583076, -99.36969208175022, 1.5841815635316459, -4.6418977471740295, 1.824346621730462, 1.5208827902235253, 1.4021157875059513, 0.22551512431839793, 2.9178794663116436] 
[-1.424763044045637, -0.19256351167064434, 0.19026525376271053, 0.46717283026685497, 0.37684453722850364, 0.06915910157208316, 0.00941131934449757, -0.7268855678280985, -1.9363911620741172, 99.09911557991325, -98.917547988312, 1.5619841330681217, -4.6252263156496545, 1.8419099036483415, 1.5125534578365543, 1.388248860995615, 0.2077717781502227, 2.9003206356403477] 
[-1.459340395816401, -0.2271408634414085, 0.22484260553347468, 0.4325954784960908, 0.4114218889992678, 0.034581749801319006, -0.025166032426266582, -0.7614629195988627, -1.901813810303353, 99.09414610265993, -98.94803794721335, 1.5889837217414247, -4.675979678101483, 1.7916898473820222, 1.5285015896874412, 1.3544984340964852, 0.17958106919743255, 2.9282007833354333] 
[-1.5781124018629633, -0.10836885739484625, 0.3436146115800369, 0.3138234724495286, 0.29264988295270555, 0.15335375584788125, 0.09360597362029566, -0.6426909135523005, -1.7830418042567908, 102.84057442689925, -102.69457633869344, 1.597856423982095, -4.492593045279547, 1.9595201637909314, 1.4743934699781884, 1.4733638792469923, 0.08028090968289908, 3.0247120171996214] 
[-1.5104956126618028, -0.1759856465960068, 0.2759978223788764, 0.3814402616506891, 0.225033093751545, 0.2209705450490418, 0.1612227628214562, -0.710307702753461, -1.8506585934579514, 114.31293965896249, -114.16692866581451, 1.632397509268127, -4.569591502947474, 1.8862702300501504, 1.5326391824734142, 1.5454211538815408, 0.025628346427285828, 3.085458760576609] 
[-1.3877538768318587, -0.29872738242595087, 0.39873955820882045, 0.5041819974806332, 0.3477748295814891, 0.34371228087898587, 0.2839644986514003, -0.8330494385834051, -1.9734003292878954, 107.19317664370615, -107.04719874977157, 1.638862263599194, -4.74628715110107, 1.727124947504371, 1.6577849748155244, 1.7093149182935048, 0.14993950940158818, 2.9848171024756405] 
[-1.2198665658925947, -0.4666146933652149, 0.23085224726955644, 0.3362946865413692, 0.17988751864222507, 0.5115995918182499, 0.4518518095906643, -1.000936749522669, -2.1412876402271595, 110.0058074270707, -109.86151577058189, 1.7051180457557598, -4.453241721423338, 1.9747283886586753, 1.5049608092375255, 1.53011028878253, 0.3481109242742343, 3.2078607848865466] 
[-1.4432925742144427, -0.24318868504336688, 0.007426238947708441, 0.5597206948632172, -0.04353848967962293, 0.2881735834964019, 0.2284258012688163, -1.224362757844517, -2.3647136485490075, 109.80193197592423, -109.88482728556963, 1.5116168430938235, -4.316304057395243, 1.819179237099737, 1.6719800236742541, 1.4528050642735086, 0.7071338479028164, 3.5781528795528716] 
[-1.3584938316259034, -0.15838994245482763, 0.0922249815362477, 0.4749219522746779, -0.12833723226816218, 0.20337484090786262, 0.14362705868027703, -1.3091615004330563, -2.279914905960468, 112.13824703632085, -112.2235879311643, 1.6683814972666493, -4.2580286938446, 1.767370753021688, 1.6131839144751878, 1.5402032748249035, 0.9629739316085955, 3.8300960722207065] 
[-1.33099359660498, -0.13088970743390416, 0.06472474651532423, 0.5024221872956014, -0.10083699724723871, 0.2308750759287861, 0.1711272937012005, -1.3366617354539798, -2.2524146709395447, 112.9587182751743, -113.04505403487501, 1.7274624104311105, -4.203685165612359, 1.8162324266882752, 1.64170218846706, 1.5728127528102105, 0.9479555392503269, 3.8482469336685283] 
[-1.2280627663287476, -0.027958877157671758, 0.16765557679155663, 0.399491357019369, -0.2037678275234711, 0.3338059062050185, 0.0681964634249681, -1.2337309051777474, -2.1494838406633123, 115.73755844099404, -115.82355743679638, 1.7060914293857596, -4.281810868440068, 1.8706272901061236, 1.7719235161095406, 1.7152838078166304, 1.2164466363267572, 4.113321730283827] 
[-1.3020513230158066, -0.10194743384473082, 0.24164413347861569, 0.32550280033230994, -0.27775638421053017, 0.40779446289207755, -0.005792093262090958, -1.1597423484906884, -2.0754952839762533, 116.99608747941451, -117.08173737368507, 1.6329216927382288, -4.352322876323544, 1.9098236217825728, 1.8191062493080776, 1.6531129759425685, 1.0621071897654597, 3.959856087089678] 
[-1.0611117519886477, -0.3428870048718897, 0.4825837045057746, 0.08456322930515103, -0.036816813183371266, 0.16685489186491864, 0.23514747776506795, -0.9188027774635295, -1.8345557129490944, 122.990598152199, -123.08067012580447, 1.9631118826178304, -4.654442521321759, 1.4555054366200257, 2.3355399867391284, 2.091366829203319, 0.8940068976464393, 4.126283960100097] 
[-0.8572696659573182, -0.13904491884056025, 0.2787416184744451, 0.2884053153364805, 0.1670252728479582, -0.03698719416641083, 0.031305391733738475, -1.122644863494859, -2.038397798980424, 123.04086026161222, -122.89385254566425, 1.7959081034377422, -4.50797987340754, 1.6619716841159902, 2.5657536498443574, 2.3010236030568163, 0.6691807177344181, 3.877132566626397] 
[-0.9120937028956604, -0.0842208819022181, 0.33356565541278727, 0.34322935227482265, 0.22184930978630035, -0.09181123110475298, 0.08612942867208062, -1.177468900433201, -2.093221835918766, 123.00271543595676, -122.9161282783331, 1.7501923580824297, -4.480550316267911, 1.6046662179549038, 2.5037377596076893, 2.247919671826986, 0.6293269974854747, 3.9157745546515543] 
[-1.037680260143027, -0.20980743914958477, 0.45915221266015394, 0.4688159095221893, 0.347435867033667, -0.21739778835211965, 0.2117159859194473, -1.3030554576805677, -1.9676352786713993, 122.91181283344153, -122.96014433863972, 1.5458694444239205, -4.743803695109844, 1.3632192165115973, 2.3379695957993074, 2.139781633222902, 0.7108952297971324, 3.8276418641441046] 
[-0.9972097777202222, -0.16933695672677995, 0.49962269508295876, 0.5092863919449941, 0.3069653846108622, -0.17692730592931483, 0.2521864683422521, -1.262584975257763, -2.008105761094204, 122.94235033416116, -122.94835223485485, 1.5770163077704573, -4.765020989905388, 1.3821480109379514, 2.2925838566767793, 2.192887853055092, 0.7778935498093758, 3.892527312326528] 
[-0.9754576594709654, -0.19108907497603678, 0.5213748133322156, 0.531038510194251, 0.328717502860119, -0.155175187680058, 0.2304343500929953, -1.2843370935070197, -1.9863536428449473, 122.81189825766072, -122.81706352451295, 1.5579648223467963, -4.732910306297982, 1.426794634653478, 2.330299739176763, 2.1659971614772338, 0.7911689373745721, 3.8759629849300423] 
[-0.8547763212912933, -0.31177041315570886, 0.4006934751525435, 0.4103571720145789, 0.20803616468044694, -0.03449384950038592, 0.35111568827266737, -1.4050184316866918, -1.8656723046652752, 122.93660310775657, -122.82201317492941, 1.820636320399454, -4.397254835882611, 1.6775362960573657, 2.295946447953027, 2.044042181442444, 0.6944646631629582, 3.960185535214944] 
[-1.0199297269943166, -0.14661700745268558, 0.23554006944952022, 0.5755105777176022, 0.3731895703834702, -0.1996472552034092, 0.1859622825696441, -1.2398650259836685, -1.700518898962252, 123.48721285874636, -123.3588194549942, 1.692719426322252, -4.5802127233711145, 1.7491589672066588, 2.149218251414426, 1.890386252034369, 0.815197222454119, 3.827527178308962] 
[-1.0374844659575189, -0.12906226848948332, 0.25309480841272247, 0.5930653166808044, 0.35563483142026797, -0.18209251624020695, 0.20351702153284634, -1.2223102870204663, -1.6829641599990497, 123.499140246802, -123.35214350882097, 1.7038124879502494, -4.61101308095762, 1.7179214746199354, 2.1542081919801093, 1.9080201374842118, 0.8319214269714055, 3.811983203123084] 
[-1.0472384826356596, -0.138816285167624, 0.26284882509086316, 0.5833113000026637, 0.3458808147421273, -0.17233849956206626, 0.21327103821098703, -1.232064303698607, -1.6927181766771904, 123.50748350474281, -123.35049150092902, 1.7192377851882061, -4.58296283466484, 1.7477296922727563, 2.1747255672950483, 1.8941904240982188, 0.8221297435802104, 3.8207283499021907] 
[-0.8713575561431277, -0.31469721166015585, 0.438729751583395, 0.4074303735101319, 0.16999988824959544, 0.003542426930465581, 0.03739011171845519, -1.0561833772060751, -1.5168372501846585, 123.47301402618073, -123.51536148728462, 1.9969745053075512, -4.160013024920772, 2.1222818938526404, 2.1282296424810667, 1.7358290747774265, 0.9691677884459107, 3.6613319023750974] 
[-0.899140575695494, -0.28691419210778957, 0.4665127711357613, 0.3796473539577656, 0.14221686869722916, -0.024240592621900703, 0.009607092166088904, -1.0284003576537089, -1.5446202697370248, 123.47506428878759, -123.4799960562486, 1.946673413616337, -4.203528218067238, 2.1305485044425923, 2.1016317015663453, 1.707455360227975, 0.942106597780936, 3.634818455115032] 
[-0.9047360467287859, -0.2813187210744976, 0.4721082421690532, 0.37405188292447367, 0.13662139766393722, -0.029836063655192646, 0.004011621132796961, -1.0339958286870008, -1.5502157407703168, 123.4499307430212, -123.4539728112768, 1.9367698281630688, -4.204064978056772, 2.1239434623647364, 2.0952969161134436, 1.7020388744031123, 0.9475525272341537, 3.640291852768031] 
[-0.9335824112153261, -0.2524723565879574, 0.443261877682513, 0.4028982474110139, 0.107775033177397, -0.000989699168652436, -0.02483474335374325, -1.062842193173541, -1.5213693762837766, 123.42750794102461, -123.46247685085814, 1.914481293184282, -4.19113436861423, 2.102691238993582, 2.1223280372452873, 1.6723333061218717, 0.9181259119998051, 3.669658612842073] 
[-0.9814217618216574, -0.3003117071942887, 0.39542252707618175, 0.3550588968046826, 0.15561438378372827, 0.04684965143767883, -0.07267409396007452, -1.0150028425672097, -1.5692087268901078, 123.42780982824092, -123.40139635189598, 1.814105778692711, -4.307184641103778, 2.0178849419776426, 2.1617290801146285, 1.7195369280015806, 0.9675517111529632, 3.6196862681321] 
[-1.085617278912153, -0.40450722428478425, 0.2912270099856862, 0.25086337971418704, 0.0514188666932327, 0.1510451685281744, -0.17686961105057009, -0.9108073254767142, -1.6734042439806034, 122.92120497095189, -122.89463694289402, 1.8122784458638692, -4.391610085475715, 2.0822515546722773, 2.0716846515727063, 1.823722728455102, 0.8592288288600335, 3.7240274878613078] 
[-1.0802275641545158, -0.4098969390424214, 0.285837295228049, 0.2562530944718242, 0.046029151935595536, 0.15643488328581157, -0.17147989629293292, -0.905417610719077, -1.6680145292229662, 122.9221076387082, -122.90237473024442, 1.8214585523846474, -4.382106690103705, 2.089689816465775, 2.067453583186396, 1.8290802641099781, 0.8536617442775987, 3.728973753108473] 
[-0.9114265610551406, -0.24109593594304624, 0.4546382983274242, 0.4250540975711994, -0.12277185116377964, 0.32523588638518675, -0.002678893193557741, -1.0742186138184522, -1.8368155323223414, 122.90519060720224, -123.09011841178409, 2.002593634135924, -4.467991310704404, 2.2444909394296175, 2.2235460828886753, 1.7018247729047622, 0.6844444830741534, 3.547440918789943] 
[-0.8697788718817527, -0.19944824676965833, 0.4129906091540363, 0.3834064083978115, -0.16441954033716755, 0.36688357555857465, -0.044326582366945644, -1.11586630299184, -1.7951678431489535, 122.90354050233654, -123.14223128735783, 2.0918657579292024, -4.363031083532529, 2.3223580454925967, 2.245999397582968, 1.667256650303188, 0.7183172251782955, 3.5136225500481033] 
[-0.6640008397141699, 0.006329785397924503, 0.20721257698645346, 0.17762837623022865, -0.3701975725047504, 0.1611055433909918, 0.1614514498006372, -1.321644335159423, -2.0009458753165363, 122.72699958604834, -123.18126421985555, 1.7970342654740257, -4.619648419917794, 2.4901775035186278, 1.9017317800669398, 1.3427780415535293, 0.5529303110597666, 3.686378120967228] 
[-0.6930316660610174, 0.03536061174477201, 0.23624340333330096, 0.20665920257707615, -0.3411667461579029, 0.1320747170441443, 0.1904822761474847, -1.3506751615062704, -2.029976701663384, 122.7089181025169, -123.19903162136224, 1.8217410511944032, -4.640574541009609, 2.509419120863812, 1.9199848692593078, 1.3155798606366191, 0.5309118578756477, 3.7066263449221992] 
[-0.8526485764095248, 0.19497752209327945, 0.3958603136818084, 0.047042292228568705, -0.18154983580939543, -0.02754219330436314, 0.35009918649599214, -1.191058251157763, -2.1895936120118913, 122.60808082611545, -123.29109444965302, 1.9417080963705096, -4.803138364098972, 2.3476545459007143, 1.8324554729890643, 1.476229819106584, 0.8163921632870214, 3.987485677012763] 
[-0.6617283217914434, 0.38589777671136094, 0.20494005906372692, -0.14387796238951278, 0.009370418808686054, 0.16337806131371835, 0.15917893187791066, -1.0001379965396815, -1.9986733573938098, 121.83051482640099, -122.49699656366514, 2.1860894061854643, -4.908842996348062, 2.180566602015829, 1.675242627595546, 1.3353743418430173, 1.1788482463464625, 4.361828074362712] 
[-0.6383406541219045, 0.3625101090418221, 0.1815523913941881, -0.1672656300590516, 0.03275808647822487, 0.13999039364417953, 0.13579126420837184, -1.0235256642092203, -1.975285689724271, 121.77731712020288, -122.44463329145823, 2.1815853653226016, -4.889228707125378, 2.2014602166816952, 1.7035826439330348, 1.365022553229736, 1.1990824319383886, 4.345416678009841] 
[-0.9278449759285508, 0.6520144308484683, -0.1079519304124581, 0.12223869174759461, -0.25674623532842133, -0.14951392816246667, 0.42529558601501805, -0.7340213424025741, -1.6857813679176248, 122.5405972454803, -123.29500712705732, 1.6974317564832835, -4.6276131075341365, 1.8794170416039102, 2.0249742577513272, 1.6703309392719876, 0.7890101043304003, 3.9193677064896733] 
[-0.8371034201425438, 0.5612728750624614, -0.19869348619846505, 0.03149713596158765, -0.16600467954241438, -0.24025548394847362, 0.3345540302290111, -0.8247628981885811, -1.7765229237036317, 122.20403298364272, -122.90858612808479, 1.9229661730126597, -4.569129247071291, 1.7678022977990142, 2.136239740820374, 1.7259053957735584, 0.7211233449915834, 4.005356650944458] 
[-0.8301904114114294, 0.5681858837935758, -0.1917804774673506, 0.0384101446927021, -0.17291768827352882, -0.23334247521735918, 0.32764102149789665, -0.8316759069196955, -1.7696099149725173, 122.20487516375893, -122.89893087774604, 1.9323301184879378, -4.563605333598539, 1.773546221085488, 2.1445759743954476, 1.7153281017959878, 0.7127318783066511, 4.011080572998432] 
[-0.5505232175405439, 0.28851868992269036, 0.08788671640353485, 0.31807733856358755, 0.10674950559735663, -0.5130096690882446, 0.04797382762701119, -0.55200871304881, -2.0492771088434028, 121.45176515410255, -122.1378848137113, 1.968447598640208, -4.840992663729149, 1.991084239343761, 2.454423940231864, 1.4066620638475147, 0.8920729776670391, 3.756199108423697] 
[-0.7443571149007013, 0.09468479256253293, -0.10594718095662259, 0.12424344120343012, 0.30058340295751407, -0.3191757717280872, 0.24180772498716863, -0.7458426104089675, -1.8554432114832453, 121.89543671785253, -122.63605543376461, 1.6296834744656732, -5.148701606261861, 1.7108696887231933, 2.555761788260346, 1.5457301038535751, 0.7411559602641683, 3.913636098688405] 
[-0.58995406593856, 0.24908784152467423, 0.04845586800551871, 0.2786464901655714, 0.14618035399537277, -0.1647727227659459, 0.08740467602502733, -0.9002456593711088, -2.0098462604453866, 122.38737009961143, -123.13649746215988, 1.4236438810220486, -4.985664512393851, 1.6013606632711752, 2.6479046645697553, 1.6547072848009394, 0.6297044421140239, 4.047418734421744] 
[-0.311368639035134, 0.5276732684281003, 0.32704129490894474, 0.5572319170689974, -0.13240507290805326, -0.4433581496693719, 0.36599010292845335, -1.1788310862745348, -2.2884316873488126, 122.16355188595824, -123.23807747374708, 1.6989638557202467, -4.597492031493899, 1.9588326516910897, 2.455213516143451, 1.4288541997273745, 1.0330244805714615, 4.459813622540144] 
[-0.0956999559332452, 0.31200458532621145, 0.5427099780108335, 0.7729006001708862, 0.08326361019383555, -0.22768946656748312, 0.5816587860303422, -1.3944997693764236, -2.5041003704507014, 121.79902591266949, -122.67569550677159, 2.2502361322621374, -4.256458136477252, 1.9497822104047415, 2.086485964119503, 1.8166434224913417, 1.2412501132226184, 4.362309279700122] 
[-0.11481640793605052, 0.33112103732901677, 0.5618264300136389, 0.7537841481680809, 0.10238006219664086, -0.24680591857028844, 0.6007752380331475, -1.413616221379229, -2.484983918447896, 121.81975821184439, -122.69346366446842, 2.2625946931515464, -4.262450954496615, 1.9645097662411337, 2.0723784254351134, 1.7945385622233638, 1.1811681728795067, 4.303476567760736] 
[-0.10033506729702779, 0.3456023779680395, 0.5473450893746161, 0.7682654888071037, 0.08789872155761813, -0.2612872592093112, 0.5862938973941247, -1.3991348807402062, -2.4705025778088734, 121.80378335772436, -122.67967836179771, 2.253715773742105, -4.257456244817994, 1.9537051666495016, 2.0834355569326313, 1.807724809966121, 1.19190855501425, 4.295926207746351] 
[-0.24887782418762683, 0.49414513485863854, 0.6958878462652152, 0.9168082456977027, 0.23644147844821717, -0.11274450231871214, 0.4377511405035257, -1.2505921238496072, -2.3219598209182744, 121.66861288483872, -122.82156824523166, 2.232569990722964, -4.623386993262811, 1.5985218395886394, 2.241739864767133, 1.6611319838506873, 1.5849180696280736, 4.697083149619917] 
[-0.2469197217659307, 0.4961032372803347, 0.693929743843519, 0.9187663481193988, 0.2383995808699133, -0.110786399897016, 0.43579303808182956, -1.2525502262713033, -2.3239179233399705, 121.6674840151936, -122.82539222413736, 2.2265871378489175, -4.631180060909679, 1.5921372862357632, 2.243070593948344, 1.658339033651132, 1.579615478739145, 4.692013928730564] 
[-0.39092278494949184, 0.3521001740967735, 0.5499266806599579, 0.7747632849358377, 0.38240264405347446, -0.25478946308057715, 0.5797961012653907, -1.3965532894548645, -2.1799148601564093, 121.89052885044315, -123.19311011559412, 1.7312107656617746, -5.278404541907701, 1.0293631465409634, 2.000965829511072, 1.8426820989944122, 1.7072938186167554, 4.623196117207868] 
[-0.033329765843820525, -0.005492845008897795, 0.19233366155428655, 0.41717026583016636, 0.024809624947803144, -0.6123824821862485, 0.2222030821597194, -1.0389602703491931, -1.822321841050738, 122.57537713880616, -124.10808711306245, 0.5818730424624572, -6.827448880318018, -0.39574048966022524, 1.1856721884675498, 2.3025831748661005, 1.085157132120337, 3.972331556809044] 
[-0.16278918424617927, -0.13495226341125655, 0.0628742431519278, 0.5466296842325251, 0.1542690433501619, -0.4829230637838897, 0.35166250056207815, -1.1684196887515519, -1.6928624226483793, 122.44142780043296, -123.97334811923953, 0.43044627193994867, -6.9489984844610575, -0.30928707826263885, 1.4723297180891604, 2.02499198316359, 1.2223228796404304, 4.130490411876882] 
[-0.28535652154831936, -0.012384926109116456, 0.1854415804540679, 0.424062346930385, 0.031701706048021805, -0.6054904010860298, 0.47422983786421824, -1.0458523514494118, -1.5702950853462392, 122.59090910635776, -124.14093453857043, 0.5890308016990534, -6.689326184548584, -0.05828377302061738, 1.432090866432587, 1.9016140883414372, 1.0704439429783887, 3.9919481867903226] 
[-0.18698965594985495, -0.11075179170758087, 0.2838084460525323, 0.3256954813319206, -0.06666515955044261, -0.5071235354875654, 0.5725967034626827, -1.1442192170478762, -1.6686619509447036, 122.72813811400366, -124.27899912680309, 0.6807066645259165, -6.738741759822524, 0.024709106479961093, 1.6257586323384823, 1.717204948041119, 1.1340720881627882, 4.090290499329016] 
[0.013513580172364925, 0.089751444414639, 0.4843116821747522, 0.5261987174541405, -0.2671683956726625, -0.3066202993653455, 0.3720934673404628, -1.344722453170096, -1.8691651870669235, 122.89431097990992, -124.09319142854321, 0.5271684804075583, -6.487151003116818, 0.32348531736463304, 1.2421468894817287, 2.126308115177335, 1.4012485282375735, 3.9097627401327686] 
[-0.13476110560035082, -0.05852324135807674, 0.6325863679474679, 0.37792403168142474, -0.11889370989994674, -0.45489498513806126, 0.22381878156774704, -1.1964477673973803, -2.017439872839639, 122.74383924783878, -124.25643404575631, 0.36398830824786993, -6.492033293914815, 0.11886960531937688, 1.4914016285028069, 1.9181742516046592, 1.5008773541018856, 3.7880766919800792] 
[0.09581483781717992, -0.2890991847756075, 0.8631623113649987, 0.6084999750989555, 0.111682233517584, -0.22431904172053052, 0.4543947249852778, -0.9658718239798496, -1.7868639294221085, 122.54378720224497, -124.4840144554682, 0.8739134779892308, -6.002194202541884, 0.049606728826531554, 1.3240847091666732, 1.785588904356773, 1.8686921275752157, 4.162835801607792] 
[0.041366231185307356, -0.34354779140748004, 0.9176109179968712, 0.662948581730828, 0.16613084014945656, -0.16987043508865796, 0.5088433316171503, -0.911423217347977, -1.732415322790236, 122.60081955523513, -124.45583781486216, 1.0446836857499826, -5.798858746129718, 0.17642287952630545, 1.29359486161937, 1.721888454224017, 1.8057896082774438, 4.207317419222914] 
[-0.05649319553300458, -0.2456883646891681, 1.0154703447151832, 0.5650891550125161, 0.2639902668677685, -0.2677298618069699, 0.4109839048988384, -1.009282644066289, -1.634555896071924, 122.50887017975334, -124.30405640699409, 0.7635301310992582, -6.05719244961269, 0.19059109500421428, 1.3838901543917084, 1.7863387524765453, 1.736908059054366, 4.297526083917248] 
[0.36991150222730695, -0.6720930624494796, 0.5890656469548716, 0.13868445725220457, 0.69039496462808, 0.15867483595334164, 0.8373886026591499, -1.4356873418266005, -2.0609605938322355, 122.07019145699415, -124.07994522075231, 2.531258241471839, -4.089005500642425, 1.3328101948745357, 2.228061132451309, 1.0387363751019913, 1.1345793350943825, 3.8413412557324897] 
[0.451858583332843, -0.7540401435550157, 0.5071185658493356, 0.05673737614666852, 0.608447883522544, 0.2406219170588777, 0.7554415215536139, -1.3537402607210645, -2.1429076749377716, 122.02460313213477, -123.95142672982438, 2.4080508789238215, -4.040764014449275, 1.551106749605459, 2.4401252900587087, 0.96713818162715, 1.0642932697348497, 3.9013404976433166] 

Time 
56.47316288948059 
