Parameters 
 
[-0.5, -0.5, -0.5, -0.5, -0.5, -0.5, -0.5, -0.5, -0.5, -0.5, -0.5, -0.5] 
[-0.41672055338525915, -0.41672055338525915, -0.5832794466147408, -0.5832794466147408, -0.41672055338525915, -0.5832794466147408, -0.32220454305424573, -0.7246447281901013, -0.3197318777441515, -0.5380333888397408, -0.3517119585790637, -0.6380318596191192] 
[-0.5237053591680274, -0.3097357476024909, -0.6902642523975091, -0.4762946408319726, -0.3097357476024909, -0.6902642523975091, -0.2874492642273818, -0.5294955391541433, -0.6467594513386532, -0.1579892352927348, -0.6742679161462359, -0.44009197503455166] 
[-0.3071874825697396, -0.09321787100420309, -0.4737463757992213, -0.6928125174302604, -0.09321787100420309, -0.4737463757992213, -0.13724764691346134, -0.39026195162284083, -0.6185374135351214, 0.13880909545554732, -0.9578684966414115, -0.5973739064260897] 
[-0.5743147951792382, 0.17390944160529553, -0.7408736884087199, -0.959939830039759, -0.3603451836137017, -0.20661906318972267, -0.5310686435213232, 0.030554804732255803, -1.0633961698702115, 0.5522537111242971, -0.941665977400175, -0.33127925723913554] 
[-0.5203014673479383, 0.2279227694365955, -0.68686036057742, -1.013953157871059, -0.30633185578240174, -0.1526057353584227, -0.48584216278535397, 0.04697682209814941, -1.1883302119698655, 0.74287688068792, -1.0989712168207508, -0.35415600123602897] 
[-0.603977638629017, 0.14424659815551677, -0.6031841892963412, -1.0976293291521377, -0.222655684501323, -0.06892956407734396, -0.6597872139952352, 0.23337317468194788, -1.0664194754228082, 0.7123148860372426, -0.9800347284227318, -0.4565678379167488] 
[-0.4143302122822503, 0.33389402450228345, -0.41353676294957453, -0.907981902805371, -0.4123031108480897, -0.25857699042411064, -0.5729014627071154, 0.41621573382207705, -0.6350951916894235, -0.16274664777341585, -0.17568946234713678, -0.3476691376832585] 
[-0.38699963353484845, 0.3612246032496853, -0.3862061842021727, -0.9353124815527729, -0.43963368959549154, -0.23124641167670879, -0.5226101715253683, 0.35584744434274096, -0.6857300436740575, -0.1339786568347511, -0.15997597782578127, -0.37874551140062596] 
[-0.22820369763713888, 0.20242866735197573, -0.2274102483044631, -0.7765165456550633, -0.28083775369778197, -0.39004234757441836, -0.2374970077298169, -0.001935701034271986, -1.010050510089017, 0.138800930975318, -0.22838640786877606, -0.20312729266127286] 
[-0.5447529184875397, 0.5189778882023766, -0.5439594691548639, -0.4599673248046625, -0.5973869745481828, -0.7065915684248192, 0.01173934017121292, 0.30181062463494046, -0.7876642815889665, 1.1043323521068085, -1.2710850975020649, 0.3040953235930861] 
[-0.643704983567901, 0.4200258231220153, -0.6429115342352252, -0.5589193898850238, -0.696339039628544, -0.6076395033444579, 0.08192595842645992, 0.36573771302607005, -0.7971495645442481, 0.9397766220741018, -1.050034486746979, 0.12040358961500627] 
[-0.7699501508278606, 0.2937806558620557, -0.7691567014951848, -0.6851645571449834, -0.5700938723685844, -0.48139433608449833, 0.10868988868013471, 0.5472741561307266, -0.5291707481380923, 0.7365032692592761, -1.1954422204654098, 0.31156832836927134] 
[-0.7241061429063591, 0.24793664794055426, -0.8150007094166862, -0.7310085650664848, -0.6159378802900859, -0.5272383440059998, 0.24916350200847398, 0.40524646139452264, -0.5465066317714651, 0.8179114068198444, -1.265009893593931, 0.29149297718093276] 
[-0.7944843324688029, 0.17755845837811046, -0.88537889897913, -0.8013867546289286, -0.5455596907276421, -0.5976165335684436, 0.19926868413173832, 0.3733512549627768, -0.4954284297799846, 0.8470008804120617, -1.2263181266059227, 0.3474891777960049] 
[-0.5443863910508537, -0.0725394830398387, -1.1354768403970792, -0.5512888132109794, -0.7956576321455913, -0.3475185921504944, 0.2907446496499859, 0.5992169111760473, 0.015319124221716884, 0.38869711990927563, -1.3872482641732986, 0.6456139786202328] 
[-0.13950695491654708, -0.47741891917414536, -0.7305974042627725, -0.1464093770766728, -1.200537068279898, 0.05736084398381225, 0.5628243111612241, 0.8563160903226261, 0.2923350337444016, 0.5459481025476816, -1.1658462114179697, 0.923824546600735] 
[-0.01869735621674673, -0.356609320474345, -0.6097878055629722, -0.02559977837687244, -1.3213466669796983, 0.1781704426836126, 0.6799028200830541, 0.8865258033774185, 0.51700889297556, 0.35135324459515693, -2.639865700225214, 2.4018273173714304] 
[-0.10671230552823063, -0.2685943711628611, -0.5217728562514883, -0.11361472768835634, -1.4093616162911822, 0.09015549337212869, 0.5897888848943307, 1.0063308796547104, 0.4114230939756448, 0.320207950320888, -2.6831508654409038, 2.355080250209853] 
[-0.09342953846127822, -0.28187713822981353, -0.5084900891845359, -0.10033196062140393, -1.3960788492242298, 0.07687272630517628, 0.575100722582415, 1.0200165555635652, 0.41625546054762935, 0.331349919702847, -2.6936846286730844, 2.352085300927205] 
[0.060128216616659014, -0.1283193831518763, -0.35493233410659863, 0.053225794456533304, -1.549636604302167, -0.07668502877276095, 0.4284102238402133, 0.9433831929917345, 0.15260377624610694, 0.6078037076257291, -2.708195469065101, 2.519819124868601] 
[0.01107339150681197, -0.17737420826172334, -0.4039871592164457, 0.10228061956638035, -1.598691429412014, -0.125739853882608, 0.4811703540456393, 1.005554893514191, 0.06934328867088428, 0.6855506952150497, -2.6746205606820928, 2.535452604401071] 
[0.17189654635468044, -0.3381973631095918, -0.2431640043685772, 0.2631037744142488, -1.4378682745641456, -0.28656300873047647, 0.6399921743658195, 0.8219366464176981, 0.22052287881612537, 0.7879993773142333, -2.6036941364705393, 2.626304263226274] 
[0.03341743760640581, -0.47667647185786644, -0.38164311311685184, 0.12462466566597419, -1.5763473833124202, -0.4250421174787511, 0.7494259810718897, 0.6419356894639257, 0.40704659521442543, 0.8293369948184939, -4.284506176721349, 4.30783734653193] 
[0.14068155251909387, -0.3694123569451784, -0.2743789982041638, 0.23188878057866225, -1.6836114982251082, -0.5323062323914391, 0.858273989592644, 0.6952893426475618, 0.5413146469857228, 0.6779480945397548, -4.227638194371223, 4.3636961086128805] 
[0.3873682915179226, -0.12272561794634962, -0.027692259205335024, -0.014797958420166513, -1.930298237223937, -0.2856194933926104, 1.061337418002922, 0.3616727562696071, 0.8710823895950084, 0.8069625266985034, -2.7588067410981845, 2.8931120380896145] 
[0.20459872905441356, 0.06004394451715944, 0.15507730325817404, -0.19756752088367557, -2.113067799687446, -0.46838905585611945, 0.7583590976340144, 0.041040656740937376, 1.085306081374777, 0.9843716912240235, -2.6577424476648224, 2.9851207089512566] 
[-0.0351869506557283, 0.2998296242273013, 0.3948629829683159, 0.04221815882646629, -2.352853479397588, -0.2286033761459776, 0.5567797365908805, 0.22942717597091947, 0.9041344145296741, 1.2997461139563609, -1.62882165232872, 1.9742423625538001] 
[0.061288293398648275, 0.3963048682816779, 0.4913382270226925, -0.054257085227910284, -2.2563782353432114, -0.32507862020035416, 0.45591979884525785, 0.35988436053067197, 1.0164148835524556, 1.2459889166571336, -1.6830742781232282, 1.9152226971691375] 
[0.1828314272444067, 0.5178480021274363, 0.36979509317693404, 0.06728604861784815, -2.134835101497453, -0.4466217540461126, 0.5842189912498987, 0.47945496096014667, 0.9892687537590182, 1.36973048881945, -1.2207434828770634, 1.4550541896273057] 
[0.25117537265827883, 0.4495040567135642, 0.43813903859080616, -0.0010578967960239716, -2.203179046911325, -0.5149656994599847, 0.5376631685584353, 0.6173752596662221, 1.1587739560594263, 1.4928137781908561, -1.2693474162503495, 1.4236727155640554] 
[0.1399411168760678, 0.5607383124957752, 0.5493732943730172, 0.11017635898618705, -2.091944791129114, -0.6261999552421957, 0.6791612691896816, 0.7525703889684989, 1.1385343008427178, 1.5961029533056452, -1.6425139567303495, 1.7968736183745966] 
[0.05770718921196538, 0.6429722401598776, 0.46713936670891476, 0.027942431322084627, -2.1741787187932164, -0.7084338829062982, 0.6049631795751671, 0.8205989468184364, 1.1264201070504563, 1.6861270922423344, -1.9234115486677186, 2.075296556632699] 
[0.1723235996712318, 0.5283558297006112, 0.5817557771681812, 0.14255884178135103, -2.288795129252483, -0.8230502933655646, 0.7309641155231488, 1.0672391818999871, 1.3625666007649544, 1.657575991660529, -1.993279429784225, 2.004350846332522] 
[0.21806791014974314, 0.4826115192220999, 0.5360114666896698, 0.09681453130283968, -2.334539439730994, -0.7773059828870532, 0.6727838550813239, 0.9832633176492294, 1.2911947271476596, 1.677199540277375, -2.088114466529942, 2.098168928801664] 
[0.23818282189070095, 0.5027264309630577, 0.515896554948712, 0.11692944304379749, -2.3144245279900364, -0.7571910711460954, 0.6579961128060344, 1.0110619531770109, 1.3181935398946074, 1.6684374525462107, -2.0741316405305743, 2.111118836691995] 
[0.40685166070632794, 0.6713952697786847, 0.684565393764339, -0.05173939577182951, -2.1457556891744094, -0.9258599099617224, 0.8026489376149409, 0.8948995490921626, 1.3736845335047856, 1.5150165017259813, -1.949297258900984, 2.213467993140339] 
[0.7886537902381696, 0.289593140246843, 0.30276326423249733, -0.4335415253036712, -2.527557818706251, -1.307662039493564, 1.4798787367988635, 1.8484127742400207, 2.1913506681264745, 1.543040763618671, -1.6945902417711962, 2.466944488020615] 
[0.7715673864194179, 0.3066795440655947, 0.2856768604137456, -0.4506279291224229, -2.5104714148874994, -1.2905756356748124, 1.4837707788589545, 1.8290054645643714, 2.1654958838117326, 1.5236042559477592, -1.6813043071218736, 2.4480511779382574] 
[0.6036559843359135, 0.1387681419820903, 0.11776545833024121, -0.2827165270389185, -2.6783828169710038, -1.4584870377583168, 2.053720472959041, 2.4338231956923755, 2.4450549181680636, 1.4659931460691569, -1.5547651460567045, 2.597374183429553] 
[0.4835272093883183, 0.01863936703449509, 0.23789423327783643, -0.16258775209132326, -2.798511591918599, -1.578615812705912, 2.3443267579504594, 2.737056421158329, 2.619483644638957, 1.6450436912943458, -1.395669387849416, 2.7098522277851953] 
[0.31170180074441367, 0.1904647756783997, 0.06606882463393182, 0.009237656552581353, -2.6266861832746944, -1.7504412213498166, 2.2249644132746806, 2.8499228962143306, 2.402706024702804, 1.4439230498997946, -1.2531921637961292, 2.8820474619126717] 
[0.13061797997656432, 0.009380954910550354, -0.11501499613391752, -0.171846164215268, -2.8077700040425437, -1.931525042117666, 1.9749269863519863, 2.6209423279838493, 2.5550855089359636, 1.6362324218426405, -1.4211861345831687, 3.048349842053019] 
[0.087568051105952, -0.033668973960061965, -0.0719650672633052, -0.2148960930858803, -2.850819932913156, -1.8884751132470536, 1.9254781197438124, 2.5718108697085675, 2.5939133266716716, 1.6695594567546963, -1.4544133379166713, 3.0876136923172264] 
[0.2577680640445812, 0.13653103897856722, 0.09823494567532398, -0.3850961060245095, -3.0210199458517852, -1.7182751003084245, 2.0824576538919404, 2.4205582566800987, 2.437654875058245, 1.5430428427482294, -1.293872980814091, 3.271859725352764] 
[0.27537093379395605, 0.11892816922919236, 0.11583781542469884, -0.40269897577388436, -3.03862281560116, -1.7358779700577993, 2.0581128905463477, 2.3938630488763146, 2.4151770768599032, 1.5277343999321318, -1.2822366430802208, 3.2544474609043115] 
[0.2502502296126692, 0.14404887341047923, 0.1409585196059857, -0.42781967995517123, -3.0135021114198732, -1.7107572658765124, 2.02456952575937, 2.36266607856049, 2.441451752329831, 1.5721746580021414, -1.2395073239138108, 3.280232188891775] 
[0.2294502673260026, 0.1648488356971458, 0.1617584818926523, -0.40701971766850464, -3.03430207370654, -1.6899573035898459, 2.0071017411648517, 2.3762622809729876, 2.4202264525166908, 1.5540131687784215, -1.2264403151851806, 3.2596440986017536] 
[0.22639784548507214, 0.16179641385621535, 0.16481090373358276, -0.4100721395094351, -3.0312496518656094, -1.6869048817489154, 2.0094468072356744, 2.3731094933374526, 2.4162541144533676, 1.5511160146355647, -1.2245487460038842, 3.256613789517597] 
[0.21533493106669743, 0.17285932827459005, 0.15374798931520806, -0.4211350539278098, -3.042312566283984, -1.69796779616729, 1.9946866588557821, 2.3564204858623614, 2.4010386070626644, 1.5405553318693754, -1.2174834099908158, 3.26775936421647] 
[0.011339541433068145, -0.031136061359039235, 0.35774337894883734, -0.21713966429418052, -2.8383171766503548, -1.9019631858009194, 2.15504392858511, 2.1491038915253524, 2.1777571860498464, 1.650505969367617, -1.3749606539167127, 3.4699480900683266] 
[0.05357879380194097, 0.01110319100983359, 0.39998263131771017, -0.25937891666305335, -2.8805564290192276, -1.8597239334320466, 2.1967978973662046, 2.1062865235495636, 2.213813791204252, 1.6287631014261426, -1.3325219358432474, 3.5162115561541483] 
[-0.008691352659030205, -0.051166955451137586, 0.337712484856739, -0.19710877020208217, -2.9428265754801988, -1.9219940798930177, 2.1309759648516637, 2.039959815447886, 2.161736710634857, 1.657646558412982, -1.3929308804573335, 3.449647900062611] 
[0.10527203195472046, -0.16513034006488825, 0.22374910024298833, -0.08314538558833151, -3.0567899600939494, -2.0359574645067684, 2.0159794911117492, 2.15898110137382, 2.077603689715884, 1.7672762290619197, -1.2661387605566947, 3.344130813340676] 
[0.22488545757148293, -0.04551691444812578, 0.3433625258597508, 0.03646804002843096, -2.937176534477187, -1.916344038890006, 1.88474412720686, 2.0468525279814607, 1.9453093852238084, 1.6271937614391616, -1.1622082734844676, 3.2284524915088535] 
[0.20038767926379597, -0.02101913614043882, 0.36786030416743776, 0.060965818336117916, -2.961674312784874, -1.891846260582319, 1.9044103608446084, 2.0251634302177655, 1.9829531705451209, 1.6636137361685457, -1.1405156806833052, 3.20544523943911] 
[0.20599462502086885, -0.0266260818975117, 0.3622533584103649, 0.05535887257904504, -2.967281258541947, -1.8974532063393919, 1.8973928012628434, 2.0180751072696044, 1.9873678338219185, 1.6599118251243365, -1.1462498148981504, 3.1995150900737572] 
[0.13619581658102708, -0.09642489033735346, 0.2924545499705231, -0.014439935860796727, -2.897482450102105, -1.9672520147792336, 1.8397113938509229, 2.077338071863283, 1.9357370943084993, 1.7153584254400658, -1.222989218202679, 3.1254522790554184] 
[0.14990766160411573, -0.1101367353604421, 0.30616639499361176, -0.02815178088388537, -2.9111942951251937, -1.953540169756145, 1.8239712761541378, 2.06232988718181, 1.9266402568173924, 1.7266650275541613, -1.2077130495054493, 3.140589701579087] 
[0.15557398670819955, -0.10447041025635828, 0.3118327200976956, -0.022485455779801544, -2.90552797002111, -1.9478738446520611, 1.819175952546407, 2.06819751085002, 1.9178286310773875, 1.7181922808258572, -1.2141304810607798, 3.134376270037817] 
[0.11075372321547539, -0.059650146763634115, 0.2670124566049714, 0.022334807712922622, -2.950348233513834, -1.9926941081447853, 1.8569418925230148, 2.0224206527847364, 1.98693860723889, 1.7831027359162102, -1.261812381713531, 3.0854509118120688] 
[0.04474778333353546, 0.006355793118305808, 0.33301839648691134, -0.0436711321690173, -3.016354173395774, -2.0587000480267252, 1.782388845352441, 1.9449526867223503, 2.0435707785663304, 1.7306902050187765, -1.1994567838919536, 3.0242973130531556] 
[0.025615249853851108, 0.025488326597990163, 0.3521509299665957, -0.06280366564870166, -3.0354867068754583, -2.0778325815064096, 1.802409598155048, 1.9648091733607203, 2.0149710599961694, 1.7013363867725368, -1.2209838466812424, 3.003905456751] 
[0.09299380770340582, -0.04189023125156455, 0.284772372117041, 0.0045748922008530535, -2.9681081490259036, -2.010454023656855, 1.8715300183564856, 2.0328396973912395, 1.9682279861004763, 1.756573813499674, -1.1536503862172807, 2.9399828436133713] 
[0.07434920305763759, -0.02324562660579632, 0.3034169767628092, -0.014069712444915172, -2.986752753671672, -1.9918094190110867, 1.8921818332718041, 2.054474160997628, 1.9413944372777303, 1.7304838465761085, -1.1736599772665632, 2.9198681431209192] 
[0.07264505525455922, -0.024949774408874692, 0.30171282895973084, -0.015773860247993543, -2.9850486058685934, -1.993513566814165, 1.8940267868910408, 2.056370263512047, 1.9389104423813406, 1.728013233439928, -1.1755116533152787, 2.9180472990085953] 
[0.051943501936500436, -0.004248221090815907, 0.28101127564167205, -0.03647541356605233, -3.0057501591866522, -1.9728120134961062, 1.8746753119975237, 2.0749769986661097, 1.9679835093164482, 1.7576858646064062, -1.1529525349298155, 2.9401915237351193] 
[0.0556849879812531, -0.007989707135568569, 0.2772697895969194, -0.032733927521299666, -3.0020086731418996, -1.976553499540859, 1.8786223092600371, 2.078935251583615, 1.9650787390288047, 1.7607631848728946, -1.1488947208933253, 2.944147883564944] 
[0.1088450042262159, 0.045170309109394235, 0.2241097733519566, 0.02042608872366314, -2.9488486568969368, -1.923393483295896, 1.9349335765957754, 2.135556991226245, 1.9223613753460251, 1.8005221964444003, -1.2038989107354103, 2.887968815310825] 
[0.10835128896755242, 0.04566402436805772, 0.22460348861062007, 0.020919803982326624, -2.9483549416382733, -1.9238871985545596, 1.9344852466959388, 2.13597521464885, 1.9217481177229694, 1.7999011719998985, -1.2043498076954136, 2.8884327098931517] 
[0.1167816268383155, 0.03723368649729464, 0.23303382648138316, 0.01248946611156354, -2.93992460376751, -1.9154568606837965, 1.9439723062864165, 2.145757258555593, 1.929136135701339, 1.7932697641694948, -1.2121219817678983, 2.8963470382370575] 
[0.09280667691248601, 0.013258736571465146, 0.25700877640721265, -0.011485483814265951, -2.9159496538416807, -1.939431810609626, 1.922634027309417, 2.168402143635407, 1.9612295431748201, 1.8249221876552018, -1.2349558809907724, 2.918776753680466] 
[0.0425784485538343, 0.06348696493011685, 0.20678054804856094, -0.061713712172917656, -2.865721425483029, -1.9896600389682777, 1.977944962373407, 2.2232522679517763, 1.921793127385538, 1.8646291268753439, -1.2810043217705018, 2.9652927720651934] 
[0.10603133737323622, 3.407611071493122e-05, 0.14332765922915902, -0.12516660099231958, -2.929174314302431, -1.9262071501488758, 1.9115284633451526, 2.1534871549254584, 1.8655220133134982, 1.9209097934051453, -1.206353751055451, 3.0370001016989754] 
[0.0705899351157, 0.035475478368251157, 0.17876906148669525, -0.1606080032498558, -2.964615716559967, -1.961648552406412, 1.8794788034435084, 2.185535284722013, 1.824726532172632, 1.8831229350306251, -1.1779053331842426, 3.003629398660119] 
[0.06614413967351274, 0.03992127381043842, 0.17432326604450799, -0.16505379869204306, -2.96016992111778, -1.9660943478485993, 1.8842751932260895, 2.190509174930796, 1.8301841547706708, 1.887903800328283, -1.1819224797268786, 2.998917630218479] 
[0.13673876409201702, 0.1105158982289427, 0.24491789046301227, -0.09445917427353878, -2.8895752966992756, -1.895499723430095, 1.8084626746402452, 2.1115019553955903, 1.7433482708417796, 1.8110231628708557, -1.1281498299271737, 2.932008366399425] 
[0.16855289969059362, 0.1423300338275193, 0.27673202606158886, -0.06264503867496218, -2.857761161100699, -1.8636855878315184, 1.837065241076342, 2.0877970926812877, 1.7832927889611898, 1.8553837200080388, -1.094714634336093, 2.902842214680928] 
[0.2239131611211831, 0.19769029525810877, 0.2213717646309994, -0.11800530010555166, -2.9131214225312885, -1.9190458492621079, 1.9018754345322482, 2.1447039580782907, 1.7147840345850074, 1.7783107181604745, -1.1504262533528542, 2.953706923604926] 
[0.17966935161197162, 0.1534464857488973, 0.26561557414021086, -0.16224910961476313, -2.868877613022077, -1.9632896587713193, 1.8674259458431848, 2.1896894136485834, 1.7588995655074118, 1.738399170344569, -1.1960078210492986, 2.9944522369322044] 
[0.21579123304075543, 0.1895683671776811, 0.22949369271142706, -0.12612722818597932, -2.904999494450861, -1.9994115402001031, 1.8967192847283656, 2.151023682861297, 1.7057182462951768, 1.6936800616163465, -1.162580784993414, 3.033972659111466] 
[0.22978534672914952, 0.175574253489287, 0.24348780639982115, -0.14012134187437342, -2.8910053807624667, -2.0134056538884972, 1.9152960315700467, 2.1728162163553613, 1.7274323857710627, 1.7108883722708654, -1.1760034759386215, 3.018681346330159] 
[0.19088182875657855, 0.21447777146185798, 0.20458428842725018, -0.17902485984694438, -2.9299088987350377, -1.9745021359159263, 1.944748896940735, 2.130676012675063, 1.6678076162897144, 1.6523263329399749, -1.218980795285287, 3.0530651292968556] 
[0.1969696419261182, 0.22056558463139764, 0.19849647525771053, -0.18511267301648404, -2.923821085565498, -1.980589949085466, 1.939979541960358, 2.1377882913639925, 1.6771354354214663, 1.6614632441519788, -1.2117824124833816, 3.0475619454326055] 
[0.14132861201341873, 0.16492455471869816, 0.14285544534501105, -0.24075370292918352, -2.8681800556527985, -2.0362309789981654, 1.8724883089817876, 2.0757315196910806, 1.7079059213380794, 1.5989793923893068, -1.2836542213378546, 2.9858398597360543] 
[0.25014700731178285, 0.2737429500170623, 0.25167384064337517, -0.34957209822754765, -2.9769984509511627, -1.9274125836998013, 1.9707144319032797, 1.9994991955672692, 1.825616006020295, 1.7540985176278021, -1.1505500419359236, 2.8926867976902844] 
[0.19229092945113768, 0.2158868721564171, 0.30952991850402034, -0.2917160203669025, -3.034854528811808, -1.9852686615604465, 1.8982816707540457, 1.9383372254896671, 1.8806357669994682, 1.8103852357901595, -1.193220348254027, 2.8325375307052] 
[0.2643802602731191, 0.28797620297839854, 0.3816192493260018, -0.21962668954492104, -2.9627651979898264, -2.057357992382428, 1.804382300360989, 1.8215009839283778, 1.7447286771143589, 1.668550363355943, -1.3070956273787415, 2.755769058220221] 
[0.2691601435065336, 0.29275608621181304, 0.3768393660925873, -0.21484680631150654, -2.957985314756412, -2.0525781091490134, 1.8106716742609812, 1.8275256806297893, 1.7434277251207566, 1.6741344499709527, -1.3007750324198943, 2.761062015412372] 
[0.2654807741930525, 0.2890767168983319, 0.37315999677910616, -0.21852617562498766, -2.961664684069893, -2.0488987398355323, 1.8082630550872067, 1.8325166967228625, 1.750868947453771, 1.6813122132905671, -1.2959679471528895, 2.757779970338629] 
[0.3376653612271858, 0.2168921298641986, 0.30097540974497283, -0.290710762659121, -2.8894800970357597, -2.1210833268696656, 1.7132819650075006, 1.7418697450873408, 1.7720445437365113, 1.599846517769516, -1.3790673604793489, 2.8232850365559092] 
[0.3404907167047333, 0.21971748534174607, 0.3038007652225203, -0.2878854071815735, -2.892305452513307, -2.123908682347213, 1.7152453640806589, 1.7392054675269317, 1.7695995322010454, 1.603080564026912, -1.3749675554892216, 2.826622753132411] 
[0.2815448288822977, 0.27866337316418166, 0.24485487740008471, -0.3468312950040091, -2.8333595646908716, -2.1828545701696487, 1.8010606456764617, 1.8216468447185987, 1.746779289168006, 1.6743966374524697, -1.3035197265840297, 2.7765559751134696] 
[0.26969150541969844, 0.2668100497015824, 0.23300155393748545, -0.33497797154140985, -2.8215062412282723, -2.1710012467070494, 1.8182465298674007, 1.8416098591659122, 1.7605059918674293, 1.6595949847639537, -1.3224767788464231, 2.761595092616999] 
[0.27799973695854296, 0.2751182812404269, 0.22469332239864093, -0.3266697400025653, -2.813198009689428, -2.162693015168205, 1.8238897693960632, 1.8312405159566283, 1.7463043964810911, 1.6437667492884536, -1.3374057490453064, 2.750781194481936] 
[0.283223581058921, 0.2698944371400489, 0.22991716649901894, -0.3214458959021873, -2.818421853789806, -2.167916859268583, 1.8194877012797248, 1.8343519818584253, 1.7425750181365725, 1.6472238000354853, -1.3408146456989705, 2.7554240555889566] 
[0.22246192833190426, 0.20913278441303218, 0.29067881922603567, -0.2606842431751706, -2.8791835065168225, -2.2286785119955996, 1.8628309613633462, 1.7696803266408276, 1.6800569636230054, 1.7161516807005486, -1.2681552187329366, 2.7069719854609016] 
[0.21697173866647423, 0.20364259474760216, 0.28518862956060564, -0.25519405350974056, -2.8736933168513925, -2.2231883223301696, 1.8669674834959207, 1.7634082448708621, 1.6714247598527627, 1.709044530540125, -1.2651302644445768, 2.7019453824974757] 
[0.20067375592448178, 0.2199405774895946, 0.2688906468186132, -0.271492036251733, -2.889991299593385, -2.206890339588177, 1.8546564705421442, 1.7823195180157043, 1.6989088457184205, 1.7375591580822047, -1.244199558208743, 2.688902038051106] 
[0.2160430972253926, 0.20457123618868378, 0.25352130551770236, -0.2561226949508222, -2.905360640894296, -2.222259680889088, 1.8362473472909884, 1.7666930560589278, 1.7150359102419233, 1.7534880996238515, -1.2580513660335222, 2.671559136344253] 
[0.19199843233876868, 0.22861590107530771, 0.2775659704043263, -0.2801673598374461, -2.881315976007672, -2.198215016002464, 1.8064611981985679, 1.7393391687358768, 1.7303563519931873, 1.7388819638368425, -1.2337298784089845, 2.6989426962897167] 
[0.21107320362190896, 0.20954112979216744, 0.29664074168746657, -0.26109258855430584, -2.8622412047245316, -2.1791402447193238, 1.7833699719837688, 1.7177285960441604, 1.7385631190118418, 1.7145353698969137, -1.262435651178655, 2.6757002127161766] 
[0.20109739452502984, 0.21951693888904655, 0.3066165507843457, -0.27106839765118496, -2.8522653956276525, -2.1691644356224447, 1.774794661459213, 1.7245627401809676, 1.7314460200360458, 1.7200721277261748, -1.2728579431714218, 2.6641376844598357] 
[0.21267846830803583, 0.20793586510604056, 0.2950354770013397, -0.25948732386817897, -2.8638464694106585, -2.1575833618394387, 1.759840350830196, 1.7072597778927021, 1.717649211672906, 1.7246663742570263, -1.285409171920909, 2.6506131293859454] 
[0.21853506938280765, 0.20207926403126875, 0.3008920780761115, -0.25363072279340715, -2.8579898683358866, -2.151726760764667, 1.7546562840216957, 1.7105160985836294, 1.7097266879551645, 1.7148672269061933, -1.2928807656962067, 2.655373403431811] 
[0.2695689825263883, 0.2531131771748494, 0.24985816493253088, -0.3046646359369878, -2.806955955192306, -2.2027606739082475, 1.6863491191818596, 1.62918741592742, 1.625362310834886, 1.650425973544668, -1.2480972814095772, 2.7130644220710876] 
[0.2673615104203484, 0.2509057050688095, 0.25206563703857077, -0.30687210804302767, -2.804748483086266, -2.2005532018022076, 1.6879663510806355, 1.6268981593756167, 1.623229781868527, 1.6530987057982829, -1.2446286867680367, 2.7159138502663045] 
[0.2660072846524115, 0.25225993083674636, 0.2507114112706339, -0.3055178822750908, -2.806102708854203, -2.1991989760342707, 1.6859889240120394, 1.6244629741222478, 1.6207505993071547, 1.6506660860501685, -1.2464665330778641, 2.7169270455520085] 
[0.25905647914279717, 0.2592107363463607, 0.25766221678024825, -0.29856707676547645, -2.8130535143638173, -2.1922481705246564, 1.6811352737449465, 1.6327012859428758, 1.6315659171955157, 1.6591449049251126, -1.2499191541427765, 2.7232405751076767] 
[0.23961413353709338, 0.23976839074065692, 0.23821987117454446, -0.27912473115977265, -2.832495859969521, -2.1728058249189526, 1.6639496305740922, 1.6418151993245498, 1.6062176592327682, 1.6247816741048444, -1.2831759399264604, 2.697827066611417] 
[0.25454293702415987, 0.2546971942277234, 0.25314867466161095, -0.29405353464683914, -2.8474246634565876, -2.157877021431886, 1.6770883105575571, 1.6340502360358424, 1.6246622366698316, 1.6486368255814672, -1.2641124137392028, 2.6860551869966995] 
[0.2638317419844092, 0.2639859991879727, 0.24385986970136164, -0.28476472968658983, -2.8381358584963383, -2.1671658263921354, 1.6891395320998595, 1.6453864901800128, 1.6208954819827952, 1.6609055601041032, -1.2497620109474554, 2.6975498711155392] 
[0.28175955049578993, 0.24605819067659196, 0.2617876782127424, -0.2668369211752091, -2.8202080499849576, -2.185093634903516, 1.6656583120183963, 1.623327040047816, 1.628175930644004, 1.6374143576340174, -1.2774062378717015, 2.6751693644094696] 
[0.25896376401505483, 0.22326240419585686, 0.2389918917320073, -0.2896327076559442, -2.7974122635042225, -2.162297848422781, 1.696226358803096, 1.6521482526306905, 1.6183624432285706, 1.664129595969595, -1.2513544988019347, 2.6569489196928275] 
[0.24858412310297018, 0.2336420451079415, 0.22861225081992265, -0.2792530667438595, -2.807791904416307, -2.1519182075106964, 1.68168073907138, 1.6354658668075437, 1.605520816166037, 1.6686815916350832, -1.2627884714253472, 2.6445075696368665] 
[0.25278170460212257, 0.22944446360878912, 0.22441466932077025, -0.27505548524470713, -2.8035943229171547, -2.147720626011544, 1.6786692091496687, 1.6404212295316865, 1.612285710048964, 1.6756850742836562, -1.2573784874859462, 2.6412453333501924] 
[0.24666161987155766, 0.23556454833935403, 0.21829458459020534, -0.2689354005141422, -2.8097144076477196, -2.153840710742109, 1.6740870630872624, 1.6467360615552948, 1.6183908837246166, 1.6691131673886703, -1.264284204792772, 2.6461633294079214] 
[0.24053363202643174, 0.22943656049422811, 0.21216659674507943, -0.2628074126690163, -2.8035864198025937, -2.159968698587235, 1.6662130070592602, 1.6393818649902212, 1.6213022545315352, 1.661273047338614, -1.273675570828309, 2.6384112218316464] 
[0.2352676631588202, 0.22417059162661657, 0.21743256561269098, -0.25754144380140476, -2.798320450934982, -2.1547027297196233, 1.6588858915193079, 1.630496780140919, 1.6124132776883002, 1.6526654813658799, -1.2802758495838604, 2.6425027493512503] 
[0.25864519281177456, 0.24754812127957093, 0.24081009526564534, -0.2341639141484504, -2.774942921282028, -2.1780802593725777, 1.6411371928038847, 1.655263850240103, 1.6381058963244712, 1.6383439413174217, -1.263920396682836, 2.6220598355843445] 
[0.2703490728908853, 0.25925200135868165, 0.22910621518653462, -0.2458677942275611, -2.7866468013611385, -2.166376379293467, 1.6247523005815285, 1.6363868335524543, 1.6245861748708623, 1.6495781250630532, -1.2516982871704445, 2.6127879768891438] 
[0.25596024846128307, 0.27364082578828386, 0.24349503961613683, -0.2602566186571633, -2.7722579769315363, -2.1519875548638647, 1.6062585562513427, 1.620485103474075, 1.6381408290295938, 1.663628916901084, -1.2662038283102632, 2.595656117110602] 
[0.2521212677012712, 0.269801845028272, 0.2473340203761487, -0.2640955994171752, -2.776096957691548, -2.148148574103853, 1.600710339461178, 1.6134729890046344, 1.6309647591291678, 1.6566833130423797, -1.2726314209935254, 2.5905861294406645] 
[0.25554798119854416, 0.27322855852554495, 0.24390730687887574, -0.2606688859199022, -2.779523671188821, -2.151575287601126, 1.595825037627591, 1.607406513827644, 1.6251101557548946, 1.6526895896843878, -1.2693884188290472, 2.5946235478085695] 
[0.2622588755666526, 0.2665176641574365, 0.2506182012469842, -0.25395799155179377, -2.7728127768207127, -2.1448643932330174, 1.604504470347104, 1.6154942199302005, 1.6222060738379394, 1.6605130145327, -1.2618418243356582, 2.589329758684967] 
[0.258368483950457, 0.26262727254124085, 0.25450859286317984, -0.2578483831679894, -2.768922385204517, -2.1409740016168217, 1.5995632586243163, 1.6112927761836173, 1.6259589569969297, 1.6643900493922648, -1.2657287322746933, 2.5847028779516052] 
[0.25611400194884615, 0.26037279053963003, 0.25676307486479066, -0.2555939011663786, -2.771176867206128, -2.1432284836184325, 1.6028250869572802, 1.6153753554574721, 1.6301713822369095, 1.6684998897319743, -1.2619652604279104, 2.5876725670024143] 
[0.2484457456628184, 0.2527045342536023, 0.24909481857876292, -0.24792564488035085, -2.7788451234921556, -2.1508967399044603, 1.5929454130446292, 1.6063412234375598, 1.634540866720464, 1.6637713899864917, -1.2536196532812207, 2.5969241421439397] 
[0.24250393316375485, 0.25864634675266585, 0.2550366310778265, -0.2538674573794144, -2.784786935991219, -2.156838552403524, 1.5847414460507991, 1.596839883944737, 1.6277018398983347, 1.6695377879300106, -1.247291044246902, 2.5921755640033086] 
[0.23581904861640046, 0.25196146220531146, 0.26172151562518087, -0.2605523419267688, -2.778102051443865, -2.1635234369508782, 1.5764236007205787, 1.5898057013342564, 1.6342850402333968, 1.6762659326847131, -1.2539257507809445, 2.584250085144226] 
[0.24302986079662992, 0.244750650025082, 0.2545107034449514, -0.26776315410699825, -2.7708912392636353, -2.156312624770649, 1.5855075928344344, 1.5980844979424476, 1.6300681527699583, 1.6806251988941043, -1.2617963640633347, 2.575528828912775] 
[0.2470544520445066, 0.24072605877720532, 0.25048611219707473, -0.26373856285912156, -2.7668666480157587, -2.152288033522772, 1.5905335548093682, 1.60237352303258, 1.626074642765389, 1.6766128097512922, -1.2578035205407618, 2.5803243051146585] 
[0.24730612229322935, 0.24047438852848257, 0.250234441948352, -0.2639902331078443, -2.7671183182644814, -2.152539703771495, 1.5908476434151733, 1.602636340070606, 1.6257913335641945, 1.6762234093709485, -1.258109387244068, 2.5805166093200667] 
[0.24387950356405375, 0.24390100725765818, 0.24680782321917638, -0.2605636143786687, -2.770544936993657, -2.1559663225006704, 1.595146697428319, 1.606305903903495, 1.6223087105939373, 1.6724461558035035, -1.2561630998896898, 2.5774676250140263] 
[0.2376206595137318, 0.23764216320733622, 0.25306666726949834, -0.25430477032834675, -2.764286092943335, -2.1622251665509924, 1.5996706371414953, 1.598901985320096, 1.6126048331275191, 1.6647520101090596, -1.2527800784583265, 2.5718634436901073] 
[0.2291622945472347, 0.22918379824083912, 0.24460830230300123, -0.26276313529484385, -2.755827727976838, -2.1706835315174895, 1.5878983576415535, 1.5844165310678586, 1.5975540890310218, 1.6503844949455413, -1.2632228206240426, 2.578245747662029] 
[0.23814461079397153, 0.23816611448757596, 0.2356259860562644, -0.253780819048107, -2.746845411730101, -2.1796658477642263, 1.6002145535578698, 1.5994868206468158, 1.6132225766977033, 1.6655381180425664, -1.2520756692152677, 2.571550053957824] 
[0.23492351877330142, 0.24138720650824608, 0.2388470780769345, -0.2570019110687771, -2.750066503750771, -2.1828869397848965, 1.6026381026567735, 1.596007763112519, 1.6095732206210471, 1.6671197267287305, -1.255794725189765, 2.5675371420108304] 
[0.23534007839461202, 0.24180376612955667, 0.2384305184556239, -0.2574184706900877, -2.7496499441294606, -2.182470380163586, 1.6020722944713566, 1.59534742971594, 1.609060170029027, 1.6673567777069114, -1.2560817433297118, 2.5678928371117573] 
[0.24268207178562085, 0.2491457595205655, 0.24577251184663274, -0.2500764772990789, -2.742307950738452, -2.1898123735545947, 1.6076679601525634, 1.587633631768803, 1.6018182254313795, 1.6756788093482853, -1.244770785915661, 2.577634142809065] 
[0.24073222750161838, 0.25109560380456797, 0.2477223561306352, -0.25202632158308136, -2.7403581064544493, -2.191762217838597, 1.6101610043411487, 1.589966091953423, 1.6009654363978527, 1.6781105658485032, -1.241710825485524, 2.5802527558657657] 
[0.24645298251990289, 0.24537484878628346, 0.2534431111489197, -0.24630556656479685, -2.734637351436165, -2.1860414628203126, 1.6058879738216756, 1.5962349982417658, 1.607526905232719, 1.6753897496845596, -1.235012353355761, 2.5874475410666316] 
[0.24106879453182506, 0.23999066079820564, 0.25882729913699754, -0.2516897545528747, -2.7400215394242426, -2.1914256508083905, 1.602046961819258, 1.602755699073597, 1.6164963467753695, 1.6842845891989084, -1.2285771553713456, 2.5834890940370228] 
[0.24727054587278152, 0.2461924121391621, 0.265029050477954, -0.25789150589383114, -2.733819788083286, -2.185223899467434, 1.610545376296222, 1.6126594467017115, 1.624255113181439, 1.681573277171703, -1.221256127092026, 2.591302530859357] 
[0.2445280864298467, 0.24893487158209693, 0.26228659103501917, -0.2551490464508963, -2.736562247526221, -2.182481440024499, 1.6128695962200987, 1.6108975356395594, 1.6261355314049273, 1.6796996353673952, -1.2194552648619648, 2.588958163152825] 
[0.24700243861754023, 0.2464605193944034, 0.2598122388473256, -0.25267469426320277, -2.7390365997139146, -2.1800070878368056, 1.60939343443756, 1.6066279006139415, 1.6218921824435824, 1.6764784120274665, -1.2181833763670318, 2.5867622970534625] 
[0.24911961828557017, 0.24434333972637345, 0.2576950591792957, -0.2547918739312327, -2.7411537793819445, -2.1821242675048356, 1.6067397310146931, 1.6043651397297343, 1.624007573460505, 1.6786155974674177, -1.2203889533141692, 2.584166372142134] 
[0.24928083163287473, 0.2441821263790689, 0.25785627252660026, -0.25463066058392814, -2.741314992729249, -2.18228548085214, 1.6065120627460252, 1.604087349973814, 1.6237336021226167, 1.678407571570076, -1.2203054188687055, 2.5840232454600596] 
[0.2506612467255045, 0.24556254147169865, 0.25923668761923, -0.2560110756765579, -2.7399345776366193, -2.1809050657595104, 1.6047763828314692, 1.6026032993406985, 1.6251102283510601, 1.679795723642291, -1.221740577674446, 2.5823321273027733] 
[0.25118252753211, 0.24608382227830417, 0.25975796842583554, -0.2554897948699524, -2.7394132968300138, -2.181426346566116, 1.60550118144769, 1.6034491634407755, 1.62577002966393, 1.6795711192748841, -1.221128182094557, 2.5829861105736254] 
[0.2471017695645421, 0.25016458024587207, 0.25567721045826763, -0.2595705528375203, -2.735332538862446, -2.185507104533684, 1.6089210419921454, 1.600707552548529, 1.6280272383239502, 1.6745992503159697, -1.2275136289650226, 2.5775187446098746] 
[0.24648881182056348, 0.24955162250189344, 0.25629016820224626, -0.2601835105814989, -2.7359454966064245, -2.184894146789705, 1.6080518430389341, 1.599626279191883, 1.626897667861734, 1.6734781568499548, -1.2285685199261887, 2.5766734235711195] 
[0.24755812449793657, 0.25062093517926654, 0.25735948087961935, -0.2591141979041258, -2.7370148092837976, -2.1859634594670783, 1.607249450458955, 1.600755181923381, 1.627973752672124, 1.6724048521534027, -1.2297030708197476, 2.5774934395653943] 
[0.2464776126837953, 0.24954042336512527, 0.2562789690654781, -0.2601947097182671, -2.738095321097939, -2.184882947652937, 1.6086037382998806, 1.6019084963145078, 1.6269042760785504, 1.6713259939351501, -1.22857673939494, 2.5788212701561397] 
[0.24359190927427, 0.24665471995559995, 0.2591646724750034, -0.2630804131277924, -2.7352096176884135, -2.1819972442434117, 1.6046390532637422, 1.5973448982183949, 1.623707895354934, 1.6744713203176933, -1.224127578727055, 2.582679680364715] 
[0.2441062562040499, 0.24716906688537987, 0.2586503255452235, -0.2635947600575723, -2.7357239646181934, -2.1825115911731916, 1.6053433082200312, 1.5981568514940716, 1.6242880907153867, 1.6739707447995509, -1.224670915970158, 2.583075018640399] 
[0.24256218243267957, 0.2487131406567502, 0.2601943993165938, -0.26513883382894265, -2.737268038389564, -2.1809675174018213, 1.6032273939832358, 1.5957166758727837, 1.6225441553522209, 1.675475036187711, -1.223038492772963, 2.581888284162755] 
[0.24411137275095163, 0.25026233097502226, 0.2617435896348659, -0.2635896435106706, -2.7357188480712917, -2.1825167077200933, 1.6012957695066963, 1.5940739169147045, 1.6240863876269669, 1.6770224488932977, -1.2246402564927525, 2.579990641333914] 
[0.24270832147385013, 0.25166538225212376, 0.2631466409119674, -0.2621865922335691, -2.7371218993483932, -2.183919758997195, 1.5993723002801077, 1.5918514734002471, 1.6224968361185972, 1.6783833406954016, -1.2231586687034086, 2.578911917983249] 
[0.2460505079191626, 0.25500756869743624, 0.2598044544666549, -0.2588444057882566, -2.7337797129030807, -2.1872619454425073, 1.5950952305987594, 1.5878349919807184, 1.6238732124369315, 1.6741568648632166, -1.228457709199677, 2.574410781174012] 
[0.2457738200342532, 0.2547308808125268, 0.2600811423515643, -0.2585677179033472, -2.73405640078799, -2.1875386333274167, 1.594890088302376, 1.58813853912652, 1.624191303506359, 1.6740304869910612, -1.2281324066622297, 2.574759575302377] 
[0.24768589095042648, 0.2566429517287001, 0.25816907143539103, -0.2566556469871739, -2.7359684717041635, -2.18945070424359, 1.592183067625987, 1.584762321560132, 1.6206909303213954, 1.6707432735970724, -1.2304818548510277, 2.57615096203823] 
[0.2468670353278397, 0.25582409610611334, 0.2589879270579778, -0.25583679136458715, -2.7351496160815767, -2.1902695598661768, 1.5910185664566743, 1.5833047103234397, 1.6191669049067912, 1.6692429946285285, -1.2318892533781032, 2.575020587347965] 
[0.25181271928991356, 0.2607697800681872, 0.25404224309590395, -0.260782475326661, -2.7400953000436505, -2.185323875904103, 1.584204091447268, 1.5753999801526477, 1.6134836198206235, 1.673987637989146, -1.226720914688018, 2.571222628776384] 
[0.255224367125249, 0.25735813223285176, 0.2574538909312394, -0.2641941231619964, -2.743506947878986, -2.1819122280687675, 1.5811908288648489, 1.5770548419435324, 1.6092160428215907, 1.6686346453140954, -1.2308134635948782, 2.57374331084294] 
[0.24931053920939794, 0.2514443043170007, 0.2633677188470904, -0.2582802952461454, -2.737593119963135, -2.1878260559846185, 1.575976625606732, 1.5799204196501173, 1.6017623145009618, 1.6592847385172074, -1.2379636127628002, 2.578121919625324] 
[0.249979921045012, 0.25077492248138666, 0.2626983370114764, -0.2589496770817594, -2.738262501798749, -2.1871566741490045, 1.5751364135961476, 1.5792055803651128, 1.6024295650776523, 1.659958619601664, -1.238661120849144, 2.5772991497697317] 
[0.25090667503245845, 0.2517016764688331, 0.2617715830240299, -0.2598764310692059, -2.7391892557861954, -2.188083428136451, 1.5744739378269292, 1.5803083642884665, 1.6038714282811048, 1.6610238969622309, -1.2395937013028597, 2.5761678639509156] 
[0.25133342539873516, 0.2512749261025564, 0.2621983333903066, -0.2603031814354826, -2.739616006152472, -2.1885101785027277, 1.575006255279868, 1.5807473875655007, 1.6033748182970124, 1.6603131121501384, -1.240310681743695, 2.575584041769865] 
[0.24669878594809225, 0.2559095655531993, 0.2575636939396637, -0.2556685419848397, -2.7349813667018292, -2.1838755390520848, 1.5685872966206698, 1.5733400610617287, 1.598101943022278, 1.6647840608246998, -1.2354342659874775, 2.572017147561277] 
[0.24847629540449878, 0.25768707500960586, 0.2557861844832572, -0.2574460514412462, -2.7367588761582358, -2.1856530485084913, 1.5699210566192001, 1.5714617656193604, 1.5963498373279519, 1.6667605983138354, -1.2326883461741502, 2.574399222273528] 
[0.2483497931275429, 0.25756057273265, 0.2556596822063013, -0.2575725537182021, -2.7368853784351916, -2.1855265462315354, 1.5700103612085081, 1.5713053461720092, 1.5961357850718414, 1.6665485487717484, -1.23284250789688, 2.5744918535926304] 
[0.2507943559786603, 0.2551160098815326, 0.2581042450574187, -0.2600171165693195, -2.7344408155840743, -2.183081983380418, 1.5730529091540995, 1.5738210950063394, 1.5934063308087352, 1.6628024504864132, -1.2357385660629179, 2.5763004448884073] 
[0.24877190379294722, 0.25713846206724567, 0.2560817928717056, -0.26203956875503254, -2.7364632677697873, -2.181059531194705, 1.5747710112081097, 1.5725537149100741, 1.5948552969667515, 1.6616548195817973, -1.2334211401113535, 2.578832600602863] 
[0.24825887665092372, 0.25662543492522216, 0.2555687657296821, -0.26255259589705604, -2.736976294911811, -2.1805465040526815, 1.5751373444231958, 1.5719376612626232, 1.5940573960560642, 1.6610716571123523, -1.232905982782966, 2.57945801609797] 
[0.24538419212298157, 0.25375075039728, 0.2584434502576243, -0.2654272804249982, -2.7341016103838687, -2.1834211885806236, 1.5772849055599318, 1.568878277217693, 1.591137317384866, 1.6639635154934693, -1.2298444862080156, 2.5772498569606714] 
[0.24874062768646388, 0.2571071859607623, 0.25508701469414197, -0.2620708448615159, -2.7307451748203864, -2.186777624144106, 1.5814790525439688, 1.5724407347339044, 1.5878232333451998, 1.660627698805776, -1.2263580915635082, 2.5813729608792] 
[0.24606853219931812, 0.2597792814479081, 0.2524149192069962, -0.26474294034866164, -2.7280730793332406, -2.1894497196312517, 1.5776951962473067, 1.5677712639694499, 1.583225536560082, 1.6571826308166817, -1.2250061744129577, 2.5790021679550628] 
[0.24619304603014447, 0.2599037952787344, 0.25229040537616987, -0.2646184265178353, -2.728197593164067, -2.189574233462078, 1.5775194622553665, 1.567553694190559, 1.5830112863021282, 1.6570227243138522, -1.22494360125508, 2.578891728100772] 
[0.24798492497979074, 0.25811191632908814, 0.2504985264265236, -0.26641030546748157, -2.7299894721137132, -2.1913661124117243, 1.5800456605169666, 1.5706714472049792, 1.5860396140810635, 1.6591013169760618, -1.2267476491839715, 2.5766941125566616] 
[0.2515360356252869, 0.25456080568359196, 0.2469474157810274, -0.26996141611297775, -2.7335405827592094, -2.1949172230572205, 1.577417128122512, 1.5745589313986317, 1.590044960683587, 1.6570353775276898, -1.2243559855436628, 2.5736797828400015] 
[0.25304491336885127, 0.2530519279400276, 0.24543853803746307, -0.2684525383694134, -2.732031705015645, -2.196426100800785, 1.5753241400121405, 1.5721339404719252, 1.588302981188764, 1.6585283682562038, -1.2227497101219547, 2.572529903655682] 
[0.25498164349856856, 0.25111519781031033, 0.24737526816718036, -0.2665158082396961, -2.7339684351453624, -2.198362830930502, 1.5738968130999873, 1.5742356120304621, 1.5904758743362013, 1.657390942918489, -1.2214512391642092, 2.5708851224503895] 
[0.25000034848240693, 0.25609649282647196, 0.252356563183342, -0.27149710325585774, -2.7289871401292007, -2.1933815359143405, 1.5703553141456543, 1.5801287651788796, 1.5980986632842227, 1.6629310829854491, -1.2265072792498417, 2.564768464172962] 
[0.2503387393286558, 0.2564348836727208, 0.2520181723370931, -0.2718354941021066, -2.728648749282952, -2.1937199267605894, 1.5705933016875482, 1.5797092565366604, 1.5975176743005721, 1.6623169824320105, -1.2270979621426659, 2.564297009429756] 
[0.25167854603982454, 0.25777469038388956, 0.25335797904826185, -0.2704956873909379, -2.7299885559941206, -2.195059733471758, 1.5694653830787615, 1.5805934816494904, 1.596739002301623, 1.6638264429346348, -1.2256259541383279, 2.563289185316119] 
[0.2527915822305764, 0.2566616541931377, 0.2544710152390137, -0.27160872358168975, -2.7311015921848725, -2.193946697281006, 1.5702453743901574, 1.579210416057631, 1.594823429312345, 1.6618057236556494, -1.2275674549154358, 2.561738644262463] 
[0.25331431050336084, 0.25613892592035326, 0.25499374351179815, -0.2710859953089053, -2.731624320457657, -2.193423969008222, 1.5706893188266366, 1.5788847485784065, 1.595200374808254, 1.661514472358942, -1.22696654411304, 2.5623961881469377] 
[0.2540099888680678, 0.2554432475556463, 0.2542980651470912, -0.2717816736736123, -2.73092864209295, -2.192728290643515, 1.5716612782982844, 1.580024344935891, 1.5960779582648186, 1.6611377917084502, -1.2264924009994824, 2.5618066951627316] 
[0.25228308809735855, 0.25717014832635554, 0.25602496591780044, -0.27350857444432153, -2.7292017413222407, -2.194455191414224, 1.5738365634508882, 1.5818685360082603, 1.5943390833944489, 1.6592249715197684, -1.2255613321995813, 2.560288400172747] 
[0.2532759128062785, 0.2561773236174356, 0.2550321412088805, -0.2725157497354016, -2.7282089166133208, -2.193462366705304, 1.575249737214954, 1.5836097861411222, 1.5960484215627497, 1.6605041348119947, -1.2260489377985588, 2.561171332831791] 
[0.2516330130669835, 0.2545344238781406, 0.2566750409481755, -0.2708728499961066, -2.7265660168740258, -2.191819466966009, 1.5773773123254153, 1.5856092778429296, 1.5953780205545764, 1.662622461008088, -1.2233949884396296, 2.563413051167978] 
[0.24915921758864235, 0.2520606283997995, 0.25914883642651665, -0.26839905451776547, -2.7240922213956846, -2.1942932624443503, 1.5791396328442158, 1.5826566549462948, 1.5915476906667683, 1.6598341089043798, -1.2208945581453063, 2.5664521005277603] 
[0.2499556411413102, 0.2528570519524673, 0.2583524128738488, -0.2676026309650976, -2.723295797843017, -2.1934968388916825, 1.578034479938591, 1.5813638030043062, 1.5905524282490917, 1.660265441995463, -1.2214363436381905, 2.567124849356605] 
[0.2503592750420238, 0.2524534180517537, 0.2579487789731352, -0.267198997064384, -2.7236994317437304, -2.193093204990969, 1.577514385545985, 1.5808775283623353, 1.5907313019255869, 1.6598009847453252, -1.2218793823155758, 2.567427258256258] 
[0.24872763104809925, 0.2508217740578291, 0.2563171349792106, -0.26883064105830856, -2.722067787749806, -2.1947248489848934, 1.5752567703019804, 1.578268216016384, 1.5888676546584573, 1.6613898499484248, -1.2201597799562058, 2.5661879730648853] 
[0.24665623365894396, 0.2528931714469844, 0.2583885323683659, -0.26675924366915327, -2.724139185138961, -2.192653451595738, 1.5737200982981798, 1.580510552436778, 1.5911769763934462, 1.6601908846099178, -1.2187718927010098, 2.5644349905426167] 
[0.24850020825687258, 0.25473714604491304, 0.2565445577704373, -0.26491526907122465, -2.7222952105410325, -2.1944974261936667, 1.5721039036072997, 1.5814741023655978, 1.5890524799337495, 1.6580682754531832, -1.2177916539845308, 2.5628143437309268] 
[0.24796111837461643, 0.2552762359271692, 0.2560054678881811, -0.2643761791889685, -2.7217561206587764, -2.1939583363114106, 1.5714106996858654, 1.5808266013446617, 1.5892919685571225, 1.657449567217629, -1.2183811991719053, 2.563218144647678] 
[0.24810436286051774, 0.2551329914412679, 0.25614871237408243, -0.2645194236748698, -2.7218993651446777, -2.194101580797312, 1.571516886377664, 1.5806705517774247, 1.589131411798948, 1.6575326205912635, -1.218477455251155, 2.563339286898486] 
[0.25052859665087146, 0.25270875765091416, 0.2537244785837287, -0.2669436574652235, -2.7243235989350314, -2.191677347006958, 1.5735548385469231, 1.5790449088105596, 1.5904596109648204, 1.6545266315970584, -1.2223570143994762, 2.560024375137491] 
[0.25003816238851817, 0.25221832338856087, 0.2532340443213754, -0.2674340917275768, -2.723833164672678, -2.1921677812693114, 1.573905153807986, 1.5784611816785818, 1.5897030734363096, 1.6539753448691012, -1.221857924771091, 2.560628309137185] 
[0.24992865690591648, 0.2521088179059592, 0.2533435498039771, -0.2673245862449751, -2.72394267015528, -2.192277286751913, 1.5738231955745445, 1.5785761476469442, 1.5898102956601483, 1.6538505737569398, -1.2220305045189008, 2.5604794916102724] 
[0.25086867907165233, 0.25304884007169504, 0.25240352763824125, -0.26638456407923927, -2.723002647989544, -2.1913372645861773, 1.5745250988141828, 1.5775819814547152, 1.5888603857339623, 1.6548020074374972, -1.2210303174413897, 2.55976728812197] 
[0.25078731135385146, 0.2531302077894959, 0.2523221599204404, -0.26646593179704015, -2.723084015707345, -2.191418632303978, 1.5744651040222901, 1.5776709093984478, 1.5889539803650623, 1.654764894893092, -1.2209340338943069, 2.5598706101582485] 
[0.24954364224019576, 0.2518865386758402, 0.2535658290340961, -0.26522226268338445, -2.721840346593689, -2.1901749631903225, 1.5729111722567732, 1.5763795390019901, 1.5903401744913048, 1.6566772240323735, -1.2194513080416434, 2.5589649973902127] 
[0.2508048634230149, 0.2506253174930211, 0.25230460785127695, -0.2639610415005653, -2.72057912541087, -2.1914361843731416, 1.5720110489765353, 1.577889343636699, 1.5923242916706972, 1.6582550683006967, -1.220092383274133, 2.5600798526278634] 
[0.24977542438596734, 0.25165475653006864, 0.2512751688142294, -0.26293160246351777, -2.7195496863738224, -2.192465623410189, 1.5729173580485802, 1.5773772193471276, 1.5936112843432837, 1.6598685994995726, -1.2188623320565057, 2.559332638381306] 
[0.24930139777145532, 0.25212878314458065, 0.2517491954287414, -0.2634056290780298, -2.7200237129883345, -2.191991596795677, 1.573316332033795, 1.577063716836804, 1.5938894565201922, 1.659341410461425, -1.2193754650976067, 2.5596884576993113] 
[0.24821941572395323, 0.25104680109707855, 0.2528311774762435, -0.2623236470305277, -2.7189417309408324, -2.193073578843179, 1.571785214758037, 1.5751839109290078, 1.5920443552761119, 1.6579545906548228, -1.2188326609539328, 2.5587312874768435] 
[0.2478669109669105, 0.2513993058541213, 0.25247867271920077, -0.2626761517875704, -2.719294235697875, -2.1927210740861365, 1.5714739080414812, 1.5753570286428937, 1.5915926986544715, 1.657358416330462, -1.219435205565745, 2.558239649663031] 
[0.24698820514852704, 0.25227801167250474, 0.2533573785375842, -0.2635548576059539, -2.7184155298794916, -2.191842368267753, 1.5702621416146096, 1.5739554031298513, 1.5905864337345617, 1.6582132582646358, -1.2185140909771182, 2.5575733463364325] 
[0.24695056963618134, 0.25231564718485044, 0.2533950140499299, -0.26351722209360817, -2.7184531653918373, -2.1918800037800987, 1.5702088239368364, 1.5738891626177531, 1.590518223530529, 1.6581490185599057, -1.218560273837125, 2.5576003271933376] 
[0.24836090568176195, 0.25372598323043105, 0.25480535009551053, -0.2649275581391888, -2.719863501437418, -2.1932903398256793, 1.5682548610343086, 1.5715925507803792, 1.5887099486485605, 1.6587474470382157, -1.2202482224388123, 2.555800579655232] 
[0.248526648669825, 0.2538917262184941, 0.2549710930835736, -0.2650933011272518, -2.719697758449355, -2.1931245968376163, 1.5683732104790047, 1.5713933725760088, 1.588448344351441, 1.6585395101777318, -1.2201642748853103, 2.555654173438164] 
[0.2493864687145666, 0.2547515462632357, 0.25411127303883196, -0.2642334810825102, -2.7188379384046133, -2.193984416882358, 1.5671570933722432, 1.5698968964127598, 1.5869749484192608, 1.6574315973827662, -1.2197360610930552, 2.554892998856566] 
[0.2499256602287807, 0.2552907377774498, 0.2546504645530461, -0.2647726725967243, -2.718298746890399, -2.194523608396572, 1.5664803070951274, 1.569320809869683, 1.5875027353329283, 1.6579628910411999, -1.2203079542526436, 2.554221621916456] 
[0.2500315438193339, 0.2551848541868966, 0.25475634814359926, -0.2648785561872775, -2.7184046304809524, -2.194417724806019, 1.566555889475411, 1.5691941939089395, 1.5873387909849166, 1.6578435309674007, -1.220199286669762, 2.554352667846247] 
[0.2510476394972456, 0.2541687585089849, 0.255772443821511, -0.26589465186518924, -2.719420726158864, -2.1954338204839305, 1.5679621409912936, 1.5708237693990823, 1.5885082647250344, 1.6568564154700172, -1.2212653271848226, 2.5551220197242666] 
[0.2507125184900416, 0.2545038795161889, 0.255437322814307, -0.2655595308579852, -2.719755847166068, -2.1957689414911346, 1.5681976630049967, 1.5704095293229834, 1.587932173896183, 1.6562496250412417, -1.2218498907978725, 2.554651748718472] 
[0.2511930287527142, 0.2549843897788615, 0.2549568125516344, -0.2660400411206578, -2.7202363574287407, -2.196249451753807, 1.5678598455707198, 1.571003828386078, 1.5887580885405388, 1.657119108284148, -1.2210121080121306, 2.5553259158730572] 
[0.2516876562940893, 0.2544897622374864, 0.2544621850102593, -0.2665346686620329, -2.7197417298873656, -2.1967440792951822, 1.5674278198712235, 1.5712641021059524, 1.5882063440482164, 1.6566152082491692, -1.2204924565717894, 2.555940598526376] 
[0.25181407223474883, 0.25461617817814597, 0.25458860095091884, -0.26640825272137336, -2.719615313946706, -2.1968704952358418, 1.5672654724579356, 1.5711150198229147, 1.5882761086946389, 1.656523841496472, -1.22041224789795, 2.555832743848846] 
[0.2510989170264941, 0.2553313333864007, 0.25387344574266413, -0.26569309751311865, -2.7189001587384514, -2.196155340027587, 1.5666396730831804, 1.5714855936653287, 1.5874556517682092, 1.6557039439381507, -1.2200329064609314, 2.5552054159760993] 
[0.25146173068591926, 0.25496851972697554, 0.25423625940208927, -0.2653302838536935, -2.7185373450790262, -2.196518153687012, 1.566960314626506, 1.5713101784702397, 1.5879214888577582, 1.6563204530757103, -1.2194096612208503, 2.5557126419904574] 
[0.25046833129256774, 0.253975120333624, 0.2552296587954408, -0.26632368324704503, -2.7175439456856747, -2.1975115530803637, 1.566218655856646, 1.5723557174162064, 1.5888973072146146, 1.6551930593173634, -1.220978964043547, 2.554355106895445] 
[0.25093179833788914, 0.2535116532883026, 0.2547661917501194, -0.2658602162017236, -2.7170804786403533, -2.1970480860350423, 1.5655770043997173, 1.5716129937990393, 1.5883652264078194, 1.6556440328510733, -1.2204923472734137, 2.5540049266985583] 
[0.2505408485994898, 0.25312070354990324, 0.25515714148851876, -0.266251165940123, -2.716689528901954, -2.1974390357734417, 1.5660779452356628, 1.5720705841709643, 1.5881365205297768, 1.6558762430813445, -1.2209451224979322, 2.553508514616449] 
[0.25006843164336123, 0.2535931205060318, 0.2556295584446473, -0.26672358289625153, -2.7171619458580825, -2.196966618817313, 1.5667358797219093, 1.5728434840626482, 1.5887437984625659, 1.655678658395347, -1.220377479908654, 2.554113321067265] 
[0.2493862199382284, 0.25291090880089895, 0.2563117701497801, -0.2660413711911187, -2.7178441575632153, -2.1962844071121803, 1.5672450141923657, 1.5721209907255747, 1.5880539148623753, 1.6563658091454796, -1.219655265462855, 2.553599241780226] 
[0.24875548960636484, 0.2535416391327625, 0.25568103981791657, -0.26541064085925514, -2.7172134272313517, -2.196915137444044, 1.5663733214614635, 1.571112601611778, 1.5873318804950878, 1.6569790509003397, -1.218993146641526, 2.553122304209897] 
[0.24862881187644126, 0.2536683168626861, 0.255554362087993, -0.26528396312933156, -2.717086749501428, -2.1970418151739675, 1.5665362756922487, 1.5712648147317163, 1.5872753309624876, 1.657124348901862, -1.2188548651845312, 2.5530278241346296] 
[0.24863541145671197, 0.2536749164429568, 0.2555609616682637, -0.2652905627096023, -2.717093349081699, -2.1970352155936967, 1.566540931773077, 1.5712566556361975, 1.5872639916536997, 1.6571124082987088, -1.2188663875861157, 2.5530185403470655] 
[0.248827586455723, 0.2534827414439458, 0.25536878666925267, -0.26509838771059124, -2.716901174082688, -2.1968430405946857, 1.5664049830494744, 1.5714926960495441, 1.5875879802826542, 1.6574353664842045, -1.2186315830837604, 2.5528810629621272] 
[0.2487536922711242, 0.253408847259347, 0.25544268085385147, -0.26517228189519004, -2.7169750682672866, -2.1969169347792845, 1.5663404109585366, 1.571531799068395, 1.5875054987456103, 1.657360009884154, -1.2185536470296578, 2.5529731161601927] 
[0.24892379719789437, 0.25357895218611715, 0.25561278578062163, -0.2653423868219602, -2.7168049633405165, -2.1970870397060547, 1.566100087887277, 1.5712371777416272, 1.5872195005035878, 1.6571624851127544, -1.2183801314941645, 2.5531836467259663] 
[0.24921664073887362, 0.2538717957270964, 0.2559056293216009, -0.26563523036293946, -2.716512119799537, -2.197379883247034, 1.5663066128292422, 1.5708752285382188, 1.5867163575607102, 1.6566325863656628, -1.2188915268049563, 2.552771590986927] 
[0.24917679262894898, 0.25383194761717176, 0.2559454774315255, -0.2656750784728641, -2.716551967909462, -2.1974197313569586, 1.5662553266437889, 1.5708273182079977, 1.5867341170970628, 1.656586873443254, -1.2189350216141626, 2.5528012900886075] 
[0.24827924512253352, 0.2529344001107563, 0.25504792992511005, -0.26657262597927955, -2.7174495154158773, -2.198317278863374, 1.565583126229102, 1.571771360987131, 1.5876131502312874, 1.6555685978558754, -1.2203549305701695, 2.5515724378502695] 
[0.2487073609860686, 0.2525062842472212, 0.25547604578864513, -0.26614451011574447, -2.7170213995523422, -2.198745394726909, 1.565049748803154, 1.571328932264358, 1.5880928035715443, 1.6562280315570517, -1.2198457422762337, 2.551263012225404] 
[0.24814729582846118, 0.25306634940482864, 0.2549159806310377, -0.26558444495813704, -2.716461334394735, -2.1993054598845165, 1.5657702370863877, 1.5720020014412943, 1.5878421636947935, 1.6568707657724038, -1.2192340578220293, 2.5508457649231584] 
[0.24819003165564046, 0.25302361357764935, 0.254958716458217, -0.26554170913095776, -2.7164185985675555, -2.1992627240573372, 1.565806585698875, 1.5719751402085254, 1.587872953827159, 1.6568468367810059, -1.2191841252300808, 2.5509001843831673] 
[0.24835213806965717, 0.25286150716363265, 0.2547966100442003, -0.26537960271694105, -2.7165807049815722, -2.1991006176433205, 1.5660098590975349, 1.5721482355732481, 1.5877138719115778, 1.6566871652314548, -1.219011576245782, 2.5511026671141392] 
[0.24916427743833358, 0.25367364653230906, 0.2539844706755239, -0.26619174208561747, -2.7173928443502486, -2.198288478274644, 1.56661723003432, 1.5712878294956396, 1.586892230025137, 1.6575042229648154, -1.2181535152577205, 2.550491205479254] 
[0.24956499828310674, 0.2532729256875359, 0.25438519152029704, -0.26659246293039063, -2.717793565195022, -2.1986891991194173, 1.5662630564848816, 1.571482830881883, 1.5863774779974726, 1.656822642580108, -1.218843317201764, 2.5499296633972555] 
[0.24905139121392628, 0.25275931861835543, 0.25387158445111657, -0.26607885586121016, -2.7183071722642023, -2.1992028061885978, 1.5658795325344645, 1.5720268770243817, 1.586897233055417, 1.6563048004915972, -1.2193871189737893, 2.5503165442676163] 
[0.24874104598877755, 0.25306966384350416, 0.2541819296762653, -0.26576851063606144, -2.718617517489351, -2.1995131514137465, 1.5654905506487105, 1.5716973748587597, 1.5872112870708737, 1.6566500779591202, -1.2195541014178048, 2.5505879876829938] 
[0.24865679170747645, 0.25298540956220306, 0.2540976753949642, -0.26585276491736254, -2.718701771770652, -2.1995974056950476, 1.5656097251131478, 1.5718438874146967, 1.5873554235926894, 1.6567585093370383, -1.2195958608775366, 2.550662515013976] 
[0.24868842444108585, 0.25301704229581246, 0.2540660426613548, -0.26582113218375314, -2.7186701390370427, -2.199565772961438, 1.565632114943745, 1.5718050954879446, 1.5873022141281243, 1.6567054131816312, -1.2196345368266792, 2.5506851398826624] 
[0.2495721511581528, 0.2539007690128794, 0.25318231594428786, -0.2649374054666862, -2.7195538657541096, -2.200449499678505, 1.5663746432575463, 1.5712125629676201, 1.587788732882708, 1.6556063159077323, -1.2210560553206313, 2.5494703210996357] 
[0.250395770790925, 0.25307714938010717, 0.2540059355770601, -0.2657610250994584, -2.7187302461213374, -2.2012731193112773, 1.5674073315875146, 1.5720870679464347, 1.586956953884645, 1.654690797093263, -1.2206118164516755, 2.5487501181614847] 
[0.2501940707522414, 0.25327884941879075, 0.2538042355383765, -0.265962725138142, -2.718931946160021, -2.2010714192725938, 1.5671541664681607, 1.5718725358234709, 1.5871609673882265, 1.6549152342619504, -1.2207203151424273, 2.5489264909732743] 
[0.24984283609675506, 0.2536300840742771, 0.25415547019386286, -0.2663139597936284, -2.7185807115045346, -2.20142265392808, 1.5674526315189303, 1.5716523806910265, 1.5874143273293306, 1.65471850848727, -1.2203105043505835, 2.549373314630281] 
[0.2500305026932188, 0.2534424174778134, 0.2543431367903266, -0.2665016263900921, -2.718393044908071, -2.201610320524544, 1.5676102240061385, 1.5715267271868687, 1.5875175688967396, 1.65448488251491, -1.220612742036901, 2.5491150683719876] 
[0.2503474903197094, 0.25375940510430395, 0.2546601244168172, -0.2668186140165827, -2.7180760572815803, -2.2019273081510344, 1.5673863686447436, 1.5719155409274899, 1.5880510969474553, 1.6550173698514556, -1.2202248980639365, 2.5488887079056797] 
[0.25060960707948743, 0.2534972883445259, 0.2543980076570391, -0.26655649725680464, -2.7183381740413584, -2.2021894249108125, 1.5675802232673355, 1.5716308862782635, 1.5877578387758566, 1.6551698188226516, -1.2203998101380706, 2.549109910146571] 
[0.25094716579554577, 0.25315972962846756, 0.25473556637309747, -0.266894055972863, -2.7186757327574167, -2.202526983626871, 1.568058390696056, 1.5722165875888052, 1.5883249523427758, 1.6555605779925853, -1.2207443352812608, 2.548691774116524] 
[0.2505913444285084, 0.2528039082614302, 0.25509138774013485, -0.2665382346058256, -2.7183199113903793, -2.202882804993908, 1.5675625393420594, 1.5716341159477472, 1.5878673328675221, 1.6557091426974295, -1.221172150919616, 2.5482359335682188] 
[0.250600576415168, 0.2527946762747706, 0.25508215575347526, -0.2665474665924852, -2.7183106794037197, -2.202892036980568, 1.5675744417966786, 1.5716452384990258, 1.587863207952775, 1.6557197466508908, -1.2211620632377542, 2.5482290632260223] 
[0.25024278052360804, 0.2531524721663305, 0.2554399516450352, -0.26618967070092525, -2.7186684752952797, -2.2032498328721277, 1.5670640210260522, 1.5710095773348223, 1.5872007819759062, 1.655059548312066, -1.221791549389247, 2.547723892747962] 
[0.2504106085907316, 0.25298464409920696, 0.2552721235779116, -0.2660218426338017, -2.7188363033624032, -2.2034176609392513, 1.5668548225144872, 1.5708370181082103, 1.5873942522790907, 1.6553398678046962, -1.2215036002746333, 2.5479591210780703] 
[0.25078385373126144, 0.2533578892397368, 0.2548988784373818, -0.26564859749327185, -2.7184630582218734, -2.2030444157987215, 1.5665913418161892, 1.5712945335589181, 1.5880228286988507, 1.655967260567308, -1.2210471661728173, 2.547692702991953] 
[0.25050231818371094, 0.2536394247872873, 0.2546173428898313, -0.26536706194572135, -2.718744593769424, -2.202762880251171, 1.566840046872915, 1.5711578771028767, 1.5883851308249806, 1.6564464944084898, -1.2205621040175867, 2.5480878137737046] 
[0.25027804368171536, 0.2534151502852917, 0.2543930683878357, -0.26514278744372577, -2.7189688682714195, -2.2025386057491754, 1.5670283093564499, 1.5710078017120304, 1.5885085000525796, 1.6561676857439307, -1.220923129777503, 2.5477790854861735] 
[0.24999862630813174, 0.2536945676588753, 0.2546724857614193, -0.2654222048173094, -2.718689450897836, -2.202818023122759, 1.5667914231544182, 1.5711851900080438, 1.5883160890919155, 1.656360387062393, -1.2211024593791728, 2.548016583968306] 
[0.250003819596921, 0.25369976094766455, 0.2546672924726301, -0.26541701152852015, -2.718694644186625, -2.202823216411548, 1.5667960123490683, 1.5711826675226939, 1.5883227679065084, 1.656369222323061, -1.2210935161582832, 2.548023869703304] 
[0.24985107808070728, 0.25385250246387825, 0.2548200339888438, -0.26526427001230646, -2.7185419026704114, -2.2026704748953345, 1.5670083057860653, 1.5714313307443697, 1.5885143195602491, 1.6562854621675813, -1.2209902478690755, 2.547895289804821] 
[0.2496270215588985, 0.25407655898568704, 0.254595977467035, -0.26548832653411525, -2.71876595919222, -2.2028945314171433, 1.5672044673690404, 1.5713147791368927, 1.5887714822600583, 1.6565426267188739, -1.221108878693923, 2.5480915855662083] 
[0.25011746438761895, 0.2535861161569666, 0.25508642029575546, -0.2659787693628357, -2.7182755163634997, -2.2033849742458638, 1.5678359411349756, 1.5719045916777514, 1.5885524718672246, 1.6571055174700748, -1.2205735308997994, 2.547726387650187] 
[0.24983401557519747, 0.25386956496938806, 0.25536986910817694, -0.2656953205504142, -2.718558965175921, -2.2036684230582853, 1.567633474583289, 1.572242578402412, 1.5889905969907288, 1.657424523151092, -1.220865453837599, 2.5473745322269887] 
[0.2503027449612154, 0.254338294355406, 0.254901139722159, -0.2652265911643963, -2.719027694561939, -2.204137152444303, 1.5673024882735025, 1.5728181423655578, 1.5897807274817204, 1.6582123836986742, -1.2202925747749747, 2.547040023964539] 
[0.24941819311675806, 0.25345374251094865, 0.25578569156661635, -0.26611114300885363, -2.7199122464063965, -2.2050217042887605, 1.5684122604634567, 1.5737576218536535, 1.5888857398909768, 1.6572270637049284, -1.2198170723552693, 2.5462668479473414] 
[0.24904159836745654, 0.25383033726025017, 0.25616228631591786, -0.2657345482595521, -2.719535651657095, -2.205398299038062, 1.568741270950444, 1.57355848635284, 1.589306188790917, 1.6576107586604725, -1.2202144757195235, 2.545797263982239] 
[0.24899727632643964, 0.2537860152192333, 0.25611796427490097, -0.265778870300569, -2.719579973698112, -2.205353976997045, 1.5687980226792813, 1.5736105854932112, 1.589281711406215, 1.657642786685826, -1.2202425294792498, 2.545835012119727] 
[0.24927911596214392, 0.253504175583529, 0.2558361246391967, -0.2660607099362733, -2.7192981340624076, -2.205072137361341, 1.5685897797028678, 1.573919116728827, 1.5896061326717614, 1.657515807512373, -1.219905595560636, 2.5461957927748173] 
[0.24918747658955942, 0.2535958149561135, 0.2559277640117812, -0.2659690705636888, -2.719389773434992, -2.2051637767339254, 1.5687162481674861, 1.5740649546174654, 1.5897081814546523, 1.6574147605272098, -1.220050089014272, 2.5460702940211957] 
[0.24917604384808234, 0.2535843822146364, 0.2559163312703041, -0.2659576378222117, -2.719378340693515, -2.2051523439924483, 1.5687019206785984, 1.5740528289524627, 1.5897197769223346, 1.6574275122765114, -1.2200562217462994, 2.5460802897480637] 
[0.24955204277312282, 0.25320838328959594, 0.25554033234526363, -0.2663336367472522, -2.7197543396185555, -2.205528342917489, 1.56838298765528, 1.574291879531906, 1.5894612282206488, 1.6576864708101189, -1.220297288186288, 2.54639980153046] 
[0.24928209520441547, 0.2529384357208886, 0.2552703847765563, -0.26660358431595954, -2.719484392049848, -2.205798290486196, 1.5685845921068753, 1.574006038613023, 1.5891883266252205, 1.6579583312775872, -1.2200117428816717, 2.546196734770669] 
[0.2491140895288999, 0.25310644139640415, 0.2551023791010407, -0.2667715899914751, -2.7196523977253637, -2.2059662961617117, 1.5683524242572726, 1.573737418440659, 1.5889958778437336, 1.6581219631525292, -1.2198353786712808, 2.5460700743099003] 
[0.24872448008552928, 0.2534960508397748, 0.2547127696576701, -0.26638198054810447, -2.7200420071687343, -2.2063559056050823, 1.5680637799518278, 1.5741604147418402, 1.589431443835585, 1.657895473451148, -1.219575519947396, 2.545741372071423] 
[0.24906017073953413, 0.25383174149377963, 0.25504846031167494, -0.2660462898940996, -2.720377697822739, -2.206691596259087, 1.5678122336378333, 1.5745135161891766, 1.5897602902912658, 1.6575134097936388, -1.220107917630295, 2.545280924086192] 
[0.24945595813727328, 0.25343595409604047, 0.2546526729139358, -0.26565050249636046, -2.719981910425, -2.206295808861348, 1.5681053937085023, 1.5740833841446855, 1.5893174287974647, 1.657743526813816, -1.220372048666393, 2.5456148298998875] 
[0.24921617147023545, 0.2536757407630783, 0.2548924595809736, -0.26541071582932263, -2.719742123757962, -2.206535595528386, 1.5682744010253356, 1.5737872247343665, 1.588905904013035, 1.6573096251241046, -1.2207916808466637, 2.5452766855980316] 
[0.24890308052948518, 0.25336264982232803, 0.2552055505217239, -0.26509762488857236, -2.7200552146987125, -2.206848686469136, 1.568547954719254, 1.5736216243481949, 1.5892550796925917, 1.657628313023807, -1.2211226401255337, 2.544885949308939] 
[0.24966451107555931, 0.2526012192762539, 0.25444411997564975, -0.2658590554346465, -2.7208166452447866, -2.206087255923062, 1.5675668354830243, 1.5727004072213837, 1.5895706795803854, 1.6566561516978304, -1.2223553841069468, 2.5438353630297827] 
[0.24968234413437207, 0.25258338621744114, 0.2544619530344625, -0.26587688849345925, -2.7208344783035994, -2.2061050889818747, 1.5675445813080915, 1.5726819272290014, 1.5895906350403586, 1.6566835958824355, -1.2223341928808646, 2.5438224860555185] 
[0.25005045800389203, 0.2529515000869611, 0.25483006690398247, -0.2662450023629792, -2.7212025921731193, -2.2064732028513947, 1.5680070033416098, 1.573076100149132, 1.589229744000648, 1.6563215001909193, -1.2219426190061913, 2.544282177137321] 
[0.24995641130572954, 0.2528574533887986, 0.25473602020582, -0.2663390490611417, -2.721296638871282, -2.206567249549557, 1.5678762997809377, 1.5729230944427732, 1.5891119285550257, 1.6563730327892243, -1.2220061751587452, 2.5443613662904894] 
[0.2502045916346929, 0.25310563371776196, 0.2549842005347833, -0.26658722939010504, -2.721544819200245, -2.2068154298785205, 1.5676989104081416, 1.5732186774858115, 1.5894951186533135, 1.6566520493305272, -1.2222614301487802, 2.544053521389641] 
[0.25046382262691713, 0.2533648647099862, 0.25524343152700757, -0.2663279983978808, -2.721285588208021, -2.2065561988862963, 1.5679252821923693, 1.5730816004447907, 1.5897842934596957, 1.6569157754174326, -1.2225347784586755, 2.5437304149394087] 
[0.2505604277697038, 0.25346146985277285, 0.2553400366697942, -0.26642460354066744, -2.7213821933508076, -2.206652804029083, 1.5680457247543473, 1.573180947661268, 1.5896729748327294, 1.6567543801815012, -1.2227005462954659, 2.543595061902696] 
[0.25018710450082216, 0.2530881465838912, 0.2549667134009126, -0.26679792680954906, -2.721008870081926, -2.2070261272979645, 1.5675795212004553, 1.5727939869117569, 1.590091026874675, 1.6573296085009703, -1.2222564267520486, 2.543325539082538] 
[0.250153301339187, 0.2531219497455264, 0.25500051656254774, -0.2668317299711842, -2.721042673243561, -2.2070599304595997, 1.567609386815784, 1.572777559805815, 1.5901345499778647, 1.6573872476751534, -1.2221980955311784, 2.5433729924240165] 
[0.24985264455966094, 0.2528212929660003, 0.2546998597830217, -0.26653107319165814, -2.721343330023087, -2.2073605872391258, 1.567193386840615, 1.572296290002416, 1.5897899283167498, 1.657680290904244, -1.2218822430876277, 2.543146245879712] 
[0.2501135458136132, 0.252560391712048, 0.25496076103697396, -0.2667919744456104, -2.721082428769135, -2.207621488493078, 1.567553708689897, 1.5727115791668973, 1.59008038413173, 1.6573919674139839, -1.2222938085311537, 2.5427890549922907] 
[0.25008499686895425, 0.25253184276738905, 0.254932212092315, -0.26676342550095145, -2.721053879824476, -2.207650037437737, 1.5675297446389083, 1.5727307098496668, 1.5900646979330133, 1.6574275444693847, -1.2222477642700509, 2.5428283857524403] 
[0.24966534140708196, 0.25295149822926133, 0.2545125566304427, -0.26634377003907916, -2.7206342243626036, -2.2080696928996093, 1.5678438428461399, 1.572290221297787, 1.5896544582519545, 1.6579056046148548, -1.2215819938553887, 2.5434039565219937] 
[0.24986713240982317, 0.25315328923200253, 0.2543107656277015, -0.26614197903633796, -2.7204324333598624, -2.2082714839023505, 1.5676931589442609, 1.5725038644569709, 1.589858549007952, 1.657702172534993, -1.2217954941248994, 2.5435556673255824] 
[0.2499449926895152, 0.25323114951169456, 0.25423290534800946, -0.26621983931603, -2.7203545730801704, -2.2081936236226585, 1.5676348855614621, 1.5725856831423566, 1.589934796881923, 1.6576135304590225, -1.221919032250367, 2.5434488064737764] 
[0.2499389340230329, 0.25323720817817685, 0.2542268466815272, -0.2662137806495477, -2.7203606317466527, -2.208187564956176, 1.5676304135494272, 1.5725923090516054, 1.5899417692233166, 1.6576107929550976, -1.2219117881166444, 2.543456565781136] 
[0.24970530580325834, 0.2530035799584023, 0.25446047490130175, -0.26598015242977313, -2.720127003526878, -2.2079539367364016, 1.5679531413980827, 1.5729644007778705, 1.5902021816610108, 1.6573526424293956, -1.2222805715264038, 2.5431363632945367] 
[0.24981048504202752, 0.2528984007196331, 0.25456565414007093, -0.26587497319100395, -2.7202321827656473, -2.2078487574976324, 1.5681027875616667, 1.5731502593631448, 1.5903933566338428, 1.6575328221510204, -1.2221511278940058, 2.543061579963896] 
[0.24993176752590207, 0.25277711823575855, 0.2544443716561964, -0.2657536907071294, -2.720353465249522, -2.207970039981507, 1.5682715199880215, 1.57334849893015, 1.59054921772202, 1.6574820902418257, -1.2220051015315303, 2.543217140372175] 
[0.2499675363377576, 0.25281288704761407, 0.25440860284434086, -0.2657179218952739, -2.7203892340613773, -2.2080058087933625, 1.5682269414646426, 1.5733117117637783, 1.5905903961521093, 1.657541783140428, -1.2219437082404885, 2.543267319454752] 
[0.24956359105302317, 0.25240894176287965, 0.2548125481290753, -0.2661218671800083, -2.7207931793461118, -2.208409754078097, 1.5687882567202354, 1.5739687636652955, 1.5910963205942645, 1.6573200472632117, -1.2216709787145672, 2.5429273880167815] 
[0.24953546180889097, 0.25238081251874744, 0.2547844188849431, -0.2661499964241405, -2.720821308590244, -2.208437883322229, 1.5688130533431686, 1.5739548286901495, 1.5911316088392897, 1.6573643064795403, -1.2216373145556265, 2.542907156586073] 
[0.24982461285245128, 0.25266996356230775, 0.25449526784138277, -0.2664391474677008, -2.7205321575466836, -2.2087270343657894, 1.5691859485843749, 1.5743050316034262, 1.5910115275294507, 1.6577340716026217, -1.2211686280484046, 2.5433062607131482] 
[0.24988242798783977, 0.25272777869769625, 0.25455308297677126, -0.2663813323323123, -2.720474342411295, -2.208784849501178, 1.5691447241566365, 1.574374337452211, 1.5911026397339958, 1.6578065743593122, -1.2211976033361214, 2.543357271784058] 
[0.24988366582293287, 0.25272901653278934, 0.25455184514167817, -0.2663800944972192, -2.720473104576202, -2.208783611666085, 1.5691431374790679, 1.574372880509667, 1.5911033255198892, 1.6578056797037244, -1.2211968210933617, 2.5433562176785087] 
[0.2502557089704829, 0.25310105968033936, 0.25417980199412815, -0.26675213764476924, -2.720845147723752, -2.209155654813635, 1.5688269779413466, 1.574606277660319, 1.5908348686333087, 1.6580134091411483, -1.2216319558186248, 2.542881971962662] 
[0.24996971717176697, 0.25338705147905527, 0.25446579379284406, -0.26703812944348515, -2.720559155925036, -2.2094416466123508, 1.5691835071921838, 1.574900475870009, 1.590505772885014, 1.6575356807610144, -1.2221234338378182, 2.5424805936694046] 
[0.2502821211040298, 0.2536994554113181, 0.2547781977251069, -0.267350533375748, -2.720871559857299, -2.2097540505446136, 1.5694035335789651, 1.5745147266858612, 1.5899696113096589, 1.6569695152185282, -1.2226714756770758, 2.5420394017240673] 
[0.2502926747842422, 0.2536889017311057, 0.2547676440448945, -0.2673610870559604, -2.7208821135375114, -2.209764604224826, 1.5694124137828378, 1.5745077465759443, 1.5899757500407468, 1.6569577325882834, -1.2226829319088972, 2.542047264204344] 
[0.2503455152690228, 0.2537417422158863, 0.2548204845296751, -0.267413927540741, -2.720934954022292, -2.2098174447096066, 1.5693442157048807, 1.5744436925063918, 1.5899975834994506, 1.6568900083272367, -1.2227687237819487, 2.5419742704742965] 
[0.2497444599888765, 0.2543427974960326, 0.2542194292495288, -0.2668128722605947, -2.7215360093024383, -2.2092163894294603, 1.56985379706145, 1.5740622429863074, 1.590411458431175, 1.6564760898045192, -1.2223842536971894, 2.5414635249567867] 
[0.24936976718606507, 0.2539681046932212, 0.2545941220523402, -0.26718756506340613, -2.7219107021052498, -2.2095910822322717, 1.5693197301460737, 1.5733959773297819, 1.5897172045980257, 1.6557846372401908, -1.2230441591167012, 2.5409341323474837] 
[0.2493144124677058, 0.25402345941158044, 0.2546494767706995, -0.2672429197817654, -2.7218553473868905, -2.209646436950631, 1.5693981189575457, 1.5734924039543194, 1.5898120436248744, 1.655855934016393, -1.2230714026484195, 2.540983103230921] 
[0.24984362536825477, 0.2545526723121294, 0.25517868967124846, -0.26671370688121643, -2.7213261344863415, -2.21017564985118, 1.5701474994051352, 1.574414295430052, 1.5907188367041682, 1.6565376251877657, -1.2233317992913926, 2.5414512875487953] 
[0.24980354647498748, 0.2545927512053967, 0.25521876856451575, -0.2667537857744837, -2.721366213379609, -2.2102157287444473, 1.5701188745909411, 1.5744621633683045, 1.5907808399399705, 1.6565827055517102, -1.2233730705020895, 2.541401516242865] 
[0.24937915851334003, 0.25501713916704416, 0.2547943806028683, -0.26632939781283627, -2.7217906013412563, -2.2106401167060947, 1.5697472271208346, 1.5746826089838064, 1.5902937019685095, 1.6560955850379604, -1.2231494482559397, 2.54102964280031] 
[0.249470644143988, 0.2549256535363962, 0.2547028949722203, -0.2662379121821883, -2.7218820869719043, -2.2105486310754467, 1.5696672701273702, 1.5747308822091732, 1.5901917557194438, 1.6560025939917493, -1.2230527840019159, 2.541143822671185] 
[0.24971721133761937, 0.2546790863427648, 0.2549494621658517, -0.26648447937581965, -2.721635519778273, -2.210795198269078, 1.569491591117999, 1.575027594724878, 1.59058128494861, 1.6563120615653322, -1.2231763304221903, 2.541361393181021] 
[0.24951060727804508, 0.2544724822831905, 0.25515606622542597, -0.26627787531624536, -2.7214289157186986, -2.210588594209504, 1.5692338892705173, 1.5748139382100734, 1.5908123278685733, 1.6566302259090315, -1.2229306695687623, 2.541212493485808] 
[0.24922622608794276, 0.2541881010930882, 0.2554404474155283, -0.26599349412614304, -2.721713296908801, -2.210872975399606, 1.5688388479462276, 1.574350881853461, 1.5904553185065413, 1.656785842129823, -1.223122656042892, 2.5414517672365977] 
[0.24946445063694034, 0.2544263256420858, 0.2552022228665307, -0.2662317186751406, -2.7214750723598033, -2.2111111999486037, 1.5685076124429356, 1.5739612722844374, 1.590148640097131, 1.656885055193028, -1.2234096362250655, 2.5411461283188785] 
[0.24961976307803146, 0.2545816380831769, 0.2550469104254396, -0.2660764062340495, -2.7216303848008945, -2.211266512389695, 1.568622572360467, 1.5737923889414813, 1.5899747453997317, 1.6569753120343236, -1.2235131790903722, 2.541277098375399] 
[0.2496027822365341, 0.2545986189246743, 0.25506389126693696, -0.26609338707554686, -2.721647365642392, -2.2112495315481975, 1.5686013935997263, 1.5737748298081031, 1.5899937382248526, 1.6570014549518717, -1.2234930011196885, 2.54126486080896] 
[0.2491773598621605, 0.2541731965503007, 0.25548931364131056, -0.26566796470117326, -2.7220727880167654, -2.211674953922571, 1.5691491214401414, 1.5742864476866865, 1.5898042778078076, 1.6574902059609773, -1.223028344066886, 2.5409486591294237] 
[0.24877219530829242, 0.2537680319964326, 0.2550841490874425, -0.26607312925504134, -2.7216676234628974, -2.212080118476439, 1.5695065591297994, 1.574086489069447, 1.5903127885322672, 1.6581278277190732, -1.2225436974007404, 2.5406573835621176] 
[0.24899465704998525, 0.2535455702547398, 0.2553066108291353, -0.2658506675133485, -2.72189008520459, -2.2118576567347463, 1.5691974613818749, 1.5737229743089831, 1.5900265882864104, 1.658220555703864, -1.222811808233657, 2.5403718329047225] 
[0.24951264841079412, 0.25406356161554866, 0.2547886194683264, -0.26533267615253964, -2.722408076565399, -2.212375648095555, 1.5698464970722368, 1.5742723085524795, 1.5895016149822585, 1.65764315344548, -1.2225343175183956, 2.5399190896000814] 
[0.24971400040605607, 0.2542649136108106, 0.2545872674730645, -0.2651313241572777, -2.722206724570137, -2.212577000090817, 1.5701249024599668, 1.5745947009474763, 1.58973284842441, 1.65744730963921, -1.2227453980948666, 2.5400708251785127] 
[0.24972747854198252, 0.25427839174673705, 0.25460074560899093, -0.26514480229320414, -2.7221932464342107, -2.2125904782267436, 1.5701348499261756, 1.5745799394704825, 1.5897173208254438, 1.6574533990237452, -1.2227615291340728, 2.5400535523512437] 
[0.2499141764476014, 0.2540916938411182, 0.25441404770337206, -0.265331500198823, -2.7223799443398295, -2.2127771761323625, 1.5703740734188496, 1.5747995343488628, 1.589614205024461, 1.6575885048654695, -1.2228795437108306, 2.5402124870815785] 
[0.24981190856511182, 0.2539894259586286, 0.25451631558586163, -0.26522923231633344, -2.722482212222319, -2.212879444014852, 1.5702284804116584, 1.5746185453124286, 1.5894280960859761, 1.6574133303742629, -1.223005323873954, 2.540285171421398] 
[0.2497051571588229, 0.2538826745523397, 0.2544095641795727, -0.26533598372262235, -2.72237546081603, -2.212986195421141, 1.5703797530892711, 1.5748046008120289, 1.589611039757426, 1.657550898546499, -1.2230580041453858, 2.540379533212508] 
[0.2501282103147502, 0.2534596213964124, 0.2548326173355, -0.2657590368785496, -2.7227985139719575, -2.2125631422652137, 1.5700774264923363, 1.5753093173016612, 1.5902647652837494, 1.658026440998819, -1.2234945109178295, 2.5398537838870108] 
[0.249493511655563, 0.2540943200555996, 0.2541979186763128, -0.2663937355377368, -2.7221638153127703, -2.213197840924401, 1.5692584161359255, 1.5745401334769613, 1.5905274814823107, 1.6572146628851576, -1.2245235550709654, 2.538977378340917] 
[0.2495476402054222, 0.2540401915057404, 0.254252047226172, -0.266447864087596, -2.722109686762911, -2.2131437123745417, 1.5693354280170353, 1.5746358855877778, 1.590625967343688, 1.6573074315043728, -1.2244568853958082, 2.5389389424150854] 
[0.24987140157734933, 0.2537164301338133, 0.2539282858542449, -0.2661241027156689, -2.7224334481348382, -2.213467473746469, 1.5695641464333736, 1.5742382816381189, 1.5900807242105754, 1.656763420516725, -1.224853001938898, 2.53916946317926] 
[0.24921161139023829, 0.25305663994670224, 0.2545880760413559, -0.26546431252855784, -2.7230932383219493, -2.2128076835593578, 1.570034327965459, 1.5734461431832882, 1.5890404401588107, 1.6559364287566434, -1.224522474902853, 2.538587458714165] 
[0.24942706740482512, 0.2532720959612891, 0.2543726200267691, -0.2656797685431447, -2.723308694336536, -2.212592227544771, 1.5703026171219239, 1.5736674014579264, 1.5887923190210607, 1.6555767854609513, -1.224892354901804, 2.5382851456450077] 
[0.24950747733824263, 0.2533525058947066, 0.25429221009335157, -0.26559935860972717, -2.7232282844031186, -2.2126726374781884, 1.5701887589937746, 1.5735274354821362, 1.5886546755193551, 1.6554732352679493, -1.2248526721603397, 2.5382140464654976] 
[0.24968742594969262, 0.2531725572832566, 0.2541122614819016, -0.26577930722117715, -2.7234082330145686, -2.2128525860896384, 1.5704192988927554, 1.5737390753575091, 1.5885550577971386, 1.6556033635828218, -1.2249664461506389, 2.538367292022091] 
[0.24934465668049688, 0.25351532655245235, 0.25376949221270584, -0.2654365379519814, -2.7237510022837643, -2.2125098168204427, 1.5699887549484735, 1.5733721614354572, 1.5888907188636288, 1.6559401445707216, -1.2253315074041389, 2.537938860172681] 
[0.24952238681890782, 0.2536930566908633, 0.2535917620742949, -0.26561426809039235, -2.7239287324221753, -2.2126875469588536, 1.5701143952462762, 1.5731541040986057, 1.588591739044705, 1.6556418833338784, -1.2255487351214003, 2.538065675180787] 
[0.24922032447157383, 0.2533909943435293, 0.2538938244216289, -0.26531220574305836, -2.7236266700748413, -2.2129896093061876, 1.5697280139919174, 1.5728013600917936, 1.5887687679129616, 1.6554627080670683, -1.225198258430161, 2.538449867024488] 
[0.24975595219682978, 0.25392662206878525, 0.25442945214688484, -0.2647765780178024, -2.724162297800097, -2.2135252370314435, 1.570485192157346, 1.5737292328180088, 1.5896679702558698, 1.656082282265389, -1.2257459835816729, 2.5377857374715775] 
[0.2502282915045462, 0.25345428276106885, 0.25395711283916844, -0.2652489173255188, -2.723689958492381, -2.21399757633916, 1.5698919639599827, 1.573223932557761, 1.5901305126096095, 1.6565468706431854, -1.2262492176441329, 2.5371953752086176] 
[0.24987472374930553, 0.2531007150058282, 0.2543106805944091, -0.26560248508075945, -2.7240435262476215, -2.2143511440944006, 1.5703961324264097, 1.5738521841118593, 1.5907846861493815, 1.6571982178313374, -1.225627228284423, 2.5376950461890977] 
[0.2494037674626255, 0.25357167129250824, 0.25383972430772905, -0.2651315287940794, -2.7245144825343015, -2.2148221003810806, 1.5699958855562743, 1.5741475397658207, 1.590444946872588, 1.6574614251711222, -1.226178005939668, 2.537094768546207] 
[0.2495964260352337, 0.25376432986511643, 0.25403238288033725, -0.2653241873666876, -2.7243218239616933, -2.215014758953689, 1.5697218642085613, 1.57380701479208, 1.590094799581125, 1.6571316723289384, -1.2264149667390476, 2.5372318063168655] 
[0.24975591508626982, 0.2536048408140803, 0.2538728938293011, -0.26548367641772375, -2.7244813130127294, -2.2148552699026527, 1.5695178365989213, 1.5736207405951692, 1.5901882253657753, 1.6570370917461905, -1.2262297450096473, 2.5374347994647204] 
[0.24961725996268447, 0.25374349593766565, 0.25401154895288647, -0.2653450212941384, -2.724619968136315, -2.2147166147790673, 1.5693436760319346, 1.5734723446984507, 1.5903239104870552, 1.6571732799121746, -1.2263774641885017, 2.5372614700360026] 
[0.24961409497957865, 0.25374666092077147, 0.2540147139359923, -0.2653418563110326, -2.7246231331194206, -2.2147134497959615, 1.5693480527147268, 1.5734774119643893, 1.5903275449732812, 1.657170197411941, -1.2263807847689503, 2.537263855933597] 
[0.24956471972664707, 0.25379603617370305, 0.2539653386830607, -0.26539123156396416, -2.724672508372352, -2.21466407454303, 1.5694163307937694, 1.5735564636599413, 1.590384244856128, 1.657122109300017, -1.2264325872591, 2.5373010772434714] 
[0.24931951473571123, 0.2535508311827672, 0.25372013369212487, -0.2656364365549, -2.724917713363288, -2.214418869552094, 1.5696243073294653, 1.5734007419546552, 1.590553088432836, 1.6569529892895691, -1.2262755158037617, 2.5370927174609967] 
[0.24991771211485547, 0.252952633803623, 0.2543183310712691, -0.26503823917575575, -2.7255159107424323, -2.2150170669312383, 1.5703692397898503, 1.5740150674070148, 1.5898654552761353, 1.6559549926315271, -1.2273022013625037, 2.536253912227807] 
[0.24974494023481375, 0.2531254056836647, 0.2541455591912274, -0.2652110110557975, -2.725688682622474, -2.2148442950511966, 1.570613699498271, 1.57431444802691, 1.5901555068361504, 1.6561550071823024, -1.2274787545822963, 2.536039780663484] 
[0.2497798377820586, 0.25316030323090954, 0.2541804567384722, -0.26517611350855264, -2.725723580169719, -2.214809397503952, 1.5705639769464241, 1.5742524915717968, 1.5900909543235293, 1.656090708932236, -1.227540105667578, 2.5359905204956315] 
[0.24997628375304393, 0.2533567492018949, 0.25437690270945756, -0.2649796675375673, -2.7255271341987335, -2.215005843474937, 1.5703188256043148, 1.5740489687627464, 1.5903105881097928, 1.6563929038312943, -1.227306735742546, 2.5358487013471906] 
[0.24997396514843606, 0.253354430597287, 0.25437922131406543, -0.26497734893295943, -2.7255294528033414, -2.215008162079545, 1.5703204823825305, 1.5740462052078126, 1.5903070070599328, 1.6563902970361275, -1.2273043472762326, 2.5358515794646626] 
[0.24952163266324012, 0.25380676308248296, 0.25483155379926137, -0.26542968141815537, -2.7250771203181454, -2.215460494564741, 1.5697377943181334, 1.5735018814039352, 1.590509314879986, 1.6558710352601511, -1.2277982027508385, 2.5361882234570237] 
[0.24963059353508177, 0.2539157239543246, 0.2547225929274197, -0.2653207205463137, -2.725186081189987, -2.2153515336928993, 1.5696426014240714, 1.573559480931822, 1.590387817236408, 1.6557601934509716, -1.2276830738213336, 2.5363241944875785] 
[0.249820451946563, 0.2537258655428434, 0.2545327345159385, -0.2651308621348325, -2.724996222778506, -2.2155413921043805, 1.5699111973497104, 1.573888754668333, 1.5907070085311996, 1.6559801535325638, -1.227877082108741, 2.536088836653733] 
[0.2501110632295762, 0.25343525425983016, 0.2542421232329253, -0.2654214734178457, -2.7247056114954926, -2.2158320033873937, 1.569654371008396, 1.5740299283979509, 1.5903332561224586, 1.655485410647676, -1.2283782355384283, 2.5356806071058564] 
[0.24972564060701918, 0.2538206768823872, 0.25385670061036825, -0.26580689604040275, -2.7250910341180496, -2.2162174260099508, 1.5693790190503991, 1.574489311738804, 1.5909284259456333, 1.6559184223264958, -1.2287756136316548, 2.5352018318438203] 
[0.2503419097146611, 0.2532044077747453, 0.25447296971801014, -0.26519062693276085, -2.7257073032256915, -2.2168336951175927, 1.5698131445088581, 1.5737279047853008, 1.5898712224504146, 1.6548030765931494, -1.2298554843081, 2.5343319955245427] 
[0.250310756915352, 0.2532355605740544, 0.25450412251731924, -0.26522177973206995, -2.7256761504263824, -2.2168648479169017, 1.5698523021428497, 1.573761281055688, 1.5898407053388568, 1.654772446699899, -1.2298222982367335, 2.5343709376459986] 
[0.250018182907906, 0.2529429865666084, 0.2547966965247652, -0.264929205724624, -2.7259687244338284, -2.2165722739094558, 1.5700705931137424, 1.5734515166580296, 1.5895446883583992, 1.6550671749916668, -1.2295129655575538, 2.534150976663274] 
[0.24980969199701653, 0.2531514774774979, 0.2550051874356547, -0.2647207148137345, -2.726177215344718, -2.2167807648203453, 1.5702456277188623, 1.5733118527297039, 1.5896593196893258, 1.6548077935295282, -1.229848957122857, 2.5338636913740182] 
[0.2502420276379467, 0.25358381311842804, 0.25543752307658485, -0.26515305045466464, -2.726609550985648, -2.2172131004612754, 1.5696879405485131, 1.5727881147649205, 1.589838487092099, 1.6542555040215108, -1.2305490967797663, 2.533267186790662] 
[0.24965347638246405, 0.2529952618629454, 0.2548489718211022, -0.26574160171014727, -2.7271981022411307, -2.2166245492057928, 1.5692725306508664, 1.573510383145992, 1.5908305129848253, 1.6552452318592272, -1.2298292931527564, 2.5328473267350193] 
[0.24937567358633705, 0.2532730646590724, 0.2551267746172292, -0.2654637989140203, -2.7274759050372577, -2.2169023520019198, 1.569479982802751, 1.57321627913519, 1.5905496382205888, 1.6555252983421542, -1.2295352166902596, 2.532638286111209] 
[0.2498352124668286, 0.25373260353956395, 0.25466723573673766, -0.2659233377945118, -2.7279354439177492, -2.2173618908824113, 1.5700569535498925, 1.5737077791074756, 1.5900989633507883, 1.655073055024666, -1.2290466489947836, 2.533212042463662] 
[0.24930973494553177, 0.2542580810608608, 0.2541417582154408, -0.26644881531580866, -2.7274099663964524, -2.217887368403708, 1.5707293720402302, 1.5743217520744, 1.589791235646211, 1.655384303671816, -1.2296556696413952, 2.532544267959167] 
[0.2488277743403251, 0.2537761204556541, 0.2546237188206475, -0.265966854710602, -2.727891927001659, -2.218369329008915, 1.5703735094087876, 1.574849794782942, 1.5903467722152194, 1.6551670439776107, -1.2290800553871895, 2.5331609555728694] 
[0.2488650460362698, 0.2537388487597094, 0.2546609905165922, -0.2660041264065467, -2.7279291986976038, -2.2184066007048595, 1.5704051332919498, 1.5748261023411114, 1.5903724247396032, 1.6551413682017375, -1.2290561774337354, 2.533129270864811] 
[0.24919150725805883, 0.2534123875379204, 0.25433452929480316, -0.26567766518475766, -2.7276027374758147, -2.2180801394830705, 1.5708230426629437, 1.575209665206054, 1.5901917654541247, 1.6553772371988185, -1.229262613231789, 2.533407432239295] 
[0.24933358185252663, 0.2535544621323882, 0.25447660388927096, -0.26581973977922546, -2.7277448120702825, -2.2179380648886027, 1.5706255327902912, 1.5749774698093322, 1.5900090451895983, 1.6554366143838566, -1.229433489933875, 2.533225361555053] 
[0.24932112014647378, 0.25354200042633535, 0.2544890655953238, -0.2658072780731726, -2.7277323503642297, -2.21792560318255, 1.5706162014034204, 1.574990574584977, 1.5900212531084097, 1.655422423031437, -1.2294532517778618, 2.5332082768557433] 
[0.24932368265695848, 0.25353943791585065, 0.2544916281058085, -0.2658047155626879, -2.7277349128747144, -2.217923040672065, 1.5706184450150642, 1.5749892394850848, 1.5900241925698964, 1.6554253617965922, -1.2294546048260293, 2.53321052283564] 
[0.24893248016015113, 0.253930640412658, 0.25410042560900115, -0.26541351306588057, -2.727343710377907, -2.2183142431688725, 1.5703255056383467, 1.5754006228356099, 1.5904074173646878, 1.6549798763658703, -1.2300749665018296, 2.5326741948537737] 
[0.24885508068751383, 0.2538532409400207, 0.25402302613636385, -0.2653361135932433, -2.7274211098505443, -2.21839164264151, 1.570421838186958, 1.5754800171123307, 1.5903183972957584, 1.6548507001150885, -1.2302078144122028, 2.532565670262878] 
[0.24929274642912835, 0.2534155751984062, 0.2544606918779784, -0.2657737793348578, -2.727858775592159, -2.2188293083831243, 1.5700349365677804, 1.5756929527895347, 1.589756008806876, 1.654105651779702, -1.2309625594548415, 2.531951183590431] 
[0.24933660394464985, 0.2533717176828847, 0.25450454939349987, -0.2658176368503793, -2.7278149180766373, -2.218785450867603, 1.5699739578870984, 1.5756212677857555, 1.5896996019213065, 1.6541239673626402, -1.231015315907685, 2.5318949729787046] 
[0.24916889655985264, 0.2535394250676819, 0.25433684200870266, -0.2659853442351765, -2.7279826254614346, -2.2189531582524, 1.5697410940675454, 1.5753485128818818, 1.5894893856404186, 1.6542158757536196, -1.2311285681005377, 2.5320361611958435] 
[0.2493904683348851, 0.25376099684271436, 0.2541152702336702, -0.26620691601020896, -2.727761053686402, -2.2191747300274325, 1.5698991547421897, 1.5750824588205639, 1.5891399348188304, 1.6539380584034922, -1.2310174994327692, 2.531840591931888] 
[0.2500180765808486, 0.25313338859675083, 0.2547428784796337, -0.26557930776424543, -2.7283886619323656, -2.218547121781469, 1.5691111818878114, 1.5744112220545894, 1.5897541414988645, 1.6545542119485985, -1.2316851484054376, 2.531056563827774] 
[0.2499204186340882, 0.2530357306499904, 0.25484053642639415, -0.265481649817485, -2.728486319879126, -2.2186447797282294, 1.569249578843717, 1.5745812961984735, 1.5899213539749881, 1.6546800229188265, -1.2317333423296526, 2.5311429542347494] 
[0.25007547743359515, 0.25288067185048346, 0.2549955952259011, -0.26532659101797806, -2.728331261079619, -2.2187998385277363, 1.5693849942845766, 1.5744992612839477, 1.5900943104358491, 1.6548377801395047, -1.2318969048679573, 2.5309496577595305] 
[0.24988141093688432, 0.2530747383471943, 0.2551896617226119, -0.26513252452126723, -2.7281371945829083, -2.218993905024447, 1.56924792327312, 1.5747371327232287, 1.5904210660193403, 1.6551640412846864, -1.2316594218746917, 2.5308111434326808] 
[0.24945596724789487, 0.25350018203618374, 0.2547642180336225, -0.2655579682102567, -2.727711750893919, -2.2194193487134366, 1.568699890482748, 1.5742250907065336, 1.5906110878472648, 1.654675505607708, -1.2321241708528297, 2.5311277910275676] 
[0.24937020411906152, 0.2534144189073504, 0.25484998116245583, -0.26547220508142333, -2.727797514022752, -2.2193335855846033, 1.5687719182556994, 1.5741676174121182, 1.5906581830127622, 1.6545686669008373, -1.232262483936899, 2.531009603446167] 
[0.2487640595781513, 0.25280827436644016, 0.2542438366215456, -0.2648660605405131, -2.7284036585636624, -2.2199397301255135, 1.5695522055404059, 1.5748965177263894, 1.5903873978887197, 1.6552650114562295, -1.231600142691938, 2.5305586859434834] 
[0.24892072301153823, 0.2529649377998271, 0.25440050005493253, -0.26470939710712615, -2.7285603219970493, -2.2197830666921265, 1.5694360837278427, 1.5750665889163822, 1.5905625189404842, 1.6551737604691767, -1.231495617627603, 2.530426508895682] 
[0.2493845210810668, 0.25342873586935566, 0.25393670198540397, -0.2642455990375976, -2.7280965239275208, -2.220246864761655, 1.5697671478997646, 1.5745100938463554, 1.5898312809940693, 1.654592051361569, -1.2312625434104258, 2.530017283097572] 
[0.24942897913948547, 0.253384277810937, 0.2538922439269853, -0.2642011409791789, -2.7281409819859395, -2.220291322820074, 1.5698240101484628, 1.574562010700675, 1.5898052283649495, 1.6546184444502274, -1.2313141595210766, 2.5299607178773504] 
[0.24954033256098418, 0.2534956312324357, 0.2537808905054866, -0.2643124944006776, -2.728252335407438, -2.220179969398575, 1.569903424749564, 1.574428357913689, 1.5896296835132806, 1.6544788511253488, -1.2312581548480466, 2.529862500602278] 
[0.25004256177285233, 0.25399786044430384, 0.2532786612936184, -0.26481472361254577, -2.7287545646193063, -2.2206821986104432, 1.5692727320369102, 1.5738910025058355, 1.5901213189630596, 1.65497250663799, -1.231793223767869, 2.5292348226156354] 
[0.2500733940013702, 0.253967028215786, 0.25324782906510057, -0.2648455558410636, -2.7287237323907885, -2.220713030838961, 1.5692988786725077, 1.5738714389390132, 1.590142559997365, 1.6549512315468462, -1.2317734690305837, 2.5292086190800624] 
[0.24966233394110793, 0.25437808827604824, 0.25365888912536283, -0.2652566159013259, -2.7291347924510507, -2.2211240908992234, 1.5695925005939209, 1.573381167335814, 1.5895079974361734, 1.6544899672321087, -1.2313498928843012, 2.529718936601784] 
[0.24976394941437752, 0.25427647280277865, 0.25355727365209324, -0.2651550004280563, -2.7292364079243203, -2.221225706372493, 1.5694478832522076, 1.5732013378862428, 1.5893231455020338, 1.6543159329557264, -1.2314750340708134, 2.529791242434921] 
[0.24932411927503173, 0.25471630294212444, 0.253997103791439, -0.2647151702887105, -2.7287965777849745, -2.2216655365118387, 1.5691336353359955, 1.5737262869256385, 1.590002517782425, 1.6548096716563072, -1.2319279597318076, 2.52924533895049] 
[0.2493252660826868, 0.2547151561344694, 0.25399595698378397, -0.26471402348105544, -2.7287954309773195, -2.221666683319494, 1.5691346105400885, 1.5737255682805342, 1.5900033440977086, 1.6548090297914488, -1.231926618994272, 2.529246800288288] 
[0.24973480313387375, 0.2543056190832824, 0.2544054940349709, -0.2651235605322424, -2.7292049680285064, -2.2220762203706808, 1.5694932981156346, 1.5735126207706434, 1.590472739430938, 1.6552785184845062, -1.2321430875993837, 2.5296055546907414] 
[0.24956720842022895, 0.2541380243696376, 0.25457308874861573, -0.2652911552458872, -2.7293725627421512, -2.221908625657036, 1.5692842226429249, 1.5733392050007262, 1.5906600439993543, 1.655536415260042, -1.2319439214883543, 2.5294846597456204] 
[0.24964118482437092, 0.25406404796549564, 0.25449911234447375, -0.2653651316500292, -2.7292985863380093, -2.221834649252894, 1.5693488554392554, 1.5733001188368896, 1.5907424956257792, 1.6556116250997122, -1.2320220363224745, 2.5293923791264823] 
[0.25004676239245915, 0.2536584703974074, 0.2540935347763855, -0.2657707092181174, -2.728893008769921, -2.222240226820982, 1.5698710763272261, 1.5737879100190433, 1.5905614940009076, 1.6560777195963652, -1.231578770954697, 2.5290906748662625] 
[0.25011529366154184, 0.2537270016664901, 0.2541620660454682, -0.2658392404872001, -2.7288244775008383, -2.222308758090065, 1.5699286172953344, 1.5737420274540839, 1.5905991671938104, 1.655992277343853, -1.2316893705366598, 2.5289961910879746] 
[0.24963005242908087, 0.25324176043402913, 0.25464730727792917, -0.2653539992547391, -2.7293097187332993, -2.221823516857604, 1.5695038712107816, 1.573994520743922, 1.5900427175061203, 1.6554359598279522, -1.2314335027240042, 2.528571003645702] 
[0.24942489541528934, 0.2530366034202376, 0.25444215026413763, -0.26555915626853066, -2.729514875747091, -2.2220286738713955, 1.5693294924202477, 1.5741232105080278, 1.5898947628201456, 1.6555505493552356, -1.2316732530652146, 2.5283096664284193] 
[0.24937794493532683, 0.2529896529402751, 0.25448910074410014, -0.26551220578856816, -2.7295618262270533, -2.222075624351358, 1.5692693455129039, 1.5740679921599552, 1.5899207711195398, 1.6555166234294827, -1.2316435682492968, 2.5282696701513623] 
[0.24958501328526372, 0.253196721290212, 0.25469616909403703, -0.26530513743863127, -2.7293547578771165, -2.221868556001421, 1.5694436496709476, 1.573930872009366, 1.59004132372843, 1.6552856354754206, -1.231868207000912, 2.528424114566153] 
[0.24926168427962514, 0.2528733922845734, 0.25437284008839844, -0.2649818084329927, -2.729031428871478, -2.2221918850070597, 1.569201574554818, 1.5742706664636075, 1.5903578399622944, 1.6549175859943315, -1.232381022525843, 2.5279806222314547] 
[0.2493257866863252, 0.2528092898778733, 0.2544369424950985, -0.2649177060262926, -2.729095531278178, -2.2222559874137597, 1.5692820573805562, 1.5743392487691326, 1.5902950115466656, 1.654854561638402, -1.232312757341049, 2.5280607406137108] 
[0.24901165646538592, 0.2531234200988126, 0.2541228122741592, -0.2646035758053533, -2.7287814010572387, -2.222570117634699, 1.5695035883187194, 1.5739516537803564, 1.5897562345364418, 1.6542860112308948, -1.2328628464281337, 2.5276175575396693] 
[0.24924087410923823, 0.2528942024549603, 0.25435202991801154, -0.26483279344920563, -2.7285521834133863, -2.2227993352785513, 1.5698198138028254, 1.5743163240247484, 1.5900116654580705, 1.654032934521118, -1.2332245396478054, 2.527303382260464] 
[0.24931009660498438, 0.25282497995921416, 0.2542828074222654, -0.2647635709534595, -2.7286214059091325, -2.2228685577742975, 1.5698804118594882, 1.5742802116728984, 1.5900910859893647, 1.6541123516405118, -1.2332610828425707, 2.527364014636189] 
[0.24979536969367322, 0.253310253047903, 0.25379753433357655, -0.26427829786477064, -2.7291066789978213, -2.2233538308629863, 1.5694679064780022, 1.5745848171755175, 1.5897410458692396, 1.6543836308416136, -1.233828863032687, 2.526745281313432] 
[0.24967609506489685, 0.25342952767667937, 0.2539168089623529, -0.2641590232359943, -2.7292259536265977, -2.2234731054917627, 1.5693788717368882, 1.5747111763608381, 1.589861836028278, 1.6542635032099071, -1.2339548958736952, 2.5268349412611504] 
[0.24966862190396233, 0.25342205451574484, 0.25392428212328744, -0.26415155007505975, -2.7292334267875322, -2.223480578652697, 1.569384403662135, 1.574703060746257, 1.589853477173824, 1.6542678603294374, -1.2339598794325297, 2.5268412435045406] 
[0.24934373757966943, 0.25309717019145195, 0.25424916644758033, -0.26382666575076685, -2.729558311111825, -2.22380546297699, 1.5689790338641303, 1.5743665704543381, 1.590216451120993, 1.6547671946812845, -1.2335744370738138, 2.5266069207345825] 
[0.24879237597214532, 0.25364853179897606, 0.2536978048400562, -0.26437802735829097, -2.7301096727193492, -2.2243568245845142, 1.569460648849302, 1.5740746292384544, 1.5908311159285113, 1.6553281443074557, -1.2341577704486233, 2.525918533686251] 
[0.2490553289680455, 0.2533855788030759, 0.25343485184415604, -0.26464098035419115, -2.7303726257152494, -2.2246197775804144, 1.5698348289020976, 1.5745412737000866, 1.5913174838864923, 1.655812358893861, -1.2336953562881043, 2.526290033052941] 
[0.24933382065013765, 0.25366407048516804, 0.2537133435262482, -0.2649194720362833, -2.7306511173973416, -2.2243412858983223, 1.569626778390584, 1.5748364784834576, 1.5915996316933374, 1.6555316095010066, -1.2339898764094746, 2.526499412407888] 
[0.24950665802519145, 0.25383690786022184, 0.253886180901302, -0.2647466346612295, -2.7308239547723954, -2.2241684485232684, 1.5694812597143968, 1.5749508486910428, 1.5914989197900402, 1.6557243750713042, -1.2338024670784418, 2.526370505277182] 
[0.25006226452533786, 0.25328130136007543, 0.2544417874014484, -0.2653022411613759, -2.731379561272542, -2.224724055023415, 1.5698738506143872, 1.5742688133927347, 1.5905637897585354, 1.654791597229754, -1.2344817920964, 2.5267669641969275] 
[0.2503311601236162, 0.2535501969583538, 0.25417289180317004, -0.26503334556309754, -2.7311106656742634, -2.224992950621693, 1.570074531440103, 1.5739840738747586, 1.5902917529401686, 1.6550627627680836, -1.2341971447579525, 2.526564707012968] 
[0.2504682624485439, 0.2536872992832815, 0.25430999412809774, -0.26517044788802524, -2.731247767999191, -2.2248558482967655, 1.5701710380138343, 1.5738147870480634, 1.5900565337960606, 1.6548145882716367, -1.2344372564820258, 2.526371333852183] 
[0.2503815983351614, 0.25360063516989895, 0.2542233300147152, -0.2652571120014078, -2.7313344321125737, -2.224769184183383, 1.5700946349277118, 1.5738575547639853, 1.5899478943080263, 1.6546782574749115, -1.2345410232565461, 2.526433692852058] 
[0.2502382628739439, 0.25345729970868147, 0.2543666654759327, -0.26540044746262526, -2.731477767573791, -2.2246258487221655, 1.570279363275221, 1.5740301339075853, 1.5898838652482519, 1.6548430103274157, -1.2343843244993034, 2.5263270483479237] 
[0.24997172794121658, 0.25319076477595415, 0.25410013054320535, -0.2656669823953526, -2.731211232641064, -2.224892383654893, 1.57065671461342, 1.5744924020917974, 1.5903315988638445, 1.655151469910442, -1.2346563187627932, 2.5259968614318953] 
[0.25014727297137673, 0.2533663098061143, 0.2539245855130452, -0.26549143736519243, -2.731386777671224, -2.225067928685053, 1.5708100151204056, 1.5743995190964946, 1.590527193309243, 1.655329770729403, -1.2348415981087117, 2.5257779188835405] 
[0.24957782235574788, 0.25279685919048545, 0.25449403612867405, -0.2660608879808213, -2.731956228286853, -2.225637379300682, 1.5703887186943113, 1.5750177465440782, 1.5911641723335144, 1.6549982276762913, -1.2344619022411445, 2.5252973921972317] 
[0.2497352853046535, 0.25263939624157983, 0.25433657317976843, -0.26590342503191566, -2.731798765337947, -2.2257948422495875, 1.570166041341592, 1.5747450478798082, 1.5908999143162197, 1.6548161029850557, -1.2343013024965213, 2.5254924400489798] 
[0.24963824316927719, 0.2525423541062035, 0.2542395310443921, -0.26580638289653935, -2.7318958074733235, -2.2258918843849638, 1.5702515863151985, 1.574697003315211, 1.5910216068265295, 1.654968887481914, -1.234184965328072, 2.5254226407428852] 
[0.2501256671590588, 0.25302977809598515, 0.25472695503417375, -0.2653189589067577, -2.731408383483542, -2.2263793083747454, 1.5706125324164666, 1.5741682871153824, 1.590476937964866, 1.6552525444811463, -1.234509924123625, 2.5258339740782114] 
[0.25005793468566173, 0.25309751056938223, 0.25479468750757084, -0.2653866913801548, -2.731476115956939, -2.2263115759013483, 1.5705625438371227, 1.5742423298057768, 1.5905548586919867, 1.6552219985174492, -1.2344289537458182, 2.5259207019883974] 
[0.24982254150159156, 0.25286211738531206, 0.25455929432350066, -0.265622084564225, -2.731711509141009, -2.226076182717278, 1.570364471038235, 1.5743981063759007, 1.5904178682030097, 1.6554845708348516, -1.234173604539509, 2.5257451973452647] 
[0.24964241594321157, 0.25304224294369204, 0.2543791687651207, -0.26580221012260496, -2.731531383582629, -2.225896057158898, 1.5702113923424226, 1.5745110981820187, 1.5902878956524846, 1.6555850779823036, -1.2343840749278299, 2.5255157539259985] 
[0.24973530416346668, 0.25313513116394715, 0.2542862805448656, -0.26570932190234986, -2.7316242718028843, -2.2259889453791533, 1.5700949018409427, 1.5744124223119957, 1.590381921597762, 1.6556884711033417, -1.2344338201266964, 2.5255969842198644] 
[0.25004693936041056, 0.25282349596700326, 0.2539746453479217, -0.265397686705406, -2.7313126366059404, -2.226300580576097, 1.5703591658378784, 1.5742144412677415, 1.590596609902025, 1.6554737929633367, -1.2342342950168272, 2.525332105132393] 
[0.2500959298516867, 0.2528724864582794, 0.25392565485664553, -0.26544667719668213, -2.7313616270972165, -2.2263495710673733, 1.5704207313640433, 1.5742669284373239, 1.5905486384830885, 1.6554256834866994, -1.2341821397513768, 2.525393332290523] 
[0.24997727640853773, 0.2529911399014284, 0.2540443082997945, -0.2655653306398311, -2.7312429736540675, -2.2264682245105223, 1.5705205738485073, 1.5741884270951743, 1.5906177996356479, 1.65529328555423, -1.2343108719293712, 2.525481784473816] 
[0.24999598114561783, 0.2529724351643483, 0.2540630130368746, -0.265546625902751, -2.7312242689169874, -2.2264869292476024, 1.5704946990785478, 1.5741584905004686, 1.5905963515571984, 1.6553115311241686, -1.2342912247746287, 2.5254676908847706] 
[0.25029504004771885, 0.25327149406644933, 0.2537639541347736, -0.26524756700065, -2.7315233278190885, -2.2267859881497034, 1.5707457785072196, 1.573958180416817, 1.590760841616278, 1.6549386658720502, -1.234773918193162, 2.5250553365979638] 
[0.2500455235906158, 0.25352101052355236, 0.25351443767767057, -0.26499805054354697, -2.7317728442761915, -2.2270355046068064, 1.5705279051614456, 1.5740901432918653, 1.5904829138546634, 1.6546853141479831, -1.2345102907368357, 2.5253667169026928] 
[0.2503638499194287, 0.25320268419473946, 0.25383276400648347, -0.26531637687235987, -2.7320911706050044, -2.2267171782779935, 1.5709784464646175, 1.574642100465359, 1.5910172847516317, 1.6550531881282702, -1.2348356683039385, 2.5249720501252613] 
[0.2502821085153797, 0.2531209427906904, 0.25375102260243443, -0.2653981182764089, -2.7321729120090534, -2.2267989196820426, 1.5708756946584217, 1.574554504854135, 1.5910972762208924, 1.655133442756464, -1.2349226554775254, 2.5248699248425774] 
[0.25015262665863025, 0.252991460933941, 0.25388050445918386, -0.2652686364196595, -2.732302393865803, -2.226928401538792, 1.5706967478332108, 1.5743482161839897, 1.5909529400569409, 1.6552766815059647, -1.2347182514723167, 2.5250473001010096] 
[0.25010182640703027, 0.25304226118554096, 0.25393130471078385, -0.2652178361680595, -2.732353194117403, -2.226877601287192, 1.5707343365101327, 1.5742930925666259, 1.5908961432422835, 1.655306268745943, -1.2347521210109713, 2.525090165218303] 
[0.2501578472735928, 0.25298624031897843, 0.2539873255773464, -0.26516181530149696, -2.7322971732508403, -2.2269336221537546, 1.5706568266284262, 1.5742034133721154, 1.5908318909991208, 1.655360905984899, -1.2346932763856564, 2.5250479284473246] 
[0.25018614281646157, 0.25295794477610967, 0.2539590300344776, -0.2651335197586282, -2.7322688777079716, -2.2269619176966233, 1.5706167220912808, 1.5741541429165598, 1.590783482180756, 1.65532449407962, -1.2346793173854298, 2.5250229034491407] 
[0.2501287241686483, 0.25301536342392295, 0.2540164486822909, -0.2650761011108149, -2.732326296355785, -2.2270193363444366, 1.5705432106938446, 1.5740870073510016, 1.5908171599060834, 1.6552904814824165, -1.23461270063278, 2.525095931879582] 
[0.250418160986269, 0.25330480024154367, 0.2543058854999116, -0.2647866642931942, -2.732036859538164, -2.2273087731620573, 1.5702996598519563, 1.5742784798523355, 1.5906484801378689, 1.6556133522937309, -1.2342987342773366, 2.5248800612373103] 
[0.2504084667114106, 0.25329510596668525, 0.25431557977477004, -0.2647769700183358, -2.7320465538130225, -2.2273184674369157, 1.5703118460047516, 1.574288866944888, 1.5906389871515687, 1.6556038249997773, -1.2342884115145043, 2.5248921769759787] 
[0.2500299344436363, 0.25291657369891096, 0.25469411204254433, -0.26515550228611007, -2.732425086080797, -2.22769699970469, 1.57063273516862, 1.5740485801166437, 1.590899727774685, 1.6553429161513515, -1.2340459487118718, 2.5245705200554087] 
[0.2500057131670572, 0.25294079497549005, 0.2547183333191234, -0.265131281009531, -2.7324008648042177, -2.227721220981269, 1.5706639883453823, 1.5740779333546304, 1.5908896901666423, 1.6553739116353958, -1.2340066780004535, 2.524603948741509] 
[0.2499504702165125, 0.25288555202494534, 0.2547735762696681, -0.2651865239600757, -2.732345621853673, -2.227776463931814, 1.5707351596280772, 1.5741444296627438, 1.5908649945003432, 1.6554373867846106, -1.233946301674029, 2.524562862950617] 
[0.24990810836758603, 0.25284319017601886, 0.2548159381185946, -0.2651441621111492, -2.7323879837025995, -2.2278188257807403, 1.570770723659341, 1.5741160449496385, 1.5908882681128236, 1.6553846044347067, -1.2340146387598256, 2.5245044743388383] 
[0.24982115074132727, 0.2527562325497601, 0.25472898049233583, -0.265231119737408, -2.7323010260763407, -2.227905783406999, 1.570646966592988, 1.5739623627646586, 1.5907301390648705, 1.655235474449322, -1.2341217916290024, 2.524566302711447] 
[0.24978245477330452, 0.25271753658173735, 0.2547676764603586, -0.26526981570543073, -2.732262330108318, -2.227944479375022, 1.570597047872951, 1.5739154792770873, 1.5907461814061938, 1.6551859519441796, -1.234184543299555, 2.5245128860981954] 
[0.24978803938403393, 0.25272312119246676, 0.25476209184962917, -0.26527540031616015, -2.7322567454975886, -2.2279388947642924, 1.5706042518708825, 1.5739222452892865, 1.59074386620342, 1.6551930993517263, -1.234175486370453, 2.524520595608837] 
[0.24978798409888148, 0.2527230659073143, 0.2547620365644767, -0.2652754556013126, -2.732256800782741, -2.227938950049445, 1.57060417355756, 1.5739221490765378, 1.5907437715883121, 1.6551930281262777, -1.2341754591348457, 2.5245205467136183] 
[0.24948714090717905, 0.25302390909901673, 0.2544611933727743, -0.2649746124096102, -2.7325576439744435, -2.2276381068577424, 1.5703915741921515, 1.5742908358961183, 1.5912501599888664, 1.655698825555905, -1.2338072024790172, 2.5243061027520555] 
[0.24945673845286143, 0.25305431155333435, 0.2544915958270919, -0.2650050148639278, -2.732588046428761, -2.22766850931206, 1.5704140881248774, 1.5742578358063875, 1.5912161715744826, 1.655716518747166, -1.2338274785797132, 2.5243317528554226] 
[0.24963369029668447, 0.2532312633971574, 0.25466854767091496, -0.26518196670775085, -2.732764998272584, -2.227491557468237, 1.570562693083991, 1.5741392370657286, 1.5913134221488572, 1.6554960744581295, -1.234112847462815, 2.5240879183171554] 
[0.24967751102966806, 0.2531874426641738, 0.25462472693793137, -0.26513814597476726, -2.7327211775396005, -2.2275353782012206, 1.5705303356324662, 1.5741871664707998, 1.5913638508776922, 1.6554763076035772, -1.2340604917240667, 2.524144001395805] 
[0.2495350609783471, 0.25304499261285285, 0.25476717698925233, -0.2649956959234463, -2.7325787274882796, -2.2276778282525416, 1.570332455512616, 1.573955448917363, 1.5911853400716383, 1.6555543645892825, -1.2341566881787729, 2.5242639172489123] 
[0.24938045635525574, 0.2531995972359442, 0.2549217816123437, -0.26484109130035494, -2.732424122865188, -2.22752322362945, 1.5704466390480107, 1.5737863860638188, 1.5910074700253936, 1.6556241173227733, -1.2343414588703137, 2.5240660058438573] 
[0.248876965788829, 0.2526961066695175, 0.25441829104591696, -0.26534458186678167, -2.732927613431615, -2.228026714195877, 1.5710736610388585, 1.5743033956189445, 1.5904272519477036, 1.6547830197373068, -1.2352059515205478, 2.5233598543000455] 
[0.24885671094946238, 0.2527163615088841, 0.2543980362065503, -0.26532432702741504, -2.7329478682709816, -2.2280469690352436, 1.5710888009928796, 1.574281948943461, 1.5904067727953675, 1.654803453382785, -1.2351845058542936, 2.5233446236722696] 
[0.24891447156959634, 0.25277412212901806, 0.2544557968266843, -0.2652665664072811, -2.7330056288911155, -2.2281047296553775, 1.5711320878416315, 1.5742212553751962, 1.5903502533072242, 1.6548692678153514, -1.2350928561393164, 2.52342385532703] 
[0.24909459975751735, 0.2529542503169391, 0.2546359250146053, -0.26508643821936007, -2.7328255007031945, -2.2282848578432985, 1.5713642024925996, 1.5744392064484654, 1.5902754727089201, 1.6550998038667466, -1.234800826531926, 2.5236723951740205] 
[0.2495760094383761, 0.2534356599977978, 0.25415451533374656, -0.2646050285385013, -2.7323440910223358, -2.22780344816244, 1.5720283770016945, 1.5752049333978633, 1.590811391763498, 1.6545677544856185, -1.2355606312173975, 2.5230128672380756] 
[0.24967842745752966, 0.2535380780169514, 0.254052097314593, -0.26450261051934776, -2.732241673003182, -2.2279058661815934, 1.571956200340519, 1.5753314115817665, 1.5909870941766109, 1.6547530991731851, -1.235381278857735, 2.5231573561457825] 
[0.24968616259871146, 0.2535303428757696, 0.2540598324557748, -0.26451034566052956, -2.7322339378620004, -2.227913601322775, 1.571962775363107, 1.5753265614473504, 1.5909926724980654, 1.654748773448069, -1.2353722346539835, 2.523167213637781] 
[0.2501029955449403, 0.25311350992954074, 0.25447666540200364, -0.2649271786067584, -2.7326507708082293, -2.228330434269004, 1.5713836908754888, 1.5746482546417842, 1.5904699948930494, 1.6549775360746741, -1.2356536421713213, 2.5235180086136393] 
[0.2501160032645422, 0.25310050220993885, 0.25448967312160553, -0.2649141708871565, -2.732663778527831, -2.228343441988606, 1.5713929599627159, 1.574632652149941, 1.5904494858869416, 1.654961220798168, -1.2356471200385244, 2.5235065306270914] 
[0.25005917360903984, 0.2530436725544365, 0.2544328434661032, -0.26485734123165416, -2.7327206081833335, -2.2284002716441083, 1.571443058067369, 1.5746045607904564, 1.5905207515809014, 1.6550506314326665, -1.2355790889343214, 2.5234656571670113] 
[0.250220818939352, 0.25320531788474865, 0.254271198135791, -0.2650189865619663, -2.7328822535136457, -2.2285619169744204, 1.5716731677037212, 1.5748903277912938, 1.590814638540626, 1.6553276741805227, -1.2353800022170227, 2.5233507041951553] 
[0.25003928661598485, 0.2533868502081158, 0.25445273045915817, -0.26483745423859917, -2.7327007211902785, -2.2287434492977876, 1.5714407537321091, 1.5746780754813559, 1.5909210435079957, 1.6552201562798072, -1.2351693316186168, 2.523581635414069] 
[0.24963345916217738, 0.25379267766192326, 0.25485855791296563, -0.26524328169240663, -2.733106548644086, -2.229149276751595, 1.570917135595825, 1.5741863404042227, 1.5910891667505909, 1.654700928953638, -1.2358273037001115, 2.5230214154646484] 
[0.24958721403661022, 0.2537464325363561, 0.2549048030385328, -0.2652895268179738, -2.733152793769653, -2.229103031626028, 1.5709825574923293, 1.5742665326040386, 1.5911669051919892, 1.654754488548138, -1.2358745227741514, 2.5229640962161466] 
[0.24967669556112915, 0.25365695101183716, 0.25481532151401387, -0.26520004529345487, -2.733063312245134, -2.229013550101509, 1.5709074114385266, 1.5743264899193958, 1.5911178078855837, 1.654866022100364, -1.235730151062085, 2.523087430662061] 
[0.24965438988334077, 0.2536346453340488, 0.25483762719180225, -0.2651777396156665, -2.733041006567346, -2.2290358557792973, 1.5709268964971184, 1.574314697248613, 1.5911426790271055, 1.6548887019018035, -1.2357537038929585, 2.523059601574704] 
[0.24969999878725835, 0.2535890364301312, 0.25479201828788467, -0.26522334851958407, -2.7329953976634282, -2.229081464683215, 1.5708928450686093, 1.5743630216157611, 1.591188831664389, 1.654842727756636, -1.235801971185548, 2.5230938902653324] 
[0.24993948899008123, 0.2533495462273083, 0.2545525280850618, -0.2649838583167612, -2.733234887866251, -2.228841974480392, 1.5707155754214353, 1.5746231299516371, 1.591456727903733, 1.6547034863973602, -1.2356422839746504, 2.522891857476591] 
[0.2500015705870253, 0.2532874646303642, 0.2546146096820059, -0.2649217767198171, -2.7332969694631952, -2.228904056077336, 1.570629696965722, 1.57452374847713, 1.5913855197978868, 1.6547639775939094, -1.2355771012269268, 2.5228450534302227] 
[0.24997525065847048, 0.25331378455891906, 0.25464092961056073, -0.26494809664837193, -2.73332328939175, -2.2288777361487813, 1.5706484527389006, 1.57449216691116, 1.5913440086767645, 1.6547309580383902, -1.235563904114459, 2.5228218265012345] 
[0.2501413125957277, 0.25314772262166185, 0.25480699154781794, -0.26511415858562914, -2.7334893513290073, -2.2290437980860385, 1.570765411932075, 1.5742871325215855, 1.5910589693436277, 1.654430148205471, -1.235854822956523, 2.5225875890406173] 
[0.24996450325598252, 0.2529709132819167, 0.2549838008875631, -0.2652909679253743, -2.7336661606687525, -2.2288669887462933, 1.570615169126185, 1.5743979873982468, 1.5909314325880042, 1.6545288376058216, -1.236061430930269, 2.5223623724239634] 
[0.25022814574841723, 0.2532345557743514, 0.2547201583951284, -0.2650273254329396, -2.7334025181763177, -2.2286033462538586, 1.5709442321353206, 1.5746711458718168, 1.5906361422727078, 1.6541225394507435, -1.236375168985377, 2.522552557953849] 
[0.25004557403410166, 0.2530519840600358, 0.254902730109444, -0.26484475371862404, -2.7335850898906333, -2.228785917968174, 1.5712026966161132, 1.5749877251424187, 1.5909428512510273, 1.6543339569894604, -1.236561537132998, 2.5223263361406394] 
[0.25010461823909713, 0.2531110282650313, 0.2548436859044485, -0.2649037979236195, -2.733526045685638, -2.2287268737631787, 1.571252264473382, 1.5749481690927256, 1.5909752847332377, 1.6542604221112411, -1.2366567262581822, 2.522245000316391] 
[0.24987401006708287, 0.25288042009301703, 0.25507429407646276, -0.26513440609563377, -2.7332954375136236, -2.228957481935193, 1.5710797014520776, 1.5751904081163821, 1.591200934810878, 1.6539979144161303, -1.237022447636157, 2.5219287428459185] 
[0.2498590386791526, 0.25286544870508676, 0.2550593226885325, -0.2651194347077035, -2.7332804661256933, -2.2289425105472627, 1.5710908794089946, 1.575174563683254, 1.5911858046127423, 1.6540130061706009, -1.2370066026453963, 2.5219174850947126] 
[0.24948243226603628, 0.2532420551182031, 0.25468271627541617, -0.2654960411208198, -2.7336570725388096, -2.229319116960379, 1.5716109932639146, 1.5757739995651345, 1.5916049239141197, 1.6535968961993077, -1.2376009571230555, 2.521401575398628] 

Time 
30.881964921951294 
