Parameters 
 
[-0.5, -0.5, -0.5, -0.5, -0.5, -0.5, -0.5, -0.5, -0.5, -0.5, -0.5, -0.5, -0.5, -0.5] 
[-0.4858248294844667, -0.48205438951291657, -0.4991555916745391, -0.5027222076567884, -0.49731624567480637, -0.5108838253122168, -0.4608155941887977, -0.4781003862808722, -0.4543785623847375, -0.47378329371404626, -0.4556529138782699, -0.4748378812433443, -0.47811572725233953, -0.4713915800265481] 
[-0.4721451777621335, -0.4493685245653403, -0.49930927440761264, -0.48867988367776666, -0.4978556129185622, -0.5113197567232873, -0.4195217779736291, -0.43986199028911943, -0.4013360970833403, -0.4408868915531765, -0.39379284182197716, -0.42411219327306765, -0.44238713076669534, -0.4306002219677136] 
[-0.4666348326446388, -0.39759745004612496, -0.490496116717034, -0.47308663064363615, -0.4870056052675905, -0.4994816236971005, -0.3664347952808822, -0.4034932567102162, -0.34227926158115873, -0.41320911698589224, -0.3232799034925544, -0.36129151956587413, -0.3805866590463626, -0.36878874470183054] 
[-0.4918279630750941, -0.3169851177376919, -0.5296717667529487, -0.47558705742695073, -0.5594877127155219, -0.4511200414540861, -0.24396297215085674, -0.3976609278860597, -0.3010240781553472, -0.36498001393814905, -0.2312034832036275, -0.30195530978040125, -0.25563792025453336, -0.34512361289937316] 
[-0.5181895612349228, -0.27271331385112224, -0.5364276005446005, -0.4789808142358772, -0.5437917960149016, -0.43037824595489493, -0.1710335198476886, -0.33394435131736766, -0.23910732953178795, -0.3452510212118764, -0.17436382471388226, -0.2499753416215802, -0.21897818851965062, -0.31364086468747804] 
[-0.5295758123953761, -0.23742604310900126, -0.5312724181113917, -0.40978817858631933, -0.49723391868828276, -0.40606586588188776, -0.1393537591541866, -0.19973509988709728, -0.14317663915506962, -0.3800309797457064, -0.13235004620107205, -0.2102017408178316, -0.11522405207472078, -0.27211322331893406] 
[-0.5323937426302212, -0.20815712053272173, -0.5305238671315655, -0.3521578254692878, -0.4425068277616726, -0.36246040614205, -0.0935013809782034, -0.09403016152354046, -0.06249737260325383, -0.3993159893938887, -0.06527238051058924, -0.1657091996879828, -0.038235379959238425, -0.23325773847229261] 
[-0.532272058461885, -0.17401060430450144, -0.519300119360523, -0.3239094440502689, -0.40456274367696166, -0.30408915245777235, -0.03850545707824532, -0.017971968335940572, 0.00869407102138077, -0.39192954818397663, 0.021266355446858357, -0.11581334928480812, 0.028136811258605024, -0.2024872991125103] 
[-0.5246267842828553, -0.1803566009298333, -0.5141754016039531, -0.26785784511157384, -0.37233642723453875, -0.22063761629449596, -0.023648843460232, 0.0756138531977716, 0.09341007275874523, -0.4105595977123979, 0.07416351664878243, -0.10227386392479362, 0.09867449391604984, -0.17154445822938233] 
[-0.13815730297229878, -0.25189400980613286, -0.9680569625902002, -0.7744151541594675, -0.23442131571348757, -0.13831573129183972, 1.0656415343307943, 1.0240122137022054, -0.366704673568454, -0.9386942326636474, 0.8780804141323262, 0.05595975794484598, -0.20881320584067598, -0.39815350972053726] 
[-0.22355723542733041, -0.2491604100209584, -0.7319787404572404, -0.5677496249593116, -0.2607791981594069, -0.054964470176670166, 0.5636368919973368, 0.7528818878369342, -0.13245824771293907, -0.8665196503977535, 0.5111882037112938, 0.09837974675237354, 0.08251033632356214, -0.30901536040545163] 
[-0.23668766758804222, -0.2637392301840206, -0.6984285384561377, -0.46725981978240494, -0.23864935399647733, -0.0024434734583989454, 0.4704333893801337, 0.6907862049105492, -0.03809271165406844, -0.8681247295367147, 0.46202315879838923, 0.10086554673589992, 0.17637144147609418, -0.25605188068608703] 
[-0.24942891993228003, -0.2757804560506896, -0.6826630910401041, -0.39690737921980535, -0.21098845111254816, 0.04198199322329098, 0.42226161925062644, 0.6661985363245082, 0.03231991110125115, -0.857547392206026, 0.43516075151936645, 0.11444078776542355, 0.23092814416497315, -0.21638681635562662] 
[-0.27085095726971264, -0.2832626080976412, -0.7057436887678884, -0.3538974410101634, -0.18493174537368778, 0.07784604691136045, 0.41600423786062135, 0.6447303550108064, 0.08226210435527029, -0.8132860492562609, 0.41439041770475393, 0.12607386665694012, 0.26145058139303784, -0.20361166862871252] 
[-0.2906497079885343, -0.2954616820861376, -0.7303435906375316, -0.3115429034417377, -0.15625435098672277, 0.12192197663441437, 0.40506295422847627, 0.6200039733054564, 0.14877006465017856, -0.7781786053155307, 0.40138867111149457, 0.1451402873931622, 0.2823744971312461, -0.174681061731473] 
[-0.30144965652908057, -0.3137082213587987, -0.7274982978502008, -0.2649353879420515, -0.12934224956539875, 0.16407796824576248, 0.3863847098580375, 0.5947048033392555, 0.19549621351007468, -0.7357603526726926, 0.36357464814246904, 0.1704025154227456, 0.3019886929620516, -0.16310118971067655] 
[-0.302821534699492, -0.321236775536799, -0.722729528329739, -0.24372640958298317, -0.1069035133755521, 0.19222913070796838, 0.38096414424373687, 0.6061147525450846, 0.25649023213062394, -0.712417079876873, 0.3626405303919112, 0.1996298800838445, 0.30405625705304157, -0.14054158929744826] 
[-0.2928862454707576, -0.32806935793834324, -0.7167780162900712, -0.2291237595159962, -0.08776206705236972, 0.20778212032261198, 0.3890278992609679, 0.6238009762365769, 0.30393375117698557, -0.6879251853163026, 0.3626439450108932, 0.22273979168341418, 0.30309612754159887, -0.13330983965910131] 
[-0.2831974860283753, -0.3281220384189342, -0.7078084431252943, -0.21474687346732674, -0.07641096933746656, 0.21325882474389063, 0.38250193510214997, 0.627720743252815, 0.3407848995401832, -0.6584142732224659, 0.35662058680022474, 0.24030859253531012, 0.30319983195809624, -0.12199239344625434] 
[-0.26293271770231336, -0.326505383013493, -0.6987969056856171, -0.1977233242318009, -0.06295265335012706, 0.21910481622874525, 0.3706445727509402, 0.6252066857504923, 0.3707020139511579, -0.6142800650909076, 0.3397013261680127, 0.2480231552551764, 0.31213501748763134, -0.12505949563655863] 
[-0.24600942478452223, -0.3237911258030958, -0.6862002603246534, -0.18851837232522412, -0.0462004196579754, 0.22626415319734375, 0.35985850913041256, 0.6333060135681094, 0.3923572055341099, -0.5742606548488983, 0.33370837327049213, 0.24982866448286384, 0.3189448568511602, -0.1295678722608815] 
[-0.2301184889073703, -0.31944428531540514, -0.6735516413878471, -0.17896498953311613, -0.03168829725942325, 0.23297449494578606, 0.35032602826871506, 0.6397974396035057, 0.4109966745438997, -0.5362861645853849, 0.3303160851173675, 0.2507583005782387, 0.32526847727295466, -0.13221473523898208] 
[-0.2231958790709874, -0.3041494509284545, -0.6539682424124451, -0.17220821953649232, -0.024003297359648075, 0.2322647730561714, 0.31888947927380534, 0.6373866741303716, 0.41947231174159927, -0.4779144996739721, 0.3243696315995048, 0.2530186436893751, 0.32056776573180984, -0.12708342575548062] 
[-0.372635102159553, -0.09718845876966875, -0.5021607213848712, -0.13276432035027985, -0.20684671166921947, 0.21326866478127665, 0.02728824561261317, 0.5732235447865915, 0.1843614135502377, -0.18315562014355075, 0.20505195157745412, 0.24013713316621982, 0.2608728936394707, 0.0545722196527364] 
[-0.3584016773846953, -0.09701053846285863, -0.49414124643867985, -0.12575462842010626, -0.18225133471812624, 0.21233576443995225, 0.022027879056612763, 0.58402644867812, 0.21832787106846507, -0.15503699260530943, 0.20910555114813417, 0.24265676874947747, 0.26476110928237806, 0.06679279373989803] 
[-0.34245745237331515, -0.09233759196923609, -0.47849054106644273, -0.1288747325518342, -0.16970416020455387, 0.1912533496984365, 0.0013422684216044083, 0.5839248307068057, 0.23375261267581807, -0.11827053612804689, 0.214401673053462, 0.22794172629068754, 0.25925258865302697, 0.08122873981162528] 
[-0.32776891784851153, -0.08844710996735097, -0.4620186736187373, -0.13047272451419878, -0.15865949763591955, 0.17324565822738303, -0.01641843089501564, 0.5840289278203491, 0.2478658122517429, -0.08462582122668558, 0.21837845784948243, 0.21653834521533916, 0.25461286134256744, 0.09577164078196068] 
[-0.31418723114787156, -0.09058525328397549, -0.45148766018394665, -0.12666515111024465, -0.14808384808906633, 0.1617094444998107, -0.020679074214018454, 0.5840539757313801, 0.2673418690561228, -0.06280340709683763, 0.21871999745653364, 0.2117398900871292, 0.2578888729359209, 0.10462407617827295] 
[-0.30365813649038653, -0.09558743527494153, -0.43419940423417847, -0.12209301238095467, -0.14191397681690374, 0.15107750533103317, -0.02769035974823776, 0.5858771571116896, 0.28393657274289025, -0.03947756887437563, 0.22049175007194668, 0.20778056159274416, 0.25665514213427254, 0.11776454289198876] 
[-0.2915142536881344, -0.10289859687525585, -0.41609674465389507, -0.11630303334568418, -0.13212213387903166, 0.14149488913950548, -0.03731469695499105, 0.5912821242083869, 0.3038972789237746, -0.015844371875709366, 0.21518872608022052, 0.2087583005851663, 0.2572773746306758, 0.12976560011990776] 
[-0.2827193573303546, -0.0884832148388758, -0.4113718448977149, -0.11312249716932019, -0.12657946345869153, 0.1347690586835539, -0.03128856115843612, 0.5826687119473932, 0.3107021560754458, -0.006718479695287789, 0.23922049573666224, 0.20318481449845738, 0.2676124053939743, 0.1377000831350379] 
[-0.2718391303335112, -0.08392306748092224, -0.4015915667434972, -0.10853671277234281, -0.11874578442750863, 0.13032448249710418, -0.03066864917187189, 0.5786531405709117, 0.3235695976472182, 0.010609117687883165, 0.24525202346661537, 0.20508605957183942, 0.2733547199041754, 0.14369611224663376] 
[-0.2609857802816096, -0.08004471849414342, -0.39137730468249343, -0.10317880087064546, -0.11157477601161443, 0.12658330985449165, -0.028073675269794117, 0.5747006129967382, 0.3353126923484698, 0.026138954787665203, 0.25076747146849165, 0.2077988891261333, 0.279035775313357, 0.14910016455070618] 
[-0.24885166852643748, -0.08027391610822264, -0.37895782073172524, -0.09727534320456774, -0.10763130480820875, 0.12349810289128246, -0.019173859036875532, 0.5728774549344703, 0.343909383258173, 0.03756234206827251, 0.25488824800445675, 0.20754257642370125, 0.2857264331452201, 0.15297191424703957] 
[-0.23918352736483023, -0.07952610872021944, -0.36722229282044, -0.0906015841630295, -0.10204490061637106, 0.11955023530851483, 0.0010586430158384084, 0.5743956252937048, 0.3447684702248691, 0.04259506570690328, 0.2604557063969785, 0.21123737564270148, 0.2909157413436231, 0.15367505580286703] 
[-0.2273990240400203, -0.0785046650236657, -0.3550683233922972, -0.08494868472703015, -0.09646711127353363, 0.11709292247313717, 0.013396269933807376, 0.5741369855589847, 0.34994044459587287, 0.05186064123940426, 0.2633820128274105, 0.21447526820328702, 0.29647721150218, 0.15631223996062854] 
[-0.21460533353455002, -0.07729739033003927, -0.34231789906096277, -0.08020841979835173, -0.09077600453408353, 0.11545128214140843, 0.020979620283336924, 0.5733644762568462, 0.3568047263241955, 0.06389580008126028, 0.2640440424950547, 0.21824066394633707, 0.30197275719429323, 0.16012404047483733] 
[-0.20307463151289698, -0.07393696316223246, -0.33122997599084875, -0.07641751974197296, -0.0847126318859561, 0.1143886704934055, 0.027297885353548452, 0.5711567321382027, 0.36370674346175347, 0.07473723174527296, 0.26841044342326853, 0.22269609274936467, 0.30750961016837186, 0.16575696554098043] 
[-0.1779004975609756, -0.0750346759028081, -0.3084138196657808, -0.07789791395761879, -0.0943947811172535, 0.11496313077068171, -0.041456224088154886, 0.5546709456421279, 0.40934490236636434, 0.12469915797313161, 0.24103021569684557, 0.22934531890054125, 0.305965333505294, 0.20148598521176292] 
[-0.23815378883718885, -0.04272711993451692, -0.34328921949820557, -0.03945486158716826, -0.02440171977342699, 0.11639019780545919, 0.2817877551487842, 0.6232116605808614, 0.2501368881597039, -0.03822377109325842, 0.38574737410881, 0.24572168504990294, 0.35835225228742584, 0.0783379783110932] 
[-0.20728662213282462, -0.07111588547908118, -0.308523352237886, -0.03212128171722651, -0.030571816688548206, 0.11712547227667006, 0.2194597154753615, 0.6184492674510013, 0.3015040073687143, 0.021026367599824125, 0.319876085637544, 0.2556928686483868, 0.35780678554750345, 0.09521415588852386] 
[-0.1844903589882745, -0.07756457981839732, -0.2881492273075572, -0.030591748574284684, -0.033475802672485906, 0.11786248778610953, 0.17494577184813387, 0.6061931833937048, 0.33533168165816135, 0.061576811025556566, 0.29411546352073126, 0.26370014410770787, 0.3574048519498003, 0.11375861318828057] 
[-0.16717746765977926, -0.07448368847299924, -0.27418454158544453, -0.03050158035446048, -0.0338421690362273, 0.11860937299464894, 0.1463756498141215, 0.5936007571784973, 0.3573556473124136, 0.08895465490473507, 0.2880148541560454, 0.271263843199619, 0.35769614103069364, 0.13034026225532425] 
[-0.15326369156479472, -0.06681180737619809, -0.2704419403734997, -0.0302100545835463, -0.0321347866313617, 0.1192182151206371, 0.10935533706515893, 0.5768269063301634, 0.4026996172017817, 0.10508842295084286, 0.30068327893063934, 0.2734318701565864, 0.37142168871908254, 0.1654554557724579] 
[-0.14180075454715274, -0.045436574240166075, -0.2582066148475253, -0.02339110792275462, -0.019854255435074034, 0.12189756697753718, 0.10248421965587132, 0.5713130325363157, 0.4120871644091496, 0.1150055388544946, 0.30642296350980014, 0.2788817005974395, 0.39666323087044525, 0.17129883036997834] 
[-0.10582522445605674, -0.060402443710446035, -0.24525300899843203, -0.04375666554861619, -0.004995051591365636, 0.11867387399560575, 0.11215843550099604, 0.585152141840543, 0.38852595904339304, 0.1736801453160947, 0.2908718553501663, 0.2887085887808439, 0.34193147529795087, 0.1541596735525284] 
[-0.12286594179246098, -0.02157617911739791, -0.23492633768488186, -0.013890390278324644, -0.0012779034910514572, 0.12268277945880317, 0.09026130693104722, 0.5626145996495447, 0.43784907295820413, 0.13752326258517583, 0.3143921284629397, 0.2921018080064841, 0.42701458494552935, 0.19443728359488205] 
[-0.09227504548966817, -0.040289792447289696, -0.23073324489769342, -0.02958077890611713, 0.01491865309107434, 0.1326568809596343, 0.13247630406608707, 0.5879919293609781, 0.4066928805517638, 0.18228320877428003, 0.3111976654209406, 0.3128701338113311, 0.3821506897100681, 0.16528884396118576] 
[-0.04427994452922748, -0.055153939288403904, -0.22541980814160859, -0.03804152886962332, 0.04016049401559723, 0.13810872097894195, 0.1932833791590276, 0.5998821013564302, 0.3733629909690064, 0.22611451409818958, 0.3004513589649244, 0.32750416620583966, 0.35117559799697223, 0.10662257733463246] 
[-0.03899294962906445, 0.027535392377726432, -0.19885644434051009, -0.016726448629779705, 0.03402128377283857, 0.11475662978533163, 0.1379400479593405, 0.5444090744722824, 0.41815904545175886, 0.19553489548423256, 0.32850486810972, 0.29726087708124505, 0.4496297651101094, 0.14169142435426674] 
[0.0016317166044274717, -0.012933984651467521, -0.18750306547674145, -0.03101848902742014, 0.06341099967598138, 0.11475994027904947, 0.20185185479885287, 0.5903318624211071, 0.3821498875713058, 0.26592464492666756, 0.3070118539145766, 0.31905675275077666, 0.3944059079033566, 0.07617090160577983] 
[-0.03844961008946089, 0.026531602542392403, -0.19110876812029498, -0.012047811142923907, 0.03612154850872301, 0.11483287602569175, 0.17261196917333674, 0.5495295868355512, 0.4281543939552013, 0.20018152852135165, 0.35040159982482655, 0.32464585237726007, 0.4502599905526982, 0.15984068551875524] 
[-0.0035012870024230397, 0.0034356269188116836, -0.18076235228364568, -0.01704769899538499, 0.059307271883912924, 0.10870751683385683, 0.20997190124503481, 0.571887543874232, 0.4120401842677044, 0.2504666660468392, 0.3380814360286481, 0.33424123932852623, 0.4229223206458061, 0.11737222506204059] 
[0.008370917066720726, 0.03999222610421345, -0.16938569776991294, -0.010231733488735021, 0.064286727949456, 0.09306855807889605, 0.2044587951869866, 0.5368619311104189, 0.42411142754771436, 0.23726774096914868, 0.35144713020720625, 0.3280885957503164, 0.46209255187189124, 0.129972103005272] 
[0.013322412207895946, 0.006849388381461971, -0.1628671855439569, -0.0147352369300414, 0.07441424601335993, 0.09572413422318886, 0.23538404303489657, 0.5750087238795238, 0.41740420988444543, 0.2800272414523077, 0.3496301305552353, 0.3453368098400505, 0.42470299185390137, 0.11403290419740339] 
[0.005914702482534321, 0.02755308885308305, -0.15994054405427827, -0.004962407001322274, 0.07633523159726836, 0.10460931278613166, 0.24165672478946393, 0.5646022597140767, 0.4429350829838469, 0.25668057284059137, 0.3755091544192005, 0.3538659606895269, 0.4584675151762105, 0.14056724964295605] 
[0.024484253667896166, 0.020774113784929285, -0.14847075627340725, -0.005890425999777363, 0.08843937666977232, 0.0992455214906875, 0.26062645055517836, 0.5739333159623314, 0.43868705295724875, 0.28484016078268526, 0.3733183618280172, 0.3602329681556741, 0.4491686640986741, 0.12098886987909778] 
[0.02955842302632288, 0.02174990575781371, -0.14525374890785805, -0.0011609832965794433, 0.09288642690337687, 0.10436047282263734, 0.2775561238461932, 0.5741864715321985, 0.44769730392847373, 0.2877792532480776, 0.385354167923681, 0.368917562150399, 0.4553422102661415, 0.12434781787621954] 
[0.03775474767598509, 0.025478921628808472, -0.1375991985329567, 0.0024680692871898854, 0.09823586640080555, 0.10528511608571599, 0.2888267165786073, 0.5726741024530522, 0.45117968027134986, 0.2977125036384675, 0.39154653231019815, 0.37441904833875717, 0.4609928764136417, 0.12246941429948574] 
[0.04529474317293842, 0.028050913431960665, -0.13037790777680974, 0.006061204250382051, 0.10249798122739844, 0.106485912990089, 0.3002468884116674, 0.5715695970168533, 0.45474425869215984, 0.30687106147125065, 0.39777917505246774, 0.3803421401235119, 0.4654865899131678, 0.12070657731742854] 
[0.051231753093552046, 0.033344507672958976, -0.12127578151118797, 0.009076774405447557, 0.10832587981057082, 0.10722809968650542, 0.30833638706178707, 0.5708414759712979, 0.4577838632450882, 0.31703353920698246, 0.4036786690589449, 0.3849839358763203, 0.4722680620908131, 0.11986198930862077] 
[0.056364179842262364, 0.034839852568760696, -0.11494597986469493, 0.012448253134617532, 0.11203324725949416, 0.10943282860123207, 0.32025634554982907, 0.5705046362072824, 0.46260549487404407, 0.3239640464300989, 0.4117151027909312, 0.3915672818040034, 0.4766244244931826, 0.11999450183623589] 
[0.06258923606874361, 0.03599720573133311, -0.10744315444540278, 0.015596984984544425, 0.11520835056206166, 0.11064655334631501, 0.33051869287362495, 0.5697000193073838, 0.465596461430238, 0.33309399205712825, 0.4175802893378316, 0.39731176305601595, 0.4793897140875134, 0.11817920226488016] 
[0.06792589837315198, 0.03771178898355549, -0.09953273391912329, 0.01898379335949178, 0.11788850067362269, 0.11184141311098005, 0.34019003532867936, 0.5688836273608419, 0.4682869395308025, 0.3419334321612701, 0.4225267102020722, 0.4031069801112481, 0.48274419433898, 0.1159266282145052] 
[0.07195809725043176, 0.040533079364840005, -0.09101420015348323, 0.021998508959943423, 0.12083801354346443, 0.11341567874686448, 0.3482009289127004, 0.5689570676952207, 0.4704719625702431, 0.3510599629669872, 0.427056380534005, 0.4086424824657563, 0.4868326669516024, 0.11398562016139868] 
[0.07722519012729642, 0.05347799874207321, -0.07596914724640143, 0.025215793040171408, 0.12289929961712664, 0.1107144920508771, 0.34549039913909263, 0.5620498164576101, 0.46522244562722775, 0.364894989203167, 0.42690980078589824, 0.40796288516096385, 0.4955221636579709, 0.11000956127174692] 
[0.08063903168017134, 0.045538283262344215, -0.07701918143700075, 0.02785377686087788, 0.12175480077848685, 0.11428402457472099, 0.36248626151843844, 0.5662148213081548, 0.47538621919316615, 0.3644753979904776, 0.43450399190884054, 0.41978407474135637, 0.49499568179048115, 0.1117086865365874] 
[0.08471954272295074, 0.05773493290078546, -0.06293469774829412, 0.03160455892029438, 0.12278008960700783, 0.11283052560714948, 0.35845332403838437, 0.558866736362663, 0.47038902240202796, 0.37689416800109127, 0.43407015839427515, 0.4198461788757106, 0.503072213736774, 0.10880779235546335] 
[0.08843390277080602, 0.04763412514943118, -0.06601592920985179, 0.034091547414598716, 0.12203952041200998, 0.1169304058217956, 0.37876382334649866, 0.565447582581646, 0.48164718813104046, 0.3753157603948169, 0.4414957243333863, 0.4333252374250712, 0.501394168115436, 0.10935734875525496] 
[0.09059873264423701, 0.06287783799414141, -0.049379636730628396, 0.037261979968744925, 0.12356889772145539, 0.11456550947599614, 0.36892693087303785, 0.5572372280251846, 0.4747092005760628, 0.38953558211323774, 0.44012842856893736, 0.43062833928587196, 0.5106466938803172, 0.10746453069788212] 
[0.09655942658691118, -0.007665990101666437, -0.09431028481257704, 0.040158260313924964, 0.10329794986829088, 0.11411851247953146, 0.4587646174359585, 0.5945960068736809, 0.5286998228914737, 0.3503524780140491, 0.4631941225638205, 0.47116993059245804, 0.473024779860911, 0.10984892969968503] 
[0.10564917520213105, 0.11317979088195619, 0.0046050411041112516, 0.04394520454981082, 0.1313120528700135, 0.09244482451225511, 0.33031746554952285, 0.5282513301957257, 0.43632909262424024, 0.4465682451249849, 0.4104666950585306, 0.40125898546140143, 0.5347937431226777, 0.07489424496789679] 
[0.08951694466327892, -0.021995736237521893, -0.10317329531845114, 0.044315351458064124, 0.10445103228308723, 0.14862159380661022, 0.483453792969534, 0.6177523729247583, 0.5537748388091164, 0.3322664640271134, 0.4907805955436546, 0.5061995948417974, 0.47635788773437493, 0.1303489276271224] 
[0.16161662003487376, 0.013649894461119638, -0.03570949194979063, 0.05406475499052236, 0.08308711333417826, 0.049314392618572775, 0.46036668930556396, 0.5410922834289097, 0.47121735901406825, 0.4356038608331333, 0.38771640349943826, 0.4415407717148898, 0.44807387632706414, 0.012677679756547225] 
[0.15297596580503744, 0.02103610864986094, -0.03724891495501868, 0.05650047439665511, 0.0919117925629889, 0.06267171898189325, 0.45561118541195933, 0.5514815361871832, 0.4863724479535268, 0.4250667426605454, 0.42282635079846526, 0.4439881881801642, 0.4677997362448487, 0.036978655093736365] 
[0.14752663790763276, 0.02907703067058827, -0.036424738603249865, 0.060802030575545854, 0.10081113220401962, 0.07674519079274691, 0.44967252159265286, 0.5553178204161182, 0.4961232380794587, 0.41817349401821186, 0.45113353622084784, 0.4472504625448659, 0.48320065148850977, 0.05719550199557055] 
[0.14483558726300438, 0.03101870856737712, -0.04005779763729909, 0.06989778633037332, 0.10135114052368988, 0.10675704978119412, 0.444763786014643, 0.5474996016511734, 0.5007990783829945, 0.4050319858955839, 0.48403548907180566, 0.4644233037982028, 0.4915352432462777, 0.0847065556195621] 
[0.1441475283101353, 0.03734135626473132, -0.030418919659004867, 0.06923752595409362, 0.10845325998899151, 0.10559225359361256, 0.4432753493301686, 0.548773954419783, 0.500843749858675, 0.4145398685977502, 0.48202025331438564, 0.4666283286037263, 0.49762295374170634, 0.08210856052303704] 
[0.1431900893945195, 0.039300657823994306, -0.027760249776786736, 0.07389023494531256, 0.10993322978282184, 0.11995899416458988, 0.44192852468019195, 0.547705882883571, 0.5040559334262247, 0.41313546019492153, 0.49475028147486466, 0.47817882394407296, 0.5033498215391288, 0.09331039609399051] 
[0.14095603392408249, 0.047613183679845496, -0.0189843304995962, 0.07143314851770018, 0.11853012567218194, 0.11698571965641685, 0.43427365007397295, 0.5533022530993187, 0.5060302448538119, 0.42502550972955877, 0.4984034547365491, 0.4770069372919254, 0.5100136647726289, 0.09848230764434236] 
[0.1396743063876759, 0.05252333429040152, -0.011929763706143449, 0.0716828162297548, 0.1230586094964674, 0.11807320973497039, 0.42948010214749743, 0.5554437836237341, 0.5081259796619252, 0.43264455807095925, 0.5010878351467022, 0.4802321695682757, 0.5147345357425424, 0.10302403608833502] 
[0.13861995587314474, 0.05641219640299655, -0.005762232522292178, 0.07259916042598533, 0.12628896492473607, 0.11994351061076977, 0.4247099032284597, 0.556652650967556, 0.510647547108969, 0.4391210841235549, 0.5042482462099038, 0.48398052552491205, 0.5187050833632095, 0.10860007089047256] 
[0.13753412942161145, 0.0594096157162274, -0.0003884812002292095, 0.0741472732594506, 0.12844267957901298, 0.12252013792667438, 0.4201451355009681, 0.5571393985800485, 0.5132295872278971, 0.4443392766108076, 0.5078328066354575, 0.48852625038607445, 0.5219607106056824, 0.11502538880605] 
[0.13602774949422097, 0.061544381353619004, 0.004915155399832881, 0.07523666374768265, 0.1296814328930031, 0.12321684621751416, 0.41818352599282727, 0.5581325416390683, 0.5149766868937915, 0.44995701137969407, 0.5086401602935929, 0.49252671597466535, 0.5242047328397035, 0.117594181879168] 
[0.13465483126525607, 0.06338857771043897, 0.009608984494320096, 0.07673825437663193, 0.1304501652682083, 0.12451693163218686, 0.4161000909321823, 0.5588843304094322, 0.5170278816296547, 0.45461105390101325, 0.5108942252361282, 0.49670059165791336, 0.5261348251291944, 0.12139883925595354] 
[0.1332302979962359, 0.0651942969320771, 0.014224984954901997, 0.07817812592159556, 0.13099907621374712, 0.125487133016216, 0.4137731105981657, 0.5594573463185029, 0.5190466697975815, 0.4590678669276081, 0.5133577025279747, 0.5004613367684706, 0.5279665629385597, 0.12539493311204467] 
[0.1318368236701442, 0.06688398068529133, 0.018644381791211098, 0.07955513940579167, 0.13138779963207278, 0.12624624990555855, 0.41156626256510215, 0.5601100987873517, 0.5210473054584736, 0.46340447593121603, 0.5158549910339062, 0.5040438894132626, 0.5295793807376317, 0.1292772619027737] 
[0.1287459317698905, 0.06921377175143614, 0.022243282451129054, 0.08502745055433183, 0.13196932671041542, 0.1314793862349255, 0.3997189069370387, 0.5536283411029914, 0.5232155970256701, 0.46519484298456126, 0.5275185970547658, 0.5078883656422237, 0.5311584525235286, 0.14732975246591037] 
[0.12701718321292618, 0.07146098021436784, 0.027017539467302912, 0.08611990306519936, 0.13225270285900367, 0.1312487512608185, 0.39591145833459895, 0.553163963496536, 0.524186915745628, 0.4700941730647323, 0.528227060539237, 0.5111369997892721, 0.5327808883469475, 0.1508879512054844] 
[0.12568187809490824, 0.07322132460167989, 0.03140282324808924, 0.08729054805401903, 0.13243435537996748, 0.1313698841735195, 0.39339690386473786, 0.5531123568769695, 0.5253833594762762, 0.4744578498593551, 0.5289751814642966, 0.5147371609116361, 0.5342735267882271, 0.15368472232020214] 
[0.12413403545609947, 0.07484942514994941, 0.035106479142990185, 0.08893685852347276, 0.1326208650106094, 0.1321853073223343, 0.38993191966330665, 0.5537284730418838, 0.527480656255531, 0.4783087886230005, 0.5326686393975185, 0.5176025620998894, 0.5356358360788692, 0.15910155224125377] 
[0.12313455524264375, 0.07644680670827489, 0.039387485305169445, 0.09015662909535557, 0.1320797335736277, 0.13180816417699853, 0.38786154969111036, 0.553094577334189, 0.5282701409819571, 0.4823816423196571, 0.5324978303956834, 0.5208522134490655, 0.536620680943017, 0.160730896165878] 
[0.12187433658629779, 0.07804428083457418, 0.04338454136948236, 0.09138628524890381, 0.13144085952986242, 0.13129807787801945, 0.38542267640758754, 0.5526133694461054, 0.5292281295432875, 0.48612608787435824, 0.5332555190312759, 0.5235614168565238, 0.5374512231251632, 0.16313994150645295] 
[0.1203388453440162, 0.07962593655486004, 0.04699827267603775, 0.09293547449227899, 0.13068737861542143, 0.13116876346537001, 0.38177241095913766, 0.5516475020991529, 0.5303335090362385, 0.48957399493818177, 0.5354834753943658, 0.5258894456770029, 0.5379176396775669, 0.16726014156544425] 
[0.11726157837395809, 0.08007691929225402, 0.04943185937391893, 0.09749333147161743, 0.12773682331309533, 0.1342955679271088, 0.37166417340468466, 0.545694783882905, 0.5313372153401, 0.49113783502491654, 0.5436824064840771, 0.5278709306263449, 0.5358801225923139, 0.18122345696609263] 
[0.12720650929642024, 0.08958790894347358, 0.05705946291804575, 0.08056725821413033, 0.1411202603211151, 0.11469010307695943, 0.4083881339491001, 0.5811672862575831, 0.5381307472193326, 0.508531691312664, 0.5088025341574713, 0.5285049432332699, 0.553529230763443, 0.12554467359360788] 
[0.1019660373877643, 0.07319175258399202, 0.04913795137555684, 0.11755261151658722, 0.11271979324429683, 0.15121605954768103, 0.3282584889565432, 0.5113365006844373, 0.5305511638741882, 0.484582471335105, 0.5858464641457423, 0.5315516332104774, 0.5194154172165968, 0.2478523594510651] 
[0.1063887997561582, 0.08562365847154858, 0.05867429048250176, 0.10651614667341233, 0.12535270316799008, 0.14016742525804599, 0.3354056632046002, 0.5297621272359843, 0.5313685933701764, 0.5049090653449196, 0.5650950332986093, 0.5286005367851694, 0.5322083355334142, 0.22199107022117612] 
[0.10803791197641809, 0.09076760743538734, 0.06280099247245192, 0.10292535710276206, 0.12946631898075872, 0.1359868269975375, 0.33781692544169767, 0.5381474695399303, 0.5337080404434241, 0.5135254520480477, 0.5584972551808637, 0.5295950021632395, 0.5370785645830709, 0.214238389568258] 
[0.10855716808615169, 0.09357560588244417, 0.06573441909825198, 0.1014160884130287, 0.13111680178661553, 0.13285856538021007, 0.33924570178067986, 0.5436696684263638, 0.5364081829532991, 0.5188473929119116, 0.5555663637312727, 0.5314927305907668, 0.5398771716782638, 0.21107880803569515] 
[0.10890261547040993, 0.09459335972097929, 0.06794976538315421, 0.10166198177020436, 0.13044225581423563, 0.13152411857052726, 0.34008721963413513, 0.5458856740843749, 0.5384217934344272, 0.5216049398302137, 0.5544027009047834, 0.5346408905485331, 0.5405971525393338, 0.21041343408691413] 
[0.10922655080470117, 0.0952045998081273, 0.06996919962782208, 0.10241777150533082, 0.12924756269882157, 0.13086332134723683, 0.3408161083579631, 0.5471334803865106, 0.5400809236394847, 0.5238148009778296, 0.5537322031069033, 0.5378146533835059, 0.540781840031099, 0.21016592252105584] 
[0.10935366709909315, 0.09569792139985979, 0.07195784313526842, 0.1033474891240983, 0.1282096897728158, 0.1303375003449143, 0.34126333102399614, 0.5479087137448977, 0.5417156541784676, 0.525666323356876, 0.5536058692198218, 0.5408659555716321, 0.5411773269081244, 0.21052891137949023] 
[0.10964000653635071, 0.09648143724954335, 0.07402825248133922, 0.10404587644851085, 0.12776608555649624, 0.1297216184228461, 0.3413099161119915, 0.5487048969220184, 0.5434163211672205, 0.5279221082534468, 0.553545909298126, 0.5433190880823693, 0.5419965749686663, 0.21087856048157544] 
[0.10991297960484689, 0.09738123117382337, 0.07603206911684383, 0.1046897577819443, 0.12756297907088854, 0.1290818858844987, 0.3413582480339523, 0.5496366255345394, 0.545148551157811, 0.5301380233020679, 0.5537435592917526, 0.5455122796539178, 0.5429811170295077, 0.2112699408308443] 
[0.1103876429829447, 0.09862365586065319, 0.07807693844728876, 0.10528452774039324, 0.12825739980127027, 0.1287507440535433, 0.3402357704411628, 0.5498442174939518, 0.5469397333461266, 0.5329906510676128, 0.5537451149988346, 0.5474625204472984, 0.5447668996330072, 0.21242608109350716] 
[0.11046965458636909, 0.0991487549127423, 0.07978547741819622, 0.10614984534750221, 0.12764419857706924, 0.12837364523084208, 0.340517722420323, 0.5505451088844752, 0.5485378563265919, 0.5345694739320136, 0.5544395084751516, 0.5497945632111254, 0.5453616529721935, 0.213150236248489] 
[0.11070351923531777, 0.09997698907971826, 0.0815428232915223, 0.10682279725815795, 0.12767286038458794, 0.12801975088844308, 0.3402961795304852, 0.5511523876269563, 0.5501383722823163, 0.5366329125039057, 0.5549761284035631, 0.5517602444894183, 0.5464049235554773, 0.2139281933451785] 
[0.11059301744636033, 0.0991801857448837, 0.08260810140481041, 0.10835007301387763, 0.1233852321163286, 0.12786524893255885, 0.34365722027340334, 0.5526213265239849, 0.5509330102958988, 0.5357544853973502, 0.5564408467222312, 0.555299240306728, 0.5433887013313013, 0.2125888399207342] 
[0.11237330969789162, 0.10650796115385841, 0.08718212988835974, 0.1058089379799579, 0.14463011578511353, 0.12993460983538263, 0.32258035207149854, 0.547351071192413, 0.5572874271849756, 0.5507301705069502, 0.5537395788853918, 0.5508127693179445, 0.5633548718823055, 0.22721857330724465] 
[0.11076242407548242, 0.09558061019160094, 0.08229683578513114, 0.1136831677489369, 0.1029247803970022, 0.12690476476992985, 0.3625726236744932, 0.561289926625736, 0.550101591098842, 0.5283725501806442, 0.5611394283626266, 0.5666346797180645, 0.5244334867646666, 0.19867906885317757] 
[0.11307213845696354, 0.1078554657975509, 0.0909119576914041, 0.10643760574484665, 0.14549912522905634, 0.1285095206300019, 0.32354936683081065, 0.548468073537322, 0.559436723359054, 0.5551468976055733, 0.5542822278061347, 0.5529913052795506, 0.5654246593111231, 0.2271855355906963] 
[0.11149998373608652, 0.1004742553845015, 0.08691927446476647, 0.11290180190362553, 0.11519775640648787, 0.1266418439388897, 0.35165470707544244, 0.5577578456189612, 0.5555101291950392, 0.5381993334983761, 0.5613845769646484, 0.5650486481009295, 0.5387949524354522, 0.20899821568590085] 
[0.11140098261513773, 0.10351792971661013, 0.08953172338230683, 0.11049050166223191, 0.12648111429390593, 0.12557058617474814, 0.3428014384214792, 0.5560064767214795, 0.5584927162421424, 0.5465488138298347, 0.5601275922652749, 0.5615489265786373, 0.5493962072923635, 0.21620131726488132] 
[0.11182318337609148, 0.10416245810831899, 0.09092517819724977, 0.11101170161109057, 0.12660366446976642, 0.12560638091846096, 0.34180395930884794, 0.5553927655996912, 0.55987334053052, 0.548570109317365, 0.5610112420924751, 0.5625702697010905, 0.5506557073444247, 0.21782983890287347] 
[0.1120249010506952, 0.10451062765224306, 0.091939397452979, 0.1116590520459217, 0.12558987968646107, 0.12505625215409238, 0.34315181461697886, 0.55632357081367, 0.5609286262666558, 0.5496213504554109, 0.5625124832835884, 0.5637767146336411, 0.5506908920228417, 0.21761712557915766] 
[0.11257497452188585, 0.10577905893663353, 0.09360506173539532, 0.1115685117226345, 0.12834156858652207, 0.125258832052595, 0.33987518779889464, 0.5550255230247652, 0.5623842342377006, 0.5531694244242347, 0.5627690798169446, 0.5637234743309756, 0.5538328787387795, 0.22069150509346697] 
[0.11115125626346353, 0.10420632212290795, 0.09266676828623818, 0.11287986260898374, 0.12129165948956884, 0.12135024008291614, 0.3523136744462692, 0.5625455797008753, 0.5624365086164591, 0.5488528536762051, 0.5670149610776698, 0.5672572522019464, 0.5481777142855413, 0.21274872598019656] 
[0.11630579044964938, 0.10894530530542605, 0.09708170358833146, 0.11278935412243812, 0.13877565848187845, 0.13186218500913133, 0.3228982429212318, 0.5451709205201485, 0.5655789091727333, 0.5621783069164684, 0.5622791969869889, 0.5630912253657284, 0.5643258592215291, 0.23388415625009465] 
[0.11159751874144454, 0.10005561699547925, 0.08974358013469183, 0.11810349884227625, 0.10518354990991402, 0.12055591809389637, 0.3601833191832877, 0.5620830364415214, 0.561844873461333, 0.5424790592128441, 0.5705137443705108, 0.5779773217981201, 0.5354571407610422, 0.21010587073762277] 
[0.11698215828029648, 0.11057366604507927, 0.09859312725587872, 0.1129535225714037, 0.1424921724590793, 0.13047306731152367, 0.3148200067257767, 0.5415653310164563, 0.5675887089751014, 0.5683784370471205, 0.5606747265861185, 0.5636343306015353, 0.567959659876197, 0.2403295197488595] 
[0.11115863727835484, 0.1048858049322187, 0.0947241329838442, 0.1151719359437071, 0.11633538798518804, 0.1187582178079764, 0.35772705838562713, 0.5665447804107143, 0.5653634818671406, 0.5514686227996403, 0.5722220288251209, 0.5730796752204996, 0.5460533743279633, 0.21182619333925828] 
[0.11372151516350436, 0.10709919601480054, 0.09747183477613126, 0.11524340488769678, 0.1250136077588641, 0.12403390033304094, 0.3407655418097537, 0.5561720986889496, 0.5665792779892048, 0.5588307623200385, 0.569006349502915, 0.5714372577419371, 0.5538496683771009, 0.2236852599452544] 
[0.11224229955999876, 0.10777793554885896, 0.0987481133615649, 0.11413664780116327, 0.12427124874891025, 0.12074936808037397, 0.3491593859959432, 0.5631851028338094, 0.5672771746142156, 0.5592074384663961, 0.5719582541013105, 0.5712843845683944, 0.5533100655509562, 0.2175692030211701] 
[0.11662023709954353, 0.1088810489847384, 0.0995773405208336, 0.11590360844769393, 0.13011462563014872, 0.12818098372726325, 0.32882663955416447, 0.5496390807201641, 0.5678722894974483, 0.5650954635309642, 0.5680975666175541, 0.5722438323830488, 0.5585159899748922, 0.23239772534225567] 
[0.11490700205493998, 0.10839931354042272, 0.10007882284351503, 0.11588358462299955, 0.12543701197829468, 0.1249390153624143, 0.34031333023764115, 0.5580959280742246, 0.5685223936087628, 0.5627840514505231, 0.5721627641107248, 0.5729019969680743, 0.5546761951953352, 0.2241667011860683] 
[0.1148879650331125, 0.10868392964532311, 0.10087577964737447, 0.11622814169014543, 0.12485158716165826, 0.12444504971273887, 0.3419230131901239, 0.5594637035297699, 0.5692237985113938, 0.5634125675640536, 0.5736575550184265, 0.5734980973276331, 0.5545568567019462, 0.22331489293637344] 
[0.11509843321255878, 0.10905655411458566, 0.10169084271859, 0.11662000179979402, 0.1247834541436998, 0.124345783734396, 0.3421888180714002, 0.5598662420995819, 0.5699019252572166, 0.5644018221832492, 0.5747526815659189, 0.5741083653545963, 0.5548692521382087, 0.2234339763502656] 
[0.11535290216260127, 0.10945731061057855, 0.10249698753279218, 0.11698371393298652, 0.124863783098002, 0.12433685039911137, 0.34210191438989185, 0.5600545170603869, 0.5705512142013576, 0.5654729604937391, 0.5756981119935641, 0.5746967268096133, 0.5552632220451251, 0.22375980658055605] 
[0.11558953912130675, 0.10984099111760928, 0.10328076254096782, 0.1173282147768472, 0.12490673167820669, 0.12432410595998948, 0.34211471310482067, 0.560308639048452, 0.5711766826134368, 0.5664951793138895, 0.5766387639016389, 0.5752937108394774, 0.5555811835071791, 0.22398638734059828] 
[0.11594448914950856, 0.11027743862886193, 0.1040140748527994, 0.11774469475876345, 0.1250520522968888, 0.12452326115047824, 0.3415728768641635, 0.560215162353193, 0.5718750381159238, 0.5675620254167519, 0.5774240777117117, 0.5759058544944987, 0.5560902943230159, 0.22468286568979975] 
[0.11623923956533569, 0.11067309275514389, 0.10471720365873631, 0.11810096114599944, 0.12508781805814786, 0.1246191628847419, 0.34135327675993427, 0.5603916951829748, 0.5725382483579792, 0.5685354552506279, 0.578241682550194, 0.576495742425511, 0.5564241149436358, 0.22507669913922523] 
[0.1165067302444381, 0.11104736065352103, 0.10540121162672997, 0.11843806280440457, 0.12502207070522986, 0.124721564117563, 0.3412365587916089, 0.5606025797055453, 0.5731458996302178, 0.5694232703127997, 0.5790550299200825, 0.5771142096170387, 0.5566154314557719, 0.22532951366648551] 
[0.11671017541977276, 0.11137868241070135, 0.10615646830210454, 0.11865796295441412, 0.12478682402813987, 0.12467365384676239, 0.3416037446216403, 0.5612004327983424, 0.5737741450088474, 0.5702032364432387, 0.5798991833635945, 0.5776561308600717, 0.5565708687589398, 0.2249957511541839] 
[0.11694013627275714, 0.11172419305665746, 0.10687900330417119, 0.11891774415434758, 0.12467906884130422, 0.12471325284628468, 0.3417330732229409, 0.5615980606848412, 0.5743941688115342, 0.5710329062818023, 0.580694062177419, 0.5782024581698568, 0.5566471556661348, 0.22491003323969733] 
[0.11726313290577542, 0.11209044964231182, 0.10759936075117335, 0.11922353585096715, 0.12484097388721647, 0.12487876551218159, 0.34126922201951726, 0.5616845692626119, 0.5750627022087006, 0.57205888124756, 0.5813289932181003, 0.5787379663379042, 0.5570171855765458, 0.2253847770195451] 
[0.11749635848043544, 0.11240934512985322, 0.10831217685798117, 0.11946723140444665, 0.12482240476277726, 0.12495985752394691, 0.34120973799901644, 0.5620114492864486, 0.5756834075683317, 0.572955513878943, 0.582005523643531, 0.579245721287941, 0.5571484897315875, 0.22545406803197138] 
[0.1176395810763404, 0.1127181279469794, 0.10902593759029876, 0.11962199659572742, 0.1246211414935054, 0.12492149427634434, 0.3416681410342533, 0.562657930565864, 0.5762867293565644, 0.573709232152459, 0.5828115054515111, 0.5797074885497734, 0.5570652142221595, 0.2249794704728341] 
[0.11784862376567919, 0.11303802845924807, 0.10970461086814345, 0.11988560431297453, 0.12464374990004773, 0.12501065625058091, 0.3416013136231251, 0.5628964152038867, 0.576870917708091, 0.5745822913818918, 0.583498648723786, 0.5802064475616967, 0.5572286209278767, 0.22507923058384044] 
[0.1180488014831764, 0.11336199153718765, 0.11034743698377125, 0.1201495564327755, 0.12467456249063091, 0.1251076064257791, 0.3415178891183962, 0.5631196732400895, 0.5774378642925534, 0.5754303267368721, 0.5841715500563459, 0.580715921355145, 0.5573907816572504, 0.22521019884089022] 
[0.11826962655008944, 0.1137052067666463, 0.11111464640330805, 0.12034724054034696, 0.12514758675953108, 0.12520108004351915, 0.3408737733731113, 0.563025230004317, 0.5778805022853165, 0.5766014074789686, 0.5847779179787294, 0.5810365335424844, 0.557782296085616, 0.22565981646565425] 
[0.1184090408919117, 0.11399752820423344, 0.11175720093154543, 0.12052574281724479, 0.12523284910137086, 0.1252255661980258, 0.3408370345701137, 0.5633009465185032, 0.5783460566018013, 0.5774663114918934, 0.5854579883815039, 0.58147525073184, 0.5578409317906717, 0.2256482730390969] 
[0.11848964001120982, 0.11424987177770173, 0.11232194498729971, 0.12065065284727577, 0.12508138264846555, 0.1251985312009379, 0.34126198159883364, 0.5638754521535319, 0.5788429123951835, 0.5781528721007128, 0.5861574694477499, 0.5819761316115483, 0.557684182356301, 0.22524359182618742] 
[0.11862398089532648, 0.11451844760627507, 0.11291371875421309, 0.12084657298101803, 0.1251777085889872, 0.12525414221792666, 0.3411946464417424, 0.5640717461451378, 0.5792964288040373, 0.578988677635696, 0.5867896636254889, 0.5824278610936419, 0.5577488923846177, 0.2252876434749498] 
[0.11873992475450613, 0.11477858644789421, 0.11346387488645437, 0.12102992678063706, 0.12518751969973138, 0.1253016430890765, 0.34129429135851413, 0.5643634760015418, 0.5797338227345563, 0.5797324053510848, 0.5874190920201049, 0.5829117592495318, 0.5577145972332406, 0.22521037605853833] 
[0.11886599660062794, 0.11503254398200492, 0.11400781831368689, 0.12117243429388123, 0.12518785923839654, 0.12532360853468766, 0.3414827176502024, 0.5647114665221982, 0.580150784828916, 0.5804598916730996, 0.588009235030125, 0.5833757049498653, 0.5576289652670942, 0.2250260873766875] 
[0.11900487942015213, 0.11527163845556315, 0.1145165556514527, 0.12130683871162294, 0.12509830734441507, 0.12533564172565215, 0.3418396323778102, 0.5651345278559643, 0.5805808646811778, 0.5811031917709848, 0.5886025404975138, 0.5838911475852782, 0.5574498060782603, 0.22467172379485925] 
[0.11917292118300307, 0.11553483462533995, 0.11503649859797, 0.1214908827795604, 0.1251686091917273, 0.12542091774700953, 0.3418602523512264, 0.5652941723380054, 0.5809865152109527, 0.5818398607792498, 0.5891605786896442, 0.5843511170434075, 0.5574274942164127, 0.2246609998137636] 
[0.11932824206292966, 0.11579278802012138, 0.11553800729233939, 0.12168162424592703, 0.1252361858632187, 0.12550820821472272, 0.34187598980539463, 0.5654455184996835, 0.5813841542731061, 0.5825549774979403, 0.5897086447694305, 0.5848067969746965, 0.5574040837142303, 0.22467005142541263] 
[0.1194708669615836, 0.11604977294310495, 0.11602222432061929, 0.12187468600502713, 0.12530128022268122, 0.12559457166266771, 0.34189545895853646, 0.5655934590682806, 0.5817766001307547, 0.5832478913383362, 0.59024998420644, 0.5852564060459382, 0.5573827749177884, 0.22468786689734555] 
[0.11961743191456796, 0.1163159321583567, 0.11648743605931777, 0.1220863929463175, 0.12537771997152491, 0.12570030886000194, 0.3418339473663922, 0.5656666317657547, 0.5821723088508596, 0.5839403196020588, 0.590781152575129, 0.5857033851564278, 0.5573957275445945, 0.22479267891744165] 
[0.11976517873919183, 0.11658596628667792, 0.1169247951994994, 0.12229334647476103, 0.12547211100713224, 0.12579842207339875, 0.3417740006106138, 0.5657412901384034, 0.5825605725752867, 0.5846209147725494, 0.591318714715064, 0.5861433540614747, 0.5574093312538733, 0.22490262527896332] 
[0.11989488111222621, 0.11684736497130856, 0.11734912952874435, 0.1224949056013211, 0.12555046663623942, 0.12588868001327946, 0.34174994335101544, 0.5658415197672914, 0.5829433144372854, 0.5852751437796847, 0.5918458722028402, 0.5865796636514651, 0.5574088853341246, 0.22498252951755546] 
[0.12002620939805367, 0.11709684791186233, 0.11776281441285714, 0.12271004040462816, 0.12563924223003023, 0.12598594121658654, 0.3416734771690572, 0.5658913514279094, 0.5833191097276946, 0.5859253869967248, 0.5923578466911712, 0.5870224955861993, 0.5574222371646858, 0.22512919372674742] 
[0.12014262063803571, 0.117331518019758, 0.11816526341994947, 0.1229077658840297, 0.12569863404628323, 0.12606839707450382, 0.34167287533043905, 0.5660102665974008, 0.5837012773425782, 0.5865491376208761, 0.5928513031609538, 0.5874508907710809, 0.5574055097999723, 0.22519175124694912] 
[0.12024885425792751, 0.11756370924629815, 0.11855675773458324, 0.12310351513083162, 0.12575666014345985, 0.12614804514038533, 0.3416834850836316, 0.5661350770747978, 0.5840775178938519, 0.5871529361467869, 0.5933364131391519, 0.5878716713656229, 0.5573891558241689, 0.2252475670728398] 
[0.12034975122095877, 0.11779665638304294, 0.11893872426584995, 0.12329549353066412, 0.1258177519960666, 0.12622187990570216, 0.3416963904998201, 0.5662621430397156, 0.5844470563028475, 0.5877433388035246, 0.5938103752105262, 0.5882850549024853, 0.5573767972026301, 0.22530202154312762] 
[0.12039343692807207, 0.11802164898943046, 0.11932260097931201, 0.1234435330636829, 0.12582301802739693, 0.1262523094811037, 0.3418887280743136, 0.5665598552878888, 0.58482583610313, 0.588309240299446, 0.5942698757132603, 0.5886806805728868, 0.5573266879733703, 0.2251775079099917] 
[0.12045597234643839, 0.11824670115926211, 0.11969109077219028, 0.12361058510349475, 0.1258500059226124, 0.12630506522918233, 0.3420082138006408, 0.5667783056565434, 0.5851920307917097, 0.5888663705637298, 0.5947236924160119, 0.5890715869099578, 0.5572924754373864, 0.22512706064568894] 
[0.12052614848321241, 0.11846632549107586, 0.12004882728791026, 0.12379698996508277, 0.12589027587543733, 0.12636901698308664, 0.34204355113740353, 0.5669282674952405, 0.5855441191388923, 0.5894190659176074, 0.5951630759928146, 0.589455045267496, 0.5572798948202207, 0.22516660629335675] 
[0.12059984920882161, 0.11868410240918896, 0.12039474507239195, 0.12398547763645096, 0.12593826316589796, 0.12643874538603456, 0.34205643060419044, 0.5670542957305439, 0.5858891020375869, 0.5899622123258538, 0.595594314211712, 0.5898308014725507, 0.5572719765257991, 0.22522724240311953] 
[0.12068118802222258, 0.11892760847196511, 0.12074003840448756, 0.1241407687708895, 0.12598723676764925, 0.12651305915930602, 0.3421020024873897, 0.5672346566066254, 0.5862252949308283, 0.5905205146133113, 0.5960384908976833, 0.5901762732054145, 0.5572679974461549, 0.2252423221805135] 
[0.12078615650537251, 0.11917480954589695, 0.121072049613294, 0.12431987321865019, 0.12607117245731164, 0.12660100372058308, 0.3420345055497478, 0.5673068583756953, 0.5865517980579548, 0.5910827787212339, 0.5964721735944705, 0.5905242832251387, 0.5573014432343608, 0.2253762305511893] 
[0.12087549967302032, 0.11941540830239017, 0.12139518850511968, 0.12449112752878849, 0.1261431263779992, 0.12667844693072278, 0.34199963862790633, 0.5674079303441756, 0.5868735051161705, 0.5916232766769755, 0.5968941860323513, 0.5908667385063221, 0.5573226814898781, 0.22547958629700168] 
[0.12095771212432738, 0.11965431594853222, 0.12170891085178119, 0.12466171000426995, 0.12619776343138692, 0.12675351104393678, 0.3419849576629856, 0.5675217250910789, 0.5871901366744544, 0.5921369443083218, 0.5973127313064489, 0.5912053555253554, 0.5573334902152337, 0.22556685137976332] 
[0.12102766716058219, 0.11988861515402506, 0.12201302233090369, 0.1248225386527573, 0.12624564091751492, 0.12681779538566304, 0.34200038354985274, 0.5676621537356316, 0.5875044309752493, 0.5926329068744424, 0.5977208237635251, 0.5915387481044695, 0.5573362085341735, 0.22562515972154853] 
[0.12111858526224181, 0.1201100263892408, 0.12230059405699584, 0.12499812636604639, 0.12632321824150167, 0.1268977206854638, 0.3419336830074001, 0.5677314190459515, 0.5878094469541456, 0.5931369770986649, 0.5981164998199694, 0.5918698546332981, 0.5573475743421308, 0.22576140458479493] 
[0.12122773705521872, 0.12031460386882813, 0.12257148613245067, 0.1251942883012007, 0.12641768222684507, 0.12701290174446017, 0.3417434552676632, 0.5677185745810963, 0.5881273845936058, 0.5936508130529592, 0.598493416621894, 0.5921993025923223, 0.5573826638801858, 0.2260122072875747] 
[0.12126685625355427, 0.12052786150674162, 0.12285708191627495, 0.12531791925218153, 0.12644920754528294, 0.1270720497079273, 0.34181703392990825, 0.5679401025371387, 0.5884387640015994, 0.5941242735775745, 0.5988735422291709, 0.5924957197381775, 0.5573674973333131, 0.22599773372893212] 
[0.12141347317617872, 0.12070996174929016, 0.12313941192295834, 0.1255693597808069, 0.12660580998473223, 0.12722561682684216, 0.34140724708091386, 0.5676984297371892, 0.5887765047307216, 0.5946340239906122, 0.599229141955921, 0.5928362266715769, 0.5574892501785189, 0.22646386027193915] 
[0.12136904415831296, 0.12092504307828407, 0.12342803416073796, 0.12560960595602225, 0.12655273771893658, 0.1272065783308587, 0.34179659353542236, 0.5682109837591427, 0.5890825346517391, 0.5950409521323788, 0.5996039929637694, 0.5930967077314812, 0.557412478653203, 0.22614167089351736] 
[0.12146289603878797, 0.12114179162219481, 0.12368328834692983, 0.12578810675955115, 0.12667443198602218, 0.1273333151137438, 0.3416588788906912, 0.5681215266289388, 0.5894118960566628, 0.5954680308396206, 0.599951721058923, 0.5934387086382825, 0.5575076510154987, 0.22635034648805272] 
[0.12150200459164635, 0.1213432132189207, 0.1239373221990385, 0.12591014385435179, 0.1267155008948724, 0.12739323329229696, 0.3417355425402691, 0.5682852451685781, 0.5897096537976507, 0.5958719856182177, 0.6002902231032184, 0.5937378505468814, 0.557509553392334, 0.22633765737814354] 
[0.12156982641080227, 0.12154149055964891, 0.12416275435921004, 0.12609191102649722, 0.12681946318394713, 0.12751320144478404, 0.3416236507734301, 0.5682139101662037, 0.5900062030133699, 0.5962517848056762, 0.6006331856223, 0.5940643890969559, 0.5575794601269071, 0.2265302881069432] 
[0.12150234790777507, 0.12170124009173762, 0.12440586555504181, 0.12616048617345735, 0.12668314115775217, 0.12746354180011177, 0.34208819541200614, 0.5687371178669026, 0.5902434762773359, 0.5965628640941468, 0.6009586865333799, 0.5943471060694819, 0.5573926005080599, 0.22615393345563498] 
[0.12170911094025348, 0.12190928590918455, 0.12457820334238953, 0.1264638313291593, 0.1270843217405057, 0.12773875492414438, 0.341353586932472, 0.5680090862444792, 0.5905634343374508, 0.5970115257980217, 0.6012628389871078, 0.5947202021493009, 0.5577280869261675, 0.22696459613284553] 
[0.12143065484601526, 0.12201534886392847, 0.12489280277794199, 0.1263005732546945, 0.12639816797289574, 0.127352090946191, 0.3430393938044845, 0.5698883148974739, 0.5907159102434698, 0.5971798305991632, 0.6015928681361088, 0.5948706238645061, 0.5569918065355425, 0.22528867413839135] 
[0.12184519552664054, 0.12224980163363594, 0.12499342876431574, 0.12680162146111315, 0.1274229620938774, 0.12795369301980433, 0.34107031313193, 0.567756574651899, 0.5910779911006673, 0.5977850328186524, 0.6018341802060387, 0.5953129906736738, 0.5579221545493198, 0.2273887159648688] 
[0.12151303576437089, 0.12233585018643488, 0.12533227178029682, 0.1265569084541546, 0.12658063020359525, 0.1274561883640481, 0.3431068922652416, 0.5700805856279402, 0.5912134320133375, 0.5979156697957445, 0.6021567970335643, 0.5954032184980647, 0.5570167095516427, 0.22531634360817449] 
[0.12175374617143549, 0.12257249551360211, 0.12545808232236577, 0.12690580307343105, 0.12723177051240003, 0.12779691202686153, 0.34197828856372237, 0.5688879473089442, 0.591536651820035, 0.5983892667367229, 0.6024321415651752, 0.5957397843030472, 0.5575989838938964, 0.22653131278375402] 
[0.12171973133505942, 0.1227133060980319, 0.12568330155670268, 0.12696919189921677, 0.12712892690825872, 0.127756045855481, 0.34237141382719866, 0.5693597012044604, 0.5917416468831993, 0.5986752809511379, 0.6027043793305706, 0.5959773034051584, 0.5574360891458647, 0.2261797423755891] 
[0.12174995065284515, 0.1228658554656366, 0.1258829166026184, 0.1271024306193407, 0.12719684753344448, 0.12782153153378914, 0.3423882341227106, 0.5693999462791249, 0.5919616522812589, 0.5989841694014302, 0.6029716014480871, 0.5962399947676917, 0.5574440165955717, 0.22620783690248222] 
[0.12177653688128219, 0.12301602015382793, 0.1260768597391017, 0.12722792270845854, 0.12725473543155982, 0.12787732461592477, 0.3424255589075584, 0.5694700872142028, 0.5921773062409552, 0.5992872784529856, 0.6032336325218735, 0.596492246264497, 0.5574421466031613, 0.22621367292097028] 
[0.12180645226040981, 0.1231608008817943, 0.12626520324788398, 0.12735030609932665, 0.1273165533373733, 0.12793147260884336, 0.3424540811047192, 0.5695330293794123, 0.5923871831703864, 0.5995873147880401, 0.6034852572305504, 0.5967405773788911, 0.5574389298841871, 0.2262246418372966] 
[0.1218316818555838, 0.12330808801494568, 0.12645159580150514, 0.12745739053949964, 0.12734611668250925, 0.12796776405503343, 0.34253760366333014, 0.5696620103982231, 0.5925906643727337, 0.5998769225100555, 0.6037289778556549, 0.5969730697087097, 0.5574117405894742, 0.22618263205126] 
[0.12186306595723692, 0.12345291913667347, 0.126629842296042, 0.12756984820173725, 0.1273930352749088, 0.12801744093621717, 0.3425805219256968, 0.5697405183245003, 0.5927880471974075, 0.600164126845858, 0.6039661216703528, 0.5972047929751477, 0.5573970804830235, 0.2261815607181518] 
[0.12189300263280281, 0.12359686286646883, 0.126802236345922, 0.1276821912150349, 0.12743972707989723, 0.1280654566733896, 0.34261694552549277, 0.5698138889418145, 0.5929827220674654, 0.6004431206759532, 0.6041970910839821, 0.5974318132248613, 0.5573861451380806, 0.22618733624967274] 
[0.12193120720616028, 0.12375107858752556, 0.12696547498951896, 0.1277945196954383, 0.1275199148247576, 0.1281340982040506, 0.34261850988011583, 0.5698487305346037, 0.5931608225135558, 0.600738373894307, 0.6044361590490128, 0.5976633938313073, 0.557378997308024, 0.22622623598562072] 
[0.12196231741301926, 0.12390578509087352, 0.12712552957330867, 0.1279017787713315, 0.12759966659133923, 0.12820055710454062, 0.3426108298524135, 0.5698819478624049, 0.5933331139948765, 0.6010216305501258, 0.6046741214098033, 0.5978827165597772, 0.5573819507472743, 0.22627217749594303] 
[0.1219918523202901, 0.1240577349968007, 0.12727133251255857, 0.1280070109699555, 0.12768272877012923, 0.1282786745283497, 0.3425907123515328, 0.5698890061479384, 0.5934930590244113, 0.601297155553811, 0.6049047528993835, 0.5980958868144935, 0.5573850983745631, 0.22634193735037922] 
[0.1220154294612732, 0.12420488233794731, 0.12741630635936807, 0.12810564911895542, 0.1277437903725757, 0.12834537052365436, 0.3426021750751681, 0.5699357418402407, 0.5936549486311278, 0.6015607936740494, 0.6051302065741483, 0.5982982702063679, 0.5573772309469218, 0.2263768058679482] 
[0.12204187249036065, 0.12434315269727661, 0.1275576534133813, 0.12820703531013017, 0.12779893077605978, 0.12840648469021274, 0.3426066497945303, 0.5699742596825348, 0.5938218716518434, 0.6018175843211293, 0.6053441581164141, 0.5984999343175013, 0.5573729627283573, 0.22641360230102636] 
[0.1220658796351348, 0.12447806698646405, 0.12769502127567472, 0.1283065185444388, 0.12783957039311755, 0.128460162988202, 0.3426296217800446, 0.5700303839552169, 0.5939868055729337, 0.6020624024112385, 0.6055537950796973, 0.5986963491689001, 0.5573603004516778, 0.2264310702854649] 
[0.1220898088168848, 0.12460104321191505, 0.12783579782043838, 0.12839553471452475, 0.1278629762136463, 0.12851203826583701, 0.34268276608993087, 0.5701239153215008, 0.5941504561074213, 0.6023063261671233, 0.6057560456298972, 0.5988803378197278, 0.5573288222143594, 0.2264054203950656] 
[0.12211580157646357, 0.12472400616522773, 0.12797204390120656, 0.12848745699785713, 0.12788729373894114, 0.12856195755991293, 0.3427281793283441, 0.5702039814210965, 0.5943123514519068, 0.6025415639791692, 0.6059544603272182, 0.5990639546404647, 0.5573014320722278, 0.2263884254299657] 
[0.12214131561511056, 0.1248453303255562, 0.12810501326455667, 0.12857724318000294, 0.12791950692614737, 0.1286097728724308, 0.3427625645376665, 0.5702763838277212, 0.5944703758781187, 0.6027749007370784, 0.6061481591366576, 0.5992420359700552, 0.5572811568093423, 0.2263818466933137] 
[0.12216664453887899, 0.12496754938058427, 0.12823854302624552, 0.1286670789319523, 0.12795299405117436, 0.12866170070738744, 0.34278684766250955, 0.570336058752752, 0.5946237248254967, 0.603004713911686, 0.6063339327993849, 0.5994138234543711, 0.557268014128439, 0.22638040742886137] 
[0.12219028266277143, 0.12508906657508406, 0.12836683317978936, 0.12875617051394822, 0.12799140671105746, 0.12871362757135218, 0.3428033601382576, 0.5703853610156577, 0.5947751123052555, 0.6032301785826403, 0.6065131178155649, 0.5995816787107043, 0.5572605940423083, 0.22638966215820502] 
[0.12222249522955547, 0.12520168185485483, 0.1284804815334033, 0.12883382975778077, 0.12806533862946523, 0.12877966554163797, 0.34277534893869915, 0.5704110878727604, 0.5949097449086933, 0.6034747857928404, 0.6066753861164618, 0.5997366130118643, 0.5572562914395239, 0.22643132379959555] 
[0.12225110915112325, 0.12530998879338862, 0.12859103828897717, 0.12891165698382842, 0.1281276035727611, 0.1288408577017809, 0.34275743400217146, 0.5704460990419203, 0.5950456071001016, 0.6037072046423151, 0.6068342772940857, 0.5998877598711365, 0.5572495008973335, 0.22646626911104145] 
[0.12228536552414081, 0.1254050695936879, 0.1286970795549117, 0.12898938440670116, 0.12818915272608913, 0.12891071048537167, 0.3427247881963072, 0.5704571307673291, 0.5951825141055965, 0.6039289050745528, 0.6069794740032355, 0.6000399658198622, 0.5572398500817682, 0.22650677249420897] 
[0.12231647932292, 0.12549846815110696, 0.12879912111716446, 0.12906439342778103, 0.12824201386908596, 0.1289738016176144, 0.34270297582536363, 0.5704824854529406, 0.5953184050220384, 0.6041416247368078, 0.6071219720296844, 0.6001858941523808, 0.5572274395197109, 0.22653788240916478] 
[0.12234384138393327, 0.12558756914222258, 0.1288988042679869, 0.12913297738759869, 0.12828435180702494, 0.1290232285758361, 0.3427102822604534, 0.5705381434964741, 0.5954576889840746, 0.6043472515601713, 0.6072652687969131, 0.6003230176099397, 0.5572058681391115, 0.22653687636762096] 
[0.12236768598103039, 0.12567628369287986, 0.12899428589617618, 0.1292044428189094, 0.12832773919518378, 0.12906905034136096, 0.3427097608251747, 0.5705859306655428, 0.5955958869031549, 0.6045432171981058, 0.6074050934151384, 0.60045839103931, 0.5571920353121498, 0.22654921811959108] 
[0.12239009902987506, 0.12576418495401018, 0.1290874336107097, 0.12927544369744487, 0.12836713470743183, 0.12911222646765116, 0.3427114607618859, 0.5706350801014869, 0.5957321060824994, 0.6047319339251395, 0.6075418175757455, 0.6005904380474336, 0.5571789145800399, 0.2265607998892975] 
[0.12240668942326732, 0.12585262861767169, 0.12917946925741652, 0.12934975687550382, 0.1284053193179853, 0.12915780743047783, 0.3427169872221415, 0.5706863680293335, 0.5958610947123605, 0.6049094973013023, 0.6076728796133533, 0.6007247573522448, 0.5571637719198407, 0.226577302833861] 
[0.12242296259200564, 0.1259398820871583, 0.12926953441514571, 0.12942285157851785, 0.1284404237950463, 0.12920082208665995, 0.34272400297353656, 0.5707387090957302, 0.5959887120347158, 0.6050813592380194, 0.6078015008828842, 0.6008551456607755, 0.5571495236070826, 0.2265921575576214] 
[0.12243844835279995, 0.12602790994658036, 0.1293562580815183, 0.12949471182318423, 0.1284739422814454, 0.12923908892306815, 0.3427328864209482, 0.5707933312698752, 0.596113610930429, 0.6052476528866487, 0.6079282336224554, 0.6009827803812616, 0.5571367115510824, 0.226604476488872] 
[0.12245383151328247, 0.12611470496319155, 0.12944146333514764, 0.12956606150802097, 0.1285055729566247, 0.1292759508635861, 0.3427407901309933, 0.5708454545254266, 0.5962371720354513, 0.6054085112697463, 0.6080519881959925, 0.6011071563477306, 0.5571259022256843, 0.22661794119711956] 
[0.12246927271386676, 0.12620029277038997, 0.12952483913279098, 0.12963648579894824, 0.1285354970451803, 0.12931134856555912, 0.3427484354663937, 0.5708965465285564, 0.596358917040496, 0.6055647455955652, 0.6081733139874506, 0.6012282757036097, 0.5571161227585196, 0.22663152672790704] 
[0.12248291114691907, 0.12628624911291428, 0.12960787814783784, 0.1297098390500997, 0.12856705906989183, 0.1293494651792104, 0.3427452272238854, 0.5709391721101845, 0.596480494980407, 0.605714816547699, 0.6082898373123257, 0.6013465525450185, 0.5571107346534467, 0.22665816008885314] 
[0.12249584617089918, 0.12637112532080744, 0.1296903586292958, 0.12978337593999278, 0.12860077822370597, 0.12938935955222572, 0.34273487331699, 0.5709719186221401, 0.5965983021520023, 0.6058600906409053, 0.6084044102712404, 0.6014644011434787, 0.5571098018949597, 0.22669339364196756] 
[0.12250852502024993, 0.12645469484698557, 0.1297703791979549, 0.12985613675784016, 0.12863168853509876, 0.12942576159302438, 0.3427255191161585, 0.5710066531640402, 0.596715321562397, 0.6060002870510782, 0.6085175086150572, 0.6015789407510482, 0.557109347181423, 0.22672805455251988] 
[0.12252389794163553, 0.1265320841879357, 0.12984270694693395, 0.12992524964923302, 0.12864925080526868, 0.12945349852847485, 0.34273300217649116, 0.5710633348412146, 0.5968275009399887, 0.6061323527147215, 0.6086301827674202, 0.6016899205114971, 0.5570942323678112, 0.22673922025836285] 
[0.12254789800565263, 0.1266202120917247, 0.1299042244381352, 0.1299832449352528, 0.12868427099662827, 0.12946715977041914, 0.3427271676978718, 0.5711276276694494, 0.5969293261108181, 0.606275792601248, 0.6087351450166513, 0.6017909866166591, 0.5570890608807729, 0.22675932820823425] 
[0.12257010237442703, 0.12670682093892865, 0.12996558717314546, 0.13004093437603373, 0.1287189451557632, 0.12947995277976052, 0.3427156304436717, 0.5711879836908664, 0.5970315444427186, 0.6064132482102974, 0.6088351988763496, 0.6018889509352072, 0.5570862290587127, 0.22678577729062166] 
[0.12259384774239475, 0.12678408924474005, 0.13002573793013344, 0.13009988074841516, 0.12874161675172144, 0.12949425327103797, 0.34270868576034147, 0.5712560840086065, 0.5971393171219629, 0.6065409394371278, 0.6089283562637412, 0.6019844424773615, 0.5570821608435105, 0.22680300284178292] 
[0.12261809942720789, 0.1268600668239205, 0.13008498033633623, 0.13015971678529603, 0.12876465360525863, 0.1295095989580677, 0.34269602043173086, 0.5713157567126317, 0.5972459325089234, 0.6066652786711305, 0.6090197948767501, 0.6020785435908552, 0.5570814657787874, 0.22682760586212644] 
[0.1226388982856234, 0.12693085666627663, 0.13014236713779828, 0.1302168718966677, 0.1287831915626049, 0.12952559611880787, 0.3426916797120302, 0.5713771560749098, 0.5973523996778678, 0.6067840601305061, 0.609110055355664, 0.602169742825094, 0.5570778124933119, 0.22684519392522348] 
[0.1226594933718263, 0.12700082079632563, 0.13019894834127788, 0.13027389322691926, 0.12880198851105434, 0.12954212218727623, 0.3426847596723986, 0.5714335628599, 0.5974567158471873, 0.6068997679843409, 0.6091986484091125, 0.6022591946985678, 0.5570760412349536, 0.22686610473970759] 
[0.12268022311623912, 0.12707061059661093, 0.13025487707000968, 0.1303292793925721, 0.12882012861019232, 0.12955696531384214, 0.3426806949199862, 0.5714881594988205, 0.5975598247647396, 0.607012951812286, 0.6092873101502563, 0.6023460398198293, 0.5570749179795459, 0.22688342433987774] 
[0.12269595585779311, 0.1271344239829441, 0.13030538701577848, 0.13038115223896196, 0.1288339587135666, 0.12956861228728425, 0.34268549841191215, 0.5715491014147137, 0.5976590768552597, 0.6071236860493029, 0.6093709500371394, 0.6024318508158095, 0.5570670239185513, 0.22689660314365653] 
[0.12271220019322987, 0.12719657130349077, 0.13035815657229738, 0.13043322276636563, 0.1288504452990175, 0.12957999875944368, 0.3426825806797095, 0.5716037688450325, 0.597757626762023, 0.6072342856273314, 0.6094516885346709, 0.6025154512911861, 0.5570622801631298, 0.2269143720393086] 
[0.12272827784857017, 0.127258174799592, 0.1304104752869709, 0.13048496594198145, 0.1288668903913709, 0.12959185347893123, 0.34267822390338404, 0.5716551704521197, 0.5978542919948006, 0.6073420319687735, 0.6095309639438066, 0.6025970005520633, 0.5570589176436338, 0.22693362349253463] 
[0.12274649202509898, 0.12731654544813847, 0.1304615657677439, 0.13053994724906315, 0.1288816480549693, 0.12960964746303666, 0.3426688553450986, 0.5716940630029126, 0.5979521852843176, 0.6074423857200879, 0.6096105430878339, 0.6026748263289703, 0.5570608907996617, 0.22696337844801112] 
[0.12276374189101615, 0.12737541663067464, 0.13051154492942324, 0.13059077386676793, 0.1288954923188383, 0.12962735368312392, 0.34266895413484494, 0.5717395428595445, 0.5980481464516705, 0.6075435159713269, 0.6096901082942624, 0.6027514037485576, 0.5570592871149985, 0.22698214197239597] 
[0.12277547354445455, 0.1274333206780136, 0.13056853137592703, 0.13063692227938645, 0.12890026159730628, 0.12964688904304486, 0.34268251831678304, 0.5717847954409857, 0.5981451796835622, 0.6076354478955567, 0.6097640327268378, 0.6028208343054665, 0.5570611981462332, 0.22698350720831936] 
[0.12278946339281309, 0.12748743327556186, 0.1306212572548117, 0.13068646666936637, 0.1289054829066169, 0.12966647660393907, 0.34268304636688884, 0.5718185525929307, 0.598242542727513, 0.6077259701580643, 0.6098316104104032, 0.6028882531237649, 0.5570635645250621, 0.22699899409703445] 
[0.12280388712080019, 0.12754190439686253, 0.1306721206012198, 0.13073274572205365, 0.1289086099419534, 0.12968469458679321, 0.34269064598739196, 0.571857860169573, 0.5983369071966325, 0.6078143928481315, 0.6098995206639288, 0.6029536711414548, 0.5570624485876284, 0.22700596100480883] 
[0.12281795485949261, 0.1275953665425707, 0.13072126504528037, 0.1307793913018963, 0.12891318424270132, 0.12970333254926453, 0.342693793779194, 0.5718925184895595, 0.598428758207093, 0.6079005939578683, 0.6099650532631075, 0.6030186878997299, 0.5570628113628202, 0.2270182465333784] 
[0.12283316392354018, 0.1276494324820026, 0.1307690459366452, 0.13082243442162195, 0.1289173250377848, 0.12972262833731615, 0.3426992882787121, 0.5719307958114819, 0.5985160177532295, 0.6079875506587203, 0.6100324360868122, 0.6030800504939279, 0.5570599631081748, 0.22702463895083808] 
[0.12284679188717937, 0.12769993448962916, 0.13081807282953734, 0.13086168645137378, 0.1289234099207616, 0.12973895075756767, 0.342711004818802, 0.5719702208834734, 0.5986006471265675, 0.6080753638115671, 0.6100981149877968, 0.6031394531371839, 0.5570542598511609, 0.22702152391387578] 
[0.12285976324659352, 0.12775115063590026, 0.13086450717550588, 0.1309025512182491, 0.12893349705160628, 0.12975490686099694, 0.34271519640430637, 0.5720008587160076, 0.5986815325618483, 0.6081614558568978, 0.6101602758918124, 0.6031999727944073, 0.5570516346978, 0.22702791679004142] 
[0.12287214353862087, 0.1278009183881393, 0.13091009885659577, 0.1309431229101297, 0.12894325544273347, 0.1297707927111331, 0.3427196043430547, 0.5720309594658377, 0.5987608486961411, 0.6082448872416235, 0.6102210545122825, 0.6032591011526467, 0.5570489135128947, 0.22703395671977883] 
[0.1228844132906287, 0.1278500132888283, 0.13095466275028586, 0.13098298068381722, 0.12895314492727247, 0.1297862122370406, 0.3427238374670207, 0.5720602838719221, 0.5988380095593739, 0.6083264059941429, 0.6102810612193499, 0.6033169336937935, 0.5570462672646913, 0.22704024625082356] 
[0.12289808146600455, 0.12789802758753382, 0.1309993763654192, 0.13102253562851057, 0.1289636333005384, 0.12980205201032416, 0.3427254845565959, 0.5720873490868579, 0.5989129052323308, 0.6084065414670119, 0.6103399576242918, 0.6033744942710696, 0.5570429437675548, 0.22704793197510903] 
[0.12291175029913645, 0.12794496472906053, 0.13104196445529723, 0.13106166505244504, 0.1289746557785878, 0.12981645955941631, 0.34272853715123186, 0.5721156071299739, 0.5989850514638656, 0.6084856586980265, 0.6103993211292204, 0.6034301184175526, 0.5570386328107183, 0.2270553781514918] 
[0.12292521538308437, 0.12799132733722782, 0.13108380146883752, 0.13110000707851394, 0.12898557321461146, 0.1298299362036595, 0.3427309793296185, 0.5721432794664607, 0.5990560437561641, 0.6085629048582704, 0.6104580970969301, 0.6034840317289465, 0.5570351758896583, 0.2270631505434058] 
[0.12293790697176438, 0.12803752437029825, 0.13112337415735892, 0.13113885811665507, 0.12899795412118376, 0.1298454306597867, 0.3427303595885932, 0.5721665447671529, 0.5991233832673205, 0.6086376119210026, 0.6105166516404428, 0.603538201787278, 0.5570306478043521, 0.22707508584557776] 
[0.12295040621933176, 0.12808351143699165, 0.13116140154682704, 0.13117702875951948, 0.12900882716537126, 0.12986052392647457, 0.34273252217114963, 0.572191508978003, 0.599187936530736, 0.6087097658384266, 0.6105739845184882, 0.6035916029113988, 0.5570250965045923, 0.22708435470249538] 
[0.12296291987826284, 0.12812865382333694, 0.13119902313894574, 0.13121467285947713, 0.12901979807925146, 0.12987503690944133, 0.342733945329724, 0.5722154116256657, 0.5992509100837238, 0.6087800728647684, 0.6106300505298337, 0.6036439263544396, 0.5570199687766277, 0.22709415783564613] 
[0.12297493615966476, 0.12817300065000795, 0.13123597870982684, 0.13125153795482805, 0.12903035243737102, 0.1298886338478514, 0.3427349281447772, 0.5722390572630882, 0.5993129636516921, 0.6088486556292639, 0.6106853133692663, 0.6036949104875003, 0.5570157243058017, 0.22710438419020865] 
[0.12298663319275101, 0.1282172808424491, 0.13127247696783, 0.1312873087210084, 0.1290403303235141, 0.12990088415765047, 0.3427374532409357, 0.5722634160297154, 0.5993732407734793, 0.6089151669830843, 0.6107403384674589, 0.6037450469954255, 0.5570121490633716, 0.22711282324280033] 
[0.12299803043486929, 0.128260339220934, 0.13130854324838967, 0.13132247677233405, 0.12905026609363707, 0.12991304781001936, 0.3427394930284414, 0.5722869608060983, 0.5994324059513033, 0.6089801766617835, 0.610794167636114, 0.6037938067686438, 0.5570091113723983, 0.22712158536273008] 
[0.12300894986082976, 0.12830244370993796, 0.13134363865753163, 0.13135721818689325, 0.1290599691001426, 0.12992437991488356, 0.3427411802593662, 0.5723100633859901, 0.5994907510230298, 0.6090436205077531, 0.6108469780635534, 0.6038413921977451, 0.5570065679952697, 0.22713095746077283] 
[0.12301927932169932, 0.12834197756270843, 0.13137878179727575, 0.13139247347836466, 0.12906860188970798, 0.12993504066283, 0.34274031595645793, 0.5723302576283146, 0.5995470032503912, 0.6091044049191229, 0.6108989710764712, 0.6038888806101578, 0.5570035572269916, 0.2271431433304139] 
[0.12302975501062473, 0.128381479856927, 0.1314128174627785, 0.13142688997778113, 0.1290778972449706, 0.12994498496356055, 0.3427390882234777, 0.5723506473888029, 0.5996015362169843, 0.6091639515030954, 0.6109495512853645, 0.6039352904690175, 0.5570014894160136, 0.22715586073901498] 
[0.12304083039532382, 0.12842046896410972, 0.13144716808649537, 0.1314598706355524, 0.12908768127083162, 0.1299539959941286, 0.34273738431793044, 0.5723706965916314, 0.5996550286645455, 0.6092234226657192, 0.6110001094810232, 0.6039809973868996, 0.5570006976669861, 0.22716796328370972] 
[0.12305079081023716, 0.12845860443482424, 0.1314801454240225, 0.1314914648442478, 0.1290971348663373, 0.1299628471181929, 0.34273526268972415, 0.5723916795463394, 0.599707165733509, 0.6092810403894481, 0.6110498479267276, 0.6040244329921536, 0.5569993010819407, 0.22717985718254896] 
[0.1230603787358523, 0.12849613723179196, 0.1315128648224604, 0.13152238396349164, 0.1291060674865968, 0.1299710115901558, 0.3427320084835381, 0.5724114846998815, 0.5997589299383749, 0.6093369338140054, 0.6110979006851532, 0.6040671432972957, 0.5569990952993165, 0.22719284719931024] 
[0.1230718085965052, 0.12853065934359365, 0.13154206527647494, 0.13155540438498758, 0.1291128027891317, 0.12997747130597412, 0.3427261569084122, 0.5724265440636519, 0.5998080643800708, 0.6093891606828667, 0.6111451275962422, 0.6041113533620185, 0.5569965703756455, 0.22720985198262367] 
[0.1230810744804244, 0.12856662943799982, 0.1315695474346807, 0.13158577974398505, 0.12911851964352783, 0.12998023707768022, 0.3427217438598387, 0.5724449764427976, 0.5998539499265206, 0.609440951290016, 0.6111904627453448, 0.6041557896700542, 0.5569956544777963, 0.22722300935124506] 
[0.12309058563926298, 0.12860203601008693, 0.1315966380991374, 0.13161516189831723, 0.12912404754236165, 0.129983327887422, 0.3427170318481884, 0.5724626851614557, 0.5998992883235763, 0.6094915019489497, 0.6112351653209908, 0.604198396724785, 0.5569947928535107, 0.22723607703700205] 
[0.12310008874797466, 0.12863661155306677, 0.13162365283003657, 0.13164382494723953, 0.12912995312098832, 0.12998684205297278, 0.3427118313903183, 0.5724800604921656, 0.5999435827965717, 0.6095412493225131, 0.611279003864769, 0.6042397533304587, 0.556994160934356, 0.22724904021449893] 
[0.12310975746575492, 0.1286699980652038, 0.13165087152562407, 0.1316716265816872, 0.12913636837414505, 0.12999108963289077, 0.3427054513667505, 0.572496592450987, 0.5999872348200131, 0.6095902352264538, 0.6113216340794572, 0.604279869712631, 0.5569941452337637, 0.22726247253612306] 
[0.12311907488576278, 0.12870238283877425, 0.13167799197884944, 0.13169867611293778, 0.12914273128744622, 0.12999536716963522, 0.34269933133750596, 0.5725127743820111, 0.6000302302712474, 0.6096380213555905, 0.611363621475007, 0.6043189930146304, 0.5569945843601586, 0.2272754953913037] 
[0.12312955299311941, 0.12873527428585516, 0.13170480721862318, 0.1317250082090654, 0.12915064524020464, 0.12999829500507407, 0.3426927759912415, 0.572528661835645, 0.6000734125742416, 0.6096864127795784, 0.611405032351842, 0.6043580167427134, 0.556995761226764, 0.22728836174851738] 
[0.12314045621133127, 0.1287677858305655, 0.1317303207728353, 0.13175092828917528, 0.12915959352935333, 0.12999959491157223, 0.34268792474332754, 0.5725434852648191, 0.6001145362646668, 0.609732809200351, 0.6114470015908221, 0.6043965988426405, 0.5569976686034248, 0.22729898194881432] 
[0.12315115955703934, 0.1287992331409657, 0.13175581200586692, 0.13177615530525855, 0.1291684452745423, 0.13000182730260476, 0.3426824848215879, 0.5725579200753693, 0.6001546113442686, 0.609778613241035, 0.6114882670028191, 0.6044340805980861, 0.5569995345910485, 0.22730982486530954] 
[0.12316118228674008, 0.12882853453402235, 0.13178229007845643, 0.13180185857751264, 0.12917673459706192, 0.13000550079377535, 0.34267941037146077, 0.572572425204771, 0.6001924885356502, 0.6098218154269436, 0.6115275414465807, 0.6044719974259586, 0.5570015040095334, 0.22731841876832187] 
[0.12317065323426107, 0.12885726032388045, 0.1318082316272546, 0.13182678215373891, 0.1291851410637398, 0.1300096359618475, 0.3426759773945984, 0.5725868780958252, 0.6002294543049833, 0.6098641821781612, 0.6115662905484773, 0.6045087644487934, 0.557003728014712, 0.22732740157168488] 
[0.12318058498572965, 0.1288855048720529, 0.13183406675287318, 0.13185156691728547, 0.12919370823451679, 0.13001336542341138, 0.3426709642429692, 0.5725998865975754, 0.6002655144637554, 0.6099052133915754, 0.6116038390425075, 0.6045438533810396, 0.5570069317804509, 0.22733710717612624] 
[0.12319231092553418, 0.12891318965237986, 0.13186003649414543, 0.13187554565964518, 0.12920341328363733, 0.13001849351933226, 0.34266254968697646, 0.5726112986271343, 0.6003013457675626, 0.609947803713728, 0.6116401916432022, 0.6045774617578308, 0.5570106600689984, 0.22734789141633666] 
[0.12320328547233333, 0.1289401831431607, 0.13188513924854686, 0.13189887595827124, 0.12921249142898458, 0.1300234176575839, 0.3426545755794108, 0.5726230031726247, 0.6003368522206961, 0.6099895162675252, 0.6116760847582173, 0.6046100420608086, 0.557014620925357, 0.2273588119020717] 
[0.12321377118064694, 0.12896648532224836, 0.13190964854355453, 0.1319215964106789, 0.12922130440074991, 0.13002824869732219, 0.3426473075961738, 0.5726351271483406, 0.600371844154406, 0.6100304019293648, 0.6117116288857805, 0.6046414684334133, 0.5570186139279653, 0.2273693195291877] 
[0.12322405661647375, 0.1289918186162522, 0.13193367024296215, 0.13194364104965364, 0.1292298587192574, 0.13003339838642977, 0.3426396625225712, 0.5726468755762334, 0.6004062277035169, 0.6100705242716512, 0.61174626415963, 0.6046717391404838, 0.5570224510512763, 0.2273800787735397] 
[0.12323359564404011, 0.12901633248272742, 0.13195705306805253, 0.13196541696195369, 0.1292380359578733, 0.1300387450402495, 0.3426318146737724, 0.5726585632578496, 0.600440056362939, 0.6101099773068703, 0.6117805838056415, 0.6047009079139093, 0.5570261823865885, 0.22739133407889556] 
[0.12324227934850594, 0.12904088224181406, 0.13198002570096923, 0.13198636258930077, 0.12924573307129805, 0.13004358846793362, 0.3426251110092937, 0.5726710983925138, 0.6004729338554544, 0.6101485804678631, 0.6118150610247162, 0.6047287395437172, 0.5570300197260605, 0.22740167095731706] 
[0.12325047390467798, 0.12906474476913216, 0.1320024095438603, 0.1320069292314893, 0.12925316135127146, 0.13004854286964984, 0.3426184587917953, 0.5726835780946621, 0.600505072368646, 0.6101862845303574, 0.6118487656411075, 0.6047557872691697, 0.5570338377949416, 0.2274123306302753] 
[0.12325825328948363, 0.1290880014291706, 0.13202428818374615, 0.13202711725375338, 0.12926036200000465, 0.13005348668954578, 0.34261203396081225, 0.5726960362526866, 0.600536525834121, 0.610223057862382, 0.611881862488966, 0.6047821528232028, 0.5570375353935455, 0.2274230186471505] 
[0.12326624085265438, 0.12911086736927668, 0.13204658948175, 0.1320467486490992, 0.12926865966003875, 0.13005920596210402, 0.34260482076283855, 0.5727078593404112, 0.6005670118035605, 0.6102604955314745, 0.6119152065579628, 0.604807720864479, 0.5570413455847174, 0.22743474052333063] 
[0.1232750323826569, 0.12913263337046527, 0.13206973428594415, 0.13206644405456353, 0.1292779166163263, 0.13006588963626053, 0.34259504828651005, 0.5727181071493481, 0.6005965819052966, 0.6102989537993881, 0.6119471430507029, 0.6048333238877777, 0.5570461345884308, 0.22744724028600527] 
[0.12328310761196279, 0.12915417047630487, 0.13209175311786578, 0.1320860257794922, 0.1292862636747322, 0.13007211100470825, 0.3425866852840614, 0.5727290423295465, 0.6006253100857041, 0.6103358794771399, 0.6119786127398668, 0.6048581787573764, 0.5570504697679769, 0.22745930481974172] 
[0.12329119137485178, 0.12917558042636235, 0.1321130250125843, 0.1321047381600909, 0.12929510545335882, 0.13007793558449204, 0.3425790558628693, 0.5727399967346898, 0.6006535903178866, 0.6103726842620377, 0.6120104115171411, 0.6048818269217826, 0.5570544660151288, 0.22747054632295813] 
[0.12329873987999052, 0.1291965408478674, 0.1321338294779652, 0.132123060726065, 0.12930356462714995, 0.1300836309420218, 0.34257182494440275, 0.5727510174217489, 0.6006814701136766, 0.6104082118692651, 0.6120414222912279, 0.6049048751623362, 0.5570584472348643, 0.22748184649801714] 
[0.12330584923982038, 0.12921695579730108, 0.13215406000222107, 0.13214111440698717, 0.12931159723841928, 0.13008910143063385, 0.3425649321412576, 0.5727620194033204, 0.6007088406453068, 0.610442650937109, 0.6120717504844285, 0.604927502480712, 0.557062298127862, 0.2274931674032501] 
[0.12331289577481243, 0.1292375204516965, 0.13217323604010467, 0.13215908953419797, 0.12931989418852521, 0.13009350527965055, 0.3425586397955175, 0.572773625227003, 0.6007354540421794, 0.6104765869833081, 0.6121011539406478, 0.6049494363149563, 0.5570665638071437, 0.2275048992121809] 
[0.12331959763032457, 0.12925766123826382, 0.13219188956133332, 0.13217635571572997, 0.12932810353225457, 0.13009824040953585, 0.34255208992781183, 0.5727848069982774, 0.600761575274433, 0.6105099295572625, 0.6121297793993408, 0.6049705656586657, 0.5570704545588099, 0.22751637588938875] 
[0.12332569259481911, 0.1292770524209306, 0.13221015664791896, 0.1321935947770327, 0.12933557965489537, 0.13010277016335625, 0.342546095846433, 0.5727956793665503, 0.6007870931760638, 0.6105419572927258, 0.6121578003095209, 0.6049915986259896, 0.5570742370984608, 0.22752788218025488] 
[0.12333115300374486, 0.12929554282244995, 0.1322280097842227, 0.13221036044389364, 0.129342246838285, 0.1301074441001695, 0.3425405386704967, 0.572806485170291, 0.6008123866978093, 0.6105725876215268, 0.6121854742067268, 0.6050117975651044, 0.5570776381886575, 0.22753931154079832] 
[0.12333564189589938, 0.1293128350482446, 0.13224469385570423, 0.1322275034359307, 0.1293482725945258, 0.1301115147574131, 0.3425350974707871, 0.572816250688466, 0.6008365131614658, 0.6106022167313548, 0.6122115215663211, 0.6050326932388059, 0.557080797762539, 0.22755032150684884] 
[0.12334001104945513, 0.12932975471222852, 0.13226108267147096, 0.1322442322878595, 0.12935411983378997, 0.13011559491779476, 0.34252970574729574, 0.5728259528312104, 0.600860143070781, 0.610631089551618, 0.6122370671006447, 0.6050530644010795, 0.557083873862145, 0.22756118310267698] 
[0.12334407102207234, 0.12934610426830576, 0.13227719768077428, 0.13226070818193314, 0.1293595623152327, 0.13011963848457078, 0.34252427275782876, 0.5728353632080599, 0.6008833809035291, 0.6106591226947865, 0.6122620926722329, 0.6050727928834371, 0.5570870872854432, 0.22757210900807665] 
[0.12334815300833236, 0.1293615503997285, 0.13229263607701022, 0.132277159714481, 0.12936538307664683, 0.1301235754007803, 0.3425187246112844, 0.5728446693505433, 0.6009066937390273, 0.6106871371545212, 0.612286698283277, 0.6050921012840084, 0.5570902234943331, 0.2275831374651953] 
[0.1233529645718388, 0.12937636059330876, 0.13230746468916654, 0.1322940252473126, 0.1293701409406894, 0.13012708619834754, 0.342513756143329, 0.5728551264437625, 0.6009300862769791, 0.6107153071800848, 0.6123118894172893, 0.6051107649789319, 0.5570929012476028, 0.2275938860865829] 
[0.12335675990392114, 0.12939029782360384, 0.13232101960250162, 0.1323108743695989, 0.12937571244602772, 0.13013012035958618, 0.3425095534715662, 0.5728649044043456, 0.600952042230476, 0.6107433684764318, 0.6123374143665594, 0.6051286701566772, 0.557094791125731, 0.22760509739868384] 
[0.12336047649696494, 0.12940409193404756, 0.13233450496096194, 0.13232720950131796, 0.12938110675949138, 0.1301332471281754, 0.34250529794424867, 0.5728744751986274, 0.600973453796691, 0.6107705882093987, 0.6123623621174528, 0.6051461220411841, 0.5570967158665611, 0.22761605355178663] 
[0.12336441129219444, 0.1294173879234671, 0.13234736493722404, 0.13234385596348897, 0.12938594569230663, 0.13013603266671858, 0.3425001830385786, 0.572883349377162, 0.6009951314946966, 0.6107968348224582, 0.6123866570406746, 0.6051639109412212, 0.5570986952271179, 0.2276277568483722] 
[0.12336818439675946, 0.1294307282494882, 0.13235989591938527, 0.1323598890165126, 0.12939055442080555, 0.130138498955682, 0.34249500196007415, 0.5728923337992736, 0.6010166093505303, 0.6108226849202382, 0.6124102711502757, 0.6051815164566615, 0.5571008656085544, 0.22763888519112244] 
[0.12337195312986059, 0.12944385468097283, 0.13237266404633333, 0.1323753938017526, 0.1293950956927121, 0.13014135512315225, 0.34248942308457664, 0.5729012863442012, 0.6010375739874356, 0.6108479481141467, 0.6124335731041779, 0.6051984941982266, 0.5571032230904932, 0.2276499453103653] 
[0.1233758318720375, 0.12945668789393344, 0.1323851422660096, 0.13239066972188573, 0.12939977600132332, 0.1301437737136975, 0.3424837924262338, 0.5729104108708443, 0.6010578615138388, 0.6108723014868493, 0.6124566077624135, 0.605215314699976, 0.5571057362894264, 0.22766053066416436] 
[0.1233796133383119, 0.12946933301160676, 0.13239755705675843, 0.13240544372239646, 0.12940438629187334, 0.130146316901909, 0.3424782056609987, 0.5729194160618764, 0.6010776574550525, 0.610896034063545, 0.6124790804649465, 0.6052317309520128, 0.5571082151347032, 0.22767087624650834] 
[0.12338306667673285, 0.1294813683090424, 0.13240958055209184, 0.13241949133815312, 0.12940866467534834, 0.13014956504683323, 0.3424716857527839, 0.5729281023007968, 0.6010966011998627, 0.6109196280426751, 0.6125005655659953, 0.6052478482225839, 0.5571107981486448, 0.2276821133774819] 
[0.12338639850188544, 0.12949323015591582, 0.13242162921587827, 0.1324332931259419, 0.12941264353285353, 0.13015281124118774, 0.34246499027393845, 0.5729367249959317, 0.6011151220761789, 0.6109423317958352, 0.6125215127698699, 0.6052635743838, 0.5571133984432339, 0.22769345871444222] 
[0.12338964152919803, 0.12950494238072394, 0.1324334745625788, 0.13244677521864098, 0.12941651563317344, 0.13015596679917754, 0.34245828596086536, 0.572945075201726, 0.6011332454141096, 0.6109643834168844, 0.6125419516509257, 0.6052790369484564, 0.5571160284212199, 0.22770481215015484] 
[0.12339257611265451, 0.12951644585629793, 0.13244519450452652, 0.13245960094857967, 0.12942039614586529, 0.13015873953280085, 0.34245168222980354, 0.5729536880177437, 0.6011512023224616, 0.6109858343085425, 0.6125617258744315, 0.6052937621321774, 0.5571188932348112, 0.22771563194059155] 
[0.12339548188521496, 0.12952777296672036, 0.13245673009925982, 0.13247204997420745, 0.12942412135358355, 0.13016151015013203, 0.34244521282272516, 0.5729621813160896, 0.6011687562218312, 0.6110066111160644, 0.6125811005764749, 0.6053081797852778, 0.5571216534449418, 0.22772631239479738] 
[0.12339834702217894, 0.12953904783987033, 0.13246799904911097, 0.132483917708724, 0.1294280158895508, 0.1301643238731111, 0.3424384981105307, 0.5729706567407404, 0.6011856270770316, 0.6110267442152908, 0.612600228685463, 0.6053219832138572, 0.5571243398036216, 0.227737120688014] 
[0.12340110938485108, 0.12955016393361934, 0.13247908914052717, 0.1324954430960739, 0.12943179962885698, 0.130167112950624, 0.3424317518402939, 0.5729789161989844, 0.6012020816810251, 0.6110462498296457, 0.6126188880825145, 0.6053354219543238, 0.5571269375105214, 0.2277478416589731] 
[0.12340356453340316, 0.12956097071945982, 0.13248986268942547, 0.13250664683012403, 0.12943521998743884, 0.1301701015414005, 0.3424254298581415, 0.5729871010805332, 0.6012180993656083, 0.611064899382697, 0.6126372719171457, 0.6053485949612131, 0.5571294261348214, 0.2277584141623212] 
[0.12340606456129904, 0.1295716191198152, 0.13250053733101358, 0.1325175044881282, 0.12943859494702276, 0.13017306055267494, 0.3424190983262186, 0.5729950760342367, 0.6012337463406529, 0.6110831055457181, 0.6126552541135919, 0.6053615013889534, 0.5571319075093422, 0.2277688093608419] 
[0.12340851065745491, 0.12958203888570702, 0.13251107034899046, 0.13252806125144742, 0.1294418598340906, 0.13017612353595814, 0.3424128144280606, 0.5730028481312078, 0.6012489636772826, 0.6111008978821716, 0.6126728343545419, 0.6053740974940294, 0.557134262877859, 0.22777908291729385] 
[0.12341077990127441, 0.12959206464492867, 0.1325213023458729, 0.13253851810898537, 0.12944585896576086, 0.13017908898186428, 0.34240691813270097, 0.5730115072577904, 0.6012646738698083, 0.6111184451591846, 0.6126909808992541, 0.6053864996163151, 0.557136853392682, 0.2277892747623401] 
[0.12341263401242833, 0.12960253632253485, 0.13253165805164638, 0.13254823767844806, 0.12945044307421227, 0.13018171283891447, 0.342401188842859, 0.5730191711892411, 0.6012791754347537, 0.6111360554098286, 0.612708112012073, 0.6053994197882043, 0.5571391226529699, 0.22779981968558727] 
[0.12341442029025507, 0.12961293772779178, 0.13254194119816232, 0.13255777763519327, 0.12945465323432387, 0.1301842612184444, 0.34239567079645783, 0.5730265871175008, 0.6012932161437492, 0.6111529725750027, 0.6127249033199912, 0.6054121356629165, 0.5571412285431887, 0.22780997397888728] 
[0.12341626265513422, 0.12962311381412658, 0.13255212284872134, 0.13256706726637774, 0.12945870785308183, 0.13018687245811608, 0.34239004323687455, 0.573033772222947, 0.6013069534910478, 0.6111694764159572, 0.6127412630759415, 0.6054245294799306, 0.557143328116346, 0.22782002054841505] 
[0.12341856733374529, 0.1296325342215031, 0.13256261636504207, 0.1325765565443397, 0.12946274643542297, 0.13018949296989799, 0.34238470708393454, 0.573040230404584, 0.6013198660425486, 0.6111848691162051, 0.6127573667554074, 0.6054362045271, 0.5571448850410374, 0.22783028734989202] 
[0.12342095921644626, 0.12964184787779276, 0.13257304602440706, 0.13258576028878827, 0.1294667000307557, 0.13019221974310075, 0.3423792972149491, 0.5730464529086127, 0.601332455494797, 0.6111999773644593, 0.6127730180979226, 0.6054475212974899, 0.5571465039581618, 0.22784029010657667] 
[0.12342332452163485, 0.12965101395599002, 0.1325833146788745, 0.13259472092382843, 0.12947048401486883, 0.13019500270324255, 0.3423738785295635, 0.5730525500793893, 0.6013448028275041, 0.6112147610434585, 0.6127882875103706, 0.6054585261901374, 0.5571481244089704, 0.22785008334430937] 
[0.12342540673267129, 0.12966022546357212, 0.13259337656010017, 0.13260380927760196, 0.12947407982423792, 0.13019769025795722, 0.3423677154576582, 0.5730583244408876, 0.6013573103658063, 0.6112292031671442, 0.6128031065789203, 0.6054693455106711, 0.5571500232196963, 0.22786061146057243] 
[0.12342776214555748, 0.1296689616928757, 0.13260298097941195, 0.13261252976998042, 0.12947786212354656, 0.13020005495751133, 0.3423611575092775, 0.5730638494263413, 0.6013696113719051, 0.6112431664380064, 0.6128173618752755, 0.6054802255088757, 0.5571516974085007, 0.2278711181543473] 
[0.1234300093926338, 0.12967749278582996, 0.13261230128946327, 0.13262101743889304, 0.12948159415558733, 0.13020261179295897, 0.3423546765708217, 0.5730691631112836, 0.6013814987435501, 0.6112567696455995, 0.6128313331709593, 0.605490906336108, 0.5571532405459273, 0.2278815835094883] 
[0.1234321957107019, 0.1296857698445539, 0.13262149565119088, 0.13262920035933684, 0.1294851770879325, 0.13020518009925888, 0.34234798092338886, 0.5730744317205613, 0.6013931601176892, 0.6112699631470713, 0.6128448484005675, 0.6055011879868585, 0.5571549145612789, 0.22789209294144003] 
[0.12343417736673622, 0.1296940912990843, 0.132630291126975, 0.13263721314662116, 0.12948834201915332, 0.1302075495244653, 0.3423415527528402, 0.5730794796519274, 0.6014046968534875, 0.6112827453041572, 0.6128578650529717, 0.6055110975032932, 0.5571566705542486, 0.22790232958151038] 
[0.12343614540952166, 0.1297022319031665, 0.13263895481866547, 0.1326449715253816, 0.12949140179540963, 0.1302099572617176, 0.34233511729636135, 0.5730844791631394, 0.6014159712888484, 0.6112952715495954, 0.6128706069239984, 0.6055207398139295, 0.5571583986880427, 0.22791238396543434] 
[0.12343797951123366, 0.12971013171638057, 0.1326473838520403, 0.1326526075678069, 0.12949422011833311, 0.13021224753638613, 0.3423287658958076, 0.5730895253773197, 0.6014270861418811, 0.6113073599990277, 0.6128830948496854, 0.605530083728418, 0.5571600865588792, 0.22792237279105054] 
[0.12343988758247573, 0.12971781687077957, 0.13265559360182666, 0.13266022126671503, 0.12949704064980355, 0.13021435831828979, 0.3423225212102892, 0.5730945424926079, 0.6014382120851989, 0.6113194037287781, 0.6128953037858693, 0.6055394446664732, 0.5571619597414688, 0.22793232167048905] 
[0.12344173852640694, 0.12972529027526125, 0.13266364218615329, 0.13266761838511812, 0.1294997880131436, 0.13021651569999027, 0.3423162521497302, 0.5730995607397289, 0.6014490812556341, 0.6113311593302567, 0.6129071811108883, 0.605548494344302, 0.5571637904145781, 0.2279420476444026] 
[0.12344317686307762, 0.1297330274661368, 0.1326720534759827, 0.1326743110235312, 0.1295019911669412, 0.13021960182749795, 0.34230897147201156, 0.5731037638508083, 0.6014590394234001, 0.6113422173429136, 0.6129189650018436, 0.6055567335856122, 0.5571654001306326, 0.2279524747297] 
[0.123444607898511, 0.12974056191063044, 0.1326803171279282, 0.1326808418159648, 0.12950417837332232, 0.13022260011121198, 0.3423016265050516, 0.5731078869375221, 0.6014687723579455, 0.6113530610416454, 0.6129304846678458, 0.6055647772993907, 0.5571670000082632, 0.2279628264949136] 
[0.12344609204607576, 0.12974787770572777, 0.13268852958054742, 0.13268730235373632, 0.12950622955394075, 0.1302256004649789, 0.34229422287634775, 0.573111974420063, 0.6014783745809417, 0.6113635607342944, 0.6129416427891384, 0.6055727504501126, 0.5571686631554977, 0.22797306146253618] 
[0.12344763321201442, 0.12975495006921328, 0.13269672561838033, 0.1326935096655423, 0.1295084712980558, 0.13022863221390862, 0.3422860928151133, 0.5731157259894144, 0.6014878704232057, 0.6113744663960086, 0.612952640413172, 0.6055804317403176, 0.5571707356512157, 0.22798353738472255] 
[0.12344949352719256, 0.1297621036387163, 0.13270471690706087, 0.13269949689570718, 0.1295105902066174, 0.1302317747106246, 0.3422770650661488, 0.573118941467774, 0.6014975467690445, 0.6113854683903994, 0.6129631970964872, 0.6055876558734224, 0.5571731443242797, 0.22799476647233544] 
[0.12345135118341984, 0.12976908500856493, 0.13271255413179292, 0.1327053797057801, 0.12951259996977812, 0.13023477076524334, 0.3422680480215607, 0.5731221308460231, 0.6015069945337542, 0.6113961877061742, 0.6129735590055189, 0.6055947309510965, 0.5571755544251756, 0.22800596549647062] 
[0.12345318457437778, 0.1297758947769174, 0.13272017822009086, 0.13271111800973673, 0.12951458680016556, 0.1302376741886079, 0.34225914734039975, 0.5731253555193417, 0.6015162105369882, 0.6114066952765214, 0.6129837144074857, 0.6056016649033182, 0.5571778728672262, 0.22801702970082063] 
[0.12345514965642497, 0.1297827420755075, 0.13272746452062212, 0.1327165837751516, 0.12951664951852426, 0.13024017386456918, 0.34225027123592705, 0.573128688908228, 0.6015254262866513, 0.6114167186200419, 0.6129934140372497, 0.6056086278107919, 0.5571803325693027, 0.22802778402135854] 
[0.123457055584401, 0.12978943879652552, 0.1327345768658754, 0.1327219122698688, 0.12951865773565888, 0.13024258428053775, 0.3422415064135833, 0.5731320491542323, 0.6015344391040434, 0.6114265133147048, 0.6130029172988716, 0.6056154544792078, 0.5571827268424451, 0.22803842143663697] 
[0.12345884985452092, 0.12979615101834133, 0.13274156941483625, 0.13272696520800345, 0.12952040147841712, 0.1302451507803687, 0.34223291581151666, 0.5731351740246843, 0.601543039415576, 0.6114359151161801, 0.6130119837177886, 0.605622232217454, 0.5571850945631079, 0.2280491487823332] 
[0.12346052747842942, 0.12980247056843724, 0.13274859172770814, 0.13273171103472392, 0.12952236130218064, 0.1302478303194585, 0.342224644076347, 0.5731381280165241, 0.6015515589817663, 0.6114452678017437, 0.6130207103442977, 0.6056290494401042, 0.5571875221790449, 0.22805946912367264] 
[0.1234620317648331, 0.12980889053486575, 0.1327552162286566, 0.13273646151067406, 0.12952450737102464, 0.13025012047555706, 0.3422163762783081, 0.5731414119294125, 0.6015601839126721, 0.6114546443323866, 0.6130290999609247, 0.6056355094859633, 0.557189708122853, 0.22806943342441247] 
[0.12346327937519072, 0.1298148798828544, 0.13276171180358978, 0.13274097542429814, 0.12952684342289852, 0.1302520910577091, 0.34220887381531684, 0.5731450983518722, 0.6015682206677335, 0.6114639377365653, 0.6130371907902585, 0.6056416270106761, 0.557191587619192, 0.22807853793760605] 
[0.1234644823712141, 0.12982071358323768, 0.13276802380862898, 0.1327453622068471, 0.1295291182583883, 0.13025395960563643, 0.3422013572142289, 0.573148684771566, 0.6015761449199051, 0.611472992722655, 0.613045153196959, 0.6056475920234257, 0.5571935172624727, 0.2280876646124367] 
[0.12346571301115147, 0.12982649691951942, 0.13277409688290204, 0.13274955745429576, 0.12953121605261203, 0.1302557987116751, 0.3421941911737501, 0.5731524070234798, 0.6015837715010589, 0.6114817922346943, 0.6130529760386239, 0.6056534643550363, 0.5571952412278175, 0.22809643123734835] 
[0.12346700237309552, 0.12983220281210064, 0.1327800062773712, 0.1327537277650797, 0.12953316975178156, 0.13025755349647683, 0.34218708940345943, 0.5731561295364673, 0.6015913001620723, 0.6114904345086116, 0.6130606330803491, 0.6056592650108056, 0.5571969302339583, 0.22810519985924543] 
[0.1234683609327766, 0.1298377360883713, 0.1327857942112594, 0.13275780598678108, 0.12953508719003873, 0.13025934892910776, 0.3421799337534702, 0.5731598405614813, 0.6015987110955715, 0.6114989379462737, 0.6130681164047577, 0.6056648685294619, 0.5571986077670794, 0.2281139091299755] 
[0.12346972136409044, 0.12984319529843194, 0.13279139521586092, 0.1327618136477852, 0.12953693008130943, 0.1302611325192423, 0.34217283398158593, 0.5731634265276591, 0.6016060365793977, 0.6115072467884518, 0.6130755087108771, 0.6056704295577595, 0.5572002751540899, 0.22812258832584983] 
[0.12347104962884153, 0.12984855609054305, 0.1327967149399691, 0.13276557888128837, 0.12953889259985218, 0.13026271337695255, 0.34216590555806853, 0.5731669767366255, 0.6016130696216011, 0.6115155074675552, 0.6130826572459205, 0.6056759140587201, 0.5572019423359461, 0.22813130112096466] 
[0.12347258314895602, 0.1298538731377782, 0.13280155358837217, 0.1327692986309021, 0.12954027315391375, 0.13026367137752137, 0.34215985791449655, 0.573170245240182, 0.6016196585636536, 0.6115228159023453, 0.6130892845243211, 0.6056814381662455, 0.5572036831957378, 0.22813918410610518] 
[0.12347410120326656, 0.12985903546632027, 0.1328063040437548, 0.13277293114075195, 0.12954162235441596, 0.13026464773901336, 0.3421538105814979, 0.5731734748046389, 0.6016261222372352, 0.6115299675965403, 0.6130957927854348, 0.6056868279335594, 0.5572053850345703, 0.22814700678708902] 
[0.12347565498652323, 0.12986411010957183, 0.13281097283048107, 0.13277640917374348, 0.12954304119292193, 0.13026561132170852, 0.342147684400391, 0.5731767000203183, 0.6016323907198052, 0.611537069907767, 0.6131022734057828, 0.605692035375391, 0.5572071347698818, 0.22815474216982712] 
[0.12347721885460944, 0.12986899564506116, 0.1328156177706554, 0.13277986011774712, 0.1295443373198524, 0.13026666404248904, 0.34214149633534485, 0.573179792464664, 0.6016384670645115, 0.6115439352175142, 0.6131085115136826, 0.6056971615883237, 0.5572088373483707, 0.22816238469719327] 
[0.12347875465771792, 0.12987374757506231, 0.13282017489452344, 0.13278322708602652, 0.12954560209088775, 0.1302677165692973, 0.34213531234739875, 0.5731828543271262, 0.6016444327624787, 0.6115506553354865, 0.6131146326132136, 0.6057021673936559, 0.5572105125981206, 0.22816998640448485] 
[0.12348028374670646, 0.12987835735232844, 0.13282461790398786, 0.13278653565983642, 0.12954687440581533, 0.13026871827911712, 0.34212918906677553, 0.5731859481777765, 0.6016503370284573, 0.6115571851939062, 0.6131206979870988, 0.6057070337414937, 0.5572122154459147, 0.22817756618605714] 
[0.12348171342566333, 0.1298826985281994, 0.13282903967360743, 0.1327898561882211, 0.12954798022127384, 0.1302698635500902, 0.3421230453321684, 0.5731888911266068, 0.6016562441106791, 0.6115636480154012, 0.6131265131642357, 0.6057117233878406, 0.5572137949525298, 0.2281852359848835] 
[0.12348316065532498, 0.12988691186395784, 0.13283334543298894, 0.1327931117521955, 0.12954901390246176, 0.13027099242077417, 0.3421168299777152, 0.5731917413449148, 0.601662063767837, 0.6115699342184414, 0.6131321743543418, 0.6057162735776999, 0.5572153213076133, 0.22819290549032256] 
[0.12348459194861405, 0.12989103154147486, 0.13283757470997734, 0.13279627383963, 0.12955004066112102, 0.13027210458690472, 0.34211063222295474, 0.5731945665250324, 0.6016677543392686, 0.6115760954510602, 0.6131377484414722, 0.6057207302538811, 0.5572168343854311, 0.22820051212118522] 
[0.12348591762098486, 0.1298949973229067, 0.13284162851433656, 0.13279929971928944, 0.129551132309971, 0.13027310773421846, 0.3421046024522403, 0.5731974841547205, 0.6016732539873813, 0.6115821934670488, 0.6131433745015764, 0.605725179860017, 0.5572182718254982, 0.22820805009094086] 
[0.1234872046716386, 0.12989887839821618, 0.13284563469700755, 0.13280224537129298, 0.12955221448333765, 0.13027409155344571, 0.34209851861750656, 0.5732003449293178, 0.6016786684014086, 0.6115881378282835, 0.6131488694562849, 0.6057295196075049, 0.5572197359238882, 0.22821558686497184] 
[0.12348850529439262, 0.12990264097599294, 0.13284956923011468, 0.1328051161974294, 0.12955324998577641, 0.13027508188807221, 0.34209241976869653, 0.5732031869447147, 0.6016839990136833, 0.6115939837469172, 0.613154235191007, 0.6057337636180286, 0.5572211805859805, 0.22822307483272672] 
[0.12348977340601523, 0.12990632727816173, 0.13285343784698697, 0.13280791561629804, 0.12955425072105198, 0.1302760532014779, 0.3420863508704815, 0.5732060146166984, 0.6016892073137963, 0.6115996755590708, 0.6131595073179956, 0.605737902037302, 0.557222617414184, 0.2282304903468459] 
[0.12349111390441715, 0.12991002599053905, 0.13285718937480578, 0.13281075928070696, 0.12955536395710027, 0.13027706810144418, 0.34208021914516934, 0.5732088266827182, 0.6016943163047067, 0.6116055311192314, 0.6131649524692401, 0.6057419072513925, 0.5572242857985685, 0.22823812372876243] 
[0.123492500771488, 0.12991367302434187, 0.13286092016624904, 0.13281348833541126, 0.12955650160775714, 0.130278061223232, 0.3420740218724931, 0.5732115575595226, 0.6016993388467324, 0.6116113194745628, 0.6131702497989676, 0.6057457877551179, 0.5572259074310845, 0.22824568013272054] 
[0.12349390506067462, 0.12991718386743029, 0.1328646494561307, 0.1328161885210217, 0.12955766906432692, 0.13027900518115637, 0.34206766821553974, 0.5732141571752607, 0.601704229625755, 0.6116169320479812, 0.6131753421248622, 0.6057495574426167, 0.5572275866000949, 0.22825332855878439] 
[0.12349522994536824, 0.12992042834198558, 0.13286847114507946, 0.13281891532397067, 0.12955872503970373, 0.13028036280675817, 0.34206063676755094, 0.5732166428795263, 0.601708966881651, 0.6116226106655877, 0.613180103654576, 0.6057531193251874, 0.5572292195647954, 0.22826152196917876] 
[0.12349643873170518, 0.12992364523345362, 0.13287223745922372, 0.13282153248048342, 0.12955980245637463, 0.13028181608761816, 0.34205360097718984, 0.5732190498351196, 0.6017135716634536, 0.6116281958774136, 0.6131848223373072, 0.6057565753924453, 0.5572308264279322, 0.22826979162254335] 
[0.12349760275307375, 0.12992677996935753, 0.1328758943047058, 0.13282408471205678, 0.1295608679089329, 0.13028322902494993, 0.3420466373750902, 0.573221454399871, 0.6017181168608127, 0.6116336177531574, 0.6131894885782107, 0.6057599961572933, 0.5572324184540981, 0.2282780135664843] 
[0.12349871061249816, 0.1299299863658868, 0.13287944659926065, 0.13282661955629807, 0.12956206120913336, 0.1302844920207374, 0.3420395458902911, 0.5732237302710419, 0.6017225207992298, 0.6116390411495156, 0.6131942200679882, 0.6057634403515049, 0.5572341617385718, 0.22828623342516388] 
[0.12349983120797335, 0.12993313914494148, 0.13288294453290977, 0.13282905634509626, 0.12956318866437538, 0.1302857537338071, 0.3420324877593117, 0.5732260215732702, 0.6017268452113492, 0.6116442772053976, 0.6131988240298712, 0.6057667781741316, 0.5572358288086096, 0.22829434235826412] 
[0.12350092715267019, 0.12993623053158349, 0.13288636073423532, 0.13283143407619485, 0.1295642760117884, 0.1302869597241525, 0.3420254809212716, 0.5732282893386675, 0.6017310977080081, 0.6116493698722506, 0.6132033332002654, 0.6057700615450434, 0.5572374617090431, 0.2283023995310258] 
[0.12350204830848303, 0.12993932053317614, 0.1328895906591462, 0.13283386721115295, 0.12956519083693394, 0.13028819586488058, 0.34201861851170656, 0.5732304364307883, 0.6017353674204997, 0.6116541957838957, 0.6132076216428025, 0.6057734150652363, 0.5572389354593862, 0.22831048911792312] 
[0.12350314417439968, 0.1299423430259066, 0.13289273867931659, 0.13283623781347653, 0.12956607520270563, 0.13028940208035084, 0.3420117952557915, 0.5732325561935048, 0.6017395645766365, 0.6116588972452613, 0.6132118367237822, 0.605776719745095, 0.5572403747538026, 0.22831852327432142] 
[0.12350426310975893, 0.12994532569491585, 0.13289579670174773, 0.13283856000622177, 0.1295669538914681, 0.13029059707091237, 0.3420050607122119, 0.573234649645738, 0.6017437055633915, 0.6116635149100441, 0.6132160143500534, 0.6057799362237656, 0.5572417615443727, 0.22832643376805076] 
[0.12350537559291129, 0.12994820723039416, 0.1328988258399774, 0.13284085036441884, 0.12956779177961392, 0.13029177296074074, 0.3419983507385438, 0.573236686354394, 0.6017477466598958, 0.6116680054402593, 0.6132201430510806, 0.6057831249795714, 0.5572431709068243, 0.2283343393995608] 
[0.12350645951482893, 0.12995100070617702, 0.13290176150897226, 0.1328430370174072, 0.12956857746832834, 0.1302929722158214, 0.3419916150732456, 0.5732386379067943, 0.6017516429944538, 0.6116724380215323, 0.6132242444938665, 0.6057862898724036, 0.5572445662159865, 0.22834215728596535] 
[0.12350751578574476, 0.12995378902662597, 0.1329045806177066, 0.13284520085547621, 0.1295693268297283, 0.13029403519213564, 0.34198504947809344, 0.5732405835596498, 0.6017554712924876, 0.6116766818661455, 0.6132283273141318, 0.6057894068339558, 0.5572459343746692, 0.22834981180325173] 
[0.12350855938130322, 0.1299565917334623, 0.13290727416226605, 0.1328473870318011, 0.12957007288596145, 0.1302950720162635, 0.341978420461652, 0.573242464514468, 0.601759256537974, 0.6116809349609611, 0.6132323409198323, 0.6057924890748118, 0.5572473221373456, 0.22835758025749153] 
[0.12350958070115697, 0.12995932451647732, 0.13290992161611292, 0.13284951724472574, 0.1295708050594821, 0.13029606788566211, 0.3419718090449319, 0.5732443342747069, 0.6017629691857538, 0.6116850757281378, 0.6132362704295188, 0.6057955069669804, 0.5572486934154861, 0.22836529781748563] 
[0.12351061428170755, 0.12996202392860906, 0.13291254138247416, 0.13285155132081666, 0.12957155661241254, 0.13029699017568336, 0.34196527841966723, 0.5732462613684031, 0.6017665645765681, 0.6116890806002931, 0.6132401653372267, 0.6057984278737193, 0.5572500241196572, 0.22837292942230109] 
[0.12351166197208095, 0.12996468365400363, 0.1329151370712342, 0.13285355485489986, 0.12957225360237645, 0.1302979216126872, 0.3419587498602573, 0.5732481409392155, 0.6017700485333348, 0.6116929442723095, 0.613243925040073, 0.6058013132091712, 0.557251286640967, 0.2283804902148425] 
[0.12351268649430734, 0.12996727309993525, 0.13291768444941784, 0.13285550523694825, 0.12957293762166025, 0.13029882231006648, 0.3419522401423903, 0.5732500062198861, 0.6017734713226534, 0.6116967186900102, 0.6132476095797811, 0.6058041426005534, 0.5572525439109498, 0.22838800892877753] 
[0.12351365414187425, 0.12996972227754514, 0.13292017634901102, 0.13285741181557864, 0.12957363598609783, 0.13029977868409612, 0.3419456686504545, 0.5732517706340684, 0.601776759708479, 0.6117004373401739, 0.6132511497793257, 0.6058069391618885, 0.5572537415324472, 0.22839545886592708] 
[0.12351460159638432, 0.12997211732151412, 0.1329226308670938, 0.13285926316677943, 0.12957431745982917, 0.13030069172970307, 0.3419391342907929, 0.5732535358594655, 0.6017799865976945, 0.6117040605408328, 0.6132546221402926, 0.6058096893333056, 0.5572549352623725, 0.22840286903650844] 
[0.12351545668778124, 0.12997434302606292, 0.13292493853379042, 0.13286115077040583, 0.12957507391713524, 0.1303015244573875, 0.3419326287381193, 0.5732551672570201, 0.601783051684302, 0.611707631595175, 0.6132579864156674, 0.6058125321615588, 0.5572559871822372, 0.22841012339806616] 
[0.12351628625439645, 0.1299765115718753, 0.13292720903358693, 0.13286299291732556, 0.12957581223398434, 0.1303023353211003, 0.3419261492362654, 0.5732567824387055, 0.6017860734717315, 0.6117111154470771, 0.6132612834986139, 0.6058153064735238, 0.5572570408379154, 0.22841735516562345] 
[0.12351713541167804, 0.12997865535938574, 0.1329294655444764, 0.1328647812929123, 0.1295765723661967, 0.13030307930962404, 0.34191960726821596, 0.5732583451582964, 0.601789006328749, 0.6117145107511511, 0.6132644915589583, 0.6058180577482383, 0.5572581114919282, 0.2284246200431123] 
[0.12351788300207797, 0.12998080537788753, 0.13293165729441844, 0.13286654625322883, 0.12957738233971672, 0.13030367502662227, 0.3419132713104683, 0.5732599933629745, 0.6017918114471772, 0.6117178075216965, 0.6132677703343223, 0.6058206932626276, 0.5572592617560094, 0.2284316703621412] 
[0.12351863107921107, 0.12998288557316962, 0.13293379973810227, 0.13286825859388093, 0.12957817008416475, 0.13030426103156734, 0.3419069630206084, 0.5732616307475391, 0.6017945861326971, 0.6117210178662948, 0.6132709909520113, 0.6058232772712794, 0.5572603941265013, 0.22843869987151436] 
[0.12351938115730449, 0.12998489917271944, 0.13293592578757174, 0.13286990967758372, 0.12957891677981506, 0.1303048039117393, 0.34190066719216033, 0.5732632750941782, 0.6017973260374996, 0.6117241310825473, 0.6132741625036245, 0.6058257815469344, 0.5572615412102497, 0.22844567450006947] 
[0.12352010689355782, 0.12998688160985053, 0.13293799860921218, 0.1328715330314166, 0.12957963044850904, 0.13030529949136993, 0.34189437745358514, 0.5732648820588825, 0.6018000032968068, 0.6117271879129597, 0.613277260911804, 0.6058282580093228, 0.5572626986024756, 0.2284526164319027] 
[0.12352082418439189, 0.129988818793821, 0.1329400325494759, 0.1328731168782544, 0.12958032145648324, 0.13030577881365116, 0.3418880978382026, 0.5732664652056225, 0.6018026381091532, 0.6117301717886717, 0.613280295910743, 0.6058306805533601, 0.5572638554954903, 0.22845953983429218] 
[0.12352153136807298, 0.12999071017937278, 0.13294202916647552, 0.13287465993730083, 0.12958099121484498, 0.13030624075073496, 0.34188183488971413, 0.5732680292680424, 0.6018052276227878, 0.6117330841644264, 0.6132832705697252, 0.6058330529165455, 0.5572650091413491, 0.2284664373608347] 
[0.12352224209869433, 0.12999256740569146, 0.1329440018241921, 0.13287615493171306, 0.1295816555628016, 0.13030667590121392, 0.34187561266085986, 0.5732695976276392, 0.6018077757490475, 0.6117359450537967, 0.6132862082945117, 0.6058353848774466, 0.5572661487887246, 0.2284732712987436] 
[0.12352300853034617, 0.12999439280117342, 0.13294594796675455, 0.13287762140531692, 0.12958229154120873, 0.1303071251988774, 0.34186935140080815, 0.5732711358621676, 0.6018102818649075, 0.6117387734270633, 0.6132890707226857, 0.6058376010053058, 0.5572673170579464, 0.2284801841873335] 
[0.12352375413974495, 0.12999616952345522, 0.13294785676616308, 0.13287904780188114, 0.12958290446405826, 0.1303075484655056, 0.3418631280074441, 0.5732726702505226, 0.6018127369598627, 0.6117415347795472, 0.6132918778371711, 0.6058397750842178, 0.5572684757410384, 0.22848704956325036] 
[0.1235244867255327, 0.12999789706924386, 0.132949733803449, 0.1328804356058137, 0.1295835038970514, 0.13030795712426071, 0.3418569442229039, 0.5732742040362927, 0.6018151452279803, 0.6117442126820025, 0.6132946315703656, 0.6058418956777413, 0.5572696327842133, 0.2284938661026919] 
[0.12352519769365432, 0.12999956747553193, 0.13295154539109344, 0.1328817465487639, 0.12958405550062643, 0.13030830504364488, 0.341850830361917, 0.5732756630986404, 0.6018174640319944, 0.6117468627795575, 0.613297270541232, 0.6058440036883368, 0.5572707306428367, 0.22850063901432463] 
[0.12352593685766548, 0.13000119800915366, 0.132953286169452, 0.13288305267493064, 0.12958457741835422, 0.1303086373412455, 0.3418446994718505, 0.5732771070355551, 0.601819786711398, 0.6117493969290749, 0.6132997965219852, 0.6058460178438945, 0.5572718059042903, 0.22850735940069458] 
[0.12352667341951142, 0.13000279942547202, 0.13295497535602033, 0.13288433615154926, 0.1295850983644121, 0.13030899496778944, 0.34183854031778654, 0.5732784940634632, 0.6018220359124696, 0.6117518897569582, 0.6133023099391869, 0.6058479574638357, 0.5572729082860539, 0.22851405358445395] 
[0.12352740450135033, 0.13000435028682084, 0.13295664855928724, 0.13288557212558774, 0.1295855889035508, 0.130309335467949, 0.34183239454442477, 0.5732798850943226, 0.6018242360303994, 0.6117543304222126, 0.6133047851569167, 0.6058498437726036, 0.5572739924414272, 0.22852070061391566] 
[0.12352821967771763, 0.13000592399953376, 0.13295836034273456, 0.1328868091246263, 0.1295861404983737, 0.13030975364552855, 0.34182617956544586, 0.5732812035192636, 0.6018263243364791, 0.6117567090357827, 0.6133072747545535, 0.6058517503320903, 0.5572750156418628, 0.22852729238107194] 
[0.12352904853787007, 0.1300074216962235, 0.13295999419572957, 0.1328880482316249, 0.12958661550622871, 0.13031010836211265, 0.34181998556130255, 0.5732825515538131, 0.6018284290648049, 0.6117590595835005, 0.6133096733967076, 0.6058535865203023, 0.5572759879584941, 0.2285338220905549] 
[0.1235298409649536, 0.1300088658749587, 0.1329615899296924, 0.1328892677765302, 0.1295870893830212, 0.13031044120648905, 0.341813782781845, 0.5732838956106929, 0.6018304832874988, 0.6117613369660421, 0.6133120074527556, 0.6058553998497624, 0.557276950259222, 0.22854037585276937] 
[0.12353061125234488, 0.13001029427494262, 0.13296315291219482, 0.13289044580733786, 0.1295875330297147, 0.13031075911509668, 0.3418075877306945, 0.5732852207346834, 0.6018325018831061, 0.611763559348217, 0.6133143061627248, 0.6058571763714204, 0.5572779046285848, 0.22854692102548993] 
[0.1235313038893055, 0.1300117435049591, 0.13296472335017784, 0.1328915430050606, 0.12958802005296197, 0.130310999289767, 0.3418014223229263, 0.5732865046549073, 0.6018344057137388, 0.6117656424599063, 0.6133166007990967, 0.6058588869518883, 0.557278823098667, 0.22855334769269173] 
[0.12353194976567855, 0.13001314177487827, 0.13296624441761468, 0.13289263858588862, 0.12958845847867262, 0.13031119190859183, 0.3417953011798344, 0.5732877429786083, 0.6018362715343576, 0.6117676777933588, 0.6133188385701832, 0.6058606009377026, 0.5572797701524833, 0.22855978806554808] 
[0.1235326059336006, 0.13001447850373846, 0.13296771280464764, 0.13289372344073774, 0.12958890178356167, 0.13031141146003578, 0.34178919760943477, 0.5732889957307161, 0.6018381310159755, 0.6117696507006054, 0.6133210550749827, 0.6058622570471472, 0.5572806800095838, 0.22856618938590248] 
[0.12353323938260875, 0.13001577422419944, 0.1329691565310206, 0.13289478283421366, 0.12958932018283495, 0.13031161286973184, 0.3417831008457506, 0.5732902212647115, 0.601839966407702, 0.6117715891818947, 0.613323219215032, 0.6058638764562086, 0.5572816045043826, 0.2285725845929031] 
[0.12353385677609206, 0.13001704025130925, 0.13297056972862903, 0.13289581584327725, 0.12958972289925935, 0.13031180358313288, 0.3417770229742961, 0.5732914280295889, 0.6018417731356115, 0.6117734831265715, 0.6133253363342724, 0.6058654682842849, 0.5572825318770054, 0.22857897324895055] 
[0.12353446392246399, 0.13001827799926655, 0.13297195399594572, 0.13289682214517232, 0.12959010975510843, 0.13031198509163405, 0.3417709618457364, 0.5732926103172414, 0.6018435547155386, 0.6117753403324945, 0.6133274074840283, 0.6058670310735162, 0.5572834646339135, 0.22858535965197724] 
[0.12353501657696349, 0.13001945254711714, 0.1329732691382138, 0.13289777354504972, 0.12959045570980035, 0.1303121290817484, 0.34176494584372485, 0.5732937364708818, 0.6018452972977246, 0.6117771777993446, 0.6133294611914338, 0.6058685347928777, 0.5572844450355613, 0.22859176604737066] 
[0.12353556454361096, 0.1300205986902153, 0.1329745608643149, 0.13289869874747312, 0.12959078599580362, 0.13031227091819167, 0.3417589421404539, 0.5732948400718595, 0.601847013467944, 0.6117789776990195, 0.6133314667385563, 0.6058700170521951, 0.5572854213383316, 0.22859816331002197] 
[0.12353610408012042, 0.13002172139920623, 0.13297582924701576, 0.1328996010446793, 0.1295911079342963, 0.1303124022217451, 0.34175294687607194, 0.5732959277436286, 0.6018486986965874, 0.6117807352304283, 0.6133334254793936, 0.6058714756564212, 0.5572863978295904, 0.22860455182580675] 
[0.12353662435554974, 0.13002286569955426, 0.1329770891876257, 0.13290051423478735, 0.12959135831455254, 0.13031258496998918, 0.34174692732140277, 0.5732969496287493, 0.6018502889510089, 0.6117823753973282, 0.6133352568082027, 0.6058729614739786, 0.5572872891979826, 0.2286108851137049] 
[0.12353713780473992, 0.13002397326284484, 0.13297832655560382, 0.1329013985285712, 0.1295916044077558, 0.13031275617709773, 0.34174089585231804, 0.5732979589907511, 0.6018518633691968, 0.61178399931701, 0.6133370504285915, 0.6058744159525729, 0.557288199620949, 0.22861723352920488] 
[0.1235376427030311, 0.13002505252368698, 0.13297956998914476, 0.13290223464013284, 0.12959184527923295, 0.13031293078390588, 0.341734851894479, 0.5732989480386097, 0.60185340776023, 0.6117855902472014, 0.6133387989798714, 0.6058758382251217, 0.5572890886609092, 0.2286236118411477] 
[0.12353812142577296, 0.1300260641549767, 0.13298084363527463, 0.13290308278862908, 0.12959212057238575, 0.1303131372396981, 0.34172876942112146, 0.5732999709779671, 0.6018549701091865, 0.6117871946004761, 0.6133404859169111, 0.6058772810826913, 0.5572899412712777, 0.22862996189905757] 
[0.12353855889639488, 0.13002701839236558, 0.1329820382999302, 0.13290390694516604, 0.1295923770760959, 0.1303133279960342, 0.3417227938800236, 0.573300965731382, 0.6018565415561138, 0.61178876195862, 0.6133421827151112, 0.6058787081221642, 0.5572907501098953, 0.22863623265831687] 
[0.12353903062064714, 0.1300279883575953, 0.13298320691912238, 0.13290467361677086, 0.1295926369799806, 0.1303135408222693, 0.34171688386140775, 0.5733019631238383, 0.6018580461197388, 0.6117903342716114, 0.6133438913076449, 0.605880099773478, 0.5572915481136934, 0.2286424185286271] 
[0.12353949290556455, 0.1300289395192036, 0.13298435184167753, 0.1329054203202677, 0.1295928905516094, 0.13031373901691348, 0.3417109909911349, 0.5733029459361877, 0.6018595263036783, 0.6117918699031789, 0.6133455654104429, 0.6058814644299539, 0.5572923547182688, 0.22864859683107516] 
[0.12353987590548472, 0.13002987100567168, 0.13298547782563477, 0.1329061709486995, 0.1295931355197648, 0.13031390622043418, 0.3417052177285154, 0.573303856577426, 0.6018609115374753, 0.6117934185398499, 0.6133471451833061, 0.6058827389814567, 0.5572932298010761, 0.22865465571807977] 
[0.1235402454562393, 0.1300307994754557, 0.13298659518480457, 0.1329069073662191, 0.1295933595254633, 0.13031404493061563, 0.34169945092351417, 0.5733047750164835, 0.601862257884545, 0.6117949393020801, 0.6133486810241504, 0.6058839758574304, 0.55729409371185, 0.22866068404690112] 
[0.12354061028401976, 0.13003172519054426, 0.13298767297259592, 0.13290761005782825, 0.12959357225136672, 0.13031416828037362, 0.3416937003188517, 0.5733056781873808, 0.6018635747972825, 0.6117964420336602, 0.6133502030180547, 0.6058851759386689, 0.5572949454108777, 0.22866668370688792] 
[0.12354096726046086, 0.1300326290768435, 0.13298872849430685, 0.13290829770540066, 0.12959377574430614, 0.1303142818479417, 0.3416879676362816, 0.5733065664294026, 0.6018648745216588, 0.6117979055507317, 0.6133516935380678, 0.6058863567150442, 0.5572958012863903, 0.22867267918605644] 
[0.12354130339848701, 0.13003348954380892, 0.13298979014289924, 0.13290898606111637, 0.12959396054674707, 0.13031436121752654, 0.34168223637088296, 0.5733074691960742, 0.6018661756504835, 0.6117993190251854, 0.6133531677564454, 0.6058875412254343, 0.5572966748963559, 0.22867865960879988] 
[0.12354153994142318, 0.1300342684519069, 0.13299077856118713, 0.13290970869666555, 0.12959418500237438, 0.1303144877335573, 0.34167660662132693, 0.5733084240894769, 0.6018674098039014, 0.6118005829486651, 0.6133545554195756, 0.6058887659501718, 0.5572975797171832, 0.228684681402772] 
[0.12354178903043812, 0.1300350226220722, 0.1329917557224768, 0.13291040656862418, 0.12959439542489437, 0.13031459156309388, 0.34167099394798756, 0.5733093741339695, 0.6018686323611064, 0.6118018107814173, 0.6133559255626356, 0.6058899575467512, 0.5572984967205576, 0.22869069664977848] 
[0.12354202220684322, 0.1300357570433568, 0.13299269980902398, 0.1329110928319316, 0.12959458251572592, 0.13031467650526052, 0.34166540244543403, 0.5733103279084991, 0.6018698284303392, 0.6118030195953174, 0.6133572919502475, 0.6058911207996566, 0.5572994215406875, 0.22869670488250893] 
[0.12354226235770284, 0.13003647894884887, 0.13299364451403087, 0.13291177310903596, 0.129594771875652, 0.13031474922689357, 0.3416598166281229, 0.573311284553552, 0.6018709847858874, 0.6118042041214001, 0.6133586370121059, 0.605892280531224, 0.5573003463382297, 0.2287026935271092] 
[0.12354249553825442, 0.13003720298423765, 0.13299456143906097, 0.1329124251576912, 0.12959494929084925, 0.13031479715987018, 0.3416542393797247, 0.5733122373091191, 0.6018721090853127, 0.6118053523162176, 0.61335996657554, 0.6058934256701739, 0.5573012801659654, 0.22870865710534638] 
[0.12354273854130167, 0.13003791636384696, 0.1329954602745606, 0.13291305560442523, 0.12959512897875758, 0.13031484182432976, 0.3416486671836174, 0.5733131714337449, 0.601873214568305, 0.6118064791532203, 0.61336126781132, 0.6058945459056202, 0.5573022096526029, 0.22871460869805932] 
[0.12354301781971307, 0.1300386181493558, 0.1329963392430799, 0.13291364691022142, 0.12959528261564177, 0.13031491319654595, 0.3416431605675904, 0.5733141259539245, 0.6018743203531628, 0.6118076168051988, 0.613362584101453, 0.6058956462967734, 0.5573031106552949, 0.22872048138635453] 
[0.12354330536410865, 0.1300393098191868, 0.13299719966659823, 0.13291421999772748, 0.12959543445346045, 0.13031497914566498, 0.34163765658657225, 0.5733150586746393, 0.6018754086160889, 0.611808736524907, 0.6133638732936285, 0.6058967218411075, 0.5573040076275947, 0.22872634178817547] 
[0.12354361450959066, 0.13004000101856317, 0.132998080619603, 0.13291480560167407, 0.12959562552697898, 0.13031506743178475, 0.34163222216047057, 0.5733160245103815, 0.6018765102019918, 0.6118098424928631, 0.6133651172516499, 0.6058978152815269, 0.5573048999060239, 0.2287321228270694] 
[0.12354393039716284, 0.1300406753458723, 0.1329989470481746, 0.1329153770256927, 0.12959581117559002, 0.13031515124683343, 0.34162679177608185, 0.5733169739634933, 0.6018775905295425, 0.6118109248091719, 0.6133663335099774, 0.6058988903972068, 0.5573057929290104, 0.22873789144390275] 
[0.12354427521280704, 0.13004143475143898, 0.13299970136012404, 0.13291585887375498, 0.12959591422730712, 0.1303153197221242, 0.3416214823935058, 0.573318015921357, 0.6018785728118449, 0.6118118639140547, 0.6133676233219333, 0.6058998370842181, 0.5573067444429898, 0.2287436958873341] 
[0.12354466079006578, 0.1300422100657519, 0.13300038746280865, 0.13291636028325524, 0.12959603923877397, 0.13031541750730036, 0.341616166703173, 0.5733189827145109, 0.6018795927488063, 0.6118127362073763, 0.6133688136009671, 0.6059007414226828, 0.5573076370399477, 0.22874944162384522] 
[0.12354491766682887, 0.1300430615195428, 0.1330010699567984, 0.13291672438654226, 0.12959616709930055, 0.13031556748382975, 0.3416110187204759, 0.5733198742240204, 0.6018804932870839, 0.611813431727177, 0.6133698719586445, 0.6059016059719105, 0.5573085808552759, 0.2287550168485245] 
[0.1235452464031854, 0.13004380864546197, 0.13300166020204407, 0.13291712123380234, 0.12959621354520653, 0.13031568917436231, 0.3416059263650336, 0.5733207013522926, 0.6018813471551205, 0.6118141533827584, 0.6133708435969907, 0.6059024189547816, 0.5573094356404108, 0.2287605936267669] 
[0.12354557348322047, 0.1300445309260094, 0.13300224455186183, 0.13291750104520658, 0.12959627008553137, 0.13031581749863938, 0.3416008226064537, 0.5733215148813279, 0.6018821795042798, 0.6118148828372261, 0.6133718049690967, 0.6059032077150822, 0.5573102775025011, 0.22876614812894544] 
[0.12354590059948675, 0.13004523080652478, 0.1330028192518433, 0.13291786957040885, 0.12959633086833267, 0.13031593589860596, 0.341595714597857, 0.5733223114431852, 0.6018830004241816, 0.6118156050798351, 0.6133727447704995, 0.6059039832200607, 0.5573111175827999, 0.22877169402505215] 
[0.12354626340700689, 0.13004588090422337, 0.13300335748953046, 0.13291825371615304, 0.12959636859161341, 0.13031607648227758, 0.3415905898328048, 0.5733231153588275, 0.6018837879019499, 0.6118163624637558, 0.6133736983131935, 0.605904775250148, 0.5573119152759541, 0.22877720404392168] 
[0.12354662595327023, 0.1300465377772271, 0.13300388909252975, 0.13291863070137983, 0.12959643265432313, 0.13031618165056158, 0.3415854299955983, 0.5733238927115807, 0.6018845664921768, 0.6118170980752906, 0.6133746267150582, 0.6059055719929636, 0.5573127441012998, 0.22878274338024415] 
[0.12354698349310768, 0.1300471732785256, 0.1330044179716007, 0.13291899786664318, 0.1295965037328151, 0.13031628029537742, 0.34158026791154383, 0.5733246515666106, 0.6018853333282262, 0.6118178220560856, 0.6133755325784978, 0.6059063570231175, 0.5573135751863025, 0.22878827163038123] 
[0.12354735982730769, 0.1300477312457496, 0.13300494002999552, 0.13291940993816517, 0.12959664520823164, 0.13031639535637235, 0.34157496421916395, 0.5733252899853856, 0.6018861027898028, 0.6118185771284758, 0.6133764103092586, 0.6059071345151241, 0.5573144367771269, 0.2287939425952918] 
[0.12354774825847041, 0.1300482605249299, 0.13300544268624623, 0.13291981595443586, 0.1295968008404061, 0.13031652122893211, 0.34156965243264237, 0.5733259303231418, 0.601886874769395, 0.6118193370349175, 0.6133772592713941, 0.6059078835450754, 0.5573152774414296, 0.22879959034411368] 
[0.12354810840296158, 0.13004879684219353, 0.13300592079389617, 0.13292018662721383, 0.1295969481594487, 0.13031665335921047, 0.3415643528985918, 0.573326563959438, 0.601887615766421, 0.6118200692227455, 0.613378071666604, 0.6059086089765867, 0.5573161020354099, 0.2288052017978441] 
[0.12354845941890673, 0.1300493262886859, 0.1330063726640046, 0.13292054794614172, 0.12959712425497746, 0.13031677532997674, 0.34155900648074966, 0.5733272007760998, 0.6018883466209839, 0.6118207913038284, 0.6133788418964169, 0.6059093212350035, 0.5573169584411225, 0.2288108594026705] 
[0.12354880811666, 0.13004987190200687, 0.13300681850367896, 0.13292088003919736, 0.12959730452092844, 0.13031689578528866, 0.34155360700629916, 0.5733277860467555, 0.6018890671536599, 0.6118215145259568, 0.6133796175132191, 0.6059099916830787, 0.5573178302218965, 0.22881656316556323] 
[0.12354917102988229, 0.13005037865970664, 0.13300729736576886, 0.13292122177199567, 0.12959745254755728, 0.1303169588392433, 0.3415482009628862, 0.5733283999942482, 0.6018897474647477, 0.6118221878807091, 0.6133803504287311, 0.6059106807873372, 0.5573187207690076, 0.22882222524204684] 
[0.12354951677861715, 0.13005086103094343, 0.13300779180442715, 0.13292155792278804, 0.12959760723362787, 0.13031699265053115, 0.3415428018920495, 0.5733289951031054, 0.6018904030125789, 0.6118228219862896, 0.6133810877951151, 0.6059113398749626, 0.5573195904572578, 0.22882784827518504] 
[0.12354985074173999, 0.13005133666307794, 0.13300827289961162, 0.13292188736961327, 0.12959776112098512, 0.13031701190543094, 0.3415374107597373, 0.5733295878080653, 0.6018910476196851, 0.6118234398037989, 0.6133818169055992, 0.6059119868428671, 0.5573204612102352, 0.22883346034045546] 
[0.12355017423254687, 0.13005178285791574, 0.1330087550511046, 0.13292220589903617, 0.12959788972926686, 0.13031702522934052, 0.3415320633892128, 0.5733301975198699, 0.6018916979471713, 0.6118240364990726, 0.6133825340392305, 0.6059126115573291, 0.5573213064099307, 0.22883902903843145] 
[0.12355049872303397, 0.13005218627515347, 0.13300922774509955, 0.13292249340534631, 0.12959802232726603, 0.13031707524383465, 0.34152665909992236, 0.5733307485771504, 0.6018923429109203, 0.6118246387922073, 0.6133832280295392, 0.6059131929251298, 0.5573221559817727, 0.22884465244772179] 
[0.12355075784048232, 0.13005261650519157, 0.13300972561619864, 0.13292274441484758, 0.1295981906539942, 0.13031715870529126, 0.3415212873688414, 0.5733313407674459, 0.6018929474634932, 0.6118251768419659, 0.6133839452105826, 0.6059137261370268, 0.5573230501074045, 0.2288503020279521] 
[0.12355109578527484, 0.13005294665490208, 0.13301029540880766, 0.13292291412856805, 0.12959826349830994, 0.1303171643361955, 0.34151589092631646, 0.5733318520215691, 0.6018935978354688, 0.6118256383542476, 0.6133846888032592, 0.6059141636995089, 0.5573238636269097, 0.22885583126786857] 
[0.12355141685266943, 0.13005326570845657, 0.13301085208988966, 0.1329230768960962, 0.1295983260015657, 0.1303171535929162, 0.3415105105315754, 0.5733323507414154, 0.6018942459475769, 0.6118260846121437, 0.6133854090449679, 0.6059145944867474, 0.5573246802685425, 0.22886136278494393] 
[0.12355172363554053, 0.1300535732566314, 0.1330113997684614, 0.13292323857678712, 0.12959838130081447, 0.1303171371933955, 0.3415051372650296, 0.573332852099821, 0.6018948784336495, 0.6118265167595478, 0.6133861083324507, 0.6059150184208351, 0.5573254951495288, 0.22886688395242608] 
[0.12355204958561576, 0.1300538558841345, 0.13301191509346594, 0.13292337888351005, 0.1295984151892357, 0.13031707769326512, 0.34149976061957227, 0.5733333215846744, 0.6018954736236837, 0.6118269313316193, 0.6133868127165224, 0.6059154653236021, 0.5573263283839694, 0.22887237930568943] 
[0.12355234714498833, 0.13005415590511685, 0.13301239134204063, 0.13292353785396055, 0.1295984233836374, 0.13031698464348626, 0.3414943981687639, 0.5733337742848214, 0.6018960778438401, 0.611827321851098, 0.6133875187101591, 0.6059159331802173, 0.5573271399732742, 0.22887785659073237] 
[0.12355263418368302, 0.13005444443154154, 0.13301286232002474, 0.13292369548012964, 0.12959842852206846, 0.13031689189561846, 0.3414890374520794, 0.57333422741552, 0.6018966673758811, 0.6118277137186758, 0.6133882051660183, 0.6059163907141691, 0.5573279510565633, 0.22888332560088565] 
[0.12355292714400244, 0.13005473497785597, 0.13301330876303208, 0.13292385668811332, 0.12959844370970455, 0.13031680467977827, 0.3414836891888887, 0.5733346602351252, 0.6018972419018326, 0.6118281129983103, 0.6133888719092697, 0.6059168534846534, 0.5573287464170601, 0.2288887974564932] 
[0.12355323014782962, 0.13005503715597327, 0.13301373642189412, 0.13292402034888282, 0.12959847509243494, 0.1303166905308132, 0.34147832825981744, 0.5733351014053625, 0.6018978215085896, 0.6118285233283564, 0.6133895106367043, 0.605917295909823, 0.5573295512264264, 0.22889425680261205] 
[0.12355352790232657, 0.13005535202386975, 0.13301416658154838, 0.132924167051081, 0.12959849200097734, 0.1303165463796377, 0.34147300307548295, 0.5733355454896105, 0.601898392033574, 0.6118289414126293, 0.6133901381879758, 0.6059177399514903, 0.5573303657614731, 0.22889967912243717] 
[0.12355382133423985, 0.13005567312010805, 0.13301457679700165, 0.1329243060932137, 0.1295985014731447, 0.13031638234620757, 0.341467696885942, 0.5733359922983517, 0.601898945417904, 0.611829344783709, 0.61339076213944, 0.6059181919748607, 0.5573311869506796, 0.22890510265882963] 
[0.123554083909652, 0.13005596550210322, 0.13301499953840676, 0.13292442404322036, 0.12959849670498574, 0.13031624537326922, 0.34146238516992883, 0.5733364683486111, 0.601899502847933, 0.6118297245806703, 0.6133913978758487, 0.6059186477112546, 0.5573320180482085, 0.22891050857185885] 
[0.12355435367712896, 0.13005628071424088, 0.13301537559362886, 0.13292457650018846, 0.12959844513890625, 0.13031606550928235, 0.34145709437232125, 0.5733368776721793, 0.601900087163817, 0.6118300823932404, 0.6133920482731956, 0.6059191344868615, 0.5573328969836014, 0.22891597937059596] 
[0.12355462400801116, 0.130056592614194, 0.13301574525000548, 0.13292472784984874, 0.12959839710696214, 0.13031588253445853, 0.3414518093167517, 0.5733372792999574, 0.6019006587413175, 0.6118304423587706, 0.6133926885853079, 0.6059196138337004, 0.5573337668775387, 0.22892144392655045] 
[0.12355492854103066, 0.1300569191993574, 0.13301613573463478, 0.13292488905581049, 0.12959834402386594, 0.13031568354598744, 0.3414464968107862, 0.5733376957041876, 0.601901232433525, 0.6118308380834514, 0.6133933333347006, 0.6059200630823044, 0.5573346162022965, 0.22892687994900005] 
[0.12355522626835283, 0.13005723913118997, 0.13301651580767856, 0.13292504581842388, 0.12959829663105615, 0.1303154850277567, 0.3414411921147527, 0.5733381073023515, 0.6019017980472273, 0.6118312301435066, 0.6133939645814457, 0.6059205070803221, 0.5573354594926324, 0.22893231006592443] 
[0.12355546144666907, 0.13005749419044726, 0.13301680605050648, 0.13292514486894033, 0.1295983050177109, 0.13031526382198266, 0.341435951583682, 0.5733384489356272, 0.601902307386533, 0.6118316689914739, 0.6133946455097028, 0.6059209015705215, 0.5573362516121906, 0.2289377586396329] 
[0.12355568507314359, 0.13005775146622733, 0.13301708616254468, 0.13292524802158287, 0.12959832209842315, 0.13031504977910602, 0.3414307158891255, 0.573338780324076, 0.6019028189544691, 0.6118321054753625, 0.6133953060802847, 0.6059212865379366, 0.5573370479570128, 0.22894320944597438] 
[0.12355590549099492, 0.13005799810322938, 0.13301735836199224, 0.13292535343786038, 0.1295983412146993, 0.13031484290838985, 0.34142548828791264, 0.5733391132075756, 0.6019033222407426, 0.611832529636077, 0.6133959455120015, 0.6059216629584252, 0.5573378393955358, 0.2289486555060679] 
[0.12355612307617359, 0.1300582404105435, 0.1330176315765426, 0.13292545667720704, 0.12959836355827495, 0.13031463766685775, 0.34142026232735256, 0.5733394495609663, 0.6019038133250088, 0.6118329468820217, 0.6133965703147608, 0.6059220334951326, 0.5573386233883888, 0.22895408682811696] 
[0.12355635369253676, 0.1300584500347787, 0.13301788300680903, 0.1329255732055496, 0.12959841036432565, 0.13031446085207046, 0.34141506127986243, 0.5733398134134761, 0.6019042784309101, 0.6118333162140607, 0.6133971564670189, 0.6059223750993515, 0.5573394165140095, 0.22895952707166667] 
[0.12355657608559979, 0.13005865300125657, 0.13301813325198095, 0.13292569048155065, 0.1295984578215929, 0.13031428086852268, 0.341409862913317, 0.5733401800890492, 0.6019047367504079, 0.6118336833814769, 0.6133977288923698, 0.6059227148356207, 0.55734021034854, 0.22896495686153379] 
[0.12355679221944602, 0.13005886012376747, 0.1330183794425956, 0.13292580924903288, 0.1295985069910743, 0.13031410042678993, 0.3414046711516425, 0.5733405514318932, 0.6019051825062881, 0.6118340411706724, 0.6133982943104483, 0.6059230519549541, 0.5573410016260003, 0.2289703766409347] 
[0.1235570017372602, 0.1300590606026939, 0.13301862538072423, 0.1329259293081632, 0.1295985585179363, 0.13031391671089196, 0.3413994863057146, 0.573340924975751, 0.6019056249045013, 0.6118343969382806, 0.6133988512720548, 0.6059233847498804, 0.5573417870101817, 0.22897578906822313] 
[0.12355722123501196, 0.1300592667031306, 0.133018875065892, 0.13292605649410416, 0.12959859969194457, 0.13031374504567306, 0.3413943093568472, 0.5733412811805426, 0.6019060525655152, 0.6118347620992943, 0.6133994083065325, 0.6059237292686931, 0.5573425574960373, 0.22898120083623105] 
[0.12355741846923317, 0.1300594556804199, 0.1330191114773866, 0.1329261697968377, 0.12959865499675546, 0.1303135632027066, 0.3413891417461321, 0.5733416440876107, 0.6019064853212623, 0.6118351299410347, 0.613399963356445, 0.6059240632670443, 0.5573433405177389, 0.2289866185104832] 
[0.123557613872101, 0.1300596436194516, 0.133019345486651, 0.13292627899432471, 0.129598709784209, 0.1303133790584488, 0.34138397729158737, 0.5733420027452207, 0.6019069115564722, 0.6118354901989075, 0.6134005056843281, 0.6059243943361371, 0.5573441189181438, 0.22899202455996417] 
[0.12355783953011483, 0.13005986691669946, 0.1330195412101138, 0.13292636381266265, 0.12959879181476047, 0.13031315235195085, 0.3413788471325034, 0.5733423293499003, 0.6019073039672245, 0.6118358143570444, 0.6134009967084779, 0.605924760017765, 0.5573448634839024, 0.22899742290594644] 
[0.12355805773563122, 0.1300600922128327, 0.13301974175528136, 0.13292644906180348, 0.12959886606063548, 0.13031292119183985, 0.34137371578149506, 0.5733426609110729, 0.6019076835168591, 0.6118361356040448, 0.6134014708673698, 0.6059251254558304, 0.5573456001925696, 0.229002801988708] 
[0.12355837075130642, 0.13006040512141592, 0.13301986392774548, 0.1329265391970784, 0.12959895236637037, 0.1303126938402023, 0.3413684079080567, 0.5733429316780322, 0.6019080612729223, 0.611836489803955, 0.613401931078903, 0.6059254718534196, 0.5573463599833028, 0.2290083392059448] 
[0.12355868920431222, 0.13006068777366203, 0.13301996994624007, 0.13292662662718302, 0.12959901500778084, 0.13031248823157568, 0.34136313779492533, 0.5733431890039887, 0.6019084544445161, 0.6118368366558263, 0.613402382777516, 0.6059258150785894, 0.5573471061050099, 0.22901383802809178] 
[0.12355898960662075, 0.1300609617705413, 0.133020084950274, 0.13292670536749093, 0.129599075389822, 0.13031229054812582, 0.34135788629364316, 0.5733434461435817, 0.601908848526456, 0.6118371730313488, 0.6134028239823018, 0.6059261540837096, 0.5573478486561632, 0.22901931250975832] 
[0.12355925651939208, 0.13006124397122273, 0.13302018189410353, 0.13292679443687186, 0.1295991422861547, 0.13031207320246227, 0.3413526617080169, 0.5733436962011813, 0.6019092247963572, 0.6118374735753078, 0.6134032361944327, 0.6059265111046526, 0.5573485760134597, 0.22902478546450947] 
[0.12355948111899209, 0.13006147508465135, 0.13302027701437313, 0.13292685034129753, 0.12959920981070494, 0.13031186348061263, 0.3413473555762277, 0.573343879149006, 0.6019096022324693, 0.6118377799760452, 0.6134036241757087, 0.6059268555460087, 0.5573493205529281, 0.22903033853278726] 
[0.12355960652460074, 0.13006161959066986, 0.13302045448028915, 0.13292689066751484, 0.1295992714041606, 0.13031169845680524, 0.34134219970520435, 0.5733441204365279, 0.6019099063575435, 0.6118379627852908, 0.6134039389866742, 0.6059272607035736, 0.5573500943202506, 0.22903574780162544] 
[0.12355972855089256, 0.13006176560869662, 0.13302063401539616, 0.13292692395255565, 0.12959932903390972, 0.1303115392666754, 0.34133704374650514, 0.5733443572873559, 0.6019102081314894, 0.6118381372157417, 0.6134042414214536, 0.605927652838422, 0.557350858833013, 0.2290411395119773] 
[0.12355985028204494, 0.13006191030935074, 0.1330208113473021, 0.13292695679948763, 0.12959938758347134, 0.13031137905963044, 0.34133188958014105, 0.5733445937484123, 0.601910503881543, 0.611838311065925, 0.6134045391177675, 0.605928037968873, 0.5573516216382355, 0.22904651917608995] 
[0.1235599710057311, 0.13006205303059043, 0.13302098567401624, 0.13292698905847594, 0.12959944636013387, 0.13031121719848696, 0.3413267390418916, 0.5733448305090463, 0.6019107944764032, 0.6118384827616191, 0.6134048326019688, 0.6059284169977996, 0.5573523827397019, 0.22905188794688605] 
[0.12356011776433899, 0.13006217937455508, 0.13302118403300064, 0.13292699847744155, 0.12959953180029943, 0.13031104001356683, 0.3413215814308324, 0.5733450991228063, 0.6019110514209799, 0.6118386274347368, 0.6134050972806089, 0.6059287649106162, 0.5573531187461155, 0.22905720656160974] 
[0.12356025890260111, 0.13006230144946046, 0.13302137606248654, 0.13292700907763474, 0.1295996124674232, 0.13031086109597986, 0.3413164320622168, 0.5733453668153222, 0.6019113037815027, 0.6118387677728119, 0.6134053579769195, 0.6059291089301057, 0.5573538509826704, 0.2290625182757183] 
[0.12356040031424338, 0.1300624189844828, 0.13302156320948744, 0.13292701994447062, 0.12959969359312967, 0.13031068095986958, 0.34131128853433496, 0.5733456352975155, 0.6019115525107859, 0.6118389046952363, 0.6134056160499185, 0.6059294507992675, 0.5573545842976653, 0.2290678216434338] 
[0.12356054657325867, 0.1300625180989087, 0.133021725047014, 0.1329270222844438, 0.12959974767933052, 0.130310488201328, 0.3413061762673069, 0.5733459235132371, 0.6019118149229921, 0.6118390190133114, 0.6134058812193035, 0.6059297733741917, 0.55735529868111, 0.2290731200741178] 
[0.12356065812385135, 0.13006258153496295, 0.1330218837966424, 0.13292701976531057, 0.1295997668118931, 0.13031031874249188, 0.34130111893518067, 0.5733462152322271, 0.6019120827445813, 0.611839155042045, 0.6134061215226261, 0.6059300946527617, 0.5573560222807503, 0.2290783646174192] 
[0.1235607700819065, 0.1300626319920383, 0.13302205793112842, 0.1329269977534427, 0.1295998060376215, 0.1303101292828593, 0.3412960926535498, 0.5733465158440434, 0.6019123262637254, 0.6118392843604599, 0.613406359147293, 0.6059303966716614, 0.557356745359049, 0.22908356100478275] 
[0.12356088630423719, 0.13006268912599622, 0.13302223175182024, 0.13292697627956282, 0.1295998459788051, 0.13030993410580943, 0.34129106845248297, 0.5733468116860986, 0.6019125653258328, 0.6118394126874465, 0.6134065929756399, 0.6059306909033082, 0.5573574717713912, 0.22908874963227724] 
[0.12356099503219113, 0.13006275248516228, 0.13302239311664887, 0.1329269621759305, 0.12959988980885084, 0.13030974593579914, 0.34128605042598475, 0.5733470932892513, 0.6019128081191825, 0.6118395474129575, 0.6134068318138277, 0.6059309891578893, 0.5573582022733412, 0.22909394207217354] 
[0.12356108929534698, 0.13006277829811128, 0.13302260404174865, 0.13292696979610139, 0.12959999121313867, 0.13030960627455124, 0.3412809704330493, 0.5733473257256194, 0.6019130133395368, 0.6118397380926128, 0.6134071135047271, 0.6059312419436963, 0.5573589737364847, 0.22909911833856386] 
[0.12356118111185102, 0.13006280830153583, 0.13302280816499357, 0.1329269779165002, 0.1296000884688244, 0.13030946151639292, 0.3412758990287725, 0.57334755699109, 0.6019132166925945, 0.6118399252652443, 0.6134073905555407, 0.6059314936981564, 0.5573597406790962, 0.22910428772861977] 
[0.12356127468016102, 0.13006283882307443, 0.13302300430348826, 0.13292698420904686, 0.12960018984042188, 0.13030930734101326, 0.3412708324263384, 0.5733477817422301, 0.6019134192207133, 0.6118401015553371, 0.613407658995647, 0.6059317518062936, 0.5573605125609721, 0.2291094499717255] 
[0.1235613697832424, 0.13006286980033158, 0.13302319311174002, 0.13292699211833878, 0.12960028832190354, 0.13030915299715418, 0.3412657714818692, 0.5733480017756952, 0.6019136172688285, 0.6118402766554438, 0.61340792115755, 0.6059320069359273, 0.5573612770597268, 0.2291146039018345] 
[0.1235614771381028, 0.13006289052956943, 0.1330233667788017, 0.13292700816211706, 0.12960037077829878, 0.1303090077715322, 0.3412607123504362, 0.5733482056288407, 0.6019138231894401, 0.6118404623158059, 0.6134081713155903, 0.6059322712476839, 0.5573620213891074, 0.22911974545842553] 
[0.12356158173731066, 0.1300629145964962, 0.1330235379858792, 0.13292702253849517, 0.12960044925815184, 0.13030885769362097, 0.34125566010698144, 0.5733484057905532, 0.6019140255602082, 0.61184064418201, 0.6134084200304186, 0.6059325315602745, 0.5573627660087682, 0.22912488073889567] 
[0.12356168072342039, 0.13006294457656117, 0.1330237006285427, 0.13292703758408836, 0.12960052213809087, 0.13030870078730267, 0.34125061756983405, 0.5733486023283335, 0.6019142275036311, 0.6118408215831358, 0.6134086623466117, 0.6059327934744579, 0.557363505493071, 0.2291300103095702] 
[0.12356180115198331, 0.13006295583980373, 0.13302384718227658, 0.13292707330485717, 0.12960061794090644, 0.13030855906103922, 0.3412455630859147, 0.5733488198253609, 0.6019144477964987, 0.6118409774509811, 0.613408883046725, 0.6059330691992973, 0.5573642578078618, 0.22913512340525966] 
[0.12356191700692468, 0.13006297697315192, 0.13302398928425102, 0.13292710407391986, 0.12960070283719055, 0.13030840490526904, 0.341240529761909, 0.5733490447708294, 0.6019146628575758, 0.6118411259167201, 0.6134090963095515, 0.6059333439799759, 0.5573650059284282, 0.2291402180667247] 
[0.12356202944411411, 0.1300630008078703, 0.13302412666860167, 0.1329271351420899, 0.1296007831211526, 0.13030824768534108, 0.3412355050461644, 0.5733492685353572, 0.6019148751641455, 0.6118412701134068, 0.6134093066966112, 0.6059336162058115, 0.5573657512976729, 0.22914530689811446] 

Time 
777.1763060092926 
