Parameters 
 
[-0.5, -0.5, -0.5, -0.5, -0.5, -0.5, -0.5, -0.5, -0.5, -0.5, -0.5, -0.5, -0.5, -0.5, -0.5, -0.5] 
[-0.4585071820012825, -0.4585071820012825, -0.5414928179987175, -0.5414928179987175, -0.5414928179987175, -0.4585071820012825, -0.4585071820012825, -0.4585071820012825, -0.4162690193726809, -0.6003912514897811, -0.435894077647745, -0.46085267861363144, -0.5577535247186226, -0.4951078312652269, -0.5678726980653014, -0.43344653678280587] 
[-0.7649415647852269, -0.15207279921733807, -0.8479272007826619, -0.2350584352147731, -0.8479272007826619, -0.15207279921733807, -0.15207279921733807, -0.7649415647852269, 0.0356035400252136, -0.9668314977102395, -0.7867752325152195, -0.03395253955751493, -0.5088632531775589, -0.25280931961699593, -0.4362338971274671, -0.17386254669574108] 
[-1.099335878127142, 0.1823215141245771, -1.182321514124577, -0.5694527485566883, -1.182321514124577, -0.48646711255925323, -0.48646711255925323, -0.43054725144331174, 0.36673662919565647, -0.9620671290255036, 0.6374617636310198, -1.546269318956428, 0.9748732557837249, -1.6333585309700966, -0.6727565541958838, 0.18608216628852575] 
[-1.004659979457308, 0.27699741279441126, -1.2769974127944113, -0.4747768498868541, -1.2769974127944113, -0.5811430112290874, -0.5811430112290874, -0.5252231501131459, -0.41583827091446474, -0.17691935624660893, 0.7922132190685607, -1.5926931073653023, 1.2654653917935006, -1.9124872804096933, -0.7735037863205713, 0.31859412488158967] 
[-1.217972456467502, 0.06368493578421708, -1.063684935784217, -0.2614643728766599, -1.4903098898046054, -0.7944554882392816, -0.3678305342188932, -0.31191067310295173, 0.6093030667766515, -1.1769451986819857, 1.8634691927336582, -2.692331925958748, 1.504006392911494, -1.8886960370995987, -0.6245643660206949, 0.47277639368082214] 
[-1.0842673085615604, 0.19739008369015876, -0.9299797878782754, -0.3951695207826016, -1.6240150377105471, -0.6607503403333399, -0.5015356821248349, -0.17820552519701005, 0.6724415006046062, -1.101593528762684, 1.9360857708843342, -2.6188879764977444, 1.411381335317003, -1.9506841275224858, -0.7969253024560901, 0.64781357829856] 
[-0.9227161877389052, 0.03583896286750354, -0.7684286670556202, -0.5567206416052568, -1.462463916887892, -0.8223014611559951, -0.6630868029474901, -0.016654404374354836, 0.5673112467595794, -1.1666848082357486, 2.0333757881699492, -2.53522709194212, 0.8142887637431312, -1.3507193037674259, -0.6593521319190467, 0.7579709353626248] 
[-0.8286253644692034, -0.05825186040219821, -0.6743378437859184, -0.6508114648749586, -1.5565547401575937, -0.7282106378862934, -0.7571776262171919, -0.11074522764405659, 1.0285077995580478, -1.6274490442824843, 2.0833219010831856, -2.472516499178493, 0.861228898106684, -1.2731149213976611, -0.8271321155975343, 0.9223360618793746] 
[-0.929760672601406, -0.15938716853440082, -0.775473151918121, -0.5496761567427559, -1.455419432025391, -0.6270753297540907, -0.8583129343493945, -0.2118805357762592, 1.4152970765252835, -2.0156962021059432, 2.165650741347626, -2.410529552731034, 0.6120479421749498, -1.02447566049073, -0.7624469835834915, 0.9905131050252649] 
[-1.0144119125710334, -0.07473592856477351, -0.8601243918877484, -0.4650249167731286, -1.5400706719950183, -0.5424240897844634, -0.9429641743190218, -0.2965317757458865, 1.3780835472668358, -2.075643930175677, 2.235647681008467, -2.3787709714098986, 0.8830615685769916, -1.2981787258583068, -0.6906570178437896, 1.0321574594763923] 
[-1.0409216197600935, -0.04822622137571342, -0.8336146846986883, -0.4915346239621887, -1.5665803791840784, -0.5689337969735235, -0.9164544671299617, -0.2700220685568264, 1.362570407544739, -2.0886299612463275, 2.2205972082998833, -2.395239332252146, 0.8970801994052118, -1.2816603234063588, -0.7695682337030676, 1.1109761424299065] 
[-1.1071900971855393, -0.11449469880115926, -0.8998831621241341, -0.5578031013876346, -1.6328488566095243, -0.6352022743989694, -0.8501859897045159, -0.33629054598227226, 1.832593693149755, -2.5570951931687946, 2.0434810254314026, -2.2134469359932165, 0.8580857850294462, -1.3187091716732906, -0.9557534838737949, 1.2971925410518452] 
[-0.9655591560612504, 0.02713624232312961, -0.7582522209998452, -0.4161721602633457, -1.7744797977338131, -0.4935713332746805, -0.9918169308288047, -0.4779214871065611, 1.8969343691798861, -2.470114342526741, 1.9640648293743386, -2.3118709839805565, 0.4061914078883377, -0.8664723836747646, -0.8493076345307762, 1.378046832226114] 
[-1.0737011216519794, -0.08100572326759936, -0.6501102554091163, -0.3080301946726167, -1.8826217633245421, -0.6017132988654095, -0.8836749652380758, -0.36977952151583215, 2.506978973047256, -3.0806536504737916, 1.8836431157388087, -2.36684453225418, 0.4500715843086686, -0.7891448935276767, -0.7768524467438734, 1.438764860658943] 
[-0.916342128530792, 0.07635326985358803, -0.8074692485303037, -0.4653891877938041, -2.0399807564457295, -0.7590722919865969, -1.0410339583592632, -0.5271385146370196, 2.434549691141508, -3.177595505077189, 1.9825282774677884, -2.259952654838419, 0.5362579142703293, -0.6833685326354411, -0.6601344418577337, 1.5267675830595886] 
[-0.9906465961499102, 0.15065773747270628, -0.7331647809111854, -0.5396936554129224, -1.9656762888266113, -0.6847678243674786, -0.9667294907401449, -0.6014429822561378, 2.0610708346968423, -2.799405395477503, 2.2453953229663086, -2.5339795672234127, 0.3189459058072008, -0.5025385649629783, -0.7818282101108045, 1.6669142413617957] 
[-0.8233023914553574, 0.3180019421672591, -0.5658205762166326, -0.7070378601074752, -1.7983320841320585, -0.5174236196729258, -1.1340736954346977, -0.7687871869506906, 3.0573278485875326, -3.801831624488517, 2.0610312830486675, -2.6119579505408956, 0.21492704501400717, -0.624461220588502, -0.9147998654239964, 1.5694633492947219] 
[-0.9262661410108017, 0.4209656917227034, -0.6687843257720769, -0.8100016096629195, -1.9012958336875028, -0.41445987011748153, -1.0311099458792534, -0.8717509365061349, 2.6553613530296385, -3.3726147220511935, 2.318705622579109, -2.81264302950093, 0.23142158539616972, -0.5286987055260509, -0.842401633649704, 1.6314469914971679] 
[-1.0723618718293104, 0.2748699609041947, -0.5226885949535682, -0.6639058788444108, -2.0473915645060115, -0.26836413929897285, -0.8850142150607447, -0.7256552056876262, 2.0031194145407736, -2.678875894251691, 2.6912985610043267, -3.0506369425235063, 0.5214438187918126, -0.8433150396402527, -0.7737177142906053, 1.742837404530016] 
[-0.954450003391321, 0.1569580924662053, -0.40477672651557883, -0.5459940104064214, -1.929479696068022, -0.38627600773696225, -0.7671023466227553, -0.6077433372496368, 2.831839049856881, -3.519710388415281, 2.4924502767037215, -3.0865699644619577, 0.5489265490749761, -0.7223447006857366, -0.49327746173690074, 1.468377485228041] 
[-1.0309420689323656, 0.0804660269251607, -0.48126879205662343, -0.4695019448653768, -2.0059717616090667, -0.46276807327800684, -0.8435944121637999, -0.5312512717085922, 2.441076466246675, -3.12977974829554, 2.4743607353619708, -3.1648326048957443, 0.5024705192214514, -0.7805552475004911, -0.6629480015561353, 1.6344203650310822] 
[-1.0243310443200628, 0.07385500231285791, -0.4878798166689262, -0.462890920253074, -1.9993607369967639, -0.4693790978903096, -0.8369833875514971, -0.5246402470962894, 2.4872115878924927, -3.1760063233053613, 2.4697284480487705, -3.173755720609875, 0.47752117079936424, -0.7572975674089849, -0.674195227793913, 1.6475135297164494] 
[-1.0792576611815208, 0.12878161917431585, -0.43295319980746827, -0.40796430339161605, -1.944434120135306, -0.5243057147517676, -0.8919100044129551, -0.5795668639577474, 2.116604420413913, -2.8055056415701976, 2.4639059971936645, -3.261148340414092, 0.26459734189955064, -0.5593549418586224, -0.7657852111891051, 1.7549425208031657] 
[-0.994299173161155, 0.21374010719468162, -0.3479947117871025, -0.4929227914119818, -1.8594756321149402, -0.6092642027721333, -0.9768684924333209, -0.6645253519781131, 2.101024659244698, -2.8848584466804437, 2.3182221050677345, -3.1135845984002692, 0.3175751400856379, -0.4899065255017756, -0.5593765582684027, 1.5536297009048774] 
[-1.0418682021459138, 0.16617107820992283, -0.3004256828023437, -0.445353762427223, -1.907044661099699, -0.6568332317568921, -0.9292994634485621, -0.6169563229933543, 2.3816758053823603, -3.1693479981385697, 2.253974449198592, -3.162099764023287, 0.16116241247063667, -0.34161405957072427, -0.6427364267536666, 1.6457973025331503] 
[-0.8562113267363274, -0.01948579719966359, -0.48608255821193014, -0.6310106378368094, -2.0927015365092854, -0.8424901071664785, -1.1149563388581485, -0.8026131984029408, 2.5104920194860023, -3.1025909906327076, 2.1383492050101287, -3.407784823397024, -0.5052830479967001, 0.32158206632275993, -0.41119288586841773, 1.7116254235926869] 
[-0.9845003132567585, 0.10880318932076749, -0.35779357169149906, -0.5027216513163784, -1.9644125499888543, -0.9707790936869096, -1.2432453253785796, -0.9309021849233718, 2.4422804416288484, -3.1821403417133385, 2.384177147387488, -3.7170681238139465, -0.8447769497112376, 0.6022883881384691, -0.4462841886113705, 1.597908443309741] 
[-0.9640823799634917, 0.1292211226140343, -0.37821150498476586, -0.5231395846096452, -1.984830483282121, -0.9503611603936428, -1.2636632586718464, -0.9513201182166386, 2.4358149620601965, -3.1989897061083794, 2.3524526273388378, -3.683113328034013, -0.8224826985792786, 0.6110437683436902, -0.46076845991039167, 1.5821144191314023] 
[-1.011058124796064, 0.08224537778146201, -0.3312357601521936, -0.4761638397770729, -1.9378547384495488, -0.9033854155610705, -1.3106390035044186, -0.9982958630492109, 2.472145051488036, -3.1859223676223802, 2.289314221451731, -3.6293472087658403, -0.8933516446117369, 0.6846454880867583, -0.5219052749771964, 1.6487617506303462] 
[-1.2509319243406805, -0.1576284217631545, -0.09136196060757706, -0.23629004023245637, -2.1777285379941653, -0.663511616016454, -1.0707652039598021, -0.7584220635045944, 2.36626347637815, -3.3445813433773925, 2.0903926978221485, -3.7942333173083647, -0.7796510633831674, 0.8804245737254588, -0.32487504752638585, 1.8247925725715832] 
[-1.061353115454477, 0.03195038712304887, -0.28094076949378044, -0.04671123134625299, -2.3673073468803687, -0.8530904249026574, -0.8811863950735987, -0.9480008723907978, -0.7907305429488596, -0.17936964637873976, 1.7664721021582275, -4.0366919242064165, -1.3907738202967392, 1.4992094772943967, -0.059344100486280915, 1.881104966105776] 
[-1.3013513596704382, -0.2080478570929123, -0.040942525277819275, 0.19328701286970817, -2.1273091026644075, -0.6130921806866962, -1.12118463928956, -1.187999116606759, 1.07625605401143, -2.043961819050538, 2.066016626145607, -4.352629019529061, -1.1731568737509772, 1.5258739235628176, -0.39021687580505887, 2.2190278426697736] 
[-1.2570354220389324, -0.16373191946140642, 0.0033734123536866, 0.23760295050121405, -2.1716250402959134, -0.5687762430551904, -1.1655005769210658, -1.2323150542382648, 1.11906866111757, -2.0423678436763457, 2.108683535194062, -4.312899900920429, -1.144454049324018, 1.542873097622869, -0.44892367227018526, 2.2794956843024727] 
[-1.3211848325116873, -0.22788132993416133, 0.06752282282644151, 0.30175236097396896, -2.2357744507686683, -0.6329256535279453, -1.2296499873938207, -1.16816564376551, 1.12563282544759, -1.9810063054236309, 2.0416501987369515, -4.250126313009164, -1.1357439489768133, 1.6125818761651978, -0.3536111120598987, 2.190840406443688] 
[-1.317959068584671, -0.22465556600714498, 0.07074858675345785, 0.2985265970469526, -2.2390002146956847, -0.6361514174549616, -1.232875751320837, -1.1649398798384936, 1.1832355755414723, -2.038611674942226, 2.041741651034622, -4.248377376396424, -1.1276408612937108, 1.6040030936820926, -0.3572462682582815, 2.188696950855557] 
[-1.4224045199114532, -0.32910101733392727, -0.033696864573324437, 0.19408114572017032, -2.1345547633689024, -0.5317059661281793, -1.3373212026476193, -1.2693853311652759, -0.6813312809455072, -0.1738321459422969, 2.0343045111911393, -4.373251944068398, -1.0179454565855217, 1.63291671945987, -0.43373622201250883, 2.107169180020349] 
[-1.5928802558691442, -0.4995767532916182, 0.1367788713843665, 0.02360540976247938, -1.9640790274112114, -0.3612302301704884, -1.1668454666899284, -1.4398610671229668, 1.9615266197437655, -2.815454649499488, 1.9842241427193683, -4.189182800629556, -1.1347071028520253, 1.5312584597488306, -0.6675096978569568, 2.3358406619120142] 
[-1.4788937645488685, -0.6135632446118939, 0.02279238006409079, -0.09038108155779634, -2.078065518731487, -0.24724373885021267, -1.280831958010204, -1.325874575802691, 2.8888546544822615, -3.7422642300265014, 2.0771114793937473, -4.284343234445262, -1.9953005323745137, 2.396569010732229, -0.5183783478334606, 2.4330789059083284] 
[-1.6995629127756193, -0.39289409638514305, 0.24346152829084167, -0.3110502297845472, -2.298734666958238, -0.46791288707696355, -1.0601628097834532, -1.1052054275759402, 2.9808879593928728, -3.584264290160807, 1.845040488345263, -4.44896962602877, -0.6185693149459992, 1.0183344350318873, -0.3876379669108598, 2.6242932936545067] 
[-1.490851821559716, -0.6016051876010464, 0.45217261950674503, -0.10233913856864385, -2.0900235757423347, -0.6766239782928669, -0.8514517185675499, -1.3139165187918436, 3.134170650107637, -3.5237632881101906, 1.6820041906228647, -4.247147858926609, -0.47852732942720366, 1.189466953243484, -0.03815944894016732, 2.2934117222186448] 
[-1.326586976385006, -0.43734034242633646, 0.28790777433203507, 0.06192570660606611, -1.9257587305676247, -0.512359133118157, -1.0157165637422598, -1.4781813639665535, 3.1974361790123407, -3.4008624361258595, 1.4206042943759454, -4.504284309976047, -0.4611020139967503, 1.3901157001910665, 0.196879213083863, 2.0941233325980937] 
[-1.189569848851463, -0.30032321489279346, 0.15089064679849207, 0.19894283413960911, -2.0627758581011677, -0.37534200558461395, -1.1527336912758028, -1.3411642364330105, 3.1725448134792402, -3.5284226340635954, 1.5471202396697907, -4.5939756417668525, -1.1809339589508738, 2.106889958154847, 0.11445103689758672, 2.2367871615350845] 
[-1.155719858829603, -0.2664732248709334, 0.18474063682035213, 0.16509284411774905, -2.0289258680793076, -0.3414920155627539, -1.186583681297663, -1.3073142464111505, 3.1355429121006617, -3.524867833051189, 1.504878322936035, -4.650846911977516, -0.9959263324930716, 1.9253808313379785, 0.12955474937228867, 2.2677140624588574] 
[-1.0979088803902397, -0.20866224643157016, 0.1269296583809889, 0.22290382255711227, -1.9711148896399444, -0.3993029940021171, -1.1287727028582997, -1.3651252248505137, 2.5859644572403058, -2.9678060888043136, 1.369900973909288, -4.759647133847715, -0.6124944348638597, 1.5440865416644256, 0.06013475067842647, 2.2256970662810476] 
[-1.0499706020654256, -0.2566005247563843, 0.17486793670580303, 0.2708421008819264, -1.9231766113151303, -0.351364715677303, -1.1767109811831138, -1.3171869465256996, 2.6299601850063365, -2.9632793449482167, 1.424325881825044, -4.702432976428432, -0.644118019809739, 1.5184621817719948, 0.0006624134288282582, 2.283750043054774] 
[-1.195821912219643, -0.40245183491060166, 0.029016626551585656, 0.41669341103614377, -1.777325301160913, -0.49721602583152036, -1.3225622913373312, -1.463038256679917, 2.618979904616997, -3.124029896513344, 1.6182113021751703, -4.529485132189484, -0.5963729252960904, 1.6154840669335992, -0.18108733390707016, 2.4691343966580885] 
[-0.8568000618682459, -0.7414736852619987, 0.36803847690298275, 0.07767156068474668, -1.4383034508095158, -0.8362378761829175, -1.6615841416887283, -1.802060107031314, 0.25833655616049533, -0.7627966704149762, 1.6105753974190293, -4.86048936693717, -0.6952612071553226, 1.3451239283747656, -0.560859279056745, 2.8429545304821793] 
[-0.8588517822703214, -0.7435254056640743, 0.3700901973050583, 0.07972328108682225, -1.4403551712115914, -0.838289596584993, -1.6595324212866527, -1.8000083866292385, 0.2581194700625802, -0.7587259430667552, 1.605975919712868, -4.86377038108643, -0.6965766230287048, 1.3439649530431912, -0.5584475007538376, 2.845375243412121] 
[-0.9684263254449701, -0.853099948838723, 0.479664740479707, 0.1892978242614709, -1.3307806280369427, -0.9478641397596417, -1.7691069644613013, -1.6904338434545898, 0.27546243607331433, -0.5932246476959064, 1.4468788165747697, -4.793274099027998, -0.37086072744319754, 1.017977978868776, -0.6904224335205416, 2.715826855176442] 
[-1.0345725820585376, -0.7869536922251554, 0.5458109970932745, 0.12315156764790336, -1.3969268846505103, -1.0140103963732092, -1.8352532210748689, -1.7565801000681573, 0.4077569284109873, -0.7152916059518055, 1.40523262321263, -4.866149325459429, -0.22761104621415937, 0.8742492735795522, -0.6339958485939247, 2.653532710921107] 
[-1.2834779953057098, -0.5380482789779832, 0.29690558384610233, -0.12575384559926883, -1.148021471403338, -0.765104983126037, -1.5863478078276967, -2.0054855133153295, 0.9817970749896937, -1.2510096842172023, 1.206103542674235, -5.184782785607623, -0.07900248831257334, 1.0572119152906378, -0.3521119548146067, 2.9289977593306764] 
[-1.3729098272016746, -0.6274801108739481, 0.38633741574206715, -0.03632201370330401, -1.0585896395073733, -0.6756731512300722, -1.4969159759317319, -2.0949173452112944, 1.0022262147830237, -1.1672186851177775, 1.1255755509243741, -5.102374254087098, -0.3441545635436736, 1.320257062470948, -0.22238769607198425, 3.0578303937769338] 
[-1.4990832919579664, -0.5013066461176563, 0.2601639509857754, 0.08985145105298775, -1.184763104263665, -0.5494996864737804, -1.37074251117544, -1.9687438804550026, 1.1135927992145476, -1.1485634394790993, 1.3044562967476345, -4.922918447105198, -0.2686835293887895, 1.3904997936318406, -0.01761218937711856, 3.263749722243307] 
[-1.3399308352440404, -0.3421541894037303, 0.10101149427184941, -0.06930100566093822, -1.025610647549739, -0.7086521431877064, -1.529894967889366, -1.8095914237410766, 1.0027573279743853, -1.2038017047804437, 1.0951020471813337, -5.154539031804082, -1.0476265513584795, 2.16858265755557, -0.17179650468895266, 3.372963950362836] 
[-1.3510557765438773, -0.33102924810389345, 0.11213643557168629, -0.0804259469607751, -1.0144857062499022, -0.7197770844875433, -1.5187700265895292, -1.7984664824412397, 0.8583177014451826, -1.0584268228674993, 1.0716288667846092, -5.167668679028974, -1.0537779524090738, 2.161627186975564, -0.1852549743283659, 3.359424097027552] 
[-1.3681669442801518, -0.34814041584016797, 0.09502526783541176, -0.06331477922450057, -0.9973745385136277, -0.7368882522238178, -1.5016588588532547, -1.8155776501775143, 0.8566366043058355, -1.0751447080417056, 1.0880819895476948, -5.185064659120429, -1.005853652050976, 2.1143691805582896, -0.2049774529514346, 3.3389701189085983] 
[-1.4210897015978792, -0.29521765852244064, 0.1479480251531391, -0.010392021906773241, -0.9444517811959003, -0.7898110095415452, -1.4487361015355273, -1.8685004074952416, 0.19358989820300432, -0.4125260705785001, 1.1001124383153698, -5.135694113725796, -0.8705620278551081, 1.9789836311590374, -0.2659195645483916, 3.275136139047818] 
[-1.4516251232212913, -0.3257530801458528, 0.11741260352972693, -0.0409274435301854, -0.9749872028193125, -0.8203464311649573, -1.4792715231589395, -1.8990358291186538, -0.36801014636151996, 0.14883071404693216, 1.1111420246198382, -5.103162405483955, -0.9437316803134503, 2.05339536507926, -0.30826428033518954, 3.235921778521599] 
[-1.389732412318978, -0.3876457910481661, 0.17930531443204023, -0.1028201544324987, -1.0368799137216258, -0.8822391420672706, -1.4173788122566262, -1.8371431182163405, -0.42140532681294324, 0.1397974236456295, 1.041509593792954, -5.176037143477083, -0.800745934668664, 1.9125569221869438, -0.3534913189342798, 3.287912907037837] 
[-1.5995541668807722, -0.1778240364863719, 0.3891270689938344, -0.3126419089942929, -1.24670166828342, -1.0920608966290648, -1.207557057694832, -1.6273213636545463, 2.052500339069839, -2.3463841756015316, 1.3916958818989886, -5.335303662753591, -0.6653334191647975, 2.06435885050062, -0.6142324326215274, 3.0349946302336948] 
[-1.643718257012289, -0.13365994635485512, 0.4332911591253512, -0.2684778188627761, -1.2025375781519032, -1.1362249867605816, -1.1633929675633152, -1.5831572735230295, 2.0790346535189914, -2.328464531161574, 1.362084384033289, -5.294582136959448, -0.7434395317535425, 2.1371654625537992, -0.576283241306149, 3.0800818989932357] 
[-1.6595517422850752, -0.14949343162764128, 0.4491246443981374, -0.28431130413556227, -1.186704092879117, -1.1203915014877954, -1.1792264528361014, -1.5989907587958156, 0.7077298796943545, -0.9571502812697843, 1.3642227025065619, -5.279906679802948, -0.7201791091344959, 2.1141966051745364, -0.5892209649489223, 3.0641865953008063] 
[-1.7997321090129934, -0.2896737983555595, 0.30894427767021915, -0.4244916708634805, -1.0465237261511988, -1.2605718682157137, -1.3194068195640196, -1.4588103920678974, -8.758655073796152, 8.511516299580233, 1.745048014922479, -4.969205150723791, -0.863640866291496, 2.046730750708089, -0.7223226693920881, 2.922496405002239] 
[-1.9380311022952381, -0.4279727916378042, 0.17064528438797444, -0.2861926775812358, -1.1848227194334435, -1.122272874933469, -1.4577058128462643, -1.5971093853501421, -10.842282018457412, 10.595797856016176, 1.7655418333580124, -4.8559222375304865, -0.7085673409399452, 1.8846810110746293, -0.8369618423197831, 2.787985376397574] 
[-2.138462012446635, -0.628403701789201, 0.37107619453937124, -0.4866235877326326, -1.3852536295848403, -1.3227037850848657, -1.6581367229976611, -1.3966784751987453, -10.654657401726418, 10.61087923068111, 1.5882888487493694, -4.714486617097644, -0.39612043365168764, 1.555591952752696, -0.6216331715113029, 2.990857269654437] 
[-2.0229483452719283, -0.5128900346144944, 0.4865898617140778, -0.371109920557926, -1.2697399624101338, -1.2071901179101592, -1.7736503901723677, -1.512192142373452, -10.638478528093202, 10.75651279531822, 1.7280084407637237, -4.786572294670322, -0.4856680998664157, 1.4610396847517535, -0.5024852819749672, 2.8702943878794125] 
[-2.0890316174954653, -0.5789733068380314, 0.5526731339376147, -0.3050266483343891, -1.3358232346336707, -1.2732733901336961, -1.7075671179488308, -1.5782754145969888, -10.351579395305556, 10.474776957955024, 1.7766097883532872, -4.692005259676413, -0.5911794106402944, 1.5572043798570874, -0.561875635118584, 2.8054228781537858] 
[-2.0956818524188, -0.585623541761366, 0.5593233688609494, -0.3116768832577237, -1.329172999710336, -1.2799236250570307, -1.7142173528721654, -1.5849256495203234, -10.32257858825251, 10.444038425675782, 1.7635996513782486, -4.690261025591604, -0.6003689282595515, 1.5661604432207712, -0.5682396504551341, 2.812059290302791] 
[-2.164879134271381, -0.5164262599087848, 0.4901260870083681, -0.24247960140514246, -1.2599757178577549, -1.2107263432044495, -1.7834146347247466, -1.6541229313729047, -9.997471275820608, 10.08918975528139, 1.5455537141825868, -4.845981855727797, -0.6847810919061094, 1.6601075774542313, -0.49568565542036497, 2.8815475418409866] 
[-2.114439771794832, -0.5668656223853339, 0.5405654494849172, -0.19204023892859334, -1.2095363553812057, -1.2611657056809986, -1.7329752722481975, -1.7045622938494538, -9.986744701045321, 10.144300795372677, 1.5964091824275002, -4.878754173816071, -0.6455538951545582, 1.7010588190377758, -0.44128230816098946, 2.933546373837242] 
[-2.188461500190613, -0.49284389398955275, 0.6145871778806984, -0.2660619673243745, -1.2835580837769869, -1.3351874340767798, -1.6589535438524163, -1.6305405654536727, -9.63499111979944, 9.759613553392475, 1.3582874505431537, -5.048844285885314, -0.7390256338043634, 1.805735382239312, -0.3584687839545335, 3.010889313863184] 
[-2.200849243054425, -0.5052316368533645, 0.6021994350168867, -0.2784497101881862, -1.2711703409131752, -1.322799691212968, -1.671341286716228, -1.6429283083174844, -9.693064679214272, 9.823223979479028, 1.4007837175427202, -5.0164682790871575, -0.7252207535336765, 1.7900519581534309, -0.37141139709022974, 2.9983218760069024] 
[-2.150290271979952, -0.5557906079278374, 0.5516404639424137, -0.22789073911371327, -1.2206113698387022, -1.373358662287441, -1.721900257790701, -1.6934872793919573, -9.87213004962216, 10.004974787751935, 1.420290115437717, -4.959076691369827, -0.6883671440281293, 1.8338149178139287, -0.31868929964850573, 3.0498088084493293] 
[-2.2908808289876466, -0.4152000509201428, 0.6922310209501084, -0.3684812961214079, -1.3612019268463968, -1.5139492192951356, -1.8624908147983956, -1.5528967223842627, -10.314317696205764, 10.429283254992923, 1.2959830984217255, -5.162272160988416, -0.556660241363055, 1.9580386458065648, -0.17506388146073884, 2.912626894218901] 
[-2.2920114570994135, -0.4140694228083759, 0.6911003928383415, -0.3696119242331748, -1.3623325549581637, -1.5150798474069025, -1.8636214429101625, -1.5540273504960296, -10.318494996176838, 10.43371234217269, 1.2980584696757134, -5.162202831081721, -0.5578604489684267, 1.9593036165462592, -0.173856585141456, 2.9114950902235615] 
[-2.2167963905087444, -0.4892844893990449, 0.7663154594290105, -0.2943968576425058, -1.4375476215488328, -1.4398647808162335, -1.7884063763194935, -1.4788122839053606, -10.072367632247115, 10.185126173480121, 1.2777887213299097, -5.244167072082577, -0.632152303008471, 2.0340765777652736, -0.24454446650613437, 2.8363432208767194] 
[-2.3152872339689776, -0.5877753328592781, 0.6678246159687773, -0.1959060141822726, -1.3390567780885996, -1.3413739373560003, -1.8868972197797267, -1.5773031273655937, -9.781677730477467, 9.912429842147146, 1.4282724997358638, -5.060513543583927, -0.5245615913231256, 1.9194012674823413, -0.34515689507637476, 2.73903049662008] 
[-2.0799450488365854, -0.35243314772688583, 0.43248243083638505, 0.03943617095011964, -1.1037145929562073, -1.106031752223608, -1.6515550346473344, -1.3419609422332015, -10.641098794531024, 10.932150065261462, 2.304169115932825, -4.388454756673196, -0.35243488087181307, 2.101917329228639, -0.5674790161716903, 2.9740600034004405] 
[-2.024532575696718, -0.40784562086675313, 0.37706995769651774, 0.09484864408998694, -1.1591270660960746, -1.0506192790837408, -1.5961425615074671, -1.3973734153730688, -10.596092076864421, 10.944847884610919, 2.2659919517848492, -4.349540574817393, -0.44502670937940303, 2.1964594502221746, -0.502715817795359, 2.9120842562086495] 
[-1.7179951902864556, -0.7143830062770156, 0.07053257228625531, -0.2116887413202755, -1.465664451506337, -1.3571566644940032, -1.9026799469177296, -1.7039108007833312, -8.482372377345197, 8.754569515899767, 1.4015658572885474, -4.955375031886615, -0.6844750052631186, 2.0014377508804024, -0.16916065318286783, 2.5769484927683814] 
[-1.8406044713741285, -0.5917737251893427, -0.05207670880141757, -0.0890794602326026, -1.3430551704186642, -1.479765945581676, -2.0252892280054025, -1.8265200818710041, -8.391857703851052, 8.797515356187198, 1.2761694802567496, -5.087995393488714, -0.5260840407290552, 1.8420087592298238, -0.2939235413046195, 2.6962385996426863] 
[-1.7627663643800422, -0.5139356181952563, -0.1299148157955039, -0.16691756722668893, -1.4208932774127505, -1.5576040525757624, -1.9474511210113161, -1.7486819748769178, -7.956224545341208, 8.350230481875139, 1.134930094531108, -5.158056932644228, -0.6107862512659031, 1.9357596425663657, -0.20840312897340854, 2.620167318342408] 
[-1.6695921585045252, -0.4207614123197394, -0.036740609919986955, -0.07374336135117199, -1.5140674832882675, -1.6507782584512793, -1.8542769151357992, -1.8418561807524347, -7.875519957823403, 8.364817905085951, 1.0317216911426939, -5.055663177007613, -0.5188477348228439, 1.8359730960326432, -0.307260833384543, 2.5267785261497484] 
[-1.8721048018037263, -0.6232740556189404, 0.1657720333792141, 0.12876928194802906, -1.3115548399890664, -1.4482656151520783, -1.6517642718365981, -1.6393435374532337, -8.022079751558069, 8.3032180207217, 1.2251727339244063, -4.858831443333776, -0.7075117183677666, 2.0203865127660103, -0.5027814328503232, 2.328281627819097] 
[-1.8158331461036394, -0.5670023999188536, 0.10950037767912724, 0.0724976262479422, -1.3678264956891533, -1.3919939594519914, -1.708035927536685, -1.5830718817531468, -7.732529266159919, 8.002365100835023, 1.1077225380808493, -4.932419077161562, -0.760165344837546, 1.9691137859905041, -0.5596425886218882, 2.384078825428945] 
[-1.7468400525595311, -0.6359954934629619, 0.17849347122323556, 0.0035045327038338847, -1.298833402145045, -1.4609870529960998, -1.6390428339925767, -1.6520649752972552, -7.717588291520286, 8.068417835908038, 1.1794203583615284, -4.996051148820441, -0.8449658296480076, 2.054779842425844, -0.48817513029245596, 2.453226477319706] 
[-1.621080108648553, -0.7617554373739401, 0.3042534151342138, -0.12225541120714434, -1.4245933460560232, -1.3352271090851215, -1.7648027779035549, -1.526305031386277, -7.761474388658072, 7.965047896453958, 1.058590635384061, -4.88744390719453, -0.7308734989218448, 2.1662634482246026, -0.6107986428904224, 2.577898061822016] 
[-1.7000563444204677, -0.6827792016020253, 0.22527717936229896, -0.20123164697905915, -1.503569581827938, -1.2562508733132067, -1.8437790136754697, -1.6052812671581917, -7.472881092968271, 7.675005142342756, 0.9831470701265765, -4.826410312958901, -0.6300059644946029, 2.0662306136271313, -0.5353509947803542, 2.656105792134773] 
[-1.7667210529371755, -0.6161144930853175, 0.15861247084559116, -0.13456693846235135, -1.4369048733112302, -1.189586164796499, -1.777114305158762, -1.538616558641484, -7.1924298047921065, 7.397125630174127, 1.040546994681062, -4.751240597291573, -0.5351302672164624, 1.9697050471622741, -0.6030004665000114, 2.7220756055605424] 
[-1.7001594964655458, -0.5495529366136878, 0.0920509143739614, -0.06800538199072159, -1.3703433168396004, -1.2561477212681287, -1.8436758616303917, -1.4720550021698542, -7.516125004275474, 7.718335590953362, 1.0002646342042825, -4.8248425263837875, -0.4279937384157322, 1.8622189797667954, -0.6730798945985834, 2.789458237703151] 
[-1.658841536350391, -0.5908708967288425, 0.13336887448911616, -0.10932334210587635, -1.3290253567244457, -1.2974656813832834, -1.8849938217455464, -1.513372962285009, -7.530464462097792, 7.686432256239485, 0.9598540974733146, -4.785868973611271, -0.48855203639541317, 1.9240703043009715, -0.6297823651089192, 2.8295041080347265] 
[-1.5869303478851795, -0.518959708263631, 0.20528006295432766, -0.18123453057108785, -1.4009365451896572, -1.225554492918072, -1.813082633280335, -1.4414617738197975, -7.10326747418615, 7.256948437129247, 0.8737868516437325, -4.724873117896, -0.4318607030489222, 1.9764287715803623, -0.69691818847221, 2.758582092705821] 
[-1.7691801262867313, -0.33670992986207926, 0.3875298413558794, 0.0010152478304639168, -1.583186323591209, -1.4078042713196237, -1.6308328548787832, -1.6237115522213492, -5.724195212657645, 5.878474197175304, 1.0164052799186285, -4.890479695703129, -0.15739378278248178, 1.7104134641603075, -0.5322475559579622, 2.933854257322541] 
[-1.6889378665122377, -0.25646767008758564, 0.46777210113037304, 0.08125750760495754, -1.5029440638167153, -1.4880465310941173, -1.5505905951042895, -1.7039538119958428, -4.643476306746512, 4.7972688244138535, 1.000868937223834, -4.9762646040349345, -0.06159878810537074, 1.614568203931939, -0.45124159708037037, 3.014790507658268] 
[-1.5680880053409934, -0.37731753125882994, 0.34692223995912874, -0.039592353566286764, -1.382094202645471, -1.367196669922873, -1.6714404562755338, -1.8248036731670871, -7.812358514755227, 7.970486393338886, 1.3193658899428908, -4.716405463439668, 0.05137137252780741, 1.7259660948402946, -0.3292032252124753, 3.136979306433843] 
[-1.475138738804937, -0.28436826472277366, 0.439871506495185, 0.05335691296976952, -1.2891449361094147, -1.4601459364589293, -1.5784911897394776, -1.7318544066310309, -6.491508092883944, 6.6496695595621125, 1.2502960115493011, -4.644723721138465, -0.027039540240824916, 1.6501847796596478, -0.24212896051410604, 3.048431786967372] 
[-1.4848334014705284, -0.2746736020571823, 0.4495661691607764, 0.04366225030417814, -1.298839598775006, -1.4698405991245207, -1.588185852405069, -1.7221597439654395, -6.270328297647098, 6.428323685782268, 1.2636908001115457, -4.648806717740693, -0.016249543260097244, 1.6393269125718617, -0.25167802905013587, 3.057957359666172] 
[-1.5836444011011968, -0.17586260242651397, 0.5483771687914447, -0.055148749326490165, -1.2000285991443378, -1.568651598755189, -1.4893748527744006, -1.6233487443347712, -6.363344017227507, 6.422280386685052, 1.0935043536716949, -4.81991141316885, -0.12754315148024797, 1.7494006690759336, -0.15083083116551793, 3.158300689863975] 
[-1.5447202816314527, -0.1369384829567699, 0.5873012882611888, -0.01622462985674611, -1.2389527186140818, -1.607575718224933, -1.4504507333046566, -1.6622728638045152, -6.378024818733078, 6.397655249170073, 1.0131224235601466, -4.900715350410844, -0.08732173743759508, 1.7894261886600933, -0.19093008770798436, 3.197220306770345] 
[-1.385084409169267, 0.022697389505415888, 0.42766541579900297, -0.1758605023189319, -1.3985885910762677, -1.7672115906871189, -1.6100866057668424, -1.821908736266701, -22.79524898006195, 22.8144571252419, 1.2967918520911794, -4.586108106785447, 0.07690263049022322, 1.9612518550605518, -0.3567514362395929, 3.038137400194244] 
[-1.2445679758385926, 0.1632138228360902, 0.28714898246832865, -0.03534406898825759, -1.2580721577455933, -1.6266951573564445, -1.7506030390975167, -1.6813923029360267, -22.877150683053173, 22.75480151796498, 1.398583397171826, -4.680407757881638, -0.0939500430271834, 1.787410085642309, -0.5055736283100687, 3.1858650060358262] 
[-1.261617203635471, 0.14616459503921186, 0.304198210265207, -0.018294841191379252, -1.241022929948715, -1.6437443851533229, -1.7335538113006383, -1.6643430751391484, -22.876836042826795, 22.736223957261394, 1.373869511052251, -4.704529971749757, -0.07756103312800375, 1.7702488225114488, -0.5234628199956548, 3.168924311346668] 
[-1.181868428579254, 0.22591337009542878, 0.22444943520899008, -0.09804361624759617, -1.320771705004932, -1.563995610097106, -1.6538050362444214, -1.7440918501953653, -22.876045529198347, 22.650764441796934, 1.256425126546237, -4.819561993796333, 0.008470835612397754, 1.8519510365506369, -0.5994750145352549, 3.249183743119667] 
[-1.062811180033116, 0.34497061864156686, 0.34350668375512816, -0.21710086479373425, -1.2017144564587938, -1.683052858643244, -1.5347477876982834, -1.6250346016492272, -21.579353223653392, 21.344898253041862, 1.04573437775425, -4.743114276456655, -0.11319381628758099, 1.9742971602270163, -0.47804684703053035, 3.1302683951753227] 
[-0.9967922091447865, 0.27895164775323744, 0.4095256546434576, -0.15108189390540483, -1.2677334273471232, -1.7490718295315735, -1.6007667585866128, -1.5590156307608978, -21.59057754665735, 21.27825845368354, 0.9821372134822884, -4.7019423071115485, -0.04262839037142922, 2.0483861095803877, -0.5454262053916755, 3.196696284459556] 
[-1.0391157002534723, 0.32127513886192327, 0.4518491457521434, -0.108758402796719, -1.2254099362384374, -1.7067483384228876, -1.558443267477927, -1.6013391218695836, -21.832833432715756, 21.52592228940867, 1.0533994903780117, -4.715230065157033, -0.09282975209302835, 1.998032157723258, -0.5034573423833087, 3.239107411415673] 
[-1.0628522284086803, 0.34501166701713126, 0.4281126175969354, -0.132494930951927, -1.2491464643936454, -1.7304848665780956, -1.534706739322719, -1.5776025937143756, -21.978484947637455, 21.6749894071631, 1.0965100379563535, -4.720318444270979, -0.11985420230920786, 1.9707703438119226, -0.47950920673980524, 3.2152717711331125] 
[-1.0707638829102888, 0.3371000125155228, 0.4360242720985439, -0.14040658545353546, -1.2570581188952539, -1.7225732120764872, -1.5426183938243274, -1.5696909392127671, -21.936025538329677, 21.63297368319428, 1.1019126216505581, -4.71056111853774, -0.11336469322175471, 1.9637390043701173, -0.47150980270827597, 3.207351464825657] 
[-1.1397759925974822, 0.2680879028283294, 0.5050363817857373, -0.07139447576634206, -1.1880460092080605, -1.6535611023892938, -1.6116305035115208, -1.5006788295255737, -22.01862924881749, 21.649385179253148, 1.2202711536261837, -4.5914992121801665, -0.19868049451781783, 1.881978885296315, -0.40180648673912855, 3.1383509999491306] 
[-0.9521241632586457, 0.08043607348949289, 0.3173845524469008, 0.11625735357249445, -1.375697838546897, -1.4659092730504573, -1.7992823328503573, -1.3130270001867372, -20.566228419211775, 20.20574969159563, 1.3900590940191666, -4.32943305903494, -0.0014074842983897162, 2.0876359866042002, -0.20993751651222783, 3.327113186344904] 
[-1.0872742855059312, -0.05471404875779262, 0.4525346746941863, 0.25140747581977996, -1.5108479607941825, -1.6010593952977428, -1.9344324550976428, -1.4481771224340227, -19.854397014568267, 19.49556445334222, 1.4574359787781537, -4.447023043327953, -0.15388550050774485, 2.2328659703511633, -0.3353169655513084, 3.195222379202117] 
[-1.0568229771096225, -0.024262740361483903, 0.482985983090495, 0.22095616742347124, -1.4803966523978738, -1.570608086901434, -1.9648837634939516, -1.4786284308303315, -19.843153375495326, 19.517291648976602, 1.404267146705133, -4.499570842166415, -0.1250239948854614, 2.2025988964400125, -0.3663079913408391, 3.2255664906163597] 
[-0.9976288484904576, -0.08345686898064875, 0.5421801117096599, 0.1617620388043064, -1.5395907810170386, -1.5114139582822692, -1.9056896348747867, -1.4194343022111666, -20.299103621448282, 19.973049427071764, 1.4383500530266828, -4.544376524922304, -0.18501442974914095, 2.263929509173627, -0.3049888992465439, 3.2847596383075923] 
[-1.3071416726028073, 0.22605595513170096, 0.23266728759731015, -0.1477507853080433, -1.230077956904689, -1.2019011341699195, -1.596176810762437, -1.109921478098817, -20.200314372308988, 20.22473082593629, 0.7958016771802079, -5.181406079909906, -0.5163431293378578, 2.589732055484188, -0.6085724543776705, 2.977812566224059] 
[-1.366250309261837, 0.2851645917907306, 0.2917759242563398, -0.20685942196707297, -1.2891865935637186, -1.2610097708289492, -1.6552854474214667, -1.0508128414397873, -20.19418724458697, 20.281041349132035, 0.8479987153949567, -5.226903342653817, -0.5583356395771003, 2.5452933185241933, -0.5385396535445113, 2.90747682695399] 
[-1.5058886433889822, 0.42480292591787583, 0.431414258383485, -0.3464977560942182, -1.4288249276908638, -1.121371436701804, -1.7949237815486119, -1.1904511755669325, -20.349299914500506, 20.297510231687674, 1.0373353423383846, -5.046275275396572, -0.3724786224572547, 2.3495778950427946, -0.6643392745261235, 2.7868256673870837] 
[-1.6019496177122474, 0.520863900241141, 0.5274752327067502, -0.25043678177095297, -1.524885902014129, -1.2174324110250692, -1.6988628072253467, -1.2865121498901977, -20.37990815671576, 20.22552097350083, 0.8826041188416484, -5.205121625593177, -0.20437014119945648, 2.18861054034114, -0.5550290664489985, 2.6735755792140417] 
[-1.4865505122661458, 0.6362630056872427, 0.4120761272606486, -0.3658358872170546, -1.4094867965680273, -1.3328315164711708, -1.8142619126714483, -1.4019112553362993, -20.450989819496385, 20.174403278566057, 0.6843115703802937, -5.40271356251963, -0.37547476109755357, 2.3607401631780185, -0.6593394565479987, 2.5682177660756667] 
[-1.2920565485258781, 0.8307569694275103, 0.21758216352038096, -0.171341923476787, -1.603980760308295, -1.5273254802114384, -1.6197679489311807, -1.596405219076567, -21.42077414666458, 21.141739627860293, 0.5880532784040348, -5.223477694436769, -0.6356786135073648, 2.619746335699979, -0.44730748178640545, 2.365570536722624] 
[-1.379370253646972, 0.7434432643064164, 0.13026845839928702, -0.08402821835569307, -1.6912944654293889, -1.4400117750903445, -1.7070816540522746, -1.509091513955473, -21.38854607920579, 21.22671025828999, 0.6815574488182561, -5.297844564781652, -0.7198143501140133, 2.5358916673103047, -0.3599546484505721, 2.278353918505325] 
[-1.546315285459372, 0.5764982324940164, -0.03667657341311292, -0.250973250168093, -1.8582394972417888, -1.6069568069027445, -1.5401366222398747, -1.342146482143073, -20.801461865501228, 20.645360440994306, 0.7589267843130652, -5.458916294699959, -0.8696683051647446, 2.3909230758519184, -0.5232325599538428, 2.1127097831840707] 
[-1.7256484239328285, 0.7558313709674729, 0.14265656506034352, -0.43030638864154946, -1.6789063587683324, -1.786289945376201, -1.7194697607133311, -1.5214796206165295, -20.905505101999424, 20.555529126835, 0.931458094075374, -5.270728296079987, -0.67079430788503, 2.578519560703664, -0.3407890575466881, 2.29353724256137] 
[-1.8298452123702131, 0.6516345825300882, 0.03845977662295885, -0.3261096002041648, -1.783103147205717, -1.6820931569388162, -1.8236665491507158, -1.4172828321791449, -21.264290895955877, 20.909619640834443, 1.008536572264241, -5.164805091865136, -0.7947169198892635, 2.451993810101518, -0.44410784742736004, 2.188263374801584] 
[-1.9702928436293132, 0.5111869512709881, 0.17890740788205894, -0.1856619689450647, -1.9235507784648171, -1.5416455256797161, -1.6832189178916157, -1.557730463438245, -21.382233753574493, 20.880338071397134, 0.8763612238809928, -5.0361288185900746, -0.9124772945834065, 2.5881848478397185, -0.5940406908184832, 2.0453503494330016] 
[-1.981187426621816, 0.5220815342634908, 0.18980199087456162, -0.19655655193756738, -1.9126561954723145, -1.5525401086722188, -1.6941135008841184, -1.5686250464307476, -21.326285036646468, 20.824264852038578, 0.8775603976391995, -5.025676624476962, -0.9224411962583879, 2.5779650114174686, -0.6045434613439944, 2.056248906795782] 
[-2.117516836010776, 0.3857521248745308, 0.053472581485601633, -0.33288596132652737, -1.7763267860833545, -1.6888695180611788, -1.5577840914951584, -1.4322956370417876, -21.99884145051018, 21.49892582962832, 0.8582279954932306, -5.17433476759827, -1.0659709557660269, 2.4381984902296634, -0.4624569430910514, 2.1925727270505306] 
[-2.1198017822205704, 0.38346717866473634, 0.0557575276953961, -0.33517090753632184, -1.778611732293149, -1.6865845718513843, -1.555499145285364, -1.434580583251582, -21.985893328839857, 21.48545306024131, 0.8630397402490133, -5.176575308726191, -1.0686857472291558, 2.435623572757371, -0.4602153515541962, 2.19032423306344] 
[-2.3682669725959973, 0.6319323690401633, -0.1927076626800308, -0.08670571716089492, -2.027076922668576, -1.9350497622268112, -1.307033954909937, -1.1861153928761552, -21.7505056903309, 21.5019841163317, 1.0975845992010753, -5.395768843561242, -0.8056324067149134, 2.7114064600738037, -0.7039784208145379, 2.434965632458593] 
[-2.271320023450546, 0.5349854198947122, -0.09576071353457971, 0.010241231984556176, -1.9301299735231248, -1.8381028130813601, -1.210087005764486, -1.089168443730704, -21.661657230946933, 21.516352662979216, 1.175923292977592, -5.313619705957773, -0.8787280170819551, 2.7766122751778495, -0.7827256744321791, 2.5217490845350037] 
[-2.320842238066469, 0.4854632052787893, -0.046238498918656834, -0.0392809826313667, -1.8806077589072019, -1.887625027697283, -1.160564791148563, -1.0396462291147812, -21.61114193450957, 21.514842697462974, 1.230361995116454, -5.367388614499316, -0.9431437832043352, 2.7155963014498488, -0.7456911731936412, 2.476466551398247] 
[-2.260638519395862, 0.5456669239493963, 0.013965219751950197, 0.02092273603924033, -1.8204040402365949, -1.94782874636789, -1.100361072477956, -1.0998499477853882, -21.669602840227256, 21.512149518283305, 1.1684270359574405, -5.3040599347299695, -0.8934014910988681, 2.677757829308817, -0.6797661955272067, 2.5462107068418014] 
[-2.281733015746895, 0.5667614203004292, 0.035059716102983085, 0.04201723239027322, -1.799309543885562, -1.9267342500168572, -1.121455568828989, -1.1209444441364211, -21.73133597094576, 21.57378553673089, 1.168914959330483, -5.3250637531116665, -0.9098222817235475, 2.6905570560956287, -0.7031885127168875, 2.5216286172296005] 
[-2.3195668783516443, 0.5289275576956798, -0.002774146501766328, 0.07985109499502263, -1.8371434064903114, -1.9645681126216066, -1.1592894314337383, -1.0831105815316717, -21.62644651260411, 21.468891887324258, 1.1689345810559766, -5.286942770577335, -0.9399542726849723, 2.7143379844621602, -0.7447673095978065, 2.478119897590207] 
[-2.308802522467499, 0.5181632018115345, -0.013538502385911588, 0.06908673911087737, -1.8263790506061661, -1.9753324685057518, -1.148525075549593, -1.093874937415817, -21.59746814445635, 21.44009164673886, 1.1680880714541901, -5.297342627648652, -0.9572191301955355, 2.696128047517789, -0.7558287389416015, 2.4870616101782392] 
[-2.0697320446829477, 0.27909272402698315, -0.25260898017046296, 0.30815721689542874, -2.0654495283907175, -1.7362619907212005, -1.3875955533341444, -1.3329454152003684, -20.936874288467557, 20.784224942641348, 1.1447832294977127, -5.0610782704211905, -0.7807431997534595, 2.5422141456030456, -0.5656530427033875, 2.2793333279701193] 
[-2.080331784371215, 0.26849298433871605, -0.26320871985873007, 0.31875695658369585, -2.0760492680789846, -1.7468617304094676, -1.3981952930224115, -1.3435451548886355, -20.859844183066357, 20.70552672085041, 1.1688851145599057, -5.076180956579852, -0.7880235300220029, 2.5510012607764745, -0.5751125102468306, 2.2895721035285814] 
[-1.9484883499790056, 0.1366495499465068, -0.13136528546652082, 0.1869135221914866, -2.207892702471194, -1.8787051648016768, -1.5300387274146208, -1.4753885892808447, -20.863498869208573, 20.55322823609694, 1.3572262985902481, -5.233470346799564, -0.9206224933914835, 2.387534172183749, -0.7256880326330177, 2.151874807070744] 
[-1.7914795384632325, 0.29365836146227986, 0.02564352604925224, 0.02990471067571354, -2.364901513986967, -1.7216963532859038, -1.3730299158988477, -1.6323974007966178, -20.987176207388163, 20.517031943481197, 1.2182033082410884, -5.360390282616382, -1.033430320521242, 2.5140827900961993, -0.8753690672475016, 2.3045657601780287] 
[-2.0300012096677205, 0.05513669025779189, 0.2641651972537402, 0.2684263818802015, -2.126379842782479, -1.9602180244903917, -1.1345082446943597, -1.3938757295921298, -20.750562544245497, 20.519074827520488, 1.4627077428273618, -5.111240791398492, -1.2505898935155768, 2.767343140300169, -0.6039016916425932, 2.5406241038059165] 
[-2.1149336929664213, 0.14006917355649273, 0.17923271395503937, 0.18349389858150067, -2.041447359483778, -1.8752855411916909, -1.2194407279930606, -1.4788082128908306, -19.946879630601142, 19.71604029333851, 1.4105971532022767, -5.055994588002791, -1.1277508449353302, 2.9132162986865566, -0.4936297047823476, 2.4623696393551646] 
[-1.9515803191602505, 0.3034225473626635, 0.34258608776121013, 0.020140524775329904, -2.204800733289949, -1.7119321673855201, -1.3827941017992313, -1.3154548390846599, -19.890520960990393, 19.84233318604426, 1.2603322161901362, -4.928838107950844, -1.003499505007471, 2.803787920631435, -0.35069751372939767, 2.3027120948357114] 
[-1.869344901993927, 0.38565796452898704, 0.4248215049275337, -0.06209489239099364, -2.1225653161236253, -1.7941675845518437, -1.3005586846329078, -1.2332194219183363, -19.8209637214161, 19.856643207670178, 1.3205678298307577, -4.992807582404364, -0.9109096516259171, 2.8888274600360266, -0.4208267096372013, 2.3824997762352393] 
[-1.9523384631546894, 0.46865152568974944, 0.3418279437667713, -0.14508845355175604, -2.2055588772843877, -1.877161145712606, -1.2175651234721454, -1.150225860757574, -20.55694916643808, 20.594016733338037, 1.2946046926222874, -5.083645593703874, -0.841693573693077, 2.8299512872989787, -0.3395934214040744, 2.471236903532733] 
[-1.8693828492292544, 0.5516071396151845, 0.4247835576922063, -0.22804406747719108, -2.2885144912098228, -1.794205531787171, -1.3005207373975805, -1.233181474683009, -20.628793726349745, 20.58059795884083, 1.2311929563170936, -5.024787335510167, -0.9077084052166924, 2.880666117504846, -0.4233320394380322, 2.3786067097100028] 
[-1.87402113086408, 0.5562454212500101, 0.42942183932703193, -0.22340578584236548, -2.2931527728446484, -1.7988438134219966, -1.305159019032406, -1.2285431930481834, -20.656493456608, 20.608929005885663, 1.2230397384236087, -5.023428892559266, -0.911341456448929, 2.8857172512124256, -0.41747149770963166, 2.3836594681959853] 
[-1.7758137601022779, 0.6544527920118122, 0.33121446856522985, -0.1251984150805634, -2.1949454020828463, -1.8970511841837987, -1.206951648270604, -1.3267505638099855, -20.731631758352655, 20.580466235512034, 1.1613358729632262, -4.929390992315204, -0.7829031738423247, 2.9927732200558466, -0.4907813085216695, 2.476499664827433] 
[-1.8038846341480839, 0.6825236660576182, 0.35928534261103584, -0.0971275410347574, -2.1668745280370403, -1.8689803101379927, -1.23502252231641, -1.2986796897641795, -20.70748145423291, 20.585513535970637, 1.1977246619804713, -4.894586090322518, -0.820301409947408, 2.9473173775405375, -0.5300442832416584, 2.445587238569325] 
[-1.746422805774618, 0.739985494431084, 0.30182351423757003, -0.0396657126612916, -2.224336356410506, -1.9264421385114585, -1.2924843506898758, -1.3561415181376453, -20.483800986135332, 20.365356104548383, 1.1523922315828925, -4.960495824943079, -0.7445191095347624, 3.036912179840429, -0.45202293114248493, 2.50886565715061] 
[-1.812513948723844, 0.6738943514818581, 0.23573237128834412, -0.10575685561051751, -2.290427499359732, -1.9925332814606844, -1.3585754936391017, -1.2900503751884194, -20.72151579293311, 20.60138868720339, 1.1782208899725721, -5.02300713674554, -0.8351185961169392, 2.9533967336854783, -0.4034754498735914, 2.446236690629854] 
[-1.8729996317934376, 0.6134086684122644, 0.2962180543579378, -0.04527117254092383, -2.3509131824293257, -2.053018964530278, -1.298089810569508, -1.2295646921188257, -20.674833647338527, 20.619582817500536, 1.2255529396610272, -5.080925670471284, -0.9241439650595245, 2.87296819665004, -0.34576143413249416, 2.5131213563603696] 
[-2.0130959967529347, 0.4733123034527673, 0.43631441931743487, -0.1853675375004209, -2.2108168174698286, -1.912922599570781, -1.438186175529005, -1.3696610570783228, -20.64067169895408, 20.755285643378055, 1.089623501064699, -4.9701896702505035, -0.8239259285689173, 2.741633965260223, -0.4901886124353165, 2.6316319604934257] 
[-2.075099225053631, 0.5353155317534637, 0.49831764761813124, -0.12336430919972452, -2.1488135891691322, -1.8509193712700847, -1.3761829472283087, -1.4316642853790191, -20.65329022451941, 20.693893365658546, 1.1435715647244704, -5.021342293699851, -0.9150850033123555, 2.6506903912247526, -0.555124280737688, 2.689321089035393] 
[-2.0505332397955773, 0.5107495464954099, 0.522883632876185, -0.14793029445777828, -2.173379574427186, -1.8754853565281384, -1.4007489324863625, -1.4562302706370729, -20.64812807683027, 20.65441556735811, 1.1944910188484337, -4.977695798224533, -0.9437488837247693, 2.621641530422547, -0.534402771474398, 2.6655346176615056] 
[-2.0148446228717387, 0.5464381634192486, 0.4871950159523464, -0.1836189113816169, -2.2090681913510246, -1.8397967396042998, -1.436437549410201, -1.4919188875609115, -20.656180017664873, 20.710935136012658, 1.1198021719042968, -5.042566680467929, -0.9022918641682601, 2.6644438485594844, -0.567419102516035, 2.628730060315419] 
[-1.931383928927819, 0.6298988573631683, 0.4037343220084266, -0.10015821743769715, -2.125607497407105, -1.75633604566038, -1.5198982433541208, -1.4084581936169918, -20.587085486038813, 20.729555661678337, 1.1782621611932387, -5.096800143722164, -0.8374048065788827, 2.6007807768787936, -0.48709009745890286, 2.71385779218218] 
[-1.9801686756518433, 0.6786836040871926, 0.45251906873245096, -0.14894296416172148, -2.0768227506830805, -1.7075512989363557, -1.4711134966300965, -1.457242940341016, -20.385290443934167, 20.52719287494743, 1.1834787638552993, -5.048284596584423, -0.8769800955889799, 2.6447459970687004, -0.43564896737331754, 2.7641743362235855] 
[-2.023124254708478, 0.7216391831438274, 0.4954746477890857, -0.1918985432183562, -2.033867171626446, -1.7505068779929904, -1.4281579175734618, -1.5001985193976508, -20.384410715734234, 20.4658058733578, 1.2627017319724603, -4.981516673332893, -0.9210692841409536, 2.5985072630103287, -0.39555375906242446, 2.7218350485918825] 
[-1.9953621878731878, 0.7494012499791176, 0.5232367146243759, -0.16413647638306594, -2.0061051047911556, -1.7782689448282807, -1.455919984408752, -1.527960586232941, -20.274543436517153, 20.344209079306328, 1.3400599718733603, -4.928118342378361, -0.9406617548736309, 2.6250536824358397, -0.36578201066891947, 2.749968680648493] 
[-2.063556287319241, 0.6812071505330644, 0.4550426151783227, -0.2323305758291192, -1.9379110053451023, -1.846463044274334, -1.3877258849626988, -1.4597664867868878, -20.462194347144752, 20.523278011498995, 1.3989218635840557, -4.833376848027926, -0.851795705088731, 2.7065511321894045, -0.43072390294197305, 2.681205509378973] 
[-2.0805460895798977, 0.6642173482724076, 0.43805281291766596, -0.24932037808977592, -1.954900807605759, -1.8634528465349907, -1.370736082702042, -1.442776684526231, -20.46562911175083, 20.50347217466504, 1.4182306585043571, -4.842348706861868, -0.8302031424405563, 2.7278626229919665, -0.44689179912312277, 2.6637362478334485] 
[-2.1779148327289204, 0.7615860914214303, 0.3406840697686433, -0.3466891212387986, -1.8575320644567364, -1.9608215896840133, -1.4681048258510647, -1.5401454276752538, -20.35357321752715, 20.482102665886334, 1.5713997174252792, -4.68793409632638, -0.7409938956772644, 2.646502392903718, -0.546676990165691, 2.7575029631716443] 
[-2.2246134910495035, 0.8082847497420134, 0.29398541144806023, -0.2999904629182155, -1.9042307227773194, -2.0075202480045964, -1.5148034841716478, -1.4934467693546707, -20.312290055485057, 20.491213431824495, 1.606566264879721, -4.723774550415421, -0.7094180629245682, 2.6118759626828147, -0.5003593547930152, 2.804738471781946] 
[-2.2497922168351363, 0.8334634755276462, 0.3191641372336931, -0.27481173713258267, -1.9294094485629523, -1.9823415222189635, -1.5399822099572806, -1.4682680435690378, -20.285391902830856, 20.48807743422162, 1.638796273732506, -4.693802014216207, -0.7242079835463926, 2.631817678596105, -0.47564498981455994, 2.78036624861675] 
[-2.2788283942711627, 0.8044272980916198, 0.34820031466971946, -0.2457755596965563, -1.900373271126926, -2.01137769965499, -1.5109460325212543, -1.4973042210050642, -20.284065900507798, 20.430045604384873, 1.7029123048978934, -4.647192043517226, -0.6738308317017698, 2.679320669061682, -0.44489830727695373, 2.810660664001176] 
[-2.304636119698874, 0.7786195726639087, 0.3223925892420083, -0.27158328512426744, -1.926180996554637, -1.9855699742272788, -1.5367537579489654, -1.5231119464327754, -20.33528197589572, 20.47827428325573, 1.713269134494941, -4.621968152579683, -0.71383347477175, 2.6382820380552716, -0.4205921022949314, 2.7856126914048733] 
[-2.355108346301137, 0.8290917992661719, 0.27192036263974506, -0.3220555117265307, -1.8757087699523738, -1.9350977476250155, -1.4862815313467022, -1.5735841730350386, -20.435347007394473, 20.57208443696925, 1.7347020204390233, -4.563009626963868, -0.6705801555986345, 2.604105776019116, -0.3695025278784204, 2.8370657138645496] 
[-2.361121608557522, 0.8351050615225568, 0.27793362489612994, -0.3160422494701458, -1.869695507695989, -1.9290844853686306, -1.492294793603087, -1.5675709107786537, -20.45314122465237, 20.596720402346257, 1.7145420040618837, -4.573397498659106, -0.6804659937109648, 2.5950428803468695, -0.3636979071829074, 2.8310467064636358] 
[-2.3254708594696862, 0.8707558106103925, 0.24228287580829422, -0.35169299855798153, -1.9053462567838246, -1.9647352344564664, -1.4566440445152513, -1.6032216598664895, -20.551522876898346, 20.72956987315383, 1.614374657112982, -4.55749514373812, -0.7056690184382023, 2.6234492236985383, -0.3274729932364705, 2.795436803740584] 
[-2.2292524745626143, 0.7745374257033206, 0.3385012607153661, -0.2554746136509096, -2.0015646416908965, -1.8685168495493945, -1.3604256596081794, -1.5070032749594175, -20.561276927450887, 20.54534122516051, 1.7964069958259177, -4.6118779427854975, -0.5652274006220751, 2.7709261809557164, -0.22733566576731645, 2.890417230683839] 
[-2.2481261696392285, 0.7556637306267064, 0.31962756563875194, -0.2743483087275238, -1.9826909466142824, -1.8496431544727803, -1.3792993546847936, -1.4881295798828034, -20.520857326976543, 20.507228369621526, 1.787462016820436, -4.635637179183328, -0.5936738262925055, 2.742976989605909, -0.2482010667693569, 2.9089093351644117] 
[-2.258774402473318, 0.766311963460796, 0.3089793328046624, -0.26370007589343425, -1.993339179448372, -1.8389949216386907, -1.368651121850704, -1.498777812716893, -20.554215592674804, 20.547270726753723, 1.7617890498646336, -4.6296718939014685, -0.5842668630831285, 2.73533468181019, -0.23834534593136456, 2.898481007388953] 
[-2.226483896515749, 0.7986024694183649, 0.2766888268470935, -0.29599058185100313, -1.961048673490803, -1.8067044156811218, -1.400941627808273, -1.466487306759324, -20.556893306265323, 20.610096745399616, 1.6925503154756247, -4.6797548477718935, -0.6151776213049087, 2.7631042554179777, -0.20444158803055287, 2.86682381624275] 
[-2.194639716396026, 0.7667582892986418, 0.24484464672737039, -0.32783476197072625, -1.9928928536105261, -1.7748602355613987, -1.432785807927996, -1.434643126639601, -20.552895266476803, 20.660449247366998, 1.6432383171930371, -4.6595212880257115, -0.6397293143396716, 2.7879294127506538, -0.23551524394670073, 2.8342343238791226] 
[-2.209928312778445, 0.7820468856810607, 0.2295560503449514, -0.3431233583531452, -1.9776042572281072, -1.7595716391789797, -1.448074404310415, -1.44993172302202, -20.602754254000757, 20.719593163615983, 1.6058224076148038, -4.652694335159053, -0.6575273095631827, 2.768599490593244, -0.2522996637732455, 2.8184884390521585] 
[-2.2082677471552725, 0.7837074513042332, 0.2278954847217789, -0.3414627927299727, -1.9792648228512797, -1.7579110735558072, -1.4464138386872425, -1.4515922886451924, -20.599076649900244, 20.716050972680087, 1.6053032325153036, -4.654724164386997, -0.6597670913533096, 2.766651826800918, -0.25069366189688325, 2.820185068464734] 
[-2.2450284771991993, 0.7469467212603065, 0.26465621476570567, -0.30470206268604594, -2.0160255528952065, -1.794671803599734, -1.4831745687311693, -1.4148315586012656, -20.51698633217665, 20.636412658875457, 1.5959019465147057, -4.689436635146526, -0.6330184959739369, 2.7323719436520295, -0.28832532884307677, 2.8561197262624556] 
[-2.2615086738774264, 0.7304665245820794, 0.28113641144393275, -0.28822186600781885, -2.0325057495734336, -1.811152000277961, -1.4996547654093964, -1.4313117552794927, -20.50190353015718, 20.63885050523236, 1.609084672794648, -4.701995447967249, -0.620928455007837, 2.717597146258869, -0.30480174885633077, 2.87203390454668] 
[-2.2363196740921407, 0.755655524367365, 0.2559474116586471, -0.2630328662225332, -2.007316749788148, -1.7859630004926754, -1.524843765194682, -1.4565007550647784, -20.474620239128583, 20.635202771430386, 1.6413394890201856, -4.673852500053204, -0.649179519561872, 2.6858555755576137, -0.3301630449487084, 2.896385658103861] 
[-2.2349543457631786, 0.754290196038403, 0.2573127399876092, -0.2616675378935711, -2.005951421459186, -1.7845976721637133, -1.526209093523644, -1.4578660833937405, -20.47471782317499, 20.63775807529014, 1.6385709830046693, -4.675855688879786, -0.6505456808967658, 2.6869913573792172, -0.3288085762924918, 2.8950532765142865] 
[-2.2721474085672395, 0.7170971332343421, 0.2201196771835483, -0.22447447508951024, -2.0431444842632467, -1.8217907349677742, -1.4890160307195832, -1.4950591461978013, -20.593795425731944, 20.780451318804992, 1.5475175883696906, -4.651371142982862, -0.6163807092433778, 2.656804771372689, -0.29303779302015087, 2.8587146507735466] 
[-2.202412279285739, 0.7868322625158428, 0.289854806465049, -0.15473934580800952, -1.973409354981746, -1.891525864249275, -1.558751160001084, -1.564794275479302, -20.658424643649656, 20.771584083681375, 1.4903601717556734, -4.595848317861211, -0.6673949049528144, 2.718178197629473, -0.21976124845864972, 2.92982223914011] 
[-2.2269116366978357, 0.8113316199279397, 0.26535544905295216, -0.13023998839591266, -1.9979087123938428, -1.867026506837178, -1.534251802588987, -1.5402949180672052, -20.739931833663068, 20.871620853105046, 1.4177589049260269, -4.636071034450326, -0.688938710112305, 2.7366133062990716, -0.19522559005991585, 2.905369304468308] 
[-2.2394634328135017, 0.8238834160436057, 0.2779072451686182, -0.11768819228024663, -2.010460508509509, -1.8795783029528441, -1.521700006473321, -1.5277431219515392, -20.699902259137563, 20.821255754133013, 1.4551762859831947, -4.617284038611729, -0.6978765351645322, 2.746629272064621, -0.20774505588601036, 2.892706128360195] 
[-2.1774789810867685, 0.8858678677703389, 0.33989169689535137, -0.1796726440069798, -2.072444960236242, -1.9415627546795773, -1.4597155547465879, -1.465758670224806, -20.89381866333581, 21.068749413528927, 1.267412194668311, -4.711901194960282, -0.653739032544998, 2.6979290791688153, -0.14590945888057216, 2.9554984002979574] 
[-2.233711546226559, 0.9421004329101295, 0.2836591317555608, -0.23590520914677038, -2.0162123950964514, -1.8853301895397867, -1.4034829896067973, -1.4095261050850154, -20.738618503015108, 20.878325728628223, 1.3959985947419735, -4.745243113905064, -0.7005469214686727, 2.736723177700807, -0.2024181528431314, 2.897132393967995] 
[-2.307550841900572, 0.8682611372361166, 0.3574984274295736, -0.3097445048207832, -1.9423730994224386, -1.9591694852137995, -1.47732228528081, -1.4833654007590282, -20.67189670653045, 20.893680593502037, 1.4536658733980254, -4.800448899808392, -0.6032590893645694, 2.8427640330559734, -0.11752329735080244, 2.975130094722573] 
[-2.295695044541642, 0.8801169345950464, 0.3693542247885033, -0.2978887074618535, -1.9542288967813684, -1.9473136878548698, -1.4891780826397398, -1.4715096034000985, -20.650856899883706, 20.874490325904883, 1.4479729783546866, -4.814637385674567, -0.6139338688862547, 2.850655826245452, -0.12953489956916725, 2.9628788500953225] 
[-2.3489842447315152, 0.8268277344051733, 0.3160650245986303, -0.24459950727198043, -2.0075180969712414, -1.8940244876649968, -1.4358888824498668, -1.4182204032102255, -20.59249334625828, 20.8638496491668, 1.5237078626879923, -4.735613598677032, -0.5252231834051073, 2.9344978008937344, -0.0718558184563185, 3.0182632351930176] 
[-2.367803829216943, 0.8080081499197456, 0.29724544011320253, -0.22577992278655268, -1.9886985124858136, -1.875204903179569, -1.4547084669352945, -1.4370399876956532, -20.593416928950045, 20.904784900256804, 1.4795666889458592, -4.761198496803516, -0.5021150394121442, 2.9587749622211184, -0.0903082998610027, 2.9985609555461337] 
[-2.2932914499284434, 0.8825205292082452, 0.37175781940170216, -0.15126754349805305, -1.914186133197314, -1.8006925238910694, -1.5292208462237942, -1.5115523669841529, -20.801850572501355, 21.182133023785546, 1.2728704478844677, -4.736165791857578, -0.6024096838782643, 2.8540607093279804, -0.16667883379838874, 3.0700412576595264] 
[-2.297983076718918, 0.88721215599872, 0.376449446192177, -0.1559591702885279, -1.9094945064068392, -1.7960008971005945, -1.5245292194333193, -1.5162439937746277, -20.796787066035083, 21.1813525924229, 1.279299770448905, -4.730175853485973, -0.6059692337343716, 2.858062817736717, -0.16186855559699803, 3.074797730599199] 
[-2.3696015205780196, 0.8155937121396186, 0.3048310023330756, -0.08434072642942647, -1.9811129502659406, -1.724382453241493, -1.5961476632924207, -1.5878624376337291, -20.59257459063724, 20.900324216276747, 1.515175858672508, -4.601312141903256, -0.5404598988720817, 2.7989751927991784, -0.23525401777013266, 3.002286715517682] 
[-2.322429253980641, 0.76842144554224, 0.3520032689304542, -0.13151299302680508, -1.933940683668562, -1.7715547198388717, -1.5489753966950421, -1.6350347042311077, -20.55006231216153, 20.910070389642623, 1.5495348429176132, -4.640157399541376, -0.5004105518771221, 2.7569269202043936, -0.18778437211816912, 3.0493350930052157] 
[-2.301281880348434, 0.789568819174447, 0.3308558952982472, -0.15266036665901206, -1.912793310036355, -1.7504073462066647, -1.5278280230628352, -1.6138873305989008, -20.52630412260933, 20.905100148893776, 1.5801489408824847, -4.610646182460226, -0.48119548166964704, 2.7394880298253694, -0.16703669177181008, 3.0702169361082534] 
[-2.2268332931129966, 0.7151202319390095, 0.4053044825336847, -0.22710895389444952, -1.9872418972717925, -1.6759587589712273, -1.4533794358273977, -1.5394387433634633, -20.76112759841243, 21.210874541429792, 1.338750969050453, -4.743075411732961, -0.5517724964255882, 2.801161791563817, -0.24004302236876873, 2.9963296644321367] 
[-2.267293884023268, 0.6746596410287382, 0.36484389162341335, -0.1866483629841782, -1.9467813063615211, -1.7164193498814986, -1.4129188449171264, -1.5798993342737346, -20.807858280079262, 21.221354641924066, 1.2762248846835176, -4.805867899119059, -0.601900541566174, 2.7539948749237944, -0.28285908612755917, 2.955729134983127] 
[-2.2534505100535367, 0.660816267059007, 0.3510005176536821, -0.17280498901444696, -1.9606246803312524, -1.7302627238512298, -1.4267622188868576, -1.5937427082434659, -20.84370873457254, 21.258091974855475, 1.2724365486378528, -4.82003611930464, -0.5907088957861938, 2.740801026399485, -0.2974741667396029, 2.9695915740504013] 
[-2.2516929913252928, 0.6590587483307631, 0.35275803638192604, -0.17104747028620304, -1.9623821990594963, -1.7320202425794737, -1.4285197376151015, -1.5955002269717098, -20.83772479730208, 21.251192457614703, 1.2764972973549267, -4.820804003606091, -0.5922777506068119, 2.7424305864303555, -0.29563519938963917, 2.971342462122273] 
[-2.2715481557454607, 0.6392035839105952, 0.33290287196175816, -0.19090263470637092, -1.9425270346393284, -1.7121650781593059, -1.4483749020352694, -1.575645062551542, -20.840458279687773, 21.2233196422084, 1.303302769540304, -4.832442941919421, -0.5758473422725517, 2.7238599693281365, -0.3165605833807075, 2.9912797619902656] 
[-2.2719120078947985, 0.6388397317612573, 0.33326672411109604, -0.1912664868557088, -1.9421631824899905, -1.711801226009968, -1.4487387541846073, -1.575281210402204, -20.84041352715805, 21.22265356710176, 1.3040585927097224, -4.831861097992747, -0.5754886701348804, 2.7235257347748183, -0.31693886638747787, 2.9909161663407007] 
[-2.2303980183677656, 0.6803537212882902, 0.29175273458406314, -0.1497524973286759, -1.9006491929629576, -1.7533152155370009, -1.4902527437116402, -1.5337672208751711, -20.803672565382463, 21.230434465867603, 1.3348593064434178, -4.8624440486827485, -0.5296270822564167, 2.77284769044343, -0.27324129956281884, 2.9493748393667243] 
[-2.2804944793893225, 0.6302572602667333, 0.34184919560562, -0.19984895835023275, -1.9507456539845145, -1.8034116765585577, -1.4401562826900833, -1.4836707598536143, -20.797525217544695, 21.301978982467503, 1.2665384535795934, -4.8253994596747445, -0.48526789826510786, 2.728962111616159, -0.3248002752704826, 2.8989330502735555] 
[-2.3084318638186976, 0.6023198758373582, 0.3697865800349951, -0.22778634277960785, -1.9228082695551394, -1.8313490609879328, -1.4122188982607082, -1.5116081442829894, -20.794077934179754, 21.250765567085573, 1.3250327397413204, -4.780086139543579, -0.45860389472480834, 2.7079129278189007, -0.29728594938079245, 2.927417643389005] 
[-2.3330289448121495, 0.5777227948439063, 0.394383661028447, -0.2523834237730598, -1.9474053505485913, -1.806751979994481, -1.3876218172672563, -1.5362052252764413, -20.765752613337142, 21.244651969682188, 1.3628544486659053, -4.741989779028995, -0.4238044976804517, 2.7394813518040313, -0.3205976572103643, 2.902469776208722] 
[-2.2889417162719927, 0.5336355663037495, 0.4384708895686038, -0.29647065231321656, -1.9033181220084345, -1.8508392085346377, -1.431709045807413, -1.4921179967362845, -20.75767592213092, 21.304084002008658, 1.304725267014293, -4.720653324540341, -0.4784461232909258, 2.6807481963033295, -0.36886391644575345, 2.857998851577954] 
[-2.3153482764634465, 0.5072290061122957, 0.4648774497600576, -0.27006409212176274, -1.9297246821998884, -1.8244326483431839, -1.4053024856159593, -1.5185245569277384, -20.754856054324527, 21.259004379486143, 1.3603123436945679, -4.6762578146075775, -0.49516063077410993, 2.7041966114031224, -0.34085644111187474, 2.885007970875319] 
[-2.237895622974037, 0.4297763526228864, 0.3874247962706483, -0.19261143863235342, -2.0071773356892977, -1.9018853018325932, -1.4827551391053686, -1.5959772104171477, -20.953009664494985, 21.446777734398346, 1.4182680107482284, -4.58158940146151, -0.5509318163980521, 2.7649289193058237, -0.41391772486513634, 2.9615158522862837] 
[-2.273844912507553, 0.39382706308937054, 0.35147550673713246, -0.15666214909883758, -2.0431266252228135, -1.8659360122990774, -1.5187044286388844, -1.6319264999506635, -20.924144588291178, 21.456697176235195, 1.4409549716665262, -4.613908545376592, -0.6045628740807796, 2.7121531692865037, -0.4514312280189306, 2.9258724126358393] 
[-2.2867600728433435, 0.3809119027535801, 0.338560346401342, -0.169577309434628, -2.030211464887023, -1.8788511726348678, -1.5316195889746749, -1.644841660286454, -20.97574771384405, 21.511614653287953, 1.4167019715152243, -4.609278365006319, -0.614596823811259, 2.7222082638427243, -0.4643517519275377, 2.9390168602056566] 
[-2.3957657179582452, 0.2719062576386784, 0.2295547012864403, -0.27858295454952975, -2.139217110001925, -1.9878568177497695, -1.6406252340895766, -1.5358360151715522, -21.427358521283068, 22.000780994855546, 1.1392428792956537, -4.79311675867966, -0.4801862083027372, 2.865493082837924, -0.5685952462944165, 2.8323476496278914] 
[-2.3874255284590977, 0.2635660681395309, 0.2378948907855878, -0.27024276505038225, -2.1308769205027773, -1.996197007248917, -1.648965423588724, -1.5274958256724047, -21.42010351514413, 22.002441187889172, 1.1493304004118217, -4.7833117419449405, -0.48477150266045316, 2.872627216741827, -0.5772999501776237, 2.823884513615655] 
[-2.473981671636047, 0.1770099249625816, 0.32445103396253705, -0.183686621873433, -2.044320777325828, -2.0827531504258663, -1.7355215667656734, -1.4409396824954555, -21.7027912059745, 22.29914365739112, 1.0231797041555253, -4.71418386757271, -0.4105380208125951, 2.8077773433485427, -0.4898070227612253, 2.738886564148379] 
[-2.3545481862865825, 0.05757643961311709, 0.20501754861307253, -0.3031201072228975, -2.1637542626752926, -1.9633196650764018, -1.6160880814162089, -1.321506197145991, -21.65240395604628, 22.41243862640995, 0.8357229746452003, -4.886531265118769, -0.3481975373850313, 2.7063271300250307, -0.3557610471809724, 2.8667082936024193] 
[-2.3444042148965925, 0.0677204110031071, 0.21516152000306255, -0.2929761358329075, -2.1536102912853026, -1.9531756936864118, -1.6262320528061989, -1.331650168535981, -21.646979832689517, 22.419113598588392, 0.8265111031227818, -4.880357567296896, -0.36156662129720235, 2.692344539727341, -0.36470126515952367, 2.8760094051834293] 
[-2.2919330102606996, 0.015249206367214274, 0.1626903153671697, -0.24050493119701466, -2.1011390866494097, -1.900704489050519, -1.6787032574420917, -1.3841213731718738, -21.611813348506256, 22.44335823345557, 0.8941933265777339, -4.800280119481182, -0.2726771015756252, 2.7727566998570654, -0.4152103800935669, 2.9240232567648734] 
[-2.2687398684159317, 0.038442348211982225, 0.13949717352240176, -0.2636980730417826, -2.1243322284941777, -1.877511347205751, -1.6555101155973238, -1.4073145150166417, -21.519142150267413, 22.35084028522074, 0.8671835890931937, -4.830387824997124, -0.29510138286399307, 2.788778403576423, -0.3941540953542606, 2.902088737066801] 
[-2.3878026139414854, 0.15750509373753596, 0.020434427996848026, -0.38276081856733635, -2.2433949740197314, -1.7584486016801972, -1.7745728611228775, -1.5263772605421955, -21.456610349777446, 22.424679098175346, 0.7588225766823231, -4.737143648105262, -0.37825245259656654, 2.8825786298236156, -0.2846361529739962, 2.788388432474491] 
[-2.5998927912589846, -0.05458508357996328, -0.19165574932065121, -0.5948509958848356, -2.031304796702232, -1.9705387789976965, -1.5624826838053782, -1.3142870832246962, -22.09028148470555, 23.048379365072584, 0.9049716940743684, -4.450167166547689, -0.06811351909704605, 3.113710919839499, -0.09944285757476898, 3.001980968884486] 
[-2.798392302374627, 0.14391442753567896, 0.006843761794991021, -0.7933505070004778, -2.2298043078178744, -1.7720392678820542, -1.363983172689736, -1.5127865943403385, -21.67322848510999, 22.62385966254864, 0.6585027211427564, -4.269327508239451, -0.2991622994929628, 2.8478772346502854, -0.2810185010605657, 3.1825527904198623] 
[-2.7925888634826994, 0.14971786642760643, 0.0010403229030635508, -0.7875470681085504, -2.224000868925947, -1.7778427067739817, -1.3697866115816635, -1.506983155448411, -21.682289112259213, 22.633640308965703, 0.651395767034627, -4.2656707733933175, -0.30400400362524155, 2.842157215179787, -0.2759849441608444, 3.1768064418914035] 
[-2.902794858984525, 0.25992386192943195, 0.11124631840488908, -0.6773410726067248, -2.3342068644277725, -1.8880487022758072, -1.479992607083489, -1.6171891509502365, -21.594539192174036, 22.700051608185845, 0.7521560884100971, -4.454437038257474, -0.4865941131046838, 2.919501059132981, -0.3756073278314501, 3.2857327637751435] 
[-2.910030996108308, 0.2526877248056487, 0.11848245552867231, -0.6701049354829416, -2.3414430015515557, -1.880812565152024, -1.4872287442072722, -1.6244252880740198, -21.58923425094741, 22.708499925998872, 0.7423852411009421, -4.459677131994437, -0.48006203583260876, 2.9283406885601875, -0.36794731767522687, 3.2928585371347583] 
[-2.7523296925445355, 0.09498642124187606, -0.03921884803510034, -0.5124036319191689, -2.183741697987783, -2.0385138687157967, -1.3295274406434996, -1.7821265916377924, -21.470074139839397, 22.88194495656582, 0.5676446743401671, -4.182426892918729, -0.16529772985183994, 3.149594754985117, -0.195378686498666, 3.1323450727205318] 
[-2.996941548415418, 0.3395982771127586, -0.28383070390598286, -0.7570154877900515, -1.9391298421169005, -1.7939020128449141, -1.084915584772617, -1.53751473576691, -21.06632605432622, 22.460722169338215, 0.8422380136590937, -3.9780805546119975, -0.2750248514312218, 3.390077249392833, 0.058415547843035126, 3.353650628193998] 
[-3.3621834493748683, -0.02564362384669172, 0.08141119705346744, -0.39177358683060115, -2.304371743076351, -2.1591439138043644, -1.4501574857320674, -1.1722728348074596, -20.763774286688953, 22.921968213529702, 0.40890151334394, -4.383764182765168, -0.7957571093297918, 2.9955990994208745, 0.3566070380081703, 2.990350072646111] 
[-3.493498952351875, -0.15695912682369828, -0.049904305923539116, -0.2604580838535946, -2.4356872460533574, -2.027828410827358, -1.3188419827550608, -1.3035883377844661, -20.872300183429072, 23.026156795031813, 0.2730132112890308, -4.479204357699963, -0.6148875425714005, 3.1894877916912723, 0.2620401327736717, 3.101446990902779] 
[-3.487894558853928, -0.16256352032164534, -0.04429991242559206, -0.26606247735154165, -2.4412916395513045, -2.033432804325305, -1.3244463762530079, -1.3091927312824132, -20.876784083959375, 23.0294479995735, 0.2676455969931084, -4.474046512134929, -0.6184744514594557, 3.193131453932859, 0.2563512461617159, 3.0952006727617234] 
[-3.4739791139988516, -0.1486480754665691, -0.030384467570515827, -0.2799779222066179, -2.4552070844063807, -2.0195173594702287, -1.3105309313979316, -1.295277286427337, -20.867228284486377, 23.016432054864694, 0.2525152884552725, -4.492183909435644, -0.642670516677705, 3.1692122793532933, 0.23663965795679057, 3.0790786349796524] 
[-3.4484552744162262, -0.12312423588394372, -0.05590830715314121, -0.30550176178924326, -2.4296832448237553, -2.045041199052854, -1.2850070918153063, -1.2697534468447116, -20.846787131642447, 23.000681623373666, 0.2752195498027759, -4.470863908613708, -0.6592777289005195, 3.1857190309967294, 0.21082989128587876, 3.0506113772656183] 
[-3.4183957680601194, -0.09306472952783684, -0.025848800797034333, -0.33556126814535014, -2.3996237384676484, -2.075100705408961, -1.2549475854591994, -1.2998129532008185, -20.870930948953344, 23.020414888347958, 0.2487993507316454, -4.496060766088745, -0.6440363544642385, 3.1537727103788717, 0.1780562913259911, 3.076413039182902] 
[-3.2270316649599526, 0.09829937357232987, -0.21721290389720105, -0.5269253712455169, -2.2082596353674817, -2.2664648085091277, -1.446311688559366, -1.4911770563009852, -20.715937307889526, 22.886748731835883, 0.4225208606638742, -4.261572743033399, -0.4489260703552593, 2.9813648852549948, -0.02744928134409838, 3.2425114712877003] 
[-3.1087790395701664, -0.01995325181745633, -0.09896027850741484, -0.40867274585573066, -2.0900070099776955, -2.1482121831193415, -1.5645643139491523, -1.6094296816907714, -20.824149618116024, 23.0049769841078, 0.32653389878846606, -4.442580448181658, -0.7245334468629565, 2.7467281260658276, 0.08375920268749804, 3.366388971273592] 
[-3.1920751617453686, -0.10324937399265854, -0.01566415633221263, -0.32537662368052844, -2.0067108878024933, -2.2315083052945437, -1.6478604361243545, -1.5261335595155692, -20.73808567389632, 22.920595240109797, 0.414087383590839, -4.508020655100106, -0.593087662561286, 2.88696974567161, -0.0009673341237008692, 3.4514713635559446] 
[-3.2468396440448797, -0.048484891693147514, -0.07042863863172366, -0.3801411059800395, -2.0614753701020043, -2.2862727875940547, -1.5930959538248435, -1.5808980418150802, -20.680114945786897, 22.984474427113266, 0.4743758801012351, -4.436856759147766, -0.4649788585351583, 3.0078952943628914, 0.05222919807882532, 3.5076890781381995] 
[-3.207782095888476, -0.009427343536744015, -0.10948618678812716, -0.41919865413644297, -2.022417821945601, -2.2472152394376512, -1.632153501981247, -1.6199555899714837, -20.63627581173441, 23.03004400581332, 0.514144793012268, -4.414188781826939, -0.5440651279535722, 2.9260336598289216, 0.09167895053462088, 3.5464852821908766] 
[-3.326224699437422, 0.10901526001220185, -0.22792879033707303, -0.5376412576853888, -1.903975218396655, -2.1287726358887054, -1.7505961055301928, -1.5015129864225378, -20.763026317576074, 22.90442969659994, 0.6436968552420285, -4.5372719971538125, -0.49712173303309537, 2.829301906938476, 0.20861384271488992, 3.661337559151212] 
[-3.362679989421022, 0.07255997002860193, -0.1914735003534731, -0.5011859677017889, -1.867519928413055, -2.1652279258723053, -1.7870513955137928, -1.465057696438938, -20.79440947827964, 22.932222942026197, 0.6718659454081221, -4.509331312002546, -0.5159993702515908, 2.8595953972447252, 0.16928966603554946, 3.62346411102055] 
[-3.319274237039711, 0.02915421764729098, -0.23487925273478405, -0.5445917200830999, -1.824114176031744, -2.1218221734909943, -1.7436456431324818, -1.5084634488202489, -20.829402634371352, 22.97068692575879, 0.6328143069419867, -4.551533384478924, -0.5544063329914977, 2.8826296298177807, 0.21415353169136575, 3.6694598822338196] 
[-3.2750956003080245, 0.07333285437897752, -0.1907006160030975, -0.5887703568147864, -1.8682928127634306, -2.166000810222681, -1.6994670064007953, -1.5526420855519354, -20.867139825977517, 23.007146623702738, 0.6705085081392033, -4.524057080180529, -0.6272818803157636, 2.808433291703133, 0.1712359951418876, 3.6239023918920883] 
[-3.1545987035250787, 0.19382975116192336, -0.07020371922015167, -0.7092672535977322, -1.9887897095463765, -2.045503913439735, -1.8199639031837411, -1.6731389823348812, -20.762252730061547, 22.889557770369297, 0.825007768691494, -4.687015739619817, -0.7409824467896036, 2.8821060167957993, 0.04721564674370336, 3.5021536353192593] 
[-3.3609973196908, -0.012568865003797836, -0.27660233538587287, -0.502868637432011, -1.7823910933806553, -1.8391052972740138, -1.61356528701802, -1.46674036616916, -20.971925618109037, 22.63299633119188, 1.0721713542805713, -4.523754978377074, -0.8556031415731413, 3.0358117192216936, 0.2309652875707226, 3.700236679251094] 
[-3.3864427243380217, -0.03801426965101973, -0.251156930738651, -0.47742323278478915, -1.7569456887334334, -1.8645507019212357, -1.6390106916652418, -1.4412949615219381, -21.004361240219595, 22.600876806155533, 1.1047865307287743, -4.555305323974183, -0.8381578008213043, 3.0141121463890865, 0.25591744358852075, 3.6754777192870214] 
[-3.37685303822779, -0.04760395576125154, -0.24156724462841916, -0.48701291889502096, -1.7473560026232016, -1.8741403880314675, -1.6486003777754736, -1.4317052754117063, -21.016950012900452, 22.588495946988687, 1.112018212130744, -4.546619754982733, -0.8297689244777602, 3.006529831401675, 0.2652539323575069, 3.666236332329512] 
[-3.51806153907252, -0.18881245660598145, -0.10035874378368925, -0.34580441805029105, -1.6061475017784717, -1.7329318871867376, -1.5073918769307437, -1.2904967745669764, -20.834101839158933, 22.767335829889813, 1.002038643617171, -4.656451661559688, -0.7276291741535733, 2.889926516247003, 0.41406570541819876, 3.813589154376597] 
[-3.5600327656978448, -0.23078368323130638, -0.05838751715836432, -0.387775644675616, -1.6481187284037966, -1.6909606605614127, -1.5493631035560687, -1.2485255479416515, -20.90411606035862, 22.689677034681036, 0.9421257452351188, -4.608336830380943, -0.6775759251579502, 2.939397745635466, 0.3702462128541036, 3.7696649912273315] 
[-3.6281300638827187, -0.29888098141618036, 0.009709781026509656, -0.45587294286048996, -1.7162160265886706, -1.6228633623765387, -1.4812658053711947, -1.3166228461265255, -20.849686600513913, 22.655124129686648, 0.9997061965067311, -4.545445850612331, -0.7522764670169622, 2.8631429533585933, 0.43572766906009053, 3.7040532612664356] 
[-3.6739836335339686, -0.34473455106743023, -0.036143788624740214, -0.4100193732092401, -1.7620695962399204, -1.6687169320277886, -1.5271193750224445, -1.3624764157777753, -20.756031057613, 22.76210219047264, 1.0737660383982213, -4.50186264906589, -0.7975391671625798, 2.815789837046711, 0.48157397693411313, 3.7505043777836344] 
[-3.6358922653084247, -0.38282591929297416, 0.0019475796008037172, -0.37192800498369616, -1.7239782280143765, -1.6306255638022447, -1.5652107432479885, -1.3243850475522314, -20.671345495217516, 22.859634552418548, 1.139007235850436, -4.462412865176838, -0.7527325339659182, 2.8581366722237505, 0.5192611053350045, 3.7131742880028877] 
[-3.354616390456169, -0.10155004444071869, -0.27932829525145175, -0.6532038798359516, -2.005254102866632, -1.9119014386545001, -1.846486618100244, -1.043109172699976, -20.19315453153608, 23.307094001136747, 1.004422062784904, -4.728230203698943, -0.46986732805889164, 3.154742532102073, 0.23407451153197495, 3.427738987458244] 
[-3.4758825780237186, -0.22281623200826806, -0.1580621076839024, -0.774470067403501, -1.8839879152990826, -2.0331676262220495, -1.9677528056677933, -1.1643753602675253, -20.091227590111604, 23.215145565279865, 1.087154629117606, -4.591532541830559, -0.3338209764208524, 3.0765930527062886, 0.1383884369702757, 3.533495761605694] 
[-3.2931722807128136, -0.04010593469736312, 0.024648189627002548, -0.5917597700925961, -2.0666982126099875, -1.8504573289111446, -1.7850425083568884, -0.9816650629566204, -20.351330874030822, 22.97328307976584, 1.203955562668609, -4.445253377508784, -0.4448032969992415, 3.2104472467522482, 0.28088343647016967, 3.3739595558907185] 
[-3.233210875039394, -0.1000673403707828, -0.03531321604641713, -0.6517211757660157, -2.126659618283407, -1.7904959232377249, -1.845003914030308, -1.04162646863004, -20.280319493970865, 23.046520690993848, 1.2686173807626278, -4.357258224074761, -0.34413387099259873, 3.2965969567045788, 0.22016777239603896, 3.4248217264084713] 
[-2.9635317343761796, 0.1696118002924316, 0.23436592461679728, -0.9214003164292301, -1.8569804776201928, -1.5208167825745105, -1.5753247733670936, -1.3113056092932545, -20.524831652222627, 23.322982449504927, 1.5607248210724178, -4.176180112089012, -0.5956227496747737, 3.0266561048192013, -0.04338481451262155, 3.127230326449375] 
[-3.1553868498945943, -0.022243315225983107, 0.04251080909838256, -0.7295452009108154, -2.0488355931386075, -1.3289616670560958, -1.7671798888855084, -1.5031607248116692, -20.682166859603598, 23.125251115605725, 1.7670739659615529, -4.3023037477663095, -0.42565307618708964, 2.8301165250923908, -0.23256075013321423, 2.9378002003335544] 
[-3.295448402187891, -0.16230486751927975, -0.09755074319491408, -0.5894836486175188, -1.9087740408453109, -1.188900114762799, -1.6271183365922117, -1.3630991725183725, -20.540187862350336, 23.26429366529163, 1.6330937854913607, -4.2078415066606425, -0.5606466021791796, 2.9807049384835316, -0.10781527268183211, 3.075881516188548] 
[-3.379107358913686, -0.245963824245075, -0.18120969992070934, -0.673142605343314, -1.9924329975711061, -1.2725590714885944, -1.710777293318007, -1.4467581292441678, -20.637247093350588, 23.175688243984204, 1.6943321815178072, -4.1034670962975515, -0.42106231933458005, 2.8548677019438973, -0.02792535119359099, 3.1534107144420482] 
[-3.2936361183366363, -0.1604925836680251, -0.09573845934365943, -0.5876713647662641, -2.077904238148156, -1.3580303120656443, -1.796248533895057, -1.5322293698212177, -20.5643693953339, 23.12050336444948, 1.7529934664099998, -4.00129160986627, -0.3225594775902775, 2.91503102368545, 0.05744957711128619, 3.064866157262712] 
[-3.4757358439820085, 0.021607141977347144, 0.08636126630171281, -0.7697710904116364, -2.2600039637935283, -1.175930586420272, -1.6141488082496847, -1.71432909546659, -20.35343763283164, 23.313344449348385, 1.6207384831479432, -4.2498870461237885, -0.6094072646520663, 3.1631631453623887, -0.149549302263005, 2.88440915406859] 
[-3.5582371881148096, -0.060894202155453936, 0.0038599221689117336, -0.6872697462788353, -2.1775026196607272, -1.2584319305530731, -1.5316474641168836, -1.796830439599391, -20.231268646234494, 23.43432542216816, 1.698318405318203, -4.289636177680697, -0.5233442635182516, 3.064240042538805, -0.22522739352355145, 2.9627501930360287] 
[-3.695775890741974, -0.19843290478261855, -0.13367878045825288, -0.5497310436516707, -2.0399639170335626, -1.3959706331802377, -1.6691861667440482, -1.6592917369722264, -20.332803024059967, 23.52345734165763, 1.5654782204013866, -4.3775019855229145, -0.3849288463329775, 2.8968810730815693, -0.357481091675869, 3.091187239340317] 
[-3.7695581176853215, -0.2722151317259658, -0.05989655351490564, -0.47594881670832345, -1.9661816900902154, -1.469752860123585, -1.595403939800701, -1.5855095100288792, -20.275267142761397, 23.491967429031952, 1.64137093407387, -4.4434003267944275, -0.3151377629934362, 2.810423981284774, -0.2787702851496131, 3.1661735960688513] 
[-3.7938802238416796, -0.2965372378823239, -0.035574447358547534, -0.5002709228646816, -1.9418595839338573, -1.494074966279943, -1.619726045957059, -1.6098316161852373, -20.33869980650681, 23.422851200033772, 1.6003929359755726, -4.411300728861473, -0.2829086899751483, 2.7832030557256973, -0.2541553824854772, 3.1905322218722243] 
[-3.781906457745969, -0.30851100397803455, -0.023600681262836876, -0.4882971567689709, -1.9298858178381466, -1.4821012001842324, -1.6316998120527697, -1.621805382280948, -20.328767437916557, 23.419334656961354, 1.6119900259880513, -4.426023361719466, -0.2967319076881245, 2.7718810352741774, -0.24201707330188277, 3.1785947197487707] 
[-3.7796790551640567, -0.3062836013961223, -0.025828083844749106, -0.48606975418705867, -1.9276584152562344, -1.4798737976023202, -1.6294724094708575, -1.6195779796990357, -20.322824980847006, 23.425861001754622, 1.6157540769206027, -4.423403601812456, -0.29389781314412616, 2.7694926576738004, -0.2442036758228107, 3.1763574599793754] 
[-3.731604200722327, -0.2582087469543928, -0.07390293828647865, -0.4379948997453291, -1.975733269697964, -1.5279486520440497, -1.581397555029128, -1.5715031252573062, -20.30429909592128, 23.373832478986316, 1.5559660679860465, -4.463980960827156, -0.25591904915889824, 2.8157063470653636, -0.29300981738943893, 3.2242165977791144] 
[-3.597821009702923, -0.39199193797379683, 0.05988025273292541, -0.30421170872592507, -1.8419500786785599, -1.3941654610246457, -1.715180746048532, -1.4377199342379021, -20.366416335699494, 23.50705880911251, 1.7112485358979053, -4.360479286531572, -0.3773998351535769, 2.9543814296988757, -0.42736758810456177, 3.3579957212915423] 
[-3.468168902802639, -0.26233983107351255, 0.1895323596332097, -0.43386381562620935, -1.7122979717782756, -1.2645133541243614, -1.5855286391482477, -1.5673720411381864, -20.478939518198636, 23.549129274067507, 1.589241706986627, -4.488539212827722, -0.277133306130121, 3.0728169004575543, -0.5585915077505648, 3.231371188579742] 
[-3.575114197706189, -0.36928512597706264, 0.0825870647296596, -0.5408091105297594, -1.6053526768747255, -1.3714586490279115, -1.4785833442446976, -1.6743173360417365, -20.30936346099564, 23.751277365630134, 1.7660969284999035, -4.360463584289672, -0.4156944484829891, 3.217079463177638, -0.4518214666186608, 3.1243156680005884] 
[-3.3983221151504535, -0.19249304342132723, -0.09420501782607582, -0.364017027974024, -1.782144759430461, -1.548250731583647, -1.655375426800433, -1.497525253486001, -20.587776522188822, 23.491875050891974, 1.8471472629544685, -4.528188487244091, -0.20574574234274562, 3.00412514649917, -0.6257475692569954, 3.2975638817270987] 
[-3.3652597244037072, -0.22555543416807344, -0.0611426270793296, -0.3309546372272778, -1.8152071501772071, -1.5813131223303931, -1.6223130360536868, -1.5305876442327473, -20.633785947056506, 23.43992665987534, 1.8068732128963962, -4.555519395262886, -0.17539601465634966, 3.0371595097233284, -0.6594496970325695, 3.330681693029504] 
[-3.480000722265203, -0.3402964320295694, -0.17588362494082554, -0.21621363936578186, -1.7004661523157112, -1.696054120191889, -1.7370540339151828, -1.6453286420942432, -20.49202920329833, 23.564890518668072, 1.713045970424224, -4.443898092175984, -0.2824800378180656, 2.9227976464914023, -0.7728142020356576, 3.215892834497655] 
[-3.402263407456456, -0.26255911722082237, -0.09814631013207853, -0.13847632455703485, -1.6227288375069642, -1.773791435000636, -1.6593167191064357, -1.5675913272854962, -20.443227510080632, 23.472429198922143, 1.6162769537386736, -4.503669608499064, -0.19548919362849104, 3.012766956179261, -0.8531816799224164, 3.29436747801711] 
[-3.395337771951685, -0.25563348171605105, -0.10507194563684985, -0.13155068905226353, -1.6296544730117355, -1.7807170705054074, -1.6523910836016644, -1.5745169627902675, -20.45306191461565, 23.460742517291756, 1.6070080840991583, -4.509788577039127, -0.2041917464366737, 3.004074665046947, -0.8462125140543747, 3.3012975989413555] 
[-3.236316599488273, -0.09661230925263942, 0.05394922682656178, -0.29057186151567516, -1.7886756454751471, -1.939738242968819, -1.4933699111382528, -1.7335381352536792, -20.569196814236765, 23.637321353166445, 1.7950175939656918, -4.370684291510467, -0.33507087349932496, 3.135362031294207, -0.687683994659467, 3.142153926142449] 
[-3.108719647772237, -0.22420926096867566, -0.07364772488947446, -0.4181688132317114, -1.9162725971911834, -2.0673351946848553, -1.620966862854289, -1.605941183537643, -20.429457422724372, 23.766302380671167, 1.6722604938805727, -4.517084180601058, -0.5370538953332473, 2.941693242736506, -0.5552244755128379, 3.0068404656636027] 
[-3.2052226929895338, -0.12770621575137886, 0.022855320327822337, -0.3216657680144146, -2.01277564240848, -2.163838239902152, -1.5244638176369922, -1.7024442287549397, -20.522127453951846, 23.646686770940963, 1.5545682824922038, -4.598221656875325, -0.4812748878719005, 2.869439279289119, -0.6490615179012632, 2.9119061864684435] 
[-3.224667218757063, -0.14715074151890795, 0.04229984609535142, -0.3022212422468855, -2.0322201681760093, -2.144393714134623, -1.5439083434045213, -1.7218887545224688, -20.50369903389051, 23.630575830422906, 1.5716560638347168, -4.612616341172883, -0.44663942453838534, 2.9051956334879443, -0.6665877760017784, 2.893746074417068] 
[-3.2854894441312337, -0.20797296689307876, -0.01852237927881939, -0.3630434676210563, -2.09304239355018, -2.083571488760452, -1.4830861180303505, -1.661066529148298, -20.446863888038905, 23.582001647331243, 1.6235993491673792, -4.657387046047805, -0.341070237951891, 3.0144354276062018, -0.7217130593053834, 2.8374248428852105] 
[-3.3682673604978217, -0.2907508832596668, -0.10130029564540743, -0.2802655512544683, -2.010264477183592, -2.000793572393864, -1.4003082016637625, -1.743844445514886, -20.541255317704742, 23.49923163210309, 1.6884623384831097, -4.598101492272734, -0.46750591272938596, 2.878184206744089, -0.8061960159108575, 2.758368924008769] 
[-3.2937749599112363, -0.36524328384625226, -0.1757926962319929, -0.20577315066788282, -1.9357720765970066, -1.9263011718072787, -1.474800602250348, -1.6693520449283006, -20.43989902737961, 23.624002366210014, 1.7908555239690531, -4.525345243916424, -0.40091288604253683, 2.832898064199103, -0.7290193613191196, 2.6784171910611043] 
[-3.2065901602154807, -0.2780584841504967, -0.08860789653623735, -0.11858835097212728, -1.848587276901251, -2.013485971503034, -1.3876158025545924, -1.582167245232545, -20.331886479876214, 23.771095280075855, 1.9192014227259069, -4.462999431018061, -0.461015775491759, 2.9039214086575007, -0.6364770043615529, 2.588077577992127] 
[-3.3097356664763784, -0.3812039904113944, 0.014537609724660339, -0.015442844711229586, -1.9517327831621487, -1.9103404652421365, -1.2844702962936947, -1.4790217389716473, -20.23739146322913, 23.632592079332213, 1.7679760999562975, -4.34120236730544, -0.2792641588343326, 3.086463611792615, -0.5245953185113194, 2.484396228041591] 
[-3.375834617722035, -0.31510503916573773, -0.05156134152099634, -0.08154179595688626, -1.885633831916492, -1.8442415139964798, -1.3505692475393514, -1.545120690217304, -20.17718477307331, 23.594660424032273, 1.8192772950138405, -4.406887049733139, -0.32767074885270153, 3.144913160095119, -0.4507105429042211, 2.55265857286232] 
[-3.4758100557224307, -0.4150804771661334, 0.048414096479399316, -0.18151723395728192, -1.7856583939160964, -1.9442169519968755, -1.2505938095389557, -1.6450961282176997, -20.315805675634603, 23.419538693155275, 1.6712771579825214, -4.503042685515822, -0.4629782433407851, 3.0163198741424533, -0.3584301287273085, 2.653258334369803] 
[-3.450338286724858, -0.44055224616370614, 0.022942327481826563, -0.20698900295485467, -1.8111301629136691, -1.9187451829993027, -1.2760655785365285, -1.6705678972152724, -20.350292882400904, 23.38950474769012, 1.6864938853798637, -4.47611355715591, -0.442310840243192, 2.999661765405185, -0.333327957104812, 2.6271413542915343] 
[-3.5494000545325837, -0.34149047835598045, 0.12200409528955225, -0.30605077076258036, -1.7120683951059434, -1.819683415191577, -1.1770038107288028, -1.5715061294075467, -20.509354157774, 23.171205472978798, 1.5005621518132066, -4.387658716973825, -0.5819942494821277, 2.8609781552852, -0.2464080418988546, 2.7233783751613307] 
[-3.628752081140395, -0.4208425049637916, 0.2013561218973634, -0.2266987441547692, -1.6327163684981323, -1.740331388583766, -1.256355837336614, -1.4921541027997356, -20.577682502389333, 23.200704489721883, 1.420865305068963, -4.473133215372113, -0.5204377695284229, 2.79992861138471, -0.17023977802777437, 2.644014050416812] 
[-3.4251251007086982, -0.6244694853954882, 0.40498310232906, -0.4303257245864658, -1.4290893880664357, -1.9439583690154625, -1.4599828177683105, -1.6957810832314322, -20.76320285830562, 23.243081759099944, 1.1890878374901588, -4.715659406575386, -0.3495612464241834, 2.620483772908403, -0.3747175762725907, 2.8450635352757767] 
[-3.4158749012898544, -0.633719684814332, 0.41423330174790385, -0.43957592400530965, -1.4198391886475918, -1.9347081695966186, -1.4692330171871544, -1.6865308838125883, -20.754075484465027, 23.24254056462735, 1.201953318593177, -4.702253341851408, -0.35728790298793495, 2.6273419512176273, -0.3845052936665446, 2.8547558201543284] 
[-3.4484105291577696, -0.6011840569464169, 0.38169767387998865, -0.47211155187322484, -1.452374816515507, -1.9672437974645338, -1.4366973893192392, -1.7190665116805035, -20.700372557810685, 23.33952078098351, 1.3029936643789697, -4.641265468106826, -0.33674623060268516, 2.6008966875088775, -0.3528703415659133, 2.8859978948148046] 
[-3.403925908180977, -0.6456686779232093, 0.42618229485678105, -0.42762693089643244, -1.4968594374922994, -2.011728418441326, -1.4811820102960316, -1.674581890703711, -20.72103163146011, 23.435178336894108, 1.4155406617997779, -4.567447347182783, -0.30751799446808825, 2.566999625518271, -0.39447923876480406, 2.8438655052988078] 
[-3.4959947448611612, -0.7377375146033933, 0.5182511315369651, -0.3355580942162484, -1.5889282741724835, -1.9196595817611422, -1.5732508469762156, -1.582513054023527, -20.826227870818713, 23.371800730268347, 1.5109376398415086, -4.444746469758792, -0.37814972794563534, 2.631188510684605, -0.3066783271425162, 2.932067855120852] 
[-3.5051709856168007, -0.7469137553590328, 0.5090748907813256, -0.3263818534606089, -1.579752033416844, -1.9104833410055027, -1.5640746062205761, -1.5733368132678875, -20.815390706134615, 23.378268521080386, 1.5009164389260776, -4.457427603934041, -0.38516072831348414, 2.6381018341391367, -0.2974654766905612, 2.9228547166933274] 
[-3.533045009410142, -0.7747877791523741, 0.48120086698798437, -0.29850782966726763, -1.6076260572101853, -1.8826093172121614, -1.5919486300139174, -1.5454627894745463, -20.76668571075665, 23.458095736013007, 1.5716957227098067, -4.4614275017568925, -0.4258983762107273, 2.597373012625689, -0.26957015058830386, 2.8949570809080734] 
[-3.393694243940438, -0.6354370136826701, 0.34185010151828044, -0.43785859513697156, -1.4682752917404813, -2.0219600826818653, -1.4525978645442135, -1.6848135549442502, -20.484105874147343, 23.983455137114095, 2.1107075926804217, -4.149767623994273, -0.2255517781022737, 2.7953266973434236, -0.13144044728323065, 2.7566794964995465] 
[-3.342568914131086, -0.584311683873318, 0.2907247717089283, -0.4889839249463237, -1.4171499619311292, -1.9708347528725132, -1.5037231943535656, -1.7359388847536024, -20.547298116501093, 23.92334662340145, 2.11754550128044, -4.1978064694329245, -0.26017999010984116, 2.832324998595118, -0.08311809505539217, 2.805424503155381] 
[-3.421258394625952, -0.5056222033784521, 0.2120352912140624, -0.5676734054411896, -1.495839442425995, -2.049524233367379, -1.4250337138586997, -1.6572494042587365, -20.640109701665303, 23.838532476316484, 2.13556083756508, -4.2771825412379965, -0.19499943821241233, 2.7764752732794604, -0.15655294954913943, 2.731426003585668] 
[-3.5646869983445417, -0.649050807097042, 0.0686066874954725, -0.7111020091597795, -1.639268046144585, -1.9060956296487892, -1.2816051101401098, -1.5138208005401466, -20.55130326570612, 23.612349151016865, 1.9066018641976865, -4.165049385309925, -0.3029173022235594, 2.8795573908867174, -0.3068538890386283, 2.880769439541911] 
[-3.621780306564603, -0.5919574988769809, 0.011513379275411406, -0.6540087009397184, -1.696361354364646, -1.8490023214287281, -1.2245118019200487, -1.5709141087602077, -20.60376649011328, 23.626504320469653, 1.8597194484936954, -4.106373332795184, -0.22384527463697207, 2.9574150737938196, -0.2472814792650797, 2.938932648609446] 
[-3.5400706080144286, -0.6736671974271551, -0.07019631927476278, -0.7357183994898926, -1.7780710529148203, -1.9307120199789023, -1.306221500470223, -1.4892044102100335, -20.57913062949046, 23.477620801684186, 1.7048889736403308, -4.033280349837142, -0.3215379091243057, 2.857752787566164, -0.16964758160794668, 3.0206399850317185] 
[-3.3890311617568902, -0.5226277511696167, -0.22123576553230118, -0.5846789532323542, -1.9291104991723587, -1.779672573721364, -1.4572609467277613, -1.338164963952495, -20.880374513294594, 22.982304739069345, 1.26391800721269, -3.8896533759219554, -0.5054110384787149, 2.651806635041444, -0.32699600289329833, 3.167319996829253] 
[-3.275566961245613, -0.4091635506583393, -0.10777156502102381, -0.4712147527210768, -2.042574699683636, -1.6662083732100865, -1.343796746216484, -1.4516291644637724, -20.774905254967027, 22.944633061756317, 1.3770344451455936, -3.9996401364920686, -0.39202034610860453, 2.779616058596271, -0.4303365230668442, 3.27587584187945] 
[-3.192106157366475, -0.4926243545374773, -0.024310761141885795, -0.3877539488419388, -2.126035503562774, -1.5827475693309485, -1.427257550095622, -1.5350899683429104, -20.673276434690653, 23.092885454127398, 1.510551282271775, -3.9080058304874035, -0.29493736205523285, 2.711191382827023, -0.35475424837329844, 3.1932491137306673] 
[-3.290110902614995, -0.3946196092889571, 0.07369398410663441, -0.485758694090459, -2.2240402488112943, -1.4847428240824283, -1.3292528048471017, -1.6330947135914307, -20.774434203319483, 23.022012293565382, 1.5775400979078409, -4.031577250248875, -0.41657924787199474, 2.816041376244979, -0.2488023049629439, 3.2912985968701047] 
[-3.33492504322436, -0.3498054686795924, 0.11850812471599914, -0.4409445534810943, -2.268854389420659, -1.4399286834730636, -1.3740669454564665, -1.588280572982066, -20.810385631997747, 23.0868930125487, 1.6434104166823926, -4.090575026217061, -0.48069203221413676, 2.8591726726936657, -0.28713748278125006, 3.3359135639988575] 
[-3.3702044505579747, -0.3850848760132073, 0.08322871738238424, -0.4762239608147092, -2.233574982087044, -1.4046492761394487, -1.3387875381228516, -1.6235599803156808, -20.764137136707806, 23.147665354924516, 1.6947481656521857, -4.132765191036626, -0.5249942448938681, 2.831859255948688, -0.2553388978453486, 3.300705305141005] 
[-3.361634298712446, -0.3765147241676785, 0.09179886922791303, -0.4676538089691804, -2.242145133932573, -1.39607912429392, -1.3473576899683803, -1.6321301321612096, -20.776083834876086, 23.131588789106573, 1.6810419463672441, -4.122170844432091, -0.5144545454201127, 2.840563457264195, -0.24562628211770726, 3.292217598844171] 
[-3.579744204420891, -0.15840481845923327, 0.30990877493635827, -0.6857637146776256, -2.0240352282241276, -1.6141890300023651, -1.5654675956768256, -1.4140202264527644, -20.583379925570505, 23.006424268391918, 1.831697929072865, -4.420900800268344, -0.8442315651777411, 3.0731072405936035, -0.4344581161176405, 3.072145714855394] 
[-3.471429217970528, -0.05008983200887007, 0.20159378848599507, -0.5774487282272625, -2.132350214674491, -1.505874043552002, -1.4571526092264624, -1.5223352129031276, -20.669643737081312, 23.059058072942616, 1.6880570077335404, -4.603187133516868, -0.9975634801200178, 3.176540566454568, -0.5432705816046638, 2.963093754314042] 
[-3.36568173852864, -0.15583731145075808, 0.09584630904410707, -0.6831962076691505, -2.238097694116379, -1.61162152299389, -1.3514051297845744, -1.6280826923450156, -20.514614371600253, 23.211406145838588, 1.6115951623273808, -4.470603289525674, -0.8583501860198275, 3.2698694568759166, -0.6430650139148304, 2.8576578823481658] 
[-3.263496867532784, -0.25802218244661423, 0.19803118003996323, -0.5810113366732943, -2.340282565112235, -1.5094366519980338, -1.4535900007804305, -1.5258978213491594, -20.642783633721326, 23.09303995895619, 1.690961373573296, -4.5386450689664946, -0.7855163338011686, 3.153606897301714, -0.7611296525836244, 2.9601120335337083] 
[-3.237076949320134, -0.23160226423396457, 0.17161126182731357, -0.5545914184606446, -2.3667024833248846, -1.4830167337853841, -1.4800099189930802, -1.552317739561809, -20.611637626525432, 23.133235636090134, 1.7316890600124386, -4.51143845941513, -0.8007117747359734, 3.125420882027491, -0.7897665124842319, 2.9337703919246843] 
[-3.403494182836582, -0.39801949775041257, 0.33802849534376156, -0.38817418494419664, -2.5331197168413326, -1.3165995002689361, -1.3135926854766322, -1.718734973078257, -20.42306869474806, 23.371955492163796, 1.975118651977667, -4.346764953726643, -0.8981961696805169, 2.974213015011546, -0.6328375814720424, 2.767100001064239] 
[-3.3800874334262976, -0.37461274834012803, 0.314621745933477, -0.3647674355339121, -2.509712967431048, -1.3400062496792207, -1.3369994348869167, -1.7421417224885416, -20.408658065115493, 23.334264077340695, 1.9249356102328306, -4.394347698965225, -0.9322454672999452, 2.9494190203679302, -0.6621297893317528, 2.7426432135634458] 
[-3.6188811507920318, -0.13581903097439385, 0.07582802856774284, -0.12597371816817793, -2.270919250065314, -1.5787999670449548, -1.575793152252651, -1.5033480051228074, -20.612368018654983, 23.493839547214435, 1.8230988299325754, -4.08583665335212, -0.5774491539291643, 2.699418623785075, -0.47762699211832416, 2.5108499127264245] 
[-3.6551715363865864, -0.17210941656894851, 0.03953764297318818, -0.1622641037627326, -2.3072096356598686, -1.5425095814504002, -1.5395027666580963, -1.539638390717362, -20.639862795400816, 23.513164527828824, 1.7859805682521759, -4.128077919550784, -0.6169310171027481, 2.735352865161246, -0.44147185798918903, 2.4745790295870327] 
[-3.638821882397423, -0.18845907055811173, 0.055887296962351396, -0.14591444977356938, -2.2908599816707054, -1.526159927461237, -1.523153112668933, -1.5232887367281989, -20.606071803061123, 23.54919744844971, 1.808302618244354, -4.112422205404464, -0.6312440478008694, 2.7189482093999584, -0.45818051988427594, 2.490943398311682] 
[-3.5786452395463333, -0.24863571340920165, 0.11606393981344132, -0.08573780692247945, -2.3510366245217953, -1.5863365703123269, -1.583329755520023, -1.5834653795792888, -20.571650293269855, 23.49422930578803, 1.7418827389042564, -4.060960589344512, -0.6846165720291287, 2.662371237817225, -0.3999060535370204, 2.550996693826914] 
[-3.5126177514393047, -0.3146632015162303, 0.18209142792046995, -0.019710318815450822, -2.2850091364147667, -1.6523640584193555, -1.6493572436270516, -1.5174378914722602, -20.695113924377967, 23.35422821143889, 1.6365680442947392, -4.135035683848548, -0.6222806447741867, 2.729671849164222, -0.4665138249193256, 2.4849823175604095] 
[-3.5285697295169887, -0.3306151795939143, 0.16613944984278595, -0.035662296893134826, -2.3009611144924507, -1.6364120803416715, -1.6334052655493676, -1.5333898695499442, -20.682005012415576, 23.34598191811355, 1.6477999636193439, -4.148864784324756, -0.607381466352322, 2.715420410554234, -0.48180501691773464, 2.468964097480857] 
[-3.394232181865576, -0.1962776319425017, 0.30047699749419854, -0.16999984454454742, -2.166623566841038, -1.502074532690259, -1.499067717897955, -1.6677274172013568, -20.792574906509934, 23.412566868900022, 1.5523995003278073, -4.026066261436945, -0.4635245799787848, 2.8514092459491316, -0.3528008596132806, 2.60361735902293] 
[-3.2856699592150282, -0.3048398545930495, 0.40903922014474636, -0.27856206719509524, -2.0580613441904902, -1.6106367553408067, -1.3905054952474072, -1.7762896398519046, -20.71383995836134, 23.29090291641685, 1.3727425882087376, -4.197855490400531, -0.5939211828091525, 2.9630704923101043, -0.4576069772923056, 2.4943604258843264] 
[-3.1042553396373695, -0.12342523501539082, 0.22762460056708766, -0.45997668677275394, -1.8766467246128316, -1.7920513749184654, -1.5719201148250659, -1.5948750202742459, -20.51245705878954, 23.436699741849054, 1.1408418243017728, -4.445191236905834, -0.4358813853156377, 3.1357061347287662, -0.6260003054023286, 2.6771214449582734] 
[-3.1991002464113802, -0.21827014178940152, 0.32246950734109836, -0.36513177999874324, -1.9714916313868422, -1.8868962816924761, -1.6667650215990766, -1.5000301135002352, -20.603310185552303, 23.32894389433886, 1.0050372601270707, -4.584946479162812, -0.571484636340248, 3.015401584326753, -0.53061189168097, 2.581772538461057] 
[-3.200135754603448, -0.2193056499814694, 0.32350501553316624, -0.36409627180667536, -1.9704561231947744, -1.887931789884544, -1.6657295134070087, -1.501065621692303, -20.602228604638615, 23.329764976437644, 1.0036954938156837, -4.586588769444878, -0.57314261313399, 3.013884871695047, -0.5295446485356022, 2.5807603805218737] 
[-3.108430955926224, -0.12760085130424548, 0.23180021685594232, -0.27239147312945144, -2.0621609218719983, -1.79622699120732, -1.5740247147297848, -1.4093608230150791, -20.51480688579117, 23.254765705079716, 1.0605787071751127, -4.653424548170192, -0.5093827566826682, 2.9424927528425253, -0.6207738031322374, 2.487082313508534] 
[-3.308836705566485, 0.07280489833601544, 0.0313944672156814, -0.47279722276971237, -1.8617551722317374, -1.5958212415670592, -1.3736189650895239, -1.60976657265534, -20.70976505542756, 23.089115611338233, 1.2895615831371732, -4.42977740648459, -0.7280212020361099, 2.7008729647657868, -0.8138698308099611, 2.6805504442586527] 
[-3.226843634301034, -0.009188172929435634, -0.05059860404976968, -0.3908041515042613, -1.7797621009662863, -1.6778143128325103, -1.2916258938240728, -1.527773501389889, -20.781006197420847, 23.15387670959003, 1.3649441081437959, -4.500379288529344, -0.6568707834604048, 2.6247689683933264, -0.7360739053382006, 2.5984830009667674] 
[-3.2793655275050857, -0.061710066133487285, 0.0019232891542819708, -0.44332604470831294, -1.7272402077622346, -1.6252924196284586, -1.2391040006200211, -1.4752516081858373, -20.829450086295846, 23.2017720003873, 1.3100507043665177, -4.440299865608304, -0.5936363777324439, 2.6865717808720464, -0.6802701783857148, 2.546207545661781] 
[-3.4014068719449004, -0.18375141057330202, 0.12396463359409671, -0.3212847002684982, -1.8492815522020494, -1.5032510751886439, -1.3611453450598359, -1.3532102637460226, -20.96990437453815, 23.06744548521987, 1.4241144158734966, -4.308877970180493, -0.45623680775569564, 2.8218517326166292, -0.5507725466874269, 2.668885122914431] 
[-3.292468883380533, -0.0748134220089347, 0.01502664502972939, -0.4302226888328655, -1.740343563637682, -1.6121890637530112, -1.4700833336242032, -1.2442722751816553, -20.818057711542803, 23.23732961394687, 1.5530483827217374, -4.393606849259524, -0.34784547324014725, 2.7121906010192034, -0.4465204921172366, 2.5584614285356664] 
[-3.123304106213848, -0.2439781991756198, 0.1841914221964145, -0.5993874659995506, -1.9095083408043672, -1.7813538409196963, -1.6392481107908883, -1.4134370523483404, -20.66911104650715, 23.102437911512528, 1.7147612266526489, -4.208954723196025, -0.15904988366130116, 2.8912357019329806, -0.27652508752265637, 2.3915415736876287] 
[-3.180656840351841, -0.3013309333136127, 0.2415441563344074, -0.6567402001375435, -1.8521556066663742, -1.8387065750576892, -1.6966008449288812, -1.4707897864863333, -20.725633834820165, 23.055669693851236, 1.7551146008125407, -4.249124436477909, -0.09793892766337611, 2.9598034984950456, -0.33358857437928546, 2.447029665570639] 
[-3.1920242920921464, -0.2899634815733072, 0.2529116080747129, -0.645372748397238, -1.8407881549260687, -1.8273391233173837, -1.7079682966691867, -1.4821572382266388, -20.737375697380166, 23.04563040564578, 1.7612477364734724, -4.262078163433584, -0.11431671962343423, 2.9455134673946577, -0.34478169043986184, 2.435368725436102] 
[-3.255980843778588, -0.22600692988686566, 0.18895505638827137, -0.7093293000836796, -1.9047447066125103, -1.7633825716309421, -1.6440117449827452, -1.5461137899130803, -20.675501146548186, 23.002530020625507, 1.8258742236966616, -4.19637370470949, -0.18276146393990883, 2.870298969134844, -0.40469135409972923, 2.497992246582174] 
[-3.295849176417438, -0.2658752625257157, 0.2288233890271214, -0.6694609674448295, -1.8648763739736602, -1.723514238992092, -1.6838800776215952, -1.5859821225519304, -20.641075775802303, 22.953598462823475, 1.7669127227139312, -4.2568027490494265, -0.24175751595609296, 2.8232436139205745, -0.4432653420154255, 2.5376788551358405] 
[-3.1333581764579574, -0.42836626248519627, 0.06633238906764083, -0.8319519674043101, -1.7023853740141797, -1.8860052389515727, -1.5213890776621146, -1.748473122511411, -20.786929986821082, 23.06582203245291, 1.6536315018947325, -4.135418185099808, -0.36542456682316626, 2.9770415376741606, -0.6111021546092764, 2.7005550901403987] 
[-3.1273641433639985, -0.4223722293912373, 0.06033835597368187, -0.8259579343103511, -1.6963913409202207, -1.8919992720455316, -1.5273831107560736, -1.742479089417452, -20.780966454373786, 23.0698940131183, 1.6491017670743542, -4.14091918221828, -0.3584299148596741, 2.984448522419683, -0.6167394070227006, 2.6948695628205526] 
[-3.152700247359434, -0.44770833338667293, 0.08567445996911749, -0.8006218303149155, -1.671055236924785, -1.866663168050096, -1.502047006760638, -1.7678151934128876, -20.80575725872698, 23.027875672213916, 1.6075413026888106, -4.1149844637481605, -0.33506207201977456, 2.963949276089764, -0.6408861316498657, 2.670834604260476] 
[-3.4445510471932193, -0.15585753355288778, 0.37752525980290264, -0.5087710304811304, -1.379204437091, -1.5748123682163109, -1.2101962069268528, -1.4759643935791025, -21.09552887979944, 23.235531062341998, 1.4190493428693343, -3.8580359689341677, -0.6812306432023655, 2.603976841756021, -0.3671330177246803, 2.9470982074608005] 
[-3.524241089032682, -0.07616749171342496, 0.45721530164236546, -0.5884610723205932, -1.4588944789304628, -1.495122326376848, -1.2898862487663156, -1.3962743517396397, -20.98460348434642, 23.34151102380914, 1.3725580457075839, -3.7995425863590273, -0.6068773767240121, 2.5188022750480643, -0.28169197554274517, 3.0268186509256045] 
[-3.3899442220367253, -0.21046435870938174, 0.5915121686383222, -0.4541642053246364, -1.5931913459264195, -1.6294191933728048, -1.4241831157622724, -1.5305712187355964, -20.77300755362437, 23.549138928579225, 1.2865885433702096, -3.703467517844291, -0.4855943447019654, 2.6415428996349557, -0.15285737980489736, 3.15949055871678] 
[-3.3663085192315028, -0.1868286559041592, 0.5678764658330997, -0.47779990812985895, -1.569555643121197, -1.6057834905675823, -1.4005474129570499, -1.506935515930374, -20.79117216640959, 23.571898865678165, 1.3073542753538014, -3.7171316607415665, -0.5106509688821586, 2.6166650405929723, -0.12935788572045132, 3.1359096296500426] 
[-3.5147288736809412, -0.03840830145472074, 0.41945611138366123, -0.3293795536804205, -1.7179759975706355, -1.7542038450170208, -1.5489677674064883, -1.3585151614809354, -20.680413388464817, 23.39989030419869, 0.9939705046500578, -4.012691712586255, -0.36655877870393655, 2.4727516612315696, -0.2774221900381244, 3.284004233583878] 
[-3.5510170246540764, -0.0021201504815855365, 0.45574426235679644, -0.3656677046535557, -1.7542641485437707, -1.7179156940438856, -1.5126796164333531, -1.3948033124540706, -20.706195413684767, 23.42873198990436, 1.053532918660005, -3.9546985301071147, -0.3949884671146658, 2.504068094262777, -0.31506140547251354, 3.2462701054892] 
[-3.5882410518764236, -0.039344177703932726, 0.4929682895791436, -0.3284436774312085, -1.7914881757661179, -1.6806916668215384, -1.5499036436557003, -1.4320273396764178, -20.732799497973804, 23.455409871322875, 1.0789679433496016, -3.983493445190199, -0.4295660506307595, 2.536261071289196, -0.35101781099320306, 3.2825728441798496] 
[-3.401158807711362, 0.14773806646112897, 0.30588604541408193, -0.1413614332661468, -1.6044059316010562, -1.8677739109866, -1.3628213994906386, -1.6191095838414795, -20.607718630080797, 23.31175877524529, 0.7412191148473122, -4.310074197052258, -0.24183684912517858, 2.743201102132966, -0.16578982015089558, 3.0983000043842743] 
[-3.3175092225647913, 0.23138765160769958, 0.38953563056065255, -0.05771184811957619, -1.6880555167476268, -1.9514234961331707, -1.4464709846372092, -1.535459998694909, -20.67649311081608, 23.370353242455437, 0.797207031335697, -4.376921527455466, -0.17712196735659308, 2.678849570570303, -0.08139434568532325, 3.013483403814176] 
[-3.213052330354824, 0.12693075939773246, 0.2850787383506854, 0.04674504409039093, -1.5835986245376596, -1.8469666039232036, -1.5509278768471764, -1.639916890904876, -20.581667206317224, 23.31381559196715, 0.6451251333874807, -4.537980142207651, -0.2540258692052445, 2.7563828047293857, 0.02276412748127629, 2.9103830206048724] 
[-3.206618120814849, 0.12049654985775726, 0.2915129478906606, 0.04031083455041573, -1.5771644149976844, -1.8405323943832284, -1.5573620863871516, -1.6463511004448512, -20.588678023475268, 23.30567423127359, 0.6551160928309486, -4.528756714371396, -0.26287452912605214, 2.747537091291888, 0.01644666087002951, 2.90406776008105] 
[-3.3673621574125794, 0.28124058645548766, 0.452256984488391, -0.12043320204731467, -1.7379084515954148, -1.679788357785498, -1.3966180497894212, -1.8070951370425816, -20.41763175848804, 23.465377682549803, 0.7602120853850416, -4.659593216185993, -0.04377015058856751, 2.966605812423615, -0.14111005894791812, 2.746492606418476] 
[-3.5561693408338226, 0.09243340303424441, 0.6410641679096343, 0.06837398137392858, -1.926715635016658, -1.4909811743642547, -1.207810866368178, -1.6182879536213384, -20.670388505277764, 23.16802291176573, 0.9829307477732521, -4.751816494780035, 0.16528178716247724, 3.1722933078717435, -0.32887669658663043, 2.9400089551164106] 
[-3.628744487733439, 0.019858256134627883, 0.7136393148092508, 0.1409491282735451, -1.8541404881170416, -1.5635563212638712, -1.2803860132677944, -1.690863100520955, -20.55023739643682, 23.286641662390295, 1.0146391846244665, -4.807084742753653, 0.2455344323765234, 3.0834643622874442, -0.41215134691441707, 3.0122894370750513] 
[-3.4817043652330786, -0.1271818663657327, 0.5665991923088902, -0.0060909942268154715, -2.001180610617402, -1.7105964437642318, -1.427426135768155, -1.8379032230213155, -20.651051225492484, 23.385411856475464, 1.0965958416254091, -4.905504801354518, 0.39660404445964026, 2.922573029595544, -0.572193250370442, 2.865116339415139] 
[-3.4823676605497202, -0.12651857104909103, 0.5672624876255319, -0.006754289543457137, -2.001843905934044, -1.7112597390808735, -1.4280894310847967, -1.8372399277046738, -20.652031411240156, 23.384454188676866, 1.096892894794367, -4.906011214838582, 0.39600921800305733, 2.9231222814655804, -0.5728491371894682, 2.8658035101281087] 
[-3.422810161430125, -0.06696107192949574, 0.6268199867451272, 0.052803209576138155, -2.061401405053639, -1.7708172382004688, -1.487646930204392, -1.7776824285850785, -20.602695298502596, 23.353624749570336, 1.2202330302661832, -4.780546903985182, 0.46501882213632534, 2.9950877140693764, -0.511148274053766, 2.9231096616559875] 
[-3.379205434497163, -0.023356344996533718, 0.6704247136780892, 0.009198482643176131, -2.105006131986601, -1.7272125112675067, -1.44404220327143, -1.7340777016521165, -20.56693225295882, 23.32530557356084, 1.323621325075302, -4.675732515379253, 0.4260314194832101, 3.033532848428559, -0.4677708831227616, 2.9649501196573764] 
[-3.425540911159914, -0.06969182165928478, 0.7167601903408403, -0.03713699401957493, -2.151341608649352, -1.6808770346047557, -1.397706726608679, -1.6877422249893654, -20.505786941857316, 23.388240726648707, 1.4479394827333525, -4.551983508545602, 0.3724441094738581, 2.982829796257721, -0.42346720277113536, 2.9175017431249937] 
[-3.3860616955579848, -0.10917103726121402, 0.7562394059427695, 0.002342221582354309, -2.111862393047423, -1.6413978190028264, -1.4371859422106081, -1.7272214405912947, -20.47461651168661, 23.35850999630159, 1.4685224365756488, -4.578549253729191, 0.33556072919903346, 3.0155512286288113, -0.45938140152179363, 2.8784760053558056] 
[-3.3672236891213143, -0.12800904369788446, 0.77507741237944, 0.02118022801902475, -2.0930243866107525, -1.6602358254394969, -1.4560239486472786, -1.7083834341546242, -20.48858051328916, 23.37876768371541, 1.5306742881613145, -4.517332699302588, 0.3531878593215998, 2.9964140269700743, -0.4793263551185266, 2.859855234986579] 
[-3.551532205464732, -0.31231756004130196, 0.5907688960360225, 0.20548874436244224, -1.908715870267335, -1.4759273090960794, -1.640332464990696, -1.8926919504980417, -20.3509449877053, 23.168425676389276, 0.894189127128784, -5.142043257424396, 0.18771518911673282, 3.178866421375518, -0.2868515603487459, 3.0418213355125476] 
[-3.6044534901613976, -0.25939627534463616, 0.6436901807326882, 0.15256745966577645, -1.9616371549640008, -1.5288485937927452, -1.5874111802940303, -1.839770665801376, -20.266268069300708, 23.252153217363773, 0.8885942299941341, -5.088602656813559, 0.12679565965371845, 3.2359692715023756, -0.23677706277598168, 2.990397070484891] 
[-3.778567185349122, -0.0852825801569117, 0.4695764855449638, 0.3266811548535009, -1.7875234597762764, -1.3547348986050207, -1.7615248754817547, -1.6656569706136515, -20.539597871878918, 23.022258411671693, 1.2273030040577608, -4.727907386528441, 0.2911617999709183, 3.0544358949698505, -0.059553315260770096, 3.166485481416875] 
[-3.8147119799341778, -0.049137785571855996, 0.4334316909599081, 0.2905363602684452, -1.7513786651912207, -1.318590104019965, -1.725380080896699, -1.7018017651987072, -20.56083349875653, 23.047417130659333, 1.2534764954100697, -4.754856039628816, 0.32334530571214604, 3.082775310900719, -0.023802052765457105, 3.203343081897806] 
[-3.6820170708636124, -0.18183269464242136, 0.5661266000304734, 0.15784145119787985, -1.884073574261786, -1.4512850130905304, -1.5926851718261337, -1.8344966742692725, -20.639267866371515, 23.13455809603572, 1.3477351569815252, -4.858049230242627, 0.5028364087183503, 2.904294373061467, 0.10953662838122652, 3.074942890597135] 
[-3.5941660916091824, -0.26968367389685133, 0.47827562077604346, 0.06999047194344987, -1.796222595007356, -1.3634340338361004, -1.6805361510805636, -1.9223476535237025, -20.701727388092014, 23.184737067905193, 1.3013809702071142, -4.791001045096168, 0.4209902250539885, 2.8262150195640645, 0.01939202980498994, 2.9842911505503227] 
[-3.8835505438627327, -0.5590681261504016, 0.7676600730295937, -0.21939398031010038, -1.5068381427538058, -1.6528184860896507, -1.3911516988270134, -1.6329632012701523, -20.875205499636653, 23.45973817920013, 1.5774906537271711, -4.953188696453377, 0.05992371096478283, 3.195548400812989, -0.300822839209999, 2.672341452445931] 
[-3.721054002464783, -0.396571584752452, 0.6051635316316442, -0.38189052170804993, -1.6693346841517553, -1.8153150274876002, -1.2286551574290638, -1.4704666598722027, -20.559029241286904, 23.728009412114996, 1.3096597011917304, -5.267846535194607, -0.11364667969439976, 3.017318542129173, -0.13547975596624945, 2.5090168476665546] 
[-3.626158012092074, -0.3016755943797427, 0.7000595220043535, -0.2869945313353406, -1.7642306745244647, -1.7204190371148909, -1.3235511478017732, -1.3755706694994934, -20.751084323097455, 23.535644310960777, 1.3079042775614098, -5.36132672236487, -0.03834257243535516, 2.942290610962357, -0.04076943493495329, 2.6060762647196087] 
[-3.6370321074859473, -0.29080149898586916, 0.68918542661048, -0.2978686267292141, -1.7751047699183382, -1.7312931325087644, -1.3126770524078997, -1.3646965741056198, -20.740686460023912, 23.534573613925822, 1.3336581944988353, -5.3357420947309215, -0.04998371440299036, 2.929234514858907, -0.05256504994638493, 2.594871450131918] 
[-3.520074545802228, -0.17384393730214986, 0.8061429882941993, -0.1809110650454948, -1.8920623316020575, -1.8482506941924837, -1.429634614091619, -1.2477390124219006, -20.526492969742005, 23.74806425159512, 1.328403387571905, -5.215302787240191, 0.09237540045745042, 3.0620394642186413, -0.15914132105148965, 2.70845902513355] 
[-3.437037304046019, -0.09080669554594101, 0.7231057465379904, -0.26394830680170367, -1.8090250898458486, -1.9312879359486925, -1.34659737233541, -1.1647017706656917, -20.589251070997836, 23.803785259607803, 1.2881767851290131, -5.162938106930055, 0.027586612767829255, 3.1253630180068726, -0.23287054114757122, 2.785148774782723] 
[-3.6506265514446956, -0.30439594294461747, 0.509516499139314, -0.050359059403027207, -1.5954358424471722, -2.144877183347369, -1.1330081249367336, -1.3782910180643682, -20.887886204482392, 23.510488827958834, 1.394055977457261, -5.3022615621723945, 0.17726060264316817, 2.951642990684199, -0.4296025493379588, 2.9720117035834788] 
[-3.6448539805052467, -0.3101685138840664, 0.503743928199865, -0.056131630342476146, -1.6012084133866211, -2.13910461240792, -1.1272355539972847, -1.384063589003817, -20.88353330640095, 23.507435309895865, 1.397099028534128, -5.306633596922884, 0.16460795375200343, 2.9389627689744175, -0.4349908437819068, 2.977277238232111] 
[-3.4272702019941623, -0.5277522923951508, 0.7213277067109494, 0.1614521481686082, -1.8187921918977055, -2.3566883909190044, -1.344819332508369, -1.6016473675149014, -20.485653003408476, 23.90000602206985, 1.3640104244373596, -5.104935060197669, -0.3034104857578214, 2.4721392324865232, -0.24059468892583483, 2.7772374605822523] 
[-3.545955490931249, -0.4090670034580639, 0.8400129956480362, 0.28013743710569505, -1.7001069029606186, -2.2380031019819175, -1.2261340435712822, -1.4829620785778146, -20.36387926762151, 23.91269139527081, 1.6443656447362476, -4.826007727422638, -0.38342154924771943, 2.541483952123337, -0.11663375932929332, 2.6559158359642123] 
[-3.5645884586545873, -0.3904340357347258, 0.8586459633713743, 0.29877040482903316, -1.7187398706839567, -2.2193701342585794, -1.2447670112946203, -1.5015950463011527, -20.339495729254644, 23.928622197620108, 1.5972321940373737, -4.875337269837357, -0.3939379229689977, 2.5532570944816464, -0.1358659165967809, 2.6363003136911067] 
[-3.7220986430748053, -0.5479442201549438, 0.7011357789511563, 0.14126022040881514, -1.8762500551041748, -2.3768803186787975, -1.4022771957148383, -1.6591052307213707, -20.285811461456355, 23.65510955897099, 0.9958559148147214, -5.446112242111968, -0.007563927587245389, 2.925738446987617, -0.28582859854399106, 2.4728564883770088] 
[-3.765123437503942, -0.5049194257258072, 0.744160573380293, 0.09823542597967849, -1.9192748495333114, -2.333855524249661, -1.3592524012857017, -1.616080436292234, -20.202128728769832, 23.741957113539943, 1.0098157367536873, -5.3946081124837, -0.03442515687511481, 2.95190778001827, -0.2444262881884972, 2.513283793542221] 
[-3.808132055298938, -0.5479280435208032, 0.701151955585297, 0.14124404377467448, -1.9622834673283074, -2.376864142044657, -1.4022610190806977, -1.65908905408723, -20.30589457859024, 23.623068111811115, 0.9307162732492815, -5.39756418226337, -0.0629083365356979, 2.9742642519284774, -0.28763247292830046, 2.5576140590839693] 
[-3.6986588763434054, -0.4384548645652706, 0.5916787766297644, 0.250717222730207, -2.07175664628384, -2.4863373210001893, -1.2927878401251651, -1.5496158751316975, -20.5464281871297, 23.374734061625368, 0.8926228987137238, -5.525738102462911, -0.11326615516092935, 3.055820710549045, -0.16720483552029558, 2.4405870352978556] 
[-3.5797144267123397, -0.5573993141963363, 0.7106232262608301, 0.13177277309914137, -1.9528121966527743, -2.3673928713691237, -1.1738433904940995, -1.6685603247627632, -20.748118901017012, 23.201873529699753, 1.035155077502384, -5.371836823095705, 0.23831669257712462, 3.423717241641462, -0.01675207597577197, 2.5619609650692663] 
[-3.7988560651508405, -0.3382576757578355, 0.9297648646993308, -0.08736886533935939, -1.7336705582142735, -2.148251232930623, -1.3929850289326002, -1.887701963201264, -21.03048326002647, 23.026266488873127, 1.4350519069593592, -4.926269956087039, 0.050473290541772936, 3.4964572482056573, -0.24360816372374397, 2.7957034219245958] 
[-3.7013643494115347, -0.24076596001852968, 1.0272565804386367, -0.1848605810786652, -1.6361788424749677, -2.2457429486699287, -1.490476744671906, -1.7902102474619581, -21.097109516344723, 23.079821431647893, 1.3998026304542914, -4.854801419196218, 0.11261774029326613, 3.429459354989513, -0.3623624000505273, 2.9130785551948475] 
[-3.4900446806142367, -0.029446291221231657, 0.8159369116413386, 0.026459087718632812, -1.4248591736776697, -2.0344232798726307, -1.279157075874608, -1.57889057866466, -21.632096863043806, 22.452165104017816, 0.05567293996313216, -6.161016926683118, 0.6445510902759285, 3.9658079761651766, -0.6045863646490541, 3.157235591109405] 
[-3.553074550950385, -0.09247616155737992, 0.8789667819774869, -0.03657078261751545, -1.3618293033415214, -2.097453150208779, -1.2161272055384598, -1.6419204490008084, -21.5346847579655, 22.552905545928848, 0.29111953368330157, -5.926739339525083, 0.6029452791635199, 4.012850975940217, -0.6691577968151786, 3.0944295786694753] 
[-3.40060551994419, 0.05999286944881499, 1.0314358129836818, 0.11589824838867946, -1.5142983343477163, -2.249922181214974, -1.3685962365446547, -1.4894514179946134, -21.297239869835956, 22.76627389792609, -0.3323856010403865, -6.556481084537477, 0.4985952034760671, 4.104575406679947, -0.5171235896556319, 2.9368678648902704] 
[-3.1488700493751804, -0.1917426011201946, 1.2831712835526914, 0.36763371895768904, -1.2625628637787067, -2.5016576517839835, -1.116860765975645, -1.741186888563623, -21.095769291066674, 22.56966992018386, -0.45408098383619927, -6.410505980535153, -0.16584058941612945, 3.4412468265152105, -0.776239742773889, 2.672177185012199] 
[-3.052103044413823, -0.09497559615883722, 1.3799382885140488, 0.4644007239190464, -1.1657958588173494, -2.404890646822626, -1.2136277709370025, -1.8379538935249804, -20.99861399666973, 22.62402201464521, -1.251530263279945, -7.211488816897395, -0.2854430628562774, 3.4439661312248315, -0.6662157614418023, 2.5619607143488015] 
[-2.981463248910235, -0.024335800655248985, 1.3092984930104605, 0.3937609284154582, -1.2364356543209376, -2.4755304423262143, -1.2842675664405907, -1.7673140980213922, -20.93382392028311, 22.6897732508171, -1.2026603787505394, -7.2377481944275175, -0.23546704335547444, 3.4114612782835394, -0.7495859287875538, 2.647873497185404] 
[-3.144113602375509, -0.1869861541205231, 1.4719488464757347, 0.23111057495018406, -1.0737853008556635, -2.31288008886094, -1.4469179199058648, -1.9299644514866663, -20.795064563780883, 22.83965521483263, 0.30283222127258513, -5.733049400871762, -0.2530065309492765, 3.5516212654699224, -0.5670571932911355, 2.458343477949125] 
[-3.4058666235932447, -0.4487391753382588, 1.210195825257999, 0.49286359616791975, -1.3355383220733992, -2.0511270676432045, -1.1851648986881291, -2.191717472704402, -20.5324104920942, 23.20342155540689, 5.828004067373261, -0.20995969776895862, -0.010881520322187865, 3.414735075677318, -0.21827610800597308, 2.114372570223355] 
[-3.416683248859464, -0.4595558006044782, 1.1993791999917796, 0.5036802214341392, -1.3463549473396186, -2.061943692909424, -1.1743482734219097, -2.1809008474381826, -20.542709081443064, 23.205622708552475, 5.786099179667569, -0.25225551951491976, -0.020031220618367464, 3.423103642344034, -0.23337443383167011, 2.1289499521238735] 
[-3.594366724611366, -0.6372392763563801, 1.0216957242398776, 0.6813636971860411, -1.1686714715877167, -1.884260217157522, -0.9966647976700078, -2.0032173716862807, -20.6795460950449, 23.37340307351875, 5.937202826071808, -0.32413400103712475, -0.14099174044884824, 3.570916820231747, -0.48199819507220043, 2.3686071840321725] 
[-3.343304943260702, -0.8883010577070443, 0.7706339428892135, 0.4303019158353769, -1.4197332529383808, -1.6331984358068579, -1.247726579020672, -1.7521555903356165, -20.872716468364903, 23.53805153662628, 5.870975428697042, -0.06337089794078954, 0.20852290471486903, 3.8653989884648823, -0.3157647822804743, 2.6016320353460296] 
[-3.4202229308869723, -0.9652190453333147, 0.693715955262943, 0.35338392820910647, -1.4966512405646513, -1.7101164234331283, -1.3246445666469424, -1.675237602709346, -20.922319601517472, 23.75420949296743, 6.137733288517837, 0.11677143255454431, 0.13537687769651036, 3.7879136436123013, -0.3898167818240661, 2.6793398653090477] 
[-3.329452943212328, -0.8744490576586705, 0.7844859429375872, 0.44415391588375064, -1.405881252890007, -1.8008864111077725, -1.2338745789722982, -1.7660075903839902, -21.0032696605053, 23.816931662403334, 6.11243734690244, 0.19687444300737483, 0.032441957293520216, 3.6821353303017545, -0.2984124090640239, 2.7688264440389307] 
[-3.0882574067559507, -1.115644594115048, 1.0256814793939646, 0.685349452340128, -1.6470767893463845, -1.559690874651395, -1.4750701154286756, -2.0072031268403676, -20.78535967860285, 23.622544829657382, 6.151253004460982, -0.044316640581671396, -0.28558304646197463, 3.3632089320782623, -0.05000167407180739, 2.999650475602138] 
[-2.8942378459018845, -1.3096641549691141, 1.2197010402480308, 0.8793690131941942, -1.4530572284923182, -1.7537104355054614, -1.6690896762827419, -1.8131835659863014, -20.583118771530913, 23.271729756160383, 5.824297360019913, 0.05951506782343868, -0.483889453782693, 3.560345505249254, 0.14455139181258966, 2.8065399697194056] 
[-2.5440946216353706, -0.9595209307026002, 0.8695578159815169, 1.2295122374607081, -1.8032004527588321, -2.1038536597719752, -2.0192329005492557, -1.4630403417197875, -20.21596201488849, 23.002577191354558, 6.147742873475183, 0.44773539324784933, -0.8669296168902745, 3.1698369501620283, 0.4756801062131283, 3.1422963000875943] 
[-2.5025842685624515, -0.9180105776296812, 0.8280474629085979, 1.188001884387789, -1.761690099685913, -2.1453640128448943, -1.9777225474763367, -1.4215299886468684, -20.158757910374774, 22.953970038786114, 6.173779172794681, 0.4869655295690889, -0.8233554369980982, 3.215495403647136, 0.5113058371363639, 3.102540465674566] 
[-3.0835525053393167, -1.4989788144065463, 1.409015699685463, 1.7689701211646542, -1.180721862909048, -1.5643957760680292, -1.3967543106994715, -2.0024982254237336, -21.275134306398733, 24.431959976967732, 7.3160542858409325, 0.031712578788664014, -0.27579166489581153, 2.775996635412369, -0.0016631689006973982, 3.645435400757684] 
[-3.2501656033448296, -1.6655919124120593, 1.24240260167995, 1.6023570231591413, -1.014108764903535, -1.731008874073542, -1.5633674087049845, -1.8358851274182206, -21.107922106155883, 24.288027325978327, 7.461801740787937, -0.12749044345844945, -0.11855657366119318, 2.9324716293738984, 0.1550872623638154, 3.812461947447122] 
[-3.4207063540096354, -1.836132663076865, 1.4129433523447559, 1.4318162724943355, -1.1846495155683407, -1.9015496247383479, -1.3928266580401787, -1.6653443767534148, -20.93603738998673, 24.15699374965093, 7.591100468170232, 0.07831152360213739, 0.08631574990534399, 3.101504991119764, 0.31813016709940833, 3.976188419491282] 
[-3.4001642622023707, -1.8155905712696003, 1.4334854441520206, 1.4523583643016003, -1.2051916073756055, -1.9220917165456126, -1.4133687498474434, -1.6858864685606796, -20.916694589297975, 24.17359375936935, 7.573650707927653, 0.05959132225692264, 0.10671121700139632, 3.124323612462826, 0.29550867471906184, 3.9974131153365633] 
[-3.58075677828143, -1.634998055190541, 1.61407796023108, 1.271765848222541, -1.3857841234546648, -1.7414992004665533, -1.232776233768384, -1.5052939524816202, -21.107990747591675, 24.346315087172066, 7.4200032240872025, -0.10856958785985422, 0.2728439015081672, 2.958727510935296, 0.13042776602447484, 3.8232633981146136] 
[-3.334191140648809, -1.3884324175579201, 1.8606435978637008, 1.02520021058992, -1.6323497610872857, -1.4949335628339324, -1.479341871401005, -1.751859590114241, -21.348267456234854, 24.115771836523862, 7.177742456768525, 0.14060669175280333, 0.5310380099447547, 3.233656545017584, -0.13010813892566211, 4.067095998740676] 
[-3.311616149876109, -1.3658574267852202, 1.8832185886364008, 1.00262521981722, -1.6097747703145857, -1.4723585720612324, -1.456766880628305, -1.774434580886941, -21.32459771556309, 24.147308904181795, 7.148234226112984, 0.16019854766323327, 0.5096156915223181, 3.211793599852588, -0.15311666547914546, 4.044208301514049] 
[-3.5243113886069186, -1.5785526655160296, 2.09591382736721, 1.2153204585480295, -1.3970795315837763, -1.6850538107920419, -1.2440716418974955, -1.5617393421561316, -21.543455107147, 23.9683563510581, 7.009057272812454, 0.3563719373765101, 0.3096327612070865, 3.0087046530631008, -0.37099291004034696, 3.8272108296877794] 
[-3.461923649690029, -1.51616492659914, 2.0335260884503206, 1.2777081974649191, -1.3346917926668866, -1.7474415497089315, -1.3064593808143852, -1.499351603239242, -21.48072863192897, 23.851410727904554, 7.12598729022154, 0.2883740433170946, 0.3753337567680526, 2.9521477879013323, -0.4302027635287989, 3.8895406649216357] 
[-3.3951573279591085, -1.4493986048682195, 2.100292410181241, 1.3444745191958396, -1.2679254709359662, -1.680675227978011, -1.3732257025453056, -1.5661179249701624, -21.415936461461275, 23.736593236183566, 7.242202524602754, 0.35036000936200185, 0.43956491058461356, 3.02632205087909, -0.5006336177784091, 3.9554541781330617] 
[-3.609928687936361, -1.2346272448909672, 1.8855210502039887, 1.5592458791730919, -1.4826968309132185, -1.4659038680007588, -1.1584543425680534, -1.3513465649929102, -21.205416169085975, 23.596657117530395, 7.101190796394179, 0.5994439205032146, 0.18331678380533006, 2.8173162205688964, -0.7031345116823623, 4.170123671687831] 
[-3.3265419609493034, -0.9512405179039098, 2.168907777191046, 1.2758591521860345, -1.199310103926161, -1.7492905949878161, -1.4418410695551107, -1.6347332919799675, -20.85669419401427, 24.035427323629072, 6.704440339438404, 0.8893358040167356, -0.1083189708607945, 3.1111499787312598, -0.9910329240534622, 3.8927488706765043] 
[-3.303074478348002, -0.9747080005052111, 2.1923752597923474, 1.2993266347873358, -1.1758426213248598, -1.7258231123865149, -1.465308552156412, -1.6112658093786663, -20.875568171918847, 24.078444128023385, 6.656583314067392, 0.8534487102345903, -0.07894832227351564, 3.0879555999433577, -0.9662327553256846, 3.8690023873532327] 
[-3.5907838068396924, -0.6869986720135208, 2.4800845882840377, 1.587035963279026, -0.8881332928331696, -2.013532440878205, -1.7530178806481023, -1.8989751378703565, -20.63791974241506, 23.523838612189635, 7.262836149282098, 1.3009013251950736, -0.47527688729406814, 2.773007341279491, -0.6641180013011835, 3.579416224464991] 
[-3.1739854913420555, -0.2702003565158839, 2.8968829037816746, 2.003834278776663, -1.3049316083308065, -1.5967341253805682, -2.169816196145739, -1.4821768223727196, -21.237150319350523, 22.980451535844363, 7.097369376987408, 0.47444363752466223, 0.3503489303956042, 3.240248877673336, -0.13265195080998737, 3.0904449264827853] 
[-2.9149400452445993, -0.011154910418427644, 2.6378374576842183, 1.7447888326792067, -1.5639770544282627, -1.8557795714780245, -1.910770750048283, -1.2231313762752634, -21.502696744345105, 22.772167493685508, 6.869234279278349, 0.7092039446073817, 0.5519046113794468, 3.5420881852716364, 0.17060404902322712, 2.8319743588369035] 
[-2.85220052313456, 0.05158461169161166, 2.575097935574179, 1.6820493105691674, -1.5012375323182234, -1.7930400493679852, -1.8480312279382436, -1.160391854165224, -21.45131532488399, 22.82271466570925, 6.9371804249017375, 0.6411363658162537, 0.49247083397337255, 3.482391458122719, 0.2394402251990454, 2.900930017910609] 
[-2.8487033783568134, 0.04808746691386512, 2.5716007907964324, 1.685546455346914, -1.497740387540477, -1.7895429045902387, -1.8515283727159901, -1.1638889989429706, -21.45407830233254, 22.82013855040573, 6.94038461364583, 0.6442543942869083, 0.4957042359090643, 3.4857510040239155, 0.23627860113989893, 2.9041597376627566] 
[-2.8844329402972204, 0.08381702885427211, 2.6073303527368394, 1.721276017287321, -1.46201082560007, -1.8252724665306457, -1.8157988107755831, -1.1996185608833776, -21.504723657864524, 22.871860196243425, 6.976173482780362, 0.675765493354111, 0.5286255470630192, 3.521447537804994, 0.275931378135209, 2.9431615518334566] 
[-2.5711610592238405, 0.397088909927652, 2.2940584716634596, 1.408004136213941, -1.7752827066734498, -1.5120005854572658, -1.5025269297022033, -1.5128904419567575, -21.079068560017806, 22.428432143056, 6.656477107419178, 0.35401737585041504, 0.8836070600526249, 3.20198371438964, 0.555504637587294, 2.6546548541345785] 
[-2.290414289859847, 0.6778356792916456, 2.013311702299466, 1.6887509055779346, -2.0560294760374433, -1.7927473548212594, -1.7832736990661968, -1.232143672592764, -20.858876137944428, 22.550032416718206, 6.426724276459948, 0.5753364665968598, 0.6296068363711835, 3.4812570424151703, 0.27766403807456697, 2.9363442908162156] 
[-2.2406509718548944, 0.7275989972965982, 1.9635483842945134, 1.638987587572982, -2.0062661580324908, -1.7429840368163068, -1.8330370170711494, -1.2819069905977165, -20.82068312369107, 22.569783650420693, 6.3835665909436, 0.537794590105748, 0.6732013506180395, 3.42552301696897, 0.3294821701370898, 2.8902853097387795] 
[-2.4157077540074323, 0.5525422151440602, 1.7884916021419754, 1.463930805420444, -1.8312093758799528, -1.5679272546637688, -2.0080937992236874, -1.1068502084451786, -21.22846797400487, 22.967334467689007, 6.280902947348164, 0.3343523957164499, 0.46701451770185354, 3.270640940136934, 0.16248878320481555, 2.7073559049725557] 
[-2.6788228089039205, 0.289427160247572, 1.5253765472454872, 1.7270458603169323, -2.094324430776441, -1.831042309560257, -2.2712088541201756, -1.3699652633416668, -21.816586971166995, 23.542542525383936, 6.042574344352784, 0.06383544333575991, 0.7152419932923995, 3.0333547588951424, -0.07505883889445358, 2.9707472375154462] 
[-2.4300107189809173, 0.5382392501705753, 1.276564457322484, 1.478233770393929, -1.8455123408534377, -1.5822302196372537, -2.0223967641971723, -1.1211531734186635, -22.25281849415839, 23.980581407358738, 5.820017924821811, -0.14648275314572534, 0.47728820995362203, 2.8562345250722063, -0.27879859419563946, 2.7139391105294077] 
[-2.0711600419560168, 0.8970899271954758, 1.6354151343473844, 1.1193830933690285, -2.204363017878338, -1.9410808966621542, -1.6635460871722718, -1.480003850443564, -23.042121718899246, 24.748284221066097, 6.119445650159822, 0.20914946045251614, 0.80869541286025, 3.263804534077621, -0.687509202473487, 2.3532609384754073] 
[-2.328137352869064, 0.6401126162824284, 1.8923924452604317, 1.3763604042820758, -2.4613403287913855, -1.684103585749107, -1.4065687762592245, -1.7369811613566113, -22.467315018827033, 24.16767149245259, 5.748356083699696, -0.15924964734469632, 0.4995149654296978, 2.953099254843885, -0.40595423590341356, 2.6194366216538847] 
[-2.263466915426442, 0.7047830537250506, 1.8277220078178096, 1.3116899668394537, -2.3966698913487634, -1.6194331483064848, -1.3418983388166024, -1.8016515987992334, -22.498831038811147, 24.110783946861844, 5.666744466650511, -0.22429613698582976, 0.5477211710245943, 2.896202435545822, -0.34964309887083017, 2.683068025113327] 
[-2.0214135137291405, 0.9468364554223521, 2.069775409515111, 1.5537433685367552, -2.154616489651462, -1.3773797466091833, -1.5839517405139039, -2.043705000496535, -23.069702466053037, 24.67171419714025, 5.516753534710204, -0.048994208274008993, 0.33484983763222276, 2.603454121774954, -0.6431279620978049, 2.9283010596951415] 
[-2.1034737022145227, 0.8647762669369699, 1.9877152210297289, 1.471683180051373, -2.236676678136844, -1.4594399350945655, -1.5018915520285216, -1.9616448120111527, -23.027472469079612, 24.74744673039792, 5.610655232768323, -0.1596292959287981, 0.2233878654739876, 2.685183333064108, -0.5537810182515052, 3.0181827775450216] 
[-1.9083896385952888, 0.6696922033177359, 1.792631157410495, 1.666767243670607, -2.431760741756078, -1.6545239987137994, -1.3068074884092877, -1.7665607483919188, -22.548171884668392, 24.23893472278898, 5.3196536934301655, -0.438014551627972, -0.0426293135553093, 2.8742965066576427, -0.7494600446520728, 2.8148340737680098] 
[-2.004911633705533, 0.5731702082074919, 1.6961091623002509, 1.763289238780851, -2.335238746645834, -1.5580020036035553, -1.4033294835195318, -1.6700387532816747, -22.49945170607196, 24.30355283412825, 5.411113210555327, -0.329050148930677, 0.07262571386163381, 2.7531187648527085, -0.8714262091183401, 2.913271404863987] 
[-1.9121474042942812, 0.6659344376187435, 1.6033449328889993, 1.6705250093695994, -2.2424745172345824, -1.4652377741923037, -1.3105652541082802, -1.577274523870423, -22.884549440542038, 24.687065545256182, 5.313134947453981, -0.22779512117803385, -0.011394389328125809, 2.8361517048673837, -0.9544960148379976, 3.0059318063205867] 
[-1.8403895319805739, 0.5941765653050362, 1.531587060575292, 1.598767137055892, -2.170716644920875, -1.536995646506011, -1.2388073817945728, -1.6490323961841304, -22.606765476449304, 24.409016593760544, 5.24458882438058, -0.29275548652369027, 0.05976030247124449, 2.922106641663877, -0.8690042512396016, 3.0777460667654277] 
[-2.0323871971096747, 0.40217890017593527, 1.7235847257043928, 1.790764802184993, -1.9787189797917741, -1.728993311635112, -1.4308050469236737, -1.8410300613132313, -22.71108052728347, 24.299232156002898, 5.432979599550652, -0.10928064789009675, 0.2478256374388479, 3.084340377749482, -1.0316469173492462, 2.8853422811835507] 
[-1.9908234827628708, 0.4437426145227392, 1.6820210113575889, 1.749201087838189, -2.020282694138578, -1.687429597288308, -1.3892413325768698, -1.7994663469664274, -22.944052250439796, 24.53154999109867, 5.388029078656517, -0.06115421524318536, 0.20781122459526008, 3.1251075859076805, -1.0693166242023324, 2.8453472988369466] 
[-1.6792879488301407, 0.7552781484554694, 1.993556545290319, 2.060736621770919, -1.708747160205848, -1.3758940633555778, -1.0777057986441396, -2.1110018808991575, -23.10102490193991, 24.34412093076108, 5.113195167119277, -0.3144381843248851, 0.5127949341395922, 2.831034385354738, -0.7724126964265152, 2.5261085197471287] 
[-1.2599331139265186, 0.33592331355184735, 2.412911380193941, 1.641381786867297, -1.289392325302226, -1.7952488982591999, -1.4970606335477616, -1.6916470459955355, -21.608295240557197, 22.861149746251137, 5.665582426676035, -0.8847438259444647, 0.9475594102468206, 3.3162494132329554, -0.355658520698162, 2.143320281520852] 
[-1.1717142039905455, 0.2477044036158742, 2.501130290129914, 1.553162876931324, -1.2011734153662528, -1.7070299883232267, -1.5852795434837348, -1.7798659559315086, -22.5376027233672, 23.796882832795248, 5.503385415062322, -0.8038321233799478, 1.0177143985784074, 3.4052537307387003, -0.4480795198151664, 2.2340123527826243] 
[-1.0990819289706608, 0.3203366786357589, 2.4284980151100295, 1.4805306019114393, -1.128541140346368, -1.634397713303342, -1.6579118185036195, -1.8524982309513933, -22.52572520341425, 23.86489485522207, 5.424972984861798, -0.861077893049231, 0.961822884224579, 3.477375723874852, -0.5224441541592425, 2.3087405906802183] 
[-1.0499844736870245, 0.36943413391939517, 2.477595470393666, 1.431433146627803, -1.0794436850627318, -1.6834951685869783, -1.7070092737872558, -1.9015956862350296, -22.567151351200422, 23.855821491145072, 5.378778957341662, -0.8267473763201757, 0.9996089245356845, 3.430266061629206, -0.4742182089472674, 2.2587942775092276] 
[-0.9851329160881321, 0.43428569151828755, 2.4127439127947734, 1.3665815890289106, -1.1442952426616242, -1.7483467261858707, -1.6421577161883634, -1.966447243833922, -22.232417972504674, 23.522177895592925, 5.3648472861295735, -0.7802739433924821, 1.0465308618133726, 3.3701002921269634, -0.4107669841645714, 2.191646501652577] 
[-1.3534141707691334, 0.8025669461992888, 2.044462658113772, 0.9983003343479093, -1.5125764973426254, -2.116627980866872, -2.0104389708693646, -2.3347284985149233, -22.531868013210563, 23.431129725133562, 5.071729305389603, -0.2957524185398245, 0.5429963842125931, 3.712238959558947, -0.7456536096260684, 1.8461031416614848] 
[-1.7071801953314627, 0.4488009216369595, 2.3982286826761015, 1.3520663589102386, -1.8663425219049548, -1.7628619563045427, -2.364204995431694, -1.980962473952594, -22.78916276936667, 23.288948601051864, 4.548644299969258, -0.8312334286535089, 0.8338643173560039, 3.445652750296471, -0.4849624454451228, 2.1151535477031973] 
[-1.6497620221380154, 0.3913827484435122, 2.455646855869549, 1.409484532103686, -1.923760695098402, -1.7054437831110953, -2.3067868222382466, -2.0383806471460413, -22.7459260771251, 23.304836404474525, 4.481012264519528, -0.9136455645258962, 0.7572072920247381, 3.395467710303398, -0.5353632195783167, 2.1752626666604313] 
[-1.80051881723629, 0.5421395435417868, 2.6064036509678234, 1.2587277370054113, -2.0745174901966768, -1.5546869880128207, -2.4575436173365213, -1.8876238520477666, -24.696226642003538, 25.25767415448739, 4.690379584546032, -0.773940912295232, 0.6407734274241355, 3.268824979857238, -0.650467653866515, 2.029667780755738] 
[-1.5712167597488613, 0.7714416010292156, 2.3771015934803947, 1.48802979449284, -1.845215432709248, -1.7839890455002494, -2.2282415598490926, -2.1169259095351953, -26.037236821077972, 26.590492394323746, 4.541709451667247, -1.177013840539984, 0.25147077085081077, 3.437349665731529, -0.4834723926121718, 2.259499463981781] 
[-1.6910225033176016, 0.6516358574604753, 2.2572958499116544, 1.6078355380615803, -1.7254096891405077, -1.664183301931509, -2.1084358162803523, -2.2367316531039356, -25.613995683048064, 26.167235701414725, 4.415468415902921, -1.33169921115751, 0.0990902448768455, 3.2933380928516884, -0.3497679891037002, 2.367674846751903] 
[-1.593936184591057, 0.5545495387339305, 2.354382168638199, 1.704921856788125, -1.8224960078670525, -1.5670969832049644, -2.205522135006897, -2.139645334377391, -25.569608804938508, 26.233998499398933, 4.5177001523572065, -1.4224774362929873, 0.18762867368744313, 3.203414003659249, -0.44483027881053927, 2.46946508757714] 
[-1.5847653347805086, 0.5637203885444788, 2.3635530184487474, 1.7140927065986733, -1.8316668576776007, -1.557926133394416, -2.2146929848174453, -2.1304744845668426, -25.630944513475246, 26.29537541096729, 4.526563814356695, -1.4121090042724282, 0.19860062355447533, 3.19265734630575, -0.43405619507107746, 2.478653225324917] 
[-1.5701880660739058, 0.5782976572510816, 2.3781302871553502, 1.728669975305276, -1.817089588970998, -1.5433488646878133, -2.229270253524048, -2.11589721586024, -25.622797437426208, 26.30298339067283, 4.510865909916183, -1.398404831628366, 0.18648452792293976, 3.1753750167023425, -0.41672306823101035, 2.493325212540433] 
[-1.5249899419136281, 0.5330995330908039, 2.3329321629950726, 1.6834718511449984, -1.7718914648107202, -1.588546988848091, -2.2744683776843257, -2.070699091699962, -25.90072575483372, 26.580905295639273, 4.559918436272883, -1.4414806849885868, 0.22435455739023535, 3.214791058991149, -0.3768894834110632, 2.5389716543688] 
[-1.375912088274419, 0.3840216794515947, 2.1838543093558633, 1.8325497047842076, -1.9209693184499295, -1.4394691352088818, -2.1253905240451165, -2.2197769453391714, -25.97216513969676, 26.490662910830725, 4.723361043123087, -1.6258537614806978, 0.05034434044459149, 3.0438092185410692, -0.2047434507904109, 2.3887770501092898] 
[-1.2826907639843559, 0.2908003551615317, 2.0906329850658003, 1.7393283804941446, -2.0141906427399925, -1.3462478109188187, -2.2186118483351795, -2.1265556210491083, -24.905698412764036, 25.420708916070986, 4.882886609543895, -1.7361270379927911, 0.1250961246987909, 3.1240967429441664, -0.11924256323751815, 2.487750914516082] 
[-1.2157465672968155, 0.35774455184907206, 2.02368878837826, 1.6723841838066043, -1.9472464460524521, -1.413192007606359, -2.28555604502272, -2.059611424361568, -24.890491995314864, 25.47703569114706, 4.800102206360921, -1.6388930972340825, 0.21431779246751276, 3.1789329710799485, -0.05934143976765207, 2.560306404841943] 
[-0.9381337861401602, 0.6353573330057274, 2.3013015695349153, 1.9499969649632596, -1.6696336648957968, -1.1355792264497038, -2.0079432638660646, -1.7819986432049126, -24.808188160900944, 25.699415630604353, 4.479968620407962, -1.2797594455227492, 0.5528561647425411, 3.412230085800039, 0.14794394816336065, 2.2942318281092176] 
[-1.0214394796442545, 0.552051639501633, 2.217995876030821, 2.033302658467354, -1.5863279713917025, -1.0522735329456094, -1.9246375703619703, -1.865304336709007, -25.09359990119535, 26.01078683284122, 4.297135997054351, -1.1598009092810564, 0.4887503139201097, 3.4886116853992437, 0.06790214958404467, 2.371128368626821] 
[-1.1982035259572794, 0.37528759318860816, 2.394759922343846, 2.210066704780379, -1.7630920177047273, -1.2290375792586343, -2.101401616674995, -2.042068383022032, -24.9593281481297, 26.069302589818896, 4.42277894815509, -1.0230075784017936, 0.26318156400772164, 3.262696153952922, -0.08676915509080288, 2.527020364611146] 
[-1.278298372094913, 0.29519274705097454, 2.4748547684814795, 2.2901615509180124, -1.6829971715670937, -1.1489427331210007, -2.0213067705373615, -1.9619735368843982, -24.965481039444054, 26.16883097734313, 4.278764503477372, -0.8793409086515225, 0.3455141652230559, 3.1917090318086623, -0.009384729014421583, 2.4570814658085776] 
[-1.3551028551644255, 0.371997230120487, 2.398050285411967, 2.2133570678485, -1.7598016546366062, -1.0721382500514882, -1.944502287467849, -1.8851690538148858, -24.984215772894945, 26.10544365356108, 4.335588208220789, -0.8173715313155105, 0.4560836734191972, 3.3023546731299276, -0.10376872758659526, 2.3670124105356343] 
[-1.241808129995459, 0.2587025049515206, 2.2847555602430005, 2.1000623426795335, -1.6465069294676398, -0.9588435248825218, -2.0577970126368155, -1.7718743286459193, -25.066325924130293, 26.071175506366217, 4.260406914821801, -0.9130382944775891, 0.35869748535595547, 3.3964990206201, -0.24093243768719147, 2.234833415265684] 
[-1.0343438187161316, 0.4661668162308481, 2.492219871522328, 1.892598031400206, -1.8539712407469673, -1.1663078361618493, -1.850332701357488, -1.5644100173665918, -25.06123909839687, 26.29238279285042, 3.9205080510743313, -0.5864882815122685, 0.21133056253114638, 3.5560199771926553, -0.0572375724773698, 2.045995156788306] 
[-0.8623239192372307, 0.29414691675194726, 2.664239771001229, 1.7205781319213052, -2.025991140225868, -1.3383277356407501, -2.022352600836389, -1.392390117887691, -25.77336173297034, 26.995812223389148, 4.004503725714343, -0.8245814174882496, -0.03367252138834531, 3.365925950276538, -0.21537090131479963, 1.8743572675949607] 
[-0.8011517147248637, 0.23297471223958022, 2.603067566488862, 1.7817503364336722, -2.087163344738235, -1.277155531128383, -1.9611803963240217, -1.331217913375324, -25.52045021825922, 26.731978218290074, 4.1170637594453305, -0.9340169220087554, -0.13954100468427288, 3.2868700359051077, -0.13708413704534372, 1.810305221281049] 
[-0.8999925198067094, 0.3318155173214259, 2.7019083715707075, 1.8805911415155179, -2.186004149820081, -1.3759963362102288, -1.862339591242176, -1.4300587184571696, -25.598155757372158, 26.701731236978173, 4.0134059112939795, -0.8479921458324646, -0.19659802514174923, 3.403195308497333, -0.2510268827179569, 1.7187014302299102] 
[-0.9655970532416522, 0.266210983886483, 2.7675129050056504, 1.814986608080575, -2.2516086832550237, -1.4416008696451716, -1.7967350578072332, -1.3644541850222267, -25.349966281036544, 26.45519271560181, 3.99772328118591, -0.8866827104744319, -0.14635443398058295, 3.483762920267381, -0.32808949329792897, 1.6551010618525073] 
[-1.1371526577757831, 0.4377665884206139, 2.9390685095397813, 1.6434310035464441, -2.080053078720893, -1.6131564741793025, -1.968290662341364, -1.5360097895563576, -24.438910078925414, 25.523150678875506, 4.267864731478404, -0.5198456630604329, 0.23764079140376687, 3.644368368107263, -0.18330874160946245, 1.822932146224208] 
[-1.1497141468760437, 0.42520509932035333, 2.9265070204395207, 1.6559924926467047, -2.0674915896206323, -1.600594985079042, -1.9557291732411035, -1.523448300456097, -24.439036758222567, 25.508020775684276, 4.283181720087514, -0.5285906952972071, 0.24607856843741172, 3.6288677803423095, -0.16784153074835004, 1.8103916615129196] 
[-0.9731213072680949, 0.24861225971240453, 3.1030998600474695, 1.8325853322546535, -2.244084429228581, -1.7771878246869908, -1.7791363336331547, -1.7000411400640458, -25.65708869493977, 26.760708453684394, 3.898112372602089, -0.40012166104074554, 0.12859659225582312, 3.8442374079764585, -0.3831851266878108, 1.6335173720023195] 
[-1.065423797302707, 0.15630976967779242, 3.1954023500820816, 1.9248878222892656, -2.336386919263193, -1.6848853346523787, -1.6868338435985426, -1.792343630098658, -25.14166957839993, 26.23262511454556, 4.062980349688436, -0.34829671899328346, 0.06398779238980466, 3.9286030228329034, -0.29909137087715926, 1.5390417963824874] 
[-1.146705694237284, 0.07502787274321543, 3.1141204531475046, 1.8436059253546886, -2.255105022328616, -1.6036034377178017, -1.6055519466639656, -1.873625527033235, -25.20605151690705, 26.213072370246543, 3.982163261077625, -0.40294423088203213, 0.10731871777207408, 4.015850293533408, -0.3894029455537678, 1.6225676895588905] 
[-0.9419901981886238, -0.1296876233054447, 2.9094049570988445, 1.6388904293060285, -2.4598205183772763, -1.3988879416691415, -1.8102674427126257, -2.078341023081895, -27.49694786651394, 28.508481473945032, 3.7027798867954003, 0.1246794080738407, 0.6345667879489478, 3.802970703764653, -0.1819953761194569, 1.8252555411886169] 
[-0.6843935380043509, 0.12790903687882826, 2.6518082969145715, 1.8964870894903014, -2.2022238581930034, -1.1412912814848686, -1.5526707825283528, -1.820744362897622, -28.854612770735777, 29.88024222536441, 4.0459063012281895, 1.1561876330721967, 1.6682180355085594, 3.589116655860736, -0.38128181142587414, 2.066755910529155] 
[-0.7023932942949718, 0.10990928058820737, 2.6338085406239506, 1.8784873331996805, -2.1842241019023825, -1.1592910377754895, -1.5706705388189737, -1.8027446066070012, -28.90444278083257, 29.93100505237227, 4.028504088945878, 1.1225301458076395, 1.631226773434453, 3.5669776737558867, -0.397818580167105, 2.0830526064874855] 
[-0.9184517864447437, 0.3259677727379793, 2.4177500484741787, 2.0945458253494524, -1.9681656097526106, -1.3753495299252614, -1.3546120466692018, -1.5866861144572293, -29.022187969689842, 29.77790438962955, 4.201438760270266, 1.4936664517411173, 2.0075018151880517, 3.3881775915528367, -0.5956958788640192, 2.2809168370399573] 
[-1.1342018600250428, 0.5417178463182784, 2.2019999748938797, 2.3102958989297515, -2.1839156833329096, -1.1595994563449623, -1.1388619730889027, -1.8024361880375284, -29.091970395121642, 29.58400907614957, 4.412067682569198, 1.5999911864146097, 1.8349182961712753, 3.572068584873361, -0.797123534055315, 2.0645596771909442] 
[-0.9737915904855563, 0.7021281158577648, 2.041589705354393, 2.470706168469238, -2.344325952872396, -0.9991891868054759, -1.2992722426283891, -1.642025918498042, -28.969157676918737, 29.632431355482883, 4.541319989056731, 1.6534650248735938, 1.6488363301921618, 3.3946477395159222, -0.6885025993435253, 1.9132012866587664] 
[-0.9793292348691112, 0.7076657602413197, 2.047127349737948, 2.476243812852793, -2.3387883084888412, -1.0047268311890307, -1.2937345982448343, -1.6475635628815968, -28.965504649942073, 29.63541614589056, 4.542815594372531, 1.6601270183784331, 1.65858893406771, 3.404221600719258, -0.6816521410710066, 1.9079177322893786] 
[-1.1638865052171377, 0.5231084898932932, 2.2316846200859746, 2.6608010832008193, -2.5233455788368677, -1.1892841015370572, -1.4782918685928608, -1.8321208332296233, -29.15748310965089, 29.64718095797426, 4.090200494807813, 2.161021595906993, 2.0444889010415714, 3.7430993197564777, -0.4496843371717115, 1.7325377282746182] 
[-1.2879332152066572, 0.6471551998828127, 2.355731330075494, 2.5367543732113, -2.647392288826387, -1.0652373915475377, -1.6023385785823803, -1.7080741232401038, -29.32357398412198, 29.70003093993897, 3.721348469090172, 2.5541837605508535, 2.2410222603264587, 3.6465970829310237, -0.5936754192200451, 1.5946991820075025] 
[-1.3800559956479437, 0.7392779803240992, 2.4478541105167806, 2.4446315927700133, -2.7395150692676737, -1.1573601719888242, -1.5102157981410937, -1.8001969036813903, -29.367193000297423, 29.6367181790491, 3.7600787284871027, 2.6854073943467505, 2.4023584582406694, 3.7671791258439593, -0.5102177814298325, 1.5081047670689651] 
[-1.110388176237104, 1.008945799734939, 2.7175219299276203, 2.714299412180853, -3.0091828886785135, -0.8876923525779845, -1.7798836175519335, -2.06986472309223, -28.351616046641897, 28.608663049171497, 3.9793209346317964, 3.1032549565665835, 2.903527016525563, 4.113313715073683, -0.19568337981895145, 1.8064549104404173] 
[-1.145936169249238, 0.9733978067228048, 2.7530699229397544, 2.678751419168719, -3.0447308816906475, -0.8521443595658504, -1.8154316105640675, -2.105412716104364, -28.318906471893627, 28.61461014277281, 4.020141461398825, 3.0666110955570915, 2.9223521031804234, 4.073709491330237, -0.16131925301184039, 1.7810621851379431] 
[-1.060735868064699, 1.0585981079073439, 2.8382702241242934, 2.763951720353258, -2.9595305805061085, -0.9373446607503895, -1.9006319117486066, -2.020212414919825, -28.099404522316483, 28.352550868360073, 4.224221737730859, 2.876613841365539, 2.7621542249022184, 4.128896524759021, -0.04621065026515973, 1.9037256599598056] 
[-1.1122206736462208, 1.007113302325822, 2.889755029705815, 2.8154365259347798, -2.9080457749245867, -0.9888294663319113, -1.9521167173301284, -2.071697220501347, -28.050221624106943, 28.357932767257502, 4.2859401011140665, 2.7853435138114397, 2.6714603435736914, 4.052384815021499, 0.01607843663265722, 1.867395543579448] 
[-1.4048808819267244, 0.7144530940453184, 2.5970948214253116, 3.1080967342152834, -3.2007059832050904, -0.6961692580514076, -1.6594565090496247, -2.3643574287818505, -28.741599484474673, 29.190153299695876, 3.7110783566861167, 2.6316683948651383, 2.8916953440038604, 3.8363340130151533, -0.1494738031252284, 2.119495411382012] 
[-1.6874789470095846, 0.9970511591281785, 2.8796928865081717, 2.8254986691324233, -3.4833040482879505, -0.4135711929685475, -1.3768584439667646, -2.0817593636989904, -27.54078245847309, 27.957772841210648, 4.306146661571415, 2.124378967476358, 3.172756466582035, 3.550063176940809, -0.3093288686056693, 2.314999869662282] 
[-1.8283416039747569, 1.1379138160933508, 3.020555543473344, 2.9663613260975956, -3.624166705253123, -0.5544338499337198, -1.2359957870015923, -1.940896706733818, -27.643020277041785, 27.886124697764583, 4.455434333095408, 2.0106455324198067, 3.339142298863848, 3.352227711177151, -0.42508242478176667, 2.4050010602595546] 
[-1.857520183600697, 1.167092395719291, 2.991376963847404, 2.9371827464716556, -3.5949881256271827, -0.5252552703077797, -1.2068172073756522, -1.911718127107878, -27.61921558505523, 27.899372175944134, 4.428096449459679, 2.0347038409757947, 3.2968472512776352, 3.3954824465946865, -0.44045497852765647, 2.4297146896427533] 
[-2.070684493137835, 1.380256705256429, 3.204541273384542, 3.1503470560087936, -3.808152435164321, -0.3120909607706417, -1.4199815169127903, -1.69855381757074, -27.741890575260733, 27.65921384388363, 4.143370316131659, 2.2050483393235227, 2.9686807718161243, 3.788215028486087, -0.08032468082901123, 2.7402336768891664] 
[-2.3582908750235227, 1.6678630871421167, 3.4921476552702297, 2.862740674123106, -3.520546053278633, -0.5996973426563295, -1.707587898798478, -1.4109474356850522, -27.409645252971885, 27.390651498817146, 4.30148140243446, 1.9241826472383954, 2.2613617859640742, 4.504809273783037, 0.27281682043471744, 3.0701743554880463] 
[-2.364083000967588, 1.6736552130861821, 3.497939781214295, 2.8569485481790404, -3.5147539273345676, -0.6054894686003949, -1.7017957728544126, -1.4051553097409868, -27.415704348891907, 27.386747574020234, 4.3049576868162145, 1.9157454163480347, 2.250811493621506, 4.514113790427125, 0.26701503577381747, 3.0651374342114406] 
[-2.421270292286158, 1.6164679217676121, 3.555127072532865, 2.9141358394976105, -3.4575666360159976, -0.5483021772818248, -1.7589830641729827, -1.3479680184224168, -27.360354156824524, 27.361242594542773, 4.346645073830428, 1.8737239101872163, 2.3185448938164552, 4.441660572772142, 0.20605585615170674, 3.130518274111278] 
[-2.4850556750732467, 1.5526825389805237, 3.6189124553199536, 2.977921222284699, -3.521352018803086, -0.4845167944947364, -1.6951976813858942, -1.4117534012095052, -27.423070449018336, 27.39674198568047, 4.308250247293375, 1.8186731061083221, 2.3595512461822588, 4.488007560673167, 0.27989720684288494, 3.0530526981569883] 
[-2.5845184055363277, 1.4532198085174426, 3.5194497248568726, 3.07738395274778, -3.620814749266167, -0.5839795249578175, -1.7946604118489753, -1.5112161316725863, -27.319885764939066, 27.06008551190123, 3.9726906340238033, 1.9073091381343281, 2.2995012082551267, 4.403043101098106, 0.37186765336615024, 3.1397258786711997] 
[-2.7767736916445664, 1.2609645224092039, 3.7117050109651113, 2.8851286666395413, -3.4285594631579284, -0.7762348110660562, -1.6024051257407366, -1.703471417780825, -27.568766169102545, 27.973096792192766, 4.872929104329689, 1.7372526483457165, 1.9842898073961424, 4.699896182533696, 0.522923510210118, 3.3246644295854524] 
[-2.9394798346877615, 1.0982583793660088, 3.8744111540083064, 3.0478348096827363, -3.5912656062011235, -0.6135286680228611, -1.7651112687839317, -1.54076527473763, -27.418194097685944, 28.08464192271956, 4.826491273835144, 1.942819329992994, 2.2296509719277258, 4.4923185832800625, 0.3786923900240157, 3.4737628685535906] 
[-2.9406182539209405, 1.0993967985991877, 3.8755495732414853, 3.0466963904495574, -3.5901271869679445, -0.61466708725604, -1.7662496880171106, -1.5419036939708088, -27.417416013428408, 28.088585779652238, 4.8309278478438555, 1.9452640230546616, 2.229034468546245, 4.491276551484369, 0.3799084239082575, 3.4748719955867386] 

Time 
39.44558525085449 
