Parameters 
 
[-0.5, -0.5, -0.5, -0.5, -0.5, -0.5, -0.5, -0.5, -0.5, -0.5, -0.5, -0.5, -0.5, -0.5, -0.5, -0.5, -0.5, -0.5] 
[-0.3084250566237019, -0.3084250566237019, -0.3084250566237019, -0.3084250566237019, -0.6915749433762981, -0.6915749433762981, -0.3084250566237019, -0.3084250566237019, -0.6915749433762981, -0.19599185027626204, -0.7672301443004781, -0.6415155839540707, -0.3683475217087842, -0.19619412604773795, -0.9356117737587581, -0.14287164975479105, -0.5127628111785504, -0.30371264217646254] 
[-0.5022819140230244, -0.11456819922437944, -0.11456819922437944, -0.5022819140230244, -0.49771808597697564, -0.49771808597697564, -0.11456819922437944, -0.11456819922437944, -0.49771808597697564, -0.46575016298205524, -0.5048081294127498, -0.6071952601535905, -0.051870650635893356, -0.7890564697341629, -0.23375281289887295, -0.6353828078254311, -0.6467344606556414, -0.08000950212643115] 
[-0.11379472078787334, -0.5030553924595305, 0.2739189940107716, -0.8907691072581754, -0.10923089274182463, -0.8862052792121267, -0.5030553924595305, -0.5030553924595305, -0.10923089274182463, 0.2563934730406771, -1.2024390248480157, -0.9712306849165133, 0.40011516310562395, -0.8539286406071488, 0.4826630715564496, -1.3650231671577786, -0.2199538913282314, 0.2658894563879252] 
[-0.08078988842162382, -0.47005056009328094, 0.24091416164452206, -0.9237739396244249, -0.07622606037557511, -0.8532004468458771, -0.53606022482578, -0.47005056009328094, -0.14223572510807414, 0.21643905748895897, -1.132581385450568, -1.0425297195268488, 0.3593112954463188, -0.8577269346814828, 0.5093277033074287, -1.355381510273277, -0.19983512820731714, 0.2904472010095376] 
[0.39585846167596217, -0.9466989101908669, 0.7175625117421081, -1.4004222897220109, -0.5528744104731611, -0.37655209674829115, -0.05941187472819398, -0.9466989101908669, 0.33441262498951185, 0.6348332713017716, -0.322928544300363, -1.8707559439850452, 0.38572547050976386, -0.4124281671654432, 0.8718176905039486, -1.1994323243279397, 0.089354255478031, 0.6556230849824725] 
[0.5399170507197433, -1.090757499234648, 0.8616211007858892, -1.544480878765792, -0.6969329995169422, -0.5206106857920723, -0.20347046377197509, -0.8026403211470858, 0.47847121403329296, 0.5028455372542374, -0.26935920352039894, -1.7630662918743512, 0.2913245525640759, -0.4799116752292052, 0.6674107947808963, -0.9883573250916011, -0.008688261382708604, 0.586585108655586] 
[0.539799173847402, -1.0908753761069894, 0.8617389776582305, -1.5445987556381333, -0.6968151226446009, -0.5204928089197309, -0.20335258689963376, -0.8027581980194272, 0.47835333716095163, 0.502738241661345, -0.26931463240035475, -1.7629697448101591, 0.2914061678658036, -0.4798372497942998, 0.6675957905919094, -0.9885399214209855, -0.008724273674595625, 0.5864897487434073] 
[0.5642945448897063, -1.1153707471492937, 0.8862343487005349, -1.520103384595829, -0.6723197516022965, -0.5449881799620353, -0.1788572158573294, -0.7782628269771228, 0.502848708203256, 0.480392073535317, -0.26025779536023047, -1.7425116726945264, 0.3404102881391609, -0.5285605312975038, 0.6516043319465135, -1.0094042562819217, 0.010517185835267942, 0.5989518523504261] 
[0.5997432018728113, -1.0799220901661888, 0.8507856917174299, -1.484654727612724, -0.6368710946191916, -0.5804368369451403, -0.14340855887422443, -0.8137114839602277, 0.538297365186361, 0.5123240455492859, -0.27520729701990954, -1.7695780208480807, 0.41042754407178933, -0.5994706670208616, 0.6837209703471206, -0.9962613089213973, 0.09808755195360153, 0.5104945068748005] 
[0.5228351787987278, -1.1568301132402723, 0.7738776686433464, -1.5615627506868075, -0.7137791176932751, -0.5035288138710567, -0.22031658194830794, -0.7368034608861442, 0.46138934211227745, 0.44253292654374177, -0.24845914725486568, -1.703770484473149, 0.4674877273031617, -0.5580924006397265, 0.8097687905155, -1.1129320240126057, -0.08757360556928334, 0.7020756334543867] 
[0.2385006109139678, -1.4411646811250323, 0.4895431007585864, -1.8458973185715675, -0.4294445498085151, -0.7878633817558167, 0.06401798593645203, -0.45246889300138426, 0.17705477422751748, 0.604223218362454, -0.8590677939517348, -1.0714086109771497, 1.090718420759568, -1.1819492513623682, 1.3019796083645176, -1.6877096602438204, 0.7254370460309567, -0.05959444417005222] 
[0.43107263986452726, -1.2485926521744728, 0.6821151297091459, -2.0384693475221267, -0.6220165787590746, -0.9804354107063762, -0.12855404301410744, -0.2598968640508248, 0.36962680317807695, 0.7994179053735528, -0.7731895225186342, -0.9389312192225068, 0.30742398720032293, -0.4198327876976615, 0.8589425736856671, -1.2037482487572977, 0.8842357829197381, 0.06477811973703886] 
[0.46288116117602596, -1.216784130862974, 0.7139236510206446, -2.0702778688336254, -0.5902080574475759, -1.0122439320178749, -0.16036256432560614, -0.2280883427393261, 0.33781828186657825, 0.8454899795533368, -0.6653887155444954, -1.0434197127230642, 0.3137346167583113, -0.4708270501014816, 0.7520353049665759, -1.1027255828930413, 0.9185756451421858, 0.024808810738896493] 
[0.5572982374450739, -1.311201207132022, 0.8083407272896925, -1.9758607925645775, -0.6846251337166238, -0.9178268557488269, -0.2547796405946541, -0.13367126647027816, 0.2434012055975303, 0.93348110888436, -0.7069013006566408, -1.1053494582087797, 0.25712701311636116, -0.5272039276707984, 0.8004317293353744, -1.0480089934076928, 0.991848088385319, 0.10379481943992777] 
[0.5158308404830525, -1.2697338101700006, 0.7668733303276711, -1.934393395602556, -0.7260925306786452, -0.8763594587868055, -0.2962470375566755, -0.09220386950825676, 0.20193380863550892, 0.9794490603078738, -0.6737509049396601, -1.0796539830577006, 0.21598779328558707, -0.5316935459285451, 0.9110438091405088, -1.1652754708197333, 1.0573276941749352, 0.05413135644060529] 
[0.699091664566754, -1.4529946342537021, 0.5836125062439697, -2.1176542196862576, -0.5428317065949437, -0.6930986347031041, -0.47950786164037695, 0.09105695457544472, 0.3851946327192104, 0.8575995233963141, -0.25389702400552805, -1.504945507360297, 0.09119156364164561, -0.5860257630122834, 1.3486313227636957, -1.6429884435371616, 1.347426984698551, -0.1541572268208908] 
[0.7325949892459633, -1.4194913095744928, 0.5501091815647603, -2.084150895007048, -0.5093283819157344, -0.7266019593823134, -0.4460045369611676, 0.05755362989623536, 0.35169130804000104, 0.8843561722630603, -0.34310000784522676, -1.4139429807808979, 0.06395319465734012, -0.6013123966916779, 1.356338774831778, -1.5963505923057002, 1.299678559707514, -0.12422379534405711] 
[0.5618659578638419, -1.2487622781923713, 0.7208382129468818, -1.9134218636249267, -0.3385993505336129, -0.555872928000192, -0.6167335683432891, 0.22828266127835684, 0.5224203394221225, 1.105342067279424, 0.15544388625146754, -1.9016183231146577, 0.18279941878169298, -0.49217873751762303, 1.4426973122039506, -1.3977868302745189, 1.0728143404418682, 0.035452744618508614] 
[0.4505199651555618, -1.3601082709006513, 0.8321842056551618, -1.8020758709166467, -0.44994534324189295, -0.667218920708472, -0.505387575635009, 0.3396286539866369, 0.41107434671384246, 1.0053049817182436, 0.222511796819651, -1.8561680025038254, 0.5454209492225413, -0.8734511008440591, 1.1482786326352343, -1.0359144627243386, 0.7991031865421051, 0.10300809622420597] 
[0.5069419012872072, -1.4165302070322967, 0.7757622695235165, -1.858497807048292, -0.3935234071102476, -0.6107969845768266, -0.5618095117666544, 0.2832067178549915, 0.3546524105821971, 1.0655858373633504, 0.26488795431487744, -1.8232074223453918, 0.49875070357636064, -0.8919560909719254, 1.2807761526591634, -1.1949215049168778, 0.9050310970484935, 0.07489084112255902] 
[0.3299553267474, -1.5935167815721039, 0.9527488440633236, -2.035484381588099, -0.21653683257044043, -0.7877835591166338, -0.38482293722684724, 0.46019329239479867, 0.5316389851220042, 0.877611473627809, 0.11759937849225513, -1.8941032924911607, -0.00103432781253876, -0.37795438621317, 1.5168393517860197, -1.2245106091920293, 1.1454918671047818, 0.3052038136519717] 
[0.2112540870434405, -1.7122180212760634, 1.0714500837672831, -1.9167831418841397, -0.09783559286648091, -0.6690823194126743, -0.5035241769308068, 0.5788945320987582, 0.6503402248259638, 0.758332605841828, 0.196072803598899, -1.8190990457160245, -0.08417948322187001, -0.4470063558970706, 1.6285260595427349, -1.2208876539380884, 1.328491408702048, 0.4888378189565329] 
[0.2273258386720134, -1.6961462696474905, 1.087521835395856, -1.9007113902555668, -0.08176384123790803, -0.6851540710412471, -0.5195959285593796, 0.5628227804701853, 0.6342684731973909, 0.7431228654447275, 0.1669068948958618, -1.7898805894640795, -0.09305926288553609, -0.46031347794761784, 1.5817129588871517, -1.1646709097632306, 1.281669559899809, 0.4549090392728158] 
[0.13775739991934555, -1.6065778308948226, 1.1770902741485239, -1.811142951502899, -0.17133227999057588, -0.774722509793915, -0.4300274898067118, 0.47325434171751746, 0.7238369119500587, 0.8281547999317251, 0.3279096349519086, -1.9542494302035565, -0.1622695028089945, -0.5202313101074937, 1.5488147770211866, -1.2704317234620934, 1.3868522976017592, 0.40458147178610465] 
[0.13297973912933725, -1.611355491684831, 1.1723126133585156, -1.8063652907128906, -0.16655461920056758, -0.7795001705839233, -0.4252498290167035, 0.46847668092750916, 0.7190592511600504, 0.8329705668161064, 0.32015273725515103, -1.9464661859168866, -0.15463874097191524, -0.5278359217687246, 1.5479370065243183, -1.2770084338457068, 1.3957105436894985, 0.41210885342661013] 
[0.0020279896082524562, -1.4804037421637462, 1.0413608638374308, -1.9373170402339754, -0.035602869679482785, -0.6485484210628385, -0.5562015785377883, 0.599428430448594, 0.8500110006811352, 0.9650658293703183, 0.10745324432865522, -1.7355841937287333, -0.36166707393176156, -0.31843148935408566, 1.5995633607112958, -1.1422590757046296, 1.256691325461802, 0.5000366303071591] 
[0.0233686498670036, -1.5017444024224973, 1.062701524096182, -1.9586577004927266, -0.05694352993823393, -0.6698890813215896, -0.5348609182790371, 0.6207690907073451, 0.8286703404223841, 0.9864144941382267, 0.15117806716447418, -1.7800792251979354, -0.32006673655285117, -0.3587906773512973, 1.6569728624985458, -1.2134160086029702, 1.315368010428323, 0.5399317171714082] 
[0.009362307911506607, -1.5157507443779943, 1.048695182140685, -1.9446513585372296, -0.07094987189373092, -0.6838954232770866, -0.5488672602345341, 0.6067627487518481, 0.8426766823778811, 1.0004062807199163, 0.14214991915735034, -1.7902923637557684, -0.2943000451763708, -0.38442755038814796, 1.6543262559666423, -1.2355272218152653, 1.344647360451087, 0.563840804497288] 
[0.11462456813537192, -1.410488484154129, 1.1539574423645502, -2.049913618761095, -0.17621213211759623, -0.789157683500952, -0.6541295204583994, 0.5015004885279828, 0.7374144221540158, 0.8950355407706044, -0.06845517533168821, -1.5788378284606197, -0.37047576744856664, -0.4551900743082391, 1.615643344592542, -1.362000675506833, 1.4711015665757836, 0.4995143854637807] 
[-0.026668784022297443, -1.5517818363117983, 1.0126640902068809, -2.1912069709187643, -0.03491877995992687, -0.9304510356586213, -0.7954228726160688, 0.6427938406856522, 0.5961210699963464, 0.749336653778768, -0.30976739522800206, -1.3336371525136517, -0.49074692246630947, -0.5612634575115055, 1.4870181222401275, -1.3957351748566043, 1.3747001250517097, 0.6135845087474008] 
[-0.22209914584251922, -1.7472121981320201, 0.8172337283866591, -2.386637332738986, -0.23034914178014865, -0.7350206738383995, -0.9908532344362906, 0.8382242025058739, 0.4006907081761246, 0.9449781046685028, -0.726114443842705, -0.9164641632621421, -0.6360403353097099, -0.6867698900685721, 2.093476321675997, -2.1311617191416126, 1.9596890353522045, 1.012135817467714] 
[-0.13423201513464522, -1.835079328839894, 0.9051008590945331, -2.47450446344686, -0.31821627248802264, -0.8228878045462735, -1.0787203651441646, 0.7503570717979999, 0.4885578388839986, 0.8541389344934226, -0.8029923362615081, -0.9385331948164575, -0.4720756647613533, -0.8579755250912117, 2.024654570529494, -2.243424375222296, 2.0778048335310144, 0.9685771712746876] 
[0.17133806605557678, -2.1406494100301163, 0.5995307779043111, -2.780074544637082, -0.012646191297800646, -1.1284578857364955, -0.7731502839539426, 0.44478699060777793, 0.18298775769377662, 0.57596343593648, -0.019361092335334895, -1.7641690082848718, -0.8258269330372257, -1.0923965892112064, 1.682264161273333, -2.250622819935822, 1.654179927916863, 0.5424951729169567] 
[0.19022215196051673, -2.1595334959350563, 0.5806466919993711, -2.798958630542022, -0.0315302772027406, -1.1473419716414355, -0.7542661980490026, 0.4636710765127179, 0.16410367178883667, 0.5552367817737067, 0.000669719234451166, -1.763059673337236, -0.8400658540171851, -1.107223578973485, 1.6624180548963579, -2.2492514846740916, 1.6266866643678954, 0.5152859674979259] 
[0.10970723108725022, -2.0790185750617898, 0.5001317711261046, -2.8794735514152885, -0.1120451980760071, -1.227856892514702, -0.6737512771757361, 0.3831561556394514, 0.08358875091557016, 0.6013531015717593, 0.3282860260462863, -2.1320450189026294, -1.0658235667102425, -0.9669844066745499, 1.362358196361134, -1.916072224851069, 1.4144918129020123, 0.3665389046429336] 
[0.08941516512190373, -2.0993106410271363, 0.5204238370914511, -2.859181485449942, -0.0917531321106606, -1.2075648265493555, -0.6940433431410826, 0.4034482216047979, 0.10388081688091666, 0.6208337983954032, 0.3435146400396055, -2.126762177392134, -1.0809309520851584, -0.98465980963552, 1.340408460136755, -1.9146832843783115, 1.3855702410394442, 0.337826657780812] 
[-0.06392261935198706, -2.252648425501027, 0.6737616215653419, -3.012519269923833, -0.2450909165845514, -1.0542270420754647, -0.5407055586671918, 0.2501104371309071, -0.04945696759297413, 0.7757721732684032, 0.3079677853230393, -1.8829947691756612, -0.815557534957086, -1.2061871422585122, 1.202938404065473, -1.9465406031790657, 1.2749493399649046, 0.4579620914455923] 
[-0.11223115187738375, -2.3009569580264237, 0.6254530890399452, -2.964210737398436, -0.1967823840591547, -1.005918509550068, -0.5890140911925885, 0.2018019046055104, -0.09776550011837082, 0.722243704517332, 0.1783078124344547, -1.7522012203488615, -0.805364045412132, -1.2830361519513376, 0.9711598793722002, -1.705477387918429, 1.1729174629560646, 0.4846456826263554] 
[-0.19762290279261907, -2.386348708941659, 0.5400613381247099, -3.0496024883136714, -0.28217413497439003, -1.0913102604653033, -0.5036223402773532, 0.11641015369027508, -0.18315725103360614, 0.6579597215865505, 0.46087524675228136, -2.088704858130738, -1.017419431223907, -1.3021304571230317, 1.3259313072198937, -2.0994380714313223, 1.3933177917698298, 0.6065938283124362] 
[-0.24096271347680687, -2.3430088982574713, 0.5834011488088977, -3.0062626776294836, -0.23883432429020224, -1.0479704497811155, -0.546962150961541, 0.15974996437446287, -0.13981744034941834, 0.6969333295535612, 0.4303328181661591, -2.1012396830148647, -0.9820162109638804, -1.2590014414656965, 1.3452276815853554, -2.059831488727309, 1.3450722097941243, 0.6451078724839626] 
[-0.25429388859559654, -2.3296777231386816, 0.5967323239276874, -3.0195938527482733, -0.22550314917141256, -1.0346392746623259, -0.5336309758427513, 0.17308113949325254, -0.12648626523062867, 0.6806116995280244, 0.41237242142178854, -2.097947202119665, -0.9657473383793399, -1.2743919714384913, 1.3428400809528882, -2.040475033542191, 1.3282675643052404, 0.6561781782841617] 
[-0.16477164609006212, -2.240155480633147, 0.6862545664332218, -2.930071610242739, -0.315025391676947, -1.1241615171678603, -0.4441087333372169, 0.26260338199878697, -0.03696402272509425, 0.7737400411410106, 0.43320459093292035, -2.2601666683731625, -1.123629254153133, -1.2122293028589655, 0.9648795548110252, -1.630882511728187, 1.143066526322422, 0.7184592895819683] 
[0.11658944563606366, -1.9587943889070214, 0.404893474707096, -3.2114327019688647, -0.5963864834030728, -1.405522608893986, -0.7254698250633427, 0.5439644737249127, 0.24439706900103153, 0.9576345765935619, -0.524452019500097, -1.0988612531175435, -0.3254792989750974, -1.66797360014376, 0.5741431391233844, -1.5666439838594495, 0.9029247005845703, 0.9435664149074875] 
[0.2863413870942655, -2.1285463303652232, 0.2351415332488942, -3.041680760510663, -0.42663454194487094, -1.5752745503521879, -0.5557178836051408, 0.7137164151831146, 0.41414901045923336, 0.7862811169099455, -0.4880622523123596, -0.9321208111179755, -0.13889598368705058, -1.817933489915181, 0.6814377558539774, -1.486993484390797, 1.1661721005988124, 1.2122216525085228] 
[0.38376274894296114, -2.225967692213919, 0.13772017140019854, -3.1391021223593585, -0.5240559037935666, -1.4778531885034922, -0.6531392454538365, 0.6162950533344189, 0.3167276486105377, 0.6009528982315275, 0.09997574027524686, -1.516970703167845, -0.3181473705681478, -1.703888298048228, 0.2503667499340959, -1.055840147140386, 1.3656746700489426, 1.4112139963310901] 
[0.04046444866330856, -2.5692659924935715, -0.20557812887945404, -3.482400422639011, -0.180757603513914, -1.8211514887831448, -0.3098409451741839, 0.27299675305476634, -0.026570651669114875, 0.9253440273277128, 0.18285557798950947, -1.2610120686248412, -0.6406680523332489, -1.407736025188682, -0.7796411877146355, -0.03271443952263975, 1.9164396322567612, 1.9947644585393236] 
[0.22959484235069394, -2.380135598806186, -0.016447735192068658, -3.2932700289516257, 0.008372790173471367, -1.6320210950957594, -0.4989713388615693, 0.08386635936738096, -0.21570104535650025, 1.1113982043008925, 0.27331423621710765, -1.0866951293591067, -0.8453699631191355, -1.3685245877018617, 1.2221502030080984, -2.031601900226161, 2.0152219706288577, 2.2092512029081988] 
[0.17129821529199885, -2.438432225864881, -0.07474436225076375, -3.3515666560103208, 0.06666941723216646, -1.5737244680370643, -0.4406747118028742, 0.14216298642607605, -0.15740441829780516, 1.2036862367469463, 0.06697024558509265, -0.8889449979584777, -0.9163857525563969, -1.4373135909330046, 1.688232807931213, -2.4969386437110064, 2.0643842485136563, 2.2710801478254914] 
[0.12428498967086665, -2.4854454514860134, -0.12175758787189594, -3.398579881631453, 0.019656191611034268, -1.5267112424159321, -0.393661486181742, 0.09514976080494386, -0.11039119267667297, 1.159605557319682, 0.044417158567731735, -0.9184204789676609, -0.9739644325537927, -1.4961762117393917, 2.169869060341498, -2.9785540713166183, 2.105510590202786, 2.229272052940322] 
[0.1943566047950338, -2.415373836361846, -0.1918292029960631, -3.328508266507286, -0.050415423513132884, -1.5967828575400993, -0.32358987105757486, 0.02507814568077671, -0.18046280780084012, 1.234252382986499, -0.002162335924033164, -0.9697188182921428, -0.8749541579887209, -1.4003775070836655, 1.2710586657420226, -2.080216251319516, 2.1547287635241466, 2.163492520396734] 
[0.23534503566895393, -2.4563622672357663, -0.15084077212214297, -3.369496697381206, -0.009426992639212761, -1.5557944266661792, -0.364578301931495, -0.015910285193143414, -0.13947437692692, 1.2605253927187987, 0.09974116775593614, -1.0708909599670644, -0.9106018802726303, -1.4488451796872026, 2.0363471508636706, -2.845329587289964, 2.1884575784800306, 2.1232929398917806] 
[0.23412550696627688, -2.4575817959384434, -0.15206030082482003, -3.368277168678529, -0.010646521341889814, -1.5545748979635021, -0.36335877322881793, -0.014690756490466361, -0.13825484822424294, 1.2593477522753804, 0.09950915626264017, -1.0721645926036514, -0.9088790798535975, -1.4472382871564293, 2.0549134001672247, -2.8638993200653955, 2.189758751473325, 2.1244933158468706] 
[0.2728397919189558, -2.4188675109857645, -0.1133460158721411, -3.406991453631208, 0.02806776361078911, -1.5158606130108232, -0.324644488276139, -0.053405041443145285, -0.17696913317692187, 1.2805370153551896, 0.1969762718615896, -1.1751359789158167, -0.8648339896730007, -1.4762681207106814, 1.4617096136063985, -2.270570914750496, 2.14708983079731, 2.1637879005475367] 
[0.3594205212084216, -2.5054482402752303, -0.1999267451616069, -3.4935721829206736, -0.0585129656786767, -1.4292798837213574, -0.2380637589866732, -0.1399857707326111, -0.2635498624663877, 1.3862130438596751, 0.10249283104191446, -1.196395450551908, -0.9323268747073664, -1.4096768667977713, 3.080420639485381, -3.8903292794860844, 2.2579619381181013, 2.244847067745451] 
[0.4719779292950126, -2.6180056483618213, -0.08736933707501593, -3.6061295910072646, 0.054044442407914284, -1.3167224756347664, -0.3506211670732642, -0.02742836264602011, -0.37610727055297866, 1.184836743203609, 0.4164177185437031, -1.4613064979543622, -1.0573883863416151, -1.5645166718308816, 3.0677961963149936, -3.761238831051343, 2.1241239986533156, 2.3749254581481423] 
[0.4226863313688345, -2.6672972462879994, -0.13666093500119403, -3.6554211889334427, 0.004752844481736185, -1.2674308777085883, -0.3013295691470861, 0.02186323528015799, -0.32681567262680056, 1.1688109071979134, 0.3319311273049942, -1.3677483018483372, -1.1578320562663027, -1.6651144755550373, 3.606873503307206, -4.299494053343979, 2.1201013480005573, 2.424313422878482] 
[0.10693419691006523, -2.9830493807467686, -0.4524130694599633, -3.3396690544746734, -0.3109992899770331, -0.951678743249819, 0.014422565311683178, 0.33761536973892725, -0.6425678070855698, 1.4629501451459315, 0.39115581989985704, -1.0061994748896625, -1.8232669758980409, -2.304886864934323, 3.6086117563317104, -3.9540580603503295, 1.7673489836582095, 2.1015868555895287] 
[0.14011949586003536, -2.9498640817967985, -0.41922777050999316, -3.3728543534246436, -0.3441845889270032, -0.9848640421997892, 0.04760786426165331, 0.3044300707889571, -0.67575310603554, 1.4253476059547496, 0.43306832679115115, -1.039943805318692, -1.8359281644444503, -2.2678354005228645, 3.6430698925087093, -3.9473785854634236, 1.7936360841383747, 2.075371534336298] 
[-0.09067132053682658, -3.1806548981936604, -0.18843695411313122, -3.6036451698215055, -0.5749754053238652, -1.2156548585966511, 0.27839868065851525, 0.5352208871858191, -0.9065439224324019, 1.2132618645878364, 0.29663683548752867, -1.4187215967468438, -1.395004993347379, -1.9491630943834841, 3.648492591477123, -4.17500909899225, 2.0887316301107064, 2.3750997381783763] 
[-0.14220458337955466, -3.1291216353509324, -0.2399702169558593, -3.5521119069787774, -0.6265086681665932, -1.2671881214393792, 0.32993194350124333, 0.5867541500285471, -0.8550106595896738, 1.2603595791912265, 0.24761336799514352, -1.464568637981917, -1.4401196052641068, -1.9526004032657467, 3.421682486200209, -3.944096337270584, 2.1834840030379974, 2.455277876697651] 
[-0.07878862042038182, -3.192537598310105, -0.17655425399668645, -3.6155278699379503, -0.6899246311257661, -1.2037721584802064, 0.3933479064604162, 0.65017011298772, -0.9184266225488467, 1.3341635462855612, 0.3209155677897353, -1.4167935114708192, -1.3723764551704425, -1.9056686778646656, 3.1867634203327078, -3.699275551379889, 2.3025060899095933, 2.5596043912456983] 
[-0.10045614610238363, -3.1708700726281034, -0.19822177967868826, -3.637195395619952, -0.6682571054437643, -1.2254396841622082, 0.415015432142418, 0.6718376386697218, -0.8967590968668449, 1.3541819543411089, 0.2999357660312218, -1.4345185633145932, -1.4043540456325945, -1.9434032589903398, 3.1622306505927673, -3.706498968779472, 2.285435414020236, 2.575477960972426] 
[-0.08605409203649717, -3.156468018562217, -0.21262383374457472, -3.6227933415540656, -0.6538550513778778, -1.2110376300963217, 0.4006133780765315, 0.6862396927356083, -0.9111611509327313, 1.3410572419770566, 0.31267805426341444, -1.4465684445658675, -1.415836676694468, -1.9411273686050328, 3.119287650806008, -3.6636486475806054, 2.2800506894441077, 2.5879657156660434] 
[-0.004965497460875268, -3.237556613137839, -0.2937124283201966, -3.5417047469784437, -0.5727664568022559, -1.1299490355206998, 0.4817019726521534, 0.6051510981599864, -0.9922497455083532, 1.2524754860972045, 0.22548583078249917, -1.342402885209045, -1.5459690398324923, -2.023444341279865, 3.359008598188056, -3.9183712269393802, 2.18929832543661, 2.6366046516028514] 
[-0.18730730416482078, -3.4198984198417843, -0.11137062161625111, -3.359362940274498, -0.3904246500983104, -1.3122908422246453, 0.6640437793560989, 0.7874929048639319, -0.8099079388044077, 1.0693284348355228, 0.06256762358944304, -1.120744253251968, -1.7503978887645553, -1.9061762819555323, 3.354226192279547, -4.14490032539651, 1.8976998361267876, 2.3738767619922796] 
[0.025008108015929453, -3.207583007661034, 0.10094479056449912, -3.147047528093748, -0.6027400622790606, -1.099975430043895, 0.4517283671753487, 0.5751774926831816, -1.022223350985158, 0.8194563153566435, -0.14718910049352282, -0.9444233238028719, -1.9446919194315921, -1.7227590756155597, 3.456131126555498, -3.963330553936192, 2.266502961502147, 2.728103427509076] 
[0.11441424323235094, -3.2969891428774556, 0.1903509257809206, -3.0576413928773265, -0.6921461974954821, -1.0105692948274736, 0.3623222319589272, 0.6645836278996031, -1.1116294862015794, 0.9113238447454265, -0.24583792278772773, -1.0503981509241282, -2.045123765043753, -1.8054444275165362, 3.484012532871298, -3.902375115639232, 2.2061089058058148, 2.8020959531846676] 
[0.14541493522956483, -3.3279898348746695, 0.2213516177781345, -3.0886420848745404, -0.723146889492696, -0.9795686028302597, 0.3313215399617133, 0.695584319896817, -1.1426301781987933, 0.9397807448248193, -0.22328440125548416, -1.0850878381959852, -2.0832102219849045, -1.7955962500694997, 3.414273057623988, -3.833396011086421, 2.1754059005870547, 2.7632478734688113] 
[0.27099014127553045, -3.453565040920635, 0.09577641173216889, -3.214217290920506, -0.8487220955386616, -1.1051438088762253, 0.45689674600767893, 0.5700091138508514, -1.0170549721528277, 1.0826648878691267, -0.34484187526085397, -0.9488955676233803, -1.9329966425831442, -1.674100581493851, 3.418984887424209, -3.978715375514631, 2.0534806464894797, 2.8581460329720443] 
[0.4085515616335027, -3.316003620562663, -0.041785008625803366, -3.0766558705625338, -0.7111606751806894, -0.9675823885182531, 0.3193353256497067, 0.43244769349287915, -1.1546163925108, 1.2006251429810906, -0.2679034751777932, -1.0527442231907658, -1.8111154391451842, -1.8050937951202117, 3.4212158778313912, -3.8064331024012077, 2.2687697410933723, 3.050535847757064] 
[0.5054293960413585, -3.4128814549705186, 0.055092825782052435, -3.1735337049703896, -0.6142828407728336, -0.8707045541103973, 0.4162131600575625, 0.529325527900735, -1.2514942269186557, 1.1388828501712789, -0.3577060087993185, -1.160103128121731, -1.9038545058469893, -1.7996259761764344, 3.685872756484384, -4.086261465323142, 2.106870824764738, 2.92761470169898] 
[0.5581718791052854, -3.3601389719065917, 0.10783530884597936, -3.2262761880343165, -0.6670253238367605, -0.9234470371743242, 0.36347067699363556, 0.5820680109646619, -1.1987517438547288, 1.181097152855324, -0.3351363447014073, -1.2048719134177512, -1.8531252062998096, -1.7857861418672791, 3.5774976885828305, -3.979949698679885, 2.0696016173014464, 2.8694691523599385] 
[0.4894639890659438, -3.4288468619459334, 0.039127418806637726, -3.157568297994975, -0.7357332138761021, -0.9921549272136658, 0.4321785670329772, 0.5133601209253202, -1.1300438538153872, 1.3185084864852579, -0.46801517027506323, -1.167264508124291, -1.918130994595087, -1.7893433171270077, 3.3946618004932154, -3.787372948510183, 2.1632325841247164, 2.8182506174190576] 
[0.4438503593470078, -3.4744604916648694, -0.006486210912298285, -3.111954668276039, -0.7813468435950381, -1.0377685569326018, 0.4777921967519132, 0.46774649120638423, -1.1756574835343232, 1.3974929401240446, -0.5420264146163966, -1.138386347189477, -1.8712853122644346, -1.7767659732480425, 3.303130640804589, -3.697709496571472, 2.1254650179613277, 2.7654516225188406] 
[0.2532184292215416, -3.6650924217903356, -0.19711814103776448, -3.302586598401505, -0.590714913469572, -0.8471366268071356, 0.287160266626447, 0.27711456108091803, -1.3662894136597894, 1.7027884307456223, -0.8245542681092743, -1.0299173812970637, -2.0683525206599533, -1.5024754926236648, 3.525421631725197, -3.5753265217352563, 2.3769756318670634, 2.9948469020959294] 
[0.376520613673095, -3.541790237338782, -0.32042032548931787, -3.4258887828530584, -0.7140170979211253, -0.7238344423555823, 0.16385808217489362, 0.15381237662936464, -1.242987229208236, 1.856648371424957, -0.9653928966120856, -0.9965281463769058, -1.9305520174802866, -1.3486088205900375, 3.559963736337014, -3.745930266629705, 2.2290499658688208, 3.1102668613918443] 
[0.2812464176650995, -3.6370644333467776, -0.2251461294813224, -3.330614586845063, -0.8092912939291208, -0.6285602463475868, 0.2591322781828891, 0.24908657263736012, -1.1477130332002405, 1.9857555485746894, -1.0653030979370064, -0.8828681655175536, -2.1199745774310568, -1.6592804181819267, 3.1835404960758416, -3.4728844780925208, 2.161959326489624, 3.0117275564513] 
[0.17571978587689796, -3.531537801558576, -0.33067276126952394, -3.2250879550568614, -0.7037646621409193, -0.5230336145593852, 0.36465890997109063, 0.35461320442556166, -1.253239664988442, 1.893667838366132, -1.1203409463176472, -0.8199733850955466, -2.026006004271501, -1.6547339891736623, 3.354308266275683, -3.632578303327505, 2.225693967243662, 2.9124363974596603] 
[0.3517346075683403, -3.3555229798671338, -0.1546579395780816, -3.049073133365419, -0.5277498404494769, -0.3470187928679429, 0.540673731662533, 0.530628026117004, -1.0772248432969997, 2.0313415856346397, -0.8832188218756681, -0.5844744009146807, -1.944275357954994, -2.0506303212441277, 2.9518999366699323, -3.617865808301003, 2.389826631115355, 2.753046805650043] 
[0.3880219338989026, -3.391810306197696, -0.1183706132475193, -3.0853604596959814, -0.5640371667800392, -0.3833061191985052, 0.5043864053319707, 0.5669153524475663, -1.0409375169664374, 2.084507880128941, -0.9333534398591248, -0.5638962675358591, -1.9053365930812698, -2.123360153182691, 2.8811293961900266, -3.617120661265403, 2.4358283711534034, 2.7987905104576223] 
[0.23839993016168504, -3.5414323099349136, 0.03125139048969827, -3.234982463433199, -0.7136591705172568, -0.5329281229357228, 0.6540084090691882, 0.41729334871034873, -0.8913155132292199, 1.8564383614131648, -0.719352475204972, -0.6483667513413949, -2.0492864622645306, -2.039029431221942, 2.7355191324360586, -3.480749446108299, 2.2942167145975625, 2.615518390411611] 
[0.21105158957620884, -3.5140839693494375, 0.058599731075174466, -3.2076341228477228, -0.741007511102733, -0.560276463521199, 0.626660068483712, 0.38994500812487254, -0.9186638538146961, 1.8809109928734098, -0.7061321344957495, -0.6716548452061432, -2.0820209942466392, -2.105998454290846, 2.6690492823058967, -3.475739392343525, 2.3194689410560665, 2.5932741778091994] 
[0.2699813910738851, -3.455154167851761, 0.1175295325728507, -3.1487043213500465, -0.6820777096050568, -0.5013466620235227, 0.6855898699813883, 0.3310152066271963, -0.9775936553123723, 1.9339357600412521, -0.6758688892918862, -0.7232247164918012, -2.1443221166021718, -2.1176086234068943, 2.5507275949151165, -3.309583726751793, 2.47104991268852, 2.680528998907004] 
[0.19669249217829798, -3.381865268956174, 0.04424063367726361, -3.0754154224544594, -0.6087888107094697, -0.5746355609191098, 0.6123009710858012, 0.2577263077316092, -1.0508825542079594, 1.8273056984698555, -0.544453825580927, -0.617971967805424, -2.2055839706136666, -2.0652100887031204, 2.513545934519578, -3.334310729194047, 2.54308669550474, 2.7639485068086116] 
[0.12367893163410426, -3.454878829500368, -0.028772926866930115, -3.148428982998653, -0.6818023712536634, -0.6476491214633036, 0.5392874105416074, 0.18471274718741548, -0.9778689936637657, 1.7395682923092988, -0.46688342380325365, -0.6698561483735185, -2.1345697511010346, -2.0693525759780207, 2.3604953479279382, -3.1203941459383855, 2.725417520818427, 2.855855627044512] 
[0.07215053280298744, -3.403350430669251, 0.022755471964186702, -3.0969005841675363, -0.7333307700847802, -0.6991775202944204, 0.48775901171049063, 0.13318434835629867, -1.0293973924948825, 1.7966496417480557, -0.514199258036569, -0.6341630509499245, -2.084490341891803, -2.1583391469428217, 2.2854334454894762, -3.173108072873343, 2.647526122602534, 2.797467789552443] 
[0.05786825688356356, -3.417632706588675, 0.00847319604476282, -3.0826183082481124, -0.7190484941653563, -0.6848952443749965, 0.5020412876299145, 0.11890207243687478, -1.0151151165754586, 1.781504370994549, -0.5018056744517474, -0.6455694525508576, -2.099162562572236, -2.1541353469508113, 2.26478944214056, -3.152953454528942, 2.639516416178402, 2.782701313142665] 
[-0.38560934919847045, -2.974155100506641, 0.45195080212679684, -2.6391407021660784, -0.2755708880833223, -0.24141763829296248, 0.9455188937119485, 0.5623796785189088, -0.5716375104934246, 2.260427778146343, -1.13878820808944, -1.258820928389369, -1.6644850684140498, -2.068235820590732, 1.6004666917977506, -2.518824332992026, 2.4056765324622633, 2.3263966390113753] 
[-0.23326139892478426, -3.126503050780327, 0.29960285185311064, -2.4867927518923922, -0.4279188383570085, -0.39376558856664867, 1.0978668439856347, 0.4100317282452226, -0.7239854607671108, 2.3793851977547913, -1.2288227064166082, -1.389811271320045, -1.6410332883035623, -1.877625207371807, 1.8079338566089451, -2.60038730010074, 2.5539000089915405, 2.5176497524681265] 
[-0.1830123405204549, -3.0762539923759977, 0.24935379344878128, -2.5370418102967216, -0.47816789676133786, -0.3435165301623193, 1.148115902389964, 0.35978266984089324, -0.6737364023627814, 2.420475885185417, -1.2684478053512127, -1.470149155909998, -1.77195400408716, -1.7607639595651876, 1.7990578893856766, -2.6371925130805045, 2.5698590928131675, 2.469571661337687] 
[-0.04457200030795039, -3.2146943325885022, 0.3877941336612858, -2.675482150509226, -0.6166082369738424, -0.4819568703748238, 1.2865562426024686, 0.22134232962838873, -0.8121767425752859, 2.3060487541744097, -1.136219456246764, -1.704307639724294, -2.203786340580448, -1.257832921017632, 2.229129532568305, -3.553114526642981, 1.6681531226330681, 2.2293602839466296] 
[-0.0043908091376028135, -3.25487552375885, 0.42797532483163336, -2.6353009593388785, -0.65678942814419, -0.44177567920447625, 1.246375051432121, 0.2615235207987363, -0.7719955514049384, 2.2676511272184534, -1.096083660983576, -1.6797181192852841, -2.2581122283925166, -1.1917538331314756, 2.245423126686384, -3.800440828373734, 1.420598423006686, 2.1786947004049155] 
[-0.19900429901594197, -3.449489013637189, 0.6225888147099725, -2.8299144492172177, -0.4621759382658508, -0.6363891690828154, 1.0517615615537819, 0.45613701067707546, -0.9666090412832775, 2.0722858270185927, -1.2684124170143605, -1.4547466744069848, -2.1247898745930156, -0.7841418655343784, 2.783179618022351, -5.156698931613083, 0.08726453534135037, 1.9053439386623743] 
[-0.1329113246762883, -3.3833960392975353, 0.5564958403703189, -2.8960074235568714, -0.39608296392619713, -0.7024821434224691, 1.1178545358934355, 0.3900440363374218, -0.9005160669436238, 2.130045845094427, -1.3126433695283244, -1.409248588066839, -2.143545126850112, -0.8885081044323446, 2.6587986916478368, -5.070806109960454, 0.0664964001847134, 1.8366730679743304] 
[-0.16367689253679418, -3.414161607158041, 0.5872614082308247, -2.8652418556963655, -0.36531739606569125, -0.733247711282975, 1.0870889680329296, 0.3592784684769159, -0.869750499083118, 2.155202393230125, -1.3562373417670734, -1.4889647079106403, -2.224285552427186, -0.8343260195139124, 2.686943494513226, -5.001432031875862, 0.13888942378641594, 1.8133903545878967] 
[0.5471812034182666, -2.7033035112029804, -0.12359668772423604, -3.5760999516514262, 0.34554069988936953, -0.02238961532791417, 0.37623087207786887, -0.35157962747814486, -0.1588924031280572, 1.2825969436393492, -2.386925274654207, -2.31611703776431, -2.0069033220523194, -0.5098711193812544, 1.3543889233850401, -2.5779741999259924, 2.290998510231098, 1.3295167347432977] 
[0.6273753503880191, -2.783497658172733, -0.2037908346939885, -3.6562940986211787, 0.26534655291961706, -0.10258376229766664, 0.2960367251081164, -0.2713854805083924, -0.07869825615830472, 1.473999506377986, -2.6229841802480505, -2.1334622066004347, -2.180314993787701, -0.6999757419535377, 1.4903114161521889, -2.442031885919187, 2.4603764982652505, 1.195755246282042] 
[0.639460858914686, -2.771412149646066, -0.1917053261673216, -3.6683796071478456, 0.25326104439295016, -0.11466927082433354, 0.2839512165814495, -0.2834709890350593, -0.06661274763163783, 1.4472855788893646, -2.596376649621072, -2.132868802988681, -2.155473582536151, -0.6723459681391429, 1.4727498904259981, -2.4504723249655775, 2.467476982027658, 1.206025785756405] 
[0.7766652057886827, -2.9086164965200627, -0.32890967304131835, -3.8055839540218424, 0.11605669751895342, 0.022535076049663205, 0.14674686970745277, -0.14626664216106255, 0.07059159924235892, 1.1467828610637083, -2.302853729806153, -2.094751037472167, -2.0549340783921233, -0.7368326764488891, 1.3580527607172679, -2.5316476610272196, 2.6315202199417778, 1.0248751687905335] 
[0.9942066818367199, -3.1261579725681, -0.5464511490893555, -3.588042477973805, -0.10148477852908377, 0.2400765520977004, 0.36428834575548996, -0.36380811820909975, 0.2881330752903961, 1.8987014565756533, -3.086433705670411, -1.7530431678808505, -2.0632140626293456, -0.9806496883808229, 1.5936418644958206, -2.7205008021550277, 2.7938194436464734, 1.2190747540572109] 
[0.6468404800289573, -2.7787917707603373, -0.19908494728159298, -3.2406762761660426, 0.2458814232786788, 0.587442753905463, 0.016922143947727397, -0.016441916401337187, 0.6354992770981587, -0.2322737424796597, -0.9585981124686311, -0.9502284836121155, -3.0676447476870594, -1.7458179418841715, 1.0395147158373188, -3.348670873707036, 2.304279180808208, 1.0277634773957425] 
[0.727443033341314, -2.859394324072694, -0.27968750059394965, -3.3212788294783993, 0.16527886996632213, 0.6680453072178196, 0.09752469726008406, -0.09704446971369385, 0.7161018304105153, -0.26212126736591684, -1.0486790027604378, -0.855506805553667, -3.008467512537038, -1.7883192842345945, 0.8781380417217057, -3.5148940522271372, 2.383621077173539, 0.9461112657176258] 
[0.4720324795690065, -3.1148048778450015, -0.5350980543662571, -3.5766893832507067, -0.09013168380598535, 0.9234558609901271, 0.35293525103239154, 0.15836608405861363, 0.46069127663820786, 0.5239603435066913, -1.8795923940603627, -0.4880016921471816, -2.8014485038675985, -1.5081026721504665, 0.9589550902140949, -3.743444922380814, 2.0906924844707584, 1.2228309990457993] 
[0.5983048952937875, -3.2410772935697825, -0.40882563864147614, -3.7029617989754877, 0.03614073191879563, 0.7971834452653461, 0.22666283530761056, 0.2846384997833946, 0.3344188609134269, 0.6113745308361684, -1.7941021956869319, -0.43686044088395654, -2.6427099004665147, -1.3527306579027465, 0.3856153597517975, -4.3534047001750205, 1.8173219859603085, 1.0603215995166113] 
[0.4904097538718244, -3.3489724349917456, -0.30093049721951304, -3.810856940397451, 0.14403587334075874, 0.9050785866873092, 0.33455797672957366, 0.1767433583614315, 0.22652371949146377, 0.8713181281635549, -2.065395576179104, -0.6720504993673786, -2.323573355637328, -1.0813288549753968, 0.02446904976408021, -4.708612090078141, 1.8456937362645298, 0.9597596824363214] 
[0.23606695097354558, -3.0946296320934668, -0.5552733001177919, -3.556514137499172, -0.11030692955752008, 0.6507357837890304, 0.5889007796278525, 0.43108616125971033, 0.4808665223897426, 1.0150095761199647, -1.825316733370753, -0.3724964458116319, -2.33924646280309, -1.4255886305036358, 1.1855253269214536, -3.507840790831888, 2.3107761238625852, 0.7806827255385784] 
[-0.10566582954305548, -2.7528968515768657, -0.2135405196011908, -3.214781356982571, 0.23142585095908097, 0.30900300327242936, 0.9306335601444535, 0.7728189417763114, 0.13913374187314154, 1.2906778220689767, -1.5425335969844058, -0.5130802430340016, -2.779403895533005, -1.9136595549007422, 1.2294699935777553, -4.024483180232184, 1.820341249576665, 0.9713295199129446] 
[0.10322219745938921, -2.544008824574421, -0.004652492598746116, -3.0058933299801263, 0.022537823956636283, 0.517891030274874, 1.1395215871468982, 0.5639309147738667, -0.06975428512930315, 1.4888057513880246, -1.6527785435305926, -0.7284038699781126, -2.5388996190882236, -2.0645916576117624, 1.0402831128479053, -4.099080803321269, 2.1270009291716554, 1.306867048843232] 
[0.4345697103889681, -2.875356337504, -0.336000005528325, -3.337240842909705, 0.35388533688621515, 0.8492385432044529, 0.8081740742173193, 0.23258340184428783, -0.401101798058882, 1.0890366182259876, -0.849538895355294, -1.5107539715105056, -2.1524039164785744, -2.4503053806679773, 1.1482002530059896, -5.21518560155363, 0.9171433902199853, 0.7058441473478442] 
[0.452112949349041, -2.857813098543927, -0.3535432444883979, -3.354784081869778, 0.3363420979261422, 0.8667817821645258, 0.7906308352572464, 0.2150401628842149, -0.3835585590988091, 1.0982489936587754, -0.8290289609906784, -1.5405301421988966, -2.128008702100768, -2.46447271449017, 1.1518696555005632, -5.17812298807367, 0.9553027629902623, 0.728981198298684] 
[0.09704176657918606, -2.502741915774072, 0.0015279382814570308, -2.999712899099923, 0.6914132806959972, 0.5117105993946709, 0.4355596524873915, -0.14003101988564004, -0.738629741868664, 1.7603885094145935, -1.5612000137902162, -1.1198292172536872, -1.797500541656877, -1.8661858151778257, 0.28359453992790895, -5.945304154471916, 1.016134302302412, 1.092519488535578] 
[0.23580031016988312, -2.641500459364769, -0.13723060530924003, -2.860954355509226, 0.5526547371053001, 0.650469142985368, 0.5743181960780885, -0.2787895634763371, -0.599871198277967, 1.5935354613176402, -1.2000005136993899, -1.47277703660533, -1.6568701856539176, -1.8873038553219654, 0.5462521891813835, -5.617006286960939, 1.2898619705392367, 0.9281497782015095] 
[0.4063752573963104, -2.4709255121383418, 0.03334434191718727, -3.0315293027356534, 0.3820797898788728, 0.47989419575894066, 0.40374324885166124, -0.1082146162499098, -0.7704461455043943, 1.4371801948584728, -1.2693608903298164, -1.6225211338085237, -1.5597447460223939, -1.4988057528231502, -0.053143555481033, -6.247604894526025, 0.8071016518726339, 1.1907886942769048] 
[0.3730743968157395, -2.437624651557771, 0.06664520249775818, -3.0648301633162243, 0.4153806504594437, 0.44659333517836974, 0.37044238827109033, -0.07491375566933889, -0.8037470060849652, 1.4482983819937556, -1.197726947253291, -1.6957384668467523, -1.522913937498639, -1.55211816589024, -0.0036816342846225023, -6.251068644412342, 0.836980864886004, 1.2219600087897515] 
[0.5305221334758745, -2.595072388217906, 0.2240929391578932, -3.2222778999763593, 0.2579329137993087, 0.28914559851823474, 0.21299465161095532, -0.2323614923294739, -0.9611947427451002, 1.2358429783259088, -0.9997407238074283, -1.6649940960295064, -1.6738014928449543, -1.623594261403241, -0.21148074068487643, -6.458172124214232, 0.9195646555487981, 1.3754091072756267] 
[0.6157655857991753, -2.6803158405412066, 0.13884948683459242, -3.30752135229966, 0.17268946147600794, 0.20390214619493396, 0.12775119928765455, -0.31760494465277467, -0.8759512904217994, 1.1526234312677777, -1.004422641571638, -1.7670081610041093, -1.7732382942162137, -1.556325210801504, -0.16872739108629345, -6.555016660738508, 0.8022945094226628, 1.4757643641134675] 
[0.28743959817545783, -3.008641828164924, -0.18947650078912504, -2.9791953646759426, -0.1556365261477095, -0.12442384142878349, 0.456077186911372, -0.6459309322764921, -0.547625302798082, 1.2516447967835125, -0.561079874894856, -2.2289627946142048, -1.5613018524546496, -1.9281746959847599, 0.29930956408317, -6.1607969530631665, 0.5769438690885955, 1.1921300927548422] 
[0.030795073533704143, -3.265286352806678, 0.06716802385262866, -3.2358398893176963, -0.4122810507894632, 0.1322206832129702, 0.1994326622696183, -0.38928640763473843, -0.2909807781563283, 1.0443047672727164, -0.7365432424015649, -2.4125447396086472, -1.838985757297206, -1.5784614904554037, 0.6254774384191766, -6.310167916366194, 0.9872098499202244, 0.7461940774969508] 
[-0.22341754200088704, -3.519498968341269, -0.18704459168196252, -3.4900525048522875, -0.15806843525487202, -0.12199193232162098, 0.4536452778042095, -0.13507379210014725, -0.5451933936909195, 0.7966950269885736, -0.9526415570793945, -2.164266841167506, -1.527498689090135, -1.1040651542186573, 1.114520289344696, -5.911207332711019, 1.4652077851526761, 0.32163843243099727] 
[-0.16954390976747535, -3.4656253361078573, -0.2409182239153742, -3.543926137085699, -0.10419480302146034, -0.17586556455503266, 0.5075189100376212, -0.08120015986673557, -0.5990670259243311, 0.834434864771622, -1.0309876416311812, -2.2554735021379577, -1.468184620528398, -1.1323642183085607, 1.1548541871605438, -5.824332806392642, 1.551879296699558, 0.3665419955322303] 
[-0.5082049646601827, -3.12696428121515, 0.09774283097733316, -3.2052650821929918, 0.23446625187124703, 0.1627954903376747, 0.8461799649303285, -0.41986121475944294, -0.2604059710316238, 0.44107301451678504, -1.3729705970779262, -2.0599215770506047, -1.2813416032067382, -1.426181182251891, 0.8808395424771234, -6.431465009722139, 0.901599347953379, 0.7432724034035566] 
[-0.26832294347426244, -3.36684630240107, -0.14213919020858712, -3.445147103378912, 0.4743482730571673, 0.402677511523595, 1.0860619861162488, -0.17997919357352266, -0.500287992217544, 0.6002775295065552, -1.5387833901467294, -1.7931405403399086, -1.0267676886306094, -1.6094325260933358, 0.7018494623757328, -6.24995730486656, 0.8427995997422336, 0.5187423892120849] 
[0.09503991660341993, -3.7302091624787526, 0.22122366986909525, -3.0817842433012297, 0.8377111331348497, 0.03931465144591262, 0.7226991260385665, 0.18338366650415971, -0.13692513213986168, 1.07871565750359, -1.0934754767982184, -1.9887019805088764, -1.5797532159575747, -2.4276982769043385, 1.4732493357336154, -5.75808529690299, 0.8467935680563903, 0.8818129280193794] 
[-0.24882784557935156, -3.386341400295981, 0.5650914320518667, -2.737916481118458, 1.1815788953176212, 0.3831824136286841, 0.37883136385579497, -0.16048409567861177, 0.2069426300429098, 1.4470599120114631, -1.4035923627590643, -1.8721980782467964, -1.9098713722656235, -2.236171708690939, 1.6961592815933713, -4.693332043870781, 1.94939087634367, 1.3750740869551894] 
[-0.2835853754233948, -3.4210989301400243, 0.59984896189591, -2.7726740109625014, 1.146821365473578, 0.41793994347272734, 0.34407383401175173, -0.195241625522655, 0.17218510019886657, 1.3994261054072812, -1.4574840407978256, -1.9112878229837802, -1.8965666885838035, -2.2141137266473967, 1.7101298766640138, -4.71897558898785, 1.9708685463064826, 1.406710945033337] 
[-0.4474356567844058, -3.5849492115010353, 0.435998680534899, -2.6088237296014904, 0.982971084112567, 0.5817902248337383, 0.5079241153727627, -0.359091906883666, 0.33603538155987756, 1.6521142222832708, -1.1271595124228648, -1.4606664220010197, -1.472630908230166, -2.4756495925874735, 1.7690446071062997, -4.594527510452269, 1.8099642013062616, 1.599513075539879] 
[-0.2543440657935878, -3.3918576205102173, 0.629090271525717, -2.8019153205923084, 0.789879493121749, 0.38869863384292036, 0.7010157063635807, -0.16600031589284803, 0.5291269725506955, 1.5596689146079012, -0.8696366219573719, -1.1738117626859905, -1.4620270626127512, -2.904257343417018, 2.1577812084997756, -4.823779078552976, 1.4428329166349252, 1.8990305277157673] 
[-0.23332561223709436, -3.370839166953724, 0.6501087250822104, -2.780896867035815, 0.7688610395652555, 0.4097170873994138, 0.6799972528070872, -0.14498186233635457, 0.5081085189942021, 1.5438357460820933, -0.8483655918143933, -1.1525934235636315, -1.4693248261105987, -2.9164685426100614, 2.1458028770528275, -4.816556353205183, 1.4235460026836269, 1.9221513591298776] 
[-0.058915139632953695, -3.5452496395578645, 0.8245191976863511, -2.9553073396399556, 0.5944505669611149, 0.5841275600035545, 0.8544077254112279, 0.029428610267786093, 0.3336980463900614, 1.7718229962548002, -0.6104213282584751, -1.0832764922996176, -1.7358104046482707, -2.271107978189842, 1.4467510784555988, -5.443358533558093, 0.9035299666954747, 1.7987790994077182] 
[0.18501684126918616, -3.7891816204600044, 0.5805872167842112, -2.7113753587378158, 0.350518586058975, 0.3401955791014146, 1.0983397063133677, 0.27336059116992595, 0.08976606548792154, 1.5238563519260093, -0.6849319501217026, -0.39639882589833975, -1.0383588106792612, -2.249558256058399, 1.7728780087978326, -5.1364075130025615, 0.8481559409724831, 1.5538362041084572] 
[-0.08386344636784915, -4.05806190809704, 0.8494675044212465, -2.4424950711007805, 0.0816382984219397, 0.07131529146437932, 0.8294594186763324, 0.004480303532890639, 0.35864635312495685, 1.8017928850369742, -0.7466574607350239, -0.9809572469569792, -1.7553477374342565, -1.5910138392613464, 1.2466051311078565, -5.582677640830474, 0.7215411259344092, 1.2694631469622022] 
[0.24217195203002828, -3.7320265096991623, 0.5234321060233691, -2.768530469498658, -0.24439709997593773, -0.2547201069334981, 0.503424020278455, -0.3215550948649868, 0.03261095472707942, 2.147562138425455, -0.35957961553804396, -0.8978105883055665, -1.1634185318851387, -2.1501023981331944, 0.9628933077664781, -5.425976107082582, 0.5098632473881236, 0.9428280808660597] 
[0.24174376331521086, -3.731598320984345, 0.5238602947381865, -2.7689586582134753, -0.2439689112611203, -0.2542919182186807, 0.5038522089932724, -0.32112690615016937, 0.033039143441896845, 2.1479206983388854, -0.3592300934441812, -0.897826049131252, -1.1627742776380998, -2.1508273468875596, 0.9624373165128595, -5.426584441535264, 0.5092360674803313, 0.9425734238134591] 
[0.07930529778933715, -3.569159855458471, 0.3614218292123128, -2.6065201926876016, -0.08153044573524659, -0.09185345269280698, 0.3414137434673987, -0.15868844062429566, 0.19547760896777056, 2.3146753552493493, -0.3809278756086397, -1.2205760001835104, -1.5506595463167963, -1.8222993028705718, 1.1802684980064542, -5.3510746695298845, 0.4182057934024015, 0.8052830607191545] 
[-0.1856965619866624, -3.3041579956824716, 0.09641996943631326, -2.871522052463601, 0.18347141404075296, 0.17314840708319257, 0.6064156032433983, 0.10631341915170389, -0.069524250808229, 2.0297245476921724, -0.10420656588701172, -1.2433944710244818, -1.0622572515781894, -2.305529859239158, 1.3801820435937362, -4.986830244355361, 0.771963477579148, 1.018612713435731] 
[-0.10229722947749909, -3.387557328191635, 0.013020636927149942, -2.9549213849727645, 0.10007208153158964, 0.08974907457402925, 0.6898149357525616, 0.022914086642540576, 0.013875081700934322, 2.0971696541348925, -0.1917724313519353, -1.3473225798078658, -1.135048169345219, -2.382602222369916, 1.453385641027615, -5.155986498190239, 0.6000892110030107, 1.0870620416140502] 
[0.1694632659179025, -3.1157968327962333, -0.25873985846825165, -2.683160889577363, -0.17168841386381195, 0.36150956996943084, 0.41805444035716, 0.29467458203794217, 0.2856355770963359, 2.349790885402367, -0.3850096771567798, -1.1264201070971067, -1.461925899451975, -2.069252509269247, 1.6453282364389057, -5.8709164322241865, -0.12012100071036513, 1.3460950908350489] 
[-0.0014315335785528571, -2.944902033299778, -0.429634657964707, -2.8540556890738182, -0.3425832133602673, 0.19061477047297548, 0.5889492398536154, 0.1237797825414868, 0.11474077759988055, 2.2046716089725766, -0.537891933403028, -0.8638125743883842, -1.8453943314510217, -1.707847819299194, 1.8467864600167057, -5.937568587946963, -0.009812577052121671, 1.2032917619065944] 
[0.22959811634705685, -3.1759316832253877, -0.1986050080390973, -2.6230260391482085, -0.573612863285877, -0.04041487945263422, 0.35791958992800565, -0.1072498673841229, 0.34577042752549025, 2.4352566311920585, -0.854593842931483, -0.37977551669171244, -2.347622364980204, -1.371886246863057, 1.7929534462492502, -5.459541934376114, 0.46128858996115146, 1.020308905410891] 
[0.055274356348836706, -3.350255443223608, -0.37292876803731745, -2.4487022791499884, -0.3992891032876569, 0.13390888054558592, 0.18359582992978551, -0.28157362738234304, 0.1714466675272701, 2.2950940404659215, -1.004784493276684, -0.6161555209415346, -2.014016795217565, -1.6629718982547321, 1.8341273182069782, -5.58331205734281, 0.6103060273251733, 0.8319288137771725] 
[-0.4642937220511836, -2.8306873648235875, 0.14663931036270283, -2.9682703575500087, -0.9188571816876772, -0.38565919785443437, 0.7031639083298058, 0.23799445101767724, -0.34812141087275017, 1.7555051029425637, -0.6343561348315027, -1.5418367434672136, -0.27301538438522255, -3.4283979260695983, 0.8501904385499891, -5.095709251684914, 1.1110446985309765, 1.216701881853187] 
[-0.375332089024236, -2.919648997850535, 0.23560094338965043, -2.879308724523061, -1.0078188147146248, -0.29669756482748677, 0.6142022753028582, 0.14903281799072965, -0.2591597778458026, 1.9333125624218352, -0.42595584278860105, -1.7030906914766297, -0.38904734005396907, -3.3803401352187756, 1.0225004225821446, -5.374192960947986, 0.8370676138102133, 1.0814255226762364] 
[-0.525476764260669, -3.069793673086968, 0.3857456186260835, -2.729164049286628, -1.1579634899510578, -0.14655288959105373, 0.46405760006642516, 0.2991774932271627, -0.4093044530822356, 1.7141927725902633, -0.6188447722890887, -1.8819094777764744, -0.6941062540246887, -2.5213241292672746, 1.8775189011429143, -5.640264544239823, 0.8244138488347807, 0.929796661645133] 
[-0.2558616480591762, -2.8001785568854753, 0.11613050242459066, -2.4595489330851352, -0.888348373749565, -0.41616800579254654, 0.733672716267918, 0.5687926094286555, -0.1396893368807428, 1.1651945397038488, -1.1772390085976019, -1.6367362043921376, -0.8585814034812982, -2.661230555323723, 2.0042396048086695, -5.1297636445991435, 1.409421923926869, 1.3408628464810857] 
[0.04207715976283777, -3.0981173647074893, -0.18180830539742332, -2.757487740907149, -0.590409565927551, -0.11822919797053255, 1.031611524089932, 0.8667314172506695, 0.15824947094127118, 1.5988090756168396, -0.6083010374544824, -2.1576387467677036, -1.329514962390249, -2.33495814991204, 1.7181463750588315, -4.242958887361429, 2.445603278034925, 2.049278326822021] 
[0.22938893559646556, -2.9108055888738615, 0.005503470436204472, -2.944799516740777, -0.7777213417611788, -0.30554097380416034, 0.8442997482563042, 1.0540431930842973, 0.34556124677489897, 1.7947809537216801, -0.8143712993808658, -1.9112468286107878, -1.6297349346100627, -2.100952364374384, 1.629914316673409, -3.8284024785898136, 2.8495247822190364, 2.0180661214133164] 
[-0.03363002019344097, -3.173824544663768, 0.268522426226111, -2.6817805609508705, -1.0407402975510853, -0.5685599295940669, 0.5812807924663976, 0.7910242372943908, 0.08254229098499244, 2.151185141260685, -1.2362534424404295, -1.5522243496917072, -1.2433964318947321, -2.972612828731477, 0.7844673252159046, -3.7553122953321387, 3.462068329819197, 2.6139301068403955] 
[0.14412590934872793, -2.996068615121599, 0.4462783557682799, -2.5040246314087016, -0.8629843680089164, -0.7463158591362358, 0.40352486292422873, 0.6132683077522219, -0.09521363855717646, 2.3229028542033787, -1.4159290234433475, -1.7998724591121984, -1.5140405848613585, -2.8152573119295, 0.6632942666596279, -3.5533881878260822, 3.45161937696407, 2.7854975006248064] 
[0.2197542284191567, -3.071696934192028, 0.5219066748387087, -2.428396312338273, -0.9386126870793452, -0.8219441782066645, 0.4791531819946575, 0.5376399886817931, -0.17084195762760523, 2.2366343717221024, -1.3410559378688256, -1.699335110645343, -1.413206678387174, -2.7886346090133523, 0.6324989082123833, -3.6344268520624836, 3.3756407021826718, 2.8210911629978885] 
[0.27472917289455023, -3.0167219897166344, 0.5768816193141022, -2.4833712568136663, -0.8836377426039517, -0.8769191226820581, 0.424178237519264, 0.5926149331571866, -0.22581690210299876, 2.3073993838102975, -1.4136681383019785, -1.6612736047291274, -1.469583450043152, -2.741736985899631, 0.5675654070311569, -3.557780859855446, 3.3635160110509363, 2.8706363841281717] 
[0.033516049376829615, -3.257935113234355, 0.8180947428318228, -2.724584380331387, -0.642424619086231, -0.6357059991643375, 0.6653913610369846, 0.351401809639466, -0.4670300256207194, 2.5126791432038553, -1.280173200277066, -1.139136638442863, -0.7820515932568847, -3.426738437884242, 0.0045943829199251995, -3.4366074358961924, 3.877310459883505, 3.3667479464574073] 
[-0.05001807846132311, -3.3414692410725078, 0.9016288706699755, -2.641050252493234, -0.5588904912480783, -0.7192401270024902, 0.7489254888751373, 0.26786768180131326, -0.5505641534588721, 2.4270561831288573, -1.217413925309406, -1.4370165538594235, -1.1129608928887227, -3.201447010267391, 0.1597721068418418, -3.36264030728734, 3.9812207935852992, 3.3083379188251065] 
[-0.4826986335366701, -3.7741497961478547, 0.4689483155946286, -3.073730807568581, -0.9915710463234253, -0.2865595719271432, 0.31624493379979035, 0.7005482368766602, -0.9832447085342191, 2.0158424210458756, -0.7793325131247915, -1.2293046051909982, -1.5264402826550856, -2.722514843569734, -0.00627470496717869, -3.604682596510338, 4.229644342692017, 2.9166989579943445] 
[-0.8448092281897839, -3.412039201494741, 0.10683772094151478, -3.435841402221695, -1.353681640976539, 0.07555102272597058, -0.04586566085332344, 1.062658831529774, -1.3453553031873329, 1.4237088972386565, -1.393771441601182, -1.2949304713139709, -1.9133740274055773, -2.693603200769965, 0.46594996918355697, -4.1960537426905145, 3.5288569468185753, 2.3165884478871046] 
[-0.868941576825814, -3.387906852858711, 0.13097006957754487, -3.411709053585665, -1.329549292340509, 0.0514186740899405, -0.021733312217293355, 1.0867911801658041, -1.369487651823363, 1.3405412943923711, -1.4756895770303189, -1.282739347269189, -1.8879009201449923, -2.6913195128554426, 0.4925988131521846, -4.17214318194391, 3.5582853580945137, 2.3464619135160816] 
[-0.6599026311398919, -3.1788679071727888, 0.34000901526346694, -3.620747999271587, -1.120510346654587, 0.26045761977586257, -0.23077225790321543, 1.2958301258517262, -1.578526597509285, 2.123679526791007, -0.7005055675401707, -1.3714458245678083, -1.8932788756915948, -5.912331387849898, -2.7297987670066743, -4.418202281360159, 3.306871866383292, 2.0929370705089707] 
[-0.7127336589662707, -3.2316989349991676, 0.2871779874370881, -3.673579027097966, -1.1733413744809658, 0.3132886476022414, -0.1779412300768366, 1.348661153678105, -1.5256955696829062, 1.9855356588697222, -0.8397658982269691, -1.4363095248570432, -1.9208957168367198, -5.677632529838159, -2.487447398763206, -4.341801020705211, 3.354738030856874, 2.145421424034346] 
[-0.6616860222274557, -3.1806512982603525, 0.23613035069827304, -3.6225313903591507, -1.2243890112197808, 0.36433628434105647, -0.12689359333802153, 1.39970879041692, -1.5767432064217213, 2.0120478549246803, -0.8774401832997355, -1.4959302540626735, -1.9460415538243725, -5.463101365634065, -2.2649199311819244, -4.262538147085077, 3.298434905712478, 2.0919368029976897] 
[-0.837292233356769, -3.356257509389666, 0.41173656182758633, -3.4469251792298374, -1.3999952223490941, 0.5399424954703698, -0.3024998044673348, 1.5753150015462334, -1.401136995292408, 2.473880009843672, -0.4112584268567366, -1.2615565081572844, -1.7298535493944425, -5.51543124547971, -2.149073901787825, -4.420750016650174, 3.124987163239902, 2.268551249562079] 
[-0.6833292138261509, -3.2022944898590477, 0.25777354229696825, -3.6008881987604555, -1.246032202818476, 0.3859794759397517, -0.14853678493671674, 1.4213519820156153, -1.24717397576179, 2.3326693986577367, -0.39368788487271505, -1.5209739169355316, -2.0187835767965994, -6.331711305545701, -2.9538602780673506, -4.334069411857602, 2.9924978735080607, 2.4011598551216573] 
[-0.41713802509498765, -3.468485678590211, -0.008417646434194959, -3.3346970100292923, -1.5122233915496393, 0.11978828720858847, 0.11765440379444647, 1.155160793284452, -1.513365164492953, 2.478785251008177, -0.5842185215054226, -1.8820219741707995, -2.396662925213875, -6.546194386263411, -2.822483011979536, -4.0479935470805986, 2.782987852992489, 2.602194291301615] 
[-0.12854323826106184, -3.179890891756285, 0.28017714039973085, -3.0461022231953665, -1.2236286047157134, 0.4083830740425143, 0.4062491906283723, 0.8665660064505263, -1.2247703776590273, 1.948248491735927, -1.214783326388799, -2.353506061304958, -2.6801636498491375, -6.421093246820534, -2.9872895663926085, -3.745544794194603, 3.1017317031844454, 2.9074114275692584] 
[-0.12449254247609676, -3.1839415875412502, 0.27612644461476576, -3.0420515274104014, -1.2195779089307484, 0.41243376982747937, 0.41029988641333737, 0.8625153106655612, -1.2207196818740622, 1.9436181676435147, -1.219308295205957, -2.350249185783184, -2.6824492751920634, -6.448975243126997, -3.0151130384569873, -3.7440941292394077, 3.1053661301641795, 2.904223693977032] 
[-0.16368903773143972, -3.1447450922859073, 0.31532293987010873, -3.0028550321550584, -1.1803814136754054, 0.45163026508282234, 0.3711033911579944, 0.8233188154102182, -1.2599161771294052, 1.8991200304558302, -1.2620428321630461, -2.301201057280925, -2.6397289073940886, -6.151965339555971, -2.7122743217055025, -3.669661130765778, 3.0924923688842316, 2.940345166595544] 
[-0.01951938310475998, -3.288914746912587, 0.4594925944967885, -2.8586853775283787, -1.3245510683020851, 0.3074606104561426, 0.5152730457846741, 0.967488470036898, -1.404085831756085, 2.071452874738707, -1.089218232727451, -2.107795145811368, -2.481088259967482, -5.253962139041098, -1.7878373309660311, -3.4094432083267705, 2.970568548911889, 2.7706843245173274] 
[-0.03917051476965017, -3.308565878577477, 0.4398414628318983, -2.878336509193269, -1.304899936637195, 0.3271117421210328, 0.5349241774495643, 0.9478373383720078, -1.423736963420975, 2.0522707162441183, -1.0649275592755738, -2.0697085395696955, -2.444909561821144, -5.2618909025935094, -1.8164235694665714, -3.4390015263241507, 2.9402760792157983, 2.747431335004959] 
[-0.258326095526775, -3.0894102978203524, 0.22068588207477347, -2.659180928436144, -1.5240555173943198, 0.5462673228781576, 0.7540797582066892, 0.728681757614883, -1.6428925441781, 1.8433726037445193, -0.7992992324112642, -1.7067509293449328, -2.188655476970437, -3.4832611108935785, -0.030773913271101128, -3.4753751933430514, 3.128724852320872, 2.547569313125031] 
[-0.3506948508307477, -3.181779053124325, 0.12831712677080076, -2.5668121731321714, -1.6164242726982925, 0.6386360781821303, 0.6617110029027164, 0.8210505129188557, -1.5505237888741272, 1.717718843399719, -0.9297699189507597, -1.583881381142936, -2.0643048678710745, -3.8703807429885213, -0.4171108586434765, -3.546339484686636, 3.193431220903609, 2.452938245121983] 
[-0.6797922982556439, -3.5108765005492213, -0.20078032065409546, -2.8959096205570676, -1.9455217201231887, 0.3095386307572341, 0.33261355547782023, 0.49195306549395945, -1.221426341449231, 1.2119506783659508, -1.4444351488062668, -1.9032604473753927, -1.794287544631139, -4.879018881544389, -1.4364089835419889, -3.024421654783796, 3.701920506159881, 2.78798730352032] 
[-0.3694527292253713, -3.2005369315189487, 0.10955924837617714, -2.585570051526795, -2.2558612891534615, -0.0008009382730385095, 0.6429531245080928, 0.18161349646368685, -0.9110867724189584, 1.3079495998712596, -1.8100463275835115, -2.3087966130603577, -1.8240676340098736, -2.501514806343527, 0.9709533093306062, -3.526688622924471, 3.9272717519253524, 3.132766370531691] 
[-0.5058772264076363, -3.0641124343366837, -0.02686524880608787, -2.44914555434453, -2.1194367919711965, -0.13722543545530352, 0.7793776216903578, 0.31803799364595187, -0.7746622752366934, 1.0912398130271204, -2.0327652954323456, -2.458512484116535, -1.8362523493047618, -2.9073789629354003, 0.5674498300335318, -3.850768318683103, 3.609328171143307, 3.2410227920222403] 
[-0.0959928048057701, -2.6542280127348175, 0.38301917279577835, -2.859029975946396, -1.7095523703693303, 0.2726589861465627, 0.3694932000884916, 0.7279224152478181, -1.1845466968385596, 0.832887846059527, -1.7191122180963156, -2.8808301600990727, -2.2629628383791887, -2.9840879351264844, 0.037790621752002984, -5.227565837687056, 2.1878662440627954, 2.6051688351434876] 
[0.08375723709203808, -2.4744779708370093, 0.20326913089797016, -2.679279934048588, -1.529802328471522, 0.09290894424875451, 0.18974315819068344, 0.9076724571456263, -1.3642967387363678, 1.0413207628229146, -1.3804161257384877, -3.207623843635493, -2.264863638853109, -5.1652755586137635, -2.1471626383523827, -5.017881496024405, 2.0108821590403134, 2.384053723581393] 
[-0.10710560997793794, -2.2836151237670332, 0.3941319779679462, -2.488417086978612, -1.7206651755414981, -0.09795390282122152, -0.0011196888792925908, 0.7168096100756502, -1.5551595858063438, 0.8798738595260825, -1.8279864297425037, -2.764940608762456, -2.3948374616542276, -5.056501261371269, -2.2419672793348226, -5.231063288454742, 1.8208773265108984, 2.5447660932541574] 
[-0.3611417643805044, -2.5376512781695997, 0.6481681323705126, -2.2343809325760455, -1.9747013299440646, 0.15608225158134492, -0.25515584328185903, 0.4627734556730838, -1.3011234314037774, 1.0792967329604006, -2.6091817800737545, -1.9858361630887056, -2.4825083325019985, -4.92539520782876, -2.3898703895429048, -4.979402260720237, 2.077338748950015, 2.801436784621921] 
[-0.18945468469438853, -2.7093383578557155, 0.4764810526843968, -2.4060680122621614, -1.8030142502579487, -0.01560482810477093, -0.08346876359574318, 0.29108637598696796, -1.4728105110898932, 1.2473529466475233, -2.621665950039138, -2.2463368103898813, -2.789945478012399, -5.152345613260581, -2.3530194368996606, -4.8464737950220185, 2.2412994473200363, 2.9919934273979427] 
[0.023098115995066282, -2.4967855571662607, 0.26392825199494196, -2.618620812951616, -1.590461449568494, -0.22815762879422574, 0.12908403709371163, 0.5036391766764228, -1.2602577104004384, 1.0840767389715729, -2.3335022394152203, -2.529521888253493, -2.6775135168196567, -5.244698424877857, -2.2078023117930146, -5.043251296820302, 2.0502576647019866, 3.199201160897819] 
[0.28101277587384144, -2.754700217045036, 0.0060135921161668104, -2.360706153072841, -1.848376109447269, 0.029757031084549412, -0.12883062278506352, 0.24572451679764762, -1.0023430505216633, 0.8239423930999685, -2.213250994443201, -2.2839248666562746, -2.359525727643616, -3.587564934738364, -0.5529914121100235, -5.330584556860022, 1.7159178399457342, 2.8923903805047675] 
[0.31924737295120775, -2.792934814122402, 0.04424818919353313, -2.3989407501502074, -1.8101415123699027, -0.008477565992816904, -0.16706521986242984, 0.2074899197202813, -1.0405776475990296, 0.8731112662762307, -2.2558249161437676, -2.3067899800384586, -2.3756566025165373, -3.472502474191272, -0.4359154198649665, -5.36483294296707, 1.6763158489834205, 2.849012741529137] 
[0.2346877077185685, -2.708375148889763, -0.04031147603910612, -2.4835004153828466, -1.894701177602542, 0.07608209923982234, -0.08250555462979059, 0.29204958495292055, -0.9560179823663904, 1.0079600119402112, -2.426314736394181, -2.1643642192847032, -2.2901823486972157, -3.4940265856913224, -0.36696265601666894, -5.467333367625495, 1.7874133530938079, 2.944985498431065] 
[0.28677057465916644, -2.760458015830361, -0.09239434297970406, -2.4314175484422487, -1.94678404454314, 0.023999232299224404, -0.03042268768919265, 0.2399667180123226, -0.9039351154257924, 1.0546997573903465, -2.400998752605067, -2.1229327548690002, -2.27899832008052, -3.6981400349577136, -0.5731614920679523, -5.406374490967391, 1.7377939564382932, 2.9888564368392343] 
[0.019608789225111112, -2.4932962303963055, -0.3595561284137594, -2.698579333876304, -2.2139458299771952, 0.29116101773327974, -0.297584473123248, 0.5071285034463779, -1.1710969008598477, 1.2238180761422985, -2.027584192133255, -2.547004392198562, -1.9055662532070075, -3.3678549980384345, -0.6098862152102811, -5.12939160768175, 1.4162527005398293, 2.674448521960412] 
[0.11756998179966272, -2.591257422970857, -0.457517320988311, -2.7965405264508556, -2.311907022551747, 0.19319982515872813, -0.19962328054869638, 0.6050896960209295, -1.0731357082852961, 1.1296742953126482, -2.271829273462115, -2.285540404475673, -2.006112603462229, -3.103272380856596, -0.3343518061036526, -5.095009217714121, 1.4904958309340617, 2.5899021172269983] 
[0.054168374622290516, -2.6546590301482293, -0.5209189281656832, -2.7331389192734834, -2.375308629729119, 0.12979821798135593, -0.2630248877260686, 0.5416880888435573, -1.009734101107924, 1.20907054680749, -2.431807741134155, -2.0953067981604176, -2.1536966852690504, -3.1851835003205813, -0.317141756137769, -5.170698957047849, 1.553608361395644, 2.543298120438951] 
[-0.1008314413534197, -2.8096588461239396, -0.365919112189973, -2.578139103297773, -2.220308813753409, 0.28479803395706615, -0.4180247037017788, 0.3866882728678471, -0.8547342851322137, 1.381946841125711, -2.805409074265675, -1.576306754165872, -2.680376731499144, -3.8385888990685126, -0.8997710970447743, -5.000901886603406, 1.7241236513337694, 2.743467364177927] 
[-0.11772307709142882, -2.8265504818619487, -0.34902747645196386, -2.561247467559764, -2.2034171780153997, 0.26790639821905704, -0.4011330679637697, 0.40357990860585624, -0.8716259208702228, 1.396373216630037, -2.8313139166531367, -1.5420010998240197, -2.7138445828083544, -3.8610172663565936, -0.8927161073234019, -5.030880151279723, 1.7573548606947593, 2.7678770601047216] 
[0.056421335836405406, -2.6524060689341145, -0.17488306352412963, -2.7353918804875983, -2.377561590943234, 0.44205081114689126, -0.22698865503593546, 0.5777243215336905, -1.045770333798057, 1.2006645043976323, -3.0244199249498993, -1.5520071973926792, -3.1121285871678737, -4.605680228141692, -1.5833622735093784, -4.807489409168857, 1.902522358182406, 2.9757991194526223] 
[0.025529980810845787, -2.621514713908555, -0.14399170849857001, -2.7045005254620387, -2.3466702359176743, 0.41115945612133165, -0.19609730001037584, 0.5468329665081308, -1.0148789787724974, 1.23242463853421, -3.041873152704158, -1.5845157147429478, -3.043514857926963, -4.48773720672095, -1.465380427504497, -4.8717423341484025, 1.8899225200646168, 3.0033299397262496] 
[0.2082752226480704, -2.43876947207133, 0.03875353333865461, -2.8872457672992633, -2.529415477754899, 0.22841421428410702, -0.013352058173151216, 0.3640877246709062, -0.8321337369352728, 1.057505223789593, -3.3951515457506996, -1.2297717530171435, -3.0285460354282194, -4.923183671513033, -1.8990699433808584, -4.8979320854177955, 1.6441857555370825, 2.754445005970445] 
[0.16054808802292198, -2.4864966066964787, 0.08648066796380305, -2.839518632674115, -2.4816883431297505, 0.18068707965895858, 0.03437507645199722, 0.3163605900457578, -0.7844066023101244, 1.0032647529162673, -3.3538682708610748, -1.2060326405723811, -2.9551430863772303, -4.801702607222769, -1.790802922783969, -4.869499064886917, 1.5810418868364084, 2.6915798486187876] 
[0.007273182331396955, -2.3332217010049536, -0.06679423772772197, -2.68624372698259, -2.3284134374382255, 0.027412173967433562, 0.18764998214352224, 0.16308568435423276, -0.9376815080016494, 1.1749490308462633, -3.499090721885007, -1.2557967317407932, -2.702811662345707, -4.364780981340299, -1.400775996986022, -4.765138318133941, 1.7810911650340169, 2.888880759754487] 
[0.305102823583437, -2.6310513422569937, 0.23103540352431806, -2.38841408573055, -2.6262430786902655, -0.27041746728460647, 0.4854796233955623, 0.4609153256062728, -1.2355111492536894, 1.4781684807955984, -4.572035695232371, -0.18364348410976183, -2.7066811869622804, -5.218110446846088, -2.250708691542145, -5.005371001478253, 2.0086348443241677, 2.6125261322626363] 
[0.29037293344817283, -2.6163214521217295, 0.24576529365958222, -2.403143975865814, -2.6115131885550014, -0.28514735741987063, 0.4707497332602981, 0.47564521574153695, -1.2207812591184253, 1.501382577302816, -4.604407610983206, -0.15816849682283793, -2.7337278664919475, -5.245780491073925, -2.242833782811865, -4.992082558893663, 2.0010361356110398, 2.626272477892403] 
[0.7426590126605757, -2.1640353729093267, 0.698051372871985, -2.855430055078217, -3.063799267767404, 0.1671387217925322, 0.018463654047895295, 0.9279312949539398, -0.7684951799060225, 2.100587781771463, -5.197513173906171, -0.17449958956113854, -1.7087400995833526, -4.224600719362986, -2.266510660244183, -4.70447657551486, 1.5886619764415992, 2.1162771665213933] 
[0.8060288644247511, -2.1006655211451513, 0.7614212246361605, -2.7920602033140414, -3.1271691195315796, 0.10376887002835677, 0.08183350581207072, 0.9913011467181152, -0.8318650316701979, 2.191422418859322, -5.270160425384012, -0.22806131217871892, -1.778904251585427, -4.170477595404301, -2.1865242283226958, -4.780685139108691, 1.6276447797240443, 2.0753357634346425] 
[0.2665631998861049, -1.561199856606505, 1.3008868891748067, -3.3315258678526876, -2.5877034549929334, -0.4356967945102894, 0.6212991703507169, 0.451835482179469, -0.2923993671315517, 1.6324397516608906, -5.216642675890749, -1.127890318985816, -2.8081751489293367, -4.957174856031244, -1.6012311056303674, -5.32735874968298, 2.822781863301553, 3.286058003664177] 
[0.5318453020943832, -1.2959177543982268, 1.0356047869665284, -3.596807970060966, -2.8529855572012117, -0.17041469230201112, 0.3560170681424386, 0.7171175843877473, -0.55768146933983, 1.3676907679171306, -5.005743872177644, -0.9190608706680983, -2.5652559361945793, -4.47914899604712, -1.1247153010341162, -5.370589745843172, 2.997554302064356, 3.0801906235320247] 
[0.2416844304305752, -1.5860786260620348, 0.7454439153027204, -3.306647098397158, -2.5628246855374037, -0.4605755639658191, 0.6461779398062466, 1.0072784560515553, -0.847842341003638, 1.146750000975144, -4.50286938965756, -1.4937474109833815, -2.2229559394491294, -4.1610660759983755, -0.7218244988674472, -5.156686125599017, 2.465865650125779, 2.5121327881134485] 
[0.38096060429109113, -1.4468024522015188, 0.8847200891632363, -3.167370924536642, -2.7021008593979197, -0.599851737826335, 0.7854541136667625, 1.1465546299120712, -0.9871185148641539, 1.287798925545357, -4.987558672990007, -1.0102564790269233, -2.3733085127864397, -4.002558770736349, -0.7134754866529943, -4.917635817410708, 2.8035455252149997, 2.8021983034354623] 
[0.3535505872627891, -1.4742124692298209, 0.8573100721349343, -3.13996090750834, -2.7295108764262217, -0.6272617548546371, 0.7580440966384605, 1.1739646469403733, -0.9597084978358519, 1.2596198152435425, -5.004283758688293, -1.0307864148325743, -2.343199789981292, -4.052283322397874, -0.7757674557555868, -4.965873662651784, 2.8105101531858945, 2.777261559518689] 
[0.4421391507763215, -1.3856239057162885, 0.7687215086214019, -3.2285494710218723, -2.6409223129126893, -0.5386731913411047, 0.6694555331249281, 1.0853760834268409, -0.8711199343223195, 1.163426026647966, -5.232064522607518, -0.8082807128694296, -2.2706867556445713, -3.9012329099315464, -0.5833655653634509, -4.825473731116924, 2.7020713402703147, 2.6470026415577825] 
[0.5471919448199085, -1.4906766997598755, 0.8737743026649889, -3.3336022650654593, -2.5358695188691023, -0.6437259853846917, 0.7745083271685151, 0.9803232893832539, -0.9761727283659065, 1.2757492979378018, -5.139774323946147, -0.774437657965317, -2.1744191404363478, -3.819616557667202, -0.6276171015809339, -4.748116424878611, 2.6534703376729327, 2.7303482780677033] 
[0.40547327888698104, -1.632395365692803, 0.7320556367320614, -3.475320930998387, -2.394150852936175, -0.5020073194517642, 0.9162269931014426, 1.1220419553161813, -1.117891394298834, 1.4142965058954118, -5.215936310851185, -0.8838485667280851, -2.0198535117420944, -3.8817385835060367, -0.41474409934642076, -4.467609804763491, 2.8580470300878282, 2.656674044264627] 
[0.3856524586202863, -1.6125745454261082, 0.7122348164653667, -3.455500110731692, -2.37433003266948, -0.521828139718459, 0.9360478133681374, 1.141862775582876, -1.0980705740321393, 1.3959364560700818, -5.276093381332688, -0.8240678954376012, -2.0476081674667723, -3.824334707874685, -0.3568002783571125, -4.440598859264934, 2.8406136586303674, 2.6326687138467535] 
[0.47565318833879044, -1.522573815707604, 0.6222340867468625, -3.365499381013188, -2.464330762387984, -0.43182740999995484, 1.0260485430866415, 1.2318635053013802, -1.1880713037506434, 1.4852260132406196, -5.230827136882327, -0.7622272811044927, -1.9105624620818393, -4.094436542304274, -0.6311764933890147, -4.58055062032077, 2.8696349430094505, 2.5497936331866544] 
[0.42189375185236355, -1.576333252194031, 0.6759935232332894, -3.311739944526761, -2.518090198874411, -0.37806797351352794, 1.0798079795730684, 1.1781040688149533, -1.2418307402370703, 1.4271857147725333, -5.4247642198599095, -0.5697265134250152, -1.8670673539577884, -4.0589404164118355, -0.6530671118855987, -4.50853954117873, 2.954634728412494, 2.619066639518736] 
[0.48289398901405645, -1.6373334893557239, 0.7369937603949823, -3.372740181688454, -2.579090436036104, -0.43906821067522084, 1.0188077424113755, 1.1171038316532604, -1.3028309773987632, 1.36666538205673, -5.636427831645788, -0.3578306333906319, -1.7908137394179222, -4.194435474214313, -0.7770689749787283, -4.4415671776816215, 3.029538982971993, 2.5686076388646026] 
[0.8215674803668425, -1.2986599980029379, 0.3983202690421963, -3.034066690335668, -2.240416944683318, -0.10039471932243482, 0.6801342510585895, 1.4557773230060465, -0.9641574860459772, 1.034323533932623, -5.841512237826989, -0.5462999920832459, -1.422889810353022, -4.455388896834225, -0.4992989585425191, -4.114290062981667, 2.8407428820605607, 2.883720386755227] 
[0.6122683538711702, -1.0893608715072656, 0.18902114254652402, -2.8247675638399956, -2.0311178181876457, 0.10890440717323746, 0.4708351245629172, 1.2464781965103742, -1.1734566125416495, 1.1408649761497267, -6.363623890845939, 0.005720523116416354, -1.6836117802850892, -4.36098596403477, -0.6267979303957169, -3.936878014910731, 2.482582398076219, 2.5167144141535753] 
[0.551131002560646, -1.1504982228177898, 0.25015849385704825, -2.88590491515052, -2.09225516949817, 0.17004175848376168, 0.409697773252393, 1.3076155478208984, -1.2345939638521737, 1.0028217608189853, -6.652605017021078, 0.27397545172895454, -1.6986757828262231, -4.758398303826195, -1.0217365893524886, -3.995426553870104, 2.382335345023048, 2.422808051047325] 
[0.4482394362714299, -1.2533897891070058, 0.14726692756783222, -2.988796481439736, -1.989363603208954, 0.06715019219454565, 0.30680620696317695, 1.4105071141101144, -1.1317023975629577, 0.9027595607122739, -6.639363057935491, 0.36456959064198974, -1.6749507202234906, -5.334427674857562, -1.5974876529894084, -4.039455804622319, 2.522783345199835, 2.5667360785512905] 
[0.6721932482526445, -1.4773436010882204, -0.07668688441338234, -2.7648426694585213, -2.2133174151901684, -0.1568036197866689, 0.5307600189443915, 1.1865533021288999, -1.3556562095441722, 0.4548504676072597, -8.295109998572373, 1.9836109858936037, -1.5156916691925921, -5.1940859896905875, -1.701104217526638, -3.8044678442342583, 2.696197209400544, 2.4121604120479114] 
[0.38181784602353486, -1.76771900331733, -0.36706228664249196, -2.4744672672294117, -2.503692817419278, -0.4471790220157785, 0.8211354211735011, 1.4769287043580095, -1.6460316117732818, 0.17160459996328958, -8.172416894208729, 2.1782971662102777, -1.5738875719124628, -4.143670463336996, -0.6500691465640072, -3.9496531183432073, 3.0183102744750903, 2.7575168367864005] 
[0.2724287007823254, -1.6583298580761205, -0.2576731414012825, -2.583856412470621, -2.3943036721780686, -0.556568167256988, 0.7117462759322917, 1.586317849599219, -1.5366424665320724, 0.005160586836619907, -7.3897890564690005, 1.400006193341933, -1.4993183173727618, -4.31125757897507, -0.8700474075024093, -4.118197240107823, 2.9037755261711835, 2.6539679096196993] 
[0.24608191311443162, -1.6846766457440143, -0.2840199290691763, -2.610203200138515, -2.4206504598459624, -0.5302213795890942, 0.7380930636001855, 1.5599710619313252, -1.5629892541999661, -0.021150574559140028, -7.391303605035374, 1.3739074285517212, -1.4381010761335424, -4.219687251281551, -0.7837737635751415, -4.066764181745699, 2.930378551245567, 2.6810024899570712] 
[0.3182990844999385, -1.7568938171295212, -0.35623710045468315, -2.537986028753008, -2.4928676312314693, -0.6024385509746011, 0.8103102349856923, 1.4877538905458183, -1.4907720828144593, -0.11997576609570071, -6.430099982256814, 0.4157855077216147, -1.5545457616088203, -4.412707135415906, -0.9431723636320107, -4.039797585239116, 2.8579113688987907, 2.608366827215079] 
[0.2043371250427921, -1.6429318576723748, -0.24227514099753678, -2.4240240692958617, -2.378905671774323, -0.4884765915174547, 0.696348275528546, 1.6017158500029647, -1.376810123357313, -0.0011188696821051863, -6.514635489960779, 0.374278868308447, -1.5264283324194345, -4.6204156461099695, -1.2009917631887492, -4.228495233934859, 2.9691227595103937, 2.728435390567937] 
[0.2075547426600377, -1.6461494752896204, -0.23905752338029118, -2.420806451678616, -2.3821232893915685, -0.4852589739002091, 0.6931306579113004, 1.6049334676202103, -1.3735925057400673, 0.0021294722278761996, -6.516736308500063, 0.3730508605843729, -1.5262571256316357, -4.627051184263899, -1.2085999156098903, -4.233645734178567, 2.9664117227337052, 2.7312522576590634] 
[0.136538157136177, -1.5751328897657597, -0.16804093785643048, -2.3497898661547554, -2.453139874915429, -0.5562755594240698, 0.764147243435161, 1.675950053144071, -1.3025759202162066, 0.09487315834292742, -7.917295384540764, 1.7739867078077982, -1.6884926909439373, -4.78287186822132, -1.2290642937893372, -4.311207405711456, 3.029662378032928, 2.6697631048621435] 
[0.3195339333479741, -1.3921371135539626, -0.35103671406822756, -2.5327856423665525, -2.6361356511272263, -0.7392713356358669, 0.9471430196469581, 1.858945829355868, -1.1195801440044095, 0.27781536641124466, -7.826542904237924, 1.8683171486540042, -1.6399743589251836, -5.030990634285715, -1.4702077224055978, -4.189238597109735, 2.868115315880402, 2.822020128614994] 
[0.457293714852786, -1.5298968950587746, -0.21327693256341562, -2.6705454238713644, -2.4983758696224143, -0.601511554131055, 0.8093832381421462, 1.7211860478510561, -1.2573399255092215, 0.07029972788202815, -9.076130838650807, 3.1224485946333784, -1.2387440713826454, -4.604054667193371, -1.12729204062488, -3.957325976360591, 3.0083372081375344, 2.9940167557425497] 
[0.4629051190573439, -1.5355082992633324, -0.20766552835885776, -2.6761568280759223, -2.503987273826972, -0.5959001499264971, 0.814994642346704, 1.726797452055614, -1.2517285213046636, 0.06385631840069608, -9.12221779474983, 3.168510893019229, -1.2296595025962624, -4.595269418703857, -1.1274062345752967, -3.952121260971076, 3.01248649160124, 2.989278120921452] 
[0.5569199424569551, -1.4414934758637212, -0.11365070495924656, -2.582142004676311, -2.5980020972265834, -0.6899149733261083, 0.9090094657463152, 1.6327826286560028, -1.3457433447042748, 0.1571056775067889, -9.170804585149574, 3.1182715391117455, -1.0354342171172357, -4.3103675690500705, -0.8495102601111258, -3.7631603535192033, 2.9164315054574463, 3.0628781032015517] 
[0.5602208960265582, -1.4447944294333244, -0.1169516585288497, -2.578841051106708, -2.5947011436569802, -0.6866140197565052, 0.9057085121767121, 1.636083582225606, -1.3424423911346717, 0.16186207454064763, -9.149449946655142, 3.097073374419429, -1.0384061099325477, -4.309056258160317, -0.8514281507248291, -3.7603531973655047, 2.91249926134207, 3.0590389301977794] 
[0.4260220619762276, -1.578993263483655, -0.2511504925791803, -2.7130398851570385, -2.728899977707311, -0.5524151857061745, 1.0399073462270427, 1.5018847481752753, -1.208243557084341, 0.24277037811422403, -9.947486866436222, 3.898865896503611, -0.9184683963403439, -4.362538324824757, -0.7737185924661116, -3.874960670764812, 3.073076851363483, 3.2156229972347097] 
[0.583486829381852, -1.4215284960780306, -0.09368572517355589, -2.870504652562663, -2.8863647451129353, -0.709879953111799, 0.8824425788214183, 1.6593495155808997, -1.3657083244899655, 0.3999576143536915, -9.86555546379818, 3.9838991584640584, -0.8286134337543086, -4.545472566630945, -0.962422437442602, -3.769894182146436, 2.945021635526389, 3.350148037477941] 
[0.5286434126281716, -1.476371912831711, -0.14852914192723632, -2.9253480693163434, -2.831521328359255, -0.7647233698654794, 0.8275991620677379, 1.6045060988272193, -1.310864907736285, 0.36980332560471013, -9.564219217045595, 3.6808940647950985, -0.8710968102528895, -4.481815687903296, -0.8552451814317982, -3.6685759189880285, 2.876728158156149, 3.286503828827612] 
[0.46295937150000666, -1.542055953959876, -0.21421318305540127, -2.9910321104445083, -2.76583728723109, -0.8304074109936443, 0.7619151209395729, 1.5388220576990543, -1.37654894886445, 0.28239053654697205, -10.021152980262675, 4.136200771548276, -0.7869712746343133, -4.421261976566916, -0.9581570134985689, -3.781210931788237, 2.9347659463348488, 3.230907262762643] 
[0.37033473673956263, -1.63468058872032, -0.12158854829495724, -2.8984074756840643, -2.858461921991534, -0.7377827762332003, 0.854539755700017, 1.4461974229386103, -1.283924314104006, 0.1903122009106895, -9.978585179902714, 4.192126867323995, -0.7037764500352957, -4.492904157526444, -0.9187709985221229, -3.853073298983135, 3.014953985740107, 3.1494758693871505] 
[0.4595992089131553, -1.5454161165467273, -0.032324076121364564, -2.987671947857657, -2.7691974498179412, -0.6485183040596076, 0.9438042278736096, 1.3569329507650176, -1.3731887862775987, 0.2787060675179255, -9.940906001264619, 4.245777435437381, -0.5947226259148171, -4.4049196276114, -1.049893966394824, -3.9934121008910637, 3.0802481316188883, 3.072247545006012] 
[0.3766990040557918, -1.6283163214040908, 0.050576128735998926, -2.9047717430002935, -2.6862972449605778, -0.7314185089169711, 0.8609040230162461, 1.4398331556223811, -1.2902885814202352, 0.37058935724697945, -9.142918290467094, 3.4483747165355325, -0.502811449086659, -4.337259076546492, -1.148857927008386, -4.10081361466803, 3.1398608686730096, 2.996057435859537] 
[0.41869844785587174, -1.6703157652041707, 0.09257557253607884, -2.9467711868003734, -2.644297801160498, -0.6894190651168912, 0.902903466816326, 1.3978337118223012, -1.332288025220315, 0.32889540530279154, -9.157364239585673, 3.4196075022201153, -0.5599628789871154, -4.4088728919332265, -1.2041420951762214, -4.076522377375962, 3.1928600676111816, 3.0475378140337104] 
[0.40472518657599577, -1.6563425039242947, 0.10654883381595481, -2.9607444480802494, -2.658271062440374, -0.6754458038370152, 0.8889302055364501, 1.3838604505424252, -1.346261286500191, 0.3490274354469517, -9.309827776540839, 3.571702291380245, -0.5476785801910077, -4.426932085733938, -1.2212189781124274, -4.0666498834643106, 3.210237736381022, 3.064015828789879] 
[0.6090644144838369, -1.8606817318321358, -0.09779039409188628, -2.7564052201724083, -2.862610290348215, -0.47110657592917415, 0.684590977628609, 1.5881996784502663, -1.5506005144080321, 0.6317896296968875, -11.640783899830215, 5.896515165404983, -0.7965335803982349, -4.839260444513859, -1.6937411648067255, -4.413656275070053, 3.4074237008218633, 3.295543223598297] 
[0.6440278139910778, -1.8257183323248949, -0.1327537935991272, -2.7214418206651674, -2.827646890840974, -0.5060699754364151, 0.6496275781213681, 1.6231630779575072, -1.5156371149007912, 0.6725783961940288, -11.676406400276997, 5.888830367499771, -0.7738916363438446, -4.8740891257603876, -1.7289416755056908, -4.39092639945169, 3.441625692854513, 3.261114805292561] 
[0.5689960716798563, -1.7506865900136734, -0.20778553591034865, -2.796473562976389, -2.7526151485297525, -0.4310382331251936, 0.7246593204325895, 1.6981948202687287, -1.5906688572120127, 0.8031830867464405, -12.043446955746596, 6.243749527091942, -0.7199374655457488, -4.9007732443884215, -1.6170272858178651, -4.2725424550104005, 3.3598689041613716, 3.182498736406335] 
[0.4984075811880768, -1.680098099521894, -0.27837402640212816, -2.8670620534681683, -2.823203639021532, -0.3604497426334141, 0.795247810924369, 1.7687833107605082, -1.5200803667202332, 0.694297128284433, -11.646172622870548, 5.853883313341749, -0.8039930097514559, -4.988949557672583, -1.5918647867816291, -4.330705850663221, 3.292674625057352, 3.254078847253452] 
[0.5503739764914652, -1.6281317042185055, -0.3303404217055166, -2.9190284487715568, -2.8751700343249205, -0.41241613793680254, 0.8472142062277574, 1.8207497060638966, -1.4681139714168447, 0.7454640599600895, -11.630841154387726, 5.894344466662281, -0.8513156624627005, -4.965475627565486, -1.6513691347226107, -4.391070852695244, 3.2503987076798353, 3.3045741218003757] 
[0.34348575536457315, -1.8350199253453976, -0.1234522005786245, -3.125916669898449, -2.6682818131980284, -0.20552791680991045, 0.6403259851008654, 1.6138614849370045, -1.6750021925437368, 0.9566313664272064, -11.773618584082996, 5.8068332758027905, -1.096920940706736, -5.165562494271475, -1.4121689125352932, -4.080992095034112, 3.0033835066348327, 3.4952198774388314] 
[0.10348406367359897, -1.5950182336544234, -0.3634538922695987, -2.8859149782074747, -2.9082835048890026, -0.44552960850088463, 0.8803276767918395, 1.8538631766279787, -1.4350005008527627, 1.2151114925671367, -11.98371742659133, 5.748477463465921, -0.8524304875067089, -4.976890294416849, -1.534796139317583, -3.85312880403958, 2.776065898764882, 3.2741615406701383] 
[0.1677429723906283, -1.6592771423714527, -0.29919498355256935, -2.8216560694904453, -2.972542413606032, -0.509788517217914, 0.9445865855088689, 1.7896042679109494, -1.499259409569792, 1.1509453198251194, -12.020784160673342, 5.719392469697965, -0.9393465379497626, -5.076463456975542, -1.6107231635569168, -3.82155720206235, 2.8399481608541994, 3.343709340329955] 
[0.04236729198298872, -1.7846528227790923, -0.17381930314492977, -2.6962803890828058, -3.0979180940136715, -0.3844128368102744, 0.8192109051012293, 1.6642285875033098, -1.6246350899774316, 1.2780454948503388, -12.137673202790552, 5.7083513998508755, -1.1268976756204798, -5.287259860686472, -1.824915542153621, -4.0323631096967105, 3.0030854141351435, 3.4757559733782273] 
[-0.046793373555259477, -1.6954921572408441, -0.08465863760668157, -2.6071197235445576, -3.1870787595519197, -0.2952521712720262, 0.7300502395629811, 1.5750679219650616, -1.5354744244391834, 1.3466206022159706, -9.847570969722417, 3.418950722245522, -1.1870525027612007, -5.397748067708119, -1.7107877674977259, -3.9189886247853956, 3.0819258784040167, 3.562032419809863] 
[-0.16095930555087423, -1.8096580892364589, 0.02950729438893318, -2.492953791548943, -3.3012446915475344, -0.40941810326764094, 0.8442161715585959, 1.4609019899694469, -1.6496403564347981, 1.232461616351647, -9.846377005639381, 3.5326686805076166, -1.2678465344283518, -5.3299010233825825, -1.5677904510565133, -3.774151909616644, 3.1927696409059165, 3.4507832396024827] 
[-0.3132758046414057, -1.9619745883269903, -0.12280920470159828, -2.6452702906394743, -3.453561190638066, -0.2571016041771095, 0.9965326706491273, 1.3085854908789154, -1.4973238573442667, 1.2454943556428697, -13.519642463719187, 7.206075454662427, -1.3069271626103398, -5.174234875181946, -1.7970841680248546, -3.9996952234087004, 3.0150900166383834, 3.6123404256768463] 
[-0.43014527864882157, -1.8451051143195745, -0.23967867870901416, -2.76213976464689, -3.33669171663065, -0.37397107818452535, 0.8796631966417114, 1.4254549648863313, -1.6141933313516825, 1.1097792758908702, -13.680029290015373, 7.237662714868364, -1.5130159998917783, -5.369705733949773, -1.8510884810264592, -3.9096152389957233, 2.921543018925202, 3.725607161813701] 
[-0.2995600651761403, -1.7145199008468932, -0.3702638921816954, -2.8927249781195714, -3.4672769301033313, -0.5045562916572066, 1.0102484101143927, 1.29486975141365, -1.4836081178790013, 1.074958732708691, -12.832242322478235, 6.389182053262978, -1.5573818840487368, -5.269027666452879, -1.7661019232529096, -4.035348347555856, 2.781364436802166, 3.598857440975699] 
[-0.37399389081805867, -1.6400860752049748, -0.29583006653977706, -2.9671588037614898, -3.392843104461413, -0.578990117299125, 0.9358145844724743, 1.3693035770555684, -1.409174292237083, 1.0261085822030644, -12.226954316975718, 5.784645185399633, -1.626620792570506, -5.384739237555133, -1.6695301057071303, -4.073429946922526, 2.8449166110874016, 3.527254467164164] 
[-0.16515229496454853, -1.848927671058485, -0.08698847068626692, -2.7583172079079796, -3.1840015086079028, -0.7878317131526351, 1.1446561803259845, 1.1604619812020582, -1.618015888090593, 1.2836504634098522, -10.301569953673082, 3.859592465818941, -1.3304133900437354, -5.079390334961392, -1.9080295133871263, -3.9687160110079316, 2.628775683820426, 3.298199313628096] 
[-0.005106432327134369, -1.6888818084210708, 0.07305739195114724, -2.5982713452705655, -3.0239556459704886, -0.627785850515221, 0.9846103176885703, 1.3205078438394724, -1.4579700254531789, 1.582226173859553, -7.232557455776451, 0.7952584290420481, -1.1325150167362812, -5.159825325203682, -2.1225850307112077, -4.162544439404215, 2.7420578601323258, 3.136126640306126] 
[0.19574365323042398, -1.8897318939786292, -0.1277926936064111, -2.397421259713007, -3.224805731528047, -0.4269357649576626, 0.783760232131012, 1.5213579293970307, -1.2571199398956205, 1.7705054831969715, -28.128390022300596, 21.69149788975546, -1.0378804649955473, -4.883152121950636, -1.786011527290694, -3.8116385685675778, 2.990290921725715, 2.950255225221189] 
[0.24579366080126275, -1.8396818864077904, -0.07774268603557233, -2.447471267283846, -3.174755723957208, -0.37688575738682384, 0.8338102397018508, 1.5714079369678695, -1.2070699323247818, 1.7204583153040032, -28.128436585543284, 21.640676039753085, -1.0101617297167966, -4.918738073885751, -1.7124526794972432, -3.7379787131091127, 3.056771968355725, 3.0148162708399484] 
[0.1313657667658259, -1.7252539923723536, -0.19217058007100918, -2.333043373248409, -3.0603278299217713, -0.4913136514222607, 0.7193823456664139, 1.6858358310033064, -1.3214978263602186, 1.5959306140847895, -27.972192857354575, 21.604456618906013, -0.695728029629144, -4.605868865406152, -1.6285845387872413, -3.831611122081107, 2.906430585545154, 2.864443066736841] 
[0.18885790870667418, -1.6677618504315053, -0.1346784381301609, -2.2755512313075608, -3.002835687980923, -0.4338215094814124, 0.6618902037255656, 1.7433279729441546, -1.378989968301067, 1.5085851011094344, -26.490767610399256, 20.125413674194128, -0.8392868749004013, -4.769905074146585, -1.728891863711467, -3.929735514335711, 2.983691934283382, 2.9361792981371195] 
[0.14347938518852144, -1.6223833269133525, -0.08929991461200815, -2.3209297548257135, -3.048214211499076, -0.47920003299956515, 0.6165116802074129, 1.697949449426002, -1.4243684918192197, 1.4368083260278945, -25.03836113115302, 18.674348415603514, -0.9979211661553185, -4.937739737934563, -1.7763487630745565, -3.894511241053123, 2.9269736858539437, 2.8823982867228737] 
[0.10630525059709339, -1.6595574615047806, -0.1264740492034362, -2.3581038894171416, -3.085388346090504, -0.4420258984081371, 0.5793375456159848, 1.6607753148345739, -1.4615426264106477, 1.491841810042965, -27.46061472402201, 21.096641690671706, -1.1524702571875085, -5.089055822795751, -1.8120768119508168, -3.867862084537664, 2.883063796827205, 2.8400391408781984] 
[0.06901109682062523, -1.6968516152812487, -0.16376820297990435, -2.3953980431936097, -3.0480941923140357, -0.47932005218460527, 0.5420433918395167, 1.6234811610581057, -1.4988367801871159, 1.5291474882658973, -27.461839992382604, 21.059574340434352, -1.0291277805852812, -4.966376108824343, -1.8352172215508467, -3.840608180555399, 2.922863878864777, 2.880950142638288] 
[-0.15679492163466935, -1.4710455968259541, 0.06203781547539022, -2.6212040616489043, -2.822288173858741, -0.2535140337293107, 0.3162373733842221, 1.3976751426028111, -1.7246427986424104, 1.7581575361440571, -27.8314230337551, 21.204783977358495, -1.7023139735373631, -5.633993511797119, -1.7185483955120389, -4.014824993767984, 2.6864747575539236, 2.640604786061695] 
[-0.14710335013850684, -1.4807371683221167, 0.07172938697155273, -2.611512490152742, -2.8125966023625786, -0.24382246223314819, 0.3259289448803846, 1.3879835711066486, -1.714951227146248, 1.7759209285181, -28.350491751917247, 21.723781048712365, -1.7273855517652164, -5.660734724266659, -1.7384100823778472, -4.028610011208901, 2.6942204844979996, 2.6491851214729945] 
[-0.15314793822028494, -1.4746925802403386, 0.07777397505333083, -2.61755707823452, -2.8186411904443567, -0.2498670503149263, 0.3319735329621627, 1.3940281591884267, -1.720995815228026, 1.7744589035951537, -28.6981180965186, 22.071410808102527, -1.7251372989989182, -5.6646385911801795, -1.7344629648849115, -4.033421728882294, 2.7009222129233854, 2.642243672189987] 
[-0.28716942249863453, -1.6087140645186881, 0.21179545933168042, -2.7515785625128695, -2.9526626747227063, -0.3838885345932759, 0.4659950172405123, 1.5280496434667763, -1.8550172995063756, 1.9085313912373667, -28.701602392816753, 22.209612805183607, -1.8433807236381519, -5.62940081015327, -1.8953883257686703, -4.197100647835394, 2.8092921490890688, 2.7611734508230237] 
[-0.21981544750591442, -1.6760680395114083, 0.27914943432440054, -2.6842245875201494, -3.0200166497154264, -0.451242509585996, 0.5333489922332324, 1.4606956684740562, -1.7876633245136555, 1.9763543713002691, -28.65792199341701, 22.235656798169078, -1.8954561640437215, -5.588078100186392, -1.938967735052743, -4.14501010827656, 2.756410485483137, 2.707054815582042] 
[-0.3912062989503926, -1.50467718806693, 0.10775858287992235, -2.8556154389646276, -2.848625798270948, -0.2798516581415178, 0.7047398436777106, 1.6320865199185344, -1.6162724730691773, 1.805830206581759, -28.62009535228368, 22.37462991190251, -1.784849772279396, -5.74090322444435, -2.225318157433377, -4.41327693461196, 2.952530528236319, 2.4995457340554013] 
[-0.27830710778624623, -1.6175763792310764, -0.005140608284224024, -2.742716247800481, -2.735726607106802, -0.16695246697737143, 0.817639034841857, 1.519187328754388, -1.503373281905031, 1.9205218533687933, -28.691243977325282, 22.325953638387553, -1.6343486103203297, -5.60209914108077, -2.279793405690042, -4.306736701431499, 2.831521132112469, 2.6166277190219045] 
[-0.24225538747421882, -1.581524658919049, -0.04119232859625144, -2.7787679681125086, -2.7717783274188292, -0.20300418728939884, 0.8536907551538844, 1.4831356084423606, -1.5394250022170584, 1.884157091794795, -28.71561063206264, 22.313301074146796, -1.6164006935551787, -5.6528425804548466, -2.338595621164221, -4.350267859922501, 2.7954365429949206, 2.6510189200830183] 
[-0.4294910818632889, -1.394288964529979, -0.2284280229853215, -2.9660036625015787, -2.9590140218078993, -0.01576849290032878, 1.0409264495429544, 1.6703713028314306, -1.7266606966061284, 2.0716565434099876, -28.613124915826923, 22.40117690049105, -1.7207125885347458, -5.401936032133521, -2.0420132851280117, -4.137359460341317, 2.6257346908336934, 2.8347698065712903] 
[-0.36589593102102813, -1.4578841153722397, -0.16483287214306075, -3.0295988133438394, -3.02260917265016, -0.07936364374258953, 0.9773312987006937, 1.60677615198917, -1.7902558474483892, 2.044522890387961, -29.11179103200802, 22.902500732125308, -1.6443220947071213, -5.44276702742202, -1.986168694012369, -4.195027463589272, 2.5617306401387, 2.9033617481819225] 
[-0.284821226516075, -1.5389588198771929, -0.24590757664801388, -2.9485241088388863, -3.103683877155113, -0.16043834824754266, 0.8962565941957406, 1.5257014474842168, -1.709181142943436, 2.001975072581731, -30.067493687875775, 23.859958863586765, -1.5546755384811426, -5.525157001342127, -2.0808083153127495, -4.283091468249999, 2.656693212585036, 2.810733111182949] 
[-0.256298618426295, -1.5674814279669729, -0.21738496855823386, -2.9200015007491062, -3.132206485244893, -0.18896095633732268, 0.9247792022855206, 1.4971788393944367, -1.737703751033216, 2.0303990953720508, -30.056471648070875, 23.878495953481185, -1.5192986940489923, -5.489057516318835, -2.053627960110207, -4.309849531399225, 2.629493924172827, 2.784551366266352] 
[-0.2609595655787966, -1.5628204808144712, -0.2220459157107355, -2.924662447901608, -3.1275455380923916, -0.19362190348982433, 0.9294401494380222, 1.492517892241935, -1.7330428038807144, 2.025667433917117, -29.972321149086685, 23.794345344806526, -1.5253053985213807, -5.495055022374236, -2.058911712660487, -4.314880373389515, 2.6334390216173853, 2.7888188163154677] 
[-0.3254141771553616, -1.4983658692379063, -0.15759130413417055, -2.989117059478173, -3.1920001496689565, -0.12916729191325937, 0.9938947610145872, 1.4280632806653701, -1.6685881923041495, 2.092429478638764, -31.09362735166226, 24.915654792899446, -1.4415372906997808, -5.412216515897584, -1.9995827994709559, -4.369097806443148, 2.6888643243962345, 2.847933310796841] 
[-0.36709485722047464, -1.5400465493030193, -0.1992719841992836, -3.030797739543286, -3.1503194696038435, -0.08748661184814632, 1.0355754410797002, 1.386382600600257, -1.6269075122390364, 2.148752803998728, -31.726525421103936, 25.547712585630148, -1.4701718346153871, -5.372493883346238, -2.046797400918003, -4.420007316726074, 2.6388283250028235, 2.892251491575488] 
[-0.45221321709330087, -1.6251649091758456, -0.11415362432645737, -3.115916099416112, -3.2354378294766697, -0.0023682519753200904, 0.950457081206874, 1.3012642407274309, -1.7120258721118626, 2.064033269126719, -31.7626688115482, 25.495179331879463, -1.5473722441944926, -5.29650197714383, -1.958861773545083, -4.342052628653203, 2.5682961286084014, 2.80911638631407] 
[-0.635259075475832, -1.4421190507933144, 0.06889223405607381, -2.932870241033581, -3.0523919710941385, -0.18541411035785127, 0.7674112228243428, 1.484310099109962, -1.5289800137293315, 1.882903871356486, -31.681958910104154, 25.605046193101682, -1.3597545923403929, -5.089699361851685, -2.161605810750395, -4.579656215691231, 2.3177739514763243, 3.0119212812323326] 
[-0.5653048478741229, -1.5120732783950235, -0.001061993545635298, -2.862916013431872, -2.9824377434924294, -0.2553683379595604, 0.6974569952226337, 1.414355871508253, -1.4590257861276223, 1.8086835599122884, -31.62593294575219, 25.629632450320337, -1.2728982609075368, -5.006577285261868, -2.2166589549100686, -4.520775994692902, 2.2533292041171165, 3.0799438153896634] 
[-0.3577757842002913, -1.3045442147211919, 0.20646707012819632, -2.6553869497580402, -3.189966807166261, -0.462897401633392, 0.9049860588964653, 1.2068268078344213, -1.666554849801454, 1.6421324718821835, -32.92937452359044, 26.935906071789148, -1.5517896816408079, -5.269606897251158, -2.079315853297981, -4.685072103592903, 2.4286758647467788, 2.8872223185002106] 
[-0.45982605175157576, -1.2024939471699074, 0.30851733767948075, -2.7574372173093247, -3.0879165396149766, -0.36084713408210756, 0.8029357913451809, 1.1047765402831369, -1.7686051173527384, 1.7468412343159994, -32.95822681219669, 27.07299735468037, -1.7514529988013159, -5.4689769658174585, -1.9195735547058215, -4.503348988925573, 2.5710477892378387, 2.9814150170229676] 
[-0.6888855987651386, -1.4315534941834702, 0.07945779066591796, -2.9864967643228875, -2.858856992601414, -0.5899066810956703, 0.5738762443316181, 1.3338360872966997, -1.5395455703391756, 1.535389847240039, -33.06842969719868, 26.96619950157524, -2.091628373917914, -5.810961276234984, -1.7397047086742157, -4.639231978804766, 2.7334945545745373, 3.1906646566258194] 
[-0.34860692094268475, -1.771832172005924, -0.26082088715653584, -3.3267754421453413, -3.1991356704238676, -0.24962800327321655, 0.2335975665091643, 0.9935574094742459, -1.1992668925167218, 1.8987031752638133, -33.329511355003405, 26.82021404430175, -1.6626056640344438, -5.221571922886588, -0.9290998155417365, -3.891770344630569, 3.1445205931588855, 2.8608699992341955] 
[-0.4315754064683748, -1.854800657531614, -0.34378937268222587, -3.2438069566196512, -3.1161671848981776, -0.16665951774752652, 0.31656605203485433, 1.076525894999936, -1.1162984069910318, 2.0351839767847735, -32.54498801011267, 26.04221283701555, -1.7221954581060894, -5.131493831121548, -0.865681354663109, -3.95268625524002, 3.2003694245954692, 2.7944302976254014] 
[-0.4497302988595411, -1.8729555499227803, -0.36194426507339217, -3.225652064228485, -3.0980122925070113, -0.14850462535636022, 0.29841115964368803, 1.0946807873911022, -1.0981435145998655, 2.0420524302831917, -32.64128124508245, 26.1383796113542, -1.7111757108191192, -5.151276567961363, -0.8885191910499559, -3.9792706457549314, 3.167201500818104, 2.7640940003207057] 
[-0.3497625467109795, -1.972923302071342, -0.46191201722195374, -3.3256198163770465, -2.9980445403584497, -0.2484723775049218, 0.3983789117922496, 0.9947130352425406, -1.198111266748427, 2.150810343684225, -32.57333312279536, 26.195700094252086, -1.825339587950669, -5.047033222968104, -0.9975241763133558, -4.0749128927066485, 3.315223205673524, 2.9213070314099676] 
[-0.3605937981238643, -1.9837545534842267, -0.4727432686348385, -3.3364510677899313, -3.0088757917713345, -0.23764112609203702, 0.38754766037936483, 1.0055442866554254, -1.2089425181613118, 2.1618562867037947, -32.57173231868554, 26.181550440383706, -1.8132124287999902, -5.040060860635051, -1.011408566807781, -4.092759561230716, 3.296179710112374, 2.9051162115658458] 
[-0.5187746888418576, -2.14193544420222, -0.6309241593528319, -3.178270177071938, -3.167056682489328, -0.3958220168100304, 0.22936676966137148, 1.1637251773734187, -1.0507616274433185, 2.3339505482835916, -32.47347260662342, 26.292016459849773, -1.9652728087815257, -5.191776026346016, -1.166095607095504, -3.9879783677812943, 3.1946129111357497, 3.035186077309663] 
[-0.5177054119865285, -2.140866167346891, -0.631993436208161, -3.179339453927267, -3.168125959344657, -0.3947527399547013, 0.23043604651670058, 1.1626559005180896, -1.0496923505879894, 2.3319689962953216, -32.476876189628996, 26.29507299672615, -1.9652079752778784, -5.1907489857189075, -1.1643782893491395, -3.9861876193991126, 3.195538552929906, 3.03452811358749] 
[-0.5721808992781294, -2.08639068005529, -0.6864689234997619, -3.233814941218868, -3.222601446636258, -0.4492282272463022, 0.17596055922509968, 1.1081804132264887, -0.9952168632963885, 2.2665393600869925, -32.51788971163343, 26.24265876018943, -1.8956944579746045, -5.136178583713566, -1.2547159344747756, -4.078435291340459, 3.148211690994636, 3.0679494310596467] 
[-0.6929447924237369, -1.9656267869096826, -0.5657050303541544, -3.3545788343644753, -3.1018375534906504, -0.32846433410069475, 0.2967244523707071, 1.2289443063720962, -1.115980756441996, 2.3212653790911255, -32.765249131428114, 26.492248575207608, -1.8599650617362027, -5.032389904995654, -1.0557887107581367, -3.8773465891421095, 3.084969962714776, 3.1583835472735253] 
[-0.7764767220447257, -1.8820948572886937, -0.48217310073316555, -3.2710469047434865, -3.0183056238696615, -0.24493240447970588, 0.380256381991696, 1.1454123767511073, -1.1995126860629848, 2.211256102189901, -32.873004301628214, 26.487564993281733, -1.9306539422044842, -5.0991240096599535, -0.941742940057068, -3.7703951614253604, 2.958485970986703, 3.024790488577508] 
[-0.8074295695131848, -1.8511420098202347, -0.4512202532647065, -3.2400940572750274, -2.9873527764012024, -0.27588525194816493, 0.3493035345232369, 1.1763652242195664, -1.1685598385945257, 2.195345607086943, -32.80292332647497, 26.416857018843476, -1.9477710957596182, -5.133280726025768, -0.9852468160452713, -3.8084782943188986, 2.9759233912237364, 2.9991886974024644] 
[-0.8751600307910852, -1.918872471098135, -0.5189507145426069, -3.307824518552928, -2.919622315123302, -0.3436157132260653, 0.4170339958011373, 1.108634762941666, -1.2362902998724261, 2.1610011519195202, -32.63591849897418, 26.23932779654987, -1.8648948608357445, -5.062726061305538, -0.916780118061812, -3.8466046704871433, 3.0730283212804563, 3.0998952451730877] 
[-0.8703546057989253, -1.923677896090295, -0.514145289550447, -3.3126299435450877, -2.924427740115462, -0.33881028823390547, 0.42183942079329717, 1.1134401879338258, -1.2314848748802663, 2.1546508628986807, -32.64181861154181, 26.23824191791789, -1.8686892964673472, -5.068646741169323, -0.9248371997562186, -3.853398589969715, 3.0755708963312838, 3.0957729468525903] 
[-0.8929124433548157, -1.9011200585344046, -0.5367031271063374, -3.335187781100978, -2.9018699025595716, -0.3613681257897958, 0.44439725834918753, 1.1359980254897162, -1.2540427124361566, 2.1264446328578197, -32.6631951249388, 26.22184676745568, -1.8382682173604918, -5.1040071565390575, -0.9667855996207261, -3.894970411435812, 3.036908381257493, 3.062681462440412] 
[-0.9159864395865387, -1.8780460623026816, -0.5597771233380604, -3.312113784869255, -2.8787959063278485, -0.38444212202151884, 0.4213232621174645, 1.1590720217214392, -1.2771167086678796, 2.113537360006941, -32.6229525749046, 26.1817758290372, -1.8598970346226074, -5.072402024456568, -0.9435814571900828, -3.916764974432014, 3.001985200158311, 3.0306998899608244] 
[-0.961110925665422, -1.9231705483815649, -0.6049016094169437, -3.2669892987903717, -2.8336714202489652, -0.33931763594263553, 0.3761987760385812, 1.2041965078003225, -1.2319922225889963, 2.140055529263456, -32.700516674769084, 26.26065701421217, -1.8321188104359876, -5.037386994598567, -0.9699256547898419, -3.8850843269889035, 2.9707613714966574, 3.068265531827546] 
[-0.9443465865631022, -1.9399348874838847, -0.6216659485192635, -3.2837536378926915, -2.850435759351285, -0.3560819750449553, 0.3594344369362614, 1.1874321686980027, -1.2152278834866765, 2.1112495265935656, -32.74307500217288, 26.30056858388045, -1.8543742532085081, -5.060650869298453, -1.000542106698579, -3.9096788775470745, 2.9804397697398146, 3.0542941507444827] 
[-0.7692720804710713, -1.7648603813918537, -0.4465914424272326, -3.1086791318006606, -2.675361253259254, -0.1810074689529244, 0.5345089430282923, 1.0123576626059718, -1.0401533773946456, 2.029024573498832, -32.425422335517275, 25.925722886942147, -1.572757804741608, -5.319596838679901, -1.1987907762403398, -3.763184041832358, 3.251223391743511, 3.3112054005342775] 
[-0.8903686935057518, -1.6437637683571733, -0.32549482939255214, -3.229775744835341, -2.7964578662939346, -0.059910855918243966, 0.4134123299936119, 0.8912610495712914, -1.161249990429326, 1.8593684058399496, -32.78740822963924, 26.26880566161092, -1.4747018527101845, -5.111421688214424, -1.007636088672624, -3.9217561811500263, 3.010454726238835, 3.1011835620048323] 
[-0.8032202032002675, -1.7309122586626575, -0.41264331969803636, -3.142627254529857, -2.8836063565994188, 0.02723763438724025, 0.5005608202990961, 0.9784095398767756, -1.0741015001238419, 1.9437470001210226, -32.83628798601774, 26.212477837267656, -1.5505511548747457, -5.238658701672169, -1.1445086045544623, -4.055889620512409, 2.8520383255137487, 2.9691008118011935] 
[-0.7618586648765511, -1.689550720338941, -0.45400485802175283, -3.1839887928535733, -2.8422448182757023, -0.014123903936476223, 0.4591992819753796, 0.9370480015530591, -1.0327399618001254, 1.9988007049862337, -32.71694244241969, 26.098351940901043, -1.5846670438541772, -5.182694251608657, -1.087373678176503, -4.12082944543065, 2.768941135848757, 2.898918963485985] 
[-0.6686730634779561, -1.596365118940346, -0.36081925662315784, -3.0908031914549783, -2.9354304196742973, -0.10730950533507122, 0.36601368057678463, 0.8438624001544641, -1.1259255631987204, 1.8994279831241356, -32.792598330284335, 26.05861629463085, -1.673290364062509, -5.25136906191965, -1.0151229712817416, -4.178950322988864, 2.899220473026594, 3.040330690943188] 
[-0.7107150854588606, -1.6384071409212506, -0.31877723464225327, -3.0487611694740737, -2.977472441655202, -0.14935152731597579, 0.32397165859588006, 0.8859044221353687, -1.0838835412178158, 1.9418683490846056, -32.76746546786424, 26.0825736405545, -1.7132086210399757, -5.2010446276583515, -0.9652456043000451, -4.2034044489071745, 2.9529466508371067, 3.098504435686158] 
[-0.6087617070604157, -1.7403605193196956, -0.42073061304069825, -3.1507145478725187, -2.875519063256757, -0.0473981489175308, 0.22201828019743508, 0.9878578005338137, -1.1858369196162608, 1.8553901331378502, -32.4163482956101, 25.730273771152962, -1.7976155691977187, -5.08452528727167, -0.8291338147657737, -4.092640870427756, 2.9020699478980143, 3.182980100203618] 
[-0.5934171844138436, -1.7557050419662676, -0.4053860903941262, -3.1353700252259467, -2.890863585903329, -0.03205362627095876, 0.20667375755086304, 1.0032023231803857, -1.2011814422628329, 1.840416751482403, -32.41250234034732, 25.743895168412504, -1.8138005807462392, -5.0967623233861294, -0.8177970825367381, -4.110444145962907, 2.8775877918955435, 3.1601487214892985] 
[-0.6648711821166688, -1.8271590396690929, -0.333932092691301, -3.206824022928772, -2.8194095882005037, -0.10350762397378399, 0.1352197598480378, 1.074656320883211, -1.272635439965658, 1.9103253233641857, -32.42753387871192, 25.678148076063035, -1.73726259527497, -5.039559476420123, -0.8769762283452667, -4.173309903990713, 2.9717846911435393, 3.25968543245041] 
[-0.5238770135415034, -1.9681532082442583, -0.4749262612664664, -3.0658298543536064, -2.960403756775669, -0.24450179254894944, -0.0057744087271276445, 0.9336621523080455, -1.1316412713904926, 1.751531949815467, -32.54131177149744, 25.60576780983, -1.5778793432644622, -5.251600115052414, -1.0734165644782634, -4.0580553343464505, 2.867399358613013, 3.3739585695592975] 
[-0.4074988610941108, -2.084531360691651, -0.35854810881907384, -2.949451701906214, -2.8440256043282766, -0.360879944996342, 0.11060374372026494, 1.050040304755438, -1.2480194238378852, 1.529831653567145, -33.08537467931712, 26.14764873066466, -1.7999628884130063, -5.40400649016121, -1.1957290958244378, -3.97138874501001, 3.0438720288767103, 3.550646523845891] 
[-0.3060624818976325, -1.9830949814951726, -0.45998448801555214, -3.050888081102692, -2.945461983524755, -0.2594435657998637, 0.009167364523786636, 1.1514766839519164, -1.3494558030343635, 1.4143396605303946, -33.15754278866964, 26.078517994626914, -1.6715921614172002, -5.31490867050123, -1.3230575742482957, -4.120062800032584, 2.955962363712515, 3.628041998418463] 
[-0.3153185314346405, -1.9923510310321806, -0.45072843847854416, -3.041632031565684, -2.936205933987747, -0.2686996153368717, -8.86850132213457e-05, 1.1422206344149084, -1.3401997534973555, 1.4241005377936835, -33.153361620513124, 26.08650629848805, -1.6829115698589767, -5.323050288093519, -1.312312469078259, -4.108075158035736, 2.9637175186842786, 3.6203409336393597] 
[-0.13410460090359666, -1.8111371005011367, -0.2695145079475003, -2.8604181010346403, -3.1174198645187907, -0.08748568480582786, -0.1813026155442652, 0.9610067038838646, -1.5214136840283994, 1.6362041742966338, -32.90993333133023, 26.04129875323586, -1.4779896663643235, -5.144631948951788, -1.418710662647493, -3.95451925416951, 3.113737356351405, 3.4703142077109015] 
[-0.13645126979611777, -1.8134837693936579, -0.2718611768400214, -2.8627647699271614, -3.1150731956262696, -0.08983235369834897, -0.1836492844367863, 0.9633533727763857, -1.5237603529209205, 1.6385736717663306, -32.909216033732505, 26.038077595326868, -1.4745574853902617, -5.141305808906168, -1.4160415284649905, -3.951661569442899, 3.110998980465155, 3.467858544244532] 
[-0.17348002557993314, -1.7764550136098425, -0.23483242105620605, -2.899793525710977, -3.152101951410085, -0.12686110948216434, -0.14662052865297093, 1.000382128560201, -1.5607891087047359, 1.6025614589212203, -32.878118862487625, 26.043209948078882, -1.4247580957105568, -5.09191833579208, -1.4491058057163058, -3.9209198563086582, 3.1434775983403314, 3.432062619867738] 
[-0.3444273768236161, -1.9474023648535255, -0.06388506981252307, -3.07074087695466, -2.981154600166402, -0.2978084607258473, 0.02432682259071206, 1.171329479803884, -1.3898417574610529, 1.7693250188116272, -32.996810417939955, 25.993754754674324, -1.6455727306271255, -5.31586298885446, -1.2932639327436197, -4.059722745026073, 2.981956653376624, 3.259769421718099] 
[-0.2768218319855673, -2.0150079096915743, -0.13149061465057188, -3.003135332116611, -2.913549055328353, -0.36541400556389614, 0.09193236742876087, 1.2389350246419328, -1.322236212623004, 1.9135246331058706, -32.38000769299415, 25.385535034913044, -1.5675970776852204, -5.371416392469182, -1.249846247450019, -4.114027416917635, 3.0624891970534853, 3.3407232660773696] 
[-0.07601567483555871, -2.215814066841583, -0.3322967718005805, -2.8023291749666024, -3.114355212478362, -0.5662201627139047, 0.2927385245787695, 1.4397411817919414, -1.1214300554729955, 1.6932778411662588, -32.545530968390246, 25.314518305994984, -1.3393296402014658, -5.195111981458004, -1.512490685925177, -4.398804588262151, 3.3154145182297143, 3.600107835152101] 
[0.006356682061633423, -2.298186423738775, -0.24992441490338835, -2.8847015318637945, -3.0319828555811696, -0.6485925196110969, 0.3751108814759616, 1.5221135386891336, -1.2038024123701876, 1.7935178688126916, -32.15419025232733, 24.91038387617931, -1.1933050988509761, -5.230379665338628, -1.4578517422033708, -4.451331411003376, 3.3717233407343716, 3.540954296481042] 
[-0.24064226964014668, -2.545185375440555, -0.49692336660516845, -2.6377025801620144, -2.7849839038793895, -0.4015935679093168, 0.1281119297741815, 1.7691124903909137, -1.4508013640719677, 2.044696522894667, -33.14307742277052, 25.93406051421668, -1.5769862849091438, -5.123545051708037, -2.0066912801146635, -5.007719700058457, 3.1775979947756463, 3.723218971468912] 
[-0.27695537446908136, -2.5088722706116204, -0.46061026177623376, -2.6013894753330797, -2.748670799050455, -0.43790667273825146, 0.09179882494524683, 1.732799385561979, -1.414488259243033, 2.006933330155497, -33.150431499770555, 26.009597363064035, -1.6803373722935246, -5.226497006025743, -2.0974292596826674, -5.077788897064533, 3.2117707034587366, 3.690883540017879] 
[-0.2859363324653106, -2.499891312615391, -0.469591219772463, -2.5924085173368505, -2.757651757046684, -0.4468876307344807, 0.0828178669490176, 1.7417803435582082, -1.4234692172392622, 1.9922470157902197, -33.17630630053187, 26.03639782602043, -1.6954170527635695, -5.221468895026695, -2.0891400269133413, -5.0833954324699615, 3.20124448347951, 3.680292205915983] 
[0.07873688091350073, -2.8645645259942025, -0.8342644331512743, -2.957081730715662, -3.1223249704254954, -0.08221441735566937, -0.2818553464297937, 1.377107130179397, -1.058796003860451, 1.7009809718504778, -32.851422397810445, 25.985583168886297, -0.8897348176794175, -4.236068106428603, -1.1416311987570342, -4.334827112987677, 2.7654421256024153, 3.252794446605683] 
[0.09887529054231448, -2.844426116365389, -0.854402842780088, -2.9772201403444756, -3.1021865607966816, -0.10235282698448311, -0.30199375605860745, 1.3569687205505832, -1.0386575942316372, 1.719374224153961, -32.82835557907945, 25.96199551997433, -0.8908417331235745, -4.2157035497086435, -1.1224244950894529, -4.351514715934592, 2.729156413191322, 3.2158996369031234] 
[0.20058516897888024, -2.742716237928823, -0.9561127212166538, -2.87551026190791, -3.2038964392332474, -0.20406270542104887, -0.2002838776220417, 1.2552588421140174, -1.140367472668203, 1.8189666364385384, -32.805921850771526, 26.32718477103011, -1.267241223426194, -4.354409007880655, -1.034009576765498, -4.432893849432969, 2.542602664790944, 3.02587816916258] 
[-0.018493396702953246, -2.5236376722469895, -0.7370341555348203, -3.0945888275897433, -2.984817873551414, -0.42314127110288235, 0.018794688059791786, 1.036180276432184, -0.9212889069863694, 1.5529812933741773, -32.55044086630832, 26.383829660639385, -1.1208089384519035, -4.562556584256149, -0.8430782105534335, -4.636672832121776, 2.915515495108826, 3.389919557955918] 
[-0.009072863238126727, -2.514217138782163, -0.7276136220699938, -3.10400936105457, -2.9942384070162404, -0.41372073763805584, 0.009374154594965267, 1.0456008098970104, -0.930709440451196, 1.5620319139503858, -32.57498316845064, 26.419402360471892, -1.1493640634229545, -4.552935130238278, -0.8347647408088469, -4.642776833812618, 2.90924596919913, 3.3960779823820197] 
[-0.13775743189441303, -2.6429017074384493, -0.5989290534137075, -2.9753247923982835, -2.865553838359954, -0.5424053062943421, 0.13805872325125157, 1.1742853785532967, -0.8020248717949097, 1.6906700316474275, -32.58130730703088, 26.142418367593308, -0.8685915082616325, -4.442871022214372, -1.0313811212934285, -4.85079608740553, 2.6417366869246144, 3.129158909089719] 
[-0.3276310619981213, -2.8327753375421576, -0.7888026835174158, -2.7854511622945752, -3.0554274684636624, -0.35253167619063386, 0.32793235335495985, 0.9844117484495885, -0.991898501898618, 1.920313130172871, -32.251537307267604, 25.855665950504726, -0.9344471103697733, -4.564483994567812, -0.6972407799698317, -4.5006180502661195, 2.552343634497252, 3.2622492811440744] 
[-0.5232417698918705, -2.6371646296484084, -0.5931919756236665, -2.9810618701883245, -2.859816760569913, -0.5481423840843831, 0.5235430612487091, 1.1800224563433377, -1.1875092097923672, 2.112438040536005, -32.262907333625975, 25.23758096041644, -0.26394960831071623, -4.224141572139211, -0.9534951281789739, -4.7659444056590985, 2.6344688382540564, 3.102069200754139] 
[-0.5136187260728728, -2.646787673467406, -0.5835689318046688, -2.990684914007322, -2.8501937167509155, -0.5577654279033808, 0.5331661050677068, 1.17039941252434, -1.1778861659733695, 2.0923009274201254, -32.28694197336014, 25.253720890969458, -0.26016969098986364, -4.208793144173086, -0.9311102436312227, -4.744800180289413, 2.645649446814246, 3.0957943369811844] 
[-0.5693713493234245, -2.7025402967179577, -0.6393215550552205, -2.9349322907567705, -2.794441093500364, -0.5020128046528292, 0.47741348181715515, 1.1146467892737884, -1.2336387892239211, 2.1368928126524627, -32.312752964834125, 25.222835031998486, -0.2934572708259735, -4.145063851137412, -0.8814102232916696, -4.793837223464776, 2.5565050267139218, 3.0129724988139417] 
[-0.36513849857126845, -2.4983074459658017, -0.8435544058073765, -2.7306994400046145, -2.99867394425252, -0.7062456554049852, 0.2731806310649991, 1.3188796400259444, -1.029405938471765, 1.7246498720764172, -32.73902810481021, 25.295506913832245, -0.5856242578696205, -4.464882221226453, -1.122403750341365, -4.653020069830074, 2.7449634252677515, 2.858450468704619] 
[-0.1887296342235405, -2.6747163103135296, -0.6671455414596486, -2.5542905756568866, -2.822265079904792, -0.8826545197527131, 0.4495894954127271, 1.4952885043736723, -1.205814802819493, 1.620466182962181, -32.48623547607959, 25.01052741596427, -0.5593270430598899, -4.28777603518306, -1.1849600384835473, -4.4973996713980195, 3.0949273411619513, 3.2030366096523144] 
[-0.28145453052935454, -2.7674412066193437, -0.5744206451538345, -2.4615656793510725, -2.914989976210606, -0.7899296234468991, 0.5423143917185411, 1.4025636080678583, -1.298539699125307, 1.530831849422521, -32.46778796975335, 25.181152530984132, -0.7426258004732336, -4.317042007192563, -1.4635237265566803, -4.771406699448152, 3.2250385571920224, 3.3374681566796958] 
[-0.14158866588356633, -2.6275753419735555, -0.4345547805080463, -2.6014315439968607, -2.7751241115648178, -0.6500637588011109, 0.6821802563643293, 1.5424294727136465, -1.1586738344795189, 1.6066957713251637, -32.71534154823399, 25.613044854229113, -1.2996666390775002, -4.797857866718075, -1.905999660637065, -5.1821231975287505, 3.084712845629508, 3.4454701969898247] 
[-0.20104942747408816, -2.6870361035640773, -0.49401554209856813, -2.541970782406339, -2.715663349974296, -0.7095245203916327, 0.6227194947738075, 1.6018902343041683, -1.2181345960700407, 1.5575138257097945, -32.63169268521744, 25.54457298311185, -1.3884730094169815, -4.9146742089729445, -1.9823613542011314, -5.1555022375259565, 3.130495006399766, 3.4002378759455105] 
[-0.12870844071151555, -2.75937709032665, -0.4216745553359955, -2.4696297956437663, -2.7880043367368685, -0.6371835336290601, 0.5503785080112349, 1.674231221066741, -1.2904755828326133, 1.650592087292874, -32.516112914396395, 25.474509533521704, -1.519429278741494, -5.098680472885827, -2.184900584109178, -5.3268667571111115, 3.2335870626013508, 3.5014888348119433] 
[-0.4736754710649034, -2.414410059973262, -0.07670752498260769, -2.814596825997154, -2.4430373063834807, -0.2922165032756723, 0.20541147765784706, 2.0191982514201285, -1.6354426131860011, 1.3278565928435826, -32.32943676862161, 25.829647165415825, -1.7656372204527817, -4.715265182901653, -1.40606318983794, -4.59037075972112, 2.7490878702122012, 3.042883637455778] 
[-0.4961657839262681, -2.436900372834627, -0.054217212121242975, -2.837087138858519, -2.420546993522116, -0.26972619041430757, 0.22790179051921178, 1.9967079385587638, -1.6129523003246364, 1.3774810584672077, -32.24981183472534, 25.761452112038437, -1.7888942694165282, -4.733467224191849, -1.388930805436104, -4.566024880590304, 2.7708691205442584, 3.0191519890869913] 
[-0.34455868440180626, -2.285293273310165, -0.2058243116457048, -2.9886942383829807, -2.572154093046578, -0.11811909088984573, 0.07629469099474995, 2.1483150380832257, -1.4613452008001746, 1.1496253426381664, -32.460056820740604, 25.719265839822626, -1.5305037528705605, -4.265987885683242, -0.9642916613212029, -4.621115676304164, 2.6183373366491574, 3.1764616610275023] 
[-0.3581050265300536, -2.2717469311819176, -0.21937065377395215, -3.002240580511228, -2.585700435174825, -0.13166543301809308, 0.0898410331229973, 2.1347686959549783, -1.474891542928422, 1.145355682295258, -32.41814290058489, 25.677150988255267, -1.5350689382865614, -4.238852515867603, -0.9375278386185516, -4.632649294837952, 2.633724521037835, 3.191412101028211] 
[-0.5793037999708719, -2.0505481577410993, -0.44056942721477044, -2.7810418070704097, -2.8068992086156435, -0.35286420645891137, -0.131357740317821, 1.91356992251416, -1.6960903163692402, 1.3459744041257191, -32.50918368587025, 25.555753849731335, -1.795527392281338, -4.726285982738377, -1.3935351843801727, -4.4731742794943115, 2.866683701214556, 3.431387904947826] 
[-0.47888737985176877, -2.1509645778602025, -0.5409858473338736, -2.6806253869513066, -2.7064827884965403, -0.25244778633980824, -0.23177416043692411, 1.813153502395057, -1.5956738962501371, 1.358760904487597, -32.85599037989053, 25.927500211716627, -2.004321890928508, -4.858705474383387, -1.2863085080439711, -4.334104075335716, 2.9624318777970693, 3.520632171480034] 
[-0.3010436128831617, -2.3288083448288095, -0.7188296143024806, -2.5027816199826995, -2.5286390215279333, -0.4302915533084153, -0.05393039346831707, 1.6353097354264499, -1.7735176632187442, 1.4161199280041867, -33.33298786386481, 26.420424652052542, -2.050094976188752, -5.144998762270502, -1.5396886239074004, -4.2020184175286355, 3.151610594167445, 3.3383422654234938] 
[-0.29303475059986783, -2.3207994825455156, -0.7268384765857745, -2.5107904822659934, -2.5206301592446394, -0.4383004155917092, -0.061939255751610967, 1.6433185977097438, -1.7655088009354503, 1.429100039996405, -33.30860097509699, 26.394115338152048, -2.0347640552598043, -5.1511010006159745, -1.5485518524900639, -4.197008147403339, 3.158297661120547, 3.345009536642941] 
[-0.17119642487948172, -2.1989611568251295, -0.6050001508653884, -2.3889521565456073, -2.6424684849650255, -0.31646208987132307, 0.05989906996877514, 1.7651569234301299, -1.6436704752150642, 1.5604893383829703, -33.26009379284654, 26.11811806413744, -1.682737523620852, -4.790583739541762, -1.2841395047452382, -4.228366754880204, 3.0072622529326853, 3.4959381586989164] 
[-0.35292147857949163, -2.0172361031251196, -0.7867252045653983, -2.5706772102456172, -2.8241935386650354, -0.13473703617131316, -0.12182598373123477, 1.58343186973012, -1.825395528915074, 1.7902573848418855, -32.78021446386476, 25.698529451839992, -1.9976459380214115, -5.267738284452026, -1.705734925968103, -4.526981938227006, 3.180188869782125, 3.6653317049771648] 
[-0.4501960981321058, -1.9199614835725054, -0.6894505850127841, -2.473402590693003, -2.9214681582176496, -0.03746241661869898, -0.024551364178620583, 1.4861572501775058, -1.7281209093624599, 1.8965212496962327, -32.71997806777493, 25.787029353042627, -2.103502506022487, -5.228621128709743, -1.7817429162131873, -4.439453760812338, 3.1025094211837865, 3.5874746890048863] 
[-0.3105748369969017, -2.0595827447077095, -0.54982932387758, -2.613023851828207, -2.7818468970824455, -0.1770836777539031, 0.11506989695658354, 1.3465359890423017, -1.867742170497664, 1.9676402680910248, -33.18013241064678, 26.294264156811987, -2.4970528494309647, -5.5871963623063206, -1.9881682734442543, -4.586961328683461, 3.2682644271926025, 3.421984295386995] 
[-0.4449862941264999, -2.1939942018373078, -0.6842407810071782, -2.478612394698609, -2.6474354399528472, -0.04267222062430487, -0.019341560173014694, 1.4809474461718999, -1.7333307133680658, 2.130206499483327, -32.98393020064932, 26.240602356499387, -2.273135015615962, -5.393042618373565, -2.089668303019393, -4.740735703960223, 3.159330165028153, 3.3184434396282487] 
[-0.4848660447764377, -2.2338739524872455, -0.724120531657116, -2.5184921453485467, -2.687315190602785, -0.08255197127424263, 0.02053819047692307, 1.5208271968218376, -1.7732104640180035, 2.2082130856890525, -32.832165296830425, 26.078110152734908, -2.1478867023051835, -5.302246498096456, -2.094144449212556, -4.700964356923441, 3.12491393568155, 3.2841094111214777] 
[-0.5659331204743931, -2.314941028185201, -0.8051876073550714, -2.4374250696505912, -2.6062481149048295, -0.1636190469721981, 0.10160526617487853, 1.601894272519793, -1.692143388320048, 2.066427539041548, -33.043802104330496, 26.250214849796386, -2.0889956040559037, -5.213608718121904, -2.137963098322753, -4.623074244066898, 3.1925110837911688, 3.351606934710849] 
[-0.6992730607268729, -2.4482809684376807, -0.9385275476075512, -2.3040851293981115, -2.7395880551573093, -0.03027910671971834, 0.23494520642735828, 1.4685543322673134, -1.5588034480675683, 1.8977491464201426, -33.14110128535079, 26.024093525872278, -1.7272127474891386, -4.839686914824992, -1.8747201550632775, -4.720196555233638, 3.344403606280115, 3.199984154931083] 
[-0.6964759281114066, -2.451078101053147, -0.9357304149920849, -2.301287996782645, -2.736790922541843, -0.033076239335184665, 0.23214807381189195, 1.465757199651847, -1.5616005806830346, 1.8966295393114054, -33.13771276811927, 26.020129949592192, -1.7267624393928966, -4.835723687303651, -1.870960461197052, -4.722959041140871, 3.3415729405274086, 3.202748445558798] 
[-0.6831201735989179, -2.4377223465406583, -0.9223746604795962, -2.314643751295134, -2.7501466770543317, -0.01972048482269595, 0.24550382832438067, 1.4524014451393583, -1.5749563351955234, 1.8630792211664595, -33.17854630512329, 26.0576844464803, -1.7566180963178673, -4.838059563505807, -1.8845366565894555, -4.7096722956094785, 3.3553689734821948, 3.216226979473695] 
[-0.5128368565903283, -2.2674390295320688, -1.0926579774881857, -2.1443604342865443, -2.579863360045742, -0.1900038018312855, 0.0752205113157911, 1.2821181281307688, -1.4046730181869338, 2.203372942658181, -32.82524363548619, 25.994120812504708, -1.4485583153512094, -4.566332916908782, -1.9817397226377018, -4.54587991730395, 3.189101915969181, 3.38717653026043] 
[-0.45407929819859194, -2.2086814711403324, -1.0339004190964494, -2.2031179926782807, -2.5211058016540058, -0.24876136022302187, 0.016462952924054752, 1.340875686522505, -1.4634305765786702, 2.283235286850851, -32.75820695841126, 26.048958418011125, -1.5025647758057208, -4.4999838924993885, -1.8927528253653898, -4.474372642774037, 3.120853617002778, 3.3176309910565855] 
[-0.4548255638189065, -2.207935205520018, -1.034646684716764, -2.202371727057966, -2.5203595360336912, -0.2495076258433364, 0.017209218544369298, 1.3416219521428197, -1.4626843109583556, 2.2821235404277718, -32.759606162408865, 26.049940238855843, -1.501635277752446, -4.4985534434682855, -1.8916353837396331, -4.474898140519919, 3.1200184967181728, 3.3167976010990836] 
[-0.38219878820630515, -2.1353084299074165, -0.9620199091041626, -2.2749985026705675, -2.44773276042109, -0.32213440145593775, 0.08983599415697063, 1.2689951765302183, -1.535311086570957, 2.2428320603139396, -32.63205190309809, 25.873191389895695, -1.3126253284595943, -4.310598748495691, -1.7355988560788584, -4.371192678629424, 3.0546940080411953, 3.382561071677217] 
[-0.4233561403370121, -2.0941510777767096, -0.9208625569734556, -2.3161558548012744, -2.406575408290383, -0.2809770493252308, 0.13099334628767756, 1.3101525286609252, -1.49415373444025, 2.1931257189105766, -32.674896295726136, 25.85482972421402, -1.3252575861090987, -4.241036484473875, -1.6524963385747817, -4.310858982477455, 3.0164077894912555, 3.422426735146787] 
[-0.2834899238253381, -1.9542848612650356, -1.0607287734851296, -2.4560220713129484, -2.546441624802057, -0.14111083281355685, -0.00887287022399641, 1.1702863121492513, -1.634019950951924, 2.0667016082206104, -32.60942867088732, 25.956199244123248, -1.298532396736842, -4.501091974659843, -1.9477100032309185, -4.515360430334567, 2.8794498585498705, 3.5522474122904413] 
[-0.2242059856175469, -1.8950009230572444, -1.0014448352773384, -2.396738133105157, -2.605725563009848, -0.20039477102134806, 0.0504110679837948, 1.11100237394146, -1.5747360127441328, 2.016717180116676, -32.52056989432787, 25.87613047853012, -1.3691232098412247, -4.624331242286299, -2.0545103577271937, -4.468705453227278, 2.9353140026173183, 3.608281220367004] 
[-0.27123734004464484, -1.9420322774843424, -1.0484761897044363, -2.349706778678059, -2.652756917436946, -0.15336341659425012, 0.0033797135566968617, 1.0639710195143621, -1.5277046583170348, 1.9665632707135494, -32.56465818207423, 25.863093420367864, -1.4301057522490723, -4.67691739710438, -2.017523469403444, -4.4142985627028954, 2.9833723728457993, 3.6551431194645336] 
[-0.3521322505861437, -1.8611373669428435, -0.9675812791629375, -2.430601689219558, -2.733651827978445, -0.07246850605275124, 0.08427462409819575, 1.144865930055861, -1.446809747775536, 1.8787583979707898, -32.6357527036293, 25.822160034734058, -1.4668590243468647, -4.564941425410777, -1.8868515667556212, -4.315905988034116, 2.905573350400912, 3.733107905827062] 
[-0.43820763666980755, -1.9472127530265073, -0.8815058930792736, -2.516677075303222, -2.819727214062109, 0.013606880030912594, 0.17035001018185958, 1.0587905439721972, -1.3607343616918721, 1.9470111189657195, -32.816257997073, 26.020453982933624, -1.5795200894351376, -4.538938070490371, -1.959519428098524, -4.231176859823717, 3.005505628098857, 3.8303977132289897] 
[-0.5753634243257568, -2.0843685406824566, -1.018661680735223, -2.653832862959171, -2.956883001718058, -0.12354890762503667, 0.03319422252591031, 0.9216347563162479, -1.2235785740359229, 1.8488205212605744, -32.566440788510256, 25.781503223922375, -1.718621748676283, -4.7001962873178895, -1.8620817191500962, -4.360836082823445, 3.1106981663965474, 3.7120871051423965] 
[-0.5745074825720404, -2.08351259892874, -1.0195176224889393, -2.652976921205455, -2.9560270599643417, -0.12269296587132028, 0.034050164279626705, 0.9207788145625315, -1.2244345157896392, 1.847408065572931, -32.56852252676717, 25.783716188575582, -1.7201348798259286, -4.699531942368595, -1.8610009130595007, -4.359862278305685, 3.1100456068893463, 3.712766257458969] 
[-0.3677344399728024, -2.290285641527978, -0.8127445798897013, -2.446203878606217, -3.1628001025635797, -0.3294660084705583, 0.24082320687886472, 0.7140057719632935, -1.4312075583888773, 1.9782680885068262, -32.85329613413065, 26.078336137833332, -1.6625030034504829, -4.866859752981398, -1.7031725261449426, -4.541951449042923, 3.3893158844238633, 3.9949681443736473] 
[-0.3329868341272817, -2.325033247373499, -0.847492185735222, -2.4809514844517375, -3.1975477084091004, -0.364213614316079, 0.27557081272438544, 0.7487533778088142, -1.3964599525433565, 1.947608797795635, -32.83603946810334, 26.099531351128277, -1.6482814158507144, -4.895785429844386, -1.6745528703268875, -4.56287773978356, 3.4176415719099786, 3.9627269654521076] 
[-0.45402727210051697, -2.2039928094002637, -0.9685326237084573, -2.601991922424973, -3.076507270435865, -0.4852540522893143, 0.15453037475115017, 0.8697938157820495, -1.2754195145701213, 2.0454373938029615, -32.9397486244686, 26.10954389546661, -1.8549839336480984, -5.097028369115959, -1.7621729620892084, -4.48948853088828, 3.3227978383436363, 4.072991247978094] 
[-0.39853025919893414, -2.2594898223018465, -1.02402963661004, -2.54649490952339, -3.0210102575342823, -0.42975703938773147, 0.210027387652733, 0.8142968028804667, -1.330916527471704, 1.9689049190896428, -33.0208027919997, 26.123420419807424, -1.9412970698040022, -5.18313933427975, -1.874499838080005, -4.603817294276186, 3.2411161975835587, 3.9995400467461457] 
[-0.32456077942689165, -2.333459302073889, -0.9500601568379976, -2.4725254297513475, -2.94704077776224, -0.355787559615689, 0.2839968674247755, 0.8882662826525092, -1.2569470476996616, 2.017730807875896, -33.122753054302954, 26.231599396898183, -1.933492381181088, -5.2437329609087, -1.7517266764911943, -4.469612270264768, 3.322364555537989, 3.9393003877083674] 
[-0.3562571908752783, -2.3017628906255023, -0.9817565682863842, -2.440829018302961, -2.9787371892106265, -0.32409114816730233, 0.25230045597638884, 0.8565698712041225, -1.2886434591480482, 2.038693168198904, -33.17147628137125, 26.285906521293672, -1.940731994876159, -5.286102308760749, -1.808782754659028, -4.5285541709180945, 3.2708922663541937, 3.8957671028400047] 
[-0.28699811910605066, -2.2325038188562747, -0.9124974965171566, -2.5100880900721885, -2.909478117441399, -0.39335021993652997, 0.32155952774561647, 0.7873107994348949, -1.2193843873788206, 1.9297957008129818, -33.34171909054374, 26.480996479433205, -2.0817585209844576, -5.254969768738033, -1.7089794515810364, -4.440193493410435, 3.1982036627957844, 3.81170013762712] 
[-0.18616087067943599, -2.13166657042966, -0.8116602480905419, -2.409250841645574, -3.0103153658680135, -0.2925129715099153, 0.42239677617223115, 0.8881480478615096, -1.3202216358054353, 1.8540895601507006, -33.19723701476018, 26.35826680053687, -2.1964354243365913, -5.4313355863540975, -1.914365339642566, -4.650157043709582, 3.021310612209082, 3.6699354443437966] 
[-0.04221901995890209, -2.275608421150194, -0.667718397370008, -2.5531926923661077, -3.1542572165885474, -0.4364548222304492, 0.27845492545169725, 1.0320898985820435, -1.4641634865259692, 1.742621589502989, -32.8673933598647, 26.014542177912485, -2.158597080208591, -5.2490819888989, -1.6885360142636057, -4.401259081657151, 3.2073568181296794, 3.5586417691851686] 
[-0.06044008389075617, -2.25738735721834, -0.649497333438154, -2.5349716284342536, -3.1360361526566933, -0.45467588616230326, 0.2602338615198432, 1.0503109625138976, -1.445942422594115, 1.7242891763882198, -32.87146534478959, 26.051007141321513, -2.2059754206180267, -5.2880651612540355, -1.6765066994554612, -4.417409912399097, 3.185301054854015, 3.538483361762248] 
[-0.1463100129606889, -2.3432572862882726, -0.7353672625080867, -2.6208415575041863, -3.0501662235867606, -0.3688059570923705, 0.3461037905897759, 0.9644410334439648, -1.5318123516640478, 1.62743476346354, -33.158342073828635, 26.37191599710271, -2.3922256063364853, -5.286528322996299, -1.621339949487215, -4.489773486007295, 3.0991381110327523, 3.6153577431962214] 
[-0.33222780927475415, -2.1573394899742073, -0.921285058822152, -2.8067593538182516, -3.236084019900826, -0.5547237534064358, 0.5320215869038412, 1.15035882975803, -1.717730147978113, 1.8698525352015147, -32.6030369794411, 25.715857806521466, -1.9530621318910202, -5.3224556419747895, -1.775219616196424, -4.387045385268688, 2.9259862119137585, 3.4242233815093477] 
[-0.1583510301263178, -2.3312162691226437, -0.7474082796737156, -2.980636132966688, -3.0622072407523895, -0.7286005325548721, 0.7058983660522775, 1.3242356089064664, -1.5438533688296767, 1.606675419364855, -33.09772326852259, 26.289818278869998, -2.348277832673374, -5.233482618725957, -1.686668558247002, -4.5609532848120775, 2.6984552199980474, 3.6243076111732773] 
[-0.07263205557898078, -2.2454972945753067, -0.8331272542210526, -3.066355107514025, -2.9764882662050525, -0.6428815580075351, 0.6201793915049405, 1.2385166343591294, -1.6295723433770137, 1.694272829832147, -33.08043981628445, 26.111680039834965, -2.168039112392789, -5.129862199438959, -1.7417682113423385, -4.512315912777701, 2.6201552300947983, 3.7084698357509356] 
[-0.027954314180315576, -2.2008195531766415, -0.7884495128223874, -3.11103284891269, -2.9318105248063873, -0.5982038166088699, 0.5755016501062753, 1.1938388929604642, -1.674250084775679, 1.7390442357805909, -33.07837356818197, 26.026317259916624, -2.082126949663443, -5.092062267043109, -1.8268617092661952, -4.606604294548869, 2.5630729883391203, 3.666371533009527] 
[-0.1297861183344462, -2.098987749022511, -0.6866177086682568, -3.212864653066821, -2.8299787206522566, -0.4963720124547393, 0.4736698459521447, 1.2956706971145948, -1.7760818889298096, 1.6333140783139002, -33.31510344241464, 26.260178912605365, -2.0755184099566266, -4.975528909172738, -1.7421990187991687, -4.687137395926024, 2.4554132717545554, 3.5732119255514885] 
[-0.11949627106602168, -2.1092775962909354, -0.6969075559366813, -3.2025748057983963, -2.840268567920681, -0.48608216518631475, 0.46337999868372015, 1.2853808498461703, -1.765792041661385, 1.6222529929731595, -33.32692769454556, 26.26140622418337, -2.087082219629587, -4.958687690668933, -1.7200905957273727, -4.669066223821654, 2.444978131956894, 3.585323548723203] 
[-0.27907746089177254, -2.2688587861166862, -0.8564887457624322, -3.362155995624147, -2.6806873780949303, -0.3265009753605639, 0.3037988088579693, 1.1257996600204194, -1.6062108518356342, 1.4989404909075945, -32.733680372041974, 25.586389550522224, -1.6984751154485456, -5.121129118223431, -1.6647964611170465, -4.8237757200683085, 2.2904488322340955, 3.4514432693257646] 
[-0.3506036672680881, -2.1973325797403707, -0.7849625393861166, -3.2906297892478316, -2.752213584471246, -0.39802718173687945, 0.2322726024816537, 1.197325866396735, -1.5346846454593186, 1.5728485511493304, -32.720227628914394, 25.43737052155448, -1.54863368953066, -5.1811318031965445, -1.589969891328755, -4.721754243311022, 2.3723131555735417, 3.520472990186306] 
[-0.3336148628386606, -2.214321384169798, -0.7679737349566891, -3.273640984818404, -2.7352247800418183, -0.41501598616630697, 0.2152837980522262, 1.2143146708261625, -1.5516734498887461, 1.5540040285093732, -32.72944227071396, 25.415873960929666, -1.5255340264883566, -5.153356902494972, -1.5523148442733572, -4.690075627828195, 2.3923316578835663, 3.5381166473169414] 
[-0.4759074667550347, -2.3566139880861723, -0.625681131040315, -3.13134838090203, -2.8775173839581925, -0.27272338224993287, 0.07299119413585209, 1.3566072747425366, -1.6939660538051202, 1.7359437774491804, -32.527657868209666, 25.372204673158265, -1.3409998728699046, -5.431503740370715, -1.8864195358032476, -4.94455797851013, 2.519792991951534, 3.6826405740500254] 
[-0.5320665721975064, -2.3004548826437006, -0.6818402364827867, -3.1875074863445017, -2.933676489400664, -0.3288824876924046, 0.016832088693380376, 1.300448169300065, -1.6378069483626485, 1.6656561685017375, -32.57125178113547, 25.302798953582045, -1.2554349487645027, -5.350012858832053, -1.7883679237082453, -4.862000561080799, 2.584841027515767, 3.618693173233891] 
[-0.5682499728020207, -2.2642714820391863, -0.718023637087301, -3.1513240857399873, -2.9698598900051785, -0.3650658882969189, 0.05301548929789468, 1.3366315699045792, -1.6016235477581342, 1.7223699738171967, -32.51054400105362, 25.29208251476265, -1.2158263205792885, -5.319264084051593, -1.8091389820471255, -4.832215410628631, 2.6236472026252886, 3.5800060292340814] 
[-0.5472513801828558, -2.2432728894200213, -0.6970250444681361, -3.1303254931208224, -2.9488612973860135, -0.34406729567775396, 0.0740140819170596, 1.3576301625237441, -1.6226221403772991, 1.7700209761293342, -32.43306556939987, 25.20995903777599, -1.1604080478696093, -5.303387050496337, -1.8387177836314863, -4.863856795848516, 2.601636796404633, 3.6016635919976627] 
[-0.2820127170545266, -2.5085115525483506, -0.43178638133980685, -3.3955641562491516, -3.2140999605143428, -0.07882863254942474, -0.19122458121126962, 1.6228688256520734, -1.35738347724897, 1.9899227842477094, -32.57293621200272, 25.104359173658633, -1.3804736133856323, -4.955649765032353, -1.3708130323481669, -4.439925464707221, 2.887239070891267, 3.322004441241819] 
[-0.09875597260581048, -2.6917682969970667, -0.6150431257885229, -3.2123074118004356, -3.397356704963059, -0.26208537699814083, -0.007967836762553526, 1.8061255701007894, -1.1741267328002538, 1.7019148425463877, -33.03982661570489, 25.528722938029727, -1.38090963292634, -4.757451449335503, -1.5831430564008575, -4.637293850076011, 3.1164887301304165, 3.5528658223526834] 
[-0.3287064497614789, -2.921718774152735, -0.38509264863285453, -2.982356934644767, -3.1674062278073905, -0.49203585415380924, -0.23791831391822194, 1.576175092945121, -0.9441762556445854, 1.489098642948551, -32.846846065907144, 25.579867800487207, -1.1675059163286987, -4.9358745662277554, -1.8434333765213107, -4.931828644731327, 3.4841996390175423, 3.9209609007494044] 
[-0.4256709502359637, -3.01868327462722, -0.28812814815836973, -3.079321435119252, -3.2643707282818752, -0.39507135367932444, -0.33488281439270673, 1.6731395934196058, -1.0411407561190702, 1.3556623712702185, -32.96261214741842, 25.45840528447977, -1.0386383005094508, -5.017982786774485, -1.662024362966986, -4.751856121321047, 3.259059774229608, 3.6956929498626137] 
[-0.5694796870977743, -3.1624920114890305, -0.43193688502018035, -2.9355126982574413, -3.1205619914200646, -0.25126261681751383, -0.1910740775308961, 1.5293308565577952, -1.1849494929808808, 1.4464369407837274, -33.092021582498425, 25.671392010425453, -1.2351931164027112, -4.896347425065522, -1.5686509871462482, -4.853622114809645, 3.5287395263357326, 3.967511352753787] 
[-0.6251615501367052, -3.1068101484500996, -0.3762550219812495, -2.991194561296372, -3.1762438544589955, -0.3069444798564447, -0.24675594056982697, 1.4736489935188644, -1.12926762994195, 1.5660408730911575, -32.973444519529096, 25.572512238867237, -1.125124709052498, -4.821654599702471, -1.640807191627023, -4.927228645296738, 3.5700574973668857, 3.9270831380393556] 
[-0.5972423517196741, -3.0788909500330686, -0.34833582356421844, -2.963275362879341, -3.2041630528760265, -0.27902528143941363, -0.274675138986858, 1.4457297951018333, -1.157186828358981, 1.4998108443226164, -33.03894719298775, 25.52855679371735, -1.0762250859697968, -4.785598571967568, -1.6814392751213918, -4.966623492713436, 3.551362703794336, 3.9472921436219823] 
[-0.5077892363945462, -2.9894378347079407, -0.25888270823909054, -3.052728478204469, -3.2936161682011544, -0.3684783967645415, -0.3641282543119859, 1.5351829104269612, -1.0677337130338531, 1.298352335150262, -33.238508084611695, 25.46772363216614, -1.1326020104057841, -4.709387260470782, -1.616173868591319, -5.041003764044716, 3.6188416897499924, 3.8837394202755386] 
[-0.5052535075416908, -2.9869021058550853, -0.2614184370919459, -3.0501927493516137, -3.291080439348299, -0.3710141256173969, -0.36159252545913056, 1.5326471815741058, -1.0651979841809978, 1.2998861576851501, -33.24059265819402, 25.469957823835564, -1.1303467515543202, -4.706054190785395, -1.6204810793310254, -5.0449186211050385, 3.614287549702394, 3.8791533469273394] 
[-0.32317901146363925, -3.168976601933137, -0.0793439410138943, -2.868118253273562, -3.1090059432702475, -0.5530886216954485, -0.17951802938107897, 1.7147216776521574, -1.2472724802590494, 1.157569880007233, -33.1574598822332, 25.707046741206074, -1.3892617125247226, -4.895861491207049, -1.727858168855267, -4.90039858080042, 3.737338698036881, 3.7527818855971837] 
[-0.5357237281172462, -2.95643188527953, 0.13320077563971267, -3.080662969927169, -2.8964612266166405, -0.3405439050418415, -0.39206274603468594, 1.9272663943057644, -1.0347277636054424, 1.4711208373864948, -32.839293442841246, 25.941992918899018, -1.5749675763078235, -4.729512612458596, -1.5864372741090937, -5.046670286749092, 3.4259709117360435, 3.4438481195466397] 
[-0.4551836391599611, -3.036971974236815, 0.052660686682427515, -3.161203058884454, -2.9770013155739257, -0.42108399399912666, -0.3115226570774008, 1.8467263053484793, -0.9541876746481572, 1.6434085456032195, -32.65643381808933, 25.840811708571838, -1.5131753574273095, -4.824553233989359, -1.665791454984475, -4.970238832982211, 3.582336706903158, 3.5935538283462867] 
[-0.2720229687057081, -2.853811303782562, -0.13049998377182548, -2.978042388430201, -2.7938406451196727, -0.23792332354487367, -0.1283619866231478, 1.6635656348942263, -0.7710270041939042, 1.979330966509492, -32.30704327907902, 25.634157066048402, -1.3367783872954775, -5.034328169311835, -1.821012610185778, -4.8157320161496395, 3.988088083154729, 3.991607100232215] 
[-0.32448332224102816, -2.906271657317882, -0.0780396302365054, -2.925582034894881, -2.8463009986549928, -0.29038367708019375, -0.18082234015846788, 1.6111052813589062, -0.7185666506585842, 2.02396385300447, -32.33742571330572, 25.595129114154894, -1.378989945692496, -4.998459515930046, -1.8521819718432144, -4.772181773837988, 3.8092907840552757, 3.8125159975787586] 
[-0.26794701032500146, -2.962807969233909, -0.1345759421525321, -2.982118346810908, -2.9028373105710195, -0.34691998899622045, -0.12428602824244117, 1.6676415932749329, -0.7751029625746109, 1.9772862048782378, -32.30562688680074, 25.6417255017356, -1.3393660251782007, -5.06430941144538, -1.9161207245703893, -4.733095937055496, 3.7773960042257886, 3.845454131708815] 
[-0.34605667983394883, -3.0409176387428563, -0.21268561166147948, -2.9040086773019604, -2.980946980079967, -0.42502965850516783, -0.046176358733493794, 1.5895319237659855, -0.8532126320835582, 2.0420472349387686, -32.35686292028387, 25.582872689873568, -1.4202976567749501, -5.132941348827484, -1.8166037979859349, -4.621819218115461, 3.8256917878257237, 3.801417973020451] 
[-0.4265760028135108, -2.9603983157632943, -0.29320493464104147, -2.9845280002815224, -2.900427657100405, -0.34451033552560584, -0.12669568171305579, 1.5090126007864235, -0.9337319550631202, 2.0985889062824934, -32.42791340808779, 25.686885268810663, -1.5032255045974634, -5.050056755181092, -1.6669370556019436, -4.480629363205434, 3.5913081894829104, 3.566967234111328] 
[-0.25341549385399165, -2.787237806803775, -0.1200444256815223, -3.1576885092410416, -3.073588166059924, -0.517670844485125, 0.04646482724646339, 1.6821731097459427, -1.1068924640226394, 1.9956027819055078, -32.25548737502317, 25.4246891036213, -1.282579553887734, -5.229802045550408, -1.8410957650775128, -4.361025118376657, 3.1687051040655447, 3.1449169075674557] 
[-0.10626388181606106, -2.6400861947658445, -0.2671960377194529, -3.304840121278972, -3.2207397780978546, -0.3705192324471944, -0.1006867847914672, 1.535021497708012, -0.9597408519847088, 1.8126861625740895, -32.40759136467996, 25.310568035446803, -1.1250214700386185, -5.078665368446435, -1.7310548930599772, -4.454366123587412, 3.271118877283741, 3.0432565208118123] 
[0.015223894735578059, -2.7615739713174836, -0.388683814271092, -3.183352344727333, -3.0992520015462155, -0.2490314558955553, -0.2221745613431063, 1.413533721156373, -1.081228628536348, 1.9122274973290767, -32.64356645656124, 25.5789532821398, -1.2917889045624575, -5.181244382629749, -1.632714681417387, -4.539589796278983, 2.988709147054339, 2.7606649305528363] 
[-0.17368187953812497, -2.5726681970437806, -0.577589588544795, -3.372258119001036, -2.9103462272725125, -0.43793723016925834, -0.41108033561680934, 1.22462794688267, -1.270134402810051, 1.7255980387451841, -32.80458200983405, 25.50538206878234, -1.4626212358892519, -4.979264603295545, -1.4746123086171115, -4.702300658396834, 3.3409214435614527, 3.1091319466920235] 
[-0.27233239324574643, -2.671318710751402, -0.6762401022524165, -3.2736076052934147, -3.008996740980134, -0.5365877438768798, -0.5097308493244308, 1.1259774331750485, -1.3687849165176724, 1.636988803797654, -32.73561202968232, 25.543128559291418, -1.3950850717542824, -4.903042321477408, -1.523293887263094, -4.610948681703857, 3.2503395349201067, 3.1846500461215723] 
[-0.18355906063887306, -2.5825453781445287, -0.7650134348592899, -3.1848342726865413, -2.9202234083732606, -0.6253610764837532, -0.42095751671755743, 1.2147507657819219, -1.280011583910799, 1.519391747154188, -32.85582136633568, 25.552643196585652, -1.4988160170891969, -4.80776802877934, -1.5592938388627342, -4.515896478039541, 3.1273046438721965, 3.076425944109472] 
[-0.2213249796734853, -2.620311297179141, -0.8027793538939021, -3.2226001917211535, -2.957989327407873, -0.5875951574491409, -0.4587234357521697, 1.252516684816534, -1.2422456648761868, 1.4862089287233355, -32.82620363253088, 25.560653910433974, -1.4670824511482483, -4.763934009813825, -1.519745657248323, -4.52743320451369, 3.078683698733932, 3.0267351183992663] 
[-0.5211342778990147, -2.9201205954046703, -0.5029700556683727, -2.922790893495624, -2.6581800291823434, -0.28778585922361155, -0.1589141375266403, 1.5523259830420635, -0.9424363666506574, 1.8565817229732544, -32.45553063487687, 25.55959515618222, -1.1843811065101546, -4.442492569660191, -1.27374802343245, -4.737164826663374, 3.3400314966250537, 2.798739641108633] 
[-0.5198101453197193, -2.918796462825375, -0.5042941882476681, -2.9214667609163287, -2.656855896603048, -0.28646172664431613, -0.16023827010593572, 1.551001850462768, -0.941112234071362, 1.8555873159466454, -32.45485177364381, 25.56056742240012, -1.1838614282315758, -4.4446194669252925, -1.2757943315883873, -4.736346107793291, 3.3391901445723087, 2.799575526092348] 
[-0.4734620593351646, -2.87244837684082, -0.5506422742322228, -2.875118674931774, -2.7032039825876026, -0.33280981262887077, -0.20658635609049036, 1.5046537644782134, -0.8947641480868074, 1.7540333578305247, -32.56881030256722, 25.67023913274151, -1.2799527377412934, -4.440527646044622, -1.3354059412039951, -4.797318720392804, 3.3101577040496264, 2.8290490434347824] 
[-0.40554013711456594, -2.940370299061419, -0.4827203520116241, -2.9430405971523728, -2.7711259048082013, -0.40073173484946945, -0.27450827831108904, 1.572575686698812, -0.962686070307406, 1.6146170279383862, -32.73146218597087, 25.836094199043732, -1.41380179851171, -4.367801071608322, -1.2527220168953606, -4.84355204312593, 3.485736225724274, 3.0042598540718886] 
[-0.2573289625897768, -2.7921591245366297, -0.6309315265364133, -2.7948294226275836, -2.9193370793329905, -0.5489429093742586, -0.12629710378629988, 1.7207868612236012, -1.1108972448321952, 1.7281829202100685, -32.821087934230476, 25.745813766066945, -1.5110262591787567, -4.301905293348416, -1.456142859820158, -5.062816972238931, 3.8149004358906167, 3.3334868936612208] 
[-0.19499951504568247, -2.854488572080724, -0.6932609740805076, -2.7324999750834893, -2.9816665268770848, -0.4866134618301643, -0.1886265513303942, 1.7831163087676956, -1.1732266923762895, 1.6400540934173673, -32.92898175689508, 25.837420854714956, -1.511855434740423, -4.3594664217552594, -1.4279255086819937, -5.110217380985047, 3.8573850169889834, 3.289654326916137] 
[-0.07568067644326137, -2.973807410683145, -0.5739421354780865, -2.8518188136859104, -3.100985365479506, -0.3672946232277432, -0.3079453899328153, 1.6637974701652745, -1.0539078537738684, 1.799978388430187, -32.71047880356493, 25.512335962217914, -1.2289614465400327, -4.423116074160608, -1.6585158303929652, -5.337463754217479, 3.7611934486802645, 3.373211914863024] 
[-0.0834981693161072, -2.981624903555991, -0.5661246426052406, -2.8596363065587562, -3.1088028583523517, -0.35947713035489737, -0.3157628828056611, 1.6559799772924286, -1.0617253466467143, 1.7917097394980221, -32.716530796997354, 25.495302795881578, -1.2093475995835983, -4.410360158028108, -1.652017817544454, -5.342677388347755, 3.7757371925240206, 3.3878489029137153] 
[-0.05784583486924677, -2.9559725691091305, -0.5404723081583802, -2.8852886410056167, -3.0831505239054913, -0.3851294648017578, -0.2901105483588007, 1.6303276428455682, -1.0873776810935747, 1.8198583983163898, -32.686212177873415, 25.477771423121442, -1.2333005347955377, -4.441110849140991, -1.6342611113386911, -5.363589822525452, 3.7274352492553615, 3.3399008290231653] 
[0.10897456303275388, -2.78915217120713, -0.37365191025637956, -2.718468243103616, -3.249970921807492, -0.21830906689975715, -0.45693094626080133, 1.7971480407475688, -1.2541980789955753, 1.6630763217188038, -32.509544801887316, 25.35905561327577, -1.3886934181071175, -4.656067881044748, -1.9095742701983953, -5.634169709487454, 3.421757128641449, 3.037177009274546] 
[-0.016054733170544067, -2.664122875003832, -0.24862261405308161, -2.593438946900318, -3.124941625604194, -0.3433383631030551, -0.5819602424640993, 1.672118744544271, -1.3792273751988733, 1.7775384159727032, -32.40601981098661, 25.389796718281794, -1.1927215644490154, -4.444127345935283, -2.0387183195538534, -5.549850357881247, 3.2587533946704244, 2.8677668390804105] 
[-0.06611239381430667, -2.6140652143600693, -0.2986802746968442, -2.6434966075440807, -3.1749992862479566, -0.3933960237468177, -0.5319025818203367, 1.6220610839005083, -1.3291697145551107, 1.7286323534835015, -32.325254461299565, 25.319278533795757, -1.2758616816142407, -4.53568055180486, -2.0019644824792535, -5.592807686298526, 3.196978739405747, 2.807933872701438] 
[-0.1454291980714284, -2.693382018617191, -0.37799707895396595, -2.564179803286959, -3.2543160905050783, -0.31407921948969597, -0.45258577756321494, 1.70137788815763, -1.4084865188122324, 1.6576019659433194, -32.18009036223698, 25.173667646747088, -1.2910538717511448, -4.466433569315186, -1.8862141594223236, -5.476780923999848, 3.1341161022224746, 2.8743039272857547] 
[-0.21560030429851795, -2.6232109123901015, -0.3078259727268764, -2.4940086970598694, -3.1841449842779888, -0.3842503257167855, -0.3824146713361254, 1.7715489943847196, -1.3383154125851429, 1.7427138171403078, -32.06569198829846, 25.090579518299524, -1.4082905771093757, -4.605731898984376, -1.7743447719513619, -5.3709689409362475, 3.221952125773891, 2.957131415007385] 
[-0.036979149178601345, -2.801832067510018, -0.486447127846793, -2.672629852179786, -3.005523829158072, -0.20562917059686892, -0.20379351621620878, 1.9501701495046362, -1.5169365677050595, 1.8732566741817782, -32.32441713723426, 25.316838086429343, -1.0666957167696574, -4.2393132315977216, -1.5069880844760404, -5.08242578458438, 3.468718196959354, 3.1874395756432925] 
[0.06707028851745389, -2.9058815052060734, -0.38239769015073777, -2.5685804144837308, -2.901474391462017, -0.10157973290081368, -0.307842953912264, 1.846120711808581, -1.6209860054011147, 1.7669181484117396, -32.39008745472762, 25.173884330346997, -0.9185751170521196, -4.269969772671189, -1.3823775256275126, -4.960308753209595, 3.3785078470866408, 3.28707130980996] 
[0.25747933572799053, -3.09629055241661, -0.19198864294020113, -2.7589894616942674, -3.0918834386725536, 0.08882931430972296, -0.49825200112280066, 2.0365297590191176, -1.430576958190578, 1.9676023908137954, -32.54776273399478, 24.961969426150297, -0.7362307724270856, -4.41871265806689, -1.6209210370688036, -5.15808329967651, 3.56185808070835, 3.0882264133999784] 
[0.33929490947664687, -3.1781061261652663, -0.27380421668885746, -2.677173887945611, -3.010067864923897, 0.007013740561066628, -0.4164364273741443, 2.118345332767774, -1.3487613844419217, 2.0319298864801985, -32.47901556977358, 24.885313196161317, -0.782119873545655, -4.357593549497995, -1.705860271808228, -5.081893389696226, 3.5046149577628207, 3.163762849897711] 
[0.17005152745251206, -3.347349508189401, -0.10456083466472266, -2.846417269969746, -3.179311246948032, -0.16222964146306817, -0.24719304535000952, 1.9491019507436391, -1.179518002417787, 1.7749731731369596, -32.21529574159351, 25.157251270984958, -1.171012613247262, -4.7177166476606915, -1.9159233096583144, -5.302941277771987, 3.252260684151226, 2.9511268041979855] 
[0.0842273624506451, -3.261525343187534, -0.19038499966658962, -2.760593104967879, -3.265135411949899, -0.24805380646493513, -0.16136888034814256, 1.8632777857417722, -1.2653421674196539, 1.8509198661795114, -32.15567201206626, 25.089245942124297, -1.2311506182374954, -4.651864816857526, -1.8433029239397702, -5.37232957932867, 3.309118378894885, 2.884840739938777] 
[0.06103747560273587, -3.238335456339625, -0.21357488651449885, -2.7374032181199697, -3.2419455251019897, -0.27124369331284437, -0.1845587671960518, 1.840087898893863, -1.2885320542675631, 1.8253136848603682, -32.12674249330002, 25.120005351220946, -1.2551339611229888, -4.63924940325453, -1.8263116208206434, -5.392288094322366, 3.290085672416263, 2.9026212676580094] 
[-0.10040436852649282, -3.3997773004688536, -0.37501673064372754, -2.8988450622491984, -3.080503680972761, -0.43268553744207305, -0.3460006113252805, 2.0015297430230916, -1.4499738983967918, 1.6546198230461013, -31.97435648745013, 24.91390171512453, -0.9508525714543509, -4.370260158130486, -1.7270238405185045, -5.538375474148672, 3.063369098684125, 2.681341452008596] 
[-0.060667513592806754, -3.4395141554025397, -0.4147535855774136, -2.8591082073155123, -3.120240535906447, -0.392948682508387, -0.38573746625896654, 2.0412665979567777, -1.4897107533304779, 1.6898011750544475, -32.02136237676948, 24.868727093046918, -0.967357182952565, -4.335756729589128, -1.7558121989485922, -5.515282638475156, 3.0220684437186027, 2.637349429469912] 
[-0.18645334523218327, -3.565299987041916, -0.2889677539380371, -2.984894038954889, -2.9944547042670706, -0.2671628508690105, -0.25995163461959003, 2.167052429596154, -1.6154965849698544, 1.8227809117619331, -31.897242774370277, 24.833770641883596, -1.1229107849125803, -4.503173066520327, -1.8590959331156827, -5.442901951484885, 2.9156242452262746, 2.7560150026829473] 
[-0.25784204685124723, -3.4939112854228522, -0.21757905231897312, -2.913505337335825, -3.0658434058861346, -0.33855155248807445, -0.331340336238654, 2.09566372797709, -1.6868852865889183, 1.9072818415340846, -31.819647527305044, 24.812925464932178, -1.2027823580313357, -4.596646225757434, -1.9325938643344878, -5.39952692848492, 2.847636364568553, 2.829833072836343] 
[-0.23768469881682353, -3.514068633457276, -0.19742170428454942, -2.893347989301401, -3.045686057851711, -0.35870890052249815, -0.3514976842730777, 2.115821076011514, -1.6667279385544946, 1.925307699984786, -31.828553539897037, 24.8342181721055, -1.223237140212613, -4.5789088964961016, -1.9026350031639565, -5.372166111308423, 2.833469330624954, 2.81101854161094] 
[-0.15975698201281108, -3.4361409166532635, -0.27534942108856186, -2.8154202724973887, -2.9677583410476984, -0.2807811837184857, -0.42942540107709015, 2.1937487928155264, -1.744655655358507, 1.813037758068839, -31.985147240912458, 24.67839053416329, -1.0900297774795056, -4.463474359943797, -1.8386578745216207, -5.4452679357116125, 2.7367589773605494, 2.8963831695367888] 
[-0.25611771709205544, -3.339780181574019, -0.3717101561678062, -2.911781007576633, -2.871397605968454, -0.18442044863924134, -0.5257861361563345, 2.097388057736282, -1.6482949202792627, 1.9019988062233006, -32.03375669368551, 24.802419583573677, -1.2566939669234536, -4.594311952825754, -1.736136334751016, -5.3374381715420895, 2.676897648470927, 2.807668841317289] 
[-0.11289473987037968, -3.1965572043523434, -0.22848717894613046, -3.055003984798309, -2.7281746287467783, -0.3276434258609171, -0.38256315893465875, 2.2406110349579578, -1.505071943057587, 2.0830785824192466, -31.881334464037028, 24.600826778678666, -1.0103431216611058, -4.431856988117811, -1.858079955354733, -5.469767570967647, 2.795997650812569, 2.657550945544262] 
[-0.0634562812284638, -3.1471187457104275, -0.1790487203042146, -3.1044424434402247, -2.6787361701048624, -0.377081884502833, -0.4320016175765746, 2.2900494935998736, -1.455633484415671, 2.0271018842283657, -31.93945992335356, 24.555866572393988, -1.0439347412978792, -4.35774639129217, -1.7861348133326282, -5.490167132925899, 2.838695817710901, 2.610151953904982] 
[0.10043745399061987, -2.983225010491344, -0.015154985085130912, -2.940548708221141, -2.5148424348857787, -0.5409756197219167, -0.5958953527956583, 2.12615575838079, -1.6195272196347548, 2.1811533906474545, -32.094668948830005, 24.35609468095417, -0.8470685915660238, -4.436657699498289, -1.596802341817329, -5.295730576062433, 2.7369066847955357, 2.766054874145207] 
[0.061777405182664724, -3.021885059299299, -0.05381503389308606, -2.901888659413186, -2.4761823860778236, -0.5796356685298718, -0.6345554016036135, 2.087495709572835, -1.5808671708267996, 2.145452141644563, -32.124551614877774, 24.322680575918387, -0.8850914105272876, -4.435747068752253, -1.6609474568891, -5.370855418689318, 2.680448346853008, 2.729328914874245] 
[-0.003139621464422815, -3.0868020859463865, 0.011101992754001477, -2.8369716327660983, -2.541099412724911, -0.6445526951769593, -0.5696383749565259, 2.1524127362199224, -1.515950144179712, 2.214211135845641, -32.187230241106576, 24.268462890861453, -0.947531841057939, -4.437549076376538, -1.7707069618071005, -5.497480389410474, 2.584042427145936, 2.7949257488306323] 
[0.14006057626587176, -2.943601888216092, -0.1320982049762931, -2.6937714350358037, -2.3978992149946166, -0.5013524974466648, -0.7128385726868205, 2.0092125384896278, -1.3727499464494175, 2.0705843508355057, -32.32330686604862, 24.130152145725354, -1.1898104848303426, -4.832043437916877, -2.2147749357162687, -5.811014535323475, 2.6475537691274162, 2.6541753328338373] 
[0.30848948201566384, -3.112030793965884, 0.03633070077349898, -2.5253425292860117, -2.5663281207444086, -0.6697814031964568, -0.8812674784366126, 2.17764144423942, -1.5411788521992096, 2.213841553947818, -32.139405063861595, 23.948455716372095, -1.380861208422591, -4.970607147315876, -2.0461897944195346, -5.533318704753294, 2.911074186198574, 2.8581186669133065] 
[0.3526617456615473, -3.1562030576117674, -0.007841562872384467, -2.569514792931895, -2.610500384390292, -0.7139536668423403, -0.925439742082496, 2.1334691805935364, -1.4970065885533261, 2.247336122796157, -32.104221709151716, 23.906660821121225, -1.2672008879228402, -4.824668994784701, -1.9120681148575758, -5.415163387619168, 2.996706830064241, 2.903616130542792] 
[0.4259155602112703, -3.2294568721614905, 0.06541225167733855, -2.496260978382172, -2.683754198940015, -0.7872074813920633, -0.998693556632219, 2.0602153660438134, -1.5702604031030492, 2.301381272877158, -32.04860247390728, 23.981820176685194, -1.4405840109265773, -5.038112240423616, -2.096184905512867, -5.539331682712807, 3.0327660032124384, 2.9782224081784676] 
[0.32496234201650975, -3.330410090356251, 0.1663654698720991, -2.3953077601874115, -2.7847074171347757, -0.6862542631973028, -0.8977403384374585, 1.9592621478490528, -1.6712136212978097, 2.477079584120988, -32.23021614325215, 23.877107155963387, -1.2344638891927067, -4.832649393680311, -2.1220962318073853, -5.470057719457436, 2.9511647493823543, 3.079154729278979] 
[0.47358812019903707, -3.1817843121737237, 0.3149912480546264, -2.543933538369939, -2.933333195317303, -0.5376284850147754, -1.0463661166199858, 1.8106363696665255, -1.5225878431152824, 2.6869529990415515, -32.425521965645096, 23.986194968016754, -1.278657493173583, -4.686951080298756, -1.9971323012960394, -5.6121068083815455, 2.7780091460159912, 2.9405436761955146] 
[0.4574640886888208, -3.1656602806635075, 0.33111527956484266, -2.560057569880155, -2.949457226827519, -0.5215044535045592, -1.062490148130202, 1.8267604011767418, -1.5064638116050661, 2.6976083017565218, -32.41352161533392, 24.007727616778475, -1.259116024474572, -4.690948916774845, -1.984210602800426, -5.622531908183963, 2.791921662496778, 2.9247457389180362] 
[0.5119320214202905, -3.111192347932038, 0.3855832122963123, -2.6145255026116248, -3.003925159558989, -0.5759723862360289, -1.0080222153987324, 1.8812283339082114, -1.4519958788735965, 2.6587583250931432, -32.44889265222708, 24.10288026410207, -1.1066491534749732, -4.5494389094030385, -1.9170092811226471, -5.65129300881778, 2.8425692297800116, 2.980746749570441] 
[0.31412552943372885, -3.3089988399185994, 0.583389704282874, -2.8123319945981864, -2.8061186675724272, -0.3781658942494672, -0.8102157234121707, 1.6834218419216498, -1.2541893868870349, 2.272472969861186, -32.06395607824041, 24.184710043515214, -1.434512512826082, -4.888744526179133, -1.8178623601016497, -5.876792646103507, 2.583050824635957, 2.767313975120269] 
[0.3643256738836247, -3.2587986954687036, 0.6335898487327698, -2.8625321390480822, -2.856318812022323, -0.3279657497995714, -0.8604158678620666, 1.633221697471754, -1.3043895313369307, 2.346403723245848, -32.14184680686039, 24.145647462451578, -1.3927997443476396, -4.843261522354004, -1.8708685131428238, -5.943261070881915, 2.5364057082621954, 2.8075664534190374] 
[0.41055861710979014, -3.212565752242538, 0.5873569055066044, -2.816299195821917, -2.9025517552484885, -0.37419869302573683, -0.8141829246359011, 1.6794546406979194, -1.3506224745630961, 2.31597504627691, -32.186507436539046, 24.041217600825334, -1.4888030697476817, -4.799805552975617, -1.8018624179837581, -5.885497298738526, 2.4832773211986026, 2.752230085254693] 
[0.24257842324758383, -3.3805459461047445, 0.7553370993688107, -2.6483190019597105, -2.734571561386282, -0.20621849916353052, -0.6462027307736948, 1.511474446835713, -1.1826422807008898, 2.1975437126143813, -32.31096554100412, 23.974196681586857, -1.2831907521135093, -4.518386434976173, -1.5131289599043543, -5.631237783791066, 2.6997645387165212, 2.952475275116498] 
[0.029670029432215417, -3.167637552289376, 0.5424287055534422, -2.435410608144342, -2.9474799552016506, 0.006689894651837891, -0.4332943369583264, 1.7243828406510815, -1.3955506745162582, 1.896089490809171, -31.9315612370372, 24.54896308571667, -0.7745524030535351, -4.64934764327441, -1.7448163891886792, -5.458594198097255, 2.8566974285658886, 2.7869038369039854] 
[0.005151130842432794, -3.1431186536995934, 0.5669476041432249, -2.4108917095545594, -2.9719988537914332, -0.017829003937944732, -0.4087754383685438, 1.7489017392408641, -1.4200695731060409, 1.8723023167355868, -31.956235299824478, 24.510361349579316, -0.8090194830726748, -4.639797824110706, -1.718737160654767, -5.485247967420378, 2.825878777298206, 2.7575656638728474] 
[0.23003809841759915, -2.918231686124427, 0.3420606365680585, -2.635778677129726, -2.747111886216267, -0.24271597151311108, -0.18388847079337745, 1.9737887068160305, -1.6449565406812072, 1.6485716250219729, -32.18070684921954, 23.937782340936174, -1.6776324243679173, -5.387182593598296, -2.041053148280997, -5.702485858836021, 3.008329291488908, 2.5574199729735336] 
[0.11868272318761552, -2.8068763108944434, 0.2307052613380749, -2.524423301899742, -2.8584672614462505, -0.3540713467430947, -0.29524384602336107, 2.085144082046014, -1.7563119159111908, 1.7361572982110003, -32.07380484530524, 23.863850569804995, -1.4709354307414528, -5.110726901366688, -1.8020456754528196, -5.530893737277702, 3.1246897094965793, 2.660978301285874] 
[-0.17464983944176526, -3.1002088735238242, -0.06262730129130589, -2.817755864529123, -2.5651346988168697, -0.6474039093724755, -0.0019112833939802787, 2.378476644675395, -1.46297935328181, 2.056852841791784, -32.31848139537576, 23.597684778385506, -1.7578227829822122, -5.012152557929143, -1.987183554525985, -5.2573382699717595, 3.416575013233665, 2.909465851718858] 
[-0.21556630647868746, -3.1411253405607464, -0.10354376832822809, -2.858672331566045, -2.606051165853792, -0.6064874423355533, 0.03900518364294192, 2.419393111712317, -1.4220628862448879, 2.0217185106498556, -32.285176950538954, 23.634873421409477, -1.7177843624830313, -5.007170272875011, -1.9016890548454808, -5.173239935064568, 3.372463979365739, 2.8652685758204437] 
[-0.2418998167552313, -3.1674588508372903, -0.12987727860477194, -2.885005841842589, -2.6323846761303358, -0.6328209526120971, 0.012671673366398073, 2.445726621988861, -1.395729375968344, 2.0434149192546274, -32.306855715495054, 23.604327026870187, -1.6752378741843736, -4.951970203340915, -1.8552270246696474, -5.1775201831934465, 3.401758629288133, 2.8944694951928103] 
[-0.3213430564455233, -3.0880156111469983, -0.05043403891447995, -2.805562602152297, -2.7118279158206278, -0.7122641923023891, -0.06677156632389392, 2.366283382298569, -1.316286136278052, 1.938394642988311, -32.41366371302159, 23.51533392407761, -1.6202155868848636, -5.113839949507769, -2.103808292651281, -5.385891068995409, 3.474877864297092, 2.8231896804930368] 
[-0.3211376622304438, -3.087810216931919, -0.05022864469940047, -2.8057679963673765, -2.7116225216055483, -0.7124695865174686, -0.06656617210881444, 2.3660779880834895, -1.3164915304931315, 1.93855417981566, -32.41380911295719, 23.515143202473503, -1.6203690687193784, -5.113696823526464, -2.1038631072633933, -5.385708935437778, 3.475133856887418, 2.823440086250105] 
[-0.16101915754455365, -2.9276917122460286, 0.1098898599864897, -2.9658865010532667, -2.8717410262914385, -0.5523510818315784, -0.2266846767947046, 2.5261964927693796, -1.1563730258072413, 1.7071532590788765, -32.63996618215169, 23.379765873056968, -1.8996554031532458, -5.533438543014129, -2.6950421480294153, -5.901913127012336, 3.319802183581155, 2.956261872100019] 
[-0.18311776691039472, -2.9497903216118697, 0.08779125062064863, -2.9437878916874256, -2.8938396356572795, -0.5744496911974195, -0.20458606742886354, 2.5482951021352207, -1.1784716351730824, 1.7344008158292128, -32.60710136880411, 23.348568352128268, -1.9210198027422474, -5.50939622394375, -2.6703323756176935, -5.907516436115963, 3.347449192312045, 2.9846226069601456] 
[-0.39584338801329966, -3.1625159427147747, -0.12493437048225631, -2.7310622705845207, -3.1065652567601845, -0.7871753123003244, -0.4173116885317685, 2.3355694810323158, -0.9657460140701775, 1.4664774403821723, -32.91588814104686, 23.60653831680089, -2.0680965532279045, -5.278194592259481, -2.4405158132553115, -5.964859583503347, 3.608005694967417, 3.2518843056754045] 
[-0.25098026454206734, -3.307379066186007, 0.019928752988976006, -2.875925394055753, -3.251428380231417, -0.6423121888290921, -0.5621748120030008, 2.480432604503548, -0.8208828905989451, 1.7007454596503595, -32.68397008818393, 23.436549013504763, -1.8092500958244835, -5.039237668087494, -2.8086002466078117, -6.318144840265416, 3.7584161550913535, 3.4531804014532055] 
[-0.28882081300855833, -3.269538517719516, 0.05776930145546699, -2.838084845589262, -3.2892689286979078, -0.6044716403626011, -0.5243342635365098, 2.442592056037057, -0.7830423421324542, 1.6486236711269062, -32.74227313746781, 23.388400663651783, -1.8614242777860615, -5.090673181183764, -2.8088161296577407, -6.2521095403178295, 3.8424361342070346, 3.5207724394750675] 
[-0.25394063347794105, -3.2346583381888987, 0.02288912192484971, -2.8032046660586447, -3.2543887491672905, -0.5695914608319839, -0.5592144430671271, 2.40771187650644, -0.8179225216630714, 1.5985519729768352, -32.7960495730196, 23.349490002607155, -1.8150171264654886, -5.044409965508011, -2.788797742046412, -6.2716664642682725, 3.8601382061140193, 3.492880900305257] 
[-0.14580729091699385, -3.1265249956279515, 0.1310224644857969, -2.911338008619592, -3.1462554066063433, -0.46145811827103667, -0.4510811005061799, 2.2995785339454926, -0.7097891791021242, 1.7405316141705396, -32.66073636807076, 23.256816129514245, -1.6619132962462915, -4.902000258344416, -2.607469375484058, -6.082495249753848, 3.8561361276258483, 3.5994607095833446] 
[0.018281378688248084, -2.9624363260227096, 0.29511113409103884, -2.74724933901435, -2.9821667370011014, -0.29736944866579473, -0.6151697701114218, 2.4636672035507345, -0.8738778487073662, 1.5969557581615723, -32.519536198087174, 23.394206939942684, -1.8554181305481638, -5.109234680996882, -2.764418348787641, -6.0667799965114355, 3.5272998409240803, 3.267917606394393] 
[-0.0030061320097469757, -2.9837238367207046, 0.3163986447890339, -2.768536849712345, -2.9608792263031063, -0.3186569593637898, -0.6364572808094169, 2.4423796928527395, -0.8951653594053612, 1.6177937208675504, -32.49454433182551, 23.37027752899869, -1.8492930694971248, -5.133591047774298, -2.8021809091636656, -6.122066910902091, 3.468946786114802, 3.2274459214440467] 
[-0.12845388731347884, -3.1091715920244365, 0.19095088948530203, -2.893984605016077, -3.086326981606838, -0.44410471466752166, -0.7619050361131487, 2.3169319375490076, -0.7697176041016294, 1.4919141117634562, -32.64001111929086, 23.501764046099186, -1.9041447514443846, -5.036821784029342, -2.8650260535887764, -5.931539801756616, 3.6556556090910353, 3.1624361093283757] 
[-0.2570558635915059, -2.9805696157464094, 0.3195528657633291, -2.76538262873805, -2.957725005328811, -0.5727066909455487, -0.6333030598351217, 2.4455339138270347, -0.8983195803796564, 1.6398334714743241, -32.48913366974153, 23.3960478739771, -1.7538077547273703, -4.865439155538758, -2.727300460676389, -5.928846731394688, 3.86492385618088, 3.3708795380196874] 
[-0.20994116728982948, -2.933454919444733, 0.27243816946165267, -2.8124973250397263, -2.9106103090271347, -0.6198213872472251, -0.6804177561367981, 2.3984192175253582, -0.9454342766813328, 1.675625632423564, -32.53425318230028, 23.443508492797463, -1.7756395855447344, -4.831624889556585, -2.767981454780715, -5.925118341254512, 3.797024632775264, 3.301903854191805] 
[-0.22173064258806607, -2.9216654441464964, 0.28422764475988926, -2.824286800337963, -2.9223997843253713, -0.6080319119489885, -0.6686282808385615, 2.3866297422271217, -0.9336448013830962, 1.684672340615812, -32.54770441611774, 23.461522749178734, -1.7611639014483766, -4.837571890329607, -2.759723143135599, -5.930766121710266, 3.8036861849271175, 3.292165378408096] 
[-0.11869660347547284, -3.0246994832590897, 0.18119360564729603, -2.7212527612253696, -2.819365745212778, -0.7110659510615818, -0.7716623199511548, 2.2835957031145284, -1.0366788404956895, 1.5965093385868458, -32.478414699692784, 23.534083658477225, -1.8239279528139736, -4.764351379738586, -2.8273452483019716, -5.878205141931338, 3.7473206627181934, 3.377168885389013] 
[0.08806671269838273, -3.2314627994329452, 0.3879569218211516, -2.928016077399225, -3.0261290613866336, -0.9178292672354373, -0.5648990037772992, 2.076832386940673, -0.8299155243218339, 1.779050040390122, -32.684371850307734, 23.715475223967044, -2.1227905877845523, -5.084097900096097, -2.823677990854863, -6.178076955094574, 3.473130897288752, 3.508242562652434] 
[-0.030660897795267372, -3.3501904099265953, 0.2692293113275015, -3.0467436878928753, -3.1448566718802837, -1.0365568777290874, -0.6836266142709493, 1.9581047764470227, -0.948643134815484, 1.9106168585127856, -32.83094153313273, 23.518307637959, -2.302878349946124, -5.026431601923908, -3.203228316575931, -6.575375107200375, 3.310547952201951, 3.545900664139256] 
[0.19948221798451837, -3.1200472941468096, 0.03908619554771575, -2.8166005721130896, -3.3749997876600695, -0.8064137619493017, -0.913769730050735, 2.1882478922268085, -1.1787862505952698, 1.6894590275211276, -32.53134754794462, 23.899614137915815, -1.9501160484301212, -4.765292180777393, -2.4725050106370072, -5.8245161569683175, 3.583365167574389, 3.4298932154494306] 
[0.021148654466842887, -3.298380857664485, -0.13924736796995973, -2.638267008595414, -3.553333351177745, -0.9847473254669772, -1.0921032935684105, 2.009914328709133, -1.3571198141129452, 1.9111156492098305, -32.75002292319606, 23.73033350532734, -1.830220032415671, -4.933363811641267, -2.294818453488407, -5.885469338859256, 3.7131279576961713, 3.2762478022188644] 
[0.03675164792580543, -3.2827778642055225, -0.12364437451099719, -2.6226640151364515, -3.5689363446367075, -0.9691443320080146, -1.107706287027373, 1.9943113352501705, -1.3727228075719078, 1.8952350388669696, -32.73673198758667, 23.713232885255703, -1.8006395552512202, -4.906125033119369, -2.288046086168645, -5.895561404704156, 3.7281213326500837, 3.293176351972147] 
[0.07647347376051639, -3.3224996900402335, -0.08392254867628623, -2.6623858409711625, -3.6086581704714185, -0.9294225061733037, -1.067984461192662, 1.9545895094154595, -1.3330009817371968, 1.8537613451579202, -32.68857434585007, 23.762872375810183, -1.8307954160029873, -4.8730171694102875, -2.3218846961642847, -5.8578852039573475, 3.7727875735649703, 3.2570340133799185] 
[0.28735085489195566, -3.111622308908794, 0.12695483245515304, -2.8732632221026018, -3.397780789339979, -1.140299887304743, -1.2788618423241014, 1.7437121282840202, -1.5438783628686361, 1.6285379692181299, -32.49768178665654, 23.556395024364274, -1.4245431088593064, -4.433600520156925, -2.5807320412504557, -5.692347726242668, 3.9964414165391973, 3.069697657141977] 
[0.22219587805759855, -3.046467332074437, 0.06179985562079593, -2.938418198936959, -3.4629357661743363, -1.2054548641391, -1.3440168191584585, 1.678557151449663, -1.6090333397029932, 1.7199916571094063, -32.59051646462474, 23.618564713828672, -1.4706932379937936, -4.388717687747078, -2.4970610368955675, -5.601076782768509, 4.068373955859162, 3.135401528368055] 
[0.11440880257647845, -3.154254407555557, 0.16958693110191603, -2.830631123455839, -3.5707228416554564, -1.3132419396202202, -1.2362297436773384, 1.7863442269307832, -1.7168204151841133, 1.579135024546151, -32.43977255638932, 23.4881840265045, -1.614412854978709, -4.535675307188265, -2.391126048948385, -5.691884887421426, 3.9580999347654613, 3.0285567756776484] 
[0.14271858884130606, -3.182564193820385, 0.19789671736674364, -2.8589409097206664, -3.542413055390629, -1.3415517258850478, -1.2079199574125108, 1.8146540131956108, -1.6885106289192857, 1.54714388690536, -32.40752249841049, 23.511451619436293, -1.648284198281787, -4.569586939571797, -2.4276675361265956, -5.732244524208005, 3.9289711339472757, 3.001606506408479] 
[-0.04588021206967485, -3.3711629947313657, 0.009297916455762723, -3.0475397106316473, -3.353814254479648, -1.1529529249740669, -1.0193211565015299, 1.62605521228463, -1.4999118280083048, 1.3834634143304552, -32.582861412075026, 23.259853723232357, -1.945287617926107, -4.811623471501644, -2.6783372443156845, -5.992013263450252, 4.096890442233926, 3.1834121978637366] 
[-0.1555583677569945, -3.4808411504186854, -0.10038023923155692, -2.9378615549443277, -3.4634924101669675, -1.2626310806613865, -1.1289993121888495, 1.7357333679719495, -1.3902336723209852, 1.4870297109837156, -32.719711933962245, 23.11996659913372, -1.8456068506166647, -4.9067884162719695, -2.741351406203364, -5.909629226168144, 4.212363571800132, 3.297368839898226] 
[-0.23437423478602315, -3.4020252833896567, -0.17919610626058557, -3.0166774219733563, -3.384676543137939, -1.3414469476904152, -1.2078151792178782, 1.8145492350009782, -1.4690495393500138, 1.5848552288106317, -32.58959922687754, 23.233093439691324, -1.756466236093159, -4.79789927335177, -2.880224560496473, -6.038542798627766, 4.291801204916884, 3.382201419272153] 
[-0.1875004017281856, -3.4488991164474943, -0.13232227320274803, -2.9698035889155188, -3.4315503761957764, -1.2945731146325776, -1.2546890122757157, 1.7676754019431407, -1.5159233724078514, 1.5269363758497705, -32.63881877347742, 23.27631333095524, -1.8060671939183792, -4.75874886817939, -2.846678994823221, -6.071923656438545, 4.335375694083001, 3.3368526104714964] 
[-0.3704453117132036, -3.2659542064624763, 0.05062263678226997, -2.7868586789305008, -3.6144952861807944, -1.1116282046475596, -1.0717441022906977, 1.9506203119281587, -1.6988682823928694, 1.3099069352102377, -32.830659467382155, 23.377008488447828, -1.5983676955529593, -4.52946103754061, -3.010907408649759, -5.945154385537129, 4.155749395337707, 3.150904280959856] 
[-0.4829099659276881, -3.3784188606769607, -0.06184201743221451, -2.6743940247160163, -3.726959940395279, -1.224092858862044, -1.1842087565051822, 1.8381556577136742, -1.8113329366073538, 1.3978043611410196, -32.899047161706655, 23.485263389404036, -1.5200485672331336, -4.656532103010527, -2.8059753062664017, -5.766032581517176, 4.0752535622019135, 3.0430094124731943] 
[-0.4047533530232801, -3.4565754735813687, -0.13999863033662252, -2.7525506376204243, -3.648803327490871, -1.145936245957636, -1.1060521436007742, 1.9163122706180822, -1.7331763237029458, 1.336006208956391, -32.86280752585496, 23.41765485059937, -1.5765791598572643, -4.608492824118387, -2.7526633622330436, -5.822847819898163, 4.142419859094356, 3.115347645185595] 
[-0.3803643722703203, -3.4809644543343286, -0.11560964958366271, -2.7281616568674645, -3.6731923082438307, -1.1215472652046763, -1.130441124353734, 1.8919232898651224, -1.708787342949986, 1.2985841031020997, -32.89761653527523, 23.430391432421533, -1.5616161923635914, -4.6324414023245675, -2.728523870116562, -5.835976533692476, 4.163606159341812, 3.138292225983196] 
[-0.4000989220531028, -3.461229904551546, -0.09587509980088016, -2.747896206650247, -3.6929268580266132, -1.1018127154218937, -1.1501756741365166, 1.8721887400823398, -1.6890527931672035, 1.2868937727059528, -32.87463854614783, 23.454284253219523, -1.5325336559627436, -4.598348493420201, -2.750121214580717, -5.820838591346136, 4.184183554719123, 3.1568819249263886] 

Time 
55.09754705429077 
