Parameters 
 
[-0.5, -0.5, -0.5, -0.5, -0.5, -0.5, -0.5, -0.5, -0.5, -0.5, -0.5, -0.5] 
[-0.8352108737718131, -0.8352108737718131, -0.8352108737718131, -0.8352108737718131, -0.8352108737718131, -0.8352108737718131, -1.0746958136558433, 0.06920546093149771, -0.4788740454258513, -0.21855733508633335, -0.3755034706546027, -0.21075699610503917] 
[-0.6184588639388897, -0.6184588639388897, -1.0519628836047366, -0.6184588639388897, -1.0519628836047366, -0.6184588639388897, -0.5712538566946581, -0.5070317105262456, -0.1523402427079042, 0.028841238617332093, -0.7938354925890125, 0.14565392148031797] 
[-0.34143058064634313, -0.34143058064634313, -0.77493460031219, -0.8954871472314363, -1.3289911668972831, -0.8954871472314363, -0.28292337973597254, -0.5309573076651316, 0.5509895623315291, -0.7009143415547534, -0.46229288360425624, 0.23155105278699428] 
[-0.5469668674584136, -0.13589429383427265, -0.9804708871242604, -0.6899508604193658, -1.5345274537093536, -0.6899508604193658, -0.1189459543419375, -0.39923667438581034, 0.6489380925627313, -0.5119134751650578, -0.640776128033677, 0.09373647999673373] 
[-0.6845744536808864, 0.0017132923882001716, -1.1180784733467333, -0.552343274196893, -1.3969198674868808, -0.552343274196893, 0.14937162213672855, -0.6528927531054234, 0.3040049388902838, -0.15959850090327982, -0.3084422003831939, -0.24143613260317004] 
[-0.7768181220367467, -0.09053037596766011, -1.025834804990873, -0.4600996058410327, -1.489163535842741, -0.6445869425527533, 0.20591577542802292, -0.59643677161311, 0.24816755844001406, -0.20711216471472635, -0.35842096851865274, -0.29800596774680627] 
[-0.5803394898170862, -0.28700900818732067, -0.8293561727712124, -0.26362097362137216, -1.2926849036230805, -0.8410655747724138, 0.3252073262354654, -0.4858762296963208, 0.3270231547184651, -0.05781237116769755, -1.0507325972466912, 0.39267056262147176] 
[-0.6175386352086438, -0.249809862795763, -0.7921570273796548, -0.2264218282298145, -1.3298840490146382, -0.8038664293808562, 0.34575749583923443, -0.4542169178864418, 0.29407936527060385, -0.07145589491925414, -1.0726421193155131, 0.36903135298297507] 
[-0.37265637266629814, -0.004927600253417319, -0.5472747648373091, 0.018460434312531193, -1.0850017864722925, -0.5589841668385105, 0.21257513128565478, -0.653305336815504, 0.4984413613433071, 0.030754943857638495, -0.931587721922512, 0.5212849718770276] 
[-0.08030390441055002, -0.29728006850916544, -0.8396272330930572, 0.3108129025682793, -1.3773542547280406, -0.26663169858276237, 0.42789542520148033, -0.4417286708080127, 1.105887268078804, -0.5764767936331245, -0.7746898892841639, 0.6960299104710835] 
[-0.22484756402574413, -0.15273640889397133, -0.6950835734778631, 0.4553565621834734, -1.5218979143432347, -0.12208803896756826, 0.5528305816057668, -0.1860734619213934, 0.4868316055301991, 0.05021058996146022, 0.8210780482978114, -0.8867982096201573] 
[-0.2698042799001892, -0.19769312476841638, -0.650126857603418, 0.41039984630902837, -1.5668546302176798, -0.0771313230931232, 0.497560380823708, -0.13927103727692555, 0.5775543240254539, -0.039670718054041626, 1.2239349823078447, -1.2904401032476143] 
[-0.3923726358265702, -0.07512476884203534, -0.527558501677037, 0.5329682022354094, -1.4442862742912987, 0.04543703283325784, 0.5902858469103228, -0.025084092674191455, 0.4723522117359475, -0.10319829350379611, 2.652452658546486, -2.7189993240644648] 
[-0.45400791082863123, -0.13676004384409635, -0.465923226674976, 0.4713329272333484, -1.3826509992892377, -0.016198242168803167, 0.6377809996023301, 0.011999569024521171, 0.579852319826515, -0.21441318136136395, 2.596507657721497, -2.7328834364706722] 
[-0.180652932000964, 0.1365949349835709, -0.19256824784730875, 0.7446879060610156, -1.656005978116905, -0.2895532209964704, 0.8380797768506995, 0.18014742327655056, 0.7459552858973825, 0.009647779756397273, 2.8148924710324925, -2.6506426876882725] 
[-0.17780782900036685, 0.13374983198297374, -0.1954133508479059, 0.7475330090616128, -1.6588510811175021, -0.28670811799587326, 0.8346682414120153, 0.18332965752486358, 0.7439008339705148, 0.006977579697832529, 2.816862126252293, -2.6491805453109496] 
[-0.10122615882183816, 0.05716816180444506, -0.11883168066937722, 0.6709513388830841, -1.7354327512960308, -0.36328978817440194, 0.9257530180621407, 0.10059315166243753, 0.8201073419357963, -0.06584466154527356, 2.569377473995114, -2.3991846890365047] 
[-0.16859115944021696, -0.01019683881393374, -0.18619668128775602, 0.7383163395014629, -1.668067750677652, -0.29592478755602314, 0.9873673570250362, 0.1575934414026071, 0.746608470645589, 0.03502882520440678, 2.3055388532335925, -2.1412723449786535] 
[-0.18821438909830968, -0.02982006847202645, -0.20581991094584873, 0.7186931098433702, -1.6876909803357447, -0.2763015578979304, 0.970594268791812, 0.14060656730691787, 0.7646191540760359, 0.048032601068228375, 2.3702016417052976, -2.206425299240796] 
[0.029385645306404973, 0.1877799659326882, -0.4234199453505634, 0.9362931442480849, -1.9052910147404594, -0.05870152349321578, 0.7039310855498961, 0.4029455775163413, 0.9436468407841111, 0.24998406671028983, 2.2121863302825293, -2.3103843225988667] 
[0.10471283145500343, 0.26310715208128665, -0.3480927592019649, 0.8609659580994864, -1.829963828591861, -0.13402870964181424, 0.6302541301161719, 0.4601163766620051, 0.849420478374648, 0.369614220596186, 2.121927524731164, -2.3352605258374677] 
[-0.003403734457665175, 0.15499058616861805, -0.2399761932892963, 0.7528493921868178, -1.9380803945045295, -0.24214527555448284, 0.7315613792888411, 0.39264704884890234, 0.9745429666354174, 0.21396224249986018, 2.2350941656574213, -2.2977928742620057] 
[0.02427956214661342, 0.18267388277289665, -0.21229289668501772, 0.7251660955825392, -1.910397097900251, -0.26982857215876144, 0.7593574964573158, 0.3590987284050834, 0.9360521838677325, 0.2476739568284132, 2.2374742524122313, -2.271683301377787] 
[0.2340049065602814, 0.3923992271865646, -0.002567552271349749, 0.9348914399962072, -2.120122442313919, -0.4795539165724294, 0.9751468923427333, 0.6131091350510014, 1.1564863216103893, 0.46942489262636866, 2.0235327912024763, -2.3359039875498895] 
[0.20470829603936536, 0.42169583770748065, 0.026729058249566284, 0.9055948294752911, -2.149419052834835, -0.5088505270933454, 0.9955337583620689, 0.5715236453542457, 1.1117079409052772, 0.47842403510736575, 2.072003820184254, -2.3869831069701855] 
[0.24933645924857273, 0.466324000916688, -0.017899104959641088, 0.9502229926844985, -2.1940472160440425, -0.5534786903025528, 0.9634573826571133, 0.6391980070079195, 1.184084723416036, 0.5207471596351172, 2.0798954504317395, -2.3459162467330987] 
[0.21465678106975417, 0.43164432273786946, -0.05257878313845965, 0.9849026708633171, -2.159367537865224, -0.5187990121237342, 0.9946740611821498, 0.6234866367153312, 1.2118322512235624, 0.530187820423099, 2.1325123820130747, -2.4017308955478245] 
[0.38096169448167116, 0.26533940932595246, 0.11372613027345735, 1.151207584275234, -2.325672451277141, -0.6851039255356512, 1.1931058454185128, 0.7895389223225441, 1.1171623293464108, 0.38421998440342975, 2.093896372743708, -2.5526130872298003] 
[0.37327622325364174, 0.2730248805539819, 0.12141160150148678, 1.1588930555032635, -2.3333579225051704, -0.6927893967636807, 1.1815392081489189, 0.778721886042436, 1.1213736193225334, 0.36498928841200384, 2.112768385866277, -2.5492637856784337] 
[0.4824989776922963, 0.1638021261153273, 0.23063435594014137, 1.268115809941918, -2.224135168066516, -0.8020121512023353, 1.11483901983757, 0.8998134027503685, 1.2629753824609748, 0.412095884490639, 2.2221484401437155, -2.682850753406959] 
[0.4291036455643835, 0.2171974582432401, 0.17723902381222856, 1.2147204778140053, -2.2775305001944286, -0.8554074833302481, 1.0203567056604461, 0.8100614026734834, 1.3120105125562407, 0.5349853380001381, 2.104952605700748, -2.7169599165767178] 
[0.4016578999235898, 0.1897517126024464, 0.14979327817143484, 1.242166223454799, -2.3049762458352223, -0.8828532289710418, 0.9706628301153813, 0.7553009182243019, 1.2750714180517466, 0.5528005956183883, 2.117327223565025, -2.691665933342828] 
[0.31469148709978767, 0.10278529977864426, 0.06282686534763271, 1.3291326362786011, -2.3919426586590244, -0.9698196417948439, 1.1059285790361604, 0.8811040922251172, 1.198783845871932, 0.32200820584625567, 2.3409511552776086, -2.6387204227840346] 
[0.3892456619189433, 0.17733947459779986, -0.011727309471522895, 1.4036868110977567, -2.46649683347818, -0.8952654669756883, 1.2165229230496992, 0.9981596109110855, 1.2855685230674805, 0.37770249202898476, 2.3693710765245535, -2.566786739361461] 
[0.3754316175221797, 0.19115351899456345, -0.025541353868286487, 1.3898727667009931, -2.4526827890814165, -0.8814514225789247, 1.2055669563977498, 1.0058109636710149, 1.2728836972599473, 0.4399480529991787, 2.3064817201258148, -2.5488846816074178] 
[0.4087706272685503, 0.15781450924819285, 0.00779765587808412, 1.4232117764473637, -2.486021798827787, -0.8481124128325541, 1.2558785535916415, 1.0529576401465577, 1.248524576329184, 0.29609190244597533, 2.4522177036830866, -2.5928264372590712] 
[0.3925932816349389, 0.17399185488180424, -0.008379689755527275, 1.4070344308137523, -2.5021991444613985, -0.8642897584661655, 1.2278797067091733, 1.0228423947365068, 1.2280875337427528, 0.3695179084221825, 2.379172422417512, -2.6046729344292623] 
[0.3452111502364319, 0.22137398628031124, 0.039002441642979724, 1.4544165622122593, -2.4548170130628915, -0.8169076270676585, 1.2653279746662873, 0.9964792846381696, 1.271280029907159, 0.3495579386327317, 2.3444616868270054, -2.5550986959974353] 
[0.35166548747682724, 0.2278283235207066, 0.03254810440258438, 1.4608708994526547, -2.448362675822496, -0.8104532898272632, 1.2746142281877477, 1.0050572773388828, 1.2667169814114356, 0.3767881192808499, 2.31736519408314, -2.560187534365504] 
[0.3198032130813482, 0.19596604912522753, 0.06441037879806344, 1.4927331738481338, -2.416500401427017, -0.7785910154317841, 1.3260746411075128, 1.0634614353453289, 1.310476256148291, 0.23864087694461483, 2.456655594071125, -2.598779398306665] 
[0.27651571996951474, 0.15267855601339408, 0.10769787190989688, 1.5360206669599672, -2.3732129083151836, -0.8218785085436175, 1.2961616265996205, 1.1068340147859506, 1.3609436869339246, 0.07198924776677673, 2.6226650832368645, -2.5616042318769185] 
[0.3431350924893495, 0.21929792853322883, 0.17431724442973162, 1.602640039479802, -2.4398322808350184, -0.7552591360237828, 1.3850945904125662, 1.189529138712082, 1.3064892785220068, 0.10882048263664801, 2.6640779612291463, -2.6289049057479983] 
[0.33379573419859, 0.22863728682398832, 0.16497788613897213, 1.6119793977705614, -2.430492922544259, -0.7645984943145423, 1.3912859242770272, 1.1799427103170677, 1.2951876066801515, 0.11404823631149523, 2.6696283527331115, -2.619482485908603] 
[0.3802233243479607, 0.18220969667461762, 0.21140547628834283, 1.6584069879199321, -2.4769205126936296, -0.811026084463913, 1.4569558592241512, 1.240243620742136, 1.2616591898434848, 0.08950557077732282, 2.6406161198521736, -2.666472678823228] 
[0.4682870184752568, 0.2702733908019137, 0.12334178216104674, 1.7464706820472282, -2.5649842068209256, -0.7229623903366169, 1.3990204556194308, 1.3227904810175322, 1.3566570973435623, 0.4575803340851091, 2.2731359313338206, -2.5920688054855003] 
[0.4740856553049875, 0.264474753972183, 0.11754314533131605, 1.7406720452174975, -2.559185569991195, -0.7287610271663476, 1.4021517806318773, 1.3166583510988796, 1.3494860255035626, 0.4538425828967417, 2.2708014310720896, -2.586436963658498] 
[0.38331394246358186, 0.3552464668135886, 0.02677143248991043, 1.649900332376092, -2.6499572828326006, -0.8195327400077532, 1.5817134843002374, 1.518155327851206, 1.4863064748872565, 0.47947567693133986, 2.347284486214086, -2.490359638229987] 
[0.3495824783553674, 0.32151500270537414, -0.006960031618304052, 1.6836317964843064, -2.616225818724386, -0.7858012758995387, 1.6311819796642815, 1.5630357000908623, 1.4670891056983417, 0.45841628154630554, 2.3329030462113294, -2.4569943545821227] 
[0.2907158659233262, 0.3803816151374153, 0.05190658081373711, 1.6247651840522652, -2.6750924311564273, -0.8446678883315799, 1.547926032839176, 1.487981159714305, 1.5036909401507539, 0.4822246978289066, 2.3737181817686968, -2.3964986259674452] 
[0.28419587971175075, 0.38690160134899076, 0.05842656702531257, 1.6312851702638407, -2.668572444944852, -0.8381479021200045, 1.5579683262906516, 1.5012154484317497, 1.5150686298106262, 0.42193889405460405, 2.4340521812131537, -2.389006713732023] 
[0.2590546921500321, 0.3617604137872721, 0.03328537946359389, 1.606143982702122, -2.6937136325065705, -0.8130067145582858, 1.5799413037521328, 1.489014083183901, 1.5350768214687942, 0.6426070842826783, 2.213555095200461, -2.3679271319925794] 
[0.26316348269634715, 0.36586920433358716, 0.029176588917278812, 1.610252773248437, -2.6896048419602554, -0.8171155051046008, 1.5835513713360148, 1.4869324849074304, 1.5384760398729231, 0.6406318130347105, 2.2111811698162938, -2.3720608936281273] 
[0.22874516016942237, 0.40028752686051194, 0.0635949114442036, 1.5758344507215123, -2.72402316448718, -0.8515338276315256, 1.5603120247520772, 1.532951877413334, 1.5884224411423795, 0.977769672160442, 1.8742041085243497, -2.3416154652646006] 
[0.29591119143554123, 0.3331214955943931, 0.13076094271032246, 1.6430004819876312, -2.6568571332210613, -0.7843677963654068, 1.6203613795439011, 1.498873122066815, 1.642670146506778, 1.0132900460298546, 1.9088774685788077, -2.4087348230702506] 
[0.17935094116295658, 0.21656124532180843, 0.2473211929829071, 1.5264402317150465, -2.773417383493646, -0.9009280466379914, 1.5440127734565028, 1.6447892275416909, 1.805179299568002, 0.9347059347745214, 1.863823086032274, -2.293246624807166] 
[0.18050170503948748, 0.21771200919833933, 0.24847195685943801, 1.5275909955915774, -2.774568147370177, -0.9020788105145223, 1.5426574077671198, 1.6436148677366849, 1.8062161251164672, 0.9466660845150968, 1.85187408372197, -2.2942789890506585] 
[0.25114157980472895, 0.2883518839635808, 0.3191118316246795, 1.5982308703568189, -2.7039282726049354, -0.9727186852797638, 1.59923030479963, 1.5633630001875796, 1.71140035972304, 0.20932248932404884, 2.5883803793186693, -2.2307162416293056] 
[0.29902183655429027, 0.2404716272140195, 0.3669920883742408, 1.6461111271063802, -2.656048015855374, -0.9248384285302025, 1.6598312634213732, 1.6167552713995639, 1.6772718259931165, 0.23511160209450724, 2.6144044487862756, -2.1826656294858986] 
[0.3325418319865976, 0.20695163178171216, 0.3334720929419335, 1.6796311225386875, -2.6225280204230668, -0.8913184330978952, 1.6144833375968544, 1.5754146435512302, 1.7015322815996217, 0.2533126264150368, 2.6322409990990465, -2.215808591897667] 
[0.353450451386381, 0.18604301238192877, 0.3125634735421501, 1.6587225031389041, -2.64343663982285, -0.8704098136981118, 1.6315783286387233, 1.5634776904361174, 1.7206589118884976, 0.2415669770743356, 2.620190326200347, -2.2371252392364687] 
[0.2854776462281714, 0.25401581754013836, 0.2445906683839405, 1.7266953082971137, -2.5754638346646406, -0.8024370085399022, 1.7401030354042075, 1.6826904761373396, 1.8074017319837015, 0.2760669498239612, 2.657625175175278, -2.304085722974282] 
[0.36186394839675073, 0.17762951537155902, 0.16820436621536117, 1.803081610465693, -2.4990775324960612, -0.8788233107084815, 1.6743888440512622, 1.721842827510166, 1.7248114866835782, 0.6982203209719084, 2.2339047953236086, -2.40499556319957] 
[0.2921574256387147, 0.24733603812959504, 0.23791088897339718, 1.733375087707657, -2.5687840552540973, -0.8091167879504455, 1.5701553585774677, 1.622754899345137, 1.7673995703305818, 0.9875487905673945, 1.9458706172704856, -2.3606399060713796] 
[0.29242715284846965, 0.2470663109198401, 0.23818061618315212, 1.733105360497902, -2.5685143280443423, -0.8088470607406906, 1.570519956985104, 1.6230946302850662, 1.7672599491698748, 0.9861239121928839, 1.9473103201927409, -2.360283011776578] 
[0.22859756580354484, 0.3108958979647649, 0.3020102032280769, 1.796934947542827, -2.632343915089267, -0.8726766477856154, 1.5262246877623862, 1.692979010150819, 1.8482750282851286, 0.9514428191492512, 1.9074193032430748, -2.426525526806557] 
[0.24170352915773363, 0.2977899346105761, 0.28890423987388814, 1.7838289841886381, -2.645449878443456, -0.8595706844314266, 1.516639608011193, 1.7092984364233619, 1.8668409838998619, 0.9385654163123357, 1.905686865626555, -2.413541288366237] 
[0.3103157448271092, 0.22917771894120054, 0.22029202420451255, 1.7152167685192625, -2.5768376627740803, -0.790958468762051, 1.566511121487642, 1.6273977304157394, 1.7763882037743226, 0.9294605482390603, 1.8397842198978576, -2.4864831776510408] 
[0.39253046669981173, 0.31139244081390305, 0.13807730233181004, 1.797431490391965, -2.494622940901378, -0.8731731906347535, 1.5102073299961667, 1.7145298326087257, 1.8789978550036057, 0.8641084578564389, 1.8152598046186548, -2.4055967570739987] 
[0.3206981130988582, 0.23956008721294952, 0.20990965593276356, 1.8692638439929186, -2.5664552945023313, -0.945005544235707, 1.448980335743127, 1.7436549471377791, 1.806196587666654, 1.1744075922233126, 1.5083899172005295, -2.360464575075177] 
[0.33198388430938564, 0.2282743160024221, 0.19862388472223613, 1.8579780727823911, -2.5777410657128588, -0.9562913154462345, 1.4664680966707582, 1.7639078641642074, 1.8225968761259983, 1.1634183869115369, 1.5067673544605908, -2.349330821507814] 
[0.20122029400245522, 0.09751072569549168, 0.32938747502916654, 1.9887416630893215, -2.4469774754059284, -1.0870549057531649, 1.5745547250578527, 1.6924763413570987, 1.9418831088419224, 1.0990501700410962, 1.4150422886709129, -2.488100166917646] 
[0.1529520332609573, 0.04924246495399376, 0.37765573577066447, 1.9404734023478236, -2.3987092146644304, -1.1353231664946628, 1.5338165479420047, 1.7303319917112796, 1.9163008897351128, 0.9515808775924479, 1.5693779008176962, -2.4211831559690475] 
[0.1671836159749469, 0.03501088224000415, 0.36342415305667486, 1.9547049850618132, -2.41294079737842, -1.1210915837806732, 1.5460207378174546, 1.7170089290785215, 1.8953230801091918, 0.9977501216196086, 1.5237207557983266, -2.440121845022763] 
[0.24668365580555984, -0.044489157590608785, 0.4429241928872878, 1.8752049452312003, -2.333440757547807, -1.2005916236112861, 1.477444844613072, 1.7826967771310445, 1.8206902480942377, 0.9770977476625298, 1.4480661177030287, -2.5278238424560673] 
[0.19161130038505703, 0.010583197829894031, 0.387851837466785, 1.930277300651703, -2.38851311296831, -1.255663979031789, 1.5510657381370687, 1.8587316619516567, 1.7436268886342319, 1.1253712678382233, 1.3081585087822736, -2.483721106291814] 
[0.25892904625889357, -0.05673454804394251, 0.32053409159294843, 1.8629595547778666, -2.3211953670944734, -1.1883462331579524, 1.607696239429776, 1.8026101032626156, 1.7864674059715606, 1.305299261789409, 1.1210258211225366, -2.564992814633706] 
[0.3232285238439425, 0.0075649295411064355, 0.3848335691779974, 1.9272590323629155, -2.3854948446795223, -1.2526457107430014, 1.6950142963142245, 1.8926553496885414, 1.720642425310519, 1.2704346301354252, 1.083155569514171, -2.5036706735490726] 
[0.31228333040557543, -0.003380263897260649, 0.39577876261636447, 1.9382042258012826, -2.3745496512411552, -1.2635909041813684, 1.68673649618034, 1.9010534023031371, 1.7329847780895007, 1.2601953588266341, 1.0794798701117787, -2.493000762557415] 
[0.26084211419410663, 0.04806095231420815, 0.44721997882783326, 1.9896454420127514, -2.425990867452624, -1.2121496879698996, 1.7609337334379813, 1.9751216194765755, 1.789808623171374, 1.2197383194226317, 1.0490704017572363, -2.5467343431006846] 
[0.22732828333671562, 0.014547121456817136, 0.41370614797044225, 2.023159272870142, -2.392477036595233, -1.1786358571125086, 1.7155444010348768, 1.9290204399512763, 1.7684187324262162, 1.1397453296662634, 1.129882206446839, -2.5726793850283056] 
[0.21354048628721656, 0.0007593244073180738, 0.4274939450199413, 2.0369470699196413, -2.378689239545734, -1.1648480600630096, 1.7333049575542347, 1.9466496075716149, 1.7560120990250236, 1.1331862602701952, 1.1215101456259293, -2.559843992376369] 
[0.17600629288366476, -0.03677486899623372, 0.3899597516163895, 1.9994128765160895, -2.341155046142182, -1.1273138666594578, 1.7809290821775476, 1.9942613131951032, 1.7337243261135924, 1.0515377408731967, 1.2036532881809214, -2.5873037080968753] 
[0.10685081609676117, -0.10593034578313731, 0.3208042748294859, 1.9302573997291859, -2.2719995693552786, -1.1964693434463614, 1.8642998517159097, 2.075500570502714, 1.80852765325965, 0.9985396125855766, 1.155913789995414, -2.6625690574842906] 
[0.08174832268490007, -0.08082785237127621, 0.2957017814176248, 1.9051549063173248, -2.2971020627671397, -1.1713668500345003, 1.887225153831697, 2.0549706773401377, 1.7870636354726555, 0.9841219555890217, 1.141400798300989, -2.638892853666667] 
[0.1407084681836055, -0.13978799786998164, 0.35466192691633025, 1.9641150518160302, -2.2381419172684343, -1.2303269955332057, 1.833090068259559, 2.1142533652111717, 1.725634963462789, 0.9621438406537632, 1.0895320961663575, -2.7028019568789365] 
[0.21683798820617084, -0.0636584778474163, 0.4307914469388956, 1.8879855317934648, -2.3142714372909996, -1.1541974755106403, 1.764815482010979, 2.1708138895867144, 1.8036069036955635, 0.8926451257224558, 1.0579927955355932, -2.6298429074593175] 
[0.1896020131006908, -0.09089445295289633, 0.40355547183341556, 1.9152215068989449, -2.2870354621855196, -1.1269615004051603, 1.7875520536317808, 2.1498578692226107, 1.7788369819651433, 0.8827737689738426, 1.0337856336845879, -2.6593278687533095] 
[0.3060924821473756, -0.20738492199958114, 0.5200459408801004, 1.79873103785226, -2.1705449931388348, -1.243451969451845, 1.884149902347209, 2.0438713210914927, 1.871864006182423, 1.1262662743904834, 0.788714894541699, -2.5696393410243017] 
[0.4356283070825435, -0.07784909706441323, 0.39051011594493246, 1.6691952129170922, -2.041009168203667, -1.1139161445166772, 2.060575657402128, 2.2028858571658203, 2.0041919651909996, 0.8542970347461865, 1.0567526912427043, -2.4240279780422513] 
[0.30389993162096274, 0.05387927839716755, 0.2587817404833517, 1.800923588378673, -2.1727375436652476, -1.245644519978258, 1.9723654259341277, 2.3063275766642373, 1.8688590465372457, 0.7700826661669753, 0.9548952208257451, -2.559691640085977] 
[0.16900345250600934, -0.08101720071778584, 0.12388526136839828, 1.9358200674936263, -2.0378410645502942, -1.3805409990932114, 2.0741986086546595, 2.1956774749285626, 1.7444019564329372, 0.49667977213510134, 1.228388715878564, -2.6781620324185575] 
[0.21303430296218706, -0.036986350261608125, 0.167916111824576, 1.8917892170374486, -2.081871915006472, -1.3365101486370337, 2.0359691805736833, 2.2302821797878054, 1.7825131758230843, 0.5690127763337022, 1.1565619247254955, -2.638460682322147] 
[0.14371008077612912, 0.03233787192444981, 0.23724033401063394, 1.9611134392235066, -2.15119613719253, -1.4058343708230916, 1.947555129593533, 2.1399298040713264, 1.8484019393371414, 0.6953079981542699, 1.0244764646452456, -2.716223271782625] 
[0.21858293150810026, -0.04253497880752133, 0.3121131847426051, 1.8862405884915354, -2.0763232864605587, -1.3309615200911205, 1.8824308348005017, 2.2080343478289803, 1.9305059562834492, 0.6381000226450187, 0.9737515530785719, -2.7937464535121337] 
[0.2234396138058885, -0.03767829650973309, 0.30725650244481684, 1.8910972707893237, -2.081179968758347, -1.3358182023889087, 1.8864730789036326, 2.204275119363748, 1.9248939850797537, 0.647595780162157, 0.9643823813897331, -2.7992072320445267] 
[0.2454044101002404, -0.015713500215381204, 0.28529170615046495, 1.9130620670836755, -2.103144765052699, -1.3577829986832606, 1.85846501537095, 2.176982845642402, 1.899923417944545, 0.6892249971189894, 0.9252643615515624, -2.779744514504843] 
[0.24488802408354515, -0.01622988623207644, 0.2858080921671602, 1.9135784531003708, -2.1026283790360036, -1.3572666126665653, 1.8588786161863586, 2.1765597196151107, 1.900416468966567, 0.68953759847778, 0.9256070404215276, -2.780239951195003] 
[0.10597368629047366, 0.12268445156099506, 0.4247224299602317, 1.7746641153072993, -1.9637140412429321, -1.4961809504596368, 1.9712622459704998, 2.0671167198825793, 1.7529428369982263, 0.7973247001120611, 1.0240278981067197, -2.635283812692978] 
[0.1735228560846005, 0.1902336213551219, 0.35717326016610484, 1.8422132851014261, -1.8961648714488053, -1.42863178066551, 2.033226223838916, 2.0139144860273825, 1.8236682420164785, 0.6877200188707713, 1.1299850794644748, -2.5662573461452323] 
[0.2147592357411392, 0.1489972416985832, 0.31593688050956614, 1.8009769054448874, -1.8549284917922666, -1.3873954010089713, 1.9970245183952684, 2.043610796119102, 1.792707471962685, 0.6323788028544235, 1.1887488671905961, -2.5229059042736433] 
[0.16038164971190993, 0.20337482772781246, 0.3703144665387954, 1.7465993194156582, -1.8005509057630373, -1.333017814979742, 1.9259724930055488, 1.9644916527496465, 1.7218572041776226, 0.71176834046564, 1.1114806875835983, -2.5803696617073304] 
[0.22763553233514755, 0.2706287103510501, 0.437568349162033, 1.8138532020388958, -1.7332970231397997, -1.4002716976029796, 1.981543818852551, 1.8897967844573254, 1.6350615527338546, 0.8030428937442528, 1.022306502703103, -2.651200664972773] 
[0.28536575467727743, 0.32835893269317995, 0.37983812681990314, 1.756122979696766, -1.6755668007976698, -1.3425414752608498, 2.053271256428367, 1.954163395975161, 1.5970734476602642, 0.7566620604676876, 0.9687596013692645, -2.7110890216294936] 
[0.2831853030433089, 0.33053938432714847, 0.38201857845387166, 1.7539425280627974, -1.6777472524316384, -1.3403610236268813, 2.05516038460491, 1.9530701194976787, 1.5991047574796649, 0.7541097890019339, 0.9712784456909641, -2.7088041209085656] 
[0.3036757507632417, 0.35102983204708127, 0.40250902617380446, 1.7334520803428646, -1.6572568047117056, -1.360851471346814, 2.0820164397956846, 1.9771558100340165, 1.5869920376641653, 0.7321063529442127, 0.9947996455961738, -2.6873408434433084] 
[0.1274193901130738, 0.17477347139691335, 0.5787653868239724, 1.5571957196926967, -1.4810004440615376, -1.1845951106966461, 1.8484333776874144, 1.7729970167439966, 1.71181996933235, 0.5607290926421088, 0.8377284651996304, -2.5163657007115052] 
[0.2546817574620215, 0.04751110404796566, 0.4515030194750247, 1.429933352343749, -1.6082628114104853, -1.3118574780455938, 1.9918901449897448, 1.9024082956677022, 1.6023692815188593, 0.4414973593969965, 0.9553946088817874, -2.389703686322609] 
[0.39900560889646797, 0.19183495548241214, 0.3071791680405782, 1.5742572037781954, -1.4639389599760388, -1.4561813294800403, 2.1865509140803, 2.102433282742542, 1.764720718166881, 0.6009286892737251, 0.8003656789795961, -2.2398105343817147] 
[0.32168465440993343, 0.26915590996894667, 0.22985821355404368, 1.65157815826473, -1.5412599144625734, -1.5335022839665748, 2.0659128951817025, 1.9888521665550607, 1.8229330258976397, 0.6869361676267376, 0.8863998298388966, -2.3170976308045828] 
[0.35486925794442725, 0.23597130643445285, 0.19667361001954986, 1.6183935547302362, -1.5744445179970672, -1.5666868875010687, 2.044020951001031, 2.0259037694849624, 1.86583799779755, 0.6520141845222107, 0.852313796933699, -2.28401553745718] 
[0.3601248864423334, 0.23071567793654668, 0.20192923851745603, 1.61313792623233, -1.5797001464949734, -1.5719425159989748, 2.0483351334784135, 2.0231170959508984, 1.870542571044765, 0.6466971811728272, 0.8575873999551538, -2.289270134848509] 
[0.24410553923477862, 0.3467350251441015, 0.08590989130990123, 1.4971185790247752, -1.4636807992874186, -1.45592316879142, 2.1430371384089453, 1.9609771566629752, 1.9725735258916641, 0.7628931714801678, 0.7405610361269611, -2.405283804516126] 
[0.17379818279685977, 0.2764276687061826, 0.015602534871982376, 1.4268112225868563, -1.5339881557253374, -1.5262305252293389, 2.093637905223329, 2.0529598642440368, 2.0727263797419595, 0.6998760401201926, 0.8035888646580454, -2.3355051883838076] 
[0.20393145425928494, 0.24629439724375746, 0.04573580633440755, 1.3966779511244312, -1.5641214271877626, -1.556363796691764, 2.1317672046373723, 2.1010245470444295, 2.1158411383895683, 0.7290505289705362, 0.7747092905284195, -2.365453970884494] 
[0.29094344959200114, 0.33330639257647365, -0.04127618899830865, 1.4836899464571474, -1.4771094318550464, -1.4693518013590479, 2.0176784184236016, 1.9631655469804894, 1.9966054009676144, 0.8145803183989002, 0.6884759773906467, -2.4522503701946152] 
[0.22640584415104725, 0.39784399801742754, 0.023261416442645233, 1.4191523410161935, -1.4125718264140925, -1.404814195918094, 2.073461001283664, 1.9308674429856316, 2.0512706375709615, 0.743281807395386, 0.6178600113356093, -2.5161685655744512] 
[0.17069100616243715, 0.34212916002881744, -0.03245342154596487, 1.3634375030275834, -1.4682866644027026, -1.3490993579294839, 2.023613020095501, 1.9592173363431507, 2.006100324460354, 0.6951476877569637, 0.6674830085662438, -2.5731064660681473] 
[0.1933741840755958, 0.3648123379419761, -0.055136599459123525, 1.386120680940742, -1.4909698423158613, -1.3717825358426425, 2.0030576948149403, 1.9725148781553365, 1.987651195735964, 0.7205795458187811, 0.6937863398017504, -2.5969741220686364] 
[0.23859140344734242, 0.3195951185702295, -0.10035381883087013, 1.4313379003124886, -1.5361870616876079, -1.4169997552143891, 2.056212992947905, 2.0167320920709666, 1.9574940822373863, 0.7626681354421321, 0.6501698106844225, -2.5501785041219263] 
[0.20363393769747673, 0.3545525843200952, -0.06539635308100444, 1.4662953660623543, -1.5711445274374736, -1.4519572209642548, 2.0311682030145315, 2.06091275456377, 2.006358640800684, 0.7258039916454815, 0.6131947924807082, -2.51443414195995] 
[0.09663062295903102, 0.24754926958164947, 0.041606961657441266, 1.3592920513239086, -1.4641412126990279, -1.5589605357027005, 2.1107416228670357, 1.916279387959771, 1.850962891336383, 0.6198315024362384, 0.5048882173238022, -2.4060913942063795] 
[0.1037916250595694, 0.25471027168218785, 0.03444595955690288, 1.366453053424447, -1.4713022147995662, -1.566121537803239, 2.1185148450397233, 1.9228244528872158, 1.84545128481526, 0.6262726566137828, 0.49841468771912556, -2.4132364033110805] 
[0.12882551680448073, 0.22967637993727652, 0.009412067811991554, 1.3414191616795357, -1.4963361065444776, -1.5410876460583276, 2.0911847526351166, 1.8999226057681518, 1.8649043904136133, 0.6492238327449705, 0.47563539184385756, -2.4382487929336523] 
[0.14332941065559068, 0.21517248608616657, 0.023915961663101504, 1.3269152678284257, -1.4818322126933676, -1.5265837522072176, 2.074933658811072, 1.8859557200187118, 1.8762876566039617, 0.6648772221514592, 0.49117623232720736, -2.4238495695329814] 
[0.1684387215852412, 0.19006317515651605, 0.04902527259275202, 1.3018059568987752, -1.5069415236230181, -1.5014744412775671, 2.053832682176618, 1.914679983971392, 1.907336149540552, 0.641960291255556, 0.5145798296304691, -2.4492076689962103] 
[0.20230825815518627, 0.15619363858657098, 0.015155736022806954, 1.2679364203288301, -1.473071987053073, -1.467604904707622, 2.01195010867902, 1.866005352160603, 1.8648135766886869, 0.6733610864287002, 0.48325127754790353, -2.482501681424043] 
[0.20053787527003109, 0.15796402147172617, 0.01692611890796214, 1.266166037443675, -1.4748423699382283, -1.4658345218224669, 2.010422834771893, 1.8672301749440607, 1.8632225790694574, 0.6717395799152419, 0.4849263665530984, -2.4843232814731575] 
[0.16074141813096943, 0.11816756433266451, 0.0567225760470238, 1.3059624945827366, -1.51463882707729, -1.5056309789615285, 1.9786268887350271, 1.9079004590131183, 1.9094722221602822, 0.7085491978548829, 0.44970403504744655, -2.523017985214899] 
[0.20349368239843613, 0.1609198286001312, 0.0994748403144905, 1.3487147588502033, -1.5573910913447566, -1.5483832432289952, 1.9426286279872356, 1.950396114980484, 1.9565066917232232, 0.664086397687998, 0.40526173162710666, -2.5650139295405] 
[0.1904154781511893, 0.1478416243528844, 0.08639663606724368, 1.3617929630974501, -1.5704692955920034, -1.561461447476242, 1.9530491800462317, 1.9370732937645012, 1.9416273857756634, 0.6770165263843677, 0.4185730460950022, -2.578157836588111] 
[0.194426227866616, 0.1438308746374577, 0.09040738578267038, 1.3577822133820234, -1.5664585458765767, -1.5574506977608154, 1.956526183471218, 1.9342221188787732, 1.9451573364787926, 0.6730670052979395, 0.4145532544051416, -2.5741393012608715] 
[0.20126418443762417, 0.13699291806644953, 0.08356942921166222, 1.3646201699530316, -1.573296502447585, -1.5642886543318235, 1.9620459664277936, 1.9273282160595273, 1.9372223632386307, 0.6661079903113376, 0.42138117306671924, -2.580996521077129] 
[0.2886040335600144, 0.22433276718883977, 0.17090927833405245, 1.2772803208306414, -1.4859566533251947, -1.6516285034542137, 2.0688721222749766, 2.0257263915538646, 1.8614992229491443, 0.5772724776580462, 0.5090541758400082, -2.6684531706015746] 
[0.2999910012130387, 0.23571973484186404, 0.18229624598707672, 1.2886672884836656, -1.497343620978219, -1.6402415358011895, 2.0521680271133005, 2.0065643716300836, 1.8465576216942399, 0.5871160824090025, 0.4987134784754815, -2.6573069018608795] 
[0.28429983848005747, 0.22002857210888283, 0.1666050832540955, 1.3043584512166468, -1.5130347837112001, -1.6245503730682083, 2.0734485286717557, 2.026016397229874, 1.83582972075554, 0.6012817502200324, 0.4843011991501034, -2.641893406094972] 
[0.343824963757269, 0.16050344683167128, 0.10707995797688397, 1.2448333259394353, -1.4535096584339886, -1.5650252477909967, 1.9943783527397712, 1.954611987577246, 1.8830914784276938, 0.6596809157289867, 0.4271313640491152, -2.7022259326302773] 
[0.32923252809250925, 0.14591101116691152, 0.0924875223121242, 1.259425761604195, -1.4389172227692288, -1.550432812126237, 2.004368745609278, 1.94078198875205, 1.8659661444757547, 0.6459485370851453, 0.44018346304837164, -2.6876574516854554] 
[0.3256433495127362, 0.14232183258713849, 0.09607670089189724, 1.263014940183968, -1.4353280441894558, -1.546843633546464, 1.9992402136742604, 1.935969723897554, 1.8690131863619475, 0.6501326180944533, 0.4442721023710002, -2.6840935574107476] 
[0.2815752458166274, 0.09825372889102968, 0.05200859719578843, 1.307083043880077, -1.391259940493347, -1.5909117372425727, 1.9680354375717273, 1.9765885605015794, 1.9171024106027277, 0.6010365927925817, 0.3942283241659589, -2.7278018873487118] 
[0.2915657719978968, 0.10824425507229907, 0.06199912337705782, 1.3170735700613463, -1.3812694143120776, -1.6009022634238421, 1.9815926610006265, 1.9894866535846683, 1.9081613622617766, 0.5888531387983065, 0.38219143041059234, -2.7178734571073204] 
[0.26888481128834996, 0.08556329436275223, 0.08468008408660466, 1.3397545307708931, -1.3585884536025308, -1.623583224133389, 1.9984453753905804, 1.969091761044729, 1.8836642555449905, 0.6076179467518131, 0.3627565251341649, -2.740698633182413] 
[0.2914635621268411, 0.10814204520124338, 0.06210133324811351, 1.317175779932402, -1.3360097027640396, -1.64616197497188, 1.9682243555991221, 1.9402186493066949, 1.9044294722575446, 0.6364693300763641, 0.39149994710000213, -2.717780390100845] 
[0.26566011330522143, 0.13394549402286304, 0.03629788442649384, 1.3429792287540216, -1.31020625394242, -1.6203585261502604, 1.9873784121030693, 1.9169426362581277, 1.8758928107567931, 0.6150498212193161, 0.41297051486338093, -2.6915824453925934] 
[0.25805557244532706, 0.12634095316296867, 0.028693343566599472, 1.3353746878941273, -1.3026017130825256, -1.6279630670101548, 1.97732733937555, 1.9075399350467792, 1.8822377573134161, 0.6090474147858366, 0.4191524210530049, -2.6839110697667725] 
[0.23993180376370105, 0.1444647218445947, 0.010569574884973454, 1.3172509192125013, -1.2844779444008996, -1.6098392983285288, 1.9635274251640316, 1.9246189997202046, 1.9023471678511672, 0.5948436459532647, 0.43385297671693496, -2.6655983897950066] 
[0.22139666807877645, 0.1629998575295193, 0.02910471056989805, 1.3357860548974259, -1.265942808715975, -1.5913041626436042, 1.9398303887624664, 1.9026684986699303, 1.9177747351669037, 0.5802804491388317, 0.4482340366131117, -2.6839984532673435] 
[0.2735323353749679, 0.21513552482571074, -0.023030956726293406, 1.3879217221936173, -1.3180784760121664, -1.6434398299397956, 1.8709389982216382, 1.8253397558849518, 1.8529058205480256, 0.506115135686239, 0.3742194706204207, -2.7364712425655973] 
[0.26785624910121597, 0.22081161109946268, -0.02870704300004534, 1.3822456359198654, -1.3237545622859184, -1.6377637436660437, 1.8668498931322286, 1.8313531699629388, 1.8597990002772027, 0.5106600754505308, 0.36973234563455704, -2.7308525011305194] 
[0.2558792781757526, 0.23278858202492603, -0.016730072074581992, 1.3942226068453287, -1.3357315332113817, -1.6257867727405804, 1.8755157474094697, 1.818531246447715, 1.845197126812312, 0.4950166184184178, 0.35414267956121825, -2.719065130073181] 
[0.23796816231086892, 0.2506996978898097, -0.03464118793946569, 1.376311490980445, -1.3536426490762654, -1.6078756568756967, 1.8503157780910353, 1.7889341687321159, 1.8206396805960738, 0.5096204635232552, 0.33941006388503, -2.7371145721335237] 
[0.2588978360435108, 0.22977002415716785, -0.013711514206823816, 1.397241164713087, -1.3745723228089073, -1.6288053306083385, 1.8791447549137312, 1.8235257010183996, 1.8500175892824038, 0.49210965342538276, 0.3564947724396846, -2.757924719652926] 
[0.22263961923280973, 0.2660282409678689, 0.022546702603877256, 1.3609829479023858, -1.3383141059982062, -1.5925471137976375, 1.9055407132528068, 1.7839638187190212, 1.8051201621076771, 0.46172926752037735, 0.38656620268100944, -2.793887648491195] 
[0.22927567156486162, 0.2726642932999208, 0.015910650271825366, 1.354346895570334, -1.344950158330258, -1.5991831661296894, 1.913695914640223, 1.7910947172817602, 1.8002731540903048, 0.4531333675719803, 0.3779642144726418, -2.8005616181777273] 
[0.2247581852457452, 0.2771817796190372, 0.02042813659094178, 1.3588643818894504, -1.3404326720111417, -1.6037006524488058, 1.9170463157877298, 1.78576254339985, 1.7943696275682466, 0.4568259728393596, 0.37428092828968457, -2.7960660136459823] 
[0.22353106225631136, 0.2759546566296034, 0.02165525958037562, 1.3600915048788842, -1.3392055490217079, -1.6049277754382396, 1.918118411146081, 1.7850393445354789, 1.7953973659409308, 0.45525270045117366, 0.37271088430249844, -2.794849468571991] 
[0.23226393670947743, 0.28468753108276945, 0.03038813403354168, 1.3513586304257181, -1.3304726745685418, -1.5961949009850736, 1.9062723865242885, 1.7704433023861448, 1.782836173859314, 0.4664403238337205, 0.38389410610524866, -2.803504657277112] 
[0.2369196681832919, 0.28003179960895497, 0.035043865507356164, 1.3560143618995326, -1.3351284060423563, -1.591539169511259, 1.8998618573024768, 1.7625000340114776, 1.7759861863910764, 0.46262214346800157, 0.3876883555868848, -2.798828553287017] 
[0.26150417899247613, 0.25544728879977074, 0.05962837631654039, 1.3314298510903484, -1.310543895233172, -1.5669546587020748, 1.865840149912285, 1.7206623208587923, 1.7403101470339986, 0.4823975612425012, 0.36771769939647625, -2.7743298863884642] 
[0.23889394319242796, 0.2780575245998189, 0.08223861211658856, 1.3540400868903966, -1.3331541310332202, -1.589564894502123, 1.8336246763714785, 1.6822635729344209, 1.7085848726157398, 0.5000245655345505, 0.3494862530322407, -2.751703604422963] 
[0.2548402582575393, 0.29400383966493027, 0.09818492718169991, 1.369986401955508, -1.3491004460983316, -1.6055112095672344, 1.811479358553973, 1.6550199206979517, 1.685038580456735, 0.4789011697182355, 0.32863714127038446, -2.7677317053754096] 
[0.24182557279823924, 0.2809891542056302, 0.11119961264099998, 1.383001087414808, -1.3360857606390315, -1.6185258950265344, 1.8022132188178737, 1.6705563925070552, 1.702085725795007, 0.4626880026683138, 0.3122330442808809, -2.754827805199599] 
[0.27391145309830534, 0.2489032739055641, 0.14328549294106607, 1.350915207114742, -1.3681716409390976, -1.6506117753266005, 1.7788190806994952, 1.7083328392697466, 1.743469275097372, 0.42197766618990656, 0.27062232354747773, -2.7872741668353114] 
[0.28893696437570937, 0.26392878518296814, 0.1583110042184701, 1.3358896958373379, -1.3531461296616936, -1.6355862640491965, 1.798502747712104, 1.7261009913989325, 1.7331692693096623, 0.4403582950299157, 0.28948214589202226, -2.7719273863820737] 
[0.2827643548971339, 0.2701013946615436, 0.16448361369704556, 1.3297170863587624, -1.3469735201831181, -1.629413654570621, 1.7942278984158793, 1.733000259443708, 1.74087386176303, 0.43551163268407383, 0.29455993401937575, -2.7780252816623943] 
[0.30735459414742805, 0.24551115541124946, 0.1890738529473397, 1.3051268471084683, -1.322383280932824, -1.604823415320327, 1.7580454355030457, 1.6898897295903703, 1.706095848496727, 0.4543421487911736, 0.2736343861059592, -2.80290090420095] 
[0.314613230596146, 0.23825251896253152, 0.18181521649862176, 1.3123854835571862, -1.329641917381542, -1.6120820517690448, 1.767915061683701, 1.6987868036154399, 1.7005671555961221, 0.448190991728992, 0.2795230141567978, -2.7955912835240286] 
[0.30414609468616205, 0.24871965487251546, 0.17134808058863782, 1.3228526194671701, -1.319174781471558, -1.6225491876790288, 1.7534533473609213, 1.6855028641079521, 1.7075077516385453, 0.434951092105985, 0.26594062018233694, -2.806197532119861] 
[0.3000826931126406, 0.244656253298994, 0.16728467901511634, 1.3269160210406916, -1.3232381830450795, -1.6266125892525503, 1.7479249577088738, 1.680455760594665, 1.7101910572379966, 0.4297223134425466, 0.2605829065649944, -2.8103268083281625] 
[0.29511774001147884, 0.24962120640015573, 0.17224963211627808, 1.3219510679395299, -1.3282031361462412, -1.6216476361513885, 1.7444972546986872, 1.6858158341966958, 1.7162312225726954, 0.425933779921751, 0.2645954149728583, -2.8152393569823895] 
[0.3107364736687346, 0.23400247274289998, 0.15663089845902234, 1.3063323342822741, -1.3125844024889854, -1.6060289024941328, 1.7211162344923436, 1.6582741578427698, 1.6933277516368936, 0.4046305565006636, 0.243897380320457, -2.831109612164385] 
[0.28469663090209507, 0.2600423155095395, 0.13059105569238283, 1.3323721770489136, -1.286544559722346, -1.5799890597274933, 1.7569321695859907, 1.6911430620661998, 1.6757937697265914, 0.4383714948190961, 0.2783862413389716, -2.8047627372668478] 
[0.26561412666728557, 0.279124819744349, 0.11150855145757332, 1.3132896728141041, -1.3056270639571554, -1.5609065554926838, 1.7287253362663557, 1.657526463443778, 1.6476820516637942, 0.4113115189620532, 0.2519526372248392, -2.8239003268223057] 
[0.2571793133383957, 0.27069000641545915, 0.11994336478646317, 1.321724486142994, -1.2971922506282656, -1.552471742163794, 1.7346598948079244, 1.6476182752344322, 1.6364371665658741, 0.404252120875744, 0.25863002840750854, -2.8323513699494427] 
[0.22049174729150933, 0.23400244036857276, 0.15663093083334956, 1.2850369200961076, -1.333879816675152, -1.5891593082106803, 1.7662840434506082, 1.626959004091813, 1.668677346589841, 0.434396693346522, 0.2299385675533435, -2.868914161734476] 
[0.22625427844557122, 0.22823990921451087, 0.16239346198741145, 1.2792743889420457, -1.32811728552109, -1.5949218393647422, 1.7739767303793876, 1.6360314673236205, 1.676164603743228, 0.42731582351535785, 0.22257184512333178, -2.8747137577783377] 
[0.19431082191993965, 0.1962964526888793, 0.19433691851304302, 1.2473309324164141, -1.3600607420467217, -1.6268652958903738, 1.8137364080241227, 1.6718018229190152, 1.6538248567959881, 0.4675299164085342, 0.263436269174876, -2.9063821931565457] 
[0.17144854795366427, 0.21915872665515468, 0.17147464454676764, 1.2244686584501387, -1.3371984680804463, -1.6040030219240984, 1.8411989286977113, 1.696092631860745, 1.6337339594919018, 0.4378042772287322, 0.23438241436626353, -2.9297505375977404] 
[0.19737778175911003, 0.24508796046060044, 0.14554541074132188, 1.198539424644693, -1.3112692342750005, -1.5780737881186526, 1.818117701718334, 1.713194802383364, 1.6101249667490027, 0.41499276310274513, 0.25513583511564203, -2.9554522368566634] 
[0.2128456827843601, 0.22962005943535035, 0.1300775097160718, 1.183071523619443, -1.3267371353002506, -1.5935416891439027, 1.830248455191653, 1.6956528863152323, 1.5915120797232118, 0.4342336579529531, 0.2751151446122662, -2.9708690251427563] 
[0.23509785699832064, 0.2518722336493109, 0.10782533550211126, 1.2053236978334034, -1.30448496108629, -1.5712895149299422, 1.8030816414057338, 1.6717603545702155, 1.6094084546572962, 0.4533879065734792, 0.25729613757408226, -2.948765533931338] 
[0.19947792198112935, 0.2874921686665022, 0.14344527051930256, 1.2409436328505947, -1.2688650260690988, -1.6069094499471335, 1.7766874576406568, 1.7126567490853788, 1.6560175993758621, 0.4838607836128855, 0.2291287878271754, -2.913150388697577] 
[0.21661910815205032, 0.30463335483742315, 0.12630408434838158, 1.2580848190215157, -1.2860062122400198, -1.6240506361180544, 1.7542327903262651, 1.6846947150085048, 1.6321913776398222, 0.5065284470064222, 0.25277599576438636, -2.8957451669774454] 
[0.2023093853006388, 0.29032363198601163, 0.1406138071997931, 1.2437750961701042, -1.2716964893886082, -1.609740913266643, 1.7649227436187935, 1.6670401445844332, 1.6131389460325105, 0.5170160754840746, 0.24101980978228302, -2.9102396478165486] 
[0.1988796651019571, 0.2868939117873299, 0.1371840870011114, 1.2403453759714225, -1.27512620958729, -1.6063111930679612, 1.7694365424506866, 1.6726710374913678, 1.6179368229741713, 0.5124885957866353, 0.23629752736213552, -2.913725806292939] 
[0.1819436842803428, 0.3038298926089442, 0.1541200678227257, 1.2234093951498082, -1.2920621904089042, -1.6232471738895755, 1.749139940301428, 1.6549365102517029, 1.6290273736310752, 0.48964614819411556, 0.2129354568676043, -2.930919263761409] 
[0.20938542551700023, 0.2763881513722868, 0.12667832658606826, 1.2508511363864656, -1.3195039316455617, -1.595805432652918, 1.7246269493714872, 1.6718996316250732, 1.6075438546715628, 0.5102241219672959, 0.1902766544272118, -2.958749816931454] 
[0.23590296760260698, 0.30290569345789353, 0.10016078450046151, 1.2243335943008589, -1.3460214737311684, -1.6223229747385248, 1.6924895508664968, 1.6437961326092834, 1.6258250306618358, 0.4894272172427898, 0.2117239219311279, -2.9851039761934315] 
[0.22872375445787596, 0.2957264803131625, 0.09298157135573049, 1.2171543811561278, -1.3532006868758995, -1.6295021878832558, 1.6825388658948093, 1.6313724982016422, 1.6153439827491232, 0.49817080053330054, 0.22085203250470534, -2.977769134659732] 
[0.24773968167233718, 0.2767105530987013, 0.1119974985701917, 1.1981384539416666, -1.3722166140903607, -1.648518115097717, 1.6685251150377978, 1.6544354485973125, 1.6404183874550122, 0.4832305414062193, 0.23723900625577346, -2.958428089830039] 
[0.24912725821014958, 0.2753229765608889, 0.11338507510800411, 1.1967508774038542, -1.373604190628173, -1.6471305385599047, 1.670273153440612, 1.6559635727717361, 1.6393857267085326, 0.48202282169237465, 0.23844545241658255, -2.9570070780179907] 
[0.24115124984534986, 0.26734696819608916, 0.12136108347280383, 1.204726885768654, -1.3815801989929728, -1.639154530195105, 1.6590734712032589, 1.6423771799321818, 1.6281049280481288, 0.4883511691582675, 0.2318291348314603, -2.949211855492595] 
[0.2517141355505623, 0.27790985390130163, 0.1319239691780163, 1.2152897714738664, -1.3710173132877603, -1.6285916444898925, 1.649965792488311, 1.6486949195647442, 1.6196722685636034, 0.5008278153970434, 0.24482827921224393, -2.93833681797921] 
[0.28563087578827306, 0.2439931136635909, 0.16584070941572704, 1.1813730312361557, -1.3371005730500496, -1.6625083847276032, 1.6930508590527293, 1.6869747402556343, 1.5970590520461954, 0.528558219804145, 0.2166831891135608, -2.904974689703944] 
[0.2564738264020272, 0.21483606427734503, 0.1949977588019729, 1.1522159818499098, -1.3079435236638037, -1.691665434113849, 1.73158052675054, 1.721254275938522, 1.5733848509763253, 0.48985495297266457, 0.17831813721763945, -2.935429436841021] 
[0.24057657988687153, 0.2307333107925007, 0.21089500531712857, 1.1363187353347541, -1.3238407701789594, -1.6757681875986934, 1.711043534450423, 1.702533526254589, 1.5845875895971493, 0.47806524166997694, 0.19225306920536978, -2.9188727052520207] 
[0.23308663564328014, 0.2232433665489093, 0.21838494956071997, 1.1438086795783455, -1.3313307144225508, -1.668278243355102, 1.7046619678728439, 1.707312078354746, 1.578918682925156, 0.48719552722004145, 0.20206097866899775, -2.910963303349771] 
[0.2603727875161945, 0.19595721467599492, 0.19109879768780558, 1.1165225277054311, -1.3586168662954652, -1.6409920914821876, 1.725347401083676, 1.6780080929815702, 1.5471663069742023, 0.5065806658671884, 0.17775476762690212, -2.939201194280516] 
[0.23912776345868791, 0.21720223873350153, 0.2123438217453122, 1.0952775036479245, -1.3373718422379586, -1.619747067424681, 1.7528247259428071, 1.702689121110596, 1.5282054967970182, 0.4787547116148907, 0.15067629999447907, -2.9612609309336566] 
[0.2229593448450069, 0.20103382011982052, 0.2285122403589932, 1.0791090850342435, -1.3535402608516396, -1.635915486038362, 1.7390822415502674, 1.7131778245476625, 1.5159844241123384, 0.4978672053265421, 0.17104891920397275, -2.94464852811633] 
[0.19626218574616572, 0.2277309792186617, 0.20181508126015202, 1.1058062441330847, -1.3802374199504808, -1.6626126451372032, 1.7597807455431336, 1.6854913242180904, 1.487125150285438, 0.5273479358378363, 0.2024296098186524, -2.9704042744982337] 
[0.22539429797303767, 0.25686309144553365, 0.23094719348702397, 1.1349383563599567, -1.3511053077236088, -1.6917447573640751, 1.7343575108903029, 1.7050148301990158, 1.4650961420391715, 0.560097952523062, 0.2358721381072001, -2.9981863228516] 
[0.21716207092775774, 0.2650953184908136, 0.22271496644174404, 1.1267061293146767, -1.342873080678329, -1.6835125303187952, 1.7271630668477524, 1.7098158615999073, 1.457313211924373, 0.5525233973547155, 0.24307477425803936, -2.9895960218576954] 
[0.20654663345457336, 0.2544798810176292, 0.23333040391492843, 1.1160906918414923, -1.3534885181515133, -1.6728970928456108, 1.7414542736446093, 1.7274935494341441, 1.4737066943008963, 0.5674493860352646, 0.25719146028404427, -2.978316045112295] 
[0.19924676518824014, 0.2617797492839624, 0.24063027218126165, 1.1087908235751591, -1.34618864988518, -1.680196961111944, 1.735084169432648, 1.7321780564054692, 1.4680706318183956, 0.5729526366432841, 0.25059696474632587, -2.9859041704583613] 
[0.18127538091221296, 0.24380836500793523, 0.25860165645728883, 1.090819439299132, -1.3282172656091529, -1.6622255768359169, 1.7567263269543285, 1.7513778940602753, 1.4562621708733527, 0.5869148653870071, 0.236149207065884, -2.9686182605816676] 
[0.18983658571721107, 0.25236956981293335, 0.26716286126228694, 1.09938064410413, -1.336778470414151, -1.6536643720309188, 1.763522051963206, 1.7412866943882235, 1.44441755297716, 0.5784764141399302, 0.24333466074736915, -2.9597629903853617] 
[0.2091761291837828, 0.2330300263463616, 0.2865024047288587, 1.0800411006375583, -1.3174389269475792, -1.634324828564347, 1.746559270971997, 1.7542942911873762, 1.4307503399957289, 0.6008360346529101, 0.26645343877621636, -2.9782571574341774] 
[0.2219674910961389, 0.22023866443400553, 0.2737110428165026, 1.0672497387252022, -1.3046475650352232, -1.621533466651991, 1.7298002151325833, 1.7346562675823833, 1.4147795304856416, 0.6091379778747065, 0.25504251912072307, -2.9913790386811243] 
[0.22253666659801552, 0.22080783993588216, 0.27428021831837923, 1.0678189142270789, -1.3052167405370998, -1.6221026421538676, 1.729311347053463, 1.7350300832064773, 1.4143392342597572, 0.6095479627806851, 0.25457745555741274, -2.990820843472935] 
[0.2169827926928869, 0.22636171384101078, 0.2687263444132506, 1.0733727881322075, -1.3107706144422284, -1.6276565160589962, 1.7340805649892579, 1.7313863831096523, 1.4186340005985272, 0.605545771528941, 0.2591154795655041, -2.996266467505883] 
[0.23907662223794346, 0.20426788429595422, 0.24663251486819404, 1.051278958587151, -1.332864443987285, -1.6497503456040528, 1.707095181527626, 1.7080701884872944, 1.4396413568799609, 0.63665265961378, 0.28858480860504665, -2.9734003831640794] 
[0.22867084813866057, 0.2146736583952371, 0.25703828896747694, 1.0616847326864338, -1.322458669888002, -1.6601561197033357, 1.698263704504137, 1.714859394134215, 1.4314332718435574, 0.644237009602502, 0.2792743432735328, -2.9841604553876526] 
[0.2419725716609109, 0.22797538191748745, 0.2437365654452266, 1.0483830091641835, -1.3091569463657518, -1.673457843225586, 1.6880418593440174, 1.728765300069356, 1.4457262013673313, 0.6293747912642199, 0.2634203106773508, -2.971527166632413] 
[0.24980127523691364, 0.22014667834148471, 0.25156526902122933, 1.0405543055881807, -1.3169856499417545, -1.6812865468015887, 1.6988580326351848, 1.7415640807230888, 1.4572103219480463, 0.6373038686891378, 0.25768919595751966, -2.963981552119516] 
[0.24056444587405124, 0.22938350770434712, 0.24232843965836692, 1.0313174762253183, -1.326222479304617, -1.6905233761644511, 1.6871141527327138, 1.7311719488620843, 1.4653975687682659, 0.6460960137659797, 0.25077538565430263, -2.955117925661467] 
[0.25654499841463774, 0.21340295516376062, 0.22634788711778042, 1.0153369236847318, -1.3422030318452034, -1.6745428236238646, 1.700959917525823, 1.721970685784037, 1.4820361238474247, 0.6680102951916745, 0.2702935209371101, -2.969936569012762] 
[0.25247827597730477, 0.2174696776010936, 0.22228116468044745, 1.0194036461220648, -1.3381363094078704, -1.6786095460611976, 1.6952965991308435, 1.7155323905377629, 1.4771913726411017, 0.6723960028442824, 0.2749800734025317, -2.9737540123549775] 
[0.2699146269500028, 0.20003332662839557, 0.23971751565314547, 1.0019672951493668, -1.3206999584351724, -1.6611731950884996, 1.7196928757158172, 1.7440659533617202, 1.5024464326534004, 0.6901680394658041, 0.26186516661631626, -2.95703704488408] 
[0.27366862058907926, 0.1962793329893191, 0.235963522014069, 0.9982133015102903, -1.316945964796096, -1.664927188727576, 1.7223993186176292, 1.7400574503979513, 1.4972763968915037, 0.6848198973086945, 0.2571943031008276, -2.95350306013562] 
[0.25130928469041236, 0.218638668887986, 0.2583228579127359, 0.9758539656116234, -1.3393053006947628, -1.6425678528289092, 1.7387969694916705, 1.7175669734924033, 1.4727488852497825, 0.7004174935869807, 0.23909423243503633, -2.9320359357060304] 
[0.24654600374143043, 0.21387538793900407, 0.26308613886171783, 0.9806172465606053, -1.3440685816437448, -1.647331133777891, 1.7347092982884675, 1.7203500969729968, 1.467885349761703, 0.6956555991431046, 0.2428020747582314, -2.9366541712458667] 
[0.24322471495211118, 0.21719667672832332, 0.2597648500723986, 0.9772959577712861, -1.3407472928544255, -1.6440098449885718, 1.7322127013256703, 1.7238079934901158, 1.4715685738355904, 0.6933554024423114, 0.24557561028827568, -2.9398604642390938] 
[0.23346574772634354, 0.22695564395409096, 0.25000588284663094, 0.9870549249970537, -1.3505062600801931, -1.6537688122143395, 1.7199282633119441, 1.7130693234437362, 1.481014290405348, 0.7065965437207634, 0.25738359912927855, -2.9491491011961526] 
[0.22775409064116814, 0.23266730103926636, 0.25571753993180635, 0.9927665820822291, -1.3447946029950177, -1.6594804692995149, 1.7156635651234846, 1.719488330858275, 1.488881675622057, 0.7125744547813063, 0.25297382934137624, -2.9436340050009133] 
[0.24149744714351384, 0.21892394453692066, 0.24197418342946064, 0.9790232255798834, -1.3585379594973634, -1.6732238258018606, 1.6970193141420615, 1.6971817516937382, 1.4683264486156402, 0.6979673160189795, 0.2634400190672372, -2.956883768579428] 
[0.24129021754107938, 0.21913117413935512, 0.2421814130318951, 0.978815995977449, -1.358745189099798, -1.673016596199426, 1.6968630663321296, 1.6974001371880152, 1.4685591009368062, 0.6978194889160165, 0.2636111322508105, -2.957081457325872] 
[0.2239834476032827, 0.2364379440771518, 0.2594881829696918, 0.9961227659152456, -1.3414384191620012, -1.6557098262616294, 1.6751230333605316, 1.6783929531691464, 1.4850054896750229, 0.7210519214011731, 0.2858894931057908, -2.938534566894146] 
[0.23338320495762743, 0.22703818672280707, 0.2688879403240365, 0.9867230085609009, -1.350838176516346, -1.6463100689072847, 1.6634392297275493, 1.667815518106812, 1.4910997646056483, 0.713893714012961, 0.29356244416115845, -2.947589862767608] 
[0.23224253542188378, 0.22817885625855072, 0.26774727078829286, 0.9878636780966445, -1.3496975069806023, -1.645169399371541, 1.6618780212977726, 1.6659492376619647, 1.4893291453589452, 0.7122407033696894, 0.2920829601741837, -2.948790597010203] 
[0.2549019729827202, 0.20551941869771428, 0.2904067083491293, 0.9652042405358081, -1.3270380694197659, -1.6678288369323775, 1.6927859390782658, 1.702740837137672, 1.5232584585437656, 0.7366275032247261, 0.27460572111943327, -2.926828624746959] 
[0.2448076853850425, 0.215613706295392, 0.300500995946807, 0.9752985281334858, -1.3371323570174436, -1.6779231245300552, 1.7001926564508265, 1.691853112703025, 1.5094023941089743, 0.7259632941418942, 0.28323746459763655, -2.916272377526183] 
[0.24233896455088, 0.2131449854612295, 0.2980322751126445, 0.9728298072993233, -1.334663636183281, -1.6803918453642177, 1.6970379091814627, 1.6889555245512184, 1.5110065159333477, 0.7241745957585907, 0.2855305217997315, -2.9136698683726747] 
[0.23534075815025246, 0.20614677906060197, 0.291034068712017, 0.9798280136999509, -1.3276654297826536, -1.6873900517648452, 1.7023558708729745, 1.6817916278899827, 1.50380846507613, 0.7316416556681644, 0.29435944158467126, -2.9061431091235534] 
[0.22040887536520315, 0.19121489627555266, 0.27610218592696767, 0.9648961309149016, -1.3127335469976043, -1.7023219345498946, 1.7210547705742132, 1.698296451060624, 1.4896754265888947, 0.7166358862681933, 0.3055224592763185, -2.920372741743248] 
[0.1946642151467246, 0.2169595564940312, 0.3018468461454462, 0.939151470696423, -1.2869888867791257, -1.676577274331416, 1.6871401530087, 1.660233609319926, 1.461436826929383, 0.744831576515672, 0.3389916383970192, -2.892211100063366] 
[0.18733681501791621, 0.2242869566228396, 0.2945194460166378, 0.9318240705676146, -1.2796614866503173, -1.6692498742026076, 1.6934935590568487, 1.6550775348176177, 1.466252921570498, 0.7362469838850204, 0.3293388217697136, -2.9001162248450068] 
[0.1906580547509671, 0.22096571688978872, 0.2978406857496887, 0.9285028308345638, -1.2829827263833682, -1.6725711139356585, 1.697709520290822, 1.6600050087083338, 1.4702733158684287, 0.7342844511681814, 0.33242357124367117, -2.896621766538075] 
[0.19372653137094686, 0.2240341935097685, 0.2947722091297089, 0.925434354214584, -1.2799142497633884, -1.6695026373156787, 1.7003787639499595, 1.6578457962324473, 1.472294101849963, 0.7307659209311775, 0.328757159056222, -2.893767253990153] 
[0.20008198209749906, 0.2176787427832163, 0.2884167584031567, 0.9317898049411362, -1.2735587990368362, -1.6631471865891265, 1.6948360418138633, 1.6621755945661008, 1.467571074926188, 0.7350458246973515, 0.3229604327015871, -2.90045186735851] 
[0.21992497905855557, 0.1978357458221598, 0.2685737614421002, 0.9119468079800797, -1.2934017959978927, -1.682990183550183, 1.670985887345898, 1.6415264724833423, 1.486407834714489, 0.7542674395568755, 0.30636021593331525, -2.9211678341888585] 
[0.2390589606030724, 0.17870176427764295, 0.28770774298661705, 0.9310807895245965, -1.274267814453376, -1.7021241650946999, 1.6859419460747538, 1.6219944425021724, 1.46695709323076, 0.7749564476367695, 0.328648963172087, -2.9388325032539426] 
[0.2409306612201172, 0.17683006366059817, 0.2858360423695723, 0.9292090889075517, -1.272396113836331, -1.700252464477655, 1.6883359237283762, 1.6242358049118113, 1.4658207480846723, 0.7771412102961134, 0.3308843353028343, -2.9405370840709404] 
[0.26657395875561263, 0.2024733611960936, 0.3114793399050677, 0.9035657913720563, -1.2980394113718265, -1.7258957620131505, 1.6689727002767292, 1.6509725238866482, 1.5002419819349888, 0.8036042815313311, 0.3092091819049524, -2.967780980704945] 
[0.2759620254151096, 0.2118614278555906, 0.3020912732455707, 0.9129538580315533, -1.2886513447123296, -1.7165076953536536, 1.6811192080305923, 1.6616622209053857, 1.4903168155547162, 0.7900876384489134, 0.2978665673200636, -2.9594371069922185] 
[0.24672898419621503, 0.24109446907448517, 0.27285823202667614, 0.8837208168126587, -1.259418303493435, -1.687274654134759, 1.6569429123159238, 1.6806453862256308, 1.4705935554711835, 0.8229431013808334, 0.3317642568756467, -2.9857798785360097] 
[0.22843082204226817, 0.25939263122843204, 0.291156394180623, 0.8654226546587118, -1.2411201413394881, -1.668976491980812, 1.67065267616878, 1.661298884979026, 1.4513089375575785, 0.8429884006478728, 0.35345748931619464, -3.0025558671658312] 
[0.21382316245415622, 0.2447849716403201, 0.30576405376873494, 0.8508149950705999, -1.2265124817513762, -1.6543688323927002, 1.652355893690256, 1.644443857308859, 1.458652023811351, 0.8250270296681222, 0.33365908355749074, -3.018353954628191] 
[0.1998840100545196, 0.2587241240399567, 0.29182490136909833, 0.8368758426709633, -1.2125733293517396, -1.6683079847923368, 1.6354543784384905, 1.6300545012266778, 1.4720654559420059, 0.839172825162537, 0.3238388541259061, -3.004923599870807] 
[0.21736649668259544, 0.24124163741188087, 0.2743424147410225, 0.8193933560428874, -1.1950908427236637, -1.6857904714204126, 1.658524480864207, 1.6591646778340028, 1.5020442258254663, 0.8687267440042887, 0.34985498091956807, -2.9858523308387195] 
[0.22647056139313348, 0.23213757270134283, 0.28344647945156054, 0.8284974207534255, -1.1859867780131257, -1.6948945361309506, 1.6464470795012016, 1.6449662987800409, 1.4906213984005532, 0.8735692884845208, 0.3412919336244436, -2.9955803502991936] 
[0.23205272439032654, 0.23771973569853588, 0.2778643164543675, 0.8229152577562324, -1.1804046150159326, -1.6893123731337576, 1.6394799011246484, 1.63862804167575, 1.4941818775556963, 0.8699957882006439, 0.3463885943509272, -2.9896029198663383] 
[0.2239606138023278, 0.22962762511053714, 0.28595642704236623, 0.8148231471682337, -1.1723125044279339, -1.6974044837217563, 1.6323736654970935, 1.6430389532423897, 1.4846853207987845, 0.8568876738422408, 0.3341100287761541, -2.9986080941151227] 
[0.19953180267975212, 0.2540564362331128, 0.26152761591979057, 0.790394336045658, -1.1967413155505096, -1.721833294844332, 1.5993770320630634, 1.603421417413869, 1.4468644206583374, 0.8305810271690994, 0.3534871400887457, -2.972632325769964] 
[0.18545704848840017, 0.23998168204176085, 0.2756023701111425, 0.776319581854306, -1.1826665613591576, -1.735908049035684, 1.6164443569511815, 1.6190200669743577, 1.4395086809982454, 0.8476593648748432, 0.3706251322650081, -2.985018287375397] 
[0.20105595750301375, 0.25558059105637443, 0.26000346109652894, 0.7919184908689196, -1.167067652344544, -1.7203091400210704, 1.6289272675703412, 1.601623082697064, 1.4215636933767264, 0.8559555642946843, 0.35526891030360913, -3.002284103617] 
[0.1893570986298998, 0.24388173218326048, 0.2717023199696429, 0.7802196319958057, -1.178766511217658, -1.7320079988941843, 1.644085438728261, 1.6195268433957928, 1.4352488975135043, 0.8427946238179846, 0.3410077197993049, -2.991957547202097] 
[0.19715194590104956, 0.25167657945441024, 0.27949716724079265, 0.7880144792669554, -1.1865613584888077, -1.739802846165334, 1.6540010299523924, 1.6311373389574366, 1.4440230094657431, 0.8337552613036131, 0.3299276019133552, -3.000920591509042] 
[0.21959025613332783, 0.22923826922213197, 0.3019354774730709, 0.7655761690346772, -1.208999668721086, -1.7173645359330558, 1.636796427231521, 1.6587258020327464, 1.4798687289697543, 0.8705413818868112, 0.35965437175259196, -3.020089658138001] 
[0.21158573628042077, 0.2212337493692249, 0.29393095762016386, 0.7575716491817701, -1.217004188573993, -1.7093600160801488, 1.6261822015871505, 1.6464234860890703, 1.4702053456868924, 0.8750727871935287, 0.3534390078235954, -3.0126972193202555] 
[0.23169613821028334, 0.24134415129908748, 0.31404135955002643, 0.7776820511116327, -1.1968937866441305, -1.7294704180100113, 1.6017653873621778, 1.62540552881678, 1.490149240844235, 0.8952786290496035, 0.33588417885001076, -3.0344600712953045] 
[0.2287818694048036, 0.24425842010456722, 0.3111270907445467, 0.7805963199171124, -1.1998080554496102, -1.732384686815491, 1.6054443142338801, 1.6288348966620574, 1.4887697532157658, 0.8989096507570128, 0.34003449755893006, -3.0311108106445364] 
[0.2497724987300154, 0.22326779077935544, 0.2901364614193349, 0.7596056905919006, -1.1788174261243984, -1.7113940574902793, 1.621414618505899, 1.6060214011702494, 1.4649667338984707, 0.9098218964718962, 0.31922174039524676, -3.0543186672921028] 
[0.28115352875393085, 0.2546488208032709, 0.25875543139541946, 0.7282246605679852, -1.210198456148314, -1.7427750875141947, 1.577481959802957, 1.5539503705874895, 1.4158368005437385, 0.8750001578834408, 0.34499922828859814, -3.0205169741698192] 
[0.2845957548097091, 0.25120659474749263, 0.2621976574511977, 0.7247824345122069, -1.2067562300925356, -1.7393328614584165, 1.5729112648699093, 1.549747763024766, 1.417832565085358, 0.872493747769347, 0.3474967632390217, -3.0236607167524343] 
[0.2768049574253888, 0.24341579736317231, 0.2544068600668774, 0.7169916371278866, -1.1989654327082153, -1.7471236588427368, 1.579374012953606, 1.5448644574476629, 1.42282302054645, 0.8635816163037833, 0.33846397699830405, -3.016929896519053] 
[0.2750653993506391, 0.24167623928842263, 0.2526673019921277, 0.7187311952026363, -1.200704990782965, -1.7488632169174865, 1.5806335591785434, 1.543054644514373, 1.4210210887894317, 0.8654484804655055, 0.3404507505714634, -3.018424704736185] 
[0.27905633604541236, 0.24566717598319587, 0.25665823868690096, 0.714740258507863, -1.1967140540881918, -1.7528541536122597, 1.5839552067501605, 1.540516732075916, 1.4236085292209517, 0.8608640870541778, 0.3358272877288688, -3.015008406078248] 
[0.26729009510464663, 0.23390093504243015, 0.2684244796276667, 0.7265064994486288, -1.2084802950289575, -1.741087912671494, 1.5741772710361235, 1.5479585972667154, 1.4160382412375307, 0.8743776224365463, 0.3494470246334677, -3.0250410370037275] 
[0.2520531143365774, 0.21866395427436092, 0.2836614603957359, 0.7112695186805595, -1.1932433142608883, -1.7258509319034248, 1.594139437089121, 1.5663497782903966, 1.406876945629098, 0.885327567391646, 0.3383449048469541, -3.0111191508984807] 
[0.2548287993263594, 0.2214396392641429, 0.2864371453855179, 0.7140452036703415, -1.1960189992506702, -1.7230752469136428, 1.5964773072875302, 1.5645514328337007, 1.4089008589009098, 0.8834475923035744, 0.34040880591733463, -3.013670387865284] 
[0.2566994474139592, 0.21956899117654305, 0.28830779347311775, 0.7121745555827417, -1.1941483511630704, -1.721204598826043, 1.597880215512551, 1.5626494677334593, 1.4070550523416974, 0.8854284326525028, 0.34255990397409347, -3.0153115593088087] 
[0.25928605930316606, 0.22215560306574988, 0.2857211815839109, 0.7095879436935348, -1.1915617392738636, -1.718617986936836, 1.6001068420179825, 1.5611967070884447, 1.4099370976376526, 0.8882317878716126, 0.3408733308309723, -3.012902832155734] 
[0.2710217115162352, 0.23389125527881904, 0.27398552937084175, 0.721323595906604, -1.1798260870607944, -1.7303536391499053, 1.6088639351837926, 1.5492867434194595, 1.3983659790559126, 0.9006890187534327, 0.35441968269386276, -3.0232324387782104] 
[0.2645589175368934, 0.22742846129947725, 0.26752273539149996, 0.7148608019272622, -1.1862888810401362, -1.736816433129247, 1.6142754610553192, 1.5452500278177408, 1.403095696426801, 0.8963111228276588, 0.35916670035350323, -3.0291716086616294] 
[0.259709641041981, 0.22257918480456484, 0.27237201188641236, 0.7100115254323498, -1.1911381575350486, -1.7319671566343346, 1.6212476715060513, 1.5535834222745606, 1.4112331524433406, 0.904224795408385, 0.3654152339147072, -3.0332980040373956] 
[0.25663128487314224, 0.21950082863572606, 0.27545036805525114, 0.706933169263511, -1.1942165137038874, -1.7350455128031734, 1.623446774441122, 1.5500729393022818, 1.4064495568188473, 0.8992799554287771, 0.3614840893671312, -3.030663986403784] 
[0.2565171001242079, 0.21961501338466038, 0.2753361833063168, 0.7070473540124453, -1.194102328954953, -1.734931328054239, 1.6232882165810691, 1.549893822938425, 1.406322990113926, 0.8993984645777151, 0.3616140486468622, -3.0307631458564357] 
[0.24258834496282744, 0.23354376854604086, 0.26140742814493634, 0.6931185988510649, -1.1801735737935726, -1.7488600832156196, 1.6035296688278762, 1.5263504559703929, 1.383037566324372, 0.8766836595718466, 0.34383377220807515, -3.018888355392697] 
[0.2583081991917682, 0.2492636227749816, 0.27712728237387707, 0.6773987446221241, -1.1958934280225133, -1.7645799374445603, 1.6254727366219435, 1.5529801302178878, 1.4096797575272075, 0.9032759336455857, 0.3681702049716158, -3.000102344622582] 
[0.2506632701226239, 0.24161869370583733, 0.28477221144302134, 0.6697538155529799, -1.2035383570916576, -1.756935008375416, 1.620094361879836, 1.562136055748596, 1.422070088839163, 0.9160785240916183, 0.37993827995963403, -2.99081421859247] 
[0.2573042908422687, 0.24825971442548211, 0.27813119072337655, 0.6763948362726246, -1.1968973363720128, -1.7635760290950608, 1.6259029727461467, 1.5586797967416335, 1.4300975878752027, 0.926157324321452, 0.3879836411431723, -2.996365803171698] 
[0.2478704721063083, 0.2576935331614425, 0.28756500945933694, 0.685828655008585, -1.1874635176360524, -1.7730098478310212, 1.6127233896316795, 1.5434946374973357, 1.4191551895447165, 0.9356066449029756, 0.3983840173675501, -3.0043530923192203] 
[0.250075379127219, 0.2554886261405318, 0.28976991648024764, 0.6836237479876743, -1.189668424656963, -1.7708049408101105, 1.6110922866483728, 1.5459133121717186, 1.4216907997877313, 0.9344649264601685, 0.4006954515691398, -3.0018149985650138] 
[0.2396411150753559, 0.2450543620886687, 0.30020418053211073, 0.6731894839358112, -1.1792341606051, -1.7812392048619736, 1.6022976839157819, 1.5527611020084857, 1.4153806897086803, 0.9462098096401764, 0.41252390957422347, -3.0105580274780697] 
[0.23463953339521182, 0.24005278040852462, 0.29520259885196665, 0.6681879022556672, -1.174232578924956, -1.7862407865421177, 1.5978949140221388, 1.5553616594535986, 1.4092189407262368, 0.9384269570735397, 0.4063680375317522, -3.0064857316339237] 
[0.24988189812577288, 0.2552951451390857, 0.3104449635825277, 0.6529455375251061, -1.1589902141943949, -1.7709984218115566, 1.6166774399283814, 1.5710381734649883, 1.3920091586087635, 0.9139221270660285, 0.3825861038065603, -3.025409161285837] 
[0.2492313981176595, 0.2546446451309723, 0.3110954635906411, 0.6522950375169927, -1.1596407142025082, -1.7703479218034432, 1.6175160939561772, 1.5718245253678522, 1.3917309648281075, 0.9147275343646024, 0.3835371860671162, -3.024620987957173] 
[0.23890708474731226, 0.24432033176062506, 0.3007711502202939, 0.6419707241466455, -1.1699650275728555, -1.760023608433096, 1.6101220405987369, 1.5841001728866864, 1.4077220428669397, 0.9266805946716324, 0.374289843233018, -3.03628064589043] 
[0.24355218234787457, 0.23967523416006276, 0.3054162478208562, 0.6466158217472078, -1.1746101251734178, -1.7553785108325337, 1.613615245750385, 1.5790835064557354, 1.402493614940604, 0.929038183467098, 0.36943305119733233, -3.041599435828417] 
[0.24597972595527806, 0.24210277776746625, 0.3078437914282597, 0.6441882781398043, -1.1770376687808213, -1.7529509672251302, 1.6102107666617127, 1.5749131701834964, 1.3981914712513728, 0.9249276038984408, 0.3663660613802388, -3.0395863595563255] 
[0.2433286430267374, 0.2447538606960069, 0.305192708499719, 0.6468393610683449, -1.179688751709362, -1.7502998842965896, 1.6079614176089996, 1.576612515786253, 1.396296227555123, 0.9265400576425036, 0.36366611972144536, -3.0425985867643095] 
[0.2561928807884237, 0.25761809845769323, 0.2923284707380327, 0.6597035988300313, -1.1925529894710483, -1.7631641220582759, 1.5918979840913954, 1.5629263491835936, 1.4093716366983795, 0.9406444352735044, 0.35544432486141336, -3.0308172899490833] 
[0.2563357207390966, 0.2577609384083661, 0.2921856307873598, 0.6595607588793584, -1.1926958294217211, -1.7633069620089488, 1.5917967134900135, 1.5630959942082752, 1.4095903601853808, 0.9408072248339369, 0.355314147046414, -3.0309784055583515] 
[0.26158500544130603, 0.26301022311057554, 0.2869363460851504, 0.654311474177149, -1.1874465447195117, -1.7685562467111582, 1.599295986011687, 1.5722735633872034, 1.4184401485416873, 0.9473191665324356, 0.3521506272569337, -3.026173647441414] 
[0.2651381807292681, 0.2594570478226135, 0.29048952137311246, 0.6507582988891869, -1.1909997200074738, -1.7650030714231961, 1.5963153683154716, 1.574566373220223, 1.4162977630785019, 0.9512783221590583, 0.35613784200063625, -3.0291503518455203] 
[0.2726839858936694, 0.26700285298701476, 0.29803532653751375, 0.6432124937247856, -1.1834539148430725, -1.7725488765875974, 1.6017904163700813, 1.5663903494333584, 1.4077954691468424, 0.9557413414111349, 0.35051407287121567, -3.022406521569788] 
[0.2759875547375168, 0.26369928414316735, 0.30133889538136116, 0.6399089248809382, -1.18675748368692, -1.7758524454314448, 1.6046621044712168, 1.5647278260327795, 1.4114804678940271, 0.9592060663733765, 0.34740176877832146, -3.0261721589809003] 
[0.2682512651774489, 0.27143557370323523, 0.30907518494142905, 0.6321726353208703, -1.179021194126852, -1.768116155871377, 1.6099745362291258, 1.5555143573902903, 1.3994767436632432, 0.9502396506249368, 0.3545581456992497, -3.0173521221963377] 
[0.26032249500598836, 0.2635068035317747, 0.3011464147699685, 0.6401014054923309, -1.1710924239553915, -1.7760449260428375, 1.6169024079451526, 1.5515945154008495, 1.4085720590410187, 0.959257508146471, 0.3496210819209755, -3.010145016838699] 
[0.2546039453037403, 0.26922535323402275, 0.29542786506772045, 0.6343828557900828, -1.1768109736576395, -1.7703263763405894, 1.6251299438801028, 1.5616907282143304, 1.4182783662574188, 0.9660537086384057, 0.344432329824231, -3.0166448807823807] 
[0.2506609968074487, 0.2652824047377311, 0.2993708135640121, 0.6304399072937912, -1.172868025161348, -1.7663834278442978, 1.6300952020762771, 1.5659014138102323, 1.4144702773204185, 0.9620632736415173, 0.3481691832538525, -3.0121510684259922] 
[0.25103557831451595, 0.26490782323066386, 0.2989962320569448, 0.6308144888008584, -1.1724934436542807, -1.7660088463372305, 1.6304264238760406, 1.5657202708923927, 1.4149406478001145, 0.962671169328896, 0.3487426734833819, -3.0116934926258248] 
[0.2527572254003283, 0.2631861761448515, 0.30071787914275716, 0.6290928417150461, -1.174215090740093, -1.7642871992514182, 1.6289044767850527, 1.5665532498904415, 1.4127794406013092, 0.9598771186084013, 0.3461066987860325, -3.0137957270518125] 
[0.25789314409056074, 0.26832209483508396, 0.3058537978329896, 0.6239569230248136, -1.1690791720498606, -1.7694231179416506, 1.6245873407581437, 1.5699441674695995, 1.409859221793301, 0.9659305750394241, 0.35344416211865765, -3.007607557230861] 
[0.2603444583200074, 0.2658707806056373, 0.30340248360354294, 0.6264082372542603, -1.166627857820414, -1.766971803712204, 1.6267539369615367, 1.5687863898948582, 1.4129712438925575, 0.9699357547981896, 0.3572111082194677, -3.0046010196671538] 
[0.2540808670291541, 0.259607189314784, 0.29713889231268964, 0.6326718285451136, -1.1728914491112672, -1.7732353950030573, 1.635824588702206, 1.5800883677074375, 1.4244674598108256, 0.9806156056884849, 0.36508087459802036, -3.0097220086829273] 
[0.2528795306640299, 0.2584058529496598, 0.29593755594756543, 0.6314704921799894, -1.1740927854763914, -1.7744367313681815, 1.6375046030030935, 1.5820587775929547, 1.4259867594752313, 0.9799576451631958, 0.3659785491161355, -3.010789163586188] 
[0.24799978288401348, 0.2632856007296762, 0.291057808167549, 0.626590744399973, -1.1789725332564078, -1.779316479148198, 1.633404944374821, 1.5852838033085335, 1.4231849381729391, 0.9857344651885039, 0.37301281528423114, -3.004850338594422] 
[0.24821818515767702, 0.26350400300333976, 0.29127621044121255, 0.6263723421263094, -1.1787541309827443, -1.7795348814218614, 1.6335591813103774, 1.585013071157294, 1.4228171593366126, 0.9853604434077284, 0.37267215262807846, -3.0051215361592845] 
[0.2531616931698133, 0.2585604949912035, 0.2962197184533488, 0.6214288341141732, -1.1836976389948806, -1.7745913734097252, 1.6377276949790687, 1.5817457709614322, 1.4256596471704281, 0.9795248449471271, 0.36553795324450883, -3.0111719058987805] 
[0.24726413348424514, 0.26445805467677164, 0.302117278138917, 0.6273263937997413, -1.1778000793093124, -1.7804889330952933, 1.6303400545069848, 1.575591982259775, 1.4321329947832002, 0.9883842626430298, 0.3725622963096203, -3.015999130740653] 
[0.24485475341027096, 0.2668674347507458, 0.2997078980649428, 0.6249170137257671, -1.1753906992353382, -1.7828983131692675, 1.632121220001733, 1.5729327968315368, 1.429361463762993, 0.9895939020379227, 0.3699747151936582, -3.0188113409227992] 
[0.2413470963424993, 0.26335977768297414, 0.2962002409971711, 0.6214093566579955, -1.17889835630311, -1.7793906561014958, 1.6370605058775156, 1.5790552034186678, 1.435333370219192, 0.993783598043766, 0.36673603918743763, -3.022829273540779] 
[0.23761698258583563, 0.2596296639263105, 0.29247012724050747, 0.6176792429013318, -1.1826284700597736, -1.7756605423448322, 1.6418138590211215, 1.5834892261787061, 1.4337077859355267, 0.9982896003222255, 0.3721356529054641, -3.018258941041591] 
[0.2490909081692807, 0.27110358950975555, 0.30394405282395254, 0.6062053173178867, -1.1711545444763285, -1.764186616761387, 1.6334863040191225, 1.5973195321408966, 1.4515003416734935, 1.0115590646785761, 0.36143339451272866, -3.0313757321643] 
[0.24959002841384303, 0.2706044692651932, 0.30444317306851487, 0.6067044375624491, -1.1716536647208908, -1.7636874965168248, 1.6327774717404968, 1.5964366047622314, 1.450630323743336, 1.0109165698383893, 0.3617302767564109, -3.031831657046477] 
[0.2564022047140406, 0.2637922929649956, 0.31125534936871246, 0.5998922612622515, -1.1648414884206932, -1.7704996728170224, 1.6230451337683005, 1.5841679463812188, 1.4379238588726844, 0.9988540270118698, 0.3511570593571703, -3.0401780718018614] 
[0.25028084635439085, 0.25767093460534585, 0.3051339910090627, 0.5937709029026017, -1.1587201300610435, -1.7766210311766721, 1.628398983398797, 1.5810330754129154, 1.4449030563772995, 1.005453536279695, 0.34538481891086215, -3.0471677659048226] 
[0.2563814039833383, 0.2515703769763984, 0.29903343338011523, 0.5876703452736542, -1.164820687689991, -1.7827215888056196, 1.6230172469588582, 1.5840344250709029, 1.437215568670031, 0.9959273848723089, 0.33801762326276485, -3.042210696063207] 
[0.2515694564491129, 0.2563823245106238, 0.2942214858458898, 0.5828583977394288, -1.1696326352242163, -1.7779096412713942, 1.6270804355436008, 1.5809857301737056, 1.440541618944346, 0.9926241079464875, 0.3414533958718197, -3.04647008397078] 
[0.258115962102744, 0.26292883016425495, 0.2876749801922587, 0.5763118920857977, -1.1761791408778475, -1.771363135617763, 1.6177926984119102, 1.5696013065274184, 1.4294734283768449, 0.9847427850024151, 0.34756615494250176, -3.038957436225405] 
[0.249950554763396, 0.25476342282490694, 0.27950957285291067, 0.5844772994251457, -1.1843445482171955, -1.779528542957111, 1.6121130934410692, 1.5796862353149852, 1.443248713604072, 0.9985843389883381, 0.36006871645302213, -3.028864044474094] 
[0.25010080494646814, 0.25491367300797907, 0.2796598230359828, 0.5846275496082178, -1.1844947984002676, -1.779378292774039, 1.612244261834673, 1.57960651931043, 1.4434154572191997, 0.9987424422377328, 0.3599222655133664, -3.029037737973438] 
[0.2573438292778414, 0.2621566973393523, 0.28690284736735605, 0.5918705739395911, -1.1772517740688944, -1.7721352684426657, 1.6061393470861056, 1.584358470582208, 1.4390337882988224, 1.006578604987906, 0.3677736975979884, -3.0350248741749923] 
[0.2500006930727261, 0.2694998335444676, 0.29424598357247134, 0.5992137101447064, -1.169908637863779, -1.7647921322375504, 1.5968601327759404, 1.576482371712899, 1.4463055534903697, 1.01461096882773, 0.3630943660019538, -3.0283989730009395] 
[0.2535408075040573, 0.2730399479757988, 0.29070586914114016, 0.5956735957133752, -1.166368523432448, -1.7612520178062192, 1.5923316249433286, 1.5723377189943324, 1.4482311257713902, 1.012049569969134, 0.3656305717191419, -3.0315673480881333] 
[0.24107374465409293, 0.26057288512583443, 0.2782388062911758, 0.5832065328634108, -1.1539014605824836, -1.7737190806561836, 1.6084307580504522, 1.5873747839701442, 1.4429585415225339, 1.02707938490779, 0.3834422945264527, -3.0165343152523727] 
[0.24192649218142903, 0.26142563265317054, 0.2773860587638397, 0.5823537853360747, -1.1530487130551474, -1.7728663331288474, 1.6096229248453129, 1.5888461313449411, 1.4443867954204803, 1.028079539153904, 0.3826541886830564, -3.017508282823162] 
[0.24074973316763404, 0.26024887363937554, 0.2762092997500447, 0.5835305443498697, -1.1542254720689424, -1.7740430921426424, 1.6081590602165639, 1.5876055771449618, 1.4455262365320303, 1.0292657582332319, 0.3815252159754554, -3.018858003327703] 
[0.24446181496915798, 0.2565367918378516, 0.2724972179485208, 0.5798184625483458, -1.1579375538704664, -1.7777551739441664, 1.6113058296511416, 1.5851519844324826, 1.447745064505566, 1.0251581537820387, 0.37740617921202935, -3.0157804313003234] 
[0.24404340747741826, 0.2561183843461119, 0.2729156254402605, 0.5802368700400855, -1.158355961362206, -1.778173581435906, 1.6109519586551577, 1.5854276477286122, 1.447492440536096, 1.0256192689993135, 0.3778677729940145, -3.0161261575650578] 
[0.23420039351004518, 0.2462753703787388, 0.28275863940763357, 0.5703938560727124, -1.148512947394833, -1.768330567468533, 1.598663902732855, 1.5749674148689459, 1.4570186367250768, 1.0355213147110909, 0.3683300591596937, -3.027473808126269] 
[0.22746212739962401, 0.23953710426831765, 0.28949690551805474, 0.5636555899622913, -1.1417746812844118, -1.7750688335789542, 1.592946671296423, 1.5795040720537041, 1.4530011313880564, 1.042931486085484, 0.3757973344641024, -3.033086959726011] 
[0.2339354501913513, 0.24601042706004494, 0.29597022830978204, 0.557182267170564, -1.1482480040761391, -1.7815421563706815, 1.6010386322805232, 1.5868928505475874, 1.4491314427405635, 1.0470559041810557, 0.3690285189623237, -3.0406157746451337] 
[0.23192373334653893, 0.24399871021523256, 0.29395851146496965, 0.5591939840153763, -1.1462362872313268, -1.779530439525869, 1.602572724106049, 1.5847684509874465, 1.4471120903476393, 1.0490290795993944, 0.37118017632602746, -3.0422790669599586] 
[0.2370207810084517, 0.24909575787714533, 0.2888614638030569, 0.5642910316772891, -1.1513333348932395, -1.7744333918639563, 1.6063241078500425, 1.5787352184772434, 1.4392336226358422, 1.043055333525722, 0.3759662804331833, -3.036415939495907] 
[0.23823562976615675, 0.24788090911944027, 0.28764661504535183, 0.5630761829195841, -1.1501184861355345, -1.7732185431062513, 1.6078287247898952, 1.5800085856951795, 1.4379978171245322, 1.041711574466144, 0.376729559166344, -3.037511666334239] 
[0.2371491413571698, 0.24896739752842723, 0.2887331034543388, 0.564162671328571, -1.1512049745445214, -1.7721320546972643, 1.6064879441247273, 1.5788970487701792, 1.4392299191443456, 1.0434303931031195, 0.3783837772373999, -3.0361684717778297] 
[0.24145882268732932, 0.25327707885858675, 0.28442342212417926, 0.5598529899984115, -1.155514655874681, -1.7678223733671048, 1.6028413684253295, 1.5818093802062612, 1.4367600445146502, 1.0484526085405705, 0.38455425959619394, -3.030906499369424] 
[0.24052151392665677, 0.2542143876192593, 0.2853607308848518, 0.560790298759084, -1.1545773471140084, -1.7687596821277773, 1.6021630617811564, 1.5829282251424281, 1.4382097638508442, 1.0495435956223125, 0.3836788906060224, -3.0319766631371077] 
[0.23828753753513765, 0.2519804112277402, 0.28759470727637093, 0.5630242751506032, -1.1523433707224893, -1.7709936585192965, 1.604051783408836, 1.581430720568937, 1.4394941537365316, 1.0469490921180415, 0.38049540121871955, -3.034695581040993] 
[0.2350429419143525, 0.248735815606955, 0.28435011165558577, 0.559779679529818, -1.149098775101704, -1.7742382541400816, 1.6016923000030094, 1.5853028579101818, 1.4445167520699655, 1.0507305879022637, 0.3774672218614661, -3.0384054792365505] 
[0.2409652398594042, 0.2428135176619033, 0.27842781371053404, 0.5538573815847663, -1.1431764771566524, -1.76831595619503, 1.593643266711886, 1.5758807502967718, 1.4371928691556495, 1.0540447316954902, 0.373053714110798, -3.033172597796486] 
[0.23789762949587767, 0.24588112802542983, 0.2814954240740606, 0.5569249919482928, -1.146244087520179, -1.7652483458315034, 1.5898375185157196, 1.5726941724351193, 1.4405897878267664, 1.0586489149289726, 0.37670526918404756, -3.0356856387138764] 
[0.2411786005820511, 0.24916209911160325, 0.27821445298788716, 0.5602059630344662, -1.1429631164340055, -1.76196737474533, 1.5927297338586877, 1.5709933710387272, 1.4446342780516737, 1.0636769464311855, 0.3806352979155434, -3.038379199936278] 
[0.24524881941047183, 0.253232317940024, 0.2822846718163079, 0.5561357442060455, -1.1470333352624262, -1.7660375935737507, 1.5977735571215654, 1.5751995230409777, 1.440154015045122, 1.057563183379877, 0.37576060800140926, -3.03502291259372] 
[0.25428937967648735, 0.2622728782060395, 0.2913252320823234, 0.54709518394003, -1.1379927749964107, -1.7750781538397662, 1.6102481762706264, 1.5898091624061104, 1.451450737130937, 1.0525245065584787, 0.3825459320518197, -3.043044363077973] 
[0.24325487002197987, 0.25123836855153203, 0.28029072242781594, 0.5360606742855225, -1.1269582653419032, -1.7861126634942737, 1.5947921106369822, 1.571610105644736, 1.4372664191775717, 1.0576935936554377, 0.37055972540778864, -3.0559640472375698] 
[0.24417605824112854, 0.2521595567706807, 0.2793695342086673, 0.5351394860663738, -1.1260370771227546, -1.7870338517134223, 1.5941264351173479, 1.5727053112666174, 1.438686708533785, 1.0587578113523208, 0.3696859749438995, -3.0570301810383094] 
[0.2470800462191336, 0.24925556879267563, 0.28227352218667234, 0.5322354980883688, -1.1231330891447495, -1.7841298637354173, 1.5900352376102749, 1.56763418386471, 1.4334899016586355, 1.053913524738579, 0.3661458866598814, -3.054715991807694] 
[0.25043494825983514, 0.24590066675197408, 0.2856284242273739, 0.5355904001290703, -1.126487991185451, -1.7807749616947157, 1.5929877213130452, 1.5659363272560958, 1.4376568891634645, 1.059081876148129, 0.37014763398693745, -3.0574127816602323] 
[0.248019324767627, 0.24831629024418223, 0.28804404771958203, 0.5331747766368622, -1.124072367693243, -1.7783593382025076, 1.589946962873253, 1.5633356120382977, 1.4400690057745915, 1.0615710095402813, 0.36780355355984445, -3.0602077874912323] 
[0.25404312932097795, 0.24229248569083128, 0.2820202431662311, 0.5271509720835112, -1.1300961722465939, -1.7843831427558585, 1.5823962515782524, 1.556918818318536, 1.4462140008412847, 1.0682632516071622, 0.3640568514294339, -3.054783665935518] 
[0.25396088578567144, 0.2423747292261378, 0.2819379996309246, 0.5272332156188178, -1.1300139287112874, -1.784465386291165, 1.5822922190462096, 1.5568295112639885, 1.4462961252643678, 1.0683480565678156, 0.3639762483975824, -3.054879264386507] 
[0.24193735848237252, 0.2543982565294367, 0.26991447232762567, 0.5152096883155188, -1.1420374560145863, -1.796488913594464, 1.5652343092006404, 1.5361880158461898, 1.4263192343501878, 1.0540064416046917, 0.37534777137200437, -3.0409710666805885] 
[0.24189619092844494, 0.2544394240833643, 0.26995563988155324, 0.5152508558694464, -1.1419962884606587, -1.7965300811483915, 1.5651982083068545, 1.5362098668623767, 1.4262727531871775, 1.0539598664669239, 0.3753732519758561, -3.041007721478067] 
[0.24640516081444175, 0.2589483939693611, 0.27446460976755005, 0.5197598257554432, -1.137487318574662, -1.7920211112623947, 1.5618295162992646, 1.5411284234336855, 1.4313276775199797, 1.0512327791396567, 0.3786478060882579, -3.0449366701007947] 
[0.24916540840487555, 0.2617086415597949, 0.27170436217711624, 0.5169995781650094, -1.1402475661650957, -1.789260863671961, 1.5580251167194836, 1.5367000531296806, 1.4281018113712556, 1.0538402007212677, 0.3815407863226205, -3.0471968767817637] 
[0.24339401329878085, 0.2674800366658896, 0.26593296707102154, 0.5112281830589147, -1.134476171059001, -1.7950322587780556, 1.550829995590901, 1.53072299581349, 1.4343458560572546, 1.0623439679328432, 0.38820946341774976, -3.0518265208252] 
[0.24290439964952681, 0.26699042301663556, 0.2654433534217675, 0.5117177967081687, -1.134965784708255, -1.7955218724273097, 1.5511959190392386, 1.530190830364918, 1.4338302788391497, 1.062822326538962, 0.3887243563828198, -3.052225635628847] 
[0.24289747446749899, 0.2669973481986634, 0.26545027860379533, 0.5117108715261409, -1.1349727098902829, -1.7955149472452818, 1.5512047421611264, 1.5301990111092043, 1.4338270762491077, 1.0628300363353445, 0.3887318316966697, -3.0522312441724626] 
[0.24498908116629337, 0.264905741499869, 0.26335867190500095, 0.5096192648273465, -1.1370643165890773, -1.7976065539440762, 1.5530443708877324, 1.5291128708603738, 1.4361687709471775, 1.065180059083574, 0.38743723057565516, -3.050367652254742] 
[0.25386485543002535, 0.256029967236137, 0.27223444616873294, 0.5184950390910785, -1.1281885423253453, -1.8064823282078082, 1.5420419372493983, 1.5200278851254905, 1.4458175532861766, 1.0788635130591764, 0.40103401870649097, -3.0390700176409293] 
[0.2585431905244897, 0.25135163214167267, 0.2675561110742686, 0.5138167039966142, -1.123510207230881, -1.8111606633022725, 1.53552955808455, 1.5124791413699736, 1.440361512566964, 1.0833097271901253, 0.4059282966253212, -3.0428513547381066] 
[0.2638883043440339, 0.25669674596121683, 0.27290122489381274, 0.50847159017707, -1.1181650934113367, -1.8165057771218167, 1.5310105028921928, 1.5158148856687133, 1.43652231938712, 1.086593936218771, 0.40005208097401146, -3.0492948650550504] 
[0.26567411628256266, 0.2584825578997456, 0.27111541295528396, 0.5066857782385412, -1.1199509053498655, -1.814719965183288, 1.53225898956514, 1.513685090408888, 1.4337304296274551, 1.0843833302316555, 0.4010809851864776, -3.050884078528971] 
[0.2639771997182103, 0.26017947446409795, 0.2694184963909316, 0.5049888616741889, -1.1216478219142179, -1.8130230486189356, 1.5298001370225065, 1.5106834195789893, 1.4308663671071113, 1.082378557542511, 0.4027523858331036, -3.0488694826173504] 
[0.2562508757923234, 0.25245315053821105, 0.27714482031681853, 0.5127151856000758, -1.113921497988331, -1.8052967246930487, 1.5188814545497265, 1.498022383927724, 1.4217526775071052, 1.0896794423357343, 0.4107831434246958, -3.055077158125301] 
[0.2513490196329664, 0.25735500669756806, 0.2722429641574615, 0.5176170417594328, -1.109019641828974, -1.8003948685336917, 1.5252471518206308, 1.503986977991393, 1.4196032175386004, 1.0955970413554854, 0.4180472988819466, -3.0488553146955994] 
[0.25085779329090285, 0.2578462330396316, 0.27175173781539796, 0.5171258154173692, -1.1085284154869104, -1.7999036421916281, 1.5248305346811877, 1.5042971776779803, 1.419262837788261, 1.0959386354785678, 0.417704846112852, -3.0484247225842234] 
[0.24564664296220484, 0.2526350827109336, 0.26654058748669995, 0.5119146650886712, -1.1033172651582124, -1.7946924918629301, 1.5181556566856778, 1.4981990416410542, 1.4222683863904704, 1.092594180492505, 0.42330114607237357, -3.0422247470187567] 
[0.23958235460129784, 0.2465707943500266, 0.27260487584760695, 0.5058503767277642, -1.0972529767973054, -1.7886282035020231, 1.525743177928805, 1.5046681035636373, 1.4163604386891306, 1.0864922348351234, 0.42929284879906826, -3.035125096453724] 
[0.24220736535536047, 0.24394578359596397, 0.2699798650935443, 0.5032253659737016, -1.0946279660432428, -1.7860031927479605, 1.5224949637602365, 1.5019599354474438, 1.419269630558423, 1.0904440886632882, 0.4324053365668408, -3.0372264479242332] 
[0.24496619790044405, 0.24670461614104755, 0.2727386976386279, 0.500466533428618, -1.0918691334981592, -1.783244360202877, 1.5259209828551437, 1.504826535568865, 1.416218068307179, 1.0862957657953463, 0.42913089704932217, -3.0350120413216954] 
[0.2423937399054823, 0.2492770741360093, 0.27531115563358965, 0.5030389914235798, -1.0892966755031974, -1.7858168181978387, 1.5226231933045813, 1.501742387378723, 1.4173746415087503, 1.0831881416562188, 0.4253730363209063, -3.0382014666338373] 
[0.2457090141941849, 0.2525923484247119, 0.27862642992229225, 0.5063542657122824, -1.0926119497919, -1.7891320924865413, 1.526837141981016, 1.5056058575487656, 1.4155002180471439, 1.0855729203073368, 0.4230558083647097, -3.0352701141023646] 
[0.24358399350996662, 0.25471736910893017, 0.2807514506065105, 0.5084792863965006, -1.0904869291076817, -1.7912571131707595, 1.5253082701783534, 1.5081370019130793, 1.418787834276361, 1.088031953528744, 0.4210441458506438, -3.0377334517081587] 
[0.25059842504641394, 0.2617318006453775, 0.28776588214295784, 0.5014648548600533, -1.0834724975712344, -1.7842426816343122, 1.5305816090829905, 1.5006773237899729, 1.4116544933433666, 1.0950076664824542, 0.4285947583250537, -3.0434688057518633] 
[0.25275683027581564, 0.2638902058747792, 0.28560747691355615, 0.4993064496306516, -1.0813140923418327, -1.786401086863714, 1.5275738335236273, 1.4971314583980226, 1.408879604749773, 1.095988624253038, 0.4262301402242848, -3.046015305271644] 
[0.24112096024619745, 0.252254335845161, 0.29724334694317434, 0.48767057960103344, -1.092949962371451, -1.798036956893332, 1.5194298329803198, 1.5115955032517934, 1.428664526791833, 1.1154378944924248, 0.4405312997399398, -3.0552805421359888] 
[0.2352429434039729, 0.24637631900293644, 0.2913653301009498, 0.4817925627588089, -1.0870719455292264, -1.7921589400511075, 1.526736503178825, 1.5177738886408758, 1.4226699219587948, 1.1092581569040298, 0.44635690608502243, -3.048372944830569] 
[0.2388754197714904, 0.25000879537045395, 0.28773285373343227, 0.4781600863912914, -1.0907044218967439, -1.795791416418625, 1.5221329202222176, 1.5134777333841216, 1.42432905877078, 1.1052182327565596, 0.4423987471544287, -3.045422233969608] 
[0.25293437214824777, 0.2640677477472113, 0.2736739013566749, 0.49221903876804873, -1.0766454695199865, -1.8098503687953824, 1.5345586792640447, 1.5063537857494498, 1.4420568940959058, 1.1269740391174479, 0.45893156909070465, -3.0565765873747517] 
[0.2518146372739254, 0.26294801287288894, 0.2747936362309973, 0.4933387736423711, -1.0755257346456641, -1.80873063392106, 1.5331220482259489, 1.505041975091541, 1.442693858031322, 1.1262624846174627, 0.460144392490536, -3.0552340436322787] 
[0.25218008922448987, 0.2633134648234534, 0.27515908818156176, 0.4937042255929356, -1.0751602826950997, -1.8083651819704956, 1.5328535535910133, 1.5054449605352724, 1.4431153954502516, 1.1260824308799724, 0.4605511577236754, -3.0547942974567] 
[0.255321502447609, 0.2601720516003343, 0.2783005014046809, 0.49056281236981647, -1.0783016959182188, -1.8052237687473764, 1.5372398959799944, 1.5106124516306176, 1.4471115654078095, 1.124356487820636, 0.46282096880508344, -3.057521925567809] 
[0.24810125489924828, 0.267392299148695, 0.2855207489530416, 0.48334256482145577, -1.071081448369858, -1.8124440162957371, 1.5473132368547957, 1.5223027310423884, 1.4555165301849453, 1.1174677550377483, 0.4551797272009274, -3.0516812425962825] 
[0.24618763622640727, 0.265478680475854, 0.28360713028020057, 0.48142894614861476, -1.072995067042699, -1.8105303976228961, 1.545899746067932, 1.5244144255053877, 1.4576846934098202, 1.116368427856913, 0.45654994443058194, -3.0533400286309424] 
[0.24287238861972482, 0.26879392808253644, 0.2802918826735181, 0.4781136985419323, -1.0696798194360166, -1.8138456452295786, 1.5483764166469576, 1.5208485996622128, 1.4542748109272132, 1.1196128732939379, 0.4600609064815073, -3.0560060535637095] 
[0.24936911498086345, 0.2622972017213978, 0.2737951563123795, 0.4716169721807937, -1.0761765457971553, -1.80734891886844, 1.539191849391378, 1.5092558881000426, 1.4422994071623478, 1.1086034353196463, 0.45216589461042006, -3.050988886163918] 
[0.24005321238717214, 0.2529812991277065, 0.2831110589060708, 0.4623010695871024, -1.066860643203464, -1.8166648214621313, 1.531346419098951, 1.5154252302694746, 1.437022487954321, 1.1195499142199818, 0.46593121031199247, -3.0391436302100234] 
[0.2445980416144644, 0.24843646990041424, 0.28765588813336307, 0.46684589881439464, -1.0623158139761717, -1.8212096506894235, 1.5353710431028063, 1.5131653030954941, 1.442842006991193, 1.1269952437660222, 0.4731452260873647, -3.0332225987702306] 
[0.2466232135508244, 0.2504616418367742, 0.2856307161970031, 0.4688710707507546, -1.0643409859125317, -1.8191844787530635, 1.532843919505075, 1.5110268941847231, 1.4449400260661094, 1.12928399661623, 0.4719476596925133, -3.0314289060168225] 
[0.24926452940469956, 0.2531029576906494, 0.28827203205087826, 0.46622975489687946, -1.0669823017664068, -1.8165431628991884, 1.5365615541014555, 1.5155776669037613, 1.449407176939498, 1.1324721959081419, 0.46937572936172534, -3.0345634672831143] 
[0.254693547394387, 0.2585319756803368, 0.28284301406119083, 0.4716587728865669, -1.0615532837767194, -1.811114144909501, 1.5433236884475008, 1.52115948977662, 1.4431223500792707, 1.1237093224001877, 0.460778920482519, -3.0416285728364345] 
[0.25762020834406996, 0.25560531473065384, 0.27991635311150787, 0.4687321119368839, -1.0644799447264024, -1.808187483959818, 1.540842790771926, 1.522989571052867, 1.4410502627522286, 1.1254558269525812, 0.45757207055749355, -3.0451488900097625] 
[0.2608698926873012, 0.2523556303874226, 0.2766666687682766, 0.46548242759365266, -1.0612302603831711, -1.8049377996165867, 1.5362987144209517, 1.5177385374096983, 1.43729992100322, 1.128530386755547, 0.4609878609832879, -3.047771843646881] 
[0.25801486238836246, 0.25521066068636133, 0.27381163846933787, 0.4683374578925914, -1.0640852906821099, -1.8077928299155255, 1.5339099442542365, 1.5196054301968684, 1.435612723687964, 1.131638364838056, 0.4640821441538544, -3.050066857092445] 
[0.2578212020006043, 0.2554043210741195, 0.274005298857096, 0.46814379750483326, -1.064278951069868, -1.8075991695277673, 1.5336582029201096, 1.5193701865474942, 1.4357002596214419, 1.1314205976614036, 0.4638709427180377, -3.049911884081578] 
[0.2572973499477784, 0.2559281731269454, 0.2745291509099219, 0.46866764955765916, -1.0637550990170421, -1.8070753174749414, 1.534390380170803, 1.5202146226841746, 1.4362953676957815, 1.1308756086007503, 0.46311086497563125, -3.050574882312498] 
[0.2553372680465722, 0.25396809122573916, 0.2725690690087157, 0.4706277314588654, -1.061795017115836, -1.8051152355737352, 1.532748696911373, 1.5215079825410067, 1.4351810826145626, 1.1331878406788722, 0.46601373118103323, -3.048084825780953] 
[0.25501282294596606, 0.2542925363263453, 0.27224462390810955, 0.47030328635825924, -1.062119462216442, -1.804790790473129, 1.5329869187776581, 1.5211552880449681, 1.43481167708265, 1.1333498029040954, 0.4656533562508145, -3.0484743926069333] 
[0.25668123942692644, 0.2559609528073057, 0.27391304038906994, 0.46863486987729885, -1.0637878786974024, -1.8064592069540895, 1.5318152232241689, 1.5231898156224761, 1.4375932846478388, 1.1360920344597376, 0.4676691923230188, -3.0497789057134077] 
[0.25694716753568314, 0.2562268809160624, 0.27417896849782664, 0.46836894176854216, -1.0640538068061591, -1.8061932788453328, 1.532012375460835, 1.522909784587892, 1.4373280743896693, 1.1363778714689643, 0.468056752154185, -3.049442399639461] 
[0.2546092037008465, 0.258564844750899, 0.2765169323326633, 0.4660309779337055, -1.0617158429713225, -1.8038553150104961, 1.5289742322435185, 1.5200615887907027, 1.438330981075814, 1.1335410010951812, 0.4645799380187281, -3.0524129984243644] 
[0.2574298949042111, 0.25574415354753444, 0.2736962411292987, 0.4632102867303409, -1.058895151767958, -1.8066760062138607, 1.526883365452831, 1.523058880246659, 1.441211529743634, 1.1307687829729072, 0.4615862069984624, -3.0501316639470883] 
[0.2611745772459402, 0.25199947120580535, 0.2774409234710278, 0.46695496907207, -1.0551504694262288, -1.8104206885555898, 1.530175870313863, 1.5212231135349348, 1.4458731388038648, 1.1365363639291355, 0.4660106948799511, -3.05306988617207] 
[0.2634516265724025, 0.2542765205322677, 0.27516387414456545, 0.4646779197456077, -1.0528734200997665, -1.8081436392291275, 1.5272962890058164, 1.5188135633888717, 1.4484093259782695, 1.139987376334585, 0.46869595054773405, -3.054851847079323] 
[0.2565451219844357, 0.24737001594430086, 0.28207037873253227, 0.45777141515764086, -1.0459669155117997, -1.8012371346411606, 1.5362914755361556, 1.5271006309468427, 1.4446160807280568, 1.1449912163233655, 0.46396123803429334, -3.048810027927247] 
[0.2595028647604971, 0.2503277587203623, 0.2850281215085937, 0.45481367238157944, -1.048924658287861, -1.804194877417222, 1.5324703682250593, 1.5235912521863815, 1.4463235538771118, 1.1431243153366917, 0.467146493945234, -3.045287495885989] 
[0.2625252051372884, 0.25335009909715356, 0.28805046188538497, 0.45179133200478816, -1.0519469986646524, -1.8072172177940133, 1.5347109295119739, 1.520446553152708, 1.4433667914161743, 1.1463447498107193, 0.4715322792864404, -3.041475204278956] 
[0.2646544732291447, 0.2554793671890099, 0.28592119379352865, 0.44966206391293184, -1.0540762667565087, -1.8093464858858697, 1.5362046785251906, 1.51791698005493, 1.4400250027103412, 1.1438169302999561, 0.4735955715900914, -3.038968372886665] 
[0.26163287796760826, 0.25245777192747343, 0.2828995985319922, 0.4526836591744683, -1.0570978620180451, -1.812368081147406, 1.5387512246441848, 1.5160399507563624, 1.4421619844375078, 1.1420047061106757, 0.4769165656216417, -3.035332320245746] 
[0.2571224948738491, 0.24794738883371426, 0.27838921543823303, 0.4481732760807091, -1.052587478924286, -1.807857698053647, 1.545089122479385, 1.5233366098158805, 1.4473364659591395, 1.1377816601352706, 0.4722146322791164, -3.031702921918544] 
[0.25661027019713045, 0.24743516415699562, 0.27890144011495166, 0.4476610514039905, -1.0520752542475673, -1.8083699227303656, 1.545451799638868, 1.5227299797967688, 1.4465310055105625, 1.137136921106023, 0.47250959301817613, -3.0321609135677474] 
[0.25755148607057676, 0.24837638003044193, 0.27984265598839797, 0.4486022672774368, -1.0530164701210136, -1.8093111386038119, 1.5447834993634142, 1.523839061907384, 1.4479901733675742, 1.1382397872815428, 0.4715913163883007, -3.033271318725759] 
[0.2607650146781546, 0.2451628514228641, 0.27662912738082013, 0.45181579588501464, -1.0498029415134358, -1.806097609996234, 1.547166934183324, 1.5204769580312236, 1.4447642620211205, 1.1413726793707075, 0.47497246217820216, -3.035859409103293] 
[0.25450629127091573, 0.23890412801562522, 0.282887850788059, 0.44555707247777576, -1.043544218106197, -1.812356333403473, 1.5553491659626777, 1.5281675952276281, 1.442040121905718, 1.1489226634618326, 0.4842552746214004, -3.027912006290651] 
[0.25645775618213107, 0.24085559292684056, 0.28483931569927434, 0.4436056075665604, -1.0415927531949816, -1.8104048684922576, 1.55680933667471, 1.5261591722671013, 1.4401569185452845, 1.151006389915664, 0.4871037890477971, -3.0254291587769084] 
[0.2577263218782677, 0.2421241586229772, 0.2835707500031377, 0.44487417326269707, -1.0428613188911182, -1.809136302796121, 1.5558736032884632, 1.5275103158010415, 1.4415707877718535, 1.1503820463392738, 0.48852593592350574, -3.023897452370819] 
[0.25357965384623227, 0.23797749059094175, 0.27942408197110224, 0.4490208412947325, -1.0470079869231537, -1.8132829708281564, 1.559506795570317, 1.5254352296896527, 1.4468386419772288, 1.1568386727529254, 0.4934188557887729, -3.027143358814452] 
[0.24301447065387705, 0.24854267378329697, 0.268858898778747, 0.4384556581023773, -1.0364428037307984, -1.8238481540205116, 1.5506563937772202, 1.5324687764567786, 1.440575056844447, 1.1682641782509076, 0.5047883642035773, -3.0355788758872824] 
[0.24704494419030154, 0.25257314731972147, 0.2728893723151715, 0.4344251845659528, -1.032412330194374, -1.827878627556936, 1.5561689868326538, 1.5388233808060423, 1.4450861830488055, 1.1640512807370054, 0.4988681776973426, -3.040764250472229] 
[0.2450649649890957, 0.2505931681185156, 0.27486935151637737, 0.43244520536474695, -1.030432350993168, -1.829858606758142, 1.5536898794860785, 1.5367154077692997, 1.4470532962756586, 1.1660747990149087, 0.4968370283699247, -3.0431464280374407] 
[0.25144917383063414, 0.25697737696005407, 0.2684851426748389, 0.4260609965232085, -1.0240481421516296, -1.8234743979166035, 1.5593193103359515, 1.5335041502741378, 1.45504247278302, 1.175911938099751, 0.5042854818272374, -3.048045024567733] 
[0.2565693468494794, 0.26209754997889934, 0.2736053156936842, 0.42094082350436324, -1.0189279691327844, -1.8183542248977582, 1.5548441480084756, 1.5361845735565731, 1.4493004181207803, 1.170526914154294, 0.5094822056585021, -3.041914288169996] 
[0.2604100177037283, 0.25825687912465045, 0.2697646448394353, 0.4247814943586121, -1.0227686399870333, -1.8145135540435093, 1.558236506936568, 1.5343554554901742, 1.454190928704018, 1.17678739005141, 0.5155662778740268, -3.036914933778605] 
[0.2598296992088842, 0.25883719761949453, 0.2703449633342794, 0.42420117586376804, -1.0221883214921892, -1.8139332355486653, 1.5578084968518364, 1.5349672882683614, 1.454771364760139, 1.1761679992754175, 0.5147190291128347, -3.0376542532931565] 
[0.25843563830147587, 0.2602312585269029, 0.2717390242416877, 0.4255952367711764, -1.0235823823995975, -1.8153272964560736, 1.5568394635462524, 1.5366786412185853, 1.4571119871788891, 1.1784571674366608, 0.5163839717253842, -3.0387366166412786] 
[0.25083086415572864, 0.2678360326726501, 0.2641342500959405, 0.4332000109169236, -1.0159776082538503, -1.8229320706018208, 1.5472806642287593, 1.5287664418845228, 1.4656803654129713, 1.1905622557622189, 0.5283500282887871, -3.0288785670682508] 
[0.24791168559758758, 0.26491685411450905, 0.26121507153779944, 0.4361191894750647, -1.0130584296957093, -1.8200128920436798, 1.5498660288283108, 1.5273718269289023, 1.469340296734844, 1.1953142865083235, 0.5330183576307621, -3.025060907499248] 
[0.24846701557813033, 0.2643615241339663, 0.2606597415572567, 0.4355638594945219, -1.013613759676252, -1.819457562063137, 1.5505557728936166, 1.52793940659671, 1.4687241182957271, 1.1944288807194214, 0.5321346589457076, -3.025783856623272] 
[0.2466655925944765, 0.2661629471176201, 0.2624611645409105, 0.43736528247817574, -1.0118123366925982, -1.8212589850467908, 1.5490368619681323, 1.5291295573372559, 1.4676995702042923, 1.1965820810871375, 0.5348383773634379, -3.0234704043360026] 
[0.24892024768448606, 0.26390829202761057, 0.26471581963092006, 0.4396199375681853, -1.0095576816025886, -1.8235136401368004, 1.5471305705454865, 1.5306083446476912, 1.466372940358835, 1.1990681889550971, 0.5372920751244885, -3.0252580016341257] 
[0.25311709036175656, 0.2597114493503401, 0.26051897695364956, 0.4354230948909148, -1.0053608389253181, -1.81931679745953, 1.5508393871873178, 1.5285563338457546, 1.4715480322475265, 1.205538958070565, 0.5422828085659659, -3.0284988611491612] 
[0.2601643891734413, 0.2526641505386553, 0.2534716781419648, 0.42837579607923004, -0.9983135401136334, -1.8263640962712147, 1.560646281316981, 1.539958452461002, 1.479795586636852, 1.1987211957780732, 0.5348087836232304, -3.022858976255158] 
[0.262253317018162, 0.2505752226939346, 0.2513827502972441, 0.42628686823450934, -0.9962246122689127, -1.824275168426494, 1.563370743189491, 1.5425100598758519, 1.478872324596974, 1.201297270298313, 0.537981164481263, -3.020156863104687] 
[0.25922602626882507, 0.25360251344327156, 0.25441004104658105, 0.4232595774851724, -0.9992519030182496, -1.821247877677157, 1.5655757456869897, 1.5392361092103373, 1.4754213663639828, 1.2028274887730754, 0.5345818322823856, -3.0238356923506875] 
[0.25668129483590874, 0.2561472448761879, 0.2569547724794974, 0.42580430891808874, -0.9967071715853333, -1.8187031462442407, 1.563358815948014, 1.5405571781184562, 1.472551509798378, 1.1999679148592006, 0.5360822298797193, -3.026095263659519] 
[0.2481084404880869, 0.26472009922400974, 0.26552762682731923, 0.4172314545702669, -1.0052800259331551, -1.8272760005920625, 1.5525839726663844, 1.531591022331946, 1.482056962068865, 1.2136247358494532, 0.5497062684410967, -3.014965985266414] 
[0.2508171274115314, 0.26201141230056524, 0.26823631375076373, 0.4199401414937114, -1.0079887128565996, -1.829984687515507, 1.556043496142974, 1.5347588885834849, 1.4805827994679386, 1.215608000944697, 0.5478732470742302, -3.012616219920416] 
[0.25309417705704873, 0.2642884619460826, 0.2659592641052464, 0.41766309184819406, -1.0057116632110823, -1.8277076378699897, 1.553128157785858, 1.5320963004717736, 1.4818778847220857, 1.214162995317466, 0.5503967577496475, -3.0098396890157475] 
[0.24889248361963978, 0.2600867685086736, 0.26175757066783745, 0.421864785285603, -1.0015099697736733, -1.8319093313073986, 1.5472836241909742, 1.5252994613838782, 1.4770318133446232, 1.2185360467905129, 0.5565768343257742, -3.0044257912400174] 
[0.24798114330551413, 0.2609981088227993, 0.2608462303537118, 0.42095344497147735, -1.0005986294595477, -1.8328206716215243, 1.5461127441309384, 1.5242091691836004, 1.4774462325422255, 1.2175085094698495, 0.5555883160094739, -3.003710550635425] 
[0.246317276418482, 0.2626619757098314, 0.2625100972407439, 0.4192895780844452, -1.0022624963465798, -1.8344845385085564, 1.5481811647749106, 1.5259151769303276, 1.475591149783361, 1.2148545602903378, 0.5529221024238855, -3.0059050447301567] 
[0.24656064642329212, 0.2624186057050213, 0.26275346724555404, 0.41953294808925534, -1.0020191263417697, -1.8347279085133665, 1.5478771912662548, 1.5256578056103345, 1.4758279031971924, 1.2150990940759674, 0.5526715887673685, -3.0061986717594755] 
[0.24192031326135832, 0.2670589388669551, 0.25811313408362024, 0.41489261492732155, -0.9973787931798359, -1.8300875753514327, 1.553828105924931, 1.531217845085805, 1.4738396950117154, 1.2207796441791272, 0.5597314250202027, -3.0001411206933666] 
[0.24307467661537685, 0.2682133022209736, 0.2569587707296017, 0.413738251573303, -0.9962244298258174, -1.8289332119974142, 1.552999277054691, 1.5326266273824862, 1.4756398487606273, 1.2220968911675678, 0.5585834322592781, -3.001521767389037] 
[0.24017254480504646, 0.2653111704106432, 0.2598609025399321, 0.4166403833836334, -0.993322298015487, -1.8260310801870838, 1.5566983330889186, 1.536060424961595, 1.474326121310595, 1.2253689134412855, 0.5617286793967419, -3.003806778455746] 
[0.2388867989489769, 0.2665969162667128, 0.26114664839600166, 0.41535463752756385, -0.9946080438715565, -1.8273168260431534, 1.5557399746023277, 1.5374866550630233, 1.4757906692947613, 1.224609292833174, 0.5626375378361003, -3.0049167175952007] 
[0.24568203844426661, 0.2598016767714231, 0.26794188789129136, 0.40855939803227415, -1.0014032833668463, -1.834112065538443, 1.5643717388322222, 1.5455323400239958, 1.4728796774118849, 1.2329230853243098, 0.5729106405395515, -2.99612168399051] 
[0.24682963205444053, 0.25865408316124916, 0.26679429428111745, 0.40741180442210023, -1.0025508769770202, -1.8329644719282692, 1.5659983624796376, 1.5475702820294768, 1.474993848372977, 1.2349541134730733, 0.5747844321639592, -2.994597130079824] 
[0.24671150472687997, 0.2585359558336886, 0.266912421608678, 0.4072936770945397, -1.0026690043045807, -1.8330825992558297, 1.5658516758486967, 1.5474493721742586, 1.4751270354302235, 1.2351420877344097, 0.5749724808459966, -2.9944412867528385] 
[0.2413117441655126, 0.25313619527232123, 0.26151266104731063, 0.4018939165331723, -0.9972692437432134, -1.838482359817197, 1.558197371512822, 1.5379002632008287, 1.4653331142893564, 1.2261276865289439, 0.5685441860277569, -2.990331548247574] 
[0.24622612588445647, 0.2580505769912651, 0.2664270427662545, 0.4068082982521162, -0.9923548620242695, -1.843396741536141, 1.5545286043020443, 1.5432841246348041, 1.470944842642669, 1.223664522653581, 0.5741946716727687, -2.984261779456228] 
[0.24824182469471423, 0.25603487818100734, 0.26844274157651227, 0.40882399706237393, -0.9903391632140117, -1.8413810427258832, 1.5530321835753993, 1.5454874891987613, 1.4732078647614766, 1.2224721542525763, 0.5756046426567042, -2.9859855607622285] 
[0.2464767073296572, 0.25779999554606436, 0.2702078589415693, 0.4070588796973169, -0.9885740458489547, -1.8396159253608262, 1.550774626870817, 1.5434157236056238, 1.474179389986541, 1.2211842508866941, 0.5767867495798326, -2.987508233783158] 
[0.24469122526205012, 0.2560145134784573, 0.2719933410091764, 0.4052733976297098, -0.9867885637813476, -1.837830443293219, 1.5529931996057635, 1.5452514320474933, 1.4721935035168174, 1.2184932886249666, 0.5747144138966892, -2.9861449047519] 
[0.2456829873150903, 0.25700627553149746, 0.27298510306221657, 0.40428163557666963, -0.9857968017283074, -1.836838681240179, 1.55422201663319, 1.5462629276357098, 1.471059969079028, 1.2168974916144435, 0.57312271288276, -2.9874586763279645] 
[0.2506829066740701, 0.2620061948904773, 0.26798518370323676, 0.3992817162176898, -0.9807968823693276, -1.8418386005991587, 1.5479854784580094, 1.5410058741244501, 1.476155877331097, 1.2225043372694775, 0.5701838251654708, -2.983051016775307] 
[0.24828127977176506, 0.2644078217927823, 0.2655835568009317, 0.4016833431199949, -0.9783952554670226, -1.8394369736968537, 1.5513957655562487, 1.5452156470933278, 1.480251663186966, 1.2253712089592803, 0.567787176562348, -2.9859438920746335] 
[0.243289046790357, 0.2594155888113743, 0.26059132381952366, 0.3966911101385868, -0.9833874884484306, -1.8444292066782617, 1.5558184257971182, 1.5428143954018234, 1.4865596265076921, 1.2335308116295445, 0.5758407472733834, -2.979319462435471] 
[0.24631231097926487, 0.2563923246224664, 0.2636145880084315, 0.39366784594967896, -0.9803642242595227, -1.8474524708671696, 1.5583767309062078, 1.540817455071202, 1.4883498908673043, 1.2302541513668852, 0.5726285127078916, -2.976962631793572] 
[0.2427241379468279, 0.2599804976549034, 0.2672027610408685, 0.390079672917242, -0.9767760512270858, -1.8510406438996065, 1.5534340541720795, 1.5350745951676728, 1.484185036683418, 1.2336347581860103, 0.5763240509285134, -2.9797764341244593] 
[0.24409473307403018, 0.2586099025277011, 0.2658321659136662, 0.3887090777900397, -0.978146646354288, -1.8524112390268088, 1.5546489424352004, 1.5344042276899055, 1.4859220283822987, 1.2358709841766191, 0.5785440160539704, -2.9779352258828866] 
[0.24439019928916195, 0.25831443631256934, 0.266127632128798, 0.3890045440051715, -0.9778511801391563, -1.8527067052419406, 1.5542312291580835, 1.5338810023638292, 1.4853784082868828, 1.2353481848547598, 0.5780565555806014, -2.9783346759165994] 
[0.24495520638917312, 0.25774942921255817, 0.26669263922880915, 0.3884395369051603, -0.9784161872391675, -1.8521416981419294, 1.5549309286917217, 1.5344567666386464, 1.4847389022870214, 1.2344463254351363, 0.5771449912434188, -2.9790942718748226] 
[0.2519578725281677, 0.2507467630735636, 0.27369530536780373, 0.3814368707661657, -0.9714135211001729, -1.8451390320029348, 1.5639011274089758, 1.5428470357528683, 1.4817377929765563, 1.2429263685044358, 0.5878571746472666, -2.969807973039205] 
[0.24891057463755017, 0.2537940609641811, 0.27674260325842126, 0.3783895728755482, -0.9683662232095553, -1.8420917341123173, 1.5661730997078611, 1.539636633864512, 1.478661079218243, 1.2458615469498708, 0.5910007596069908, -2.972202621310056] 
[0.2472307297221492, 0.25211421604878015, 0.2750627583430203, 0.38006941779094916, -0.9700460681249563, -1.8404118891969163, 1.5640794919117547, 1.5379014656565901, 1.4805574791281382, 1.2483953940289376, 0.5929272688780864, -2.9734871749200757] 
[0.2489726533453671, 0.25037229242556225, 0.2768046819662382, 0.37832749416773126, -0.9683041445017384, -1.8386699655736984, 1.566316512001424, 1.5399906252693178, 1.4797717369228076, 1.250319138828429, 0.5947791134659688, -2.974851239884094] 
[0.2517734870334942, 0.25317312611368936, 0.2796055156543653, 0.37552666047960415, -0.9655033108136113, -1.8414707992618256, 1.5684126157705296, 1.5370385735700884, 1.476950718018268, 1.2530085153130377, 0.5976726877003228, -2.9770656725912477] 
[0.2574377869589932, 0.25883742603918836, 0.2739412157288663, 0.38119096040510314, -0.9598390108881123, -1.8471350991873245, 1.5755355836177474, 1.5430866068283302, 1.471228505055475, 1.247102232881309, 0.6035571624967622, -2.9701976740999734] 
[0.25801781905471954, 0.25825739394346203, 0.27452124782459264, 0.38177099250082946, -0.959258978792386, -1.8477151312830509, 1.5760431057623514, 1.5427919974067679, 1.471902089937553, 1.2477768337333643, 0.60322161299043, -2.969687247803158] 
[0.25780849849994225, 0.2584667144982393, 0.27473056837936993, 0.38156167194605217, -0.9594682993471633, -1.8479244518378282, 1.5758901277313904, 1.5430203800138866, 1.472141060228512, 1.2476755466973866, 0.6034640219984295, -2.9694275717065475] 
[0.25663566440314667, 0.25729388040144374, 0.2759034024761655, 0.38273450604284776, -0.9606411334439589, -1.8467516177410326, 1.5750642834085262, 1.5444280862982074, 1.4739841414564674, 1.2490533539799322, 0.6022795356385068, -2.9708466967887617] 
[0.25702133207069777, 0.25767954806899485, 0.2755177348086144, 0.38234883837529665, -0.9602554657764077, -1.8471372854085837, 1.5745086823741523, 1.543735815448203, 1.4732653795953017, 1.2483612182689237, 0.6016442088695342, -2.971363969571703] 
[0.2571537342910888, 0.25781195028938586, 0.2753853325882234, 0.38221643615490564, -0.9601230635560167, -1.8470048831881927, 1.574391816365957, 1.5437990200756186, 1.4730947389250464, 1.2481431282420257, 0.6014302516485822, -2.971540747351837] 
[0.25658265719690987, 0.2583830273835648, 0.2748142554940445, 0.38278751324908455, -0.9606941406501956, -1.8464338060940138, 1.5738921910253647, 1.5440895648476354, 1.4724303096701987, 1.2474778672160334, 0.6017602040182543, -2.972043425687869] 
[0.2556917012476576, 0.25927398333281704, 0.27570521144329674, 0.3818965572998323, -0.9598031847009434, -1.8455428501447615, 1.5751438343147064, 1.5455596441132904, 1.4735738759537893, 1.2470789317064073, 0.6027977665627523, -2.9709377811183466] 
[0.25496712108219355, 0.258549403167353, 0.2749806312778327, 0.38262113746529636, -0.9605277648664075, -1.8448182699792974, 1.5745104519266946, 1.5459327001224, 1.4727498017332634, 1.2463067945315989, 0.6035446741637671, -2.9700591813231205] 
[0.25811529414597145, 0.25540123010357507, 0.2718324582140548, 0.38576931052907426, -0.9636759379301854, -1.8479664430430753, 1.5705648905702692, 1.542662443392562, 1.476277321590013, 1.2510622387649029, 0.6071782414498412, -2.9724598423587185] 
[0.25335998208559984, 0.2601565421639467, 0.2765877702744264, 0.38101399846870265, -0.9589206258698137, -1.852721755103447, 1.5773884057625531, 1.5510364590800791, 1.4844944038884023, 1.2572584622385072, 0.6045817761683375, -2.9682451632313853] 
[0.2520084044341091, 0.25880496451245594, 0.27523619262293564, 0.3823655761201934, -0.9602722035213045, -1.8513701774519562, 1.5790867578506622, 1.5524680898737526, 1.4831113104101907, 1.2557297730287695, 0.6053686807326765, -2.9694303890589318] 
[0.2548854994119496, 0.26168205949029644, 0.27235909764509514, 0.3794884811423529, -0.957395108543464, -1.8542472724297967, 1.576947355715921, 1.5555284817860946, 1.486041921924369, 1.2529546925623762, 0.6023941449955326, -2.9671794300640237] 
[0.25437541685373843, 0.26117197693208527, 0.2728691802033063, 0.37999856370056406, -0.9568850259852528, -1.8537371898715855, 1.5776579807717597, 1.5563518925283795, 1.48662360359774, 1.252428749925516, 0.6016333647700605, -2.9678511138929875] 
[0.2563751816522506, 0.26317174173059743, 0.27086941540479414, 0.3779987989020519, -0.9548852611867407, -1.8517374250730734, 1.5802486022652322, 1.5587823280672848, 1.4857961700732483, 1.254858307304122, 0.6046943291873978, -2.965202657645342] 
[0.2532138071391168, 0.2600103672174636, 0.27403078991792795, 0.3748374243889181, -0.9517238866736069, -1.8548987995862072, 1.5757192093539318, 1.5531950491472533, 1.4803648865635437, 1.2510469284118235, 0.6078785432159257, -2.9613715276057064] 
[0.2554812270652549, 0.2577429472913255, 0.27629820984406606, 0.37257000446278, -0.9494564667474688, -1.852631379660069, 1.5725652344686727, 1.5495330521811568, 1.477731343967177, 1.2531479852425975, 0.6101987195860673, -2.9631460773979934] 
[0.25683575153038674, 0.2563884228261937, 0.2749436853789342, 0.37121547999764815, -0.9508109912126006, -1.853985904125201, 1.5708561495109423, 1.5480820965792237, 1.4790850979890788, 1.2545460971319324, 0.6087810304300478, -2.964799201121096] 
[0.2579192710397302, 0.25747194233553716, 0.2738601658695907, 0.37013196048830466, -0.9497274717032571, -1.8550694236345444, 1.571649805492701, 1.5469024370571849, 1.4778516932053347, 1.255071504570062, 0.6075177249421501, -2.9661504479288667] 
[0.2557464550538613, 0.2596447583214061, 0.27603298185545966, 0.3723047764741736, -0.9475546557173882, -1.8528966076486755, 1.5747657353583757, 1.550725954813498, 1.4815731229015625, 1.2577057548560626, 0.6053172231540906, -2.9687911782088787] 
[0.25522064659733146, 0.26017056677793593, 0.2765587903119895, 0.3728305849307034, -0.948080464173918, -1.8523707991921456, 1.5743997162316374, 1.551379520660896, 1.482482158422151, 1.258631069436354, 0.6061810603538271, -2.968083487750754] 
[0.2577868468803943, 0.25760436649487306, 0.2739925900289266, 0.37026438464764055, -0.9455142638908551, -1.8498045989090828, 1.5776307814450865, 1.5541047936455101, 1.4798545706350956, 1.2557255910856093, 0.6076802678577279, -2.9703345464551343] 
[0.2553706370739002, 0.2551881566883789, 0.27157638022243247, 0.3726805944541347, -0.943098054084361, -1.8473883891025886, 1.57414770154059, 1.5497772272608081, 1.475415841594061, 1.251641401126703, 0.6048098510474913, -2.9685158522706048] 
[0.25448887279422805, 0.25606992096805103, 0.27069461594276034, 0.37356235873380683, -0.9439798183640331, -1.8465066248229165, 1.5752596520495419, 1.5507189782439852, 1.4745156728035271, 1.250648668302071, 0.6053275355602157, -2.9692910498475342] 
[0.2601346225536376, 0.25042417120864147, 0.2650488661833508, 0.3792081084932164, -0.9383340686046235, -1.852152374582326, 1.5713109810649721, 1.5576873017618755, 1.4841865900126907, 1.2605276715325122, 0.6145588780680958, -2.9617503506553673] 
[0.2606060365882301, 0.24995275717404897, 0.26552028021794327, 0.3787366944586239, -0.937862654570031, -1.8516809605477336, 1.5707160032198144, 1.5571914351052807, 1.4847222914930864, 1.2612864626376945, 0.6153216258216295, -2.9611202527883083] 
[0.26039544739718834, 0.2497421679830072, 0.26573086940898505, 0.3789472836496657, -0.9376520653789893, -1.8518915497387753, 1.5704484574743212, 1.5569632976773302, 1.4849358236293535, 1.2615216419481405, 0.6151991199864646, -2.960935104407569] 

Time 
27.913116931915283 
