Parameters 
 
[-0.5, -0.5, -0.5, -0.5, -0.5, -0.5, -0.5, -0.5, -0.5, -0.5, -0.5, -0.5, -0.5, -0.5, -0.5, -0.5, -0.5, -0.5, -0.5, -0.5, -0.5, -0.5, -0.5, -0.5, -0.5, -0.5, -0.5, -0.5, -0.5, -0.5, -0.5, -0.5, -0.5, -0.5, -0.5, -0.5, -0.5, -0.5, -0.5, -0.5, -0.5, -0.5, -0.5, -0.5, -0.5, -0.5, -0.5, -0.5] 
[-0.4365022847205253, -0.5634977152794747, -0.4365022847205253, -0.5634977152794747, -0.4365022847205253, -0.5634977152794747, -0.5634977152794747, -0.4365022847205253, -0.5634977152794747, -0.4365022847205253, -0.5634977152794747, -0.5634977152794747, -0.7762585764081221, -0.22374142359193572, -0.7762585764081236, -0.7762585764080625, -0.7762585764080625, -0.7762585764080622, -0.7762585764080625, -0.22374142359188037, -0.7762585764080632, -0.22374142359188093, -0.776258576408063, -0.776258576408063, -0.46656005584847154, -0.41798351696943353, -0.5744779136370485, -0.5787864677003993, -0.3653258804138016, -0.6375934259431751, -0.4066546736009274, -0.4700414827859806, -0.4787790359667129, -0.4139180358109681, -0.5801237485260246, -0.5401135332715672, -0.6779803556132984, -0.38604243633648855, -0.37288896148655504, -0.3988771776512524, -0.6494202252234152, -0.3839239195905054, -0.35625364859085606, -0.636569366462287, -0.6217781858682765, -0.40088046554331097, -0.35988959946019905, -0.4244564681650924] 
[-0.20534407898420692, -0.7946559210157931, -0.20534407898420692, -0.3323395095431563, -0.6676604904568437, -0.3323395095431563, -0.3323395095431563, -0.6676604904568437, -0.3323395095431563, -0.20534407898420692, -0.7946559210157931, -0.7946559210157931, -2.0695495924794716, 0.5864519815175462, 0.5170324396633295, 0.03393482870141362, -2.0695495924793805, 0.03393482870141429, 0.03393482870141351, 1.0695495924795686, 0.03393482870141229, 1.0695495924795646, 0.03393482870141373, -1.586451981517497, -0.7512941159368172, -0.1568931582719888, -0.49973617378758073, -0.25623497993494193, -0.6605160420716211, -0.9139047668407427, -0.11863630686805832, -0.38206670686801053, -0.16736877889200907, -0.8701398600907065, -0.07491635423690512, -0.9580762638894771, -0.009680072520911964, -0.010489736042695097, -0.821254306810081, 0.061346117439758874, -1.2294585745117936, 0.07390257513780407, -0.7680553768873267, -1.0014570396837998, -0.0485886138495929, -0.9406772009099937, 0.09457576286028424, -0.6157704717174272] 
[-0.08103768206597191, -0.6703495240975581, -0.32965047590244195, -0.20803311262492125, -0.5433540935386088, -0.20803311262492125, -0.20803311262492125, -0.5433540935386088, -0.4566459064613913, -0.32965047590244195, -0.918962317934028, -0.918962317934028, -5.059347909703156, 0.34235844700942425, -2.472765877560353, -1.133890854360182, -2.3938152673826503, -1.1338908543601809, 1.2017605117627221, 1.393815267382757, 1.2017605117627217, -1.9202487247440627, 0.2780283632094708, -1.8305455160256134, -0.635313007565857, -0.2330064193721841, -0.5625983803773633, -0.35053999459820373, -0.7422736503895211, -0.8282141548152744, -0.0505654877953647, -0.23411838034265622, -0.30989068047493945, -0.9647793706963846, 0.002121419300204541, -0.8423790663607955, 0.18731002683870243, 0.5892259201121102, -1.3606844643249452, -0.5749650027613, -1.3449074233686142, -0.03444961612472816, -1.3414522070046928, -1.0168090079333736, -0.2992707816881552, -1.1381965972805235, -0.19122083170132054, -0.42236659820982914] 
[-0.18817080600495067, -0.7774826480365369, -0.43678359984142073, -0.10089998868594247, -0.43622096959962997, -0.3151662365639, -0.10089998868594247, -0.43622096959962997, -0.3495127825224125, -0.22251735196346317, -1.0260954418730068, -1.0260954418730068, 11.290007783332527, 0.6199313739115752, -1.4504025853330245, 1.3776080747811903, -2.794613687441693, -3.645389783503879, 3.713259440904092, 0.9930168473237135, 0.650744225376053, -2.9426120169722485, 0.10850892262731734, -1.6610260754435502, -0.5282808405872441, -0.4858832575349895, -0.29030789339601326, -0.20015541628776878, -0.6784377245772394, -0.9085942744948604, -0.15194744478799352, -0.12677627287674487, -0.44454384745425446, -0.8719967880570133, -0.23842574464233235, -0.5622342492658547, 0.49007386443611956, 0.48293000379724277, -1.603871401589586, -0.01858863921396292, -1.6586639846861273, 0.23455798428834365, 0.0038112274103268007, -1.4401540444477519, -0.3504178012896775, -0.9905954467702953, -0.3336068229351364, -0.502226342302904] 
[-0.07930361763803212, -0.6686154596696183, -0.3279164114745022, -0.20976717705286102, -0.5450881579665485, -0.20629904819698147, -0.20976717705286102, -0.5450881579665485, -0.4583799708893311, -0.3313845403303817, -1.1349626302399254, -1.1349626302399254, 14.40118284981223, 0.8411680083068156, -0.8420429748101819, 12.107345523629283, -2.184784906628889, -4.7784291599448805, 14.44299688975221, 0.3831880665111037, 1.5791285670993833, -5.177979813520837, 0.2573346516107431, -1.809851804426982, -0.4222526965423607, -0.6026497741609317, -0.32291975261610373, -0.3241433602640558, -0.48018463208136364, -0.682902852638547, 0.025215889655142792, -0.02622633040305808, -0.38029164118575975, -0.7617426411439617, -0.0051544126765955545, -0.8227243238934885, 0.09554573400926136, 0.5332347207303156, -1.3253017395150728, -0.6736810065002511, -1.2053073930322293, -0.23425086719538377, 1.2392207891018396, -2.4834739965618047, 0.2822344095955823, -0.7550624475662057, -0.5346146457340939, -0.32948552460778885] 
[-0.18661582261045012, -0.7759276646420363, -0.4352286164469202, -0.317079382025279, -0.6524003629389665, -0.09898684322456347, -0.317079382025279, -0.4377759529941305, -0.3510677659169131, -0.43869674530279973, -1.0276504252675074, -1.2422748352123434, 31.50030230167514, 0.5619100089372784, -1.8765785610624202, 9.632469768197616, -1.7856106472552162, -2.220876860422255, 16.917872645185046, -0.015986192862409543, 1.0310653843920434, -6.191752732157909, 0.12674887610755609, -1.9404375799301714, -0.30606841337776314, -0.42982157253618347, -0.4962129221205371, -0.3587332706914887, -0.6151850963222879, -0.8323156902904436, 0.1289347676953707, 0.05461962443445542, -0.3127791282804441, -0.6610349690504848, 0.05775829587085961, -0.7257336201304864, 0.7318355507971064, 0.22398940017460717, -1.026991025769503, -0.2519158903037815, -0.9782109048152974, -0.2298973931957661, 2.9963851320226764, -3.6092595252084516, 1.0660031300594133, -1.0933049936919408, -0.43101145341078795, -0.22131981469640744] 
[-0.024750546360035874, -0.6140623883916221, -0.5970938926973344, -0.47894465827569327, -0.8142656391893808, 0.06287843302585078, -0.47894465827569327, -0.5996412292445448, -0.5129330421673273, -0.2768314690523855, -1.1895157015179216, -1.0804095589619291, 26.798069425426554, 0.23192967343555942, -0.9660029985741112, 11.297496983577858, -2.2247876526483426, -18.794508054617165, 18.582899860565284, 0.8846993049937694, -0.33756986069794315, -5.294599748696871, 0.3476092838333418, -1.7597643840552326, -0.49337922063434403, -0.24685664809838834, -0.42145892040749977, -0.11696270291333369, -0.37406347996558564, -0.6606804143358117, -0.03165463637194674, 0.15866321561087915, -0.2144196961602353, -0.4757183039650096, -0.10292557922583596, -0.8774151706554472, -0.5912858550051092, -0.05365685805655496, -1.0443450738444233, -0.8209278445918936, -0.6609673389630906, -0.10456673137001013, 3.72934431515835, -2.755558118653037, 0.2722308136970025, -1.4071342317840836, -0.6848597808547958, 0.04516118422977833] 
[0.06705089364042799, -0.5222609483911582, -0.6888953326977982, -0.3871432182752294, -0.7224641991889169, -0.028923006974613086, -0.5707460982761572, -0.5078397892440809, -0.4211316021668634, -0.18503002905192162, -1.2813171415183855, -1.172210998962393, -123.09052818940526, -0.04458256833849433, -1.2564076547324035, 10.865238214112942, -2.051201210634596, -42.04426969912403, 18.150641091100383, 0.5964567610063949, 0.043632457290657456, -6.52356953534606, 0.24105355934415085, -1.6417964812165926, -0.5836973063556269, -0.08984061660154116, -0.5782240931854956, -0.21829152426278994, -0.1845771393872767, -0.4699900729739641, 0.16585478476326654, -0.08385811198929824, 0.026394457999117715, -0.6747956223207604, -0.032336160910028625, -0.8027374721713711, -0.18215355249952542, -0.2889472637447884, -1.0649270282224432, -0.998671867070047, -0.6970764312923683, -0.2151121544643302, 4.216678142522662, -2.831628897537429, 0.4526786257371812, -1.2525398080303016, -0.5996754259785617, 0.12041949824164158] 
[-0.3830509553267158, -0.07215909942401444, -0.23879348373065445, 0.06295863069191437, -1.1725660481560607, 0.4211788419925307, -1.020847947243301, -0.05773794027693713, -0.8712334511340072, -0.6351318780190653, -0.8312152925512417, -0.7221091499952492, -22.824781902257854, 1.7642009136765333, -0.14255662567189886, 7.707513531638503, -1.0217665670365554, -580.2459103748552, 19.692714701851852, 2.4998069309447937, -2.6497805307677917, 6.7744882584604875, 0.7310848659784266, -1.1118701194426088, -0.14437926034775544, 0.20403128363529197, -0.23945233170149632, 0.12288674950111769, -0.5892792252488354, -0.19756512007734633, 0.7652391331350664, -0.6150824298648225, -0.414832561702719, -0.08159440987714472, 0.25603603963397875, -0.4285308544747642, -1.6423866048467461, -1.9296109459972044, -1.249724129765025, -1.3683452461351702, -3.3768297530927676, 2.442228682172898, 3.618861887759624, -0.380642013500224, -2.541851274768243, 0.40547703710291993, 0.05819070757665923, -0.5845228214199293] 
[-0.029189877481328563, 0.2817019784213728, 0.11506759411473277, -0.29090244715347285, -0.8187049703106735, 0.7750399198379179, -1.3747090250886882, 0.2961231375684501, -0.51737237328862, -0.2812708001736781, -0.4773542147058545, -1.0759702278406365, -25.357959403940633, 69.84184205725296, -6.4675260134881425, -81.6839692976067, -1.4382595760282535, -582.3629712755898, 20.179560636707034, -103.76583593513902, -3.254243175503211, 7.7798167512871945, 1.3794753546214142, -1.9218435586231233, 0.3231601383847682, 0.679540063186188, 0.05096673956167119, 0.3851176367593734, -1.5045180354214343, 0.5186679566711416, -0.2464063518180707, 0.32786449450202726, 0.4888486265735109, 0.7161724579900478, 0.7018931829832145, -1.165071512335002, -0.5189838308863837, -0.5361149721507674, -11.377117950915718, 11.723842311992263, -3.0166209488188516, 2.536898229353573, 5.117729467646366, -1.953516122289829, -0.9377101723324526, -1.226538789823457, 0.6800569826068098, -0.3946517004485618] 
[-0.02552579115669168, 0.2780378920967359, 0.11140350779009589, -0.29456653347810974, -0.8223690566353103, 0.7787040061625548, -1.3710449387640513, 0.2924590512438132, -0.5210364596132568, -0.284934886498315, -0.48101830103049137, -1.0796343141652733, -21.056414083589125, 69.88925581790791, -6.189569251233751, -81.72850992228427, -1.445130396885582, -582.3554880886838, 20.17575197375494, -103.80886407736598, -3.2692214151188925, 7.732261380481397, 1.362116320700632, -1.9171125938491755, 0.32690827031190894, 0.676347852781123, 0.05369883099288989, 0.3827113475917793, -1.5095949346076998, 0.5254042140661593, -0.24400865300210164, 0.3350721973699367, 0.4816798626128397, 0.7089196599384908, 0.697081449980637, -1.1549773504997498, -0.5558413912208586, -0.5528646501724572, -11.321982337177596, 11.701315747895153, -3.0101506900014066, 2.533021109658907, 5.10768687743377, -1.9429403273544692, -0.9318640763976571, -1.2224216906505747, 0.6728815740726749, -0.3994198420920484] 
[0.20064893072659779, 0.05186317021344644, -0.11477121409319357, -0.5207412553613993, -1.0485437785185998, 1.0048787280458442, -1.1448702168807618, 0.5186337731271027, -0.2948617377299674, -0.058760164615025534, -0.7071930229137808, -0.8534595922819839, 326.1437865874395, 72.89156991355831, -24.489258547711486, -84.41184527711718, -1.0238991686640107, -581.8970004516316, 19.940307142358463, -101.08784557612557, -4.182010307885767, 4.869811207102559, 0.30559431045608143, -2.207995544798931, 0.549536332008096, 0.4944448021254193, 0.27295826135683837, 0.676916389009573, -1.727363023124496, 0.1375328077225091, 0.08744321303428018, -0.06924176308428909, 0.6544999078025773, 0.5383328065982939, 0.8711266483781014, -0.6981547464824946, -2.744797190776935, -0.36090236621600735, -9.075081727487902, 12.76673469336996, -3.3797606033975693, 2.8142463561456776, 5.21063266592246, -1.7845043899235762, -2.004141191127064, -0.3230312923549805, 1.0316449536881591, -0.11061800086278933] 
[0.49375144090788453, 0.3449656803947332, 0.17833129608809317, -0.2276387451801125, -1.3416462886998866, 0.7117762178645575, -0.8517677066994751, 0.8117362833083894, -0.0017592275486806308, -0.3518626747963123, -0.4140905127324941, -1.1465621024632706, 333.52252154695174, 181.95793495245056, -46.838424945440195, -83.22773342175084, -1.4140964302365033, -582.3083725933806, 19.586871482320888, -102.28071292001961, -0.7114009888755186, -80.11737008753391, 0.9999635286639811, -2.7241560981447135, 0.20113935543056644, 0.15530537662047006, -0.032435310795659866, 0.9991551376845991, -1.7500490805115252, -0.20844569129188695, -0.153085064427292, -0.3149040327481758, 0.9833379508699899, 0.8947780326788013, 0.7004001410288234, -0.9732744666906918, -3.499308365124637, -1.3285158098470515, -12.535967844992141, 12.285091312751508, -3.1781201953992375, 2.5227182232458505, 5.029653988685444, -1.9880136857560033, -2.705038705684465, 0.7657576802857113, 0.6237286129974676, -0.4725602165329627] 
[0.7353339643727304, 0.10338315692988731, -0.0632512273767527, 0.013943778284733366, -1.1000637652350407, 0.9533587413294033, -1.093350230164321, 0.5701537598435436, 0.23982329591616525, -0.5934451982611582, -0.1725079892676482, -1.3881446259281165, 332.4469671788508, 184.07049856098772, -39.16093793851995, -87.97111184834067, -1.159370813874069, -581.7421332021503, 20.013563941529824, -102.73971086109756, -78059.52149900558, -78.0835308785047, -0.49228569145643053, -3.0150208562744623, -0.000227163734132535, 0.27097554906472493, -0.20525317827624423, 0.7350815505901112, -2.2747976577235276, 0.14823837218132851, 0.3264706337693313, -0.10785182536116003, 0.5186305798108517, 1.12772754724147, 0.9136280239463892, -0.7493511418755772, -5.90471607532432, 0.38368934209498606, -15.448443099347077, 12.70155195677112, -3.3985540910640877, 2.713968548467307, 5.531561680572913, -2.5581546436004174, -2.273981903195975, 1.0518217798910539, 1.123802578632417, -1.73277643043898] 
[0.8252658568859936, 0.013451264416624031, 0.026680665136510573, 0.10387567079799664, -1.0101318727217774, 0.8634268488161401, -1.0034183376510577, 0.48022186733028027, 0.3297551884294285, -0.5035133057478949, -0.2624398817809115, -1.4780765184413798, 332.6468072074301, 175.6262314508939, -16.65199715841795, -550.5448174328357, -1.0461495453435696, -581.8774058497022, 19.899559913796107, -102.43102983443575, -78057.92755449108, -77.79595820754048, 2.5598767616044094, -3.108021037786134, 0.2038537368199413, 0.4784322334947209, -0.2918072882491548, 0.6456832882892524, -2.110323184921171, -0.017288934414257107, 0.46629841714259396, -0.29204339459976114, 0.4129367690985301, 1.3189121378406878, 1.0987589537666917, -0.6620605384861526, -8.387078698854426, 2.7655586931507186, -17.47009160421316, 12.919562079044233, -3.2588475083878627, 2.8305902248540624, 5.688972126200965, -2.7115702178065226, -2.398231962240047, 1.0939217999840685, 1.233958013013389, -1.4863065511719957] 
[1.0122181208119145, -0.1735009995092969, -0.16027159878941036, -0.08307659312792429, -0.8231796087958565, 1.050379112742061, -0.8164660737251368, 0.6671741312562012, 0.5167074523553494, -0.316561041821974, -0.07548761785499056, -1.2911242545154589, 332.9931270404245, 1208.936397967258, -279.34014525549946, -567.9334585064936, -0.7854955194276056, -581.5537979802629, 19.636682582235093, -101.55505430015673, -78056.14457472127, -76.99293948396435, -0.21769114856466443, -2.9194522956305575, 0.09131380460416019, 0.5864317713528523, -0.480718453788164, 0.8458290873179893, -2.301399634544214, -0.07899548623761429, 0.2091560258961513, -0.005056988643498683, 0.6451968479690009, 1.138742469519918, 1.251151547232137, -0.4743531976334936, -8.67484083041715, 2.7186151605263964, -15.215581951931702, 12.409833660573607, -3.3820699646740033, 2.9395854681520173, 6.091617872544547, -3.240473504574477, -1.8113589792526579, 0.8215874720196649, 1.5238355469753184, -1.1405523382916567] 
[1.2644252478633917, 0.07870612754218029, 0.09193552826206683, 0.1691305339235529, -1.0753867358473337, 1.3025862397935382, -0.5642589466736596, 0.414967004204724, 0.26450032530387224, -0.5687681688734512, -0.32769474490646777, -1.543331381566936, 332.64241075851885, 1200.4735688569297, -269.4371635287794, -531.306626655629, -1.2545038629001775, -581.8888455376969, 20.111606061389896, -102.21377439885175, -78055.11117558929, -79.59548422258109, 44.12591369603199, -3.1924623359020106, -0.08791451964344582, 0.6734772534016373, -0.6918013071433208, 1.0739112315405435, -2.1399029992363277, 0.08970172021456305, 0.36551322138098796, 0.15388887538037796, 0.47446898579000973, 1.3215818404871675, 1.0029420360279875, -0.20713827359795328, -10.67428678004751, 4.6159401925431265, -14.011326290057118, 12.923770220574244, -3.0840537098859375, 2.781520407613711, 5.941428980633844, -3.4988019434215163, -2.0210960990272575, 0.6085205512277833, 1.2430097456834466, -0.6840129629655282] 
[1.099410713686583, 0.24372066171898907, -0.07307900591474195, 0.00411599974674412, -1.2404012700241425, 1.467600773970347, -0.39924441249685083, 0.5799815383815328, 0.429514859480681, -0.4037536346966424, -0.49270927908327655, -1.7083459157437448, 332.4608840108973, 1227.1668561761194, -289.0156611974878, -525.4826029845457, -1.4677002717600893, -582.0663240602679, 19.534632393477434, -103.22901246984675, -78052.6967083957, -79.02663355377229, 45.718799620318485, -3.0273232648083725, -1.539249959705833, -0.7770235707105302, -0.5853328970185762, 0.9043836417268382, -1.951928752751085, -0.1709412287709937, 0.5413751112647631, -0.09821725691755404, 0.3621617657936248, 1.5093370981054728, 1.2086169937655813, -0.044318264673879504, -11.274019853757371, 5.1972675864275555, -14.383184160764998, 12.661698046785999, -2.858504665248142, 2.931142517799191, 6.058515954856362, -3.2090461256618115, -1.6970707119954591, 0.6959306621232, 1.5196845619238737, -0.8571327547927946] 
[0.8838970399660888, 0.4592343354394832, 0.1424346678057522, -0.21139767397375003, -1.0248875963036483, 1.683114447690841, -0.614758086217345, 0.7954952121020269, 0.21400118576018687, -0.6192673084171365, -0.2771956053627824, -1.4928322420232507, 332.18937890258536, 1230.8677465387539, -248.5894697692351, -13246.639348112889, -1.7085639365738408, -582.2841492013816, 20.960883332113514, -103.94664191449158, -78053.93947987164, -80.42290753938012, 46.68201998898546, -2.8076801088258523, -1.7046237306034082, -0.6734010606337348, -0.8387799003252896, 1.1386309428407868, -2.557950116524104, -0.5386784076445023, 1.2335982856370065, -0.4476769868783549, 0.7944069654704402, 1.2084891863802925, 1.367241705046212, -0.2716280518610717, -10.773763037156444, 4.639865093125664, -14.94568976263181, 12.345892736408858, -3.081462357497026, 2.6069480936536906, 6.368595577395543, -4.360144239792387, -0.7069368678588599, 0.6626144277669606, 1.338659671660647, -1.0898376228905755] 
[1.0001807010766925, 0.3429506743288795, 0.25871832891635593, -0.0951140128631463, -0.9086039351930446, 1.7993981088014448, -0.4984744251067412, 0.6792115509914232, 0.09771752464958314, -0.5029836473065328, -0.1609119442521787, -1.6091159031338544, 331.9948800668827, 1231.459577780295, -254.36013934065994, -13243.998172100006, -1.5493664626525192, -582.1663861537226, 21.31044761362186, -104.17460602023694, -78056.51773690365, -80.7680560479615, 48.23475733349689, -2.69068675516933, -1.4745201471385163, -0.4738020700709001, -0.9591071285576229, 1.2711422421572296, -2.6274430257343275, -0.657328924557397, 1.1818422699445905, -0.5480658317677514, 0.7526945028267447, 1.077869283390955, 1.5041264839076525, -0.39603989896532565, -10.61828010427332, 4.374871878896753, -14.722914917005738, 12.468203861969217, -2.921682531862964, 2.4178521779629643, 6.522089280695176, -4.4518508439871995, -0.7717809029905878, 0.8008285933059452, 1.4781063435492476, -0.9565385629437981] 
[1.19803579267059, 0.540805765922777, 0.06086323732245846, 0.10274107873075117, -0.7107488435991471, 1.6015430172075473, -0.30061933351284376, 0.4813564593975257, -0.10013756694431433, -0.3051285557126353, 0.036943147341718774, -1.411260811539957, 331.71551752065517, 1233.209334633677, -257.38290449376154, -13222.0616256277, -1.231252402351337, -582.3749521010737, 22.176082760814886, -103.67321175416224, -78035.7310595501, -81.61954268406019, 55.94241207007196, -2.492540850508345, -1.5981364243265563, -0.2931244339258364, -0.7619568582351399, 1.4096658858758988, -2.14427188293322, -0.8175016656949063, 0.7836092882532767, -1.0094855993500673, 1.2211711850860962, 1.2535261194904723, 1.6561010746482612, -0.14716894718436682, -10.880680697928115, 4.768882482463462, -14.989504750601627, 12.301750532179819, -2.683026093242367, 2.7553141110734374, 6.207586906609653, -3.729689731940946, -1.5578377865667687, 1.0264660076369172, 1.3186804682012765, -0.7256509758244616] 
[1.5245336822382414, 0.2143078763551256, 0.3873611268901098, 0.4292389682984025, -1.0372467331667985, 1.275045127639896, 0.0258785560548076, 0.807854348965177, 0.22636032262333702, 0.02136933385501605, 0.36344103690937013, -1.7377587011076083, 331.33909348187257, 1234.4411847075498, -345.63125656890304, -13253.101558415055, -1.998349782869432, -582.7017588429829, 25.89973303944017, -105.19639554561442, -78003.06186495855, -78.00182350684192, 295.27959655746133, -2.1575900128445697, -2.1505579095501846, -0.07206833321297293, -1.3634888003559849, 1.074190282393493, -2.8020693504311245, -0.6776209325232547, 1.4305529170700255, -0.8060380890336439, 1.4613588339874093, 0.9949456696015105, 1.4086769678068316, -0.6517151041494224, -10.581108215996771, 5.140311951182199, -15.524647234881567, 12.593620756245912, -2.353643475324154, 2.5817415542528774, 6.055136200468525, -3.492069497219151, -1.3340379499149382, 0.5215065874349016, 0.8450233602283721, -0.37665929676130855] 
[1.5153023965094001, 0.22353916208396685, 0.39659241261895106, 0.43847025402724377, -1.0280154474379573, 1.2842764133687372, 0.03510984178364884, 0.7986230632363358, 0.21712903689449578, 0.03060061958385729, 0.3726723226382114, -1.728527415378767, 331.3483445529212, 1234.2370838280522, -345.5665629301346, -13253.048261506983, -2.0108020556660366, -582.6916705787029, 39.68702790907346, -105.2140648150462, -78002.87859473913, -98.22020249015131, 295.3526433366626, -2.148096532731668, -2.1397738204937666, -0.08247225539189046, -1.3486210748088736, 1.0893723493819867, -2.8093640821951382, -0.6676892523133895, 1.4279775435974864, -0.7972274802434057, 1.4503349705650463, 1.005224922782573, 1.3977198555854426, -0.6275833936913561, -10.587227591474493, 5.1463925491190645, -15.509773576385552, 12.610348520833096, -2.365818386286408, 2.5703380148097668, 6.065612470567847, -3.4807544978152904, -1.3228776132619187, 0.536867693145258, 0.8338049490137261, -0.38848366994793126] 
[1.4255177975358415, 0.13375456311040823, 0.30680781364539245, 0.5282548530008024, -1.1178000464115159, 1.3740610123422958, 0.12489444075720746, 0.8884076622098944, 0.12734443792093716, -0.059183979389701324, 0.28288772366465276, -1.8183120143523257, 331.25828288676695, 1232.4100753587177, -344.96483102134374, -13252.550141395515, -1.8883475715987155, -582.5940922365302, -33.17857479221495, -105.03912227279083, -78000.9439477433, -194.1330907104919, 296.0298903352343, -2.056040595610414, -2.0495142572133105, -0.17845019824647773, -1.4997390508193535, 0.8846850007876061, -2.497138450002317, -0.7319344980594489, 1.1037875822718375, -0.8826329147009515, 1.5585010207712502, 0.900632214339897, 1.501009668298281, -0.8626302319001827, -10.645092009214554, 5.2044142293624205, -15.657058470536015, 12.445365814288232, -2.4759875723141738, 2.6478409011198782, 6.150358573947289, -3.5919321294568802, -1.432871123970587, 0.3882784878906741, 0.9083870588550534, -0.4687842080980539] 
[1.8823947961320244, 0.5906315617065911, -0.15006918495079047, 0.07137785440461952, -1.5746770450076988, 0.9171840137461129, -0.33198255783897546, 0.4315306636137115, -0.3295325606752457, -0.5160609779858842, -0.17398927493153016, -2.2751890129485086, 331.724939983361, 1258.1006317341462, -339.9560004698192, -13254.34856483651, -1.3232221213458253, -583.0691190601897, -62.62091900352493, -104.28054617810852, -77972.61775559091, -63.546644860587804, 290.1659839900513, -1.5699892923018135, -1.5198818684546556, -0.7325130279169088, -1.8000806407167598, 1.3709092781867944, -2.18272550980141, -0.2538930729164349, 1.3606807804133947, -1.228308157704824, 1.165135882721831, 1.2945596761976412, 1.9688768684106812, 0.576084087446952, -9.77466855552443, 6.092901799663738, -16.27118110285778, 11.558337411273365, -3.054135789967572, 2.282311049703154, 5.7802844087678595, -3.1000819281377163, -1.0433417386969006, 1.150554172097502, 1.3759983358299748, -0.9248913739180324] 
[2.0292681858833057, 0.44375817195530987, -0.29694257470207175, 0.21825124415590083, -1.4278036552564175, 0.7703106239948316, -0.18510916808769415, 0.5784040533649928, -0.18265917092396441, -0.6629343677371655, -0.02711588518024885, -2.42206240269979, 331.88705039252375, 1258.5742309588654, -346.52686835806287, -13225.4714491325, -1.1763465196629337, -582.8360848215104, -64.00361432806771, -103.4409952268652, -77971.21518731838, -62.94347053448749, 295.0669868051792, -1.3170434711120738, -1.7978275201873481, -0.6397533486222271, -2.1054921385261505, 1.5471931321066108, -2.6933302386211975, -0.32606127784536837, 1.8972851099742831, -1.4316064596250175, 1.0664633154438499, 1.5219376875204647, 1.7193779667918634, 0.20254586030665572, -9.895826231922573, 5.957264218453524, -16.08938071955853, 11.377712479509746, -2.941729851910131, 2.186496016499993, 5.882239783557195, -3.020106210787732, -0.9100611085866415, 1.0325543970605509, 1.4717100146561566, -1.1062076435388313] 
[1.5696144647420298, -0.015895549185966085, -0.7565962958433476, 0.6779049652971768, -1.8874573763976934, 1.2299643451361075, 0.27454455305358183, 0.11875033222371684, 0.27699455021731156, -0.20328064659588957, 0.43253783596102713, -1.962408681558514, 331.31543026659403, 1256.0805847873041, -351.89580393086555, -13235.275915856164, -1.645528350162258, -583.7839910690122, -77.57240134597134, -104.97897717458468, -77985.14621601564, -64.15705541435794, 920.368747879822, -0.25871979005576073, -1.670557791266971, -1.0718941698498994, -2.6474737182479187, 2.0477913336610443, -1.539914707669492, -0.21370146373375376, 0.7277229662765268, -0.961370304574565, 1.1310375521084437, 0.39176966892103415, 2.8470155978724074, -0.5445248030033245, -9.44761840662975, 6.458035818047635, -15.53256866914352, 11.802006206927352, -2.5896035952708, 1.956698823533249, 6.391551145542169, -3.3293640154806377, -1.2254114250143748, -0.07858404544532993, 0.2706104532951388, -2.01923453931312] 
[1.6765068287049414, -0.12278791314887766, -0.6497039318804361, 0.5710126013342652, -1.7805650124347818, 1.336856709099019, 0.3814369170164934, 0.011857968260805263, 0.1701021862544, -0.096388282632978, 0.5394301999239387, -2.0693010455214256, 331.4223227798641, 1679.1700241000317, -352.12264852965063, -13235.00415533093, -1.5271579556136599, -583.9043297556595, -79.02672200222014, -112.5948449836049, -77986.57557067701, -61.53437727355907, 919.7603981525949, -0.38383946474753894, -1.5504820384835205, -1.1934660136973891, -2.877681869726608, 2.2811586743724144, -1.5472599328901588, -0.06921931104424958, 0.5849889771272273, -0.8594672214149187, 1.2330121818647253, 0.4980073457543987, 2.744712689354475, -0.44622782001192113, -9.540207091698319, 6.550581776198423, -15.93518254761282, 12.088297349980074, -2.554010095175855, 2.1140324724223154, 6.546874394596624, -3.186334018403863, -1.3710716951608823, 0.27139447165573893, -0.8693259727108344, -2.1722319530944163] 
[1.945558479098921, 0.14626373724510205, -0.38065228148645636, 0.3019609509402855, -1.511513362040802, 1.6059083594929988, 0.6504885674104731, 0.280909618654785, 0.4391538366483797, -0.3654399330269577, 0.8084818503179184, -1.8002493951274459, 331.6944035455455, 1661.2347457006883, -351.3874650897909, -13234.083134350773, -1.2459110872396257, -583.6199991371149, -80.96830404852612, -2026.1256095954332, -77995.96433962704, -90.58346907416123, 918.7406196925912, -0.7326193426116394, -1.324856549958997, -1.4647349054507621, -2.3851315588235673, 1.7636750760112476, -1.4342924555490495, -0.3995900027640126, 0.8592722891175568, -0.6322230894198115, 1.0050988886389378, 0.7333223525572286, 3.0008876130843856, -0.7151928436024173, -9.269205564635474, 6.8225793937442205, -17.152040961051835, 12.846687312001277, -2.4718502209720645, 2.454681815245001, 6.968589445451003, -3.707127836863318, -1.1650278680415982, 1.3974108838071224, 0.6792803334968216, -1.9987191867992038] 
[1.7960278304700972, -0.003266911383721871, -0.23112163285763243, 0.45149159956910945, -1.661044010669626, 1.456377710864175, 0.5009579187816492, 0.13137897002596105, 0.5886844852772036, -0.5149705816557817, 0.9580124989467423, -1.650718746498622, 331.52173665989795, 1654.1950147359362, -350.3041583042862, -13232.392425921333, -1.0958536839038457, -583.7697142869511, -81.37605402846877, -2028.0711964319307, -77995.13716474094, -89.41257441936891, 918.4547514915872, -0.8903073844549982, -1.434428992772348, -1.3372257316383167, -2.2769022328070996, 1.885326513879147, -1.51467435220881, -0.5545566254730185, 0.7383170604102641, -0.7164530988159806, 0.7731463013830113, 1.0145734786774074, 3.2244671888877305, -0.5876973056953013, -9.068486461836638, 6.641364727995135, -16.792522869938836, 12.592580273521543, -2.2644054758240033, 2.589720353038617, 6.857646946828521, -3.542157621413948, -1.0692953385389687, 1.1659735983599377, 0.39452323288398017, -1.6806704853929966] 
[1.9056587618085534, -0.11289784272217812, -0.12149070151917618, 0.5611225309075657, -1.7706749420080823, 1.3467467795257186, 0.39132698744319294, 0.2410099013644173, 0.6983154166156599, -0.40533965031732544, 0.8483815676082861, -1.5410878151601657, 331.637122724261, 11926.311606968364, -348.21486862782655, -13231.816526767772, -1.2063823909312608, -583.8807930847818, -80.9007522154191, -2021.6829517679193, -77995.49273768527, -89.86453892246143, 918.2909290775884, -0.7799731824395025, -1.5361236031293317, -1.2359113518536806, -2.1682930951227335, 1.7710826084638467, -1.4039992139269646, -0.6740112224511661, 0.8066970899034938, -0.8312052925670079, 0.6139212373520906, 1.1494187373408253, 3.09239634652642, -0.6936436249859077, -9.191605592453888, 6.7647429865844435, -16.978815802557875, 12.801080446261015, -2.066788380471736, 2.4561470520302566, 6.631222236203585, -3.754300643131942, -0.893228593542708, 1.0157802877133801, 0.5768882329559761, -1.5576660166208076] 
[2.1415328487488243, -0.348771929662449, 0.11438338542109472, 0.3252484439672948, -1.5348008550678114, 1.1108726925854477, 0.15545290050292204, 0.005135814424146401, 0.462441329675389, -0.16946556337705454, 1.0842556545485569, -1.7769619021004366, 331.37268877791024, 11907.726935375995, -332.15537186540746, -13230.983548966937, -0.9608279980358758, -584.1289154463432, -79.27937624582718, -2017.542615830369, -77996.06336834405, -91.38144463805573, 918.7100246264207, -0.5438907914982919, -1.2297483612031042, -0.9491752403576299, -2.4017501988178043, 1.9633355773876842, -1.1087285673573115, -0.8939532831031284, 0.5386843208237744, -0.6347906073625809, 0.184477530880519, 1.565903372415986, 2.870537574473149, -0.9751288149930112, -8.993447391296709, 6.946901460855385, -17.33472124344739, 12.591453409015946, -1.8941954965340988, 2.9295204977082445, 7.10876714270722, -3.3363503948439868, -1.2603115723487222, 1.306174968755561, 0.12418995512392683, -1.2774154376015092] 
[1.7444350542961087, 0.048325864790266626, -0.28271440903162093, -0.07184935048542085, -1.931898649520527, 1.5079704870381634, 0.5525506949556377, 0.40223360887686205, 0.8595391241281046, -0.5665633578297702, 0.6871578600958412, -2.1740596965531522, 330.81191740862073, 11911.127067922669, -362.6389854795544, -13227.094570322304, -0.5632152495515712, -583.6343796813247, -95.84473963726523, -17072.608066728084, -77998.05847522225, -77.42110505802941, 918.2018224188461, -0.9583569751320913, -0.6701762166395254, -1.4266356168341694, -2.96013148265865, 2.2745101169994215, -1.6757665360425404, -0.37831746717159753, 1.0612076795512317, -1.0143721870177282, -0.06704773789388313, 1.2301043857049165, 2.125646175155649, -1.2308016976111125, -9.376004994406237, 6.593337085312436, -16.572415638022736, 13.075736806230697, -2.48221794287296, 2.4730809722801173, 7.6137444524431075, -4.483415637094961, -3.1794518486550816, 0.7824344112373041, 0.7907872818197577, -2.3603687806117053] 
[2.016706075587282, -0.22394515650090657, -0.01044338774044773, -0.34412037177659405, -1.6596276282293538, 1.2356994657469902, 0.2802796736644645, 0.12996258758568885, 0.5872681028369314, -0.8388343791209434, 0.41488683880466803, -1.901788675261979, 330.53126943614984, 12027.8027262496, -366.1376894617308, -13174.261824824269, -0.25211062346090496, -583.9077282140244, -96.83309784935959, -17070.831448510962, -77997.58402764957, -76.47599869016777, 917.5251887097186, -0.5568563256653294, -1.3302943444139752, -0.7726032055622646, -2.6429794345368682, 2.5652110248841424, -2.0035349905275393, -0.1919224601376628, 1.3931241038809392, -0.7868959010875093, -0.4648058116038306, 1.5574900739343804, 2.752091187837322, -1.8525681579649411, -9.007227194541843, 6.952199911384817, -18.944885583457943, 12.804699062558775, -3.083241921099466, 2.208504366494212, 8.10862993049827, -4.833087438285745, -2.79994389868967, 1.0857746453522883, 0.3863661963137554, -2.8301312852156584] 
[2.146599467581448, -0.09405176450674052, 0.11945000425371832, -0.4740137637707601, -1.5297342362351878, 1.1058060737528241, 0.15038628167029844, 0.2598559795798549, 0.4573747108427654, -0.7089409871267773, 0.284993446810502, -1.771895283267813, 330.37169496077894, 12025.168967148351, 824.8850170743153, -13175.403065793595, -0.12118682636063463, -583.7620834379925, -98.53058316634468, -17078.56531827422, -77997.16094214142, -76.7107452673027, 918.3246378265727, -0.702088092990642, -1.7889615163608612, -0.32867078824392865, -2.4667111243154767, 2.6775608320559807, -1.9179782213134775, -0.09185873795119966, 1.5046208800852503, -0.9270318749254629, -0.581441111816082, 1.467519267905112, 2.697241726278932, -2.0052645937152884, -8.795559707078699, 7.160349836532601, -18.468811199025314, 12.455984244880907, -3.563434432848099, 2.284411461897848, 8.573959092245248, -4.645630201785773, -2.5586425131624164, 1.162977339898218, 0.26328940390076894, -2.6118465357713263] 
[2.6180354603965506, 0.3773842283083621, -0.3519859885613843, -0.9454497565858627, -1.0582982434200852, 1.5772420665679268, 0.6218222744854011, 0.7312919723949576, 0.928810703657868, -0.2375049943116747, 0.7564294396256046, -2.2433312760829156, 329.701575504587, 12078.621682278334, 791.6866342010155, -13173.14042791039, 0.35104494681412823, -583.1719953718897, -119.53365277168511, -17071.4243900477, -77999.57849539258, -77.82304119056275, 924.2887110889055, -0.21106081450667447, -1.5157448318967028, -0.07301675790321382, -2.900625358161969, 2.280013613427825, -2.654702548801076, 0.656696953181825, 1.1517864269079228, -1.5015314588101922, -1.1550303668781505, 1.0004980253144418, 3.3038261612572573, -1.3497084101344856, -9.122820787611964, 7.648726245971726, -17.21532323656261, 10.810053350963566, -1.4752457276719997, 3.0791599217234027, 6.948132688816871, -5.179918523073431, -3.2951907371680904, 0.8141556612954041, -0.4225729239643846, -1.9275773578040678] 
[2.6658092295515012, 0.4251579974633128, -0.3042122194064336, -0.9932235257408134, -1.1060720125750358, 1.6250158357228774, 0.5740485053304504, 0.7790657415499083, 0.8810369345029173, -0.18973122515672403, 0.7086556704706539, -2.2911050452378663, 329.51045289824305, 12078.269848099768, 792.0885628157931, -13173.213106177578, 0.4139423217417984, -583.2197711259832, -119.67444278291941, -17071.31727381574, -77999.65297267809, -76.96001215399731, 924.187290805062, -0.28913436606697795, -1.4288053828484246, -0.1593152328223741, -2.8875755751711014, 2.359957660461929, -2.5895467253673266, 0.5952377380404946, 1.0842818544259702, -1.5459725168291016, -1.1410041517055522, 0.9657771164677386, 3.386573775572736, -1.429834624169128, -9.171899095099917, 7.730962354830308, -17.048168299337746, 10.746419107828888, -1.5400252632220628, 3.1110253045982685, 7.037375956694619, -5.107321896043727, -3.279411989074234, 0.77877898560886, -0.4971247403266613, -2.0775656475198634] 
[2.5554876598538625, 0.5354795671609516, -0.41453378910407235, -1.1035450954384523, -1.2163935822726746, 1.7353374054205162, 0.46372693563281164, 0.6687441718522695, 0.7707153648052786, -0.0794096554590853, 0.5983341007730152, -2.401426614935505, 330.03630438004063, 12078.918313518923, 793.3181121757992, -13173.055928912587, 0.551993043712806, -583.330417650755, -119.30032952675191, -17071.093800497358, -77999.8383694305, -80.0617158889798, 923.9268271879321, -0.09384237682656799, -1.3595111343714994, -0.0709719076108614, -2.7874403065958493, 2.540790020972346, -2.4532023500316797, 0.4808370906611023, 0.9256330787234955, -1.29671002907084, -0.7781037328962839, 1.270929827291463, 3.1948229182381045, -1.2321490252184932, -9.281320834062624, 7.889018373963246, -16.683590393195736, 10.567893498598215, -1.3964599067659142, 2.8778729301397497, 7.157894225070445, -5.326100820085356, -2.878930757074606, 0.9759304574516802, -0.22095242142480076, -1.8574519627512893] 
[2.4954984752314644, 0.5954687517833497, -0.35454460448167424, -1.1635342800608504, -1.2763827668950727, 1.675348220798118, 0.40373775101041354, 0.6087549872298714, 0.7107261801828805, -0.1393988400814834, 0.6583232853954133, -2.461415799557903, 330.23238459602277, 12079.14872329967, 793.6879176085992, -13173.131187326902, 0.4837901876844629, -583.3920607389897, -119.600180299596, -17071.24985919048, -77999.96197709083, -89.59493114023864, 924.1159068014549, -0.2257361495256549, -1.4132712245751085, -0.08206470464628447, -2.7227277072472593, 2.5005831981147404, -2.422955964125073, 0.4081663669662895, 0.8459449321965824, -1.1477695702886037, -0.5740163677384867, 1.4390979067450504, 3.0911748221736923, -1.1312152732459748, -9.35342778037647, 7.976091484536245, -16.577245283782887, 10.627110587789902, -1.4634747843764735, 2.9940140902376378, 7.094438934469449, -5.20780885739048, -2.9941805649195063, 1.0497998973852416, -0.05895065076419062, -1.7055142550154254] 
[2.254015096202931, 0.3539853727548161, -0.11306122545314068, -0.9220509010323168, -1.0348993878665391, 1.4338648417695845, 0.16225437198187997, 0.850238366258405, 0.952209559211414, -0.38088221911001696, 0.8998066644239469, -2.7028991785864367, 329.5662074121091, 12079.916298936876, 791.6842782450423, -13173.417608014475, 0.22010341351717638, -583.6362031528595, -118.03553696447568, -17070.511397036866, -78000.52936520486, -102.10281453542049, 923.4707273755389, -0.8362308363584895, -0.9938294247327718, -0.4515139755098981, -2.554178069375166, 2.7799642194268457, -2.659992211765519, 0.09160818105980228, 0.4621579157271975, -1.68110939615291, -1.3122910135117665, 0.8339728739703625, 2.8926217095909728, -1.2998997175883893, -8.999901238911589, 8.710626123077923, -17.465983821395543, 11.026575034479256, -1.2288694784176832, 3.1887937517512643, 7.25194329029798, -5.41812821371327, -3.3612660356309694, 0.6507828678869532, -0.9043952693330348, -0.6975987787735702] 
[2.228796037558552, 0.37920443139919513, -0.1382802840975197, -0.8968318423879378, -1.0096803292221601, 1.4086457831252055, 0.13703531333750096, 0.825019307614026, 0.977428617855793, -0.406101277754396, 0.8745876057795678, -2.6776801199420577, 329.524278350577, 12080.126180584199, 793.665589878845, -13173.457325704007, 0.25421664731575094, -583.6105052567392, -119.00192279722722, -17070.55605952458, -78000.56736093007, -102.28530962868406, 923.5118400818776, -0.9760117061826354, -0.9132215510025384, -0.5308000333255807, -2.544515192557527, 2.8329374731911283, -2.618706688463702, 0.0415145794406338, 0.40666828775100416, -1.6766609332578248, -1.342813098974893, 0.8018874940421215, 2.899955421507107, -1.2774731510173793, -8.962891835539532, 8.74336154594463, -17.533100047159472, 10.98806130885692, -1.2021564920474925, 3.143766227044124, 7.292943969385229, -5.4006090708446095, -3.34849416610113, 0.6298248704510048, -0.8730126791637373, -0.7272551608529052] 
[2.2117002984089726, 0.3963001705487743, -0.15537602324709887, -0.913927581537517, -1.0267760683717393, 1.3915500439756263, 0.11993957418792178, 0.8079235684644468, 0.9603328787062139, -0.42319701690397515, 0.891683344929147, -2.6605843807924785, 329.49696992919553, 12080.250935703876, 794.5653717410106, -13173.485327934222, 0.27806552636319737, -583.5929520247546, -118.08582237363899, -17070.58774296156, -78000.54248876795, -102.39486310621238, 923.5408790481819, -0.8906235141559269, -0.9721403310781409, -0.46848444618871565, -2.520723951026247, 2.8581616860277728, -2.5925661979951222, 0.022966198276960167, 0.41128054823696825, -1.6550074398624957, -1.3219040183614075, 0.7979120231057263, 2.8922789597252607, -1.290365596735189, -8.93751023799494, 8.719106422607261, -17.579850867694407, 11.01762577554614, -1.2204919631712838, 3.1740535230070144, 7.264896216676679, -5.3919846801615465, -3.3398502854839376, 0.6157339519146996, -0.8491340680812719, -0.7070143921785903] 
[2.41271009766929, 0.19529037128845683, 0.04563377601321861, -0.7129177822771995, -1.2277858676320568, 1.5925598432359438, 0.32094937344823926, 1.0089333677247643, 0.7593230794458964, -0.6242068161642926, 0.6906735456688295, -2.459574581532161, 329.8098298590316, 12081.599975643263, 802.9589455421565, -13173.164798755195, 0.0035035739210953487, -583.8005610087403, -104.04554334887146, -17070.972437616012, -78000.84188334504, -101.20303023912683, 923.2088984306712, 0.04838256467116153, -1.6003863010570218, 0.13449021717557008, -2.690186388477648, 2.664608325539998, -2.843132568912183, -0.2419982752210022, 0.15099528606962326, -1.907884226484068, -1.1714239744886836, 0.5812972122722883, 3.4857990921289117, -1.8840302016478214, -8.653292134033418, 8.447480089776489, -18.113461869634044, 10.604222329356732, -0.8857546369625802, 3.0921582880694283, 7.0463373898220265, -4.998064376244412, -3.674213536884807, 0.8541962860362872, -0.5675104613720006, -0.42779995510317526] 
[2.5486990177722957, 0.3312792913914624, -0.09035514408978698, -0.5769288621741939, -1.0917969475290512, 1.7285487633389494, 0.4569382935512448, 1.1449222878277698, 0.895311999548902, -0.48821789606128707, 0.554684625565824, -2.3235856614291555, 329.5032755475969, 12085.21132902342, 868.3069300549487, -13172.846899175054, 0.15683654305649466, -583.9366143604278, -105.41199417641377, -17070.78255214887, -78001.12881809913, -101.60114023593835, 923.5439777408498, 0.390617969202992, -1.6969537814219844, 0.07283451578981578, -2.823260416205354, 2.7432282498536633, -2.96012068524002, -0.06654719626309524, 0.32616634114171017, -1.764076933748939, -1.228755813796435, 0.7867252124167433, 3.314982131444138, -1.9651086907861826, -8.790493408173385, 8.20680926359805, -18.726119878340974, 10.405182694448989, -1.0423360297209254, 2.91353643728164, 7.227829430522503, -4.624952137828545, -4.051867202948543, 0.9636219928633623, -0.8286380258743012, -0.2592230596304817] 
[2.604619852604963, 0.275358456558795, -0.03443430925711957, -0.6328496970068613, -1.1477177823617186, 1.7844695981716168, 0.5128591283839122, 1.0890014529951024, 0.8393911647162345, -0.43229706122861966, 0.6106054603984914, -2.379506496261823, 329.32416623655575, 12085.739933641426, 875.1752429224733, -13173.034856748636, 0.22783999341657746, -583.9939502495995, -105.12471935848984, -17070.715123577917, -78001.0369987003, -101.85531375690353, 923.3423789850965, 0.28561921879404273, -1.6498190727601334, 0.0943223270908303, -2.873264760392506, 2.6686511115192757, -3.0406140751165776, -0.11313865843380583, 0.36521739099829686, -1.8975960687251834, -1.3414548776087218, 0.6916813954723546, 3.2712441064579942, -2.011271281322347, -8.836316163717813, 8.114019497587778, -18.948274398099738, 10.298677742499562, -1.093685309664365, 2.833773080369185, 7.309820260661019, -4.797032626165077, -3.876906129596579, 0.8646018964243151, -1.0130881105502325, -0.18714605641382664] 
[2.764456903593178, 0.11552140557058, -0.19427136024533456, -0.7926867479950763, -0.9878807313735036, 1.6246325471834018, 0.6726961793721272, 0.9291644020068874, 0.6795541137280195, -0.5921341122168347, 0.4507684094102764, -2.539343547250038, 328.71333246557776, 12083.577788240671, 1010.0300290480998, -13173.491785761218, 0.4200829181148784, -584.1613128698182, -105.78861145230411, -17070.511584123513, -78000.74842589452, -102.76593380370797, 922.8561764800968, -0.04968232308761411, -1.9134633155484155, 0.3410135823312932, -2.9770253961805806, 2.463559168802151, -3.2350216996094217, -0.041127422058896246, 0.21589788603025512, -1.6971898144184416, -1.4444538870720123, 0.9396126615778435, 3.1239611191909296, -2.122174337252548, -9.035994839454846, 8.403295656727947, -17.901476658791395, 10.701999932099422, -1.3456687973258306, 2.974078706611424, 7.468003118243182, -4.705119108860547, -3.779116570173198, 0.611978924328933, -1.5237258824948405, -0.3857305536530767] 
[2.8703575995119177, 0.22142210148931962, -0.08837066432659493, -0.6867860520763367, -0.881980035454764, 1.5187318512646621, 0.5667954834533876, 1.035065097925627, 0.5736534178092799, -0.486233416298095, 0.556669105329016, -2.6452442431687775, 327.9324385863824, 12075.606901095953, 1012.8715558952632, -13173.283027368027, 0.5720222367111631, -584.0551046437766, -106.06137568564024, -17070.34657667676, -78000.48028532197, -103.10589026073522, 922.2982091286331, 0.28030944649952727, -1.8175299376441407, 0.43728835843848035, -3.095741451231828, 2.299074004763173, -3.3866764580903164, -0.23833360984362917, 0.02965241962262577, -1.5537977135770864, -1.315123139664561, 0.8627902898084773, 3.0283067336547975, -2.1983083168410293, -9.15304356614486, 8.796311769769979, -16.499904965394823, 10.539375643030231, -1.418129328294754, 2.7968239469302034, 7.64639088216804, -4.473732716873087, -4.000065361713204, 0.5123886173300144, -1.299601834693151, -0.2675943095171084] 
[3.468554231950275, -0.3767745309490378, -0.6865672967649523, -0.08858941963797928, -0.2837834030164066, 2.1169284837030196, -0.03140114898496982, 0.43686846548726965, -0.024543214629077492, 0.11196321614026239, 1.1548657377673734, -2.04704761073042, 319.5989144954292, 12063.204346257377, 936.0720295861134, -13171.795072053119, -0.4316930662084073, -583.4552835391246, -108.13631960712894, -17071.1555841281, -78002.51132079252, -105.84528067312851, 924.4410120439195, -2.357435229630984, -1.255845604104091, -0.22267627365865317, -2.3892362158089098, 2.6159264956783472, -3.7112693997531765, 0.8750528991492436, 1.1574521126571142, -0.42189102736913564, -0.2632046545505735, 2.151855610107868, 3.9871114458019865, -1.8284902646563332, -9.54840454390599, 12.738950624260227, -29.62413177096566, 11.926545950347238, -2.673695565950415, 1.388319806350109, 8.981492632844645, -3.972075385058743, -3.6568681910412373, 0.09079622270086035, 0.17708776263666093, 0.5188438496674087] 
[3.148824322644507, -0.696504440254806, -1.0062972060707205, 0.23114048966778888, 0.03594650628936158, 2.4366583930087877, -0.351131058290738, 0.11713855618150149, 0.2951866946766907, -0.20776669316550578, 1.4745956470731416, -1.727317701424652, 322.6986259494169, 12060.842405519299, 935.2763083036233, -13212.641677974818, -4.510180097458825, -583.8931267929988, 216.22938750139923, -17072.94161415304, -77471.61761360246, -80.2330130789852, 924.8231210199733, -2.7622474238171333, -0.8222761958262388, -0.7303681872667988, -2.8124047113825874, 2.5618438961217223, -3.3444239581767485, 1.5992185838653425, 1.822892746645437, -0.9717174176528869, -0.7992617205895907, 2.464639962390067, 4.482048581577835, -2.253640587511681, -9.240143956378246, 11.540410508650885, -29.336860676796242, 12.17934025263082, -1.676988174862616, 1.6990263500850926, 9.214287750055284, -8.065239104099415, 1.1987629731087326, -0.3811778486470119, -0.397621034678187, 1.3371977786760985] 
[3.409131827187415, -0.9568119447977139, -0.7459897015278125, -0.02916701487511908, -0.22436099825354638, 2.6969658975516957, -0.09082355374783002, -0.14316894836140648, 0.03487919013378271, -0.46807419770841374, 1.7349031516160496, -1.467010196881744, 5300.266299471792, 12060.209936974403, 934.9116210273095, -13217.601689050085, -206.04977497154113, -584.5130793353742, 218.42963037695392, -17091.999479176953, -77474.69331439378, -86.35077980833228, 924.5603895398297, -3.0290378085328284, -1.0834739787106555, -1.0841469246976745, -2.5038393915074555, 2.6822993408888953, -3.1020748385440275, 1.4580635263387471, 2.070491309196531, -1.2951753470485565, -1.1459483804285688, 2.1551873502447103, 3.716629707609389, -2.4844801282848117, -8.757757420931569, 12.199154156997324, -30.322507610793952, 12.908966736980483, 0.8452079472445067, 1.0759854142299292, 9.781319902102585, -8.36959248661092, 0.8747233908391323, 0.029128826172695632, -0.250194342640342, 1.8057019956684899] 
[3.196388834826302, -1.1695549371588267, -0.9587326938889253, -0.2419100072362319, -0.011618005892433558, 2.484222905190583, 0.1219194386132828, -0.3559119407225193, 0.24762218249489554, -0.6808171900695266, 1.5221601592549368, -1.6797531892428568, 5297.222141407978, 12059.891495540525, 935.3734709233406, -13467.748202687279, -210.3477110692522, -583.3631423085326, 244.29107394762383, -17081.549223433405, -77649.63713250369, -85.30563180384647, 924.7789663821932, -3.2440889318609933, -0.820093004729204, -0.8470909316387316, -2.383140501839739, 2.3952468731503425, -3.3307311256225636, 1.0835281342551721, 1.7065728023808295, -1.0940798648385668, -1.347754238565605, 1.8202975453143364, 4.237342633274356, -2.689598064948789, -8.414193162368589, 11.917425978164735, -30.31793171543863, 12.550397307872226, 4.935301291562867, 1.184188387355845, 9.992404725994948, -8.594878315991965, 0.6162364942359824, 0.2751021696235183, -0.0916890880494177, 2.1245866850768578] 
[3.3181705642444657, -1.0477732077406632, -0.8369509644707618, -0.1201282778180683, 0.11016372352573005, 2.6060046346087464, 0.24370116803144642, -0.4776936701406829, 0.12584045307673192, -0.559035460651363, 1.6439418886731003, -1.5579714598246932, 5337.821228467258, 12059.74779380121, 935.5552663204402, -13465.626117770165, -1112.6218141769477, -583.6893147958236, 236.05748596171284, -17080.546195751922, -77651.66433795152, -84.99824183514473, 924.6568961260258, -3.367327924644907, -0.9408681549929461, -0.9066077180055959, -2.4661358136000775, 2.324670873242223, -3.2189343225210307, 1.1676413625849162, 1.6207421119097494, -1.2409363481705222, -1.4936706893979574, 1.7223826188456033, 4.007269479704867, -2.554969443703743, -8.191419665792441, 11.846657501457864, -30.483342150575204, 12.71273767917094, 6.225648546596334, 0.9829773862411686, 10.183693688536385, -8.462537795882799, 0.7284017454870929, 0.145858125818477, 0.03009282164951664, 2.2973519165722367] 
[3.7401516909717953, -0.6257920810133335, -1.2589320911980915, -0.542109404545398, 0.5321448502530597, 2.1840235078814167, -0.17827995869588326, -0.055712543413353244, 0.5478215798040615, -0.13705433392403332, 2.06592301540043, -1.1359903330973635, 5351.496586734138, 12059.18552592021, 934.7900612787429, -13436.243356675855, -1147.5337071908118, -585.3094909130435, 228.80991441082904, -17078.549632407132, -77624.87597577617, -86.49840048249507, 924.2326492075669, -2.9452773840268054, -0.5713705438437938, -1.3250699195323081, -2.9176349513114817, 3.018491820403618, -3.638038524770478, 0.4572995910007833, 0.8333205846985695, -1.7070148634505422, -1.2559620666869376, 1.3455243788132394, 3.242516883931118, -2.146119323044542, -7.680996334416543, 12.914668978950798, -32.10747862048615, 13.840005482905351, -7.301288063309919, 1.9343839336435897, 9.531589863492258, -8.712557106073993, 0.4746241389583737, -0.48073854263780624, -0.7542012588180287, 1.6549124369607908] 
[3.7610065284510137, -0.6049372435341152, -1.2797869286773098, -0.5212545670661797, 0.552999687732278, 2.204878345360635, -0.1991347961751016, -0.0348577059341349, 0.5269667423248432, -0.11619949644481498, 2.0450681779212116, -1.1151354956181452, 5351.562275638783, 12059.246311124083, 934.8130835930799, -13436.321699911976, -1147.614716584435, -585.2783079125444, 228.14677045912734, -17071.823735303395, -77624.95285637748, -87.61562951903639, 924.2057132907458, -2.9706309127511417, -0.5579791577429791, -1.3592729111002133, -2.9421010774788496, 3.058740526210195, -3.6072355198612622, 0.4782660769773463, 0.8267941348163889, -1.685901177177803, -1.2728433595747708, 1.3313791433724687, 3.2064263236293935, -2.17717416633045, -7.635210246874203, 12.890459313687812, -32.16825515442793, 13.900748783309465, -7.282321900714242, 1.9976489259754795, 9.468824987278605, -8.738394899891084, 0.490200158757973, -0.46593899030130964, -0.745193672705202, 1.7262281937764565] 
[3.7764127861188266, -0.5895309858663023, -1.264380671009497, -0.5366608247339926, 0.5684059454000909, 2.220284603028448, -0.2145410538429145, -0.05026396360194779, 0.5423729999926561, -0.13160575411262787, 2.0296619202533988, -1.130541753285958, 5351.516566199893, 12059.29394486918, 934.7962952757827, -13436.383828780195, -1147.5588723983826, -585.3020457481132, 228.5404574441389, -17084.508296806576, -77624.89194339383, -88.76178677205709, 924.225179559493, -2.989737058827916, -0.5397436923532973, -1.3326594231860234, -2.9493576218456434, 3.0310647372536605, -3.6283303376790235, 0.484335471324075, 0.8105519651003993, -1.7025520265333887, -1.2470489750261018, 1.306819642392135, 3.233042268519428, -2.1542193278665325, -7.667680789327662, 12.906966281797853, -32.11620788823677, 13.84674974673584, -7.256243613807493, 2.0399199896796976, 9.428536426292071, -8.72382006742659, 0.5026428000198125, -0.4545950654546892, -0.7371111163173234, 1.7728479301438873] 
[3.6761830535391473, -0.489301253286623, -1.1641509384298176, -0.4364310921543133, 0.46817621282041166, 2.3205143356081273, -0.31477078642259376, -0.15049369618162706, 0.4421432674129768, -0.031376021532948606, 1.9294321876737195, -1.0303120207062788, 5351.801562545622, 12059.618203780801, 934.6860329244872, -13436.000388710021, -1147.9047839241625, -585.1440151127437, 230.7517653637865, -17124.213633345833, -77624.51574992947, -94.58222389854345, 924.1004865301193, -3.112210501147046, -0.44316039746647445, -1.2371350030840342, -3.0419945384830958, 3.07848395430438, -3.8087476914165457, 0.24236276053683856, 0.5751399787312309, -1.5623038930414748, -1.3199279326041555, 1.2277928165985883, 3.0482827571562794, -2.305716312275256, -7.8405489765925696, 12.81872315672581, -32.02705482345874, 13.877139842056462, -7.087630260790331, 1.9408929422183603, 9.360974243082376, -8.842812564952279, 0.31270644002229764, -0.29259947869435976, -1.0050023921932294, 2.320366137290608] 
[3.602520279368389, -0.4156384791158647, -1.237813712600576, -0.362768317983555, 0.3945134386496534, 2.3941771097788855, -0.38843356059335205, -0.07683092201086877, 0.5158060415837351, -0.10503879570370689, 1.8557694135029612, -0.9566492465355205, 5351.517784315026, 12059.284750290659, 934.7733570707277, -13435.58813214531, -1148.2665229381314, -585.0064947343722, 229.98325399373252, -17127.49075539981, -77624.91810450818, -169.43274718579903, 924.0164734213356, -3.2123996656973746, -0.5041937979932847, -1.3007413814434676, -2.9834443141407423, 3.033549889973656, -3.736439011429049, 0.1951628053282215, 0.6440931204654726, -1.6582720419377712, -1.3904374074641548, 1.16497218935138, 3.1089294584246487, -2.353247640216919, -8.034792175127407, 12.889927070832826, -31.692014736251753, 13.542321541532718, -7.186998108009914, 2.039509787372774, 9.397705534798378, -8.906533081501257, 0.25725010914818913, -0.3613383644454359, -1.0386360517086166, 2.1713988339625083] 
[3.4332543680809744, -0.24637256782845007, -1.4070796238879906, -0.19350240669614038, 0.22524752736223874, 2.5634430210663, -0.5576994718807666, -0.2460968332982834, 0.6850719528711497, -0.2743047069911215, 2.025035324790376, -1.1259151578229352, 5350.662164711, 12060.322977775822, 934.9628705218433, -13436.93227755308, -1147.1207586446803, -584.6401610427663, 231.16327336605974, -17098.759663758963, -77625.61386481828, -184.8308720048624, 924.200265323747, -2.958978176679316, -0.34362868193369245, -1.4131494178540802, -3.093277156514357, 2.8921468452545103, -3.889481615582606, 0.057229470216272615, 0.6948676489429546, -1.4929113873491913, -1.6729731835081494, 1.4367981076012746, 2.989311113730118, -2.24253799215374, -7.619844606230631, 12.998644757070036, -30.566414999153803, 12.395236637091202, -6.606876326077753, 1.2094634883275959, 10.053890570530523, -8.977297187784277, 0.36596002530743005, -0.20512266515815902, -1.1056926930536806, 1.8894920858802995] 
[3.317204269162411, -0.3624226667470136, -1.5231297228065541, -0.07745230777757683, 0.3412976262808023, 2.4473929221477366, -0.4416493729622031, -0.36214693221684696, 0.8011220517897133, -0.15825460807255798, 2.1410854237089394, -1.0098650589043716, 5349.258587138662, 12062.27401613122, 934.8436534765748, -13433.793937422946, -1144.79436734174, -584.2515594806739, 231.57760425962672, -17100.714987704625, -77625.32399005737, -186.41248052605485, 924.0565452847377, -2.8165501763243883, -0.1964269148138311, -1.2629269918566095, -3.276473735909029, 3.0482918573826243, -4.055279121927035, -0.20909222461175886, 0.44555293663121304, -1.6524097408535179, -1.6617363421986755, 1.5622984838171063, 2.7809334329294604, -2.422339468447081, -6.904414213924485, 12.80372087710947, -32.185377167496306, 14.021868684538129, -6.935877783172853, 0.9453923747133599, 9.963326305864665, -9.07362969890418, 0.06476353824483427, 0.11124398131971036, -1.048710217085566, 2.2062490221084055] 
[3.1273491786004515, -0.17256757618505425, -1.3332746322445947, 0.11240278278438254, 0.15144253571884292, 2.637248012709696, -0.2517942824002437, -0.5520020227788063, 0.6112669612277539, -0.34810969863451735, 1.95123033314698, -1.199720149466331, 5355.478507645562, 12060.763621666361, 934.6533663610311, -13465.50582687226, -1146.4890347234636, -584.7154053665814, 232.61678213505886, -17102.227581410083, -77625.6921251174, -194.0567874189385, 923.7885906806017, -3.0813401333119304, -0.37358797289137224, -1.158253361778659, -3.0395509336820505, 2.847258536841911, -4.267198382680741, -0.09519407800605413, 0.2646349194866861, -1.8046067493959999, -1.1808314869156566, 1.0802743809497792, 2.4841704489936864, -2.7362974635210966, -9.663815130046189, 12.664534658373054, -29.87581043601361, 11.712086245200032, -7.218732209342876, 0.6438885032188182, 9.820680325726782, -9.224001519474404, -0.516944857145495, 0.6888623185072772, -0.7149281015454889, 1.6181101827761397] 
[3.630644391943723, 0.3307276371582173, -0.8299794189013232, 0.6156979961276541, 0.6547377490621145, 3.1405432260529675, -0.7550894957435152, -0.04870680943553474, 0.10797174788448238, 0.1551855147087542, 2.4545255464902516, -0.6964249361230594, 2874.515693220219, 12043.694163990627, 935.1861588648517, -13425.502283717462, -1168.6021410857272, -582.5601029117995, 224.50850304336942, -17100.397336933107, -77627.22019101468, -189.73160311042673, 924.3723793312647, -2.5018459365115513, 0.13490724694016965, -1.661887281031691, -3.546154287317644, 2.3289354626819683, -4.867435632470496, -0.5022936125568088, 0.6532374895114814, -1.5246868115718584, -0.3781852671219681, 0.20668044679615394, 2.806075955413711, -3.1502274716081846, -13.449598358992407, 12.206066072675778, -37.248365799305724, 19.071715573126912, -6.845473257248901, 1.705147304862805, 10.857874519267886, -9.662385366228852, -0.39204616087862404, 1.2750361907871413, -0.26901512549743706, 2.1489235639514064] 
[3.5124565421263183, 0.448915486975622, -0.9481672687187279, 0.49751014631024937, 0.7729255988795192, 3.2587310758703723, -0.6369016459261105, 0.06948104038186997, 0.2261595977018871, 0.2733733645261589, 2.336337696672847, -0.8146127859404642, 2875.0512026892075, 12044.81495459446, 934.969110142499, -13425.147938960981, -1168.9208599624205, 106734.32999740113, 224.76012186673196, -17150.25557519756, -77637.39768555028, -184.78440185475117, 924.0786000835918, -2.2146305831185824, 0.3409663584737614, -1.4635350861999363, -3.483347091377625, 2.4011257827854253, -4.802000667441004, -0.4154706686407591, 0.7603087247692618, -1.411550582632233, -0.2612920595136228, 0.3290587794554509, 2.9811630816640515, -2.957704857125165, -13.926939316725852, 12.268114450093476, -37.45719632421287, 19.232444700631596, -7.081492633286101, 1.320947670091111, 11.024688055556894, -9.779751311693353, 0.31868342913859865, 2.5384398809761137, 0.01697871929379624, 1.8452311016430254] 
[3.4961130435247965, 0.43257198837410016, -0.9645107673202498, 0.5138536449117712, 0.7565821002779973, 3.2423875772688504, -0.6205581473245887, 0.08582453898339182, 0.20981609910036525, 0.25702986592463706, 2.319994198071325, -0.7982692873389423, 2874.926774441993, 12044.728180893067, 934.9938764193658, -13425.219697431163, -1168.9543831121969, 106735.52655491006, 224.80633211927565, -17153.646447118143, -77637.07264907137, -184.5601797510507, 924.1100388622896, -2.2455141059743315, 0.36755119938434505, -1.4313337012016236, -3.5169684842820508, 2.387516283776894, -4.747195872370495, -0.4658057523975121, 0.7409151138551272, -1.4324160204659466, -0.24648898032286604, 0.342566254470365, 2.9731010153468844, -2.941244706128621, -13.860078805194147, 12.264478105325024, -37.427133345491804, 19.205607257864123, -7.0767796677099915, 1.2970894872763004, 11.000243778204819, -9.794022550386222, 0.43571811626090273, 2.592609476037737, 0.03383461985864268, 1.8600480045340164] 
[3.3543979179905454, 0.5742871139083512, -1.1062258928545008, 0.6555687704460222, 0.6148669747437463, 3.1006724517345994, -0.47884302179033766, -0.05589058655085921, 0.3515312246346163, 0.11531474039038603, 2.178279072537074, -0.6565541618046913, 2876.1027690616693, 12045.534595886142, 935.2037295179582, -13424.633148804643, -1169.2551368468694, 106721.53035494445, 225.22544663209342, -17134.359662726518, -77640.3394368301, -186.75315621477714, 923.8457281475617, -2.5218320964050727, 0.24705773159585942, -1.3478732411339827, -3.431168634611484, 2.499666506506442, -4.688659555508745, -0.36767168057900984, 0.6215178166039445, -1.3094798693824776, -0.36743577335329064, 0.2542573506798166, 3.208946114080379, -2.674819003793111, -14.430904646697728, 12.367540704191445, -37.25700764078161, 19.31819272250287, -6.973258630782258, 1.0897598189831232, 10.77186836257637, -9.953622247192285, 1.6320336394740738, 3.0683484400139553, 0.43918853798604485, 1.4582679617786154] 
[3.187187516958807, 0.7414975149400895, -1.2734362938862391, 0.8227791714777606, 0.44765657371200795, 2.933462050702861, -0.3116326207585993, -0.22310098758259758, 0.1843208236028779, 0.28252514142212437, 2.3454894735688123, -0.48934376077295294, 2879.851327711194, 12046.101207610905, 935.412935713454, -13424.18320442793, -1168.7526349600703, 106821.44523482348, 226.01308640311683, -17080.775282608683, -77641.74969603766, -199.3836258759286, 923.5977094421027, -2.9706260529340733, 0.40068038925752947, -1.5236152540713492, -3.246400587356284, 2.599886917934065, -4.860879158224037, -0.45973809399059834, 0.7528790513219126, -1.4480394498021694, -0.217456231710838, 0.11864018543916169, 3.3143916572487613, -2.7782339046855826, -12.773935456777085, 12.16608258123754, -37.110726219125475, 19.42039415040137, -7.081735938308784, 1.4461016839354293, 10.379161810956672, -9.704700885969634, 2.9042158578543793, 1.5468426728364477, 0.579107801055607, 1.6248869675461397] 
[3.3981432752365057, 0.5305417566623909, -1.4843920521639378, 0.611823413200062, 0.6586123319897066, 3.1444178089805597, -0.10067686248090066, -0.012145229304898919, 0.39527658188057657, 0.493480899699823, 2.1345337152911137, -0.2783880024952543, 2981.3967893807585, 12046.563671944783, 935.1821692763868, -13424.575792595811, -1169.8785564077505, 106816.50440889932, 223.769151911797, -17085.08457461421, -77635.46959796466, -202.09795982365299, 923.1846410577535, -3.925419099334213, 0.6174030646082039, -1.2777103901299718, -3.144430825354133, 2.8036686973277978, -4.618947812052298, -0.7652513476956062, 0.4185453294476851, -1.8057938082979867, -0.4775708615302595, 0.2933780497572984, 3.4569327918384203, -2.9031626272779913, -11.415562564587825, 11.988834154644712, -37.33133344168857, 19.381007836969374, -6.7214209476469, 2.2185604505689636, 9.855660049479532, -9.212233962947861, -0.015349187606270576, 6.223025062259119, -4.436466055195213, 6.5508763433611] 
[3.31199309919086, 0.44439158061674533, -1.5705422282095833, 0.5256732371544164, 0.572462155944061, 3.2305679850262052, -0.014526686435255093, -0.09829540535054448, 0.309126405834931, 0.40733072365417744, 2.2206838913367593, -0.36453817854089987, 2980.0587799267246, 12046.227196065574, 935.268965838426, -13424.314644906972, -1170.108554862759, 96022.74721045289, 232.2974943817882, -16501.012979972566, -77636.05061859803, -201.71402299541546, 923.3052200017543, -5.0662033657194, 0.5148187062700189, -1.3531429361154965, -3.2923107177265045, 2.922599901889132, -4.657953241092073, -0.8819121594425584, 0.33841412574609075, -1.886495708007477, -0.4302509948412221, 0.14578238535884133, 3.754719550124503, -2.6036790712000655, -11.687154103158324, 11.855343200535785, -37.079433831922216, 19.13346507778087, -6.653894828866797, 2.368384143658945, 10.339906078813343, -9.29004451402124, -0.32929881500420105, 6.503137412228519, -4.582816876466754, 6.563073660109335] 
[3.6843120305076242, 0.07207264929998125, -1.1982232968928193, 0.8979921684711805, 0.20014322462729695, 2.858249053709441, 0.35779224488150896, 0.2740235259662196, -0.06319252548183307, 0.03501179233741336, 2.5930028226535233, -0.736857109857664, 2993.00613861621, 12048.241675244954, 935.6412847937817, -13422.83600758067, -1168.8397578341676, 96069.90161224392, -1532.165458091717, -16462.354226172203, -77632.02788895625, -204.08634794382323, 922.7178343748011, -2.136979646440634, 0.15379699347142395, -1.0311520661364582, -3.5707183389251687, 2.7695352976894965, -4.288521769895526, -0.5903921235480118, -0.0073840995178375834, -1.52370690028622, -0.015464266348827638, 0.33851384384929284, 4.8282376717231985, -1.501210651193989, -10.252833166218904, 12.242222405722984, -38.623166946273706, 20.699212640256324, -6.067835823139459, 1.9498957853237768, 13.453976893744906, -9.730867499649522, -1.4471784625390625, 5.197014767454905, -4.047004759460671, 6.557842302625399] 
[3.500686152855242, 0.2556985269523633, -1.0145974192404372, 1.0816180461235625, 0.016517346974914915, 2.674623176057059, 0.17416636722912693, 0.09039764831383756, 0.12043335217054896, -0.14861408531496867, 2.4093769450011413, -0.5532312322052819, 2992.3177248667107, 12083.653231869153, 935.429610954467, -13423.136224100526, -1173.4855390264406, 96067.55219272371, -1530.6682440942852, -16459.846640655076, -77678.07269264862, -54.227406549626664, 923.3930633428286, -1.7303094821836704, 0.29578710413347464, -1.1698975357649148, -3.537783088257134, 2.952337997778027, -4.451983514795654, -0.833136850949947, -0.3190968404579949, -1.2204274043149608, 0.23794413995788505, 0.1784962079210803, 5.1245322338333485, -1.1418278503137622, -10.844793459206516, 12.079882988445785, -38.48321674563428, 20.837979113990382, -5.842960688863177, 2.3601408918580846, 14.28103891702622, -9.896641590133735, -3.8861697055804516, 6.9158613957752095, -4.2029131881502595, 6.398955033467026] 
[3.384884250548448, 0.1398966246455693, -0.8987955169336432, 0.9658161438167685, -0.09928455533187908, 2.558821273750265, 0.2899682695359209, 0.20619955062063156, 0.004631449863754966, -0.03281218300817468, 2.2935750426943473, -0.6690331345120759, 2991.380057799926, 12081.84295529597, 935.2690551178302, -13423.284841776585, -1597.9825193937327, 96066.98079451104, -1534.5246509019644, -16474.05633482643, -77686.0954352214, -48.94544296962311, 923.6521756684073, -1.310868604311024, 0.17711973782373625, -1.055839710068882, -3.5419734826388725, 3.122065666500655, -4.610794666851545, -1.002995016138895, -0.1626500748939153, -1.3309765015484707, 0.3702062005878152, 0.3092572446244089, 5.042954220738406, -1.0603613252331514, -11.474415944098551, 12.261084853270717, -38.28555747315194, 20.659107849576323, -5.743857594094994, 2.5026022126435126, 14.662009783415947, -9.731723738819882, -5.126971266272008, 5.571622715109081, -3.8663424149319074, 6.036955124424988] 
[3.2770225791090164, 0.2477582960850011, -0.7909338454942114, 0.8579544723773367, 0.008577116107552754, 2.666682945189697, 0.39782994097535274, 0.31406122206006337, -0.10323022157567686, -0.1406738544476065, 2.1857133712549155, -0.5611714630726441, 2993.238712199153, 12087.390332864425, 935.092933650569, -13423.125407676414, -1608.9607217860669, 96066.62466742136, -1535.8440389584432, -16476.629428588603, -82714.5706861276, 51.274179101265496, 923.4604065444836, -1.0304772465959111, 0.04203536159371102, -0.9197020865544414, -3.5470480386611034, 2.95002082647038, -4.4368886441551005, -1.220341671549249, 0.05919835363315279, -1.4256927032808484, 0.45623943072183615, 0.20127768785356187, 4.98690205514969, -0.971414537727196, -12.674452057877923, 12.199888255356827, -38.535288279501735, 20.874972620286584, -5.82638612415061, 2.665961880761296, 14.346732504529177, -9.577471089198198, -4.430617626507674, 4.426363960925085, -4.326379480155994, 6.514196374270164] 
[3.165742781967258, 0.1364784989432426, -0.6796540483524529, 0.9692342695190952, 0.11985691324931128, 2.7779627423314555, 0.5091097381171112, 0.4253410192018219, 0.008049575566081657, -0.029394057305847973, 2.296993168396674, -0.4498916659308856, 2999.3431242532756, 12089.240727825521, 934.8728110638216, -13422.93096521374, -3121.6314293033856, 96066.09244469408, -1536.5854434846135, -16477.795469355187, -82704.09105881987, 56.93469759139098, 923.2936195393228, -1.4233952255626061, -0.06021622010195635, -0.8268416858388786, -3.523403754532027, 3.098990369959424, -4.593571186825847, -1.1270455567049127, 0.10033926428218617, -1.5423879225150934, 0.576816840120382, 0.10342963904388874, 5.041002259390707, -1.0502557449017393, -7.015946810698435, 11.966758420434108, -38.39645919802924, 20.966046646754442, -5.721489403539884, 2.853022516147331, 13.957334419558071, -9.758113730213887, -3.8793999186614556, 2.8212660369243485, -5.020867907724929, 7.286469441121878] 
[3.0828091453482633, 0.053544862324248044, -0.7625876849714475, 0.8863006329001006, 0.03692327663031672, 2.86089637895045, 0.5920433747361058, 0.3424073825828273, 0.09098321218507621, -0.11232769392484253, 2.3799268050156686, -0.5328253025498801, 2857.1180219913726, 12093.720958301126, 935.0827471035601, -13423.052976307663, -3115.8306656124983, 96065.43684556095, -1536.934551253113, -16478.282555840306, -81424.13775337525, 152.9491741030434, 923.1452755730401, -0.9848485305077201, 0.024031063029845104, -0.7289211603126429, -3.67860197934254, 3.065697116009699, -4.736405612697143, -1.0088474743192475, -0.005750298220572811, -1.5332890062085278, 0.6562036134786609, 0.024319463645519693, 5.285967897970573, -0.7913756862062606, -26.798435569816075, 12.166990908669938, -38.14787167652787, 20.805490383752435, -5.806045190635681, 2.756265370499866, 13.721295868218192, -9.69468923775435, -3.705060596040626, 9.815837948656858, -4.649219545890212, 6.8820017906984665] 
[3.2412289645024197, -0.10487495682990833, -0.6041678658172911, 0.7278808137459443, -0.12149654252383965, 2.7024765597962936, 0.7504631938902622, 0.18398756342867095, 0.24940303133923258, -0.2707475130789989, 2.538346624169825, -0.6912451217040365, 2903.0165547636375, 12038.412826551277, 934.7507674906651, -13423.316913010032, -3232.084267105359, 96063.37254751658, -1537.4432388794235, -16476.877276251787, -81404.94728087027, 165.55766670290902, 923.4778970386802, -1.5988014591238433, -0.13681488721054663, -0.5680946250136437, -3.278334982671405, 2.688547283436837, -4.3048019016001735, -0.8521147804449297, -0.14226726047837013, -1.4707859280446236, 0.7827110993564264, -0.12423713104278893, 5.199003727279971, -0.6591825487328998, -66.06126994416317, 12.052411461283269, -37.9688166645958, 20.95827359939689, -5.648200946677471, 2.9518448008088196, 14.146578532994019, -9.441383366406841, -4.269952562587356, 17.685177969015847, -4.4119569985607425, 6.9529289061932396] 
[3.0306070409047488, 0.10574696676776266, -0.814789789414962, 0.5172588901482733, 0.08912538107383133, 2.4918546361986227, 0.5398412702925912, -0.026634360169000032, 0.0387811077415616, -0.48136943667666987, 2.748968547767496, -0.9018670453017075, 2924.3031356752945, 12057.632800822215, 935.4034297178008, -13422.841048932796, -3217.7454369075995, 96062.20724015495, -1536.990379514135, -16483.169913197355, -81401.4900888106, 168.50217339612962, 924.1323065377384, -2.117061000414648, 0.05627331577830125, -0.38978499718700543, -3.454952202452247, 2.8664215102687205, -4.194321957017295, -1.0419356828321273, -0.005581113186266001, -1.6407072278640065, 0.5148552612522956, -0.39165272965020326, 5.126362930926346, -0.4055782328223924, -58.59926171242361, 11.357499972145307, -38.47589791756804, 20.833604263112168, -5.441770681914552, 2.6900692176089227, 13.80095619234396, -9.752888282695263, -3.7698209842187973, 16.180077054228885, -3.8985228175065956, 6.40327129773414] 
[3.180420495181214, -0.04406648750870265, -0.9646032436914274, 0.367445435871808, 0.23893883535029664, 2.641668090475088, 0.3900278160161259, -0.17644781444546534, -0.11103234653490371, -0.33155598240020456, 2.898782002043961, -0.7520535910252422, 2936.515545440737, 12044.185522153943, 935.6864304991423, -13423.45370837049, -3198.835144770931, 96062.616568581, -1537.557434075033, -16271.933405814756, -81501.15175211737, 169.2010510742364, 923.1089458381927, -2.360494471911617, 0.22457051459380628, -0.5776610246281059, -3.1818086175937323, 2.5971645327308606, -4.230482823913174, -1.2695089954643646, -0.25036133620335743, -1.9089856402211043, 0.6634887722997925, -0.5117915267151467, 5.22512938205544, -0.6094805005317697, -48.95066055301169, 11.44318580638666, -39.102839624859456, 21.418590188921648, -5.645430613151708, 2.435508811244932, 14.154132793552922, -9.620082137156201, -4.362187212731051, 15.65379759387042, -4.15706569305325, 6.600546802059856] 
[3.2118867545569456, -0.0755327468844342, -0.9331369843156958, 0.33597917649607645, 0.2074725759745651, 2.6102018310993564, 0.42149407539185746, -0.2079140738211969, -0.14249860591063526, -0.3630222417759361, 2.9302482614196927, -0.7835198504009737, 2957.3977756197673, 12060.400239379884, 935.6398409393362, -13423.209874675133, -3199.3969066939967, 96062.75350618966, -1537.3397690831607, -16272.954637596118, -81498.5888530507, 168.90408693268657, 923.653274731386, -2.2930687197066955, 0.2567191115287457, -0.5466653603510978, -3.2965744526700167, 2.714962395071474, -4.289046221250629, -1.2905798777610433, -0.2213608966085789, -1.9422077774011755, 0.6282142627316305, -0.5560744919952297, 5.185907056283519, -0.5780190929871741, -48.330180099820794, 11.55560883986561, -39.27688636269589, 21.582235688582113, -5.577858127047651, 2.4642005185458427, 14.23022354788691, -9.65588575457304, -4.440460027779622, 15.535240225388854, -4.210307124020117, 6.573332312708504] 
[3.1241754360701934, 0.012178571602317972, -1.020848302802448, 0.4236904949828286, 0.29518389446131726, 2.6979131495861086, 0.3337827569051053, -0.12020275533444472, -0.054787287423883085, -0.27531092328918394, 3.017959579906445, -0.8712311688877259, 2939.617711766404, 12075.80344633129, 935.503980446586, -13422.402947774764, -3197.3297443283345, 96062.41192220681, -1536.8157522281317, -16275.013156395491, -81502.93771852647, 168.2084998008825, 921.6600789104806, -2.116984602115987, 0.34184106528198743, -0.6362983767995055, -3.2065285673531285, 2.734587366968883, -4.1930154253657745, -1.2135155317968898, -0.2844770407599646, -1.8668338079442408, 0.7231296444587663, -0.6891663512750904, 5.04312447848829, -0.7224901565473663, -49.60312750553865, 11.896493015539257, -38.80679208818945, 21.143179190660785, -5.522804785791855, 2.3480265439483965, 14.481982696999099, -9.589302129842556, -4.25530927003578, 15.793123631636647, -4.070445732213753, 6.655951815247775] 
[3.051057142177654, -0.06093972229022168, -0.9477300089099083, 0.4968087888753683, 0.3683021883538569, 2.624794855693569, 0.26066446301256563, -0.04708446144190506, 0.01833100646865657, -0.20219262939664429, 3.0910778737989846, -0.7981128749951862, 3180.670641427585, 11582.794485714347, 935.6045773498782, -13422.835534478043, -3198.193699967681, 96062.80872420642, -1537.4969715559428, -16280.098143732517, -81527.3214983643, 169.19791739831913, 926.4681468404003, -1.9920840412920768, 0.41419319658343623, -0.70805144670842, -3.277887940754187, 2.705209961550183, -4.268749260062763, -1.2708428653507913, -0.24213786295255352, -1.9331493421379828, 0.6478964920510824, -0.7603638491924003, 5.114171979353364, -0.5992206626287365, -48.950486900610045, 12.109168859108856, -38.3897085079936, 20.7526443271898, -5.611044606037607, 2.22755681020271, 14.749767585505804, -9.500509363942877, -4.09743552313291, 15.642700928066454, -3.9967670626436997, 6.730942862636766] 
[3.1650771684653547, -0.1749597485779226, -0.8337099826222074, 0.38278876258766736, 0.254282162066156, 2.73881488198127, 0.37468448930026654, 0.06693556484579585, 0.13235103275635748, -0.3162126556843452, 3.2050979000866855, -0.6840928487074853, 3194.619225797186, 11552.05349443615, 935.7774672440014, -13423.337451544863, -3199.073327758828, 96062.34168452656, -1539.213598966242, -16331.56728019979, -81866.6787709191, 172.025249589699, 971.1893668397337, -2.214469567672601, 0.29747039503981976, -0.817455395002164, -3.5251082593440355, 2.9573619791806665, -4.197985344345975, -1.3683514655443196, -0.15622020912000467, -1.8243193261646287, 0.7559576900964629, -0.6644637470555687, 5.024358173057533, -0.7922431620238961, -49.62718981910882, 12.362028056590182, -38.89023180563836, 21.207140607591686, -5.487931605607034, 2.1727388569154718, 14.439691701905973, -9.639888622298429, -3.7818119509629966, 15.84201350226689, -4.107930599633562, 6.587569012543644] 
[3.1270175210853575, -0.13690010119792537, -0.8717696300022046, 0.4208484099676646, 0.21622251468615877, 2.7007552346012726, 0.3366248419202693, 0.028875917465798616, 0.17041068013635471, -0.27815300830434797, 3.1670382527066883, -0.6460332013274881, 3125.598198943745, 11550.797393953624, 935.8468891720885, -13423.610263230988, -3198.4718582211417, 96062.09397239114, -1538.9294457315866, -16340.074733854812, -81868.86425370176, 172.41882677791725, 980.6393155423842, -2.119174261280539, 0.25854304424169433, -0.8582753150222887, -3.5066106867522158, 2.9901293566864178, -4.241816601232566, -1.394726241895733, -0.0990251321635165, -1.8820330451332539, 0.7133965176305197, -0.62762701861134, 5.052376338941488, -0.8415538088802396, -49.189988247998116, 12.293066176981823, -38.92634173131572, 21.170968259393824, -5.528476978539927, 2.2143510267682425, 14.308250055451218, -9.67034116110457, -3.874466304283186, 15.93306020332446, -4.074062384304014, 6.544683307795415] 
[2.8626597928268636, 0.12745762706056854, -1.1361273582606985, 0.1564906817091707, -0.048135213572335134, 2.4363975063427787, 0.6009825701787632, 0.2932336457242925, -0.09394704812213919, -0.013795280045854064, 2.9026805244481944, -0.910390929585982, 4370.1063374515015, 11536.603573747017, 936.298055805592, -13422.02634223744, -3204.21525516531, 96060.6420182841, -1541.3525176822648, -16657.207516653485, -81878.05617738818, 175.92516527791625, 1389.0154779593167, -2.848572590477031, -0.009229494242234515, -0.6078264149194217, -3.2617664692265973, 3.0121801867230062, -3.9299871292268835, -1.6954371696954753, 0.09660371639689594, -1.683879649607302, 0.4772731303438187, -0.29514791396471335, 4.701757389346867, -0.4757096634497722, -45.176370891967046, 12.789138467907808, -37.63670881932126, 19.893710467542572, -5.375897079323421, 2.0390972999197907, 13.304219044266453, -9.308108438960142, -4.495168286236656, 15.15519045042778, -3.676828857072867, 6.839173711531485] 
[2.8996204728868884, 0.16441830712059338, -1.1730880383207234, 0.19345136176919553, -0.011174533512310292, 2.4733581864028036, 0.5640218901187384, 0.25627296566426766, -0.13090772818216403, 0.02316540001417078, 2.939641204508219, -0.8734302495259572, 4369.618771731652, 11534.316072496997, 936.3429837230963, -13420.50470516319, -3188.2509657266432, 96060.72999047865, -1541.4681147177414, -16657.649897149877, -81882.25620120553, -18.30043014563941, 1388.3554803426907, -2.90783341796056, -0.03841875171228247, -0.6366892226177121, -3.2710578169393467, 2.9826983510944216, -3.96690344426831, -1.6624930051458928, 0.10604220239776763, -1.730276340957414, 0.4321162212472835, -0.25937140735258224, 4.7445123067148565, -0.4316624038938221, -45.64519955273263, 12.766190565462297, -37.60207946774337, 19.90477215074521, -5.306205326337912, 2.070378593087995, 13.240341173005477, -9.288999782206318, -4.620725156397077, 15.550657253464744, -3.7094869283961485, 6.804750247429408] 
[3.192068910055931, 0.4568667442896359, -0.8806396011516808, 0.4858997989382381, 0.28127390365673227, 2.180909749233761, 0.8564703272877809, -0.0361754715047749, -0.42335616535120657, -0.2692830371548718, 2.6471927673391766, -1.1658786866949997, 4374.712210511705, 11545.232134035616, 935.99892417316, -13428.417503416724, -5530.367916038755, 96059.9682187257, -1540.4448016462914, -16662.201581816033, -81865.09289454616, 526.7634260759288, 1381.0865994999438, -3.40555192980674, -0.4136825624429992, -0.26810957472276975, -3.3912247453677686, 2.783248508671517, -4.268729007247777, -1.9485822994607918, 0.05582772491845017, -1.3785580313192514, 0.8046937244439796, -0.5932022363024916, 4.41257972273914, -0.7782026449489184, -40.838326339116364, 13.008346250475025, -37.611044659840985, 20.272797038628617, -5.855565193942683, 1.825517827987578, 12.767341441996598, -9.601925214605544, -5.552171779946014, 12.211650567388013, -3.3489468282686934, 6.444303422821199] 
[2.965232128986682, 0.6837035253588848, -1.1074763822209297, 0.712736580007487, 0.5081106847259811, 1.9540729681645121, 0.6296335462185321, -0.2630122525740238, -0.1965193842819577, -0.49611981822412066, 2.4203559862699278, -0.9390419056257509, 4463.81844060798, 11546.397772327955, 935.6174720989857, -13427.377411065476, -5527.423914575507, 96059.63052145246, -1540.8421801322568, -16835.611739039472, -81866.43691154728, 529.9683546557754, 1380.0791236050688, -3.674058559803981, -0.18750604235778678, -0.19023224112916076, -3.926974644055515, 3.3125293511372234, -4.4983396782015, -1.8611683804443637, 0.29413778810685154, -1.6512761588808589, 1.01463087462746, -0.4068003969097209, 4.194483543770395, -1.005874251272832, -42.21080694428927, 12.04314209680864, -37.56245222703922, 19.922904112166798, -6.058053857395592, 2.169993400586688, 13.110605832285037, -9.261981705367713, -5.05970827859239, 11.57683628431863, -3.6772956790438673, 6.168629662976758] 
[2.8533812945694974, 0.5718526909417001, -0.995625547803745, 0.6008857455903023, 0.6199615191431658, 1.8422221337473275, 0.5177827118013474, -0.37486308699120846, -0.08466854986477301, -0.6079706526413053, 2.308505151852743, -0.8271910712085662, 4467.452096249104, 11546.678096685646, 935.4777043416285, -13427.115829143697, -5527.896439221661, 96059.50048546049, -1540.5196042346063, -16837.26645947785, -81863.50313891961, 529.4747323872424, 1380.335653715332, -3.5023072483007485, -0.2821948938941304, -0.31609359729760667, -3.913630765764476, 3.481067624617514, -4.356819973448957, -2.1496463121290157, 0.5106672985721058, -1.917252131125871, 0.8534785046405334, -0.34451170736312176, 4.370772525616641, -1.1957118177938102, -40.38997465985565, 11.70663899353204, -37.51309226236396, 19.788129821852795, -5.966681751427112, 2.2685978495901966, 13.229034700750386, -9.343551428744755, -4.920606800287063, 11.942881963340437, -3.826603458806839, 6.246409351368351] 
[2.937881571748517, 0.48735241376268057, -1.0801258249827645, 0.6853860227693218, 0.5354612419641462, 1.926722410926347, 0.43328243462232785, -0.459363364170228, -0.00016827268575347887, -0.6924709298203249, 2.2240048746737235, -0.7426907940295466, 4466.406185988361, 11546.389589153272, 935.597718172096, -13426.851474124638, -5528.146761859105, 96059.59153006584, -1540.174677222866, -16837.896765731966, -81875.31863398767, 529.2157457963923, 1380.4899591278215, -3.658285416311357, -0.1677184997609294, -0.18789262703211304, -3.952379642917146, 3.3983622977879877, -4.301173227783525, -2.1237039402122635, 0.5715170025363524, -2.004909624439971, 0.7611374996544066, -0.22113706019229637, 4.285496444810881, -1.293898374576918, -39.65724747296943, 11.401744302112272, -37.703402877618466, 19.98638813148304, -6.097308616843779, 2.1647044466977996, 13.132513986398415, -9.260000522465845, -4.770188203126076, 11.742079672209977, -3.8635126019291297, 6.341810733479467] 
[2.7884017876392333, 0.6368321978719642, -0.9306460408734809, 0.5359062386600382, 0.3859814578548626, 2.0762021950356306, 0.5827622187316115, -0.6088431482795116, 0.14931151142353016, -0.8419507139296085, 2.373484658783007, -0.593211009920263, 4462.753864832723, 11545.707947604062, 935.7898628851593, -13426.478384127398, -5528.72092754367, 96059.76166864515, -1539.3266892601227, -16837.136378068946, 5197168.063531436, 529.5824712092173, 1380.7269821731575, -3.985128246901977, -0.2967692507973525, -0.04111606939499898, -4.044324643850948, 3.303223602683315, -4.181433309181094, -2.075536207730483, 0.6884622651697062, -2.1376813126169956, 0.6449470355729113, -0.13295102825849672, 4.085674668585522, -1.132632251802589, -37.65794956483796, 11.799080630342461, -38.10025276348409, 20.37789862231757, -5.985363991420724, 2.3718184578097374, 13.01191696442239, -9.055217767441404, -5.057675149578497, 11.35790110858356, -3.702533847366049, 6.202817494550729] 
[3.1100475735819844, 0.3151864119292131, -0.6090002549307298, 0.21426045271728705, 0.06433567191211148, 2.3978479809783817, 0.2611164327888604, -0.28719736233676046, -0.17233427451922095, -0.5203049279868575, 2.6951304447257582, -0.914856795863014, 4465.442260220099, 11544.798342835875, 935.2898022911073, -13425.24476391329, -5526.45147859009, 96059.34153877592, -1538.2646812243784, -16838.119730102728, 5197153.5283298, 530.1605216391187, 1381.393311029602, -5.014360462857585, 0.04613809273509656, -0.7727365682399288, -5.1749659960635315, 4.422380502398918, -3.60063054538645, -1.4301588228759212, -0.1317219075679762, -1.6693265338391745, 0.5034278113214911, 0.47058412966242824, 3.7291752405942526, -1.743155338936573, -35.31418379162965, 10.349641605713533, -37.44005601613666, 20.485239009064184, -5.494848426343049, 2.188667705555344, 13.580300031532406, -8.458852545052014, -4.3382891493766955, 10.863542144866809, -3.8416581849224603, 6.500711256962964] 
[3.1069377255857455, 0.3120765639329743, -0.605890406934491, 0.21737030071352587, 0.0674455199083503, 2.4009578289746205, 0.2642262807850992, -0.28408751434052165, -0.17544412251545977, -0.5234147759830963, 2.6920205967295194, -0.9179666438592529, 4462.31603721493, 11544.765980980646, 935.2993055950935, -13425.175976160406, -5527.2038542819, 96059.34832299089, -1538.2180191964433, -16838.080972954845, 5197153.634084455, 530.1479389499136, 1381.409991938113, -5.0094086098744715, 0.04927422570730761, -0.7754151840509682, -5.173412174840635, 4.424619028631892, -3.5976804238770415, -1.4277630110035213, -0.12953970492191605, -1.6672828297514495, 0.506041091541528, 0.4677716371412504, 3.7279122670522575, -1.7374451531056874, -34.3149964035591, 10.342460104988819, -37.44401258628837, 20.48950784480524, -5.481728976116857, 2.185100485021981, 13.586560229016623, -8.455007662161847, -4.348258885205909, 10.85587300554704, -3.8362949114802807, 6.502491713921499] 
[2.7156002982665157, 0.7034139912522042, -0.2145529796152612, 0.6087077280327557, -0.32389190741087953, 2.0096204016553907, 0.6555637081043291, -0.6754249416597515, 0.21589330480377006, -0.9147522033023261, 3.0833580240487493, -0.526629216540023, 4136.3328151682035, 11540.6147773784, 936.505931809055, -13416.761988033453, -5613.363477743073, 96058.48880071429, -1543.9556132816288, -16833.099451176473, 5197166.4790893225, 528.5815909669092, 1383.4820962113731, -4.389242879712344, 0.43309000167047457, -1.0867216409556666, -4.633755957637257, 3.862588390868857, -3.961293002125156, -0.8208669648938773, -0.6569727726018916, -2.2035887942793533, 1.029515634162625, 0.31352726346456317, 3.182354743301187, -2.6425536742759745, -142.4476347174377, 11.288483621537235, -38.22466894870225, 21.143700865983412, -7.224782314790371, 1.801761119455352, 14.373012808237828, -8.18590297876054, -3.0353068871078808, 9.651904098331107, -3.0994515735312684, 6.71033910813132] 
[2.762734620602597, 0.7505483135882853, -0.2616873019513424, 0.5615734056966746, -0.27675758507479836, 1.9624860793193095, 0.7026980304404102, -0.6282906193236704, 0.26302762713985123, -0.8676178809662449, 3.1304923463848304, -0.5737635388761042, 4136.056779743215, 11540.502118986178, 935.4661496077654, -13416.617830561827, -5613.82882507684, 96058.43128343066, -1543.828778453351, -16832.978875691064, 5197165.451979435, 528.5065262633823, 1369.5676596276185, -4.20266762658448, 0.4758308713202797, -1.1339359301410985, -4.677830059534585, 3.9266063922488246, -4.027717062236299, -0.7261418436326875, -0.6646755440207169, -2.326713444653391, 1.1234851249917575, 0.21407252711470393, 3.0906888682289653, -2.586975333467404, -142.27005992058946, 11.210969715228426, -38.186131929696884, 21.26754578136139, -7.335926949909465, 1.8985838218428361, 14.270815176755558, -8.263891658451252, -2.953788004625285, 9.674367060461806, -3.045848514227591, 6.8653064581770415] 
[2.418726363363202, 0.40654005634889057, 0.08232095528805239, 0.2175651484572798, -0.6207658423141931, 2.3064943365587043, 1.046706287679805, -0.9722988765630651, 0.607035884379246, -0.5236096237268502, 2.7864840891454357, -0.22975528163670944, 4138.571529564637, 11541.241638032076, 940.605873946875, -13417.830938034678, -5609.221100855105, 96058.02858906271, -1544.6524022817603, -16831.983092328574, 5197170.540653956, 527.9152940759054, -1422.440660889392, -5.370268457152399, 0.7766166415516365, -1.499877699950673, -4.918538392944491, 3.5844299020253274, -3.67230522410395, -0.015412554772309739, -0.1878932252847232, -2.969799760136774, 1.1406977399947413, -0.5559892972235323, 2.3211581750214116, -3.034872361931931, -143.29730851250963, 10.935877937599454, -38.57840583925044, 21.74076409912061, -6.931517056748609, 2.194707395090906, 14.482730687860975, -8.666230612922107, -3.4218765680193983, 4.112033674088692, 2.718639167897235, 5.611224695026783] 
[2.620845142126077, 0.6086588351117657, 0.2844397340509275, 0.015446369694404716, -0.418647063551318, 2.104375557795829, 0.8445875089169299, -1.1744176553259402, 0.40491710561637095, -0.32149084496397506, 2.9886028679083108, -0.43187406039958454, 4138.109682084385, 11539.949052851443, 970.498709823831, -13413.492921136423, -5608.623693153423, 96057.6608451939, -1544.9220469893996, -16831.686981652536, 5197169.91950794, 528.723738810206, -1424.1125862052256, -1.4732638313484179, 0.5255419573929723, -1.1871660178860153, -5.132361688145098, 3.84985039067233, -3.969443374641383, 0.20523312236575153, -0.28900983796830215, -3.261577611671083, 1.143454132821339, -0.9135179471786554, 1.9152707277249754, -2.7313719348845336, -143.6739167584685, 11.188590557345243, -38.74032044140254, 21.013569361696028, -7.394594980192568, 2.715136084313829, 14.142751953698916, -8.765593169437532, -3.090447984929794, 3.482441445101671, 3.1076416520756713, 6.45741226152016] 
[2.672925428582248, 0.5565785486555948, 0.3365200205070984, 0.06752665615057563, -0.4707273500074889, 2.0522952713396583, 0.792507222460759, -1.2264979417821111, 0.35283681916020004, -0.373571131420146, 3.0406831543644817, -0.48395434685575545, 4137.899286276884, 11540.108359604614, 971.1600683000536, -13195.192258516325, -5608.308556131561, 96057.59059055535, -1545.0152053376942, -16831.625778553105, 5197169.583919081, 529.2453542038973, -1421.8700498793507, -1.7705192985331049, 0.42473301785811957, -1.074719717888247, -5.040106130813305, 3.8791069273072467, -4.001705021500526, 0.09092483112820586, -0.4014558783064329, -3.151714472535292, 1.0636607897959127, -0.8227661219269109, 1.9801581954438268, -2.6715124379628357, -143.85414748182907, 11.314782267975803, -38.84318549540387, 21.144090586863587, -7.458515085802745, 2.6046310743342436, 14.24592114054085, -8.733566048789353, -3.145449183419095, 3.424619011721058, 3.061305962981779, 6.60581427954945] 
[2.8554939942345925, 0.3740099830032504, 0.5190885861594428, -0.11504190950176874, -0.2881587843551445, 2.2348638369920026, 0.6099386568084146, -1.4090665074344555, 0.5354053848125444, -0.5561396970724903, 2.8581145887121373, -0.6665229125080998, 4138.7940953768875, 11540.762529679903, 969.4856632637247, -13155.093057361404, -5607.420981128809, 96057.82300482794, -1545.3752238556456, -16831.83182178214, 5197168.055030211, 527.8745452847818, -1439.8602710697962, -2.6138376590618098, 0.17124162348713579, -0.8290927401340005, -5.209767358261327, 4.122364434037986, -3.8970212045342048, 0.49603289811918744, -0.012314382200376006, -3.438277868493189, 1.3131506714972834, -0.7098513190608381, 1.7837494873208082, -2.4408402807597476, -144.67202481555222, 11.782886253463452, -39.173832500616385, 21.59505605240577, -7.281465189271879, 2.9914331590709993, 13.875977360296288, -8.537460805305603, -3.22633591413173, 3.1577812951316884, 2.833565206001844, 7.219915024722032] 
[2.558152158875755, 0.6713518183620879, 0.22174675080060519, -0.4123837448606063, 0.009183051003693044, 1.9375220016331651, 0.31259682144957707, -1.706408342793293, 0.23806354945370684, -0.8534815324313278, 3.155456424070975, -0.9638647478669373, 4142.527510016559, 11538.534940474481, 968.2774687979193, -13177.659370533802, -5611.102663826689, 96057.34353212362, -1546.2814236289746, -16831.526564856445, 5197169.197362837, 528.94146964089, -1443.6611295097837, -1.8359476684679523, -0.18437444647711954, -0.45121065386243114, -4.851004794429919, 3.7017611689617733, -4.184791203825994, 0.4767588286853707, 0.27389423699808174, -3.9838810768138346, 1.8371506480832474, -0.8357812977492974, 2.0690585541527713, -2.0885706157630963, -141.98062534678226, 11.97029218570811, -39.52907361264365, 22.017134453428664, -6.718320868764247, 3.2141577804453587, 14.129088256433485, -8.08434581724804, -2.749159735969324, 2.592890647647647, 3.3541422242044363, 9.103786521333104] 
[2.4121638412034088, 0.8173401360344341, 0.07575843312825897, -0.5583720625329525, -0.13680526666865317, 2.0835103193055113, 0.16660850377723085, -1.8523966604656392, 0.09207523178136062, -0.9994698501036741, 3.301444741743321, -1.1098530655392835, 4142.046477015242, 11538.157651172129, 971.2955686162412, -13178.568184238391, -3879.866486685746, 96057.51105862226, -1547.8250468558542, -16831.37785845996, 5197166.57222393, 528.6843905514062, -2203.2580733182767, -2.0523224485410845, -0.03229127997131201, -0.577141875878803, -4.76079375020853, 3.84778593426893, -4.316051329401922, -0.8156044260498837, -1.0171646499091969, -3.8532740973860915, 1.855253119082783, -0.7123652718344243, 1.9664535526062614, -1.6978928082262141, -142.4012110902719, 11.913664404756354, -39.70667490777892, 21.642843111045984, -6.889642903580112, 3.1092835453748053, 14.058252983562593, -7.903348557455837, -2.568019608845109, 2.735673528609307, 3.4596458287493794, 9.290007638782688] 
[2.289677623274576, 0.9398263539632667, -0.0467277848005737, -0.4358858446041198, -0.014319048739820497, 1.9610241013766787, 0.04412228584839818, -1.9748828783944719, -0.03041098614747205, -1.1219560680325067, 3.1789585238144884, -1.2323392834681162, 4141.77069874634, 11537.927379401415, 949.9131774153872, -13179.004552469954, -3886.4520458463685, 96057.6723591473, -1543.371407354846, -16831.24512168607, 5197181.060917408, 528.8574936248241, -2198.4235586320933, -1.8996267787545467, 0.1595091233827891, -0.5054910321894582, -4.938863744717425, 4.055964153660276, -4.137757913005588, -0.07923507831094667, -0.270356473529452, -3.787046623510402, 1.997777329765531, -0.6390476876120585, 1.864677576125029, -2.0310929309416332, -142.60288189876832, 11.78483151942665, -39.54808125117671, 21.35068980110688, -7.07699165486264, 3.1930324889890476, 14.105063302485588, -7.783876459587392, -2.4449974176176097, 3.075594413042012, 3.1549255314033107, 9.435223270461366] 
[2.4061929811121203, 0.8233109961257226, 0.06978757303697049, -0.3193704867665756, -0.13083440657736467, 1.8445087435391345, -0.072393071989146, -1.8583675205569277, -0.14692634398501625, -1.2384714258700509, 3.062443165976944, -1.3488546413056604, 4141.976439644406, 11538.10608814112, 1003.3141174314862, -13179.658162599142, -3318.1430630200302, 96057.53613112346, -1603.260675848117, -16831.382942772638, 5197055.036106865, 528.7139509998906, -2114.9334353549343, -2.030579002906208, 0.22990115755996537, -0.5913604792470203, -4.874629490782198, 3.8532904895894196, -4.343020583195632, 0.8456650864421599, 0.6545768281436036, -3.891433326018643, 1.8791155222870475, -0.4233002776472894, 2.077788661533082, -2.616250537244892, -142.44855600403864, 11.880916355127328, -39.66874440104022, 21.22198976073112, -6.961983538552765, 3.1171762002400394, 14.043509451420682, -7.620154384581481, -2.5994703876283407, 3.3233842910073705, 2.9322750407510734, 9.299504399941368] 
[2.215210141687617, 1.0142938355502258, -0.12119526638753274, -0.12838764734207236, 0.060148432847138555, 2.0354915829636377, -0.26337591141364924, -1.6673846811324244, -0.3379091834095195, -1.0474885864455477, 2.871460326552441, -1.5398374807301636, 4141.552113290123, 11538.46115633021, 1042.5915705170364, -13181.5955700547, -3306.9221071078896, 96057.33009394036, -1639.7662466323534, -16831.5906327258, 5197063.94702272, 528.5002200043698, -2145.4830136485302, -2.2312870752722866, 0.5373681352743338, -0.4600572609759157, -5.146340142706073, 4.018489273007142, -4.530759988760493, -2.0770137422726545, -2.265709371462523, -3.710064435684274, 2.0760943362224684, -0.8896863053052888, 1.5965141394103874, -1.78308055215669, -141.87877170398016, 11.517345632537255, -39.78271761656028, 20.76495774020596, -7.229170941506994, 3.160686074198724, 14.18649869976369, -7.818796445576991, -2.4083114634396265, 2.759369287172287, 3.454458793427774, 9.07674725850633] 
[2.1329755397210715, 1.0965284375167714, -0.2034298683540784, -0.210622249308618, -0.022086169119407098, 2.1177261849301834, -0.3456105133801949, -1.74961928309897, -0.25567458144297384, -0.965253984479002, 2.7892257245858953, -1.457602878763618, 4141.680781056273, 11538.575215178358, 1036.9654287708856, -13176.57912984064, -3329.6798800558954, 96057.43299508153, -1638.552948031784, -16831.67363931681, 5197063.198771205, 528.3906106973686, -2144.328255614144, -2.3136005453946726, 0.40366823811834585, -0.5364833875942493, -5.0483993934915725, 3.9162888785263075, -4.437517520354141, -2.117875813858832, -2.218689451913555, -3.6347013409685736, 2.1269655850550246, -0.9623165079455913, 1.6473325880937248, -1.5720013475958763, -141.80375764221404, 11.607854418473027, -39.85809997446891, 20.646403721642724, -7.299549023323262, 2.3383531700564286, 15.045832626665785, -7.911456144229815, -2.3276132151713242, 2.7120845587756235, 3.4313868878538165, 8.963954886147986] 
[1.9662753458334947, 1.2632286314043482, -0.03672967446650166, -0.37732244319619473, 0.14461402476816965, 2.28442637881776, -0.5123107072677716, -1.9163194769865468, -0.0889743875553971, -0.7985537905914253, 2.6225255306983186, -1.6243030726511947, 4141.447919765051, 11538.785845017535, 1032.8812394948236, -13180.39294072416, -3671.475061256151, 96057.66149866123, -1637.1004242236181, -16831.84578592698, 5197060.592348159, 528.1440135700024, -2142.928683884708, -2.1447460847127195, 0.18506432502030376, -0.27954948157852005, -4.725402196968121, 4.086733533581276, -4.627453947874719, -2.1736577875735783, -2.0756124739281754, -3.49422982865485, 2.254232708305036, -1.4171898033738533, 1.2197405269987531, -1.298091536732162, -142.05877003895793, 11.814578665722882, -39.72628754221379, 20.224894114472082, -7.0720639355063994, 1.0067269317094512, 16.386428546039806, -8.070555153450996, -2.4564536917762276, 3.1997950743954116, 2.960655754061598, 9.280921100376226] 
[1.8734045146531777, 1.1703578002240311, -0.1296005056468187, -0.2844516120158777, 0.05174319358785262, 2.191555547637443, -0.6051815384480886, -2.009190308166864, -0.18184521873571413, -0.7056829594111083, 2.5296546995180016, -1.7171739038315117, 4141.338862966302, 11538.683603513498, 1101.7528883425157, -13181.077109505148, -3675.946920420207, 96057.49900125497, -1637.486920961556, -16831.74088148549, 5197048.829956324, 528.3249939606666, -2142.551291800403, -2.2378833107769607, 0.28161098031013443, -0.12260737457027385, -4.594240352132411, 4.191577076709308, -4.512344185127348, -1.924021730807188, -1.8331705665558007, -3.5443514979962667, 2.223586928881926, -1.338560630292107, 1.1788356244389369, -1.0949113721734336, -142.1876159229073, 11.923127589009358, -39.67083016969654, 20.365673065934224, -6.979014867131716, 1.07216812915074, 16.43866911509678, -7.973268615128746, -2.4045367435557927, 3.140357578468778, 2.7865321208282285, 9.051637475421684] 
[2.1380861676790737, 1.435039453249927, 0.13508114737907734, -0.5491332650417737, -0.2129384594380434, 1.9268738946115471, -0.3404998854221926, -1.7445086551409679, 0.08283643429018189, -0.44100130638521223, 2.7943363525438976, -1.4524922508056157, 4141.04838370675, 11538.371493144678, 1085.9060246870035, -13177.716236435606, -3576.999380628755, 96057.8990159063, -1638.304697397076, -16832.063738109355, 5197056.92300943, 528.9542563631074, -2143.3533614397775, -1.967448480877288, 0.6194551147534301, 0.312271185647784, -4.304875534958712, 3.876751644634176, -4.227763431603181, -1.2024831610246682, -1.0925942819342382, -3.068656050881609, 1.895266845067289, -1.2118804112386632, 0.9781268360856916, -1.4873791464832067, -142.0377416819965, 12.179984255492137, -39.924200733334246, 20.64716696561911, -6.731570960379893, 2.4251232229803845, 15.108485572045645, -8.270840546401091, -2.533912709776688, 2.6496771118267373, 3.3209421446422116, 8.745026722547479] 
[1.666157602096451, 1.9069680188325497, 0.6070097129617, -1.0210618306243964, 0.25899010614457924, 1.4549453290289245, -0.8124284510048152, -1.2725800895583452, -0.38909213129244075, 0.030927259197410406, 3.26626491812652, -1.9244208163882384, 4140.384870018584, 11537.890758978188, 1111.927379480003, -13175.98394247752, -3587.5661454296333, 96058.43622770521, -1642.5361719266004, -16832.550199044414, 5197125.855990207, 526.3640432825398, -2147.428134761083, -1.4888527506214, 1.0161071195519078, -0.0007418985216889329, -4.054090184475709, 3.303892008931557, -4.593372353738607, -3.3361717886152857, -3.241425553747684, -0.5652735991132194, -0.6410194020126867, -0.6434137978339307, 1.3614084432065936, -3.1238847286747395, -142.38041094679593, 11.778216619614337, -39.5376799458407, 21.459249911940045, -6.148718817466393, 4.932331341927542, 12.607357951995692, -9.022288537218557, -1.807318328171673, 3.0969402992958006, 3.840737392101182, 8.327280426100211] 
[1.8015474047697353, 1.7715782161592655, 0.7423995156349843, -1.1564516332976806, 0.3943799088178635, 1.3195555263556402, -0.6770386483315309, -1.4079698922316295, -0.2537023286191565, 0.16631706187069467, 3.130875115453236, -2.0598106190615226, 4140.521498528206, 11537.738837396064, 1112.343487154081, -13175.797720537337, -3585.501946069178, 96058.57345101937, -1642.2792736273198, -16832.6983810487, 5197124.915164729, 667.9569698783961, -2156.1839689968347, -1.6426914944822477, 1.0983407515688304, 0.10353511030928463, -4.181553338040879, 3.3998646654371574, -4.5209093506153515, -3.156182160685664, -3.0592924883645662, -0.6844556757250597, -0.6927713716505304, -0.5430158058848824, 1.4940784968921619, -2.153552904534281, -142.21395317758527, 11.664956284943424, -39.38586633952098, 21.67323666256419, -6.28026018139877, 4.547934137025281, 12.994320246656681, -9.153399624268111, -1.91977420518932, 2.8040542847805274, 3.7147030859768644, 8.189725298843305] 
[1.8806748486957545, 1.8507056600852847, 0.6632720717089651, -1.2355790772236999, 0.4735073527438827, 1.3986829702816594, -0.5979112044055117, -1.3288424483056103, -0.17457488469313726, 0.2454445057967139, 3.210002559379255, -2.138938062987542, 4140.438003660081, 11537.821242464335, 1112.1703623452063, -13175.892153578989, -3586.0379050409883, 96058.48911094194, -1642.0776682218184, -16832.617118098035, 5197126.171241177, 670.8440685031838, -2845.080012168164, -1.7442242328291346, 1.1708422172958326, 0.1698134271547658, -4.092248932003438, 3.341759344481626, -4.560459210112735, -3.0985402304108094, -3.1204760835538456, -0.6424821807192602, -0.6481908074324101, -0.46216650595979164, 1.5787212516718383, -2.5065577676935678, -142.31224298926895, 11.588692493174674, -39.445590440522146, 21.541427026840925, -6.169258232639433, 4.825202276035008, 12.721037191427076, -9.221998595822589, -1.852946919873238, 2.5832255895438605, 3.801743595803726, 8.272343679793163] 
[1.776222099199117, 1.7462529105886473, 0.5588193222123277, -1.3400318267203373, 0.3690546032472453, 1.5031357197782969, -0.4934584549088743, -1.2243896988089729, -0.07012213519649985, 0.3498972552933513, 3.3144553088758926, -2.0344853134909044, 4140.553165314972, 11537.708158674832, 1112.445901751631, -13176.009282502318, -3586.5402130684424, 96058.59672004427, -1642.4073012399635, -16832.727932501053, 5197122.708876977, 672.6131665161847, -2867.4342303029166, -1.891240502484008, 1.2449449502854528, 0.24666381143805496, -4.180176130127558, 3.3084470245854116, -4.660770373406391, -2.9434373191082837, -2.9568526494215246, -0.613940664674118, -0.5653795770041804, -0.5734038879199738, 1.694691274132493, -2.1689207198790594, -142.38739840463717, 11.483253819390361, -39.37549633644116, 21.695139600823136, -6.270054666050476, 4.761755634688765, 12.66090706019183, -9.105444937831706, -1.9692287083198177, 2.218256177706663, 3.8950299719528987, 8.384480884982855] 
[1.5382810823585427, 1.5083118937480728, 0.7967603390529021, -1.1020908098797628, 0.13111358640667087, 1.2651947029377224, -0.7313994717494487, -0.9864486819683984, 0.1678188816440746, 0.5878382721339257, 3.552396325716467, -2.272426330331479, 4140.801436776145, 11537.953577708018, 1111.599427731891, -13176.260358211764, -3584.7117107455374, 96058.3576864104, -1641.3468049262656, -16832.99687563916, 5197171.17865062, 670.5883558592652, -2859.3916193606874, -2.188679081239512, 1.4356570009265162, 0.45220293779936976, -4.40125228537108, 3.434080084022447, -4.4962830257019935, -3.2918054049149843, -3.2950094907955014, -0.4232796023764429, -0.47429922866012253, -0.9110937288089662, 1.986663234691992, -1.455577571212821, -142.13223587744454, 11.673943096495622, -39.180560842427994, 22.00238147090127, -6.497525063922252, 5.925191101083133, 11.509601716461352, -9.418199222970532, -1.6520918859847038, 2.800768343438728, 3.7059011878968082, 8.100940772800493] 
[1.7796387682242898, 1.2669542078823257, 1.0381180249186492, -0.8607331240140157, -0.11024409945907626, 1.0238370170719753, -0.4900417858837016, -1.2278063678341455, -0.07353880422167253, 0.8291959579996728, 3.793754011582214, -2.513784016197226, 4140.559823737049, 11537.711275230075, 1112.0714183461807, -13175.957121569478, -3570.591025063413, 96058.62306655609, -1640.805773043125, -16833.343815264154, 5197179.829532053, 669.8035565051383, -2860.9050477709375, -1.7749539024113479, 1.2022139197572281, 0.1987123746730965, -4.61055516494681, 3.569305609365779, -4.328851481716874, -3.5069796725043503, -3.6426798678460095, -0.9133298729820778, 0.08726451540749958, -1.2312230539214144, 2.2633979093566405, -0.9839666723843249, -141.54308809234408, 11.25379213885291, -38.86038360253027, 22.413736404087075, -6.821425588908415, 5.7376628475991645, 11.396327648395706, -9.247515141818983, -1.3746725046485615, 3.1066657929432293, 3.8853569664164382, 8.35695760675849] 
[2.214503553050852, 1.7018189927088878, 0.6032532400920871, -0.4258683391874536, 0.32462068536748584, 1.4587018018985374, -0.9249065707102637, -0.7929415830075834, -0.5084035890482346, 0.3943311731731107, 3.358889226755652, -2.078919231370664, 4141.014220658653, 11538.188893423956, 1111.4854231136956, -13176.713342066247, -3606.5165962813126, 96058.02695612713, -1638.8427085332496, -16832.853494933075, 5197099.272374173, 669.0037931248941, -2862.085672653314, -3.0354072589888457, 1.8376366681956398, 0.8362084773210912, -4.077380473815738, 3.966978164278396, -4.001657971687819, -3.783729373173782, -4.227294192216089, -2.0755303707761295, 1.290909427326243, -0.7054186840377246, 2.1726225573598663, -1.652424153430157, -142.08442826654021, 11.856042085176687, -38.73605148065179, 22.099084286746063, -7.024631439610637, 5.483778684736007, 10.940553454604892, -8.10855994805028, -2.531109542606009, 2.839309908781396, 3.5209188107636833, 8.912505068806421] 
[2.0309549173731885, 1.5182703570312244, 0.7868018757697506, -0.24231970350979015, 0.1410720496898224, 1.275153166220874, -1.1084552063879272, -0.9764902186852469, -0.691952224725898, 0.2107825374954473, 3.1753405910779886, -2.2624678670483274, 4141.301104104761, 11538.002157404426, 1112.0557030459784, -13177.788856232652, -3608.320892504909, 96057.8410817113, -1639.1305352658674, -16832.491853481184, 5197098.497770234, 670.2473260509935, -2866.034713933809, -3.275880594564502, 2.0384350401324247, 0.886542306054278, -4.2930832426247, 4.19015877921633, -4.236259644979433, -4.27737626249751, -4.61767790703181, -2.5455591131849196, 1.719510347850697, -0.9996472280441582, 2.2812013296743356, -1.8471664946808013, -142.1523953769314, 11.692311631823312, -38.49693336341667, 22.42753694198196, -6.811832849595494, 4.988139830038476, 11.373801383642686, -7.721763060398804, -2.9133295283671528, 2.683693308610907, 3.337782233886849, 8.29263454589518] 
[2.1825727508021107, 1.3666525236023022, 0.6351840423408284, -0.09070187008086794, 0.2926898831187446, 1.4267709996497961, -0.956837372959005, -1.128108052114169, -0.8435700581548202, 0.3624003709243695, 3.326958424506911, -2.110850033619405, 4141.112239037009, 11538.154194318657, 1112.3580897859351, -13180.422093247258, -3615.9901136112044, 96057.67539947148, -1638.9412600174458, -16832.712718139785, 5197098.125333699, 673.7108833648863, -2732.8603298998323, -3.0202782975687112, 2.2641965001027664, 0.6937369211742656, -4.547792270933097, 4.325274199690561, -4.3751831553722615, -4.212074028150002, -4.740707775922153, -2.716535569054056, 1.899047358275647, -0.917950777921941, 2.128814004756876, -2.002950551057001, -141.81298902250728, 11.387152113087184, -38.087054950774636, 22.852759084810025, -7.0001722236369694, 4.893199823706037, 11.351718616821291, -7.815936940249959, -3.125380568698666, 3.0522457408454047, 3.046931268396876, 8.51717974257216] 
[2.45921920931565, 1.0900060650887626, 0.35853758382728884, -0.36734832859440747, 0.5693363416322841, 1.1501245411362566, -1.2334838314725445, -1.4047545106277086, -1.1202165166683598, 0.08575391241082997, 3.6036048830204503, -1.8342035751058656, 4140.699428484813, 11538.442697981429, 1113.1439382994354, -13146.702376758472, -3619.3132404800235, 96057.39293415316, -1638.5271803989704, -16833.05153845902, 5197097.629587718, 671.5097602726086, -2741.004482986639, -3.396352434821428, 1.9220474717693432, 1.0184030646523892, -4.122602322962392, 4.114386716940884, -4.079990921011932, -4.736464408086808, -5.275213623440956, -2.550129396996225, 2.1378068800621968, -1.1679119714593789, 1.8720876695970283, -2.3047384181378763, -142.17454583844278, 11.846453679065238, -37.446052749706645, 23.496691133171545, -6.695003326227455, 6.403199282822008, 9.759720990726292, -7.605099014564466, -2.649887730911761, 2.6071015735342615, 2.562162080020011, 8.964012788491134] 
[2.626573643791607, 0.9226516306128056, 0.5258920183032458, -0.5347027630703645, 0.7366907761082411, 0.9827701066602996, -1.4008382659485015, -1.5721089451036656, -0.9528620821924028, -0.08160052206512702, 3.4362504485444934, -1.6668491406299086, 4140.278625669319, 11538.655586703711, 1114.503057820222, -13147.999869632682, -3618.7373475469085, 96057.59378416993, -1638.71511970977, -16832.879483933993, 5197097.836108742, 648.6961424960906, -2740.16220782361, -3.5758774953558734, 1.6852441760702004, 0.7869614176353621, -4.0863823118727, 3.96721618980076, -3.892109345974393, -4.443900113408622, -4.937821579876881, -2.3810491728647136, 2.3125053289794466, -1.4528105738204058, 1.6553081333418975, -2.500978157945943, -142.47488328052071, 12.224478655820645, -37.2146053207798, 23.695920133468668, -6.8321507355989075, 6.406144293566816, 9.66389265240151, -7.721551333645783, -2.758873068606689, 2.7914613497804432, 2.3734821690663215, 9.216979927302198] 
[2.6189432380508837, 0.9302820363535291, 0.5182616125625223, -0.542333168811088, 0.7290603703675176, 0.9904005124010231, -1.408468671689225, -1.5644785393629421, -0.9452316764516793, -0.07397011632440353, 3.42862004280377, -1.6744795463706321, 4140.3100773985725, 11538.64358045458, 1114.4727770659974, -13148.029253829636, -3618.754252552333, 96057.60480621419, -1638.707264579088, -16832.871853515106, 5197097.847594255, 649.8446290338898, -2740.2526804688473, -3.583578735595041, 1.6705668632851542, 0.7634651916633336, -4.105947908565848, 3.9569116315689987, -3.907423800086984, -4.456761116346804, -4.946086800120481, -2.387854539449474, 2.3047413312155203, -1.4558225752487322, 1.6480547202710047, -2.49266087697195, -142.48923145121287, 12.237723525308311, -37.22960929590199, 23.713634509143617, -6.851380145463526, 6.421791017093569, 9.668192792412574, -7.74033743991925, -2.7447493157035434, 2.798970003141767, 2.3639751815223917, 9.22795057724708] 
[2.813033850132852, 1.1243726484354974, 0.32417100048055403, -0.7364237808930563, 0.9231509824494859, 1.1844911244829914, -1.6025592837711933, -1.7585691514449104, -0.751141064369711, 0.12012049575756478, 3.622710654885738, -1.8685701584526004, 4139.531154728661, 11538.945495573937, 1115.2637174584374, -13147.30067488912, -3618.3168961460465, 96057.88235336088, -1638.5079684244483, -16832.6777551558, 5197097.552231056, 685.3819072936583, -2742.674362852191, -3.779770907776007, 1.9175224993611655, 1.0044367345149674, -4.202149434763945, 4.255170581909461, -3.665645688353127, -4.5678130960169305, -4.828045307295493, -2.178530207664793, 2.098106631098549, -1.3142200973316958, 1.8233204321787773, -2.7055347957758813, -142.2347892267568, 11.837567772895873, -37.38056082254288, 23.506753307261757, -6.702741769069499, 7.120046938955179, 8.846847827846897, -7.319190456265193, -3.1752339935732468, 3.0370046187691324, 2.560492436771105, 9.451041021305507] 
[2.8495520513793036, 1.160890849681949, 0.3606892017270056, -0.6999055796466047, 0.8866327812030343, 1.221009325729443, -1.6390774850176448, -1.795087352691362, -0.7146228631232594, 0.15663869700401634, 3.6592288561321897, -1.905088359699052, 4139.180429283869, 11538.900610776345, 1114.9037795569684, -13147.381627862667, -3618.374313187449, 96057.92491310927, -1638.5445234931703, -16832.63991849108, 5197097.630635043, 687.9250161679992, -2742.844883884962, -3.819728642790669, 1.897363615386526, 1.176409147244338, -4.031809381986358, 4.291160722596728, -3.622766988208388, -4.60040758554611, -4.855147558937934, -2.143297699511153, 2.1345876542239908, -1.3465817860467557, 1.8556774487873426, -2.6632769856011755, -142.27624786873744, 11.770566211508065, -37.46666429666956, 23.57889446316415, -6.661271680080586, 7.147460136912714, 8.876638065388951, -7.344552137894433, -3.2033858272217435, 3.082315323004598, 2.6102591309329854, 9.496468541446449] 
[2.774322343549988, 1.2361205575112644, 0.43591890955632095, -0.6246758718172893, 0.9618624890323497, 1.1457796179001276, -1.5638477771883295, -1.8703170605206774, -0.7898525709525748, 0.2318684048333317, 3.5839991483028744, -1.8298586518697366, 4138.27284940804, 11538.99004435059, 1115.5077822481762, -13147.200317985204, -3618.4995823793925, 96058.0101536082, -1638.468941947552, -16832.560773602574, 5197097.805807505, 684.8336812127507, -2743.1521268097563, -3.735423492020904, 1.99424592937762, 1.5653226189922655, -3.6464705540170237, 4.369435699140935, -3.513309145115631, -4.521830357586977, -4.7887272261643385, -2.0864128595351854, 2.06280358544506, -1.3016489202326158, 1.8022615463811953, -2.7512955051978976, -142.35890992774026, 11.604468680234838, -37.60394302827972, 23.457958223359594, -6.542790959602431, 7.037178870445683, 8.829401833782855, -7.10214779551145, -3.4400549966653475, 3.153643903135293, 2.6605574143893036, 9.436595067899006] 
[3.048828397832251, 1.5106266117935272, 0.7104249638385838, -0.3501698175350265, 0.6873564347500869, 1.4202856721823904, -1.2893417229060666, -2.14482311480294, -0.515346516670312, -0.042637649448931114, 3.3094930940206115, -1.5553525975874738, 4136.143750659442, 11539.297747896318, 1113.9681185546808, -13146.39774206027, -3618.091591328318, 96058.34089215432, -1638.743461256056, -16832.260089454754, 5197098.349971818, 690.0320341207375, -2741.654408966012, -3.4416376661167907, 2.359734159137216, 0.15409063861472516, -5.036098755808576, 4.343454928031467, -3.270332404845996, -4.717641810557258, -4.580759274985582, -2.3567335768473128, 2.3477831624645895, -1.0879998453329258, 1.9977678771214085, -2.4378386564942724, -141.9370747116874, 12.032398511707141, -37.836956454021674, 24.08366057173372, -6.2919174191837, 8.011806210220925, 7.971607246172164, -7.252579082151485, -3.667943586067324, 3.615946051904024, 2.9631565618154894, 9.21049242145355] 
[2.7053815017058422, 1.854073507919936, 0.366978067712175, -0.0067229214086177436, 0.3439095386236781, 1.7637325683087992, -0.9458948267796579, -1.8013762186765314, -0.17189962054390318, 0.30080924667747766, 2.9660461978942028, -1.8987994937138826, 4096.117551178173, 11539.642441213, 1113.1605923532136, -13143.47946713584, -3617.238487967717, 96057.98954597245, -1639.1156189664434, -16832.747157221707, 5197099.763986958, 879.0644481244428, -2753.9525867813754, -3.098108841866184, 2.7250290800849273, -0.14487251621567526, -4.906809299337614, 4.6954878604547226, -3.654757659755391, -4.4011689310333635, -4.1147749997915, -1.9662219961586618, 1.8045331007838787, -1.5654124956548225, 1.6275127464175516, -2.8295758469910077, -141.2591882996789, 11.797546276576984, -37.52325109520062, 23.66354919786927, -5.595371524416053, 8.19648591615629, 8.353497941098455, -7.5569928192467515, -3.905561851410144, 3.3036825578961153, 2.571374258000116, 9.795568975858522] 
[2.8825053520942756, 2.0311973583083693, 0.18985421732374164, -0.1838467717970511, 0.16678568823524476, 1.5866087179203658, -0.7687709763912245, -1.9785000690649648, -0.34902347093233654, 0.47793309706591103, 2.7889223475057694, -1.7216756433254492, 4097.109767227578, 11539.450307424366, 1114.536473753372, -9224.549352829148, -3618.7965275873953, 96058.17343029207, -1638.8463333756065, -16832.560272081148, 5197093.7104506, 881.0820414774068, -2759.759678145442, -2.900473893986871, 2.5333843789201578, -0.12698218013294293, -4.688775262327024, 4.5139929745998115, -3.4712417195851994, -4.329095561570439, -4.289259844361708, -1.581305516605251, 1.4216834892148436, -1.4251542148900374, 1.7819203460596778, -2.6470021071326593, -141.7944356391343, 12.000382064882665, -37.427507863625436, 23.518494267642872, -5.074328534077955, 8.067058801029882, 8.128512935087045, -7.3940260953157795, -3.6911295520154495, 3.0447541552225847, 2.3294521159951183, 9.97723185162383] 
[3.0052270453336565, 2.15391905154775, 0.3125759105631225, -0.306568465036432, 0.04406399499586389, 1.463887024680985, -0.6460492831518436, -2.1012217623043457, -0.22630177769295567, 0.35521140382653016, 2.9116440407451503, -1.5989539500860683, 4098.979452198166, 11539.603214329045, 1111.090554324651, -9220.877309095677, -3623.2493411035703, 96058.29618267473, -1639.1002179796726, -16832.41465776407, 5197092.661103632, 881.6621507437527, -2760.7883198125155, -3.0260322454183015, 2.420953037122022, -0.1757233393315343, -4.601086661273982, 4.658268754551844, -3.613583753369054, -4.451225439881467, -4.222124277193962, -1.4654245154033316, 1.4730339521242115, -1.5588261778967463, 1.9232764657206296, -2.7637068828128744, -142.18380559248925, 12.182376454671672, -37.63461990838648, 23.632484661354166, -4.278629234851797, 7.9542298577199775, 8.085435511201773, -7.4278915406520305, -3.7392199421294525, 2.928484392269591, 2.2004276899684694, 9.847425219896191] 
[2.5411951566525754, 1.6898871628666692, 0.7766077992442035, -0.770600353717513, -0.41996789368521714, 0.9998551359999039, -0.1820173944707626, -2.5652536509854267, 0.23773011098812535, -0.10882048485455087, 2.4476121520640692, -2.0629858387671494, 4124.088588552204, 11538.937270135788, 1115.9976805342485, -9215.782342303595, -3862.3942759943297, 96057.82680641163, -1637.81994655201, -16833.038302203746, 5197083.443917436, 885.4984916540119, -2769.7204370244185, -2.561632253690429, 3.02978811374632, 1.3331562359927607, -3.058696013573179, 4.3333570030749975, -3.18762515819333, -5.240055097519985, -5.054571237365581, -1.6565507451051578, 1.2359539645179367, -1.170683541872329, 1.535165684478028, -2.2996465031565254, -141.16713308852206, 11.348183285374269, -37.11031882610012, 22.987940212692873, -6.238586222952113, 9.040435277059414, 6.717502922482348, -4.326884681950052, -6.508045537420841, 2.471228553211994, 2.8974190253955143, 9.309358141073146] 
[2.8822135517414917, 2.0309055579555855, 0.43558940415528724, -1.1116187488064293, -0.07894949859630085, 1.3408735310888202, 0.1590010006181537, -2.906272046074343, 0.5787485060770416, -0.44983887994346716, 2.7886305471529855, -1.721967443678233, 4123.020207278556, 11539.283171167779, 1115.303439102814, -9216.485176881984, -3864.4455801025024, 96058.30851048736, -1648.2276146517943, -16831.890011714884, 5197077.294891001, 914.4100473053065, -2770.5540377328457, -3.000698414365943, 2.7123996761281006, 1.120615548833586, -2.8312089610568267, 4.162013062469658, -3.0307984269466597, -6.328653108566973, -6.15676874805152, -0.7969149064106712, 0.36392103849651125, -1.7090106815785355, 1.1588757388766395, -2.5779873864150016, -142.23375651270544, 10.76393494493072, -37.36254616586393, 22.41882039555946, -6.73213788199448, 8.788338140754778, 6.519279435152779, -5.036741451123938, -5.868787491668471, 2.841453759636254, 2.5948416226045383, 9.59471105650789] 
[3.224862009095908, 1.6882571006011693, 0.7782378615097034, -0.7689702914520131, -0.42159795595071703, 1.6835219884432364, -0.18364745673626248, -3.248920503428759, 0.9213969634314578, -0.10719042258905098, 3.1312790045074017, -2.0646159010326492, 4128.229037118639, 11539.709975564572, 1113.3788526778899, -9216.058765964823, -3919.5330135271183, 96058.66993093553, -1634.5593933793873, -16825.5868249577, 5197078.440169636, 916.2223421783374, -2773.421536479009, -3.3512981777756856, 2.340951476406947, 1.1311657590759843, -2.438569832919911, 4.896127069527985, -3.731181217161466, -7.143899790298148, -6.953788561235051, -0.3243539620427036, -0.010366933916098442, -1.667090772211275, 1.511722718498984, -2.9471194160078715, -140.75590386179658, 10.695377561086937, -37.019231593514434, 21.88254051591, -6.092531322124813, 8.6942128061915, 6.246913933813347, -4.300737343036338, -6.615588233314284, 2.3621725063620413, 1.770629245310376, 9.973369969629594] 
[3.2613791280198114, 1.7247742195250728, 0.7417207425857999, -0.8054874103759166, -0.45811507487462055, 1.72003910736714, -0.14713033781235896, -3.2124033845048556, 0.9579140823553614, -0.07067330366514746, 3.094761885583498, -2.1011330199565528, 4133.507775027338, 11539.672949947026, 1113.4529479687724, -9215.983251075477, -3919.7510779969516, 96058.63294583141, -1635.6543945024398, -16822.404534083118, 5197078.497737827, 913.0319175132588, -3116.7321290825857, -3.3983969232707993, 2.3041505173859225, 1.1143592435018848, -2.4086423893305056, 4.872001701359286, -3.778909803995586, -7.111147008914031, -6.99444488648417, -0.27793952335675076, 0.037591903124809006, -1.6206050620159622, 1.5532296640733472, -2.9092048665555734, -140.6905263474948, 10.58264908049213, -36.89722625571839, 21.845112842664914, -6.0360407388523845, 8.667852786003188, 6.219421762590906, -4.56535609452119, -6.558780457858684, 2.396398249101523, 1.7322858514038084, 10.013573208341331] 
[3.121999749587266, 1.5853948410925272, 0.8811001210183456, -0.666108031943371, -0.5974944533071662, 1.5806597289345943, -0.007750959379813266, -3.07302400607231, 1.097293460787907, -0.21005268209769315, 3.234141264016044, -2.2405123983890984, 4143.268029784358, 11539.815686840844, 1113.758351265207, -9215.715257019367, -3920.4636790916015, 96058.49041531279, -1642.1396948877216, -16794.56087136892, 5197078.2894332325, 940.9837906637197, -3180.3315956695997, -3.585698981173698, 2.1770893027576133, 1.5623122738076267, -1.995694785900643, 4.595104264297418, -3.875896979774912, -7.2167288960358675, -6.866608093068933, -0.15083585526520948, -0.1022984971121089, -1.5008814347365629, 1.6945044361211568, -2.7665441066221286, -140.92950913811796, 10.661085542509936, -36.80264422840484, 21.685809304732484, -6.206547564617373, 8.600283200230718, 6.1420082215977585, -5.944002412197201, -6.768076679896467, 2.54911000606626, 1.880044711857088, 10.170526990693503] 
[2.931559878859579, 1.775834711820214, 1.0715399917460324, -0.4756681612156841, -0.40705458257947935, 1.3902198582069074, -0.19819083010750013, -2.882584135344623, 0.9068535900602201, -0.40049255282538, 3.043701393288357, -2.4309522691167853, 3647.1147916912573, 11540.00616730324, 1113.4383480838796, -9215.216512245843, -3921.065407392702, 96058.29995691359, 1527.8339630141452, -16835.129231513823, 5197078.529869998, 945.3640333015788, -3202.6292086757844, -3.27586573017099, 1.9853340372033519, 1.8377215757325684, -2.056919666507215, 4.328915752350673, -4.109357874787308, -7.4946385251355565, -7.121701605376291, -0.3453304597797713, 0.09984708972934839, -1.6296750074621928, 1.9303706712869755, -2.5401404641779948, -141.20755414920225, 10.7730983468091, -36.68139366902458, 21.88658314955589, -5.7635017330527045, 7.977668818164108, 6.668453410458572, -12.936824640813525, -6.534175591285954, 2.399506042299593, 1.6987585718411162, 9.9695401337428] 
[3.1564260809516824, 1.5509685097281105, 0.8466737896539289, -0.7005343633077876, -0.18218838048737585, 1.615086060299011, 0.026675371984603374, -3.1074503374367266, 0.6819873879681166, -0.17562635073327648, 2.8188351911962535, -2.655818471208889, 3641.941754700931, 11540.240758455895, 1113.1466083055866, -9216.288824286756, -3922.500035586007, 96058.06759591344, 1533.6342681441206, -16838.557142281414, 5197078.892402749, 943.884651853631, -3179.088256433677, -3.804315550651153, 1.765629885383878, 2.288098318421867, -2.1566465464633753, 3.896638655460506, -3.8317804680359013, -7.937038481617807, -7.5714391931893585, -0.581572317951073, -0.1632490974286677, -1.8504741262619036, 1.77081952226376, -2.7743377506890137, -140.88899388958916, 11.242680727055728, -37.04543598630269, 21.718739651478117, -5.609069505488212, 8.475719462892263, 6.142778291947556, -11.903487252929537, -6.2446566049379335, 2.549017675492539, 1.4986864116800886, 10.215696040857967] 
[3.06698690376847, 1.461529332544898, 0.9361129668371415, -0.7899735404910002, -0.09274920330416325, 1.5256468831157983, -0.06276380519860922, -3.018011160253514, 0.592548210784904, -0.08618717355006389, 2.908274368379466, -2.566379294025676, 3235.4267038471635, 11540.330232804623, 1113.3060016634724, -9216.504058722563, -3925.2245988343184, 96057.97798106442, 1659.35585095647, -16915.312834849716, 5197078.667299362, 940.9549848771192, -3179.9772700687986, -4.214607360294491, 1.6756056576370852, 2.403411641206242, -2.2182382546990906, 3.7704107630265598, -3.907347245256236, -7.595746020187573, -7.226658787975864, -0.6694490549660753, -0.058527647591805065, -1.957453745034388, 1.8260263223366553, -2.6922935547370046, -140.79505386236076, 11.142115257642885, -37.16606560287096, 21.831454469064386, -5.510334636493227, 8.426026877925201, 6.093097878881386, -12.19544343353029, -6.503824051079832, 2.676114915475426, 1.5610310785574835, 10.081218612416727] 
[3.020116409124512, 1.508399827188856, 0.8892424721931835, -0.7431030458470422, -0.13961969794812124, 1.4787763884718403, -0.015893310554651235, -3.064881654897472, 0.639418705428862, -0.13305766819402187, 2.861403873735508, -2.613249788669634, 3243.863175485406, 11540.282798225739, 1113.3782832779523, -9216.411167743923, -3919.760420743777, 96058.02494723327, 1671.2696796594616, -16918.397476298804, 5197078.517023394, 934.6295575222315, -3180.8540628362903, -4.372979818934963, 1.630269767203949, 2.4818111205471785, -2.2529590916365074, 3.688039939420162, -3.923486210549331, -7.56926628722821, -7.253385721492695, -0.7116297243246847, -0.10633529727108937, -1.9111169796655136, 1.7856563679905446, -2.743924311082467, -140.74413640465758, 11.08426151942172, -37.23007551342659, 21.940122717210617, -5.615734583637579, 8.449955995321096, 6.117879108562352, -12.308085305404761, -6.632835530245819, 2.6407643413815727, 1.6272517019921604, 10.176556481169214] 
[3.068110626738079, 1.5563940448024232, 0.9372366898067508, -0.695108828233475, -0.09162548033455398, 1.5267706060854076, -0.0638875281682185, -3.0168874372839047, 0.5914244878152948, -0.18105188580758913, 2.813409656121941, -2.6612440062832015, 3240.5947132357005, 11540.33097978642, 1113.4578625644494, -9216.516014628489, -3922.2385237834005, 96057.97654431127, 1481.2508037088207, -16926.569426090777, 5197078.651806203, 937.3564849504359, -3181.481661770513, -4.1841152056336, 1.6834622543105109, 2.367367283593525, -2.2271952808605024, 3.8086718115286624, -4.003555731898053, -7.378800569208535, -7.066391508899901, -0.7558104196499497, -0.05869647306839669, -1.9565545727198905, 1.8359147444308306, -2.683271172496225, -140.6956547182755, 11.128837960298082, -37.26617056091274, 21.84953114775647, -5.514286493850044, 8.472453498079377, 6.146951900650291, -12.197124309828688, -6.515547133837494, 2.678405467553701, 1.5619122982166311, 10.065428103091604] 
[3.0722968725842925, 1.5522077989562097, 0.9330504439605374, -0.6992950740796884, -0.08743923448834057, 1.5225843602391942, -0.0680737740144319, -3.0127011914376913, 0.5956107336615082, -0.18523813165380254, 2.8092234102757274, -2.657057760436988, 3241.371397112768, 11540.326792672118, 1113.4514173822022, -9216.505809265123, -3921.7384801813396, 96057.97234994087, 1480.2237728009682, -16926.84001372914, 5197078.638339346, 937.2273721859648, -3181.5219558000003, -4.164509855416962, 1.687540206190462, 2.378569024094485, -2.221188046614796, 3.7981890523358905, -4.004179218697969, -7.376827221173842, -7.068975630835284, -0.7596641960740033, -0.06227169496363897, -1.9526324677061495, 1.831468547123517, -2.688767462362226, -140.69142045745573, 11.132535438699563, -37.27043655780167, 21.857763120752814, -5.523041766486128, 8.496416446414507, 6.122997705333949, -12.205670090433133, -6.53079723999175, 2.685277756760902, 1.5569183545270953, 10.072619156427612] 
[3.0158688575544197, 1.6086358139860826, 0.8766224289306646, -0.7557230891095612, -0.1438672495182134, 1.4661563452093214, -0.12450178904430473, -3.069129206467564, 0.652038748691381, -0.24166614668367536, 2.8656514253056002, -2.6006297454071152, 3253.141396598003, 11540.270345154833, 1113.5388327958988, -9216.64200294118, -3914.339205006733, 96057.9157905614, 1492.4194540693018, -16930.25550189709, 5197078.817625484, 935.5639326370448, -3180.991920868882, -4.424586705320513, 1.6314998869404413, 2.184290328064523, -2.312077792585091, 3.992413042743293, -4.123439610325408, -7.335163084122704, -7.089407191668241, -0.7083029621892779, -0.0047532269009044475, -2.0128312914508397, 1.773778885921964, -2.634579176563509, -140.635274519085, 11.180391164880765, -37.32884951356572, 21.968772174676047, -5.638246007625307, 8.471314334724326, 6.092250946191697, -12.32050145801063, -6.32861781909161, 2.6023389092982177, 1.5024814536508218, 10.170187251545725] 
[3.1113053442639327, 1.7040723006955956, 0.9720589156401775, -0.6602866024000482, -0.0484307628087004, 1.3707198584998084, -0.029065302334791737, -2.973692719758051, 0.747475235400894, -0.14622965997416237, 2.9610879120151132, -2.5051932586976022, 3259.211120000329, 11540.174771889062, 1113.700392668205, -9216.439094383384, -3909.6963091408907, 96058.01227970803, 1486.2306266077812, -16948.462433045454, 5197079.076811531, 933.8976296971593, -3182.277599069051, -4.0647009380168075, 1.7330163340573634, 2.2453449893583657, -2.402485448367148, 4.028702981853404, -4.035095231710425, -7.2872368716004035, -7.145170884262468, -0.8102841812100985, -0.1292366624057072, -1.9112313212812482, 1.6817962217474143, -2.7668850148706725, -140.53978482841265, 11.276162930689079, -37.23472730924782, 22.16288464290996, -5.865478748573249, 8.536532314780532, 6.129862402399981, -12.111732813374768, -6.6480018363925035, 2.749430811878445, 1.559578852867043, 10.01962357737581] 
[3.0120129200595365, 1.6047798764911994, 0.8727664914357813, -0.7595790266044444, 0.05086166139569581, 1.4700122827042046, -0.12835772653918795, -2.874400295553655, 0.6481828111964978, -0.04693723576976616, 2.861795487810717, -2.405900834493206, 3367.485954315326, 11540.073694687566, 1113.845906971597, -9216.175152113474, -3867.330737260545, 96057.90890401781, 1603.79851662114, -16952.01792649105, 5197078.861945613, 929.2208931474498, -3185.3583794514316, -3.783575936775726, 1.8327400714064206, 2.569005767227699, -2.2319326918272653, 3.7138117451362076, -3.8878568426974573, -7.3521224112711305, -7.099318721655412, -0.7230682323556207, -0.2069698589906262, -1.9746865438068477, 1.5620466844396639, -2.9140202312121217, -140.6423921648019, 11.17327469244962, -37.34276970469152, 21.989621001300797, -5.668643166053728, 7.920216527828525, 6.74515213470041, -11.94264183185559, -6.475708463294927, 2.8058980754396563, 1.4481245893385473, 10.19262513702401] 
[2.6754419677983776, 1.2682089242300405, 1.2093374436969402, -1.0961499788656033, 0.38743261365685466, 1.8065832349653634, -0.46492867880034683, -3.210971247814814, 0.31161185893533894, 0.2896337164913927, 3.198366440071876, -2.069329882232047, 3347.3285521236426, 11539.736734736223, 1113.2724584159591, -9215.465374821475, -3997.548452948858, 96058.24891694782, 1624.3393950799884, -16956.846160245124, 5197079.78532143, 1082.1043759994923, -3180.9451871006922, -3.03626405913813, 2.1607115346029984, 3.467152011781975, -1.5917803276154172, 3.00695398509645, -4.19713424437725, -7.078241108880885, -7.200640936823241, -1.026136662402825, -0.4425903219401734, -2.287362907730012, 1.120213022117996, -2.421424650818244, -140.32589410165463, 11.536192731391132, -36.958494169875124, 22.640235537422626, -6.356976929514557, 7.770063849101825, 6.548923379248475, -12.642273152582291, -7.137784585586196, 2.5202853111956154, 1.7470968122494228, 9.743382720233171] 
[2.9317264341158022, 1.5244933905474651, 1.4656219100143648, -0.8398655125481786, 0.13114814733943003, 2.062867701282788, -0.7212131451177715, -2.954686781497389, 0.5678963252527636, 0.5459181828088173, 2.9420819737544512, -2.325614348549472, 3348.597248088008, 11540.017994714148, 1113.5653752687244, -9215.789322523558, -3995.7530187738375, 96057.97783900231, 1623.0645118755199, -16903.51657406546, 5197077.058874442, 1078.9624049688327, -3260.5415510111834, -2.7040242412685798, 2.3878047841839414, 3.83940027371183, -1.1752953051420403, 3.2323791296886752, -3.766629396542412, -6.8356050780480295, -7.260706609193636, -0.7692436458732572, -0.8105338921811804, -1.9181044729562586, 0.836780078370327, -2.675437918258796, -139.97228391734546, 11.158308259544212, -37.26910036202743, 22.85764678754012, -6.156996356713243, 6.966989863185329, 7.300786516336583, -12.456267660017405, -6.280215087104811, 2.7336541920967745, 2.0705930510947566, 10.013978977320763] 
[2.963904865620968, 1.4923149590422993, 1.433443478509199, -0.8076870810430128, 0.09896971583426417, 2.030689269777622, -0.7533915766229373, -2.986865213002555, 0.5357178937475977, 0.5780966143139832, 2.974260405259617, -2.3577927800546377, 3347.855826585389, 11539.985747194585, 1113.597912288489, -9215.847368648147, -3993.871398811925, 96058.01926395473, 1622.9907066302196, -16902.584646694137, 5197077.170105674, 1078.8430362792737, -3259.7223272651277, -2.643374426044656, 2.417889757278841, 3.772239387853705, -1.210635389715284, 3.2990898037450638, -3.7434892072906627, -6.778352996497256, -7.1960060027227986, -0.7446706598582054, -0.7914523932694698, -1.9386770375948885, 0.8733722301530709, -2.7154654982944235, -140.03109478475224, 11.178866095892921, -37.29034935176079, 22.888316050975337, -6.11598665827505, 6.950639215648156, 7.264301506920237, -12.398794239915357, -6.24376131822928, 2.7188400646442656, 2.013703685440298, 9.972499413683202] 
[2.889722996722737, 1.5664968279405302, 1.50762534740743, -0.8818689499412438, 0.17315158473249515, 1.9565074008793912, -0.6792097077247063, -3.061047081900786, 0.46153602484936673, 0.5039147454157522, 3.048442274157848, -2.4319746489528686, 3345.481403634889, 11540.06038785647, 1113.5223131270768, -9215.989402903113, -4001.469613480873, 96057.9268825001, 1623.1492097262465, -16905.70807549827, 5197077.454798752, 1078.5945929301834, -3257.048116119277, -2.494534911684629, 2.5053557899514307, 3.9344533414847236, -1.2694609742829277, 3.1331203972078123, -3.663948921170161, -6.8004398544823985, -7.136834732426222, -0.7973079960453785, -0.9129817927414869, -2.0514341258827855, 0.9404754091090229, -2.797420492065299, -139.86786060887886, 11.2882282082406, -37.189150226453215, 22.820431885461733, -6.220098390976547, 7.213283076306752, 6.993803266278376, -12.227118889886025, -6.063190835834294, 2.8789154205781746, 1.8661115718516956, 9.877939077977643] 
[2.636733761102585, 1.8194860635606824, 1.2546361117872777, -1.134858185561396, 0.42614082035264733, 2.2094966364995434, -0.42622047210455416, -2.808057846280634, 0.20854678922921455, 0.2509255097956, 3.3014315097780003, -2.1789854133327164, 3341.4080372200174, 11540.313381768829, 1113.776314626551, -9215.56483410289, -4009.992637451257, 96057.63218123857, 1622.5080944013616, -16944.788393058123, 5197078.730502861, 1079.6796793207081, -3227.807314573128, -3.0904913276529076, 2.2402800005344305, 4.439198872872603, -1.0013998950005005, 2.620090232769905, -3.832345760077666, -7.530423531081621, -7.7734104559072446, -0.41796758421953745, -1.0982525620708254, -1.9089724642495098, 0.7434453150208971, -2.5096103429460888, -139.17702643645475, 10.834038103774503, -37.551137845519555, 23.08457656228536, -6.5783329965746, 7.310771505787459, 7.293569221424032, -12.683682808777977, -6.3366479987736986, 3.2099827485284593, 1.3823219769134687, 10.261640405165938] 
[2.646205531320941, 1.8100142933423262, 1.2451643415689215, -1.1253864153430397, 0.4166690501342911, 2.2189684067178996, -0.41674870188619795, -2.81752961649899, 0.21801855944757076, 0.2414537395772438, 3.3109032799963565, -2.1884571835510727, 3341.44852349452, 11540.323464363319, 1113.7658292233048, -9215.576361205565, -4010.048071242611, 96057.61748726206, 1622.4526800574167, -16944.876764797267, 5197078.509534869, 1079.8333091849593, -3227.4334036945042, -3.07642829034622, 2.229894534983591, 4.434312901620332, -0.9887592425826252, 2.612282176653274, -3.8443963993458214, -7.525992105358239, -7.780334097045157, -0.4109105213371571, -1.0909845153970943, -1.9007760271008458, 0.7516437517686075, -2.5000704643605896, -139.18898999320592, 10.84043960768151, -37.55806198037168, 23.072253768811333, -6.563950360216377, 7.317217872325497, 7.299115494769117, -12.657524086866584, -6.324698181996117, 3.2221804710195925, 1.404133663463496, 10.271081434978486] 
[2.36973191670935, 2.0864879079539174, 1.5216379561805127, -0.8489128007314486, 0.6931426647458823, 2.495442021329491, -0.1402750872746068, -3.094003231110581, 0.4944921740591619, -0.035019875034347336, 3.0344296653847653, -1.9119835689394815, 3342.671972859178, 11540.030545723786, 1114.0738232165106, -9215.236874589693, -4011.735989254243, 96058.05252949774, 1620.7653694206783, -16942.149979038884, 5197084.419142809, 1084.6688166363595, -3237.1707153724287, -3.492422878455567, 2.4694495779598866, 4.06243269348906, -0.7296072644787186, 2.9706051562605817, -4.10120945216333, -7.725777190333014, -7.669683789486307, -0.06137472169348318, -1.4214974204504687, -2.1614121853730723, 0.5096262151563732, -2.215384076906988, -138.84125353405707, 10.540369523418367, -37.891226786140635, 22.8759100467861, -6.815308614815798, 8.444487062903763, 6.200116158210534, -11.936719078422326, -6.6332114650750595, 2.9736381435985626, 1.9691989791471318, 10.00792909917344] 
[2.2894671091065106, 2.1667527155567567, 1.601902763783352, -0.929177608334288, 0.7734074723487216, 2.57570682893233, -0.22053989487744619, -3.1742680387134206, 0.4142273664563225, 0.04524493256849205, 2.954164857781926, -1.992248376542321, 3342.506976538606, 11540.136601591286, 1113.9933641324465, -9215.379353809358, -4011.9325880319066, 96057.83113712509, 1616.6594114781192, -16906.682348041177, 5197084.775509962, 1019.1941146101518, -3244.186861748211, -3.582807232748612, 2.6140750702687443, 3.877005416091906, -0.8287391498005842, 3.100662276872766, -3.9408218352660005, -7.604674328368959, -7.706707923454921, 0.019297112117776294, -1.5199523349277624, -2.263891391943253, 0.5883511480605381, -2.129078960996035, -139.09324113803902, 10.314746920460772, -37.983624888817126, 22.811981328952243, -6.7472514229374445, 8.473846360022751, 6.271506295300827, -8.749010694948105, -6.709053816891445, 3.06846933918141, 2.330167031461281, 10.121884256558333] 
[2.424516819892215, 2.3018024263424612, 1.4668530529976476, -1.0642273191199925, 0.6383577615630172, 2.7107565397180347, -0.0854901840917417, -3.309317749499125, 0.549277077242027, 0.18029464335419654, 2.8191151469962215, -1.8571986657566164, 3342.7453572655377, 11540.333771230415, 1113.8581836618116, -9215.168932451345, -4011.6558527519437, 96058.30092168711, 1619.4815077956016, -16780.14847643213, 5197085.609189404, 1085.2102560470319, -3240.2971528483477, -3.7450001274900266, 2.7148678893271336, 3.9551138879113443, -0.9031200408750201, 3.2058511213184975, -4.121864936772663, -7.772449556743858, -7.630220440914152, -0.10421506014005971, -1.394088590181102, -2.3927708556879996, 0.45678429462326436, -2.2843734063722017, -139.24777466984074, 10.416372186075627, -37.82358694914582, 22.910989115895017, -6.843891820146906, 8.250938643016614, 6.545424608000343, -11.521380817287739, -6.579894668130196, 2.8692712743535522, 2.6654521940800113, 10.294817784894128] 
[2.1057792960938606, 1.9830649025441067, 1.148115529199293, -0.745489795321638, 0.3196202377646626, 3.029494063516389, -0.40422770789009627, -3.6280552732974796, 0.23053955344367244, -0.13844288044415803, 3.137852670794576, -1.538461141958262, 3342.007351156007, 11539.758728407467, 1114.180389847944, -9214.752064323642, -4012.5535282266455, 96056.47345926789, 1663.1993755289377, -16768.71144264438, 5197086.778619903, 1075.2978655060792, -3237.1236330054294, -3.398618617924638, 2.0893902272969465, 4.645846241216468, -1.4124354616885504, 2.6932924752055123, -3.7200340992431538, -7.948201812161984, -7.303983373252358, -0.42427255673062747, -1.6178316628813536, -2.639648630616514, 0.7461540471924146, -2.658633146850148, -140.4863640124703, 9.571046927374306, -37.472063381263006, 22.50731973839169, -6.185393326058931, 7.643378619601794, 6.2659316879141835, -4.428105893405319, -6.3178122473605915, 3.2147148637959697, 3.6356990756995033, 9.811308462754145] 
[1.9015938020252925, 2.187250396612675, 0.9439300351307249, -0.5413043012530698, 0.11543474369609447, 2.825308569447821, -0.6084132019586643, -3.4238697792289114, 0.43472504751224056, -0.34262837451272615, 2.933667176726008, -1.74264663602683, 3341.7314535409632, 11540.001966091484, 1113.9348950373928, -9215.195816572726, -4014.6217437220052, 96040.15630288637, 1661.879425476243, -16769.645682314153, 5197082.868035188, 1086.0194761543776, 11360.686190951625, -3.1942194859167348, 2.2513080131899588, 4.859247629030091, -1.2494545305125944, 2.469941610046897, -3.5548405269640253, -7.703302353694662, -7.054454194490114, -0.5571221227895188, -1.353761777165662, -2.8728089949674964, 0.9337930015598055, -2.8770661150860173, -140.34968226550583, 8.964489418068368, -38.179792463314655, 22.932508539134847, -6.598651895016278, 7.487707964830023, 6.070034194379857, -4.874386106880708, -5.990123115649902, 2.3252703470647633, 4.139574085698298, 10.076138861262754] 
[2.1428329545468046, 1.9460112440911628, 1.185169187652237, -0.7825434537745819, -0.1258044088254176, 2.584069416926309, -0.36717404943715226, -3.1826306267073994, 0.1934858949907285, -0.5838675270342382, 3.17490632924752, -1.501407483505318, 3341.4617639331163, 11540.36432430518, 1114.302699880442, -9216.104483255082, -3996.4371089448464, 96037.66272260103, 1661.1409861231023, -16772.754978755598, 5197084.228074359, 1088.1567624251704, 11366.347280754506, -3.442725692445264, 2.6603859437765123, 5.0015284048723645, -1.5890965966476196, 2.030362928683977, -3.811462197715513, -7.926312477572857, -6.840091402425231, -0.615130741843979, -1.0008047325384577, -2.5439259543162605, 0.7356755805277839, -3.1121933009943885, -140.15388731812786, 8.58944753432507, -38.60939680920633, 22.8396851520679, -7.186166766745329, 7.207741835113826, 5.893968030790365, -5.145444905931214, -6.202983897988857, 1.3320617256065945, 4.714579967039194, 9.839147823812393] 
[2.267689356334728, 2.070867645879086, 1.0603127858643138, -0.9073998555625051, -0.25066081061334083, 2.708925818714232, -0.4920304512250755, -3.057774224919476, 0.06862949320280526, -0.7087239288221614, 3.299762731035443, -1.6262638852932412, 3341.28514990248, 11540.508550600649, 1114.157267481658, -9216.355629952655, -4004.367807796844, 96037.21669875595, 1660.1721015315595, -16698.57566283384, 5197087.605132232, 1087.7458910049213, 11478.892324616125, -3.5681851892077674, 2.75741805153975, 4.803924692383609, -1.5010280000572451, 2.198697551963523, -3.6819160705865115, -7.849796490337498, -6.967847997506603, -0.7579104453071226, -1.1038482849966695, -2.4489066832752635, 0.6387810676711725, -2.974671096744368, -140.30953200435818, 8.744042588383962, -38.317790484883986, 22.601436833668156, -7.008240787204369, 7.368671010790837, 5.678774096495131, -5.3934684533334885, -6.402145802843553, 0.9113023874668453, 5.0780442106724895, 9.713660869932994] 
[2.215459525324956, 2.1230974768888577, 1.008082954854542, -0.9596296865722769, -0.3028906416231126, 2.6566959877044605, -0.5442602822348472, -3.0055443939097044, 0.120859324212577, -0.7609537598319331, 3.2475329000256714, -1.678493716303013, 3341.373969548537, 11540.576373522486, 1114.225876220294, -9216.439763778371, -4005.2167156732075, 96037.51378504714, 1659.9380731140377, -16691.123936815307, 5197076.498587055, 1087.8691833447401, 11480.997531031508, -3.620576043302303, 2.7989641856698304, 4.768147203049095, -1.450723386792062, 2.1678418344565613, -3.7416088655569215, -7.8028053796788, -7.0135195531773125, -0.7962273516395375, -1.0560163436947099, -2.416684637846974, 0.6011968234060874, -3.0377923800027524, -140.38808407605495, 8.800705703606864, -38.237727137466166, 22.524224200426836, -7.0761021277410014, 7.308221856506772, 5.761656313899268, -5.320490263134181, -6.336059754777554, 0.6891174750574097, 5.293392256480922, 9.76365022312815] 
[2.058381806722931, 1.9660197582868326, 0.8510052362525169, -0.8025519679702517, -0.14581292302108745, 2.4996182691024353, -0.3871825636328221, -2.8484666753076793, 0.27793704281460213, -0.9180314784339583, 3.0904551814236463, -1.5214159977009878, 3341.6198322004248, 11540.793108716312, 1114.445443816478, -9216.205573471667, -4003.4512273493187, 96038.23676259727, 1660.5239616373817, -16699.662990216406, 5197065.692464995, 1088.19948016787, 11495.045643638356, -3.7794898445755485, 2.9033666434717484, 4.865385173962666, -1.3442015598172024, 2.307087182688923, -3.634668098987529, -7.9990712633073455, -7.236244065782204, -0.6506579674682931, -1.1998790206997445, -2.5391045054491603, 0.7065460164872922, -3.240872936354629, -140.14224046650216, 8.98189761199062, -37.996436667635614, 22.282401699224295, -7.292813574220806, 7.177890562300129, 5.543603725725773, -5.041987554846948, -6.59347130032005, 0.5411933406201634, 5.1475788809787115, 9.915171203828818] 
[2.3348468686460553, 2.242484820209957, 1.1274702981756413, -0.5260869060471274, -0.4222779849442118, 2.7760833310255597, -0.11071750170969774, -2.572001613384555, 0.5544021047377266, -0.6415664165108339, 3.3669202433467706, -1.7978810596241122, 3341.265622897042, 11541.117688167873, 1114.9343999265207, -9216.740166581685, -3990.3555395874314, 96039.0078590376, 1662.4631495936733, -16702.974347654872, 5197069.364943533, 1088.6375603166725, 11600.858963917899, -3.502349548171766, 2.2591331334437745, 5.328076770594509, -0.7691246718696432, 2.064992169811732, -4.035974091989301, -7.834392798216773, -7.418562099379587, -0.9457683796311955, -0.8383206144872262, -2.8941495246709383, 0.27277654083201663, -2.821770984408528, -139.77351532630706, 9.318266072502666, -38.59166445414527, 22.91057280341817, -7.90634460373476, 7.788469219181346, 4.819795731356838, -4.357959043717005, -6.209481847479737, 1.4782914162956713, 4.251275750732672, 10.190717848968616] 
[2.4745524264695895, 2.1027792623864228, 1.2671758559991755, -0.38638134822359316, -0.2825724271206776, 2.6363777732020255, -0.25042305953323196, -2.711707171208089, 0.41469654691419233, -0.7812719743343681, 3.2272146855232364, -1.658175501800578, 3340.9976494952502, 11541.345692499926, 1114.7631931931528, -9216.186126537445, -3989.523802096799, 96037.91429608941, 1651.0197138745725, -16702.493981220276, 5197069.869052106, 1088.2474779584913, 11603.657606877812, -3.6495144762748817, 2.4109635425155305, 5.48205884325664, -0.9135180997250227, 2.1406948025846932, -4.149822760159822, -7.677853652605545, -7.2335819763666285, -0.9974910076211787, -0.6736888648552932, -3.0182718141894154, 0.45053477265256925, -2.67851675352796, -139.59405083868992, 9.194717462815406, -38.1290655306011, 22.426765718019702, -8.22105313183114, 8.055612780971545, 4.602931180347094, -4.662413862367827, -5.880886600399763, 1.2827917306064205, 4.009696104379253, 10.046491657801262] 
[2.602604541556463, 2.2308313774732964, 1.1391237409123018, -0.5144334633104668, -0.41062454220755124, 2.508325658115152, -0.12237094444635832, -2.5836550561212155, 0.542748662001066, -0.6532198592474945, 3.099162570436363, -1.7862276168874516, 3340.663086427541, 11541.518105821555, 1114.9038151173838, -9217.087853486655, -3991.170891515902, 96038.46093951857, 1653.1048558207838, -16701.75675509151, 5197070.657850257, 1087.9892426974864, 11586.147965720034, -3.7785492828099914, 2.55249051577992, 5.692661490116708, -1.2029258351784933, 1.8696804415115695, -4.025228301772127, -7.751013115401614, -7.132966786742726, -0.8573063882389584, -0.5767646206598145, -3.16904342985577, 0.31504342686609443, -2.8499823676049902, -139.81739439717802, 9.329904185925269, -38.06891312916538, 22.468447459860283, -8.424092567689817, 8.194059667510524, 4.7305012307531245, -4.438418241876939, -6.272811291125274, 2.1468383462576712, 3.1741861317180726, 10.202832784482457] 
[2.2980576292319412, 2.5353782897978183, 1.4436706532368238, -0.8189803756349887, -0.10607762988302932, 2.8128725704396738, -0.42691785677088023, -2.2791081437966936, 0.8472955743255879, -0.34867294692297257, 3.4037094827608847, -2.0907745292119735, 3339.507064366877, 11541.030091925506, 1114.5346446820347, -9218.345765745838, -3993.0821183484722, 96039.33056355017, 1673.5441767298307, -16700.670268193495, 5197069.516214195, 1087.164707483847, 11416.88300201218, -4.097679517041794, 2.1270986686726663, 5.076709526182444, -0.3347894720273962, 2.6860261306073308, -4.475227945405211, -7.632981691137881, -7.407221699400712, -0.5827560137766907, -0.10718238725031959, -2.5549889247303956, 0.8396569059048344, -3.3224065035815267, -140.5859145507877, 9.849345533417363, -39.72137336005229, 23.90083987668377, -8.755698773236727, 7.505130266665969, 5.6021688738106254, -4.7784725018872685, -7.4076624954209676, 4.371657476886689, 0.7800356303524367, 9.890403296102821] 
[2.755512384845641, 2.0779235341841185, 0.9862158976231239, -0.36152562002128885, 0.35137712573067054, 3.2703273260533736, 0.030536898842819626, -2.7365628994103934, 0.389840818711888, 0.10878180869072729, 2.946254727147185, -1.6333197735982736, 3338.6872617212175, 11542.439262326483, 1114.069716642603, -9219.203133903084, -3952.275547195182, 96034.94126378652, 1670.876050618682, -16699.877151750894, 5197068.701860194, 1091.0837771813724, 11410.070175736566, -3.490273879847675, 0.8373050417576358, 3.720682877344861, 0.7961398358821584, 3.7965414852744876, -3.890021238788405, -8.224989657239993, -8.018119769091507, -0.9902665866220443, -0.34958557008227853, -2.367478836572368, 0.33648186095745136, -4.258836944596637, -142.56832462970632, 11.759923239254674, -38.6191557045617, 22.843664711202305, -8.366087801070353, 6.924246579055273, 6.482131975240213, -5.855255451016517, -6.569519638592552, 4.579106013446734, 1.3813090600250164, 9.226466968410834] 
[2.2117481022378804, 2.621687816791879, 0.44245161501536323, 0.1822386625864718, -0.19238715687709013, 3.8140916086611343, 0.5743011814505803, -3.280327182018154, 0.9336051013196487, 0.652546091298488, 3.4900190097549455, -1.089555490990513, 3334.8524675744457, 11541.727646866188, 1113.2878418464409, -9214.856665604646, -3956.865533226678, 96001.94839565638, 2254.1812051623633, -16703.37915539914, 5197072.4667247515, 1137.2167960070187, 11395.63678558054, -2.944378371962038, 0.14927159767128473, 3.2435624134196104, 0.6088707722641681, 4.37967004501133, -3.50926714995296, -7.742376881650259, -7.429613648501906, -1.327299862884896, -0.9135519354482596, -1.7994153436947924, -0.20633611437389732, -3.635969249124754, -143.77023239708927, 12.57654712137294, -39.561691689901735, 23.887139664858577, -7.6496080601100065, 6.56086265136267, 6.004545384453362, -6.606328746920329, -4.635753089877627, 3.3981869019934714, -11.46544193413783, 7.219997434055861] 
[2.7733633640361326, 3.1833030785901313, -0.11916364678288893, -0.37937659921178035, 0.36922810492116204, 3.252476346862882, 1.1359164432488325, -2.718711920219902, 0.3719898395213965, 1.2141613530967401, 2.9284037479566933, -1.6511707527887651, 3335.726651043491, 11544.00316346768, 1110.2242263826554, -9197.757655449419, -3941.503399956596, 96000.50114889555, 2256.0842204865876, -16674.01226962302, 5197073.33603608, 1135.6935882309313, 11390.818825922264, -2.2296210949601045, -0.6471163956505706, 3.7160239440070493, 1.2793663986040356, 3.6296626838521795, -3.9108360162566114, -6.796845957613674, -8.07841689563495, -0.4976898080267521, -0.3751072386560339, -2.727843224407815, 0.7227357996930587, -3.079971325049541, -143.47459671906208, 13.253271537553937, -40.663050950205125, 22.993651005475968, -4.402184485346472, 6.083901319450355, 6.466622694330146, -6.122220766697276, -5.380898272248608, 4.447993342993557, -13.075396331188092, 6.604801280527489] 
[2.5848751536837398, 2.9948148682377385, 0.0693245635695039, -0.5678648095641732, 0.1807398945687692, 3.0639881365104893, 1.3244046536012253, -2.9072001305722948, 0.1835016291690037, 1.402649563449133, 3.116891958309086, -1.839658963141158, 3334.271975655744, 11435.598783075156, 1123.5610758909606, -9199.131948990967, -3942.950574315442, 96015.89436855973, 2255.855056902573, -16672.893108779277, 5197071.909288002, 1135.4789368462373, 11395.029430686893, -2.4193322115486016, -0.3810409416719211, 3.4521686676062293, 1.0833140986309386, 3.7741295311536427, -3.763773588747639, -6.983394247425106, -7.213146699317246, 0.33273262159081485, -0.6974674017279925, -2.473767511565489, 0.6326061336241842, -2.5693856240273414, -143.75291303672444, 12.89926331072217, -40.46841185088271, 22.221440827057386, -3.9661594518340304, 6.474239457675283, 6.22134646437068, -5.800356853959415, -5.919480955458899, 4.3917706537584085, -13.246399562838326, 6.424985066454489] 
[2.2543807142570245, 3.3253093076644538, -0.2611698758572114, -0.8983592489908885, 0.5112343339954846, 2.733493697083774, 0.99391021417451, -3.23769456999901, -0.1469928102577116, 1.7331440028758482, 3.4473863977358015, -2.1701534025678733, 3333.0882941025343, 11451.050064798348, 1054.6822549054025, -9200.274482484687, -3932.722584490906, 96070.88164016118, 2255.5036576379107, -16679.020062839885, 5197081.835063209, 1135.8189544567444, 10853.235510644914, -2.0637469622932563, -0.8233791730993192, 3.0390075609179394, 0.8060108558040777, 3.524665353943605, -3.924633577819503, -6.646111057101198, -11.472041865792136, -3.913027873520821, -0.434571430237971, -2.8760561228641777, 0.1992203831211506, -3.12253204621792, -144.23372411307022, 12.23120872306436, -40.923276132715046, 20.47498675027237, -2.1170517950927237, 5.499231981201236, 6.547738082056552, -5.56061034470256, -6.712987657386319, 4.162667838196708, -13.432081673791386, 6.767198437033191] 
[2.3077843741627895, 3.2719056477586888, -0.2077662159514464, -0.8449555890851235, 0.45783067408971956, 2.786897356989539, 0.940506554268745, -3.184290910093245, -0.20039647016347661, 1.7865476627816133, 3.5007900576415665, -2.1167497426621082, 3332.9994526006885, 11449.449896910646, 1053.8812747232053, -9200.361742996587, -3932.9456857470154, 96071.22070687314, 2255.5796748431358, -16684.820280934473, 5197084.324545313, 1135.8737907713244, 10852.646269306337, -1.9854169733361313, -0.7851046700937532, 3.018950526381692, 0.766053367376923, 3.557002144153464, -3.8691145164785996, -6.694144910969317, -11.275815156026821, -3.7126127012088372, -0.38225164937603306, -2.789663879007792, 0.1285469550697068, -2.9906217815256477, -144.41925703864428, 12.458178180064305, -40.999369870558, 20.428615792306985, -2.167035649947086, 5.6301252806722095, 6.588489543202108, -5.5102101295052766, -6.458882240377703, 4.195887103908685, -13.407329680622261, 6.841081955266314] 
[2.425161968463673, 3.1545280534578053, -0.09038862165056294, -0.72757799478424, 0.3404530797888361, 2.9042749512904225, 0.8231289599678615, -3.3016685043941285, -0.3177740644643601, 1.6691700684807298, 3.383412463340683, -1.9993721483612248, 3332.7853905809498, 11442.498541870877, 1056.639904343066, -9200.571564399275, -3933.5464918150924, 96072.19382154505, 2255.759527344052, -16749.241488786793, 5197087.286827624, 1135.996806270284, 10851.696369543528, -1.8247131313946903, -0.3634296910965745, 3.4400637504005247, 0.9201644638549866, 3.4347123439180374, -3.7057512245526554, -6.861975602768806, -11.214248715781265, -3.782504395885438, -0.2793562968026139, -2.945969426079577, 0.0583034239059073, -3.2979615090864027, -144.48257148173766, 12.302298933904105, -41.222066734948676, 20.142928354171133, -1.9205907468970276, 5.355437811518157, 6.500736006821515, -5.636355254770506, -7.1223732690273, 4.270538921674516, -13.345440449573857, 6.695580669131144] 
[2.7485906011284875, 2.8310994207929907, 0.23304001101425165, -0.4041493621194254, 0.017024447124021513, 2.580846318625608, 0.4997003273030469, -3.625097137058943, 0.005654568200454513, 1.3457414358159152, 3.7068410960054976, -2.3228007810260394, 3333.535368262108, 9509.44906236862, 1096.3347395118783, -9201.302792828035, -3930.645752603068, 96066.34205938269, 2255.1580178744985, -16736.511163675583, 5197083.973918717, 1136.3233851533942, 10857.336337852936, -1.4337667782359156, -1.1614347784307415, 2.6411473623099186, 0.565172902603083, 3.212206415192413, -3.320955685316302, -7.287189335906085, -10.934668849288286, -3.9137637431035146, -0.5427545513893547, -3.1798395041374916, -0.15961020688979105, -2.103989002255722, -146.38178990593056, 14.255362751908121, -41.77857750435501, 21.41570865286222, -2.9599747754437353, 5.9499979136770715, 6.645277521375798, -5.320135732287565, -8.837299356365884, 4.206508096028456, -12.955271514187128, 6.298618324934899] 
[2.7591724778367936, 2.8205175440846846, 0.22245813430594552, -0.41473123882773155, 0.02760632383232764, 2.591428195333914, 0.4891184505947408, -3.6356790137672492, -0.004927308507851613, 1.335159559107609, 3.7174229727138037, -2.3333826577343455, 3333.607520254934, 9509.562422345572, 1096.5331560331815, -9201.3712240669, -3894.131819027016, 96066.37947354291, 2255.111928904847, -16736.462200224803, 5197414.9285271475, 1136.3345216302962, 10857.373222021251, -1.4536064744161818, -1.1554291939108716, 2.6281885644485476, 0.548790841643291, 3.2006340024418307, -3.3143442487924863, -7.2778873240901705, -10.929699917028358, -3.921820558815912, -0.5531517857156616, -3.2010794278217465, -0.13705425263554835, -2.084954312297312, -146.35684117953502, 14.215966071554483, -41.71347317856766, 21.16775105740383, -2.7032583655801385, 5.92576417847547, 6.6632160402466365, -5.310746931498942, -8.861487688721423, 4.267369819854134, -13.015304409485388, 6.306940075639249] 
[2.8634438020393223, 2.716246219882156, 0.11818681010341692, -0.5190025630302602, -0.07666500037020096, 2.4871568711313854, 0.5933897747972694, -3.5314076895647206, -0.10919863271038022, 1.4394308833101377, 3.613151648511275, -2.229111333531817, 3334.356307831405, 9508.51546997422, 1094.3910338939254, -9202.013431859528, -3757.2776405029153, 96066.7609328059, 2255.584264130811, -16736.92585150006, 5201709.78735767, 1136.2242394181574, 10857.021565211462, -1.2541601421877884, -1.0686113198685987, 2.5746157235463976, 0.6263665334639767, 3.1414740960368515, -3.2318669984586843, -7.3254029748337235, -11.044998852665438, -4.047471884149255, -0.6256208943909438, -3.273917375125291, -0.19183248020731147, -1.9322635614877632, -146.28576134581402, 14.457814821229768, -41.72533943842815, 23.45789559809764, -5.115024073897883, 5.8249436500714475, 6.617360767937273, -5.406628042818754, -8.629032574641128, 4.185465917271229, -13.05230348989201, 6.4264453504631485] 
[2.781071134849496, 2.7986188870719824, 0.03581414291359053, -0.6013752302200865, 0.005707666819625423, 2.569529538321212, 0.511017107607443, -3.613780356754547, -0.1915712999002066, 1.3570582161203113, 3.6955243157011015, -2.3114840007216433, 3333.263716874677, 9508.999250204275, 1088.4663096530878, -9201.678624696387, -3743.23528804355, 96066.98324323508, 2255.320820091405, -16736.355455704783, 5201702.851891794, 1136.308050095645, 10857.420722574463, -1.1225153812765636, -1.173218732299703, 2.458574582625618, 0.5148371193400277, 3.0859614185405064, -3.1777508462338275, -7.398223145419122, -11.058455953428373, -3.9655554084415283, -0.531404290845073, -3.4236389292907936, -0.039816331448084386, -2.0674717806393152, -146.36758526450438, 14.269143207021479, -41.525062406825384, 23.271426165009704, -5.264755796073552, 6.052711380569995, 6.318981641992067, -5.181367350900532, -8.411847715458272, 4.726884478241719, -13.58968469146892, 6.475258101166076] 
[2.9545215072122115, 2.6251685147092667, -0.13763622944912512, -0.7748256025828022, 0.17915803918234108, 2.7429799106839274, 0.6844674799701587, -3.7872307291172627, -0.01812092753749095, 1.530508588483027, 3.868974688063817, -2.1380336283589276, 3331.8698831390434, 9510.532982408207, 953.1806377664227, -9202.220481726528, 1581.067254573205, 96067.57506418435, 2256.0459948126363, -16737.193884473196, 5201707.636359909, 1136.4896721012371, 10858.047547017159, -1.440976919408149, -1.0277788371030736, 2.3732076354853313, 0.6661290269210663, 3.1956665281470786, -3.289015039389492, -7.724353642127883, -10.737295431899927, -4.002698392714804, -0.7170980522787506, -3.306755486872789, 0.040553026468930234, -2.30055929139112, -146.21458632168907, 14.541202137139335, -40.96493888715848, 23.232327996004493, -4.685477798429686, 6.4599370098554525, 5.982514874184624, -5.346131389288598, -8.00176561251998, 4.884033970865428, -13.531897107077638, 6.212515225590564] 
[2.6236956552983095, 2.9559943666231687, -0.46846208136302714, -0.4439997506689002, -0.15166781273156094, 2.4121540587700254, 1.0152933318840607, -4.118056581031165, 0.31270492437641106, 1.199682736569125, 4.199800539977719, -1.8072077764450256, 3341.434286451464, 9511.889868570199, 970.7549373807037, -9201.544538179254, 1591.4851123431042, 96069.77101265572, 2255.2184199322282, -16736.280134080902, 5200700.041069757, 1136.8210354987727, 10857.299265178433, -1.9060743986573467, -0.6833193758709765, 2.127396278328976, 0.9552906915930999, 3.4197011813533456, -3.489971472291706, -7.5400513053332965, -10.239463478642746, -3.4976403940787733, -0.8845199433092881, -4.225606450531887, 0.8556157162991964, -3.1084253302638727, -145.73756367436124, 13.975849618442641, -40.335111850327614, 22.886172753142453, -5.030691131067939, 6.912223391940293, 5.723240582295968, -5.86994770913283, -8.74282085836979, 3.663885194431039, -12.294119298638162, 5.887585013629201] 
[2.7987506662337607, 2.7809393556877176, -0.6435170922984783, -0.6190547616043514, -0.3267228236670121, 2.5872090697054766, 1.1903483428195119, -3.9430015700957135, 0.48775993531186224, 1.0246277256336738, 4.37485555091317, -1.9822627873804768, 3342.1485679027633, 9506.749206775687, 971.6136166309499, -9202.493256603559, 1599.1537867697239, 96070.16514117137, 2254.9759212021418, -16736.02511896591, 5200698.191344306, 1137.0225997377777, 10857.068770064774, -1.7208590560832828, -0.9097111297379047, 2.3091097369661777, 1.3049755539882382, 2.9737142571451556, -3.8426003108935025, -7.597395553684103, -9.904806026483438, -3.1474777364300293, -1.2372630026993212, -3.9344911896732966, 0.5676655474785358, -2.924788839101234, -145.41043858904413, 13.73249745789077, -40.00146420987724, 23.55844564009806, -5.926422579871375, 6.783466306758931, 6.066862693085757, -6.2485743242620755, -9.05413858005283, 3.7313619462804843, -12.17838239089996, 5.701796498769442] 
[2.8854881337091447, 2.6942018882123335, -0.5567796248230943, -0.7057922290797354, -0.23998535619162809, 2.5004716022300926, 1.2770858102948959, -3.8562641026203295, 0.5744974027872463, 1.1113651931090578, 4.461593018388554, -2.069000254855861, 3342.916109017583, 9506.05267823016, 971.3726894903044, -9202.23565230847, 1599.9958728337103, 96069.85214205024, 2255.076531964719, -16736.193212221453, 5200697.796420983, 1136.9038147994793, 10857.16619148792, -1.8241134050152743, -0.7696665596607408, 2.1165876611929533, 1.5494962918789823, 2.7404490314724015, -4.067833245724049, -7.479684852598523, -9.978266342172324, -3.1082699159383176, -1.1575668167342998, -3.8123800186092653, 0.42677695630091617, -3.048262448652427, -145.5759974490955, 13.600153165031177, -40.080934480795186, 23.805953156592658, -6.118402246745515, 6.787532501660153, 5.911311446958162, -6.082146680063663, -9.088475324894333, 3.7944360466436806, -12.137658714602633, 5.784533074668355] 
[2.8021722207240414, 2.777517801197437, -0.6400955378081976, -0.622476316094632, -0.3233012691767314, 2.583787515215196, 1.3604017232799992, -3.772948189635226, 0.6578133157723496, 1.0280492801239545, 4.544908931373658, -2.152316167840964, 3344.214511609149, 9506.497847991843, 971.074349146307, -9202.433679361775, 1598.521144668052, 96069.61923175065, 2255.167469698806, -16735.999232747283, 5200697.514278817, 1136.800105806626, 10857.077407277327, -1.932083018703185, -0.8197234734281698, 1.9780275976034298, 1.7650908886189747, 2.5085558296823613, -4.2692426729717905, -7.580300282224036, -10.199827649410471, -3.310947526674542, -1.0119502671369218, -3.9087057240021363, 0.5102331651367867, -3.1081459558051234, -145.43630946012826, 13.53959562258075, -40.13737522853885, 23.562487387205454, -5.869149786082726, 6.94515266028965, 6.007815285269785, -6.03740303909965, -8.985954987776562, 3.867279705246167, -12.090056729457428, 5.861978986970621] 
[2.875786798736084, 2.703903223185394, -0.7137101158202404, -0.5488617380825893, -0.24968669116468867, 2.510172937203153, 1.2867871452679565, -3.6993336116231834, 0.7314278937843923, 1.1016638581359972, 4.471294353361615, -2.225930745853007, 3344.87860657754, 9507.078420698726, 971.2807062459515, -9202.650227283088, 1599.2504903850079, 96069.88196709634, 2255.244441524271, -16735.787928976355, 5200697.711217085, 1136.6997092201939, 10857.153125947421, -1.8266596101128278, -0.7453319168554641, 2.053270950572375, 1.757696561998084, 2.6295571840996073, -4.135231523437534, -7.64690638151934, -10.047719245315427, -3.146954029023454, -0.9665753116172107, -3.8191512428043475, 0.39772984023613034, -3.2149348792762367, -145.56758184523028, 13.664847441998315, -40.28044587417575, 23.758810776621356, -5.9837409138357645, 7.034673419483346, 6.142701554350325, -6.027774600606089, -9.092333300658877, 3.9767689226872527, -12.184631390776055, 5.8115211016193244] 
[2.952912959489237, 2.6267770624322413, -0.6365839550670875, -0.4717355773294365, -0.3268128519178415, 2.587299097956306, 1.2096609845148036, -3.6222074508700306, 0.8085540545375451, 1.17879001888915, 4.394168192608462, -2.148804585099854, 3343.7609075896025, 9507.507741338924, 971.4606732156782, -9202.93358339095, 1600.5136402869346, 96069.66062251288, 2255.1607437797056, -16735.512603913598, 5200697.5383405965, 1136.6027676316598, 10857.234914816083, -1.9493166666004116, -0.804153310314528, 2.143487237601668, 1.6551431802212682, 2.622003845713609, -4.063774661775802, -7.589620534299447, -10.101503421647886, -3.107886798147703, -0.8889671043163878, -3.716143803444685, 0.2721973007522855, -3.3288933320914493, -145.7057342178682, 13.60703054229718, -40.36080787536001, 23.95254505675416, -6.1427567910313465, 6.844554666626534, 5.848550388914603, -5.781763042472448, -8.969160969353464, 4.0966302073108265, -12.31422292571041, 5.923742167152769] 
[3.0877016715162204, 2.761565774459225, -0.501795243040104, -0.60652428935642, -0.461601563944825, 2.4525103859293225, 1.0748722724878201, -3.487418738843047, 0.6737653425105616, 1.3135787309161335, 4.259379480581479, -2.2835932971268376, 3339.9294593952927, 9506.951756843502, 971.842107728707, -9203.58628370717, 1599.2057463138744, 96070.1471598952, 2255.0067265157286, -16734.88199533472, 5200697.280691114, 1136.4449433473255, 10857.384330108598, -1.7571715141832893, -0.6863148601904128, 2.2752214490628053, 1.7435070770408618, 2.711789344119787, -4.207858026859682, -7.44365349112073, -9.981772536756209, -3.1705790916442087, -0.7393184223910408, -3.8157308014769327, 0.1043160779702097, -3.4920499975837926, -145.9692853934251, 13.376063671001942, -40.21995096006389, 24.1983760432563, -6.37841043934011, 7.055879332936808, 6.004468402795658, -5.714096933539008, -8.815889140960605, 4.288738439626181, -12.524286918542208, 6.111412980526748] 
[3.119687094970643, 2.793551197913647, -0.4698098195856817, -0.5745388659019977, -0.42961614049040264, 2.4205249624749, 1.1068576959422425, -3.4554333153886247, 0.705750765964984, 1.2815933074617112, 4.227394057127056, -2.251607873672415, 3328.905429533055, 9507.184208182616, 971.7038588810392, -9203.68472545438, 1599.3669910584595, 96070.22627716296, 2254.965378811316, -16734.603627273704, 5200697.362854113, 1136.4107447765505, 10857.423894388512, -1.8130562485948611, -0.6527765303392856, 2.3064210245087398, 1.7581843912038828, 2.746578526284389, -4.197707082427095, -7.398609877413483, -9.901110936350433, -3.100844740332884, -0.721610156507305, -3.859592551052493, 0.1487371618513162, -3.448189066054516, -145.89296076805894, 13.415572915933542, -40.19490430564845, 24.14520423403924, -6.430546970043062, 7.006132666183565, 5.999335317572253, -5.669599547224734, -8.76367373163727, 4.227174420845088, -12.469509462268492, 6.064679429198607] 
[3.3488472467559154, 3.0227113496989197, -0.6989699713709543, -0.34537871411672505, -0.6587762922756752, 2.6496851142601727, 0.8776975441569699, -3.226273163603352, 0.4765906141797114, 1.0524331556764386, 3.9982339053417837, -2.0224477218871426, 3806.544564170878, 9505.214126286724, 972.8219727528466, -9204.460657175752, 1600.6878715019027, 96069.70049581565, 2255.2519124067812, -16732.199117540305, 5200697.907579892, 1136.1612963772884, 10857.131095571334, -1.4335424501858005, -0.8850616457390408, 2.591183998176181, 1.5282517877461999, 2.654859633814065, -4.506596254630192, -6.986130526955641, -9.323301011449795, -2.636508319234753, -0.5470562606932048, -4.148204479283672, 0.3661059681827048, -3.6664401350005655, -146.5170089179776, 12.945783493167813, -39.826946344025465, 23.666230057887937, -6.187422032903553, 6.502167952583403, 5.03994203364341, -4.786710311036455, -8.42069115429587, 4.386331764817872, -12.322588950570536, 6.322302030080932] 
[3.36304914813621, 3.0369132510792145, -0.6847680699906595, -0.3595806154970198, -0.6445743908953805, 2.6638870156404675, 0.8918994455372646, -3.240475064983647, 0.4623887127994166, 1.0666350570567333, 3.984032003961489, -2.008245820506848, 3806.8799659700785, 9504.204486945366, 972.78766877317, -9204.336750978855, 1600.6499721967157, 96069.63683155843, 2255.2279136304574, -16730.213855271006, 5200697.840097602, 1136.180118799843, 10857.106223688654, -1.4159986193694132, -0.8690890165579704, 2.6075002773017952, 1.5354601735601696, 2.639703627390846, -4.491203874821732, -7.00219764608053, -9.339985522310812, -2.635089928189346, -0.5649630832219429, -4.166086531214284, 0.3858050698141522, -3.682811577750472, -146.49816578314773, 12.986337384456007, -39.81499878889673, 23.640713014583472, -6.208143660714248, 6.526778180975342, 5.035843848477723, -4.807040487128148, -8.453334013540385, 4.396103487131942, -12.31167815406947, 6.310574306562716] 
[3.1980914838422363, 3.2018709153731884, -0.8497257342846334, -0.19462295120304596, -0.47961672660140664, 2.8288446799344413, 1.0568571098312385, -3.075517400689673, 0.6273463770933905, 0.9016773927627595, 4.148989668255463, -2.1732034848008217, 3803.4609038038006, 9489.09544562333, 973.2000135760751, -9203.004521216866, 1600.193064579641, 96068.85638623063, 2254.9555704417844, -16713.288011253662, 5200697.011138935, 1136.3952883847405, 10856.810026041523, -1.6170348011013966, -1.0701402244651013, 2.4090346864221988, 1.2810433018794964, 2.353018148370379, -4.23963991816011, -6.8038695754568606, -9.175682399390467, -2.7169659684967145, -0.3690918403398107, -4.306278838911932, 0.24624962462443536, -3.4578194151006008, -146.12705622777708, 12.346134000941408, -39.64145092607848, 24.006153423005337, -5.982627675127452, 6.063471355832416, 4.0499719100295675, -3.816351060295461, -8.829557366298962, 4.675953388110657, -12.630053831256616, 6.161817084265323] 
[3.4408940405479536, 3.4446734720789056, -1.0925282909903506, -0.4374255079087632, -0.23681416989568937, 2.586042123228724, 1.2996596665369557, -3.3183199573953903, 0.3845438203876732, 1.1444799494684768, 3.9061871115497455, -2.416006041506539, 3727.316761608235, 9422.190553127208, 973.6303999019592, -9209.496177301246, 1599.0527509336105, 96066.29148682859, 2255.275756005661, -16657.59410058906, 5200697.715798406, 1136.7899391750695, 10857.149716224578, -1.2594111803578822, -0.8201694040086078, 2.1614872192723134, 1.4333272407752795, 2.2270368162622636, -3.9703514458009206, -7.096634108839645, -9.381263573379265, -2.648307249041311, -0.5146145608028394, -4.069097811569044, 0.01797886513700328, -3.274929761154715, -146.43091598453398, 12.871461916978296, -39.82639668481209, 24.264798285387418, -6.280496791805515, 6.591123379762063, 4.339332198387083, -3.792357542627271, -9.345405272238756, 4.673033725068315, -12.91831232149449, 6.435311257702728] 
[3.6846678922298297, 3.6884473237607818, -0.8487544393084744, -0.6811993595906395, -0.48058802157756564, 2.8298159749106, 1.543433518218832, -3.074546105713514, 0.6283176720695495, 1.388253801150353, 3.6624132598678694, -2.659779893188415, 3730.120753996747, 9419.453967903906, 973.3211117257592, -9208.13768490112, 1594.6237524742849, 96067.1678589646, 2255.5383672691974, -16649.707208377502, 5200699.448041794, 1137.0839963786725, 10857.658423827714, -0.7057961613007703, -1.0994230865782966, 1.9992671229211205, 0.45330170333671027, 1.2562755298981658, -3.6474464636738473, -7.213548327642783, -10.325567271354673, -3.58684210751852, -0.805857181539662, -4.183282142644696, -0.21198092199787041, -3.64719392452416, -145.9681999513749, 12.542760199005544, -40.43865520272806, 23.575484629249434, -6.691057405334908, 6.1203555875294855, 4.236505902632848, -4.04407547752181, -8.626021767950796, 4.061342728962035, -12.34154944835324, 5.865134871575723] 
[3.3906679568044895, 3.3944473883354416, -1.1427543747338147, -0.9751992950159797, -0.7745879570029058, 3.1238159103359404, 1.837433453644172, -3.3685460411388544, 0.3343177366442093, 1.0942538657250127, 3.368413324442529, -2.9537798286137553, 3731.2216609256143, 9418.36670332198, 973.8431408268924, -9207.396297599858, 1593.248133386394, 96064.0433794462, 2255.2441470992508, -16584.20661385485, 5200700.299005212, 1136.7799780353914, 10858.845832638428, 0.6633846635586415, -0.8337909388177634, 1.6510774762721154, -0.09554061487940235, 0.6219013841585213, -4.10667429339755, -7.425748923266094, -5.323726548224699, 1.4084751268779456, -0.3793227002378588, -5.184388006132567, 0.7531513553504618, -3.901344194028807, -145.53541374405526, 12.907968637372667, -40.748494455433864, 23.867788601166513, -7.254963116395588, 5.831184797746207, 4.1626083920872725, -4.252723701353836, -8.256143070724592, 4.013625438919171, -12.702558841936726, 6.2350778889176794] 
[3.7617133220037102, 3.023402023136221, -1.5137997399330354, -1.3462446602152003, -1.1456333222021264, 3.494861275535161, 1.4663880884449514, -3.739591406338075, 0.70536310184343, 1.4652992309242334, 3.73945868964175, -3.324825193812976, 3725.115541203983, 9412.43799273607, 973.3948560486147, -9207.937751868425, 1592.4896451037848, 97238.31444279909, 2255.642874684454, -16576.877979737506, 5200703.745272941, 1136.3100537970288, 10851.50876758804, -9.980224609181182, -0.3848970994931961, 2.163407884241029, 0.6534493174568224, 1.3097531741292159, -4.535503832028656, -6.87527944869721, -2.5361577973532077, 4.204563575121894, 0.2554357280082323, -5.077804245173196, 1.1322548137759931, -3.476863614262501, -144.9466706191111, 13.168096063898936, -41.19578482153779, 23.9441863293181, -7.015463951172294, 5.561929956716961, 6.123593433522547, -6.305655666942187, -6.544389233827948, 4.418918510859743, -12.344892149383632, 5.678275934133127] 
[3.97886089621296, 3.2405495973454705, -1.2966521657237857, -1.56339223442445, -1.3627808964113761, 3.2777137013259114, 1.2492405142357017, -3.5224438321288254, 0.9225106760526797, 1.2481516567149837, 3.9566062638509996, -3.1076776196037263, 3725.7585299324824, 9428.055511973216, 973.1770015158347, -9207.70927609519, 1592.7513099566813, 97240.12865079053, 2255.4233426572964, -16577.56308005845, 5200704.261914216, 1136.5296361905946, 10852.19413495113, -16.520794433226392, -0.7448731119254259, 1.804805805016001, 0.4773676178308264, 1.4981639706274033, -4.344708720591622, -6.734464255133147, -1.596667659089451, 5.148176008131486, -0.055468075491447166, -4.996191645551847, 1.412059591385071, -3.6464136496901345, -145.3782757972394, 13.070301869594482, -40.699037399116385, 24.293462112508095, -7.03481100532925, 5.414419819578932, 5.017025973533366, -5.245435444653973, -6.205711520340736, 4.116094967681677, -11.907204527235798, 6.203054436647345] 
[4.058082792680126, 3.3197714938126364, -1.3758740621909515, -1.4841703379572841, -1.2835589999442103, 3.1984918048587456, 1.3284624107028675, -3.601665728595991, 0.8432887795855138, 1.3273735531821496, 4.035828160318165, -3.186899516070892, 3725.614954025305, 9436.172048663622, 973.2624888681993, -9207.788502334806, 1592.834061184679, 97235.82656897357, 2255.3353297514514, -16578.136449956248, 5200704.13723396, 1136.617713083184, 10852.34372365149, 52.38047772573395, -0.7927162647134464, 1.8482007165457446, 0.5406678025645439, 1.4164512207468776, -4.426532532418856, -6.649652787251898, -1.0726699688256194, 5.67950140508181, -0.18446117098791873, -4.962764768164697, 1.5266427901158148, -3.6562362510313857, -145.67970920626462, 13.327128517076671, -40.828783436165615, 24.231164675026672, -7.068091069296573, 5.471740622296229, 4.97352417367445, -5.285016031381954, -6.328234139744723, 4.054192737108887, -11.963541060363548, 6.053270165411924] 
[4.06390876562216, 3.313945520870602, -1.3817000351329858, -1.4899963108993184, -1.277733027002176, 3.20431777780078, 1.3226364377608333, -3.595839755653957, 0.8374628066434796, 1.3215475802401153, 4.030002187376131, -3.181073543128858, 3725.6242075465275, 9436.357511557255, 973.2564358091695, -9207.782632423758, 1592.840395561384, 97237.6280330879, 2255.341511713416, -16578.106898700007, 5200704.126788681, 1136.6238983816597, 10852.353306160872, 55.22060411918576, -0.7959252867003824, 1.851756456621111, 0.5454060046088, 1.4106530216033262, -4.4330255696297565, -6.643467969862646, -1.106748372255399, 5.645001274815942, -0.17475318095162312, -4.9652972641648825, 1.5191650085971573, -3.6555661271182998, -145.65577651676503, 13.305664852573269, -40.83915203018174, 24.225493709558872, -7.071020617694653, 5.4764840690503975, 4.968593257981161, -5.28747260989936, -6.336492217287197, 4.077102413492568, -11.98585765882583, 6.06097042307257] 
[4.158508589429249, 3.408545344677691, -1.287100211325897, -1.3953964870922295, -1.1831332031950872, 3.109717953993691, 1.2280366139537444, -3.501239931846868, 0.9320626304505685, 1.2269477564330264, 3.9354023635690423, -3.086473719321769, 3725.7731336463726, 9433.141201703485, 973.3545005787106, -9207.687412293439, 1592.7371820233418, 97213.55244463237, 2255.2408383141337, -16578.598241978725, 5200704.2981743, 1136.7246274745094, 10852.51037457719, -5.500845604300999, -0.41742006382841157, 2.231476316478623, 0.6468363239219266, 1.5091382782322709, -4.514190160370003, -6.728906726428267, -1.6666032346746966, 5.074731570159558, 0.02428467688226779, -5.142854188806372, 1.6104242462406095, -3.8773369552699357, -145.57630357677152, 13.356780971176885, -40.76656347868552, 23.095280378515056, -5.894393776305952, 5.565715991782452, 5.458078391425485, -5.790035251574009, -6.446871386874792, 4.1169977106487545, -11.940580343128257, 5.938997626995315] 
[3.9420149201292416, 3.6250390139776982, -1.5035938806259042, -1.6118901563922368, -0.96663953389508, 3.3262116232936982, 1.0115429446537372, -3.7177336011468753, 1.1485562997505756, 1.4434414257330337, 3.718908694269035, -3.3029673886217763, 3726.0724337744964, 9430.030075021292, 973.5893978188132, -9207.910705439532, 1592.9897716736489, 97426.70968346641, 2254.9967767042563, -16580.346066478072, 5200704.634047168, 1136.4803758024757, 10852.084550577507, -76.83268641492177, -1.5609712964754108, 1.0842582677817312, 0.9372911342638826, 1.7990191215795057, -4.297915450600237, -6.543544312544405, -0.39494048933472614, 6.354257226624405, -0.6436246709444724, -4.8972410060274765, 1.9286287997468565, -3.313201096321315, -145.78209771742146, 13.273707000541863, -40.29767238712994, 23.39915342671079, -5.825135070994986, 5.387773278824668, 4.491267907243687, -4.831572647234477, -6.124472679035833, 4.303017679441769, -11.89024929698848, 5.673787513787903] 
[4.007496810683878, 3.6905209045323346, -1.4381119900712678, -1.5464082658376004, -1.0321214244497163, 3.260729732739062, 0.9460610540991008, -3.652251710592239, 1.214038190305212, 1.50892331628767, 3.7843905848236714, -3.3684492791764127, 3725.9452898649256, 9429.727016370338, 973.6551763292905, -9207.97629803415, 1593.0864526841408, 97428.65284260696, 2255.0879119927536, -16580.12543884362, 5200704.555348653, 1136.5469313519795, 10852.30438254926, -74.29625373195701, -1.51607864534197, 1.0518141698384673, 1.001096355063715, 1.7290546092031338, -4.363019583448364, -6.49455629223799, -0.2395693044209777, 6.5039333400930595, -0.7062669914274664, -4.791314763328231, 1.8436312431570052, -3.2335032141553133, -145.8160734421424, 13.23808080073285, -40.2664122826814, 23.40344980364542, -5.844419705254298, 5.465171969547534, 4.452469910487309, -4.8951217225782395, -6.011953515763406, 4.378655851169732, -11.875203894261704, 5.490869497605282] 
[3.9879373109142877, 3.710080404301925, -1.4185524903016775, -1.5659677656071906, -1.012561924680126, 3.280289232508652, 0.9265015543295105, -3.6718112103618292, 1.1944786905356217, 1.4893638165180798, 3.764831085054081, -3.388008778946003, 3725.911575808117, 9429.798860972738, 973.6750842588749, -9207.956726896215, 1593.1129980823923, 97430.0374274087, 2255.0581823504367, -16580.20731926395, 5200704.533072146, 1136.5665659223043, 10852.358816543465, -73.90960392550481, -1.505569633486529, 1.0378477170127254, 1.0209922159788423, 1.7084648082016647, -4.383407708459546, -6.516004624419721, -0.22889849313405713, 6.4918233635801394, -0.6846773897838874, -4.777368176306793, 1.852685856755936, -3.2576401783929314, -145.82780360933359, 13.224701929540728, -40.18252922054447, 23.750696372625928, -6.116096853558939, 5.496708942795128, 4.546095984709052, -4.982739841201765, -6.042368159918747, 4.3001280414592715, -11.808660667289727, 5.54017390115746] 
[3.936469842112337, 3.7615478731038756, -1.3670850214997268, -1.6174352344091414, -1.0640293934820768, 3.331756701310603, 0.9779690231314613, -3.72327867916378, 1.2459461593375725, 1.5408312853200306, 3.7133636162521304, -3.4394762477479537, 3726.003351601593, 9429.976439330525, 973.7277633284806, -9207.905258227429, 1593.0414587598382, 97427.34472782347, 2255.138696143897, -16580.40855693642, 5200704.473568399, 1136.6183761994441, 10852.20773850326, -74.77457716854568, -1.369281446559825, 1.1722191613693205, 0.972628430780432, 1.6521956694587658, -4.440661525367334, -6.5591745773555905, -0.356229561641602, 6.367545471907889, -0.6285362354274903, -4.856348447928716, 1.912363068467975, -3.3284658463169765, -145.67721831726217, 13.058187087266324, -40.24729985746288, 24.560343841440638, -6.975813834999446, 5.431261520501149, 4.806962819075676, -5.2288801516901335, -5.961619758531569, 4.5277762110551425, -12.0203522001253, 5.686739641495451] 
[3.5870064706954325, 3.412084501686971, -1.0176216500828223, -1.267971862992237, -0.7145660220651724, 2.9822933298936984, 1.3274323945483657, -4.072742050580684, 0.896482787920668, 1.890294656736935, 4.062826987669035, -3.0900128763310493, 3725.3174278566544, 9428.941174835085, 973.3633869704433, -9208.255482850946, 1593.4986128100868, 97437.12579406037, 2255.6467513742195, -16579.250922432017, 5200704.862668391, 1136.9681535432467, 10853.401207100502, -78.83145899048873, -1.585056682037779, 1.3985128122516288, 1.3496467206956018, 1.247600189305059, -4.84480668839988, -6.905998799037597, -0.5606236173731054, 6.621696552639071, -0.21546858636814498, -5.317618962768954, 2.204082068550728, -3.8415167999785735, -145.91024024902657, 12.713975237977955, -40.47820753143536, 24.73988526762722, -6.705084039140814, 6.020460766061152, 4.460334855165874, -5.47314105127118, -5.451516852541179, 4.82637191630318, -11.883872009731455, 6.761642193122299] 
[3.9814073284261378, 3.8064853594176764, -1.4120225078135276, -0.8735710052615318, -0.3201651643344672, 3.3766941876244037, 0.9330315368176605, -3.678341192849979, 0.5020819301899628, 2.28469551446764, 3.6684261299383296, -3.4844137340617545, 3727.442253195438, 9423.41725609419, 973.9081664646656, -9207.822582626248, 1594.4170960140723, 97421.45154688305, 2255.228037493908, -16578.638209333698, 5200705.509043819, 1136.5305853939442, 10852.779291869887, 69.54469277893202, -1.012665789769804, 1.9432044956143484, 1.7083588888398658, 1.1092315008422469, -4.451531934816337, -7.35514984198641, -1.522685105840381, 5.612199342364519, 0.18280616369419345, -4.921006498620161, 2.543143829329046, -3.3591531993412946, -145.61949099575654, 13.081065965868294, -41.594201025979, 20.647147610217676, -3.0693821659187783, 7.04939244724861, 4.886021995308085, -5.273145258043998, -5.035670677272681, 4.570990978574584, -12.400443561659793, 7.625383506594378] 
[3.7071939106795204, 3.532271941671059, -1.686235925560145, -0.5993575875149144, -0.5943785820810845, 3.650907605371021, 0.6588181190710432, -3.9525546105965965, 0.2278685124433455, 2.5589089322142575, 3.3942127121917123, -3.758627151808372, 3726.947559183672, 9422.696888787968, 974.1894104196405, -9208.28915688795, 1597.185508563532, 97426.50506838117, 2255.6528468916376, -16577.58948445707, 5200706.693023895, 1137.0106042176117, 10853.863968762364, 71.97149559476922, -1.2661075608173697, 1.6960246262538141, 2.2145350632512626, 1.61519612812519, -4.654447526612407, -7.13908415036758, -1.210514094699237, 5.648703413742903, -0.32534372965305414, -5.675632091905207, 3.1469760597642393, -3.7672480390834893, -145.98097250371188, 13.450649359518843, -40.79408112789348, 20.348946602683583, -2.0311646138688637, 6.742108256942646, 5.425240839737832, -6.108697007521269, -4.279000830926679, 4.922099769757658, -12.724938133193257, 6.714572210572516] 
[3.7189619086498213, 3.54403993964136, -1.6980039235304458, -0.6111255854852153, -0.5826105841107836, 3.63913960740072, 0.6705861170413441, -3.9643226085668974, 0.21610051447304457, 2.5706769301845585, 3.405980710162013, -3.746859153838071, 3726.9065862625703, 9422.61574209485, 974.2013366453431, -9208.25217648188, 1597.1479822583487, 97426.45556759044, 2255.6842476699544, -16577.611876120016, 5200706.923626273, 1136.9717394590568, 10853.675592968455, 71.93634625861273, -1.281157659347505, 1.682211348865742, 2.2257173822214544, 1.6123336250058131, -4.643341190170342, -7.1541666447959, -1.1925874614479797, 5.651793638100367, -0.33979253464337345, -5.702195861292437, 3.1746887116364637, -3.7506635027380377, -145.99851839980715, 13.470046630868604, -40.801441081386, 20.353195541498227, -2.021151429594587, 6.718216090956881, 5.41933100204298, -6.12985041833728, -4.2520905377933875, 4.93065905581898, -12.69583267911873, 6.700052880006381] 
[3.733047555730246, 3.5581255867217845, -1.6839182764500213, -0.6252112325656398, -0.5685249370303591, 3.6250539603202956, 0.6565004699609196, -3.978408255647322, 0.23018616155346905, 2.584762577264983, 3.4200663572424377, -3.7609448009184954, 3726.8593064780102, 9422.707561264793, 974.2156527047835, -9208.209393471925, 1597.1014529500899, 97426.3937309229, 2255.6477747109066, -16577.58566036962, 5200706.617263359, 1137.019972169586, 10853.469322984989, 71.97985543757538, -1.2644893053007549, 1.6986849670068755, 2.270396313713454, 1.655803073772777, -4.629213186136092, -7.14240405693253, -1.1983885869283737, 5.677318142194061, -0.36457360964318264, -5.734657373368955, 3.207631805986195, -3.731059141453151, -146.01999821493715, 13.488202654387, -40.7946135906552, 20.329005145712422, -1.986678111158736, 6.690761343627269, 5.369826637176815, -6.080422262855876, -4.3004402836546065, 4.998342358137029, -12.787990547586414, 6.683233337647214] 
[3.617834561032118, 3.4429125920236565, -1.7991312711481493, -0.5099982378675119, -0.6837379317284871, 3.5098409656221676, 0.7717134646590476, -4.09362125034545, 0.11497316685534109, 2.699975571963111, 3.3048533625443097, -3.8761577956166233, 3726.4887079858418, 9422.003733642665, 974.0989527088851, -9207.87304375004, 1596.70397949247, 97425.86054065518, 2255.338499081349, -16577.376686342806, 5200704.404030559, 1136.6074805796886, 10854.99403706691, 71.63796622487632, -1.0687805338014282, 1.9032097036964377, 1.8638049972720927, 1.230990220392735, -4.520835660506435, -7.194574421993388, -1.3572854984786815, 5.4989344899723775, -0.3848785301708156, -5.487020375659987, 2.9458422754246087, -3.8870375102344163, -145.83555837610814, 13.291550778909063, -41.286163735850764, 19.655934250873685, -1.7298480413426138, 6.79778685091116, 5.067885692776541, -5.668715517197664, -4.68315589997052, 4.45031818295041, -12.047249923546289, 6.814423582460271] 
[3.6929042717709413, 3.367842881284833, -1.724061560409326, -0.43492852712868846, -0.6086682209896637, 3.4347712548833442, 0.6966437539202242, -4.168690961084273, 0.03990345611651769, 2.7750452827019343, 3.2297836518054863, -3.8010880848778, 3726.845894433509, 9421.151433134695, 974.1780764877287, -9207.558042402912, 1596.8921058616136, 97426.43984104334, 2255.4928628178463, -16577.48981757285, 5200698.699942517, 1136.1965279973874, 10857.835639988178, 71.47086781969416, -1.0121338201167787, 1.8340805553908741, 1.4696000229432424, 0.8337220140503208, -4.413863201873958, -7.226054710695502, -1.2872994054317886, 5.4756218431475725, -0.4396153778474349, -5.371240085863331, 2.827218131311561, -3.9866339405146234, -145.9040716339553, 13.254123812834324, -41.30744691625081, 19.67864711573083, -1.7108222979498255, 6.863444141755362, 4.849196847946353, -5.430373546117343, -4.883715597310042, 4.694361418542605, -12.51413956858383, 6.899503221483097] 
[3.5910270695180033, 3.265965679031895, -1.622184358156388, -0.3330513248757505, -0.7105454232426016, 3.536648457136282, 0.5947665516672862, -4.066813758831335, 0.14178065836945564, 2.8769224849548722, 3.1279064495525484, -3.902965287130738, 3727.2172054096973, 9419.12691329845, 974.2823847907296, -9206.984190115118, 1597.2037264435603, 97427.65964880069, 2255.245414454552, -16577.628918776016, 5200762.715643326, 1135.403378933398, 10844.702919053785, 71.7422338571677, -0.9327231716987792, 1.7572032162104891, 1.5259508250696974, 0.7813983784665044, -4.509848592702488, -7.157272285197885, -1.3596370933720583, 5.654037494629449, -0.6376964026641663, -5.49993074438223, 2.9597775008767697, -4.122296475332459, -146.0046406885367, 13.200360014365792, -41.687435079741974, 19.248079479672086, -1.5612751154942848, 6.6894499228728765, 4.847679877078909, -5.301643568908125, -5.037478611503455, 4.418854561889413, -11.835092035858157, 7.012494400629093] 
[3.4759281303911083, 3.3810646181587902, -1.507085419029493, -0.21795238574885545, -0.5954464841157066, 3.6517473962631772, 0.47966761254039114, -3.9517148197044403, 0.026681719242560575, 2.9920214240817673, 3.0128075104256533, -4.018064226257633, 3727.8269940786417, 9411.647640136269, 974.1669813705146, -9205.907311979076, 1596.933176942252, 97428.43673010194, 2255.6120260425923, -16577.448515079286, 5200756.951306859, 1133.7213791456527, 10230.188020501875, 71.98404662431992, -0.8004786316325279, 1.8902603765856294, 1.4924924687000947, 0.8741057269642633, -4.586300164613236, -7.031090151030598, -1.4681192362818911, 5.7141623989690205, -0.5788059054205577, -5.602726680533786, 3.0667081894974197, -4.251145398991952, -146.15006688401738, 13.109772146456406, -41.61164021923401, 19.1756063618743, -1.4438081677612766, 6.855332050613112, 5.1523735953966545, -5.566658507480108, -4.790632323352765, 4.303941146433076, -12.92288679582125, 6.898450268000701] 
[3.587078193600642, 3.2699145549492563, -1.6182354822390268, -0.10680232253932154, -0.48429642090617264, 3.5405973330536433, 0.36851754933085723, -3.8405647564949064, 0.1378317824520945, 2.8808713608722334, 3.1239575736351872, -4.129214289467167, 3726.7947382188677, 9413.623326899153, 974.278583824393, -9203.530065678839, 1597.2865001790265, 97428.90286798653, 2255.0901158150987, -16577.236685247495, 5200913.116828629, 1128.7157966970724, 10223.449252173355, 71.79583872090242, -0.8997858074670335, 1.7856337032180876, 1.4035927407158535, 0.9042489449111891, -4.444775237949735, -6.880921152008264, -1.4093029942183914, 5.670290040283824, -0.6811992246541305, -5.730836839796557, 2.938923798099843, -4.137715016582547, -145.94413857305315, 13.275353263688894, -41.05611114061698, 19.69038230323567, -1.6132106448621237, 7.067140226203322, 5.3872038579918415, -5.862992240339674, -4.504116173186967, 4.091100253533858, -15.153756071689937, 7.044025405043801] 
[3.7531718686233217, 3.1038208799265767, -1.4521418072163472, 0.05929135248335807, -0.6503900959288522, 3.706691008076323, 0.20242387430817763, -4.006658431517586, 0.30392545747477406, 3.046965035894913, 2.9578638986125076, -3.9631206144444873, 3725.9001812532038, 9423.765630435244, 974.4450518503429, -9218.146573487904, 1596.5202799172794, 97427.8024240515, 2253.810185481214, -16576.835496350177, 5200904.318376459, 1131.215353217813, 9689.32382865101, 72.03422040316393, -0.8035540541132807, 1.5650657027029617, -0.6038151951889061, -1.103401521793821, -4.674032482237341, -7.115282668065266, -1.6010723242474105, 5.362531575064787, -0.4300586451186365, -5.900025895020909, 2.743123491949506, -3.94565758224871, -146.14368053135607, 13.148998444015028, -41.155109864608, 19.781590662896885, -1.3988675366357217, 6.742160404922746, 5.309804492368919, -6.110868843385562, -4.262226500301468, 3.447158253405766, -13.415151254416404, 6.855100373882746] 
[3.9450110078083176, 3.2956600191115726, -1.643980946401343, -0.13254778670163778, -0.8422292351138481, 3.8985301472613187, 0.3942630134931735, -3.81481929233259, 0.11208631828977822, 3.238804175079909, 3.1497030377975035, -3.7712814752594914, 3725.3182527665604, 9558.292490782138, 974.2504862740178, -9272.780633847966, 1595.9970249540029, 97427.1334333533, 2249.0639019890505, -16576.504357230817, 5200902.176391087, 1152.7034559211597, 9683.576378916978, 72.39206357535379, -0.6943359553117818, 1.421504658811966, -1.8240842620794961, -2.3251951448500883, -4.401386823409831, -6.840753227210302, -1.489752581636702, 5.156776946206207, -0.20536526426501525, -5.78662178685482, 2.9449489569896716, -3.7308118217322694, -145.92131218744638, 13.245795763809173, -40.189759486551125, 20.74791347584244, -1.0538151163194622, 6.240784808615913, 5.048021537548218, -5.820331707362178, -4.554348246832744, 2.6439796395277853, -12.61738631078649, 7.011512141210572] 
[3.9168265763361694, 3.323844450583721, -1.6721653778734913, -0.10436335522948956, -0.8704136665859963, 3.926714578733467, 0.3660785820210253, -3.8430037238047383, 0.08390188681763, 3.266988606552057, 3.1778874692696517, -3.743097043787343, 3725.372661154902, 9559.489305540214, 974.2788222016331, -9274.394283209642, 1595.9463980691335, 97427.19320252042, 2249.254912687026, -16576.57685419856, 5200904.429195887, 1149.711589026804, 9255.091061639987, 72.31079248828752, -0.6181298585689868, 1.506838085041687, -1.462009726004276, -1.9622873869304307, -4.3289147312521425, -6.777743381302907, -1.4802111509543965, 5.187416424170381, -0.1753079860152009, -5.763413573854525, 2.9711021962937356, -3.7592442579628877, -145.860941611072, 13.198137333042117, -40.35233197650333, 20.584196515605925, -1.0122354630764243, 6.2752111869518785, 5.1050276682522195, -5.809418685194525, -4.4897590712474935, 2.564978045808784, -13.193311298892226, 7.043230400415351] 
[4.163321777285478, 3.0773492496344126, -1.9186605788227995, -0.3508585561787978, -0.6239184656366881, 3.6802193777841588, 0.6125737829703335, -3.59650852285543, -0.1625933141316782, 3.5134838075013652, 2.9313922683203435, -3.496601842838035, 3724.8694417717315, 9566.993060317183, 974.5278677626504, -9251.680487692389, 1596.3680410379695, 97427.68646543847, 2251.178658472749, -16577.168811156676, 5200869.331037587, 1165.470235953478, 9442.2928472798, 71.54103403560595, -0.6106393602250679, 1.1881435514174858, -4.03230550820933, -4.532325744647586, -4.316337053056753, -6.314956484893728, -1.986829075398239, 4.8583126310538916, 0.050360481324057405, -5.503253002745851, 3.2573854570645344, -4.01445574604409, -145.5626784371911, 13.313679715478369, -40.44386219092542, 20.70299467064204, -0.2449745174099438, 5.7123620681113465, 5.543952391373492, -5.724484488146834, -3.947703927358053, 1.7191447513916427, -19.545569492654884, 6.737163283326791] 
[3.808937741101272, 3.431733285818618, -2.273044615007005, -0.7052425923630032, -0.26953442945248257, 3.3258353415999533, 0.258189746786128, -3.2421244866712247, 0.19179072205252728, 3.15909977131716, 2.577008232136138, -3.8509858790222404, 3724.382402297727, 9481.009659227462, 974.9288483551417, -9254.680372020312, 1597.406337890917, 97429.03329038082, 2252.2506120798103, -16575.333201830854, 5200882.854853465, 1162.7863936866142, 9434.153062910369, 68.60799961501016, -1.2190244285261578, 0.5756575619778976, -3.812715516729274, -4.747110650707485, -4.1436958266566934, -6.74627593690835, -1.6072814553773098, 5.173413845905629, 0.34410505549473835, -6.094244140410657, 3.8411504142777138, -3.6127684018022457, -145.12813312413866, 13.684999257470945, -39.26343975768365, 21.727124276284023, 0.07181583683229442, 4.8785494625524315, 5.115168790403229, -6.120913217706864, -5.489442126529806, 0.8528033423677479, -17.275092874977005, 7.129885233241558] 
[4.090418739182296, 3.7132142838996423, -2.554525613088029, -0.9867235904440275, 0.011946568628541654, 3.044354343518929, 0.5396707448671523, -2.9606434885902004, 0.4732717201335515, 2.8776187732361356, 2.8584892302171623, -3.569504880941216, 3725.1172615304044, 9484.448823250432, 974.4458406897068, -9254.010477935048, 1593.436587830307, 97420.64664600548, 2256.5682173872237, -16603.278288436904, 5200875.107998567, 244.3181423293878, 9433.169875390118, 67.94457907267496, -1.4764919880454046, 0.9655528207194077, -4.496579599803203, -5.434296756808893, -4.79251734233376, -7.085620239182344, -1.828541424543966, 4.922216364845462, 0.028349951652690775, -6.381247822126742, 4.331192341882807, -4.132040174701229, -145.4826693721493, 13.202536424894305, -38.84691555262553, 21.99570393182418, -0.2247005837901449, 5.892107857433874, 5.299861246360038, -6.316170177395129, -2.3613998278036235, -4.918176195450082, -15.4840179735029, 5.439283291790213] 
[3.9704686218411984, 3.83316440124074, -2.434575495746931, -0.8667734731029295, 0.1318966859696396, 3.164304460860027, 0.4197206275260543, -3.0805936059312984, 0.5932218374746494, 2.7576686558950376, 2.9784393475582602, -3.689454998282314, 3725.2988573524876, 9484.858660681459, 974.054906004574, -9254.182837569808, 752.941898742542, 97433.37273913414, 2257.0224956327306, -16599.574615131158, 5200874.530633536, 246.08007712417856, 9434.70712409911, 67.24801237151799, -1.2141431206393896, 1.2443699349961501, -4.362395866037515, -5.5609738325331834, -4.955613412059732, -6.957850497621402, -1.7382722439519382, 4.795702320646657, -0.21930462432535688, -6.636038563307526, 4.479302655447647, -4.008525739740909, -145.41136636863286, 13.270821498585923, -38.70054909493159, 22.166655342202475, -0.3280319718680864, 6.141827081932137, 5.1902418253444536, -6.399362149259516, -0.04364291260673436, -7.083456644709754, -15.25338837096677, 5.612097955130696] 
[4.211561027418706, 3.5920719956632325, -2.675667901324439, -0.6256810675254217, 0.3729890915471473, 3.4053968664375347, 0.17862822194854658, -3.321686011508806, 0.35212943189714163, 2.51657625031753, 3.219531753135768, -3.930547403859822, 3725.7425124616266, 9485.451428343506, 973.4835152411589, -9253.767888274011, 766.8810284885301, 96965.90158567658, 2258.4743294590185, -16664.44943139327, 5200873.759188325, 247.79852687104645, 9425.569175865121, 68.13667201787462, -1.6083832390084576, 0.9346973858650982, -4.065463821769401, -5.060492701003973, -4.500339894914947, -7.247299300278089, -1.501407067522225, 4.584228901171409, -0.6049042892163402, -7.075450783433038, 4.712560187453063, -3.716302143147992, -145.56838074737837, 13.196538731456688, -38.85493934163486, 22.524983785848352, 0.0950167880661319, 5.575854807284589, 5.409878867817756, -6.163240070499065, 2.4494564029854433, -9.200801938536133, -14.797763346181595, 5.253974487742865] 
[3.976030841380104, 3.3565418096246304, -2.440137715285837, -0.8612112535640238, 0.6085192775857494, 3.1698666803989326, -0.05690196409005552, -3.086155825470204, 0.5876596179357437, 2.752106436356132, 2.984001567097166, -3.6950172178212197, 3725.436412083721, 9484.208988133269, 974.650518321247, -9254.454594656592, 768.6547619162047, 96969.36561185733, 2251.0137852270573, -16657.108494050473, 5200871.779180813, 248.48649873915758, 9464.421352968862, 68.60440534955389, -1.5256330055361034, 0.7559022909375938, -4.272410840393191, -4.85313747208711, -4.265883823401104, -7.1127589712249915, -1.769530215074256, 4.8797038370079, -0.3666043559125957, -6.868415873632574, 4.606665766259651, -4.072259059580902, -144.71405537019933, 12.253008674898938, -38.65015221850714, 22.355657733450283, 0.24656129281689418, 5.248909494747404, 5.764311777206061, -5.880758541529448, 2.965113376108513, -9.007379144453921, -14.927173176685892, 4.608499105220753] 
[4.106984782265001, 3.2255878687397335, -2.5710916561707338, -0.9921651944489208, 0.7394732184706464, 3.3008206212838296, -0.1878559049749525, -2.955201884585307, 0.45670567705084675, 2.883060377241029, 3.1149555079820628, -3.5640632769363227, 3725.1978635591518, 9481.330622206851, 974.9649708759396, -9254.227055605214, 768.2540305349299, 96805.51088565431, 2291.5023920198028, -16614.453806205263, 5200872.205219434, 247.5782448455389, 9459.104514315079, 68.13037977581688, -1.6345911520638523, 0.7874567850516139, -4.544916944748065, -5.160304876285086, -4.5454629673263245, -7.0547621973295325, -1.9036181470100315, 4.743437938271712, -0.2546970617991465, -6.8232570305297235, 4.498727663106989, -4.204959928113107, -144.78240934718738, 12.13662284452371, -38.86809100568924, 21.977381971733834, -0.10819977410026696, 5.517036242156456, 5.630095306631494, -5.757613188568671, 2.567796052308848, -8.730024118759475, -14.979267714762996, 5.146331154406029] 
[3.929576297795548, 3.4029963532091863, -2.393683171701281, -0.814756709979468, 0.9168817029400992, 3.123412136814377, -0.3652643894444053, -2.777793400115854, 0.27929719258139396, 2.7056518927715763, 2.93754702351261, -3.38665479246687, 3725.460251116409, 9506.535632361454, 974.3566952985025, -9253.973949012723, 767.8633830689838, 96812.56770647393, 2286.415653253647, -16609.28773042203, 5200873.117460009, 244.86404124335826, 9709.197628796042, 69.18567670083887, -1.7509031880242916, 0.8858522528994038, -4.344430795036494, -5.187620497171288, -4.319485522301921, -6.921977624018621, -1.7524859414568015, 4.5565860585627425, -0.5801255061508488, -6.4617659906004805, 4.74868434569842, -4.412187847281076, -144.40771328751362, 11.731347099561102, -38.71401265951284, 21.67969984410764, -0.4605659714342344, 5.822082249924687, 5.848366006453711, -5.579450135658483, 1.653214146353806, -8.075673869338, -14.713084162331038, 5.442497637117139] 
[4.01136101135264, 3.4847810667662777, -2.4754678852583725, -0.7329719964223765, 0.8350969893830077, 3.0416274232572853, -0.4470491030014968, -2.8595781136729457, 0.19751247902430247, 2.6238671792144848, 3.0193317370697015, -3.3048700789097785, 3725.622979087182, 9505.311119469423, 974.5335093602139, -9253.819446322477, 767.9932055589535, 96565.10626449161, 2287.056653718455, -16608.64178863158, 5200872.041338865, 245.3227165219814, 9707.20579472932, 67.79626457334668, -1.988108804870647, 0.6373624323141129, -4.177477850711767, -5.0537524569864924, -4.363811724431292, -6.9559357690446815, -1.6876302266328784, 4.608969414567575, -0.6299245312410697, -6.590409562886874, 4.88040850906558, -4.331829054945158, -144.19108069485137, 11.503141412264423, -38.55242639479521, 21.837219198852946, -0.537296719071096, 5.7153775446937285, 5.783259695098969, -5.5351963663230865, 1.7800682445044327, -7.75786137409226, -14.813288009536683, 5.555388207119757] 
[4.032711614935457, 3.5061316703490952, -2.454117281675555, -0.754322600005194, 0.8137463858001902, 3.020276819674468, -0.4256984994186793, -2.880928717255763, 0.17616187544148498, 2.6452177827973022, 3.040682340652519, -3.283519475326961, 3725.5864179801697, 9505.499685092325, 974.4775964444442, -9253.771753577616, 767.9543592306525, 96562.96258753756, 2286.9424115097618, -16608.917472465935, 5200871.486871632, 245.40988641519309, 9705.770305798955, 68.60428188580396, -1.9756040467468308, 0.6273204098599899, -4.213317528797639, -5.084664333809216, -4.394039677704499, -6.942206524053654, -1.675387347006552, 4.628361641015275, -0.6073532137561419, -6.581957966296119, 4.900092624281849, -4.307959462897128, -144.1801102380258, 11.520101689976743, -38.59048213997715, 21.801918293490857, -0.5183994436708995, 5.742862033525637, 5.7979929149302745, -5.554705654260238, 1.83473142905905, -7.685978005549979, -14.837651717284821, 5.578805470876513] 
[3.9571606535195256, 3.4305807089331637, -2.3785663202596234, -0.8298735614211256, 0.8892973472161217, 3.0958277810903994, -0.3501475380027478, -2.9564796786716947, 0.10061091402555344, 2.720768744213234, 3.1162333020684505, -3.2079685139110294, 3725.4615268994944, 9504.905289596072, 974.6652065470852, -9253.932862133626, 768.0973579759051, 96568.12124446806, 2287.3854385602904, -16610.054933731608, 5200869.026995214, 245.74299540231857, 9713.21494259419, 64.82830757461954, -2.0148871717717136, 0.6841429084773204, -4.2702282883265035, -5.049560027503442, -4.31554719297151, -7.007125204720456, -1.718438847126435, 4.552917511075712, -0.7128071379673883, -6.435063896642388, 4.761350200693337, -4.232896608224283, -144.2245643053684, 11.438072613710277, -38.66788180384125, 21.849358843436928, -0.5914328586340841, 5.859763807889824, 5.862544747169284, -5.634780241497153, 2.0506379812809623, -7.912016233976168, -14.889636683794595, 5.681748587324539] 
[3.890076396765081, 3.363496452178719, -2.3114820635051787, -0.8969578181755703, 0.822213090461677, 3.162912037844844, -0.4172317947571925, -3.0235639354261394, 0.033526657271108706, 2.653684487458789, 3.0491490453140058, -3.1408842571565847, 3725.3349890086247, 9505.731298191378, 974.8056572421191, -9253.80963988864, 768.2085805834724, 96600.17355332646, 2286.815352780192, -16612.03515262418, 5200875.6766072605, 245.34101057286105, 9817.55172143198, 80.07719569830182, -2.206460173835712, 0.49359254508768446, -4.354996974960447, -5.02496937196073, -4.402046785225471, -7.051245173125675, -1.8122120886485538, 4.641179625477879, -0.7719572764850594, -6.491427127490808, 4.710408989432338, -4.300999976999133, -144.00199326336858, 11.186309565674154, -38.62164729684125, 21.812601896657757, -0.5247779301019272, 5.7637855075652675, 5.7603918960546405, -5.722224174601608, 1.928738438771763, -8.235937642313315, -14.93977130181107, 5.762937616384945] 
[4.030985483116072, 3.50440553852971, -2.4523911498561697, -0.7560487318245793, 0.963122176812668, 3.303821124195835, -0.5581408811081835, -3.1644730217771304, 0.17443574362209968, 2.79459357380978, 2.908239958963015, -3.2817933435075757, 3725.030727999592, 9508.640338037261, 974.5469436698465, -9253.578882108754, 768.4710878446551, 96910.24050715839, 2287.67344326199, -16622.197200638257, 5201001.0834450275, 244.69979745988093, 9801.016016686619, -280712.964292358, -2.314548511028969, 0.5776131546266619, -4.530400787437774, -4.87041939220583, -4.570733701344933, -6.842966476386365, -1.5759644996527713, 4.395461969786123, -0.6151711375245101, -6.589152613090261, 4.623740612836757, -4.434764335861014, -143.92478376314537, 11.383719846201343, -38.36569740752407, 22.068779446636196, -0.33620868606947574, 5.553393668054777, 5.65449765000728, -5.60234639959315, 2.2273230738931105, -7.719673655299049, -14.862594836806997, 5.917600506158688] 
[4.029795234481862, 3.5032152898955005, -2.45120090122196, -0.7548584831903699, 0.9643124254468775, 3.3050113728300445, -0.556950632473974, -3.16566327041134, 0.17324549498789021, 2.7934033251755706, 2.9094302075972243, -3.282983592141785, 3725.032701071378, 9508.6497876163, 974.549886947029, -9253.576353255929, 768.4693219107787, 96910.19488279437, 2287.669199753061, -16619.923216339976, 5201001.043928744, 244.7100890490651, 9801.0382758767, -280713.0252439128, -2.3165843098094587, 0.5751207600569818, -4.5330557563884915, -4.8740165916592515, -4.572648639773411, -6.846054951918457, -1.57804431814283, 4.397665213046834, -0.616587632672215, -6.59026520698198, 4.62266848460542, -4.436159963297282, -143.92562271473497, 11.382552874168326, -38.3631638133687, 22.071124018224676, -0.3346021060816608, 5.551429893474838, 5.653693859698613, -5.601478306264623, 2.2230591309557437, -7.713643505750992, -14.86209244838116, 5.916420922056968] 
[4.280088156531302, 3.252922367846061, -2.7014938232713996, -0.5045655611409304, 1.2146053474963168, 3.555304294879484, -0.8072435545234135, -3.4159561924607793, -0.07704742706154921, 3.04369624722501, 2.659137285547785, -3.0326906700923457, 3725.448413692784, 9510.649426608554, 975.167034335673, -9254.1094820206, 768.0985838002933, 96919.65103499487, 2286.7734348944887, -17051.997090735527, 5201009.46706828, 246.86009574901183, 9796.310232725487, -280700.4214470189, -1.8177024006332299, 0.978259547503453, -5.104740238663051, -5.529012297797465, -5.0739081184906905, -7.463117509694747, -1.3864913388982036, 4.585368819867117, -0.3880428885137524, -6.749243144080643, 4.4576131629429705, -4.211967879500508, -144.82261814949408, 12.359841100187902, -38.89034363824228, 21.58290299291204, -0.5292499463951703, 5.281588666719525, 5.210468622713792, -6.063268265599382, 1.337888629746451, -6.202966022082935, -15.30312462059525, 5.571299851179863] 
[3.860371630087541, 2.8332058414023003, -2.281777296827639, -0.08484903469716965, 0.794888821052556, 3.9750208213232447, -0.38752702807965267, -3.83567271890454, -0.49676395350531, 2.623979720781249, 3.0788538119915456, -3.4524071965361065, 3724.939340349129, 9476.645514688818, 972.8545543139522, -9255.905430742747, 768.5764012339988, 96917.05398048401, 2285.969131315303, -17057.71487777414, 5200938.623679454, 202.9251193410743, 9798.260091141976, -280735.95200505294, -2.1117541440426946, 1.1509034265278377, -5.500714981253913, -5.285363882168683, -5.456858662514812, -7.769140326855383, -1.2288449191607729, 4.862414156021761, -0.7362734087294007, -6.342967392180728, 4.150747743981788, -3.8734678522345423, -146.82153901489704, 14.388674300652779, -38.50516232478983, 20.882381859270858, -1.0515137746288796, 5.643295928562612, 4.945322834394446, -5.649379648010499, -1.017790688946258, -4.133998892460905, -15.625678466567223, 5.949549279098302] 
[3.8641684498276296, 2.837002661142389, -2.2855741165677275, -0.08864585443725825, 0.7910920013124674, 3.9788176410633334, -0.38373020833956406, -3.8394695386446287, -0.4929671337652214, 2.6201829010411606, 3.075056992251457, -3.456204016276195, 3724.9480973016325, 9476.68672821551, 972.8611673378362, -9256.434081223253, 768.5838534295002, 96917.06090954135, 2285.9957181257455, -17057.705598877816, 5200938.64039585, 202.94062706248056, 9797.294225138403, -280735.9114123721, -2.106925963167246, 1.1556270871574075, -5.5060243706529, -5.290591038219684, -5.462869501645124, -7.7686888572590345, -1.22276211812079, 4.857595566719228, -0.7394326520454559, -6.344768975233463, 4.154794040017097, -3.877481798180875, -146.82469885063344, 14.38569826228096, -38.495498126790196, 20.891334160384904, -1.0552831635470756, 5.641362830917384, 4.947765077342311, -5.653874299140767, -1.0123567621839975, -4.127133246657837, -15.622251661151193, 5.9544352915083705] 
[4.084501588865623, 3.0573358001803825, -2.065240977529734, 0.13168728460073542, 1.011425140350461, 3.7584845020253397, -0.6040633473775577, -3.619136399606635, -0.2726339947272277, 2.8405160400791543, 3.2953901312894507, -3.2358708772382014, 3724.4442976691967, 9474.236983057226, 972.4748794320008, -9228.321492846764, 768.14814870831, 96916.66156291487, 2287.567708625688, -17057.17200766679, 5200939.624211222, 202.05256889510326, 9747.450346083791, -280738.2123638307, -1.9537127291055265, 1.0117404551572966, -5.670578390190036, -5.157258925667875, -5.790385980643409, -7.757224955503492, -0.8765228440525298, 4.475696420083883, -1.071598975270399, -5.952384465954802, 4.441689567460434, -4.091801077349744, -146.3817257136345, 13.962555045972818, -38.67840697594239, 21.058423744059876, -0.6874098504085278, 5.23314028723216, 4.639441390110814, -5.532256053911939, -0.683171363241311, -4.666969842222373, -15.84919193193217, 6.250140178160832] 
[4.138481264041393, 3.111315475356152, -2.1192206527055033, 0.18566695977650494, 1.0654048155262306, 3.812464177201109, -0.5500836722017882, -3.5651567244308655, -0.2186543195514582, 2.8944957152549238, 3.34936980646522, -3.289850552413971, 3724.3618756929736, 9481.85861117804, 972.4052110726058, -9225.19069894206, 768.2232867174241, 96916.82285738782, 2287.400389069606, -17056.916459995435, 5200938.879723899, 201.43875231104875, 9749.7505098788, -280744.3034478669, -1.8964264251399552, 1.067372704872925, -5.726697144901376, -5.112679699560698, -5.9085981154363845, -7.816626079947089, -0.7272079141608284, 4.365979315975654, -1.1424786363493773, -5.878526168359376, 4.376258962678235, -4.045222311541217, -146.45246356349813, 14.034142846272205, -38.580698239167205, 21.15021649122834, -0.6149085321801459, 5.292746730900609, 4.691134932321226, -5.563467011345133, -0.6134335932588745, -4.904661211813421, -15.921364230141625, 6.1545604994804455] 
[4.3783907913048905, 3.3512250026196497, -2.359130179969001, 0.4255764870400026, 0.8254952882627329, 4.052373704464607, -0.7899931994652859, -3.325247197167368, 0.02125520771203948, 2.654586187991426, 3.589279333728718, -3.0499410251504733, 3724.702056977668, 9743.646415856252, 972.0757560643647, -9232.230726427142, 767.9099247481577, 96916.20208948501, 2288.2782893535787, -17058.33662279389, 5200933.780975282, 205.4489863296149, 9744.112697436265, -280733.3084249868, -1.6607276303517207, 0.8317519367440934, -5.503161294048448, -4.844976922270416, -5.49225550684737, -7.480488071827527, -1.1440909753281616, 4.24285872464981, -0.8089939971866735, -6.2243130099503725, 4.705563937502217, -3.792895088820741, -146.23203825788522, 14.268772131797341, -38.82126472505278, 21.332073172690947, -0.3124279762807101, 5.082658980525889, 4.911579254120721, -5.685785059553362, -0.4458408390306981, -4.021819823675402, -16.115891494584798, 5.723435799151058] 
[4.457601219206912, 3.2720145747176286, -2.27991975206698, 0.5047869149420238, 0.7462848603607117, 4.131584132366628, -0.7107827715632647, -3.2460367692653467, -0.05795522018998167, 2.7337966158934472, 3.668489761630739, -2.970730597248452, 3724.6133089954988, 9741.817318181033, 971.9163995714821, -9231.765990363154, 768.0565960150437, 96916.32901443943, 2288.435267588388, -17055.96160275572, 5200758.426418478, 205.81066521226566, 9743.689985405112, -280723.8521878177, -1.7077721946579603, 0.8998958805147075, -5.419643347171039, -4.76980994858576, -5.566966202160112, -7.3437741872298865, -1.1595511310083888, 4.119339780869204, -0.9001642434575797, -6.142474316854069, 4.786308692731247, -3.7414868505276884, -146.11924782328677, 14.152290846301803, -38.93324690773246, 21.443540695034432, -0.17103429510443244, 5.169920910998479, 4.951703631406327, -5.7426695248671, -0.5788329772949092, -4.37434137958403, -16.17310879361584, 5.596142704929759] 
[4.37992596103392, 3.194339316544637, -2.3575950102399714, 0.4271116567690322, 0.6686096021877201, 4.20925939053962, -0.6331075133902732, -3.3237120274383383, -0.13563047836297326, 2.811471874066439, 3.7461650198037306, -2.8930553390754605, 3724.696253216937, 9737.22485853491, 971.7815418336708, -9232.098093139915, 768.2251158230675, 96916.21788016528, 2288.617748984187, -17048.8150845637, 5200735.274665677, 205.31680319961993, 9743.382800847306, -280721.16547152103, -1.8039844922873616, 0.7982329894465643, -5.470359907960012, -4.845417304768723, -5.6121477401722295, -7.4920173874214395, -1.2470267976041671, 4.2578100219474635, -0.8303391066371725, -6.075087090755593, 4.861182581885624, -3.6783705996854352, -146.01201666525978, 14.048958635475566, -39.04734015275614, 21.541211105556744, -0.25806544060563774, 5.226745293467398, 5.003719068554077, -5.836991608185294, -0.7182530109299177, -4.811973230900834, -16.108695928403314, 5.401238306771829] 
[4.571925865018167, 3.3863392205288836, -2.549594914224218, 0.6191115607532788, 0.47660969820347354, 4.401259294523866, -0.44110760940602656, -3.1317121234540917, 0.05636942562127334, 3.0034717780506854, 3.554165115819484, -3.085055243059707, 3724.4813635229207, 9668.150980859564, 971.3964634069998, -9233.216987968322, 768.7247635955166, 96916.46803885871, 2288.0692610644037, -17054.668313578415, 5200745.776159932, 203.48958913500223, 9743.977061727259, -280724.33853333263, -1.5213646695427754, 1.0803191140833246, -5.3840940378840045, -4.640314927506001, -5.314781406895777, -7.3819456669637455, -1.5353424898600398, 4.405416968742353, -1.0403147018716565, -5.831895346771595, 5.048955100044802, -3.8926504582001455, -145.87341465906232, 14.199387798541002, -39.37814329828768, 21.77048135013484, -0.5073485625762457, 5.074855436660791, 4.870622201298926, -5.581528679824151, -0.34901039156582214, -3.592590460791494, -16.314771320222494, 5.702298184810376] 
[4.30658329457133, 3.1209966500820467, -2.814937484671055, 0.35376899030644193, 0.7419522686503104, 4.666601864970703, -0.7064501798528634, -2.866369553007255, -0.2089731448255635, 3.2688143484975223, 3.819507686266321, -3.350397813506544, 3724.752010909759, 9663.631769680445, 970.544330110292, -9234.004911469718, 767.4640450338069, 96916.17525733142, 2289.5249566502016, -14336.598731185217, 5200662.181265526, 189.4920471736247, 9745.627461272017, -280641.23913258256, -1.3278750281071234, 0.8365503312569029, -5.605484388126631, -4.67800414121802, -4.961007276203296, -7.195238316177567, -1.9063996224642403, 4.636217553719198, -1.3186461271700245, -5.532559709209721, 5.381832376296913, -4.191360012091381, -145.58309083042053, 13.914536591380285, -39.95612077389401, 22.553964557399482, 0.08017880850701697, 5.295074985677152, 5.059456299547203, -5.819077780161186, -0.02180031885520134, -2.2863570894204948, -16.67792146044779, 6.21814118248871] 
[4.176975371535151, 2.9913887270458677, -2.944545407707234, 0.22416106727026286, 0.6123443456141313, 4.536993941934524, -0.8360581028890425, -2.7367616299710757, -0.07936522178938443, 3.139206425461343, 3.689899763230142, -3.480005736542723, 3724.5984770756554, 9969.21326119104, 969.2855359300369, -9235.084817323974, 767.1801960678939, 96916.04537731035, 2289.2173767218765, -14338.353642672218, 5200659.169773832, 181.44097846418256, 9745.956965038138, -280638.2228641833, -1.1282556158217694, 1.035183671617074, -5.780606682455481, -4.514270910298294, -5.047575770221977, -7.099754041487287, -1.9709378655188396, 4.751304348768315, -1.2027524808588468, -5.4126474551241595, 5.469486918726402, -4.10746450400969, -145.43255982105288, 13.758876259383257, -40.32814456077382, 22.795815008560925, 0.2049102589999347, 5.1921795261968935, 4.839655805080342, -5.561806624208532, -0.19951177616102414, -1.9984822728378375, -16.53313562724986, 6.302008631952162] 
[3.933090723091511, 2.747504078602228, -3.1884300561508736, 0.4680457157139025, 0.36845969717049165, 4.293109293490884, -0.5921734544454028, -2.9806462784147154, 0.16451942665425523, 3.383091073904983, 3.446015114786502, -3.7238903849863627, 3724.268769211089, 9980.104829587146, 962.9223898734291, -9230.149097656666, 766.4420030185876, 96915.7938333371, 2288.7744118246524, -14336.78149583382, 5200697.970159054, 43012.75188656186, 9745.059322188074, -280640.4356169436, -0.8954352187965215, 0.8469594796448588, -6.025911713175572, -4.71690072853828, -5.381335158300166, -6.76803868201354, -1.5785212909239827, 4.860981788866734, -1.0061914742909353, -5.648720098490431, 5.865012875201508, -4.500554961920821, -145.68101163398032, 14.050352495943658, -39.438016942426785, 23.014319462878422, 0.5445623890910438, 5.621291864183469, 4.66342026447457, -5.696897577111335, -0.01339306350454017, -2.3950220782399434, -16.171044485083602, 5.750936679761447] 
[3.9662670893274212, 2.714327712366318, -3.2216064223867837, 0.5012220819498127, 0.3352833309345815, 4.3262856597267945, -0.5589970882094927, -2.9474699121788053, 0.1313430604183451, 3.3499147076690727, 3.4791914810224123, -3.757066751222273, 3724.334322228892, 9980.329860145304, 947.7881430938625, -9229.986092896928, 766.1862668276395, 96915.83360040044, 2288.8809002724797, -14338.073368203464, 5200699.207006911, 43012.17184434668, 9744.690061635592, -280640.3259208501, -0.9340889981126151, 0.822721552237206, -6.061297955411036, -4.770069976641402, -5.335899633790193, -6.686448152368968, -1.5063325169207114, 4.8043190202111035, -1.0329466909227503, -5.622008156207323, 5.908439408561934, -4.556752655152119, -145.7115450119064, 14.084826940538415, -39.60188176757218, 22.95509289565497, 0.607717350214809, 5.5969424510552255, 4.644750717398852, -5.729091559838213, -0.06044369656664507, -2.459573257152248, -16.028029188803817, 5.702449483209134] 
[3.8633349362295037, 2.8172598654642353, -3.324538575484701, 0.6041542350477301, 0.438215484032499, 4.429217812824712, -0.4560649351115752, -3.0504020652767228, 0.028410907320427614, 3.2469825545711553, 3.5821236341203297, -3.6541345981243554, 3724.1434370253173, 9979.730418602723, 963.900111999232, -9230.431922093869, 765.2355257092579, 96915.95354188747, 2288.5149277343594, -14335.307316077862, 5200693.205841882, 43009.76542013876, 9743.751826667354, -280640.01711949, -0.8039761610562829, 0.6796713404351133, -5.902754792652385, -4.8458562017307685, -5.409747756426776, -6.503327893781946, -1.3158044625126406, 4.868003358554075, -1.1296140511878028, -5.501712212249899, 5.74486840539222, -4.363671508282887, -145.88019115914875, 13.904160262778184, -39.10579360039954, 22.88535556164193, 0.5295604188390219, 5.6787473163131486, 4.695642007436826, -5.65620059405185, -0.1572614533017263, -2.1404022159885874, -15.441342249542988, 5.558884211913556] 
[3.935452753679013, 2.8893776829137447, -3.3966563929342106, 0.5320364175982207, 0.5103333014820084, 4.3570999953752025, -0.5281827525610846, -2.9782842478272133, 0.10052872476993702, 3.174864737121646, 3.654241451569839, -3.582016780674846, 3724.3086493602036, 9979.020280712513, 961.7211598629892, -9230.655405165013, 765.6360666216635, 96916.03176632996, 2288.886729257017, -14326.610772091588, 5200782.575320124, 43016.28250063327, 9744.148440474659, -280640.3170026228, -0.8891983544985123, 0.6283510857316326, -6.008914292566154, -5.016548044799016, -5.227001120384252, -6.567980511778011, -1.2279634841682356, 4.969439451939323, -1.1913700823100117, -5.429209179344045, 5.677745430559909, -4.453528451282084, -145.72027746368127, 14.063658966211163, -38.81412417247675, 22.949823239694844, 0.6000025270165816, 5.569951399260295, 4.809771612306007, -5.569559623231222, -0.25628122229916306, -2.2877758790980174, -15.27261533438225, 5.491824824542822] 
[3.837019940199238, 2.9878104963935197, -3.2982235794544357, 0.4336036041184458, 0.6087661149617833, 4.4555328088549775, -0.42974993908130965, -3.0767170613069883, 0.19896153824971197, 3.273297550601421, 3.752674265049614, -3.680449594154621, 3724.1150598610216, 9977.439663821755, 963.2674144531586, -9230.2729077999, 766.0486079596706, 96915.91978265208, 2289.2742900909707, -14330.334578400989, 5200792.348210826, 43105.23131598461, 9743.739288695777, -280640.85858191864, -0.7696340526280897, 0.7278428678964294, -5.8632149016624275, -5.1279794111502, -5.275963502055929, -6.600048165500073, -1.145185584326363, 4.893083825827152, -1.2857710464522931, -5.3332251450611885, 5.5515350691870315, -4.313986140744146, -145.92723522127514, 13.807612908529416, -38.20248529741352, 22.767933828684424, 0.7661923429713768, 5.418466899874057, 4.962952684932941, -5.489961230154315, -0.36167516016585394, -2.1150725674204516, -15.49875120991155, 5.604523981335519] 
[3.818972322531871, 3.005858114060887, -3.2801759617870685, 0.4155559864510786, 0.5907184972944162, 4.473580426522345, -0.44779755674867683, -3.058669443639621, 0.21700915591707914, 3.291345168268788, 3.7707218827169813, -3.698497211821988, 3724.0710963821807, 9978.208854874436, 964.0090991391504, -9230.37514861233, 765.9934196598983, 96915.90048994293, 2289.378255933114, -14326.040533431033, 5200792.810187256, 43104.18484159052, 9743.794112470694, -280640.7900453528, -0.7476280518150568, 0.7039712313217535, -5.884652273877503, -5.114516247335712, -5.261861758393651, -6.639328611474204, -1.177262625151892, 4.918128558308159, -1.303554579877644, -5.317044802614429, 5.568749604798776, -4.334143862941279, -145.91180641370568, 13.780157767382969, -38.10367420995056, 22.801164180154355, 0.7307344657262242, 5.44872067991607, 4.92944042508774, -5.503497398493516, -0.3797654521266869, -2.0869839338214535, -15.463352063466262, 5.626215807285964] 
[3.521935398606499, 3.302895037986259, -2.9831390378616964, 0.7125929103764508, 0.29368157336904405, 4.176543502596973, -0.1507606328233047, -2.761632519714249, -0.08002776800829298, 3.58838209219416, 4.067758806642353, -3.99553413574736, 3723.314930490926, 9961.987076697722, 948.4433284324306, -9232.19776731462, 766.9509789841086, 96915.58584764559, 2290.9626826773647, -14369.337143754678, 5200786.402778014, 43090.840071666105, 9744.651949315337, -280639.7268326392, -0.38102048232919355, 0.37473475434184395, -5.54432424049261, -4.6090864859459595, -5.783933719753138, -6.4854919210847255, -1.5072051670235629, 5.145325496084247, -1.567435066002763, -5.037616810226834, 5.266417575266782, -4.6840498653713984, -145.146554577184, 14.490585029768901, -36.67430603650607, 22.62425101146557, 0.3261491353253201, 5.169749587410759, 4.712634924309, -5.795957914916525, -0.7879741792110997, -2.5667632597951138, -15.989107158661282, 5.28187116173513] 
[3.121297559417809, 2.902257198797569, -3.383776877050386, 0.311955071187761, 0.6943194125577339, 3.775905663408283, -0.5513984720119944, -3.162270358902939, -0.48066560719698276, 3.1877442530054703, 3.6671209674536636, -4.39617197493605, 3726.2219328107694, 9977.519535851437, 932.3522410198977, -9233.135037638494, 762.169960036858, 96915.0439472842, 2273.2016225693205, -14366.424569113704, 5200723.712832546, 43092.986117541666, 9744.024890357348, -280639.02189244423, -0.9893093550827845, 1.0354239644576186, -5.086281398058456, -5.066863178698329, -6.1881321010665955, -7.714114277377883, -2.73289280556431, 4.393045193362291, -0.9271708102824043, -4.40555102252518, 6.271858924039127, -5.762688785769729, -144.0479089345811, 13.815443396222587, -37.32680939580201, 22.892874075464068, -0.2929830523079052, 5.784776942757008, 4.063385615254222, -5.033499557606449, -0.1385054992725281, -2.9385894054499064, -16.18549070639344, 5.034818648220617] 
[3.2866444704797013, 3.0676041098594613, -3.5491237881122784, 0.47730198224965315, 0.859666323619626, 3.941252574470175, -0.7167453830738866, -3.327617269964831, -0.646012518258875, 3.022397341943578, 3.5017740563917714, -4.561518885997942, 4127.710860238157, 9980.461858125867, 929.4774123212102, -9231.379759681517, 761.7661076232692, 96915.51474806905, 2272.5991542830748, -13979.65410623558, 5200724.486256819, 43015.30223196783, 9743.367899001156, -280639.2049409583, -1.1590026017972734, 1.2594385243855677, -4.8335015441596765, -4.821709778527115, -6.01999601710381, -7.942389248654371, -2.9772431329495403, 4.2757262953378, -0.67272508357305, -4.655306511765518, 6.132102787179625, -5.92797968560375, -143.8154746341012, 13.638412796865909, -37.44261834058074, 23.06018516866637, 0.0627487689703401, 5.549501078446318, 4.423205532550647, -5.239485881790361, -0.4543424211923947, -2.6912639125152986, -16.790761402347947, 4.910568178023771] 
[3.3074383715784856, 3.0883980109582456, -3.528329887013494, 0.4565080811508688, 0.8388724225208417, 3.9620464755689593, -0.7375392841726709, -3.3484111710636153, -0.6668064193576593, 3.0431912430423624, 3.480980155292987, -4.540724984899158, 4126.71559777857, 9976.656463973124, 929.3450416752485, -9231.281226264216, 761.8023342243649, 96915.5551826901, 2272.5509714824807, -13979.046236474152, 5200724.428880517, 43016.77276692031, 9743.200498895974, -280639.18366647494, -1.1832976255102612, 1.2333536329349617, -4.801298244316664, -4.847874333541152, -5.994180299254119, -7.914794595065791, -2.9490867813851094, 4.306332133398587, -0.7188720852369126, -4.606002840587835, 6.110156871457153, -5.956391233804259, -143.84378487549387, 13.666524920191064, -37.40815676503038, 23.02772249890062, 0.03302272074290226, 5.528978679524536, 4.392046612060638, -5.21167149914532, -0.4297797579380985, -2.6834114543906398, -16.629997936480038, 4.882454463424569] 
[3.8742322381112837, 3.6551918774910437, -4.095123753546292, -0.11028578538192924, 0.27207855598804365, 3.395252609036161, -0.17074541763987283, -2.7816173045308172, -1.2336002858904573, 3.6099851095751605, 2.914186288760189, -3.9739311183663597, 4147.512660478233, 9776.163550847728, 925.3607235858589, -9228.364406939234, 762.8265882155272, 96914.49580825848, 2271.2975966260938, -13992.487723263539, 5200725.910628502, 42958.047543041204, 9748.314637801348, -280639.7674966205, -1.7751684796399005, 0.6618794263718185, -4.258773140054484, -4.650678413468248, -5.099870891084686, -8.643906615367472, -3.850736799887621, 4.798279286040642, -1.1342655335370773, -4.906885573149802, 6.808776737904526, -6.979223097284417, -144.4805977452012, 13.069382439701858, -37.8207257087553, 22.608145959763107, -0.8102079208098584, 6.292110406923772, 3.6440133835398782, -5.883304883753989, 0.2723849146848856, -2.458386526761766, -11.751556670642492, 5.240392752497574] 
[3.2408733532909695, 3.0218329926707295, -4.728482638366606, 0.523073099438385, 0.9054374408083579, 2.761893724215847, 0.4626134671804414, -3.4149761893511315, -0.6002414010701431, 2.9766262247548463, 2.280827403939875, -3.3405722335460455, 4146.096824824268, 9778.78734236444, 924.4082787231675, -9280.648823859214, 754.0564936535158, 96904.43852317605, 2293.2345511725266, -13997.592126758274, 5200725.199423498, 42954.93993806065, 9735.853895884933, -280638.60934699303, -0.29030116764099945, 2.1175192572703603, -5.390918575961974, -5.414523372820115, -4.240379691876867, -7.959539057040414, -4.44020520829028, 4.02945209856649, -0.4406992674289437, -4.222867215204334, 7.764610747489638, -8.438259127042345, -143.29501034542332, 11.226349992250645, -38.86592979899344, 21.857805466121032, 0.17398454094006122, 4.7056242065480145, 1.9585474130339424, -6.9696233671858145, -0.6151228017318182, -2.700638814885323, -10.076392079327386, 3.9524829918787745] 
[3.0785982512224157, 3.1841080947392832, -4.5662075362980525, 0.6853482015069388, 1.0677125428769116, 2.924168826284401, 0.3003383651118876, -3.2527010872825777, -0.43796629900158934, 3.1389013268234, 2.118552301871321, -3.5028473356145993, 4162.614525766103, 9790.155969967664, 924.2459615836435, -9279.998539645838, 753.794289962259, 96903.25726370496, 2292.4198080387755, -13999.818273437553, 5200725.708049311, 42948.922606477994, 9736.136073207736, -280642.7624634612, -0.11323587784378439, 2.316369855591802, -5.878079759845587, -4.941523033943901, -4.111862858267288, -7.835640290647792, -4.116775508989959, 4.319902616380577, -0.2971701161132888, -4.149629230171911, 7.6849428800309, -8.542084155134086, -145.14445607172885, 11.498655726151814, -39.05194437430817, 22.010344912294585, 0.8339665819174681, 5.3265059824561005, 1.6929365434084693, -7.334930999925954, -0.9866461968277074, -2.52188194876085, -10.551557847739621, 4.440733911140036] 
[3.013985264448592, 3.248721081513107, -4.501594549524229, 0.7499611882807626, 1.0030995561030878, 2.9887818130582247, 0.3649513518857115, -3.3173140740564016, -0.37335331222776547, 3.203514313597224, 2.053939315097497, -3.4382343488407754, 4146.310665581402, 9825.923431993739, 924.1799479704575, -9280.159823586666, 753.8784706576911, 96904.64580834298, 2293.158045234099, -14005.073768547081, 5200726.067290527, 51869.39809557125, 9736.047416002157, -280643.27967505006, -0.0443622073231775, 2.384114617970719, -5.835700345893837, -4.895172630561516, -4.3014410158818945, -7.640798157473855, -4.204006011099343, 4.249573410583563, -0.24530350385991567, -4.093197089275893, 7.416902322720329, -8.26985619754156, -149.10140313352684, 11.673198013360668, -39.104106944729565, 21.979075946782064, 0.8066974504319988, 5.358647506606039, 1.601734993755583, -7.276007995362367, -0.7169622639699217, -2.4164008425416146, -10.517370682556555, 4.496656816010562] 
[2.7472390916661498, 3.515467254295549, -4.768340722306671, 0.4832150154983206, 0.7363533833206457, 2.7220356402757826, 0.6316975246681535, -3.0505679012739595, -0.6400994850102075, 3.470260486379666, 2.3206854878799392, -3.1714881760583333, 4129.840228252262, 9849.255367264856, 924.4589069808392, -9280.73397419541, 754.2537002861268, 96916.15839543511, 2291.0639533691647, -13996.345593508107, 5200724.062209447, 51799.74055162776, 9735.707256476378, -280640.15783856204, 0.19330441634809134, 2.658756797742244, -6.5395478167329895, -4.1754159483226045, -4.53194347039106, -7.808107241546873, -4.609071695066773, 3.794137970532317, -0.585707758108571, -4.36514383204322, 7.299390182261966, -8.446558448572498, -164.17918158707724, 12.46270494317186, -39.30153054758643, 21.899070066686626, 0.7288699824542341, 5.499468902919021, 2.1167328177734435, -6.850376128093407, 0.4430311850468166, -2.661281970681833, -11.273673785309098, 5.243536622271699] 
[3.0236219701382394, 3.2390843758234595, -4.491957843834581, 0.7595978939704102, 0.45997050484855606, 2.445652761803693, 0.9080804031402432, -2.77418502280187, -0.9164823634822972, 3.7466433648517556, 2.597068366352029, -2.8951052975862437, 4131.712507108788, 9851.327367932481, 924.1816570498114, -9279.45371038419, 754.8664766680588, 96914.492824795, 2290.271363619449, -13962.895918306498, 5200724.836960401, 51802.39327091941, 9736.223397716756, -280330.82343334943, 0.43993412454774894, 2.4067517513751673, -6.328025921638302, -4.055306378834851, -4.461986720608911, -7.47536788456995, -5.091184319346442, 4.2503150148275965, -1.1451078303281157, -3.8063421408945377, 7.171674707425151, -8.644646112237904, -161.77345683675708, 11.093832884729803, -39.24035913127341, 22.430066905194817, -0.16089938022057015, 4.682131538338067, 2.6220344991911135, -7.527712665158903, 1.0900801538982634, -3.124998713237373, -11.509531844634875, 4.998013840244543] 
[3.1513313808466963, 3.1113749651150027, -4.619667254543038, 0.8873073046788671, 0.5876799155570129, 2.317943351095236, 0.7803709924317863, -2.9018944335103267, -1.044191774190754, 3.6189339541432988, 2.469358955643572, -2.767395886877787, 4122.493368397101, 9837.848178115879, 924.3157785371832, -9279.723019536992, 755.5145291749162, 96914.80353949749, 2290.47686429221, -13961.906096960602, 5200725.039806493, 51801.99854290989, 9735.74746611866, -280328.6783369005, 0.2989178092519339, 2.275883612021902, -6.736013804286834, -3.6591926781113697, -4.7028674569156985, -7.617795617642421, -4.909558430173837, 4.25051589643647, -1.4036780659386605, -3.552114493885419, 7.282263146784399, -8.818483762972111, -161.07816320259633, 11.384566824689616, -39.03352301399069, 22.24928786491935, -0.1942581894792309, 4.7749099924661556, 2.9027107182491885, -7.889397198859669, 1.2619277064940677, -3.3767926626230533, -11.280595407336012, 4.655799458449245] 
[3.3616757149680057, 2.9010306309936933, -4.830011588664347, 1.0976516388001765, 0.7980242496783223, 2.5282876852165455, 0.9907153265530957, -2.6915500993890173, -0.8338474400694447, 3.4085896200219894, 2.6797032897648814, -2.5570515527564774, 1904.6026577532743, 10068.278978934004, 924.5279416841618, -9279.373148317825, 756.1988105998936, 96915.1943587575, 2290.901825594708, -13958.174156681509, 5200725.3212441, 51801.00196246899, 9735.205060838342, -280330.2526701055, 0.5107656858702091, 2.4832462205986654, -7.148842879639133, -3.256930803370536, -4.624318037630356, -7.465051564253403, -4.621075470207957, 3.9287997406541466, -1.6381925919747389, -3.5182011283860746, 6.804265556582245, -8.326558801031844, -163.4947741762969, 11.740326827422106, -39.28748206689841, 22.20366913177435, -0.44235599515886226, 5.522055593320368, 2.2581420336950724, -8.112068403377627, 0.9818898251470314, -3.0307629312751, -11.64696072335471, 5.052600616886402] 
[3.1078912470176947, 3.1548150989440042, -5.083796056614658, 0.8438671708498655, 0.5442397817280114, 2.2745032172662345, 1.2444997945034066, -2.9453345673393283, -1.0876319080197556, 3.6623740879723004, 2.4259188218145704, -2.3032670848061665, 1909.927602029435, 10072.749979027329, 924.270613448089, -9279.052854393172, 755.7037418957331, 96914.42829687257, 2290.539066732399, -13959.515311253868, 5200725.784039021, 51804.64779675204, 9733.927162937403, -280329.4192282529, 0.21619376195353057, 2.1887356106380205, -6.732069616591323, -3.6012356409300623, -4.2201750049168085, -7.187253607982724, -4.902633255761296, 3.797596460423898, -2.1217106046210565, -3.094145852577688, 7.155409050779842, -8.711742953522833, -164.38734980054406, 12.274714778915431, -39.04942946105786, 22.38521838400566, 0.057093174493240584, 4.792067958458453, 2.6651352244562063, -7.973650721971728, 1.2646149683027934, -3.595273090219694, -11.115056173087792, 4.2923437105380255] 
[3.212466739614073, 3.050239606347626, -5.188371549211037, 0.7392916782534871, 0.4396642891316329, 2.379078709862613, 1.1399243019070282, -3.0499100599357067, -1.192207400616134, 3.766949580568679, 2.321343329218192, -2.198691592209788, 1817.8194025813737, 10670.92967423201, 924.1501741824911, -9278.865555845274, 755.3136564504046, 96914.60818746085, 2290.6556170838344, -13962.265470976405, 5200725.917398572, 51805.07021460563, 9733.684247382093, -280329.23006385466, 0.1080721209176243, 2.295284642073501, -6.895521417468666, -3.415004453080486, -4.131829158598371, -7.243458577528798, -5.154615841454761, 4.063165333134064, -2.228731995073791, -2.9431003625293775, 7.264056656967247, -8.799376259000109, -162.1424678925753, 12.09571075558193, -39.157824128675706, 22.334542138514244, -0.06933270216505663, 5.0692872454447135, 2.466328333655156, -8.066642109295195, 1.204975390065531, -3.7076296368999326, -10.964374734090347, 4.124670715168808] 
[3.119550239457168, 3.143156106504531, -5.095455049054132, 0.8322081784103921, 0.3467477889747279, 2.286162209705708, 1.2328408020639332, -2.9569935597788017, -1.285123900773039, 3.674033080411774, 2.228426829061287, -2.291608092366693, 1799.2906920917842, 10682.094584050406, 924.2677837904845, -9279.070236301148, 755.8265375990015, 96914.80293043156, 2290.7681671043756, -13951.180456820011, 5200725.809780181, 51805.3413630739, 9733.857980578421, -280329.08818732266, 0.0174941150287828, 2.2122803897400063, -6.804059050152859, -3.362882739054097, -4.013921864571361, -7.166779536141692, -5.129612390395179, 4.140626177642277, -2.182167483725719, -2.8362376551994566, 7.406548457773355, -8.636792044138108, -156.57898015431607, 12.207015010076981, -39.226363222030606, 22.240300285401464, 0.056332866528450626, 5.134811121414079, 2.508258158845961, -8.000674183467043, 1.3736124961789, -3.871313263535543, -11.033510128440156, 4.022666953990147] 
[3.015442974010589, 3.24726337195111, -5.199562314500711, 0.7281009129638127, 0.45085505442130724, 2.1820549442591286, 1.1287335366173539, -2.8528862943322224, -1.3892311662196184, 3.778140345858353, 2.1243195636147076, -2.3957153578132724, 1584.9853181314375, -31908.311423385137, 924.3887966878981, -9279.260650297358, 754.9251126118858, 96914.98563773584, 2290.6512016719066, -13954.270472271599, 5200725.696692295, 51804.93737017697, 9734.024184774293, -280328.90373305994, 0.12009752361421015, 2.109636575280235, -6.667092834627222, -3.302981626106637, -3.8274472688147774, -7.006796797860355, -5.4076689490254175, 4.392674080921069, -2.0885907323088535, -2.7538311178637573, 7.310899535951901, -8.553502279390175, -25.053706849669737, 12.027699736793267, -39.47665253572525, 22.496638753769297, -0.15507802917627433, 5.222667807935165, 2.550384950704419, -7.920795037193978, 1.1564131281938006, -3.6518776042447985, -11.196639893159658, 4.141330667545964] 
[2.8098133087910524, 3.0416337067315737, -5.4051919797202475, 0.5224712477442763, 0.24522538920177084, 2.387684609478665, 1.3343632018368903, -2.647256629112686, -1.5948608314391548, 3.9837700110778895, 2.329949228834244, -2.190085692593736, 1597.9755959209504, -31926.7953203313, 924.1254573525604, -9279.725005831126, 756.0081420629331, 96915.29225462994, 2290.3995077357886, -13951.733748859018, 5200725.909252539, 51804.355407891846, 9734.308340027117, -280328.4572170691, 0.325627642013051, 2.2968418136867594, -6.241133344422037, -3.6330157654345054, -3.525233500326785, -6.715346476213749, -5.904527951976175, 4.8538081619125375, -2.331270796277925, -2.4686114976209437, 7.527845954495682, -8.680760912190813, -18.110124617107893, 11.702392732155172, -38.73292015928422, 21.733112899024924, 0.4256745207296283, 4.5500852842125585, 3.0363150092573683, -7.557847039011723, 1.5566189581488026, -4.033663274360337, -10.843713057997425, 3.9403478863275274] 
[2.7015328167911354, 2.9333532147316568, -5.513472471720164, 0.4141907557443594, 0.3535058812016878, 2.495965101478582, 1.4426436938368072, -2.755537121112603, -1.4865803394392378, 3.8754895190779726, 2.438229720834161, -2.081805200593819, 1596.9550189411555, -31915.922209405155, 924.3083429509927, -9280.159825039862, 757.8452825858121, 96915.52336113658, 2290.51407410997, -13952.21478124689, 5200726.0175957605, 51804.549927039756, 9734.514105246313, -280328.29391533893, 0.23259552162183167, 2.3877641726928966, -6.173012807012177, -3.538923866534371, -3.4046486936502203, -6.8763946566315965, -5.586596992657152, 4.5468411233889166, -2.2197716798820766, -2.3732668516582733, 7.653995504933494, -8.594912955155518, -17.52735148607056, 11.486217102429002, -38.18522494789853, 21.262823377613795, 0.4094456000166318, 4.3703049154178775, 3.2453530620845936, -7.651918092998797, 1.4063578871729212, -3.8201568223041162, -11.09503030151206, 4.0947168642589] 
[2.9935327598164774, 2.641353271706315, -5.2214725286948225, 0.7061906987697013, 0.6455058242270297, 2.787965044503924, 1.1506437508114653, -2.463537178087261, -1.194580396413896, 3.5834895760526306, 2.146229777808819, -2.373805143619161, 1595.3459427297785, -31909.090279067863, 923.7054324697776, -9278.356971151274, 755.4088400006253, 96914.71682647378, 2290.8109225944495, -13954.274305946812, 5200726.311676496, 51805.20085578196, 9733.816095735172, -280328.67771029484, 0.5116084703617001, 2.5769399711968672, -6.692798723913717, -3.015965037178887, -3.5263944407355297, -6.595589598619685, -5.435261284778192, 4.750562721860254, -1.8956328371234175, -2.6961609849088455, 7.4558860251450065, -8.994541143834548, -19.577214954429905, 12.542646371453404, -37.441025925084034, 21.017152782657753, 1.6851343216955932, 3.7718954587860107, 3.1059186779440084, -7.726946693673409, 1.3456742519422706, -4.3045034135301306, -10.394189236295544, 3.6190727710434896] 
[2.9974954176729076, 2.6373906138498846, -5.225435186551253, 0.7022280409132711, 0.64946848208346, 2.7840023866474937, 1.146681092955035, -2.459574520230831, -1.1906177385574657, 3.587452233909061, 2.1501924356652493, -2.3698424857627307, 1595.5280333298704, -31909.07305388855, 923.7002352923275, -9278.347561420605, 755.3978911831268, 96914.68378392691, 2290.815676161298, -13954.284376745949, 5200726.307095465, 51805.22252282205, 9733.810465744284, -280328.68592487916, 0.5164528553407643, 2.569325237360385, -6.7065064134893575, -3.002437540962009, -3.5321737722609705, -6.588950530016903, -5.4370073404154, 4.747359334655938, -1.891873608834153, -2.6922804900432933, 7.460792855196483, -8.990053601441252, -19.562739501172857, 12.546408631319416, -37.431151249329254, 21.00680469508782, 1.6840665183529675, 3.7632042280438487, 3.10955554158891, -7.726243851372944, 1.340671611710851, -4.298928232103528, -10.389976730919592, 3.6142238228123458] 
[3.171886905844162, 2.811782102021139, -5.399826674722507, 0.8766195290845256, 0.4750769939122055, 2.609610898476239, 1.3210725811262896, -2.6339660084020853, -1.3650092267287202, 3.7618437220803154, 1.9758009474939948, -2.195450997591476, 1603.9851430557942, -31908.32585683648, 923.9299751457754, -9278.765553034627, 754.9210710452074, 96913.26032596105, 2290.605731806671, -13953.845495898564, 5200726.104854355, 51806.16030100508, 9734.059517005633, -280328.3273556147, 0.7155657203732642, 2.3692241303217463, -6.727592897191453, -2.7543137375310454, -3.7593692330172277, -6.3325316538579095, -5.578204785083976, 4.583737442117059, -1.704692586522209, -2.9051364985611654, 7.205633235386332, -9.269883183341578, -20.30519596279446, 12.826741473889815, -36.9639780144378, 20.46697103418764, 1.9838766187009431, 3.947435532553752, 3.2123036687051876, -7.436929969564766, 1.7848869148668398, -4.585638724967878, -10.566555662072787, 3.829860063922417] 
[3.0517469501992727, 2.6916421463762497, -5.279686719077618, 0.7564795734396361, 0.35493703826731604, 2.4894709428313497, 1.2009326254814001, -2.7541059640469747, -1.2448692710838307, 3.641703766435426, 2.0959409031388843, -2.0753110419465868, 1734.933439620641, -31909.47127129923, 923.7288485384373, -9278.968933212, 755.49529593576, 96913.72726122985, 2290.7336867843787, -13953.33706947876, 5200726.230229199, 51806.515913698066, 9733.917296771184, -280328.1447690031, 0.8343760614708768, 2.5429896545449133, -6.509335741546368, -2.9670781015901806, -3.894896634860099, -6.2217536821615775, -5.462005867757629, 4.599142976169774, -1.5714349275632022, -3.025490361320532, 7.030355762573715, -9.14027879459847, -20.02836356068601, 13.107753158660326, -37.45967878619454, 20.930766715917247, 1.6455044546062514, 4.3177658848290665, 3.1056468829069854, -7.52890554149049, 1.6481176757860145, -4.680747697283862, -10.704590452366276, 3.980284136236756] 
[2.7445627112522244, 2.998826385323298, -5.586870958024666, 0.44929533449258785, 0.6621212772143643, 2.1822867038843015, 0.8937483865343518, -3.061290202994023, -1.552053510030879, 3.948888005382474, 1.788756664191836, -1.7681268029995385, 1696.7765298140296, -31907.84730042004, 923.2969547868855, -9278.31687239805, 752.9519173666606, 96912.89319272908, 2291.087045799069, -13955.488518380233, 5200726.572503322, 51807.851832185086, 9733.506984752377, -280327.7439237361, 0.5341759383252099, 2.4200737748119923, -5.824955570428389, -3.6742743233909154, -3.6294932888945564, -6.7055878545294565, -5.2995725108439915, 4.901702908818421, -1.1631936060861152, -3.213691248591817, 6.526670496241902, -9.43910708896556, -19.441867560974412, 12.558665585033362, -38.41722649832853, 21.95914049902374, 1.0213671841666252, 3.827007406032142, 2.4559962790859604, -6.869094506846329, 1.3549684477182973, -5.000200232368432, -10.350830570141934, 3.6635785349603402] 
[2.639841502288527, 3.1035475942869954, -5.4821497490609685, 0.34457412552889033, 0.5574000682506668, 2.077565494920604, 0.7890271775706543, -2.9565689940303255, -1.6567747189945765, 3.8441667964187767, 1.8934778731555335, -1.872848011963236, 1696.0761575705328, -31902.674376801413, 923.5515113806977, -9277.76174435448, 752.6748538946392, 96912.73699091753, 2290.914666402058, -13939.213901864989, 5200726.467745316, 51808.05248973926, 9733.397126671622, -280327.6350165136, 0.4568299829249789, 2.3429323024219255, -5.876666640373559, -3.76335665472636, -3.7175891270569674, -6.560510355066124, -5.182643076715737, 4.914621814086745, -0.8968341091461836, -3.0092203995210216, 6.333198907306594, -9.316459403400067, -19.971422877592843, 12.977435744735482, -38.32814423750054, 22.081645464341825, 0.8133700133468897, 3.9503445573394327, 2.659311712713163, -7.042783722189183, 1.4985215738143396, -4.859338401264957, -10.440731194211411, 3.7697856797012674] 
[2.4681621487038408, 2.9318682407023093, -5.310470395476282, 0.5162534791135764, 0.3857207146659807, 2.24924484850529, 0.6173478239859682, -3.1282483476150116, -1.8284540725792626, 3.6724874428340906, 2.0651572267402196, -2.044527365547922, 1695.333997997845, -31784.00707022667, 923.2185638403395, -9276.257184715632, 752.0613222914703, 96912.9615755607, 2291.255550981013, -13944.286436807824, 5200726.640700053, 51808.46364436411, 9733.20625321955, -280327.82336346735, 0.1541583278777407, 2.638346314072705, -6.374583456251517, -3.268267112128356, -3.6752920962210935, -6.364559614694908, -5.238142186033026, 4.7058403383896135, -0.6357136300152593, -2.736813433808303, 6.485106180405037, -9.435974268008861, -19.597181675688052, 13.076949435378186, -38.57028127142598, 22.009691026161075, 0.5042964153413394, 3.7105664380316465, 3.0586983999055812, -7.483403773079143, 1.86666252698196, -4.523933645703012, -10.26225322537952, 3.6378754686160315] 
[2.543721848418431, 3.0074279404168998, -5.234910695761692, 0.5918131788281669, 0.31016101495139026, 2.1736851487906996, 0.5417881242713778, -3.203808047329602, -1.7528943728646722, 3.5969277431195, 2.14071692645481, -2.1200870652625126, 1695.5282559471664, -31782.263782814527, 923.3291985264242, -9275.947089329724, 751.5275078575856, 96912.83691755592, 2291.4810378621105, -13519.936620123666, 5200726.721506634, 51808.758402295825, 9733.303764829378, -280327.9187824535, 0.09397922443313306, 2.552600635845105, -6.6745330535845335, -2.972763724705868, -3.871153030086395, -6.546593193973929, -5.426897616400952, 4.86283338883784, -0.49571746546867984, -2.5979790689007785, 6.387946694943367, -9.524648261735592, -20.326327519829622, 13.704626882374617, -39.08886465148261, 22.48957719555183, 0.5810986033244824, 3.59953889622267, 3.021188686502596, -7.549785928253539, 1.79534409497834, -4.492651459253542, -10.327596438166944, 3.6970585517945334] 
[2.831259383176797, 3.2949654751752657, -5.522448230520058, 0.3042756440698009, 0.5976985497097562, 2.4612226835490656, 0.2542505895130118, -2.916270512571236, -1.4653568381063062, 3.309390208361134, 1.853179391696444, -1.8325495305041466, 1696.4357773992595, -31798.33413108423, 923.7121059874765, -9275.02317099027, 748.4408292368387, 96913.26071207484, 2290.3997215989575, -13445.55609185041, 5200726.424219633, 51807.27158842264, 9733.709393195793, -280327.52350378496, 0.3233028308282053, 2.743300871700666, -6.962682857892945, -3.0357875573733355, -4.183078727235927, -6.6982563005789, -5.197486365795615, 4.587700989346598, -0.6913820571849401, -2.430357423582008, 6.107114505093745, -9.318001751129865, -17.94570835025641, 11.972901401370729, -40.61931599916677, 24.07526804865412, -0.06730816489050129, 3.357860346453995, 2.767393262464614, -7.812563060476243, 0.9558118103939006, -5.345975335120712, -11.140678547827672, 3.0487790219530453] 
[2.65057496211113, 3.1142810541095987, -5.341763809454391, 0.48496006513546797, 0.41701412864408915, 2.2805382624833985, 0.4349350105786789, -2.735586091505569, -1.2846724170406392, 3.4900746294268012, 1.672494970630777, -1.6518651094384795, 1698.3733183602826, -31790.592510135262, 924.0922150336213, -9273.010231156595, 749.0113911846281, 96913.71728277903, 2293.2558327467577, -13441.936370257981, 5200726.241511473, 51813.74941454574, 9733.905287454885, -280327.32985159865, 0.061706960729449534, 3.0113423527516887, -6.871211265500865, -2.8732749488119422, -3.917101696213498, -6.970782791858704, -5.124262688256298, 4.777087002321311, -0.8549398068512469, -2.2922380122900665, 6.696222756384324, -9.079492837157764, -18.665043122816126, 11.558935022570083, -40.42512850145637, 24.269680333309772, 0.15930017662644785, 3.604963645098056, 2.99450905417358, -8.10693146301727, 0.6335168097016965, -5.653700033824278, -11.279686257098907, 3.1964717809573218] 
[2.8484413866365683, 2.9164146295841604, -5.143897384928953, 0.28709364061002973, 0.2191477041186509, 2.4784046870088368, 0.23706858605324063, -2.933452516031007, -1.086805992515201, 3.292208204901363, 1.8703613951562152, -1.4539986849130413, 1699.2632676516569, -32055.922183458264, 923.7894371475622, -9273.920726687013, 750.2175176497853, 96914.06117829015, 2292.141324997236, -13440.667837350955, 5200726.02651941, 51812.05248669037, 9734.105214529112, -280327.13067904784, 0.29994425178836714, 3.2434958925950577, -7.406378333073694, -2.386941692336395, -4.18887662223568, -7.164638552091836, -4.747429072920937, 5.134248586564814, -1.1792872289195526, -2.632711879884065, 7.6348654276329295, -9.24893907535006, -35.421582765264844, 27.91749166391397, -39.27556780353472, 23.098994041277283, 0.6467768579388028, 3.384166748979965, 2.9178029527856295, -7.917924802666666, 0.41408087046986153, -5.499571296540082, -11.459575608086132, 3.3923233963383983] 
[3.1747784427533565, 2.590077573467372, -5.470234441045741, 0.6134306967268179, -0.10718935199813731, 2.804741743125625, 0.5634056421700289, -2.607115459914219, -0.7604689363984127, 2.965871148784575, 2.1966984512730034, -1.7803357410298295, 1695.3552238279867, -32049.37631684098, 923.3939126135479, -9277.99063023774, 743.3126375833775, 96913.20013747987, 2286.224759568351, -13433.025339130674, 5200725.609997989, 51826.5473205948, 9734.462682297806, -280327.46150869445, 0.10107182290336264, 3.6823584510447724, -9.512958415038536, -0.29292901493044265, -4.265314047391211, -6.96749417753897, -4.461822087342151, 5.398372439943532, -0.8323624520162092, -2.36070613322722, 5.999732940284338, -9.686946081742102, -34.210603646176516, 29.343458433500526, -37.22049834451802, 20.872866156605518, 0.22901394444139384, 3.8040531565173428, 3.178320040236684, -7.439927586562804, 0.9302098853773068, -4.945867444387668, -11.747580633338869, 3.6608820186725293] 
[3.5532015439192426, 2.9685006746332583, -5.848657542211627, 0.991853797892704, -0.48561245316402335, 3.183164844291511, 0.1849825410041428, -2.985538561080105, -0.38204583523252666, 2.5874480476186887, 1.8182753501071174, -1.4019126398639434, 2039.097363442031, -32047.99799358266, 922.676575557829, -9276.84874799007, 776.3753341027173, 96909.73603267784, 2284.8980263090457, -13431.566945572751, 5200726.4065422015, 51814.164987632044, 9735.038839914248, -280327.8570458642, 0.4816349183221399, 4.0748136164171, -9.28005764720297, -0.1661088872526211, -3.8784112436201874, -6.555969891279, -4.040069493541172, 5.286928823598576, -1.2694226692096566, -1.7620669150674528, 7.0355302459447415, -10.099509499769182, -67.91330821921127, 30.24800002609711, -37.27877511254979, 20.337781195786096, 0.6226084208183702, 3.0702473239211088, 3.7768861533929647, -6.838372405933757, 0.17939998981181593, -5.798280230201465, -11.355864713150291, 3.283966180840032] 
[3.3709411734716097, 3.150761045080891, -5.666397171763994, 0.8095934274450711, -0.6678728236116562, 3.365425214739144, 0.0027221705565099175, -3.167798931527738, -0.5643062056801595, 2.7697084180663216, 2.0005357205547503, -1.2196522694163106, 2040.2360104352613, -32041.853586559406, 923.7049824799404, -9276.588613427451, 775.5387233915484, 97015.2564817445, 2279.5104917298913, -13439.112136439026, 5200727.7178203, 51813.5067783949, 9734.84494473133, -280328.0446050762, 0.6248990305080036, 4.180251492480663, -9.480260510018468, -0.16711010414936261, -4.13533162544632, -6.298260581025655, -3.8289490245076068, 5.096883225718026, -1.0510394782865091, -1.5939835943552387, 6.815715585885543, -9.92181683898492, -68.40938411421503, 30.432303266459137, -38.084194070451495, 20.28377041938276, 0.8418509969946648, 2.382635124217983, 3.4524811735089656, -6.550101495387348, 0.0017139088669269886, -5.9770667666670105, -11.667050832766604, 3.6176906996099385] 
[3.530854314570539, 3.3106741861798206, -5.506484030665065, 0.6496802863461417, -0.8277859647105856, 3.2055120736402145, -0.15719097054241948, -3.3277120726266674, -0.40439306458123014, 2.609795276967392, 2.1604488616536797, -1.0597391283173812, 2037.14200975902, -30139.417724878476, 924.1829522215161, -9276.283543861897, 775.9556482516173, 97018.50213889465, -19300.644629442184, -13672.013961033254, 5200727.158767155, 51814.71788507294, 9735.03844667788, -280327.8632324874, 0.7769379021453914, 4.333052043844831, -9.555510474526606, -0.39017334468223624, -3.893372498363459, -6.272461008096567, -3.9850703468578135, 4.942427972218898, -0.7595838491140776, -1.3210591468768849, 6.652280135483785, -9.786505580777682, -68.8317852164206, 30.640711288592982, -38.88181387088459, 20.76713382159549, 0.7878976201875585, 1.9840921350228364, 3.0493083382293666, -6.368267303089995, 0.13048935110664475, -5.869584757691794, -11.46895639196302, 3.716567544746711] 
[3.9163131272826552, 3.6961329988919367, -5.1210252179529485, 0.2642214736340256, -1.2132447774227018, 3.5909708863523306, -0.5426497832545356, -3.7131708853387835, -0.018934251869114016, 2.9952540896795083, 1.7749900489415635, -1.4451979410294973, 2034.465665198601, -30153.029920998633, 923.3983887649231, -9277.33687535437, 776.666384896003, 96924.02997290887, -19316.373688156, -13660.757156547192, 5200729.648627127, 51813.218823950454, 9734.4804444418, -280328.3698941115, 0.43080285015941755, 4.706166916300024, -9.774940850856012, -0.7608719566634314, -3.5072550449188373, -6.096825940550083, -4.403471198900747, 5.444909057909269, -0.14473915218315048, -0.866220448004031, 6.187467146821751, -10.221646356804385, -69.45992018483416, 30.263153181513886, -38.30659520929159, 21.03340932876467, 0.5852317623457881, 1.3975435636551317, 3.736782652180581, -6.719121260695614, -0.6673983280138654, -5.325193055396239, -10.633614195203856, 3.1248798230834045] 
[3.6925795421168752, 3.9198665840577167, -5.3447588031187285, 0.04048788846824558, -0.9895111922569217, 3.8147044715181107, -0.3189161980887556, -3.4894373001730035, -0.24266783703489403, 3.2189876748452884, 1.9987236341073435, -1.6689315261952773, 2034.008434433971, -30153.83687296742, 923.6640720251335, -9280.617262109276, 776.9213482191293, 96922.84436690898, -19315.534716932256, -13659.992615637375, 5200105.501778976, 51802.69639612467, 9734.71377218252, -280328.1425936874, 0.25611045367369745, 4.887074115424305, -9.869547983809102, -0.9056062910078901, -3.379367018055969, -5.9322987798620135, -4.6056609669928985, 5.610580528983776, -0.29045781104158586, -1.0765926961049221, 6.530890513881794, -10.468300983279672, -69.03410743129102, 29.717293399409222, -37.846710033846946, 20.543383962973188, -0.8058532464945645, 2.8286722586287025, 4.03584773032513, -6.084856888424422, -1.7850654014212086, -5.687222320631632, -10.438428817524645, 3.3941407268139145] 
[3.6869955253964006, 3.9254506007781913, -5.339174786398254, 0.046071905188720175, -0.9839271755364472, 3.809120454797636, -0.3245002148092302, -3.495021316893478, -0.24825185375536862, 3.2134036581248138, 1.993139617386869, -1.6633475094748027, 2034.0288079670759, -30153.848202422756, 923.6554898184567, -9277.208993806367, 776.9293426207621, 96922.85873444653, -19315.477914429644, -13660.040673362118, 5200105.4050706355, 51801.7623077322, 9734.70702646323, -280328.14823182824, 0.260137917760245, 4.883717924828362, -9.858693014054111, -0.9172957604069346, -3.3717506019525354, -5.940451337077243, -4.603343617232913, 5.61331531924337, -0.2968071693183194, -1.0835530122161545, 6.519149672945887, -10.459737901275636, -69.01805887180255, 29.70738532463836, -37.83752330457153, 20.533675394331027, -0.7814342681591766, 2.806425022774832, 4.0419854316798265, -6.09152760279147, -1.8037078532878237, -5.691692425807202, -10.431294966632112, 3.4047636614692136] 
[3.60924471702677, 4.003201409147822, -5.416925594767885, -0.0316789031809106, -0.9061763671668164, 3.7313696464280053, -0.40225102317886097, -3.572772125263109, -0.3260026621249994, 3.2911544664944445, 1.9153888090172382, -1.7410983178444335, 2034.3177213581391, -30153.692220314435, 923.5369610069208, -9240.553432689214, 777.0414799543869, 96923.06162349664, -19316.24275795566, -13660.689696394997, 5200104.117236235, 51786.65908720403, 9734.800478881622, -280328.22665245004, 0.1782668630971554, 4.820809532261629, -9.81255978578618, -0.8654360064326714, -3.4880690749004803, -5.983690856924109, -4.467555342902622, 5.523448825092389, -0.2638036127825618, -1.1493978995545504, 6.358567688275184, -10.341821492289634, -69.25663761396689, 29.730856382373933, -37.75519769111635, 20.454627777944705, -0.4319829562708659, 2.4904739460950527, 4.0927594061380885, -5.8197278211691685, -2.2641836356265927, -5.757965918025368, -10.534277271587655, 3.257894839450664] 
[3.599740380427737, 4.012705745746855, -5.4264299313669175, -0.022174566581877775, -0.9156807037658492, 3.740873983027038, -0.39274668657982814, -3.563267788664076, -0.3164983255259666, 3.2816501298954117, 1.9058844724182054, -1.7315939812454006, 2034.364491641307, -30153.70872330995, 923.5533334110227, -9250.027289564687, 777.0568192510033, 96923.09234891346, -19316.304770413615, -13660.635285169908, 5200104.024570395, 51787.08716331367, 9734.789750213922, -280328.23643785744, 0.16991774735558754, 4.807344689058192, -9.823842049644837, -0.8687713616227626, -3.5013801513911873, -5.989209335604626, -4.451789388366519, 5.530628294839025, -0.2743835263527267, -1.1578660247127395, 6.3765224185945195, -10.35587022323509, -69.29806173361033, 29.72710290694903, -37.76528193340951, 20.46458950488655, -0.42309320343603596, 2.4980907176213, 4.101921282999582, -5.843409402806102, -2.220744678036338, -5.770217949973095, -10.546158158990904, 3.241992301138837] 
[3.9645071586265876, 4.3774725239457055, -5.061663153168067, -0.3869413447807284, -0.5509139255669986, 3.3761072048281875, -0.7575134647786788, -3.1985010104652254, 0.048268452672884044, 2.916883351696561, 1.5411176942193547, -2.0963607594442513, 2032.4998055743051, -30153.085505385196, 922.914641326283, -9991.979923660692, 777.6369068198202, 96921.94582972408, -19313.81455947007, -13658.457804920714, 5200100.259072237, 51805.80450912447, 9735.198747564986, -280327.8620747258, -0.1149051832503418, 4.933042764200232, -10.422518435910352, -0.21459445099524155, -3.938272957607405, -6.288435264274652, -3.965514959541083, 5.188487376211656, -0.027294517706883736, -1.5389371809186132, 5.93185199439193, -10.641849237946674, -70.9521657475321, 29.58786754426786, -38.14429760324811, 20.83925845404506, -0.01728730975616566, 2.662976874924279, 3.6713000302196823, -6.863050678607671, -0.5885613065949808, -5.442086825884487, -10.19353076735697, 2.713851619003585] 
[3.8663251709949042, 4.279290536314022, -4.9634811655363835, -0.288759357149045, -0.649095913198682, 3.277925217196504, -0.6593314771469954, -3.100319022833542, 0.14645044030456744, 2.8187013640648777, 1.6392996818510381, -2.1945427470759347, 2032.6824761437874, -30152.975431290306, 923.0258467751653, -9991.290437629166, 777.2786003864397, 96920.12751724894, -19314.022514988337, -13628.108509886348, 5200142.432837016, 51803.827030233646, 9735.100479045766, -280327.7308672642, -0.051663806138747825, 5.052504215819054, -10.276464793866351, -0.3370568047765792, -3.8529588562996664, -6.186840128582767, -3.880613477595811, 5.23263080168662, -0.12864987304770154, -1.4281006899697863, 6.028123677965261, -10.576564175722778, -71.154578379914, 29.10211072335626, -37.64623217405658, 20.865360879068827, 0.06261939448886224, 2.920574817636437, 3.510434397968906, -6.6906027853846535, -15.916718732711514, -5.362372267560043, -10.276205966900779, 2.909842661245681] 
[3.8746586274654, 4.270957079843527, -4.971814622006879, -0.28042590067854944, -0.6407624567281864, 3.2695917607260085, -0.6509980206764998, -3.1086524793040375, 0.1381169838340719, 2.810367907594382, 1.6476331383215337, -2.20287620354643, 2032.7014380939752, -30152.965316207108, 923.0169650177262, -9991.393205543547, 777.2557927228543, 96920.57866450361, -19314.000308117404, -13623.213805759679, 5200142.824174013, 51803.74426302286, 9735.092106360134, -280327.718218782, -0.045558231036412634, 5.06140310936205, -10.262394656634042, -0.34934697302501744, -3.863184904665091, -6.178015412992837, -3.8869226285541756, 5.2283064312826735, -0.13769038777657508, -1.4197623002339945, 6.0355206727234085, -10.572186680615285, -71.17438017121052, 29.090991305966362, -37.64448061132197, 20.85310591736731, 0.09208517317170954, 2.877594466740335, 3.4941546753361736, -6.676273301044605, -15.712877133701797, -5.348186507116341, -10.290411079044148, 2.886202873985637] 
[4.006540073007343, 4.402838525385469, -5.103696067548822, -0.41230734622049225, -0.5088810111862436, 3.4014732062679514, -0.519116575134557, -3.2405339248459804, 0.2699984293760147, 2.6784864620524393, 1.5157516927795909, -2.0709947580044874, 2032.4069042540505, -30153.126644869142, 922.8757937534856, -9989.671489372233, 776.8867624858802, 96912.48504266507, -19314.35945015274, -13744.801324799884, 5200149.7816683715, 51802.497227683394, 9734.959443225449, -280327.515613168, -0.14163047103644252, 4.918991490407365, -10.495753845960238, -0.13889199048469272, -3.7321011271874296, -6.04341438775773, -3.5927713780447337, 4.941446652105537, 0.01012799600322356, -1.5556132789107342, 5.918740870942764, -10.639329889059766, -71.3959691168426, 29.6285355617381, -38.12275966906019, 21.134081534811347, 0.5652618331903099, 2.188441569181398, 3.6550728374735955, -6.5510536525972345, -12.453499882547085, -5.16381386416769, -10.224752102377868, 2.6210707247672556] 
[4.112096397331377, 4.297282201061435, -4.998139743224788, -0.5178636705445265, -0.40332468686220935, 3.295916881943917, -0.6246728994585913, -3.3460902491700146, 0.375554753700049, 2.7840427863764736, 1.6213080171036252, -1.9654384336804531, 2032.2246636504542, -30153.24299880814, 922.9993184338756, -9990.328833408108, 777.3314644784573, 96910.88645700138, -19314.788317058752, -13755.61932304084, 5200151.265350207, 51801.96830104666, 9734.853566427639, -280327.378524212, -0.28335674656299453, 5.049774391928216, -10.538958386473118, -0.2657450276329913, -3.5851060139582427, -6.176452727546687, -3.6232716314787563, 4.842507117166077, 0.10113678759400802, -1.4553656210229717, 5.669348443652788, -10.474172490364667, -71.19297034828772, 30.255174534502355, -38.784677051565616, 21.100066512165444, 0.46126854742853274, 1.9759921913087544, 3.926027574931152, -6.72025867037102, -11.138790455680923, -5.252908618444434, -10.299080739512405, 2.8993924537363784] 
[4.259341301700904, 4.150037296691908, -5.145384647594315, -0.3706187661749991, -0.5505695912317368, 3.4431617863134445, -0.47742799508906386, -3.493335153539542, 0.22830984933052156, 2.931287690746001, 1.4740631127340977, -1.8181935293109257, 2032.4409121083854, -30153.06715440817, 922.8393643588851, -9990.929710861177, 778.2873562007587, 96917.1183860715, -19314.357812201546, -13752.048845688963, 5200152.359831739, 51800.7661651772, 9735.00118765715, -280327.2057374092, -0.4690908410896444, 5.220381889383151, -10.723831592434882, -0.08057567157992274, -3.7587338010809113, -5.96863065130006, -3.95174408615374, 5.168763845729173, -0.04205666256364596, -1.588111539467396, 5.437307032627722, -10.56385401086161, -70.93386466946698, 30.222829341365426, -38.975353463037166, 21.252457402415406, 0.2673156406564027, 1.3332549494568786, 4.3047295527465055, -6.9513183420133435, -10.312605864593374, -5.111082024550291, -10.162087470764503, 2.5236751535599495] 
[4.040930212868273, 3.931626207859276, -4.926973558761683, -0.5890298550076307, -0.33215850239910516, 3.661572875146076, -0.6958390839216955, -3.2749240647069104, 0.44672093816315317, 3.1496987795786326, 1.6924742015667293, -2.0366046181435573, 2032.7110851350105, -30152.76199253317, 923.1044448098238, -9992.594642340098, 777.4893900319912, 96914.64263750274, -19315.392264944036, -13753.888813184585, 5200156.623510405, 51795.754433729046, 9734.780720009803, -280326.9733933877, -0.8208236614860895, 5.564937546323809, -10.947840741501253, 0.20767726374929918, -4.139557681603723, -6.3256325578221455, -3.4840393205389404, 4.731628521564183, 0.254548013570163, -1.2723359644657728, 5.800895916697116, -10.403017633097777, -70.5695618382515, 30.103377366063192, -39.28441383949845, 21.00415792319513, -0.30911394363837685, 2.0138257553769914, 3.9063182962364724, -6.4908796670778655, -11.75440700496489, -4.899777387315524, -10.499307453929552, 3.349190255509598] 
[4.16928468729918, 4.059980682290183, -4.7986190843307766, -0.46067538057672386, -0.2038040279681983, 3.789927349576983, -0.8241935583526023, -3.1465695902760036, 0.57507541259406, 3.2780532540095395, 1.5641197271358225, -2.164959092574464, 2032.9204876202036, -30152.50764158268, 922.9699937734974, -9992.178772454692, 778.6965121750884, 96914.12271604175, -19315.704624461123, -13761.151897924705, 5200155.93577363, 49842.3425462962, 9734.650446266818, -280327.1341844611, -0.8945179920854794, 5.4567574381039945, -11.250907622715024, 0.49986889764727804, -3.9557066905116915, -6.21240096917892, -3.5300640010201163, 4.630077992208383, 0.3443043256508851, -1.1707251349779901, 6.000490486916531, -10.314533309771406, -70.83264906666089, 30.197629939053694, -39.052011865170485, 21.107569743339752, -0.5453273825342653, 2.3904565838938656, 3.829034568581306, -6.587688401026884, -11.293766397604443, -4.827409145826744, -10.6150063776934, 3.5790467082029043] 
[4.01216930745901, 3.9028653024500137, -4.641503704490607, -0.6177907604168931, -0.3609194078083675, 3.947042729417152, -0.6670781785124331, -3.303684970116173, 0.7321907924342292, 3.1209378741693703, 1.7212351069759917, -2.007843712734295, 2033.1348561645414, -30152.756467331525, 923.1282832209246, -9992.9737800048, 782.5319459149412, 96914.55358618032, -19315.41299849331, -20104.200712898375, 5200156.466882625, 49850.83242639658, 9734.807568650596, -280327.3630131712, -1.254196597836962, 5.808599455762033, -11.596451632357228, 0.8822029147038171, -3.7338343442570663, -5.833483672571359, -3.1966267410570977, 4.2882570591734535, 0.4521773259195858, -1.0814823112293002, 5.730028025593738, -10.404787046686915, -70.53182551074788, 30.51589800675137, -39.43441202550737, 20.941540790613818, -0.7830655543578343, 2.7511021915788656, 3.742423763980595, -6.739943091213203, -10.571663632063105, -5.220811443262965, -10.52351194364536, 3.37474542573114] 
[4.16797672111858, 4.058672716109584, -4.797311118150177, -0.4619833467573231, -0.20511199414879755, 4.102850143076722, -0.5112707648528632, -3.147877556456603, 0.5763833787746593, 2.9651304605098003, 1.5654276933164217, -1.852036299074725, 2032.868412622793, -30152.42906093801, 922.971690288253, -9993.438164262945, 781.2825281244013, 96914.85318900873, -19315.005958109145, -20110.18303973712, 5200156.118236716, 50216.09801219001, 9734.648181137127, -280327.5528264502, -1.3613322801860428, 5.702263394339824, -11.508687028733544, 0.993551187689323, -3.5777478893373327, -5.91407273649573, -3.031603985674211, 4.114717740550396, 0.36269995629048746, -1.1835264689841645, 5.250405292281006, -10.143149943242769, -70.75960436888985, 30.72421529359362, -39.22685785290625, 20.655994928029543, -0.5656144223728428, 3.1354202748307127, 4.128371575353198, -6.6687026100697855, -9.994380100278768, -5.6638423032513785, -10.2920760006642, 3.866579068263783] 
[4.172578272940162, 4.063274267931165, -4.792709566328596, -0.4665848985789045, -0.20971354597037895, 4.1074516948983035, -0.5066692130312818, -3.1432760046350214, 0.5809849305962407, 2.960528908688219, 1.5700292451380031, -1.8474347472531436, 2032.8621243192601, -30152.436363077028, 922.9670553908959, -9993.41500250764, 781.3934510097886, 96914.84634406773, -19315.025179238713, -20226.679544494946, 5200156.133729125, 50216.24733064208, 9734.643579452675, -280327.55781205517, -1.363637549739416, 5.698255751787311, -11.51186637104744, 0.9898343472592626, -3.5824539987784525, -5.913729734211604, -3.0251942060631363, 4.108622168277952, 0.371797487465485, -1.192101071085833, 5.265674129383555, -10.14045761976416, -70.7524482598072, 30.71618282962691, -39.22061685405031, 20.646026872865857, -0.5519499206848012, 3.140960395875712, 4.126819712799315, -6.6756547409517175, -9.983328232107432, -5.662124735946624, -10.28801259575796, 3.859952415825905] 
[4.402757463882932, 3.8330950769883945, -4.562530375385825, -0.2364057076361339, -0.43989273691314956, 3.877272503955533, -0.27649002208851114, -3.373455195577792, 0.8111641215390113, 2.7303497177454483, 1.8002084360807737, -1.617255556310373, 2033.1749395655859, -30152.799077199317, 922.7353848125216, -9992.277500607745, 786.7046084522184, 96914.50612835686, -19314.04770924277, -101456.7974338413, 5200156.8978510015, 50209.14903242818, 9734.413400126292, -280327.8065458971, -0.8189164468690727, 5.151044264987531, -11.055827731800989, 0.46712735805831174, -3.300891321254305, -6.904761285681024, -4.069828969220755, 4.610050687665107, 0.8229013198160373, -1.6155221178277874, 6.031761731006138, -10.005658051771508, -70.44245195603352, 30.951050704468752, -39.85628288205743, 20.882764072398484, 0.21365835673601785, 1.7419449027425593, 2.7760282841474924, -6.744313453955073, -10.516130276360403, -5.759412087170155, -10.623041158955266, 3.398265777145415] 
[4.173555819150651, 4.062296721720676, -4.791732020118107, -0.46560735236841544, -0.6690943816454311, 3.6480708592232514, -0.047288377356229594, -3.6026568403100736, 0.5819624768067297, 2.5011480730131668, 2.0294100808130553, -1.8464572010426545, 2032.9222792213773, -30152.235450663407, 922.5009577919727, -9996.455876503353, 787.9685293518174, 96913.99720255719, -19317.12347983105, -101452.45680022099, 5200157.333798997, 50210.58334261702, 9734.65510085737, -280327.576848817, 0.08907692900979824, 4.320270746216007, -10.443091192535162, -0.27849650598747855, -3.588508620451701, -6.424586774282936, -3.4996537319360668, 4.289854391171882, 0.9998168281922042, -1.424556329285667, 5.251503192594862, -9.716814804432696, -70.28623484221758, 31.064725643546318, -39.787233205476916, 21.074201900616867, -0.4562333276003464, 1.0936464770713585, 2.159120714643695, -6.944991918389628, -10.237686416644353, -5.549852703457027, -10.357824408035116, 3.7876625186619175] 
[4.2319066059674215, 4.120647508537447, -4.850082806934878, -0.5239581391851862, -0.7274451684622019, 3.5897200724064806, -0.10563916417300034, -3.544306053493303, 0.523611689989959, 2.442797286196396, 1.9710592939962845, -1.7881064142258838, 2033.001485641383, -30152.143365413664, 922.5596774627309, -9996.166395135559, 787.8168673037129, 96913.74924171966, -19291.01018702451, -101452.1620058899, 5200157.140668229, 50210.41992632983, 9734.582526318132, -280327.5138293229, 0.035354739258935175, 4.300249382828746, -10.403418037142137, -0.22585196476738997, -3.646653033963703, -6.444161858511214, -3.4417033039620257, 4.2590163516041075, 0.9349525665407502, -1.4993104578251366, 5.136929543397963, -9.769482303954605, -70.36803495157243, 31.105488721233545, -39.75877207348526, 21.024317521962978, -0.6899237384247059, 1.4321027181332722, 2.5383806569022265, -6.998083137783931, -10.29454505403381, -5.587543877111934, -10.293352329461511, 3.8714028852313125] 
[4.3517754442019205, 4.240516346771946, -4.730213968700379, -0.4040893009506872, -0.6075763302277029, 3.4698512341719816, 0.014229674061498665, -3.664174891727802, 0.40374285175546, 2.322928447961897, 2.0909281322307836, -1.6682375759913848, 2033.1539197954585, -30152.317378115204, 922.6818480025296, -9995.687516049413, 787.5457791966812, 96913.11072570694, -19301.79152119094, -101452.94241091817, 5200156.661214326, 50210.13026883191, 9734.723853637139, -280327.3881167376, 0.23288615137387608, 4.100775972359499, -10.538464070107912, -0.1578057830774226, -3.423897683913342, -6.68577830940149, -3.6155101856204404, 4.169273924898385, 0.8014157181217737, -1.3833855027442572, 4.936612114111535, -9.864850326119479, -70.25848473292271, 31.310060687407827, -40.0066886171281, 21.204068920065218, -0.8967271892718364, 1.431087102605101, 2.989534870678651, -6.815927606351072, -10.509136156099153, -5.465945684114064, -10.38104622472588, 4.003625650202016] 
[4.209272345579762, 4.098013248149787, -4.8727170673225375, -0.5465923995728461, -0.4650732316055439, 3.3273481355498227, -0.1282734245606603, -3.521671793105643, 0.26123975313330106, 2.465431546584056, 1.9484250336086246, -1.8107406746135437, 2033.3166878366205, -30152.49699337495, 922.5392996167758, -9994.76571329878, 787.9830352522894, 96911.73969401719, -20005.61494379853, -101452.3703853828, 5200157.58451265, 50209.8630295095, 9734.534605602073, -280327.5319814851, 0.4540345265727751, 3.879791434793531, -10.40851013380489, -0.13361358292507367, -3.6076607534318472, -6.485153401584683, -3.750770367098717, 4.022923242620554, 0.6156811013849457, -1.1958150302706778, 4.731036601911556, -9.995706194140901, -70.50104938846242, 31.674421261636876, -40.347492764751735, 21.393915471590603, -0.33746512563017406, 0.8324322501061013, 2.3962811371404382, -7.014410221109973, -10.71054626062879, -5.5915768258836875, -10.206777993925721, 4.183281635459376] 
[4.225540975120363, 4.114281877690388, -4.888985696863139, -0.530323770032245, -0.4813418611461451, 3.343616765090424, -0.11200479502005914, -3.505403163565042, 0.2449711235926999, 2.449162917043455, 1.9321564040680235, -1.8270093041541449, 2033.3378841028239, -30152.5213582942, 922.5559937051468, -9994.825929490033, 787.9021538226887, 96912.21663931732, -20004.620773304487, -101452.48858533098, 5200157.340633505, 50209.90457033871, 9734.553433998019, -280327.5492239125, 0.4310489360858418, 3.8773026663245997, -10.390263079335611, -0.11483618659351283, -3.577681256129476, -6.508594110626151, -3.765577499604357, 4.044449985057704, 0.5967081352620098, -1.1844170809365957, 4.759924891515798, -10.013235770250443, -70.46696511017069, 31.63634122394554, -40.30661138747107, 21.368861877925706, -0.2932090220137073, 0.749641859713172, 2.3480011026189214, -6.982848971381174, -10.745845842133575, -5.620377992566599, -10.17774885247873, 4.210687775366519] 
[4.45591770729374, 3.8839051455170104, -4.658608964689761, -0.7607005022056226, -0.25096512897276746, 3.113240032917046, -0.34238152719343673, -3.7357798957384194, 0.014594391419322283, 2.6795396492168324, 1.7017796718946459, -2.0573860363275225, 2033.6328140957032, -30152.858688242974, 922.31828029365, -9993.925480296391, 788.9769715496396, 96906.49462874264, -20023.061678196795, -101450.66916023458, 5200153.423992824, 50210.46981999159, 9734.290147706557, -280327.79541107407, 0.14699210328126805, 4.204659001142647, -10.130822622402654, -0.2743471975562921, -3.6584312871657065, -6.685419167475695, -3.973709434992499, 4.34275356338939, 0.34450500164054254, -1.428384635801686, 5.125934028939867, -9.843314108226917, -70.95157667614552, 32.18404008824013, -40.93530801934604, 21.798359160482345, 0.44404198590317207, -0.40068296901906253, 1.721433320612869, -6.614978053403917, -10.243476332452532, -5.245472955696468, -10.58028986181876, 3.80626895829807] 
[4.278270256559735, 3.7062576947830053, -4.480961513955756, -0.5830530514716175, -0.07331767823876234, 3.2908874836510513, -0.1647340764594316, -3.5581324450044143, -0.16305305931468284, 2.5018921984828273, 1.879427122628651, -1.8797385855935174, 2033.822678946375, -30152.46993543262, 922.1401180426076, -9994.29922913585, 786.0964625863809, 96685.44543255851, -20021.48560925263, -101450.10234941193, 5200987.523442592, 50211.363752290745, 9734.470878192407, -280327.56804765936, 0.3773277489308906, 3.9449327046106406, -10.293434817856635, -0.1731506351352668, -3.499373019268698, -6.897764885060554, -3.8429818354193466, 4.617081167908015, 0.07959136068206285, -1.653539028829383, 5.538108200806143, -10.090428616087705, -70.83844555434105, 32.42382953434064, -41.13490679020357, 21.669477952585055, 0.15955128334263513, 0.4519859187850619, 1.412823646909482, -6.415932051840173, -9.797780208484104, -5.042825497181893, -10.430729004567379, 3.666177992786121] 
[3.923756856492628, 3.351744294715898, -4.126448113888649, -0.22853965140451016, 0.28119572182834496, 3.6454008837181586, 0.1897793236076757, -3.9126458450715216, -0.5175664593817901, 2.8564055985499346, 2.2339405226957583, -2.2342519856606247, 2033.391966668251, -30151.231967550022, 922.5143178305474, -9995.46872706237, 852.1648289550976, 96669.42138688754, -20034.66811147402, -101452.26797828355, 5200974.070201358, 50212.35858314828, 9734.861426183475, -280327.9586732628, -0.07585905570038343, 3.7876476345420986, -10.856992322054392, 0.39246963104724325, -4.11063440650169, -7.343698210922793, -3.367404698797184, 4.998480947077466, 0.36059176878930693, -1.1320001199851153, 6.381264640223636, -9.746228319829877, -71.54284668629604, 33.08443920465635, -41.15025981360523, 22.08670200113161, -0.7611707986350735, -0.6166661323391049, 2.421180438937294, -5.96782097546343, -7.952646850942054, -4.14910546650871, -9.408066730472553, 4.560112913479877] 
[3.7328806690302363, 3.1608681072535063, -4.31732430135104, -0.0376634639421185, 0.4720719092907366, 3.454524696255767, 0.38065551107006734, -4.103522032533913, -0.3266902719193985, 2.665529411087543, 2.42481671015815, -2.043375798198233, 2033.007729092372, -30155.61817300418, 922.2393629766808, -9999.187528235627, 849.6862009004093, 96668.60239078484, -20040.03193047724, -101451.87495154026, 5200973.290459838, 50209.94702252621, 9735.16877571441, -280327.65117409057, 0.038848375449009945, 3.9009342238935756, -10.555369245049345, 0.12654316848422348, -3.921596572646253, -7.595875596838488, -3.624297031278375, 4.767709475754997, 0.6462961504807626, -0.9208541353555199, 6.829369367668703, -10.12123614162232, -72.73313494075481, 34.07127039008257, -40.86983671554941, 21.748516313673438, -1.1159009650640055, -0.09756709535377162, 3.3517032208333006, -5.671711062739712, -8.338817248088988, -4.362404155738803, -8.787553076183706, 5.16579067875888] 
[3.6512531417140393, 3.2424956345697034, -4.235696774034843, 0.043964063374078544, 0.5536994366069337, 3.37289716893957, 0.4622830383862644, -4.18514955985011, -0.4083177992355955, 2.583901883771346, 2.343189182841953, -1.961748270882036, 2032.7450323553155, -30375.344052413264, 922.1435421538249, -9941.616831570227, 850.080953079431, 96669.46370069234, -20039.44057193144, -101451.75364203296, 5200974.083088595, 50210.33568067444, 9734.979644921641, -280327.754134237, -0.01624479655435674, 3.8488461096055895, -10.457743981157304, 0.03009157143333177, -4.010795043902188, -7.67659936989653, -3.71352029644394, 4.728116925665361, 0.6121961274931079, -0.8192108858602818, 6.692914504191952, -9.998378453945355, -72.50647898700363, 34.12320953278293, -40.92536580899942, 21.678111789434137, -1.2508869637716968, -0.19394578762024428, 3.0708858507925285, -5.430193425504846, -8.540570683513367, -4.3110835091958, -9.063035582887457, 4.858027558361547] 
[3.3749850908620607, 3.518763685421682, -3.9594287231828647, 0.32023211422605713, 0.8299674874589122, 3.0966291180875913, 0.1860149875342858, -3.9088815089981317, -0.13204974838361694, 2.3076338329193673, 2.0669211319899743, -1.6854802200300574, 2031.5843777195855, -30402.570882486172, 922.4934862369518, -9798.590882495551, 849.0818103197256, 96664.20690040929, -20040.82948550017, -101452.12355776095, 5200975.835375834, 50209.34929993538, 9735.518175101739, -280327.4309330578, 0.18609751835841837, 4.004060304701765, -10.74258598637243, 0.3243332892984748, -3.7393755119456586, -7.380760590601916, -3.9934617015362712, 5.6656576323858, -0.3212961670883844, -1.0336962101020553, 7.217744446754993, -10.422366875748326, -71.5024524373584, 34.325132249994574, -40.34840029134597, 21.03333818823323, -0.7888115118157353, -0.4756091359678579, 3.544003161480978, -5.384764384043159, -8.303420284422074, -4.5575772071632965, -8.709541211254237, 4.352326917885491] 
[3.57246395621043, 3.716242550770051, -4.156907588531234, 0.5177109795744264, 1.0274463528072815, 2.899150252739222, -0.011463877814083423, -4.106360374346501, -0.32952861373198616, 2.110154967570998, 1.869442266641605, -1.8829590853784266, 2035.2762533859534, -30404.026798970048, 922.8643976637607, -9796.597973955411, 849.4444827177392, 96761.9514188945, -20046.602991607942, -101452.53335451825, 5200987.226621552, 50209.709344601775, 9735.262837789793, -280327.63103218813, 0.3623842081763209, 4.256304886959843, -10.548399690775781, 0.582975248005988, -3.314844329474597, -7.793436472080401, -4.171098192591688, 5.567427223378282, -0.46529760432781353, -1.1926702554790045, 7.074386569064836, -10.612386730079608, -73.76464548317779, 34.088239753023686, -40.082419990908804, 20.602555427733083, -1.0378152102357356, -0.2719801305596806, 3.8639970372086534, -5.192335895457398, -8.040021017763, -4.951495329206633, -8.202088990449248, 3.581354325548569] 
[3.137758045361939, 3.28153663992156, -4.591613499379725, 0.08300506872593538, 0.5927404419587905, 3.333856163587713, -0.4461697886625744, -3.67165446349801, -0.7642345245804771, 2.544860878419489, 1.434736355793114, -2.3176649962269176, 2037.7682320015308, -30405.498199815538, 923.4665672550984, -9798.372874440594, 848.8511930865498, 96754.40911268357, -23354.496147604492, -101451.88986717448, 5200983.0752991615, 50209.11889579704, 9735.738742352623, -280327.151054168, -0.3484294975087341, 3.4652296232146984, -9.891865917808511, 0.7438124210285209, -2.851756390045437, -7.432465999208725, -4.641858189269903, 5.976251245014234, -0.2048052606128764, -0.5410056329120235, 6.457755039372023, -10.053912810106723, -75.86519856707068, 34.79232392996223, -39.2941466159649, 19.622780637765505, -1.5011622734297703, 0.09073480481685436, 3.3601290753619324, -4.221405530273114, -9.010717670300028, -4.657453555287954, -9.027470150251453, 0.902456223343191] 
[2.9113415367419515, 3.055120131301573, -4.365196990759737, -0.14341143989405203, 0.3663239333388031, 3.5602726722077005, -0.6725862972825618, -3.4452379548780225, -0.9906510332004645, 2.7712773870394765, 1.6611528644131015, -2.09124848760693, -13360.37015105651, -30393.861319129544, 923.6963188214893, -9831.31081929398, 849.576714329492, 96760.61026264992, -23353.28018724576, -101451.00410555406, 5200983.54814028, 50208.40188618216, 9735.508082072669, -280326.73058966326, -0.12090985782574976, 3.7871372215660557, -3.0222138131016667, -6.130024887090675, -2.739224216383419, -7.240756546383103, -5.005908588086339, 6.287958749281163, -0.09592312343156163, -0.40272875031386696, 5.956450272783261, -9.547426560803448, -77.80459685002364, 36.6802492507841, -39.18664362714578, 19.73874425367385, -2.059418268692137, 0.014617851146571145, 3.0603504650825277, -3.4899011705106115, -9.450866640723941, -4.805550653635217, -9.516460552198641, 0.37724320953707835] 
[2.9748823847505443, 3.1186609793101656, -4.301656142751145, -0.20695228790264486, 0.30278308533021026, 3.4967318241991077, -0.609045449273969, -3.3816971068694297, -0.9271101851918717, 2.7077365390308836, 1.5976120164045087, -2.154789335615523, -13361.59008949389, -30402.380140293677, 923.7681793979141, -9828.200071419484, 850.0719780577547, 96760.22583489088, -23353.443892052892, -101450.29336920944, 5200983.638973057, 50208.88701090812, 9735.572144524169, -280326.81500463997, -0.17892976599389343, 3.8492266249268448, -3.871041248067767, -5.281629847243229, -2.812535234402553, -7.306935666981264, -4.900596925343446, 6.208547086073362, -0.024073983579049954, -0.33781879375296053, 6.071013322827458, -9.658994023873795, -76.74276422043157, 36.45698645645316, -37.9188496078956, 18.473919946763143, -2.3156500220299514, 0.11789195686779726, 3.0812341062863564, -3.3471605414075385, -9.495351719131964, -4.86862948140388, -9.410195732633328, 0.48302134443350137] 
[2.7841990808066095, 3.3093442832541005, -4.4923394466950795, -0.016268983958709987, 0.4934663892741451, 3.6874151281430425, -0.41836214533003413, -3.191013802925495, -0.7364268812479369, 2.8984198429748185, 1.4069287124605738, -1.9641060316715881, -13354.665164912072, -30765.054845736326, 923.9950282027135, -9823.683787368607, 847.9273008593733, 96761.8029056933, -23352.861263391846, -101446.92147416127, 5200983.340947674, 50207.807956074765, 9735.762965010652, -280327.0889738676, -0.40396544281062974, 3.6248876760895317, -3.940268257405131, -5.410954369540664, -2.582442460564656, -7.0722585617950955, -5.213677600184503, 6.482257506284877, -0.26515267648192753, -0.1267140052182693, 5.935147283043322, -9.79434914665691, -73.49389824140013, 36.86878381988598, -39.94659193475863, 20.434508960050252, -1.5145133372669628, -0.2244755391589448, 3.387611593440101, -4.062956517289878, -7.812973446814127, -6.559856818482781, -9.689049517104984, 0.21750539572380484] 
[2.8973877871614855, 3.4225329896089765, -4.605528153049955, -0.12945769031358598, 0.3802776829192691, 3.5742264217881665, -0.5315508516849101, -3.077825096570619, -0.6232381748930609, 3.0116085493296945, 1.2937400061056978, -1.8509173253167122, -13355.590033071501, -30760.99464786597, 924.1138796166522, -9396.002202150656, 847.4228369132305, 96761.38289001035, -23353.547044569696, -101493.30150400687, 5200983.5918609, 50205.8556388529, 9735.646681643419, -280326.9562978934, -0.24116985069927402, 3.7923934075382, -2.8350669856526975, -6.510540277898984, -2.7681847914834763, -6.890902308521786, -5.141597502612749, 6.62372059516993, -0.16649989239254837, -0.032261632859262215, 6.0214299603875645, -9.712405350824785, -73.99886053949041, 37.28583239626818, -39.87723256822168, 20.509249561948092, -1.7418152754503182, -0.22170758884641303, 3.2187784020353, -3.4291117943574183, -7.745355639034125, -6.383762690172742, -9.801524027599035, 0.3061611019669583] 
[2.9264157290541357, 3.393505047716326, -4.576500211157305, -0.1584856322062362, 0.3512497410266189, 3.5451984798955163, -0.5605787935775604, -3.106853038463269, -0.5942102330004106, 3.0406364912223447, 1.322767947998348, -1.8799452672093624, -13356.086577417784, -30761.372258472147, 924.1432415753785, -9397.743961094524, 847.6335303559258, 96761.54802626348, -23353.434059341416, -101500.449847678, 5200983.677069825, 50207.583397439164, 9735.678056966279, -280326.9877282706, -0.26253288844016776, 3.84171193185043, -2.634697454589995, -6.714112538009388, -2.7225028061603473, -6.926278841845206, -5.154146561102826, 6.594602947726769, -0.1948023514250297, -0.061669053322435066, 6.063514982089121, -9.75383429026383, -73.7296212438789, 37.216928044300445, -40.40119909108873, 21.0323409504538, -1.6590397672920931, -0.15948596311029584, 3.16499179884703, -3.3485195844844684, -6.669894747735068, -7.464654415008865, -9.842080016055771, 0.2676791482002198] 
[2.8371693444758828, 3.482751432294579, -4.665746595735558, -0.06923924762798325, 0.2620033564483659, 3.6344448644737692, -0.4713324089993074, -3.196099423041522, -0.5049638484221577, 3.1298828758005977, 1.2335215634200951, -1.9691916517876153, -13354.12902956599, -30759.93578428137, 924.2341564641501, -9401.326987811717, 848.387394694838, 96760.96941482059, -23353.749774700518, -101426.46967487346, 5200983.961804416, 50216.36959432017, 9735.58308703984, -280326.8893779005, -0.1846793929122178, 3.80150113086273, -2.1212132384403923, -7.220597577635277, -2.828056649541986, -7.006773272392032, -5.051941583338166, 6.657649825054375, -0.27964734053036744, 0.02267858869385775, 6.1914041812001885, -9.882659742454853, -72.88128050524426, 37.001757976879034, -40.35890963891059, 21.072804864071735, -1.1964701339515762, -0.42754157886309635, 3.100974011538492, -3.0921849535765658, -6.737985283995384, -7.675170191919168, -9.929948188553587, 0.34057401855023633] 
[3.224099240200032, 3.8696813280187285, -5.0526764914597075, -0.45616914335213266, -0.12492653927578345, 4.021374760197919, -0.08440251327515802, -3.5830293187656714, -0.11803395269800832, 3.516812771524747, 0.8465916676959457, -1.582261756063466, -13358.435624654461, -30763.392264841525, 924.6219293528821, -9482.166136310978, 842.6200101899082, 96762.69784527211, -23351.873141623873, -101556.83483369456, 5200982.30853358, 47394.383763160826, 9735.148575616933, -280327.3448560336, 0.13502430281837108, 3.4854020002250325, -2.4088202925253936, -7.342788818924889, -2.5889534377338554, -6.353246530803415, -5.861358406064272, 7.264923595323581, -0.6364595572697721, 0.3410704893294715, 5.9086193615045435, -10.168966783819863, -69.1865564109424, 35.73452750604177, -39.870633233373525, 21.21537886929094, -3.351757392878434, -1.1286232711389779, 3.886603525836759, -1.6248349633629429, -15.876549380826807, 2.6346866432906033, -10.290972770580604, 0.6440216273374301] 
[3.02769645372016, 4.066084114498601, -5.24907927793958, -0.25976635687226035, 0.07147624720408885, 4.217777546677791, 0.11200027320471428, -3.386626532285799, -0.3144367391778806, 3.7132155580046193, 1.042994454175818, -1.3858589695835937, -13387.352814836164, -30763.83579629755, 924.4009057555306, -9481.154016919618, 855.2702481676514, 96762.36710307858, -23324.237572956896, -101557.91081857751, 5200996.471412628, 47392.92140622881, 9734.798507016223, -280327.1484274265, -0.0858885919858427, 3.148117743983833, -2.1507641616145357, -7.740884783119811, -2.748727077598887, -6.557373333011379, -5.673048390835287, 7.056014295537935, -0.40405768335526815, 0.16297817542475798, 5.734752365648209, -10.360822906739548, -77.04337063544384, 35.56109104042675, -39.51460482877161, 20.85651683141335, -2.9850629776273023, 0.9440001150484478, 1.9107694125140662, -1.1970142321812816, -16.504145047914772, 4.779452162821244, -11.096483721310587, 0.288375586291024] 
[3.173524346415525, 3.9202562218032355, -5.394907170634945, -0.4055942495676257, -0.07435164549127649, 4.071949653982426, -0.03382761949065105, -3.240798639590434, -0.46026463187324596, 3.567387665309254, 0.8971665614804527, -1.2400310768882283, -13376.062634377213, -30764.064615491956, 924.2034616269563, -9478.943644862293, 826.6774391161827, 96762.55534833058, -23312.56358785687, -101555.43283909939, 5200997.995937335, 47392.42315334266, 9734.993894775458, -280327.29935886635, 0.05107411833280645, 2.8786229737594438, -2.233814279853424, -8.002651094826888, -2.54959531167492, -6.767806590647386, -5.478727626434824, 6.86019588882815, -0.23969459181854033, 0.005435940841677478, 5.92404791965986, -10.196936627225847, -84.25366008086527, 35.51075710990267, -39.18886145897288, 20.456365200882907, -3.7867345604925333, 0.14331680311635941, 2.680585172709291, -1.0062459214398929, -16.18323318867153, 5.405729761533653, -11.608954016460517, 0.9059330940483596] 
[3.2316043648105692, 3.9783362401982796, -5.452987189029989, -0.3475142311725816, -0.016271627096232415, 4.13002967237747, 0.02425239890439302, -3.298878657985478, -0.51834465026829, 3.50930764691421, 0.9552465798754968, -1.1819510584931843, -13319.081581253437, -30763.946869560757, 924.2999151375415, -9479.316714513634, 816.1518598040146, 96762.46501281031, -23261.788634455865, -101561.35358206466, 5200998.290310724, 47392.763586723166, 9734.898812547968, -280327.36428709445, 0.10882552819909017, 2.782708309575778, -2.124981684468899, -8.125354858735967, -2.5098112235277252, -6.82276603792255, -5.531957956109724, 6.811392893777507, -0.14158602930145253, 0.11131851586955276, 6.026586070875742, -10.13518056943478, -68.20122965049096, 35.32794021484406, -39.35988655021521, 20.625232158492622, -3.9569562996876764, 0.09267282264261612, 2.6346640249329303, -0.8203244074400745, -16.261941522470092, 5.217532438620316, -11.39916495177254, 0.670269387343286] 
[3.483413944919948, 3.7265266600889007, -5.20117760892061, -0.5993238112819606, -0.26808120720561135, 3.8782200922680907, -0.22755718120498591, -3.550688238094857, -0.770154230377669, 3.761117227023589, 1.2070561599848757, -1.4337606386025632, -13350.245167500932, -30764.40366265307, 924.7621715603253, -9481.48781873474, 1767.3009840980935, 96762.10399783528, -23689.989945140795, -101571.61663023915, 5200997.264458021, 47390.81503096062, 9735.276564335009, -280327.6583651212, -0.15798897325165248, 2.391920087938993, -2.3380637335435, -8.393083333651605, -2.2127327999694284, -7.115510892536704, -5.2404605692341395, 6.568306599321012, -0.03741738767860038, -0.13195358051409833, 5.7137108439372835, -9.91234935364458, -55.54959128254437, 35.72764627741982, -39.081661388459956, 20.70252098180993, -3.4080077996654636, 0.30931657584555394, 2.812039783175073, -1.7778057208023106, -15.437918319200914, 5.340319802052237, -11.108739264922495, 1.157860261109499] 
[3.408589659787384, 3.801350945221465, -5.126353323788046, -0.5244995261493963, -0.3429054923381756, 3.8033958071355265, -0.30238146633755014, -3.4758639529622926, -0.6953299452451047, 3.6862929418910246, 1.28188044511744, -1.5085849237351274, -13349.579242517948, -30764.158227201922, 924.8581596318196, -9481.722973947675, 1766.2345383572194, 96761.93820303143, -23688.519764435656, -101572.08951718971, 5200997.110104263, 47390.593100724705, 9735.36223189156, -280327.734612295, -0.09072550464146698, 2.2819597825272795, -2.3523886098788864, -8.519846341590227, -2.1176856796183103, -7.208263893014753, -5.153750472269332, 6.4992519487611355, 0.04966897104438238, -0.1486765168806354, 5.812249166817297, -9.825671648177229, -54.90507180646198, 35.558358730810944, -39.01728436226327, 20.643917652781, -3.329123915840098, 0.48339742699028626, 2.6317690136990533, -1.3188507584731428, -15.657027391205297, 5.334143010918702, -10.977270562413372, 1.254437779891009] 
[3.4871703741542417, 3.8799316595883226, -5.047772609421188, -0.44591881178253856, -0.2643247779713178, 3.8819765215023843, -0.22380075197069238, -3.5544446673291503, -0.616749230878247, 3.607712227524167, 1.2032997307505822, -1.4300042093682697, -13348.450362640315, -30763.949056889483, 924.951908836306, -9482.036318570661, 1766.9296528814139, 96761.73013028888, -23687.63366446851, -101571.35946467191, 5200996.918639231, 47390.30042599352, 9735.276708793917, -280327.6557266665, -0.03668944781867511, 2.4439112502342937, -2.487771715009732, -8.315599750857807, -2.257614102360585, -7.292076232139495, -5.182264953533446, 6.4273049226176004, 0.013451827391727754, -0.0697925155532658, 5.908732120719689, -9.740487012621813, -53.83702967015999, 35.40502247266271, -39.12293535625515, 20.68589053928803, -3.4066412152603562, 0.6400520819033958, 2.4788443830174756, -1.12717863206934, -15.212567295849357, 4.861220175458515, -10.813057282783952, 1.1577212936519838] 
[3.4410805738432524, 3.8338418592773333, -5.093862409732178, -0.49200861209352786, -0.2182349776603285, 3.9280663218133736, -0.2698905522816817, -3.508354867018161, -0.5706594305672577, 3.653802027835156, 1.2493895310615715, -1.476094009679259, -13348.852034208978, -30763.847315711755, 925.0035979944457, -9481.788535269226, 1766.2543989765816, 96761.83141620482, -23686.69794709848, -101571.07315736033, 5200996.780864765, 47390.52861452497, 9735.223787831968, -280327.7027422886, -0.012329421308186615, 2.536148505355774, -2.5402928542804, -8.216412992959189, -2.2235406688388757, -7.310916105162297, -5.23527104798737, 6.513671111652557, -0.07863974481290506, -0.15175873580417082, 5.946189119707443, -9.781975042394373, -54.21992672994554, 35.37554721646612, -39.07760837257309, 20.65545593035236, -3.3450566326566467, 0.6723160967829517, 2.5105454856433242, -1.4864345219633934, -14.97758203297586, 4.8125729293882555, -10.741342591205301, 1.205019127201095] 
[3.322947277020341, 3.715708562454422, -5.211995706555089, -0.37387531527061646, -0.10010168083741709, 4.046199618636285, -0.3880238491045931, -3.3902215701952496, -0.45252613374434625, 3.7719353246580676, 1.3675228278844829, -1.3579607128563476, -13347.494855177985, -30764.13729241226, 925.1407388243033, -9481.259167261902, 1763.7342325074792, 96761.59565673169, -23685.036190223618, -101570.1544775075, 5200996.376024318, 47391.02042225016, 9735.092558673596, -280327.8219414343, 0.0583178630771718, 2.7359428781307473, -2.6595886120348387, -8.00706275432409, -2.105907040439082, -7.019021095601236, -5.52575249445682, 6.758881239551976, -0.30198399879752735, -0.3290573488821394, 6.041728170757581, -9.891394640455346, -55.7752041804043, 35.7049337876284, -38.95633258348344, 20.468799974313317, -3.5585276213841337, 0.9755618941564923, 2.202437208449316, -0.9196892285978315, -15.003751990728468, 5.10433587028491, -10.613907440558494, 1.3412836761245235] 
[3.323640671306399, 3.71640195674048, -5.212689100841147, -0.37456870955667454, -0.10079507512347517, 4.046893012922343, -0.387330454818535, -3.3895281759091915, -0.45321952803040433, 3.7712419303720095, 1.3668294335984248, -1.3586541071424056, -13347.473539975228, -30764.13494152177, 925.1398388755855, -9481.253969008674, 1763.8036627364104, 96761.59453488448, -23685.041033843154, -101570.16592853155, 5200996.379651279, 47391.018426399016, 9735.093281527144, -280327.8212156564, 0.05902299993512202, 2.7363199826809996, -2.660335663366937, -8.007723749244928, -2.104999929464782, -7.020879753700095, -5.523951610675575, 6.758522056584449, -0.3025981295841489, -0.3284895899658628, 6.040993889257997, -9.890805722017857, -55.75370710380711, 35.702080668373206, -38.955848542323096, 20.46993319947342, -3.557205921166258, 0.9763088872503165, 2.202402049920721, -0.9180875845549137, -15.002353366394981, 5.105868889613977, -10.613318974862732, 1.342144102412298] 
[3.562314230992187, 3.477728397054692, -4.974015541155359, -0.13589514987088666, 0.13787848456231272, 3.808219453236555, -0.6260040145043229, -3.1508546162234037, -0.21454596834461645, 3.5325683706862216, 1.6055029932842126, -1.5973276668281935, -13340.191795520397, -30763.327472286917, 925.4498453771971, -9483.036954945861, 1787.3756904295597, 96761.20880377229, -23686.713930066813, -101566.20274580766, 5200997.624536248, 47391.70672714899, 9734.844396523966, -280328.0709612447, 0.2977589940032391, 2.916268480057566, -2.9021666201600262, -8.12238580816556, -2.3217513479788967, -6.874048361261229, -5.423897672400755, 6.507242825133284, 0.03530348168696118, -0.022612595294732918, 6.488366080609242, -9.587264207661793, -62.17881507613926, 35.46156887683996, -39.256294587168775, 20.6155611604033, -3.797960551958929, -0.45706658697126823, 3.7838663014082607, -2.1339122658703586, -14.122258995603303, 5.46678447047093, -10.400023433087581, 1.630124949166482] 
[3.7714427821025476, 3.2685998459443315, -4.764886990044999, 0.073233401239474, -0.07125006654804794, 3.5990909021261945, -0.8351325656146835, -2.941726065113043, -0.42367451945497714, 3.323439819575861, 1.396374442173852, -1.3881991157178328, -13338.938074220918, -30761.405254628262, 925.2257228231679, -9494.431067510308, 1776.305014951638, 96760.66183719126, -23687.32311581406, -99128.28135470164, 5201002.238204762, 47393.14670782779, 9735.053777183866, -280327.86168541637, 0.045631323873881025, 2.6650559194124237, -3.070162383591625, -8.020115457078699, -2.104602768788065, -6.6526099489616755, -5.383987065499911, 6.7159513289840564, 0.3020537408750557, 0.2678613642504726, 6.847275709940552, -9.386636693835573, -61.53057236772388, 35.8829964155866, -39.07427735870204, 20.4537445958303, -3.4508621283573984, -0.5722511795255849, 3.5269355336392083, -1.5165051158152227, -7.371933107843658, 2.698076344462907, -10.209776772773946, 1.3912445810339655] 
[3.4369244629253464, 3.6031181651215327, -4.430368670867797, 0.4077517204166752, -0.40576838572524915, 3.2645725829489933, -0.5006142464374823, -3.2762443842902442, -0.7581928386321783, 2.98892150039866, 1.0618561229966508, -1.722717434895034, -13337.97390238953, -30740.555559537683, 925.561164785151, -9556.916391749415, 1710.2988666551973, 96758.94726712615, -23687.931715541232, -99136.76788365033, 5201000.25896781, 47382.91850669641, 9735.398682578394, -280328.207609842, 0.7892617851207308, 3.3954720246338286, -2.7419499288993947, -7.748178437618858, -1.7781193440842427, -6.035071080692767, -6.546031458468486, 7.745862122023851, -0.05002715334736896, -0.0009910252787478924, 6.217518033408169, -9.828365861215902, -64.61311774264962, 38.400431944081326, -39.36981103206678, 20.718480315068177, -3.0074289671048584, -1.4585210177217438, 3.2968948444987967, -0.9170643383090763, -10.969247350074486, 6.827113775599315, -10.782973171280448, 1.9340410557776289] 
[3.1994066171620927, 3.8406360108847863, -4.192850825104544, 0.6452695661799288, -0.6432862314885028, 3.0270547371857397, -0.2630964006742287, -3.0387265385269906, -0.995710684395432, 2.751403654635406, 0.8243382772333971, -1.9602352806582877, -13335.170152798482, -30741.753299437907, 925.30370708223, -9558.426848415455, 1708.774437427792, 96743.16322234613, -23686.900669610586, -99123.58839082487, 5200999.756612103, 47393.18823957119, 9735.08721866783, -280327.96452461375, 0.5885721490385276, 3.5890910629209785, -2.921786424836537, -7.555318965090031, -2.0627212547234044, -6.334705524354416, -6.730065477589074, 7.579564783852427, -0.23329625394862288, -0.13164254322122465, 5.945344207761212, -9.552806458618967, -64.2703380977181, 39.15259078412389, -39.697681420044084, 20.332125530249982, -2.5499877452597515, -2.6241222703714024, 2.5876798562027545, -1.0640864978735807, -11.165542793163882, 6.517242713801085, -10.413014782216555, 2.2241824326908315] 
[3.4383351324515212, 4.079564526174215, -3.9539223098151153, 0.4063410508905003, -0.40435771619907435, 2.788126221896311, -0.024167885384800192, -2.799798023237562, -1.2346391996848605, 2.9903321699248346, 0.5854097619439687, -1.7213067653688592, -13263.607501998622, -30742.33031851005, 925.6207951750423, -9559.08742194568, 1708.110366614746, 96724.87087586426, -23690.43316801281, -99146.24816976179, 5200999.417304796, 47391.53676852193, 9735.53058140228, -280328.2436952667, 0.3417863107932361, 3.7469038393826124, -2.7730304767325022, -7.3380450506285015, -1.6674725688196919, -5.894241140908283, -6.516159062063435, 7.7970083113711235, -0.6853952581289847, 0.2973973651697866, 6.373303864273682, -9.852193130449947, -63.50959547752866, 38.7650005255485, -39.857814054685704, 20.12314540829191, -2.2267395553645146, -3.334345351046145, 1.539635383407645, -0.6172273490457363, -13.135383091166789, 8.51051435013448, -11.22462256238013, 2.308836091332745] 
[3.5386021683434494, 3.9792974902822866, -3.853655273923187, 0.5066080867824285, -0.30409068030714614, 2.687859186004383, 0.07609915050712801, -2.9000650591294903, -1.3349062355767887, 3.090599205816763, 0.48514272605204045, -1.621039729476931, -13264.780193529463, -30742.48452403275, 925.8110846432502, -9558.445603358361, 1707.462587616693, 96724.03407049991, -23862.131243779688, -99147.14066518773, 5200999.304795793, 47395.952695847314, 9735.85900111851, -280328.3462684398, 0.47611352892595976, 3.9318738659919243, -2.723132293351858, -7.4943390882943195, -1.5966508933595354, -5.7810141532265735, -6.420221870751724, 7.893444681997994, -0.5725881359208854, 0.3705186938051083, 6.2594325987474, -9.692499847922404, -62.9803431705799, 38.78856782510208, -39.73159902860929, 19.964713233303147, -2.3862936480150334, -3.155504225326058, 2.031212845208309, -0.7779145314214995, -13.513518951839583, 8.88501497854817, -10.939197882645335, 2.425293875069901] 
[3.9512178899943704, 4.391913211933208, -3.441039552272266, 0.09399236513150755, 0.10852504134377483, 2.275243464353462, -0.33651657114379296, -3.3126807807804113, -0.9222905139258677, 3.503214927467684, 0.8977584477029614, -1.20842400782601, -13267.54002376459, -30743.231730234078, 924.8446065011224, -9560.198187266316, 1712.0648102765906, 96726.18167697969, -23933.519152677763, -99154.35296351038, 5200998.868341057, 47554.76841583308, 9737.756364235041, -280327.9326093557, 0.08570123440459931, 3.64715892639661, -3.1916056286504526, -7.95831091260087, -1.1283795414909865, -6.168560493963774, -6.1725125710949404, 7.5536657337072866, -0.1779464340081114, 0.04373849831216392, 5.83435249919603, -8.879628368755148, -64.03719660407742, 38.37595558779094, -39.164281539321436, 19.58006323595802, -2.8396490330449433, -1.195148851624181, -1.1825940255125822, -1.1930520134789586, -15.258277874205852, 10.641928918538714, -12.932730837408585, 1.9891795176054339] 
[3.980684283825261, 4.421379605764098, -3.4115731584413753, 0.12345875896239833, 0.07905864751288405, 2.304709858184353, -0.3070501773129022, -3.342147174611302, -0.8928241200949769, 3.5326813212985746, 0.8682920538720706, -1.2378904016569008, -13267.596233998976, -30743.199017550316, 924.5059907091048, -9563.543379996969, 1709.55308154496, 96726.13092516502, -23933.248899959002, -99153.33641333607, 5200998.8219510615, 47555.003829054105, 9737.804557848673, -280327.9663108719, 0.02262564989694507, 3.740395769680762, -3.284842891916731, -7.929040558979489, -1.1623020756836075, -6.261146624992707, -6.0823462311418375, 7.566264257731486, -0.19061014616241612, 0.07685196239685373, 5.900585341307076, -8.927932551332484, -64.09192423173975, 38.36935951880676, -39.19264684519643, 19.606769481148152, -2.8657602511465643, -1.5557741925041855, -0.834131838132792, -1.217123382648378, -15.288219449954719, 10.622746126604595, -12.904576371627885, 2.011016434840356] 
[3.9836482929657473, 4.418415596623612, -3.4145371675818614, 0.12642276810288444, 0.08202265665337016, 2.307673867324839, -0.30408616817241607, -3.345111183751788, -0.8898601109544908, 3.5297173121580885, 0.8712560630125568, -1.240854410797387, -13267.601588155274, -30743.195787646837, 924.4643237010217, -9563.347926537537, 1710.0282917796505, 96726.12554967898, -23933.28134530315, -99153.41110036784, 5200998.817064806, 47554.983431180284, 9737.809646148142, -280327.96299248486, 0.016731029548341443, 3.749519836775863, -3.2938293333300974, -7.931248346611208, -1.165407162068663, -6.250673260277322, -6.093067475508513, 7.572146416699398, -0.18529472514547976, 0.08305667194268081, 5.905765005986459, -8.926119560548583, -64.08799359716583, 38.37567451835888, -39.19969365049761, 19.604442372236093, -2.8689361151986517, -1.5530314648429742, -0.8313460688226038, -1.2138386153170975, -15.29121135391969, 10.620513021494183, -12.90145821223219, 2.0131860377126607] 
[3.8129340369727247, 4.24770134063059, -3.585251423574884, 0.29713702409590703, -0.08869159933965243, 2.1369596113318163, -0.13337191217939348, -3.5158254397448108, -1.0605743669475134, 3.359003056165066, 1.0419703190055793, -1.0701401548043643, -13267.29484400451, -30743.009426638484, 926.813592722895, -9552.609660277998, 1735.4600438768045, 96726.43681956, -23935.185508351282, -99157.59004198975, 5200999.099843043, 47556.17534639475, 9737.51804452787, -280327.77225706045, -0.19870456221006355, 3.935706268867914, -3.274829396784195, -7.729912548578705, -1.368639522722795, -5.661596345636078, -6.6990938514579526, 7.893027748637357, -0.2432188672125282, 0.3200400625997885, 6.279110532681203, -9.209322389978944, -63.86413610264033, 38.737218005546914, -39.60491635754507, 19.42821008395189, -2.6429328343066167, -1.2810720179666675, -0.7874751004647718, -1.4187488850537078, -13.891067530101044, 9.254081737637911, -13.180258176295704, 2.250383655095372] 
[3.8974900782882864, 4.332257381946151, -3.5006953822593223, 0.21258098278034532, -0.17324764065521414, 2.221515652647378, -0.04881587086383177, -3.431269398429249, -1.145130408263075, 3.4435590974806276, 0.9574142776900176, -1.154696196119926, -13267.076313313715, -30743.115231816522, 926.3546797467425, -9553.596053949846, 1724.6825268603302, 96726.55553182076, -23939.967320397525, -99156.95729394133, 5200998.988803348, 47557.99269170881, 9737.404616446562, -280327.6623867689, -0.2832107435890947, 3.912524712666765, -3.3457425164931442, -7.674495143488816, -1.438968217868822, -5.14860905567613, -7.216068105460311, 7.806291580522549, -0.31458160425262033, 0.23079207220172876, 6.413746417927868, -9.149864442867115, -63.52655084454692, 38.46409442304928, -39.35391729064408, 19.35753366693587, -2.747170819785432, -1.3065788228731596, -0.8686275699613589, -1.3336085347706685, -13.98341338913561, 9.22573017199551, -13.095414628347875, 2.3062606418757285] 
[4.080696197676848, 4.14905126255759, -3.6839015016478838, 0.029374863391783856, 0.00995847873334732, 2.4047217720359395, 0.1343902485247297, -3.2480632790406876, -0.9619242888745136, 3.260352978092066, 0.7742081583014562, -1.3379023155084875, -13267.465685776202, -30742.90277639197, 924.8713025840049, -9557.711747761905, 1730.8478345084186, 96726.8449312925, -24016.909218050707, -99154.71189006488, 5200998.767937634, 47560.06408783336, 9737.678613408281, -280327.88136906823, 0.06575409863476106, 3.3282929926141223, -2.7987266635730794, -7.433513234439568, -1.5893048018186045, -5.012861427424839, -7.135026653096639, 7.533024346770354, 0.02893020542831881, 0.5885124246844595, 5.92756688984587, -8.906963168885362, -63.33066362682693, 38.89504252207102, -39.804589808136136, 19.06397482555779, -2.9403481943698804, -0.26552124669681176, -1.9809360979180841, -1.0927794765709993, -15.121087340964179, 10.369255898431451, -13.520230338233821, 2.5714728130017024] 
[3.9712485370095534, 4.258498923224884, -3.5744538409805893, 0.13882252405907836, -0.09948918193394718, 2.295274111368645, 0.2438379091920242, -3.138615618373393, -0.8524766282072191, 3.1509053174247716, 0.8836558189687507, -1.447349976175782, -13267.633731760916, -30742.74966678895, 925.2821812805008, -9684.587809871457, 627.1890117026737, 96726.60254853236, -24010.812626429906, -99145.02044481608, 5200998.605282504, 47552.2674662071, 9737.454707488478, -280327.9969745765, 0.20598462978632912, 3.3651924971751614, -2.661890632451794, -7.579986301752528, -1.4790888493078191, -5.089488360618942, -7.188160008556158, 7.440428077121539, 0.20630224708872746, 0.7759079126653758, 6.067130143819837, -8.822813254686839, -63.05435068720385, 38.68470722701259, -39.85002578334628, 18.940913647322436, -3.049090719288592, -0.20893660063412584, -1.889116012658521, -0.9712974776573718, -14.416664507458131, 9.711383250386817, -13.377002831515924, 2.6502812341166466] 
[3.743911764919301, 4.485835695315137, -3.8017906130708417, -0.08851424803117403, 0.1278475901563052, 2.0679373392783926, 0.4711746812822766, -2.9112788462831407, -0.6251398561169668, 3.378242089515024, 1.110992591059003, -1.2200132040855296, -13267.215986826785, -30743.031111810567, 926.5741983833234, -9672.715329121664, 650.2326653545805, 96726.19714726502, -24014.712869130602, -124795.9452846791, 5200999.006315883, 44930.86084727269, 9737.074308041258, -280327.76613791677, 0.4851034420947459, 3.029156441672736, -2.6813219318273633, -7.340863690054415, -1.7042234638105347, -5.881607776568221, -6.408379125223662, 7.544755193270649, 0.05575871711076044, 0.9302152921712125, 5.736636377454492, -8.995397722301218, -63.57584847839396, 38.987640338787195, -39.69845071514527, 18.675340783951196, -3.2910535526560665, -0.3183006327657333, -2.1344396135741777, -0.6333996410055329, -14.717457157096124, 9.601496249016417, -13.688889359660296, 2.4251933888774255] 
[4.031283127557395, 4.198464332677043, -3.5144192504327476, -0.3758856106692681, -0.1595237724817889, 1.7805659766402986, 0.18380331864418248, -2.6239074836450467, -0.33776849347887267, 3.665613452153118, 0.823621228420909, -0.9326418414474356, -13268.111267761862, -30742.72847093061, 925.810124286115, -9709.490238797463, 667.9103697450462, 96726.56912375933, -24013.318237738255, -124790.43091176862, 5200998.167205698, 44925.63261363918, 9737.432150721614, -280328.0919867759, 0.8987578788224604, 2.3553846550457633, -2.0328450075101916, -7.486393939151218, -2.076463067876919, -7.360700751961211, -4.876890658031693, 8.289428340846378, -0.4352664579746457, 0.4398584092951393, 6.499733575730629, -9.319718696296073, -64.2620299646028, 38.303957519952725, -38.98327449447305, 18.349089768126653, -3.0401000800589033, 1.5238439529853238, -3.978050917082263, -0.6972628109767283, -15.838988891543213, 10.268805373281003, -13.173941420258686, 1.9371306185116075] 
[3.712599546432469, 3.8797807515521168, -3.1957356693078216, -0.6945691917941942, -0.47820735360671496, 2.0992495577652246, -0.13488026248074358, -2.9425910647699727, -0.019084912353946604, 3.984297033278044, 0.504937647295983, -1.2513254225723616, -13268.639293731438, -30743.14871446113, 923.4081837954168, -9711.855065457246, 680.5401544445477, 96726.90225234583, -24022.858255798565, -124789.12961151305, 5201001.0692266775, 44924.35974061967, 9738.02429483532, -280327.5979991754, 0.8757476420738382, 1.9471441055877385, -1.603066817798665, -7.76323705268452, -1.7078095846823524, -7.600893562826643, -4.967596747143596, 8.440832844298038, -0.050033002009261696, 1.0027986006215577, 6.026971566224878, -9.681376844269858, -64.00813499441975, 38.900606057307485, -39.72151818621185, 17.970189444591917, -3.3981684021318896, -2.7413806603274082, 0.32693601138347983, -1.0905759321010615, -16.49162937782144, 9.688854560572597, -13.427902360069838, 1.648875479384491] 
[3.270872742873368, 3.4380539479930157, -3.6374624728669227, -1.1362959953532954, -0.03648055004761386, 1.6575227542061235, -0.5766070660398447, -2.5008642612108716, -0.4608117159130477, 3.542570229718943, 0.0632108437368819, -0.8095986190132605, -13267.127142129226, -30744.12413016124, 772.5762554413916, -9710.776814513134, 682.6260016031902, 96726.30995392677, -23998.430014138932, -124800.43228483094, 5199788.166026613, 44923.56695168135, 9736.13670928716, -280327.10793413414, 0.3488826269899292, 1.6808732266406325, -2.0111294525269128, -7.429421561617861, -2.166765193885812, -6.289207467338729, -6.243100699782431, 8.805385928319856, -0.5083627289655942, 0.6885454215091789, 5.792737336679306, -10.116344466272963, -64.58134934017156, 37.831562176947074, -38.719834128283075, 18.307300303588327, -3.1091799553070523, -0.6102341920769159, -1.809716319553167, -1.9611546613850632, -27.349056737530326, 10.008752642753308, -12.940584340167549, 0.9800804915220965] 
[3.0139425363902594, 3.694984154476124, -3.894392679350031, -0.8793657888701869, -0.29341075653072235, 1.400592547723015, -0.8335372725229532, -2.75779446769398, -0.7177419223961562, 3.2856400232358345, -0.1937193627462266, -0.552668412530152, -13251.668450549503, -30747.134639149604, 773.7111930215957, -9711.089079657042, 875.7717159093389, 96726.56882635852, -23999.29444645323, -124801.1512917955, 5199786.866667636, 44925.25341443012, 9671.747885428722, -280326.6177879801, 0.6352052194709686, 1.4451684174349517, -2.2685952559033313, -7.14914513879458, -2.1348029480767345, -7.738358144946335, -4.789039426229245, 9.031090635921817, -0.6550299077319152, 0.4441308604937607, 6.044819965134578, -10.379131266038923, -66.65634643619946, 38.2785517764615, -39.04023592449857, 18.310736682183347, -3.3132379095129845, 0.9706195487226903, -3.3893336921203243, -1.7429742170668823, -27.594766449482716, 9.853928474271902, -13.696320991306928, -2.7231856305448474] 
[3.009336707867793, 3.6995899829985905, -3.8989985078724976, -0.8839716173926533, -0.28880492800825597, 1.4051983762454814, -0.8289314440004868, -2.7531886391715137, -0.7223477509186226, 3.290245851758301, -0.19832519126869297, -0.5572742410526184, -13251.952651476244, -30747.15131305948, 773.7210466430475, -9711.081318098903, 875.8267782220776, 96726.57356823461, -23999.286042649972, -124801.18414151248, 5199786.856019553, 44925.476927539035, 9671.872165396153, -280326.63450099964, 0.6299447307620241, 1.450472059974401, -2.2704915031416535, -7.158687086884349, -2.124593493517825, -7.7261467142437485, -4.800901396090262, 9.026203854129328, -0.660395782653918, 0.44985405638359977, 6.049283612875689, -10.384822266294469, -66.67008474598978, 38.28711972197787, -39.033387415931344, 18.323767437130346, -3.326754571055677, 0.9702083000586297, -3.394770232893646, -1.7332112780752789, -27.588985190009137, 9.857033316717521, -13.658759511620628, -2.7117685185512213] 
[3.228238291343728, 3.4806883995226556, -4.1179000913484325, -0.6650700339167184, -0.06990334453232105, 1.6240999597214163, -0.6100298605245519, -2.9720902226474486, -0.9412493343945575, 3.509147435234236, -0.4172267747446279, -0.7761758245285533, -13239.364784523417, -30747.932106339922, 774.1847992629552, -9710.715222852108, 878.5254374016018, 96726.79858415965, -23999.688821534455, -124799.65787192108, 5199786.355234163, 44935.45626545548, 9666.233262168957, -280327.41710692446, 0.8630047801659425, 1.298512506688486, -2.0450052258162272, -7.319108726543769, -2.314339531689613, -7.846880159698255, -4.9551957312950705, 9.207186273979488, -0.8871345228805162, 0.6874763004293466, 5.83609743707313, -10.633551715994207, -66.08922515877029, 38.61668121198565, -38.715794928106256, 18.950107757943435, -4.041311138252051, 11.34716752105391, -13.67797550631424, -1.876817246711923, -27.38821493603958, 10.047279536625005, -11.943411435956056, -2.1563532590072665] 
[3.1630715611789517, 3.4155216693578794, -4.052733361183656, -0.7302367640814946, -0.0047366143675448, 1.6892666898861926, -0.6751965906893281, -2.9069234924826723, -0.8760826042297812, 3.574314165399012, -0.48239350490940414, -0.711009094363777, -13230.662773802387, -30747.343138696524, 774.2797523712304, -9710.544105208392, 865.1675577818016, 96726.86393639786, -23999.887376390656, -124797.36786229652, 5199786.454978187, 44934.9515718133, 9666.630115337644, -280327.28432447347, 0.8012197724863636, 1.3454020780665865, -2.1147502606970603, -7.270397815314309, -2.265096867267343, -7.513621416617494, -5.278512936262776, 9.310656217382562, -0.9546392742469485, 0.6073613846977161, 5.867348967210614, -10.577255080138338, -65.98254236084394, 38.541702162835826, -38.81767477072401, 19.016579991216894, -3.986322269810774, 11.305264936361368, -13.715837060333644, -1.702418013303236, -27.476029617287605, 10.142256129771871, -11.813685807426927, -1.8491774709866746] 
[3.3695641228224735, 3.2090291077143576, -4.259225922827178, -0.5237442024379728, -0.21122917601106664, 1.8957592515297144, -0.4687040290458063, -3.113416054126194, -0.6695900425862594, 3.780806727042534, -0.2759009432658823, -0.5045165327202552, -12783.004289155937, -30750.16488764522, 773.9490580778338, -9711.00818513364, 10069.06146400035, 96726.65451833134, -24000.415911452765, -124793.54860251925, 5199786.804854043, 44936.12583536767, 9667.589635321083, -280326.7994693308, 1.0068009378376128, 1.603359056683028, -1.8648817615007356, -7.470922981845908, -2.3758516195206916, -6.631635176904755, -6.114670914465113, 9.656892930195038, -0.8563813602234973, 0.4023688672943828, 5.5423343217534935, -10.267310276515692, -65.5814471646366, 38.3616154135621, -38.65215431162405, 19.080708789871824, -3.7734682055368958, 9.567884410483549, -11.974103414078641, -1.120464383545882, -27.74347327529876, 10.439621327221307, -12.106658915870987, -1.1085302884225885] 
[3.3189515729004304, 3.2596416576364007, -4.309838472749221, -0.4731316525159297, -0.16061662608902352, 1.9463718014517575, -0.5193165789678494, -3.1640286040482373, -0.7202025925083025, 3.831419276964577, -0.2252883933438392, -0.4539039827982121, -12782.013379934382, -30761.31109731479, 774.0116724913221, -9710.805836880167, 10067.910082823972, 96726.5981609548, -24000.167884162365, -124857.31560407381, 5199786.936238583, 44935.98362119822, 9666.907611354973, -280326.5828619761, 0.9413739847854153, 1.6692498079517009, -1.913573049490266, -7.521109761363065, -2.2904949792936264, -6.916045554659619, -5.831704700482119, 9.683668856449131, -0.8296566264954661, 0.45650355175829577, 5.483749451713208, -10.208620711797487, -65.66841657807791, 38.43243057108508, -38.74457053945995, 19.149760566546266, -3.6916284275647153, 9.211493601656034, -11.627357158329014, -1.2350214196144615, -27.685132194433997, 10.47810931296162, -12.052661385715254, -0.9304604465342332] 
[3.3773693847432, 3.2012238457936313, -4.251420660906452, -0.4147138406731603, -0.10219881424625413, 1.887953989608988, -0.5777343908106188, -3.105610792205468, -0.6617847806655331, 3.7730014651218076, -0.2837062051866086, -0.3954861709554427, -12780.136667413184, -30757.099576526438, 773.9426630568396, -9711.087177671085, 10065.62605124475, 96726.53066117803, -24000.405065000385, -124741.24313771674, 5199786.801941371, 44935.83938302086, 9668.078262891286, -280326.88670591643, 1.0029829615336714, 1.612572379506116, -1.8352462525882358, -7.612651174254466, -2.2097741294820823, -7.208278304499138, -5.542675062725719, 9.609006608648773, -0.9488362722014644, 0.542057225067293, 5.35746575498438, -10.122202011168243, -65.75128102221389, 38.37554589600574, -38.63863918085754, 18.998814525648427, -3.5491373415909284, 9.290554468756858, -11.651017570478572, -1.4391591293503212, -27.81481925481034, 10.637967578169588, -12.164250780181522, -0.7668389910338043] 
[3.2976661908077274, 3.2809270397291037, -4.171717466970979, -0.3350106467376879, -0.18190200818172658, 1.9676571835444605, -0.4980311968751464, -3.1853139861409403, -0.7414879746010056, 3.693298271186335, -0.20400301125113618, -0.31578297701997027, -12778.676050318836, -30779.540646912203, 773.8432997512446, -9710.596246359468, 10057.968382981988, 96726.61895160281, -24000.13783344597, -124679.65516522212, 5199786.590886475, 44936.068130261054, 9667.06102744475, -280327.4237067064, 1.1064594652459672, 1.715791995472594, -1.888860200844976, -7.657219906451731, -2.286380652521027, -7.58814594944546, -5.164840506536745, 9.668735992928367, -0.897810454682375, 0.6310954660655105, 5.296809294652502, -10.21316194246322, -65.61316247539006, 38.48514406833171, -38.699832233230985, 18.971044235533874, -3.630636214855802, 9.925103383261087, -12.290910300466578, -1.3302106178770454, -27.885464470444603, 10.506463019002373, -12.01057944689987, -1.1774708725136738] 
[3.604970713730686, 3.5882315626520622, -4.479021989893938, -0.6423151696606464, -0.4892065311046851, 1.660352660621502, -0.8053357197981049, -3.492618509063899, -0.43418345167804706, 3.3859937482633766, 0.10330151167182233, -0.008478454097011756, -12791.394658622434, -30763.60885480238, 773.425239154964, -9707.753355297144, 10067.358895308886, 96726.98023201214, -23998.79115395578, -124518.7911458811, 5199787.264583859, 44937.18672670444, 9674.548390411363, -280330.6099255421, 0.7852489079900282, 1.4151545232075529, -2.0637780404861688, -7.917239617368642, -1.955225870278894, -9.094683708147574, -3.6646904697987157, 9.311114037595933, -0.6318538075238822, 0.9806843992028849, 5.081833642590135, -10.498836441635325, -66.0082860846448, 38.14937710268118, -39.31607836410008, 19.73772056290774, -4.3248718911083985, 6.753923796135959, -9.06675276266627, 0.22277320395454314, -28.207168491412784, 10.229377822173829, -12.241949893131737, 0.08415611558025637] 
[3.4459658268997186, 3.429226675821095, -4.638026876724905, -0.8013200564916136, -0.33020164427371784, 1.5013477737905347, -0.6463308329671377, -3.651623395894866, -0.2751785648470798, 3.2269888614324094, 0.2623063985027896, 0.1505264327339555, -12790.598776245039, -30762.75659802287, 773.5932278534896, -9708.196436297929, 10068.078927968043, 96726.81994500267, -23999.096972415224, -124517.44638860696, 5199786.366063567, 44939.90234382766, 9659.594903222232, -282542.6221971103, 0.9610282114250249, 1.5432829659960978, -1.7128970079941204, -8.24980003503195, -1.8110929905754616, -9.177044245215699, -3.7851416447928115, 9.469005003098138, -0.5068249608453824, 1.0960839716141173, 5.218022689375705, -10.656387719507736, -65.77353973560284, 38.023602941451344, -39.82211558191138, 20.201781539995835, -4.4520541534601685, 6.864653889042878, -8.99337375516019, 0.5319386825813659, -27.75391674234061, 9.942574001035748, -12.374780997561091, -0.11905529407147444] 
[3.615905842050444, 3.5991666909718205, -4.46808686157418, -0.9712600716423392, -0.5001416594244434, 1.6712877889412603, -0.4763908178164121, -3.4816833807441405, -0.44511857999780535, 3.057048846281684, 0.09236638335206404, 0.32046644788468104, -12788.706711377805, -30760.644932038063, 773.7641110649104, -9708.525828990376, 10066.462415278542, 96726.6491827069, -23998.628455115868, -124516.73338315751, 5199784.0643233005, 44963.262429840484, 9657.067576898295, -282535.06513997295, 1.1219742198279583, 1.680617153335161, -1.3031568562889344, -8.604670898177236, -1.505840258818161, -8.596013336814716, -4.370284155152887, 9.398925897863544, -0.6480115237942595, 0.9135941263421148, 5.062546283984236, -10.515856000753656, -65.99605035338418, 37.8173077295868, -39.29265816583698, 19.827147302083194, -4.292350884993321, 6.965763832181635, -8.892113418849108, 0.018947840741252775, -28.3374492072173, 10.135884646441694, -12.63343998961297, 0.1444550203614949] 
[3.7773920833718675, 3.437680449650397, -4.629573102895603, -1.1327463129637625, -0.33865541810302013, 1.8327740302626836, -0.6378770591378354, -3.643169622065564, -0.6066048213192287, 3.218535087603107, -0.06911985796935927, 0.15898020656325773, -12789.480854185598, -30759.817490798807, 773.9356322490916, -9708.762747459692, 10067.164626886448, 96726.48605464917, -23999.39637349767, -124515.28209141882, 5199784.935403742, 44940.615627040235, 9638.08552886997, -282536.69251927506, 0.881059896921278, 1.9820119019962328, -1.538040466477954, -8.772666707361427, -1.8221756741949235, -8.518074181161246, -4.266052779129006, 9.191753563058377, -0.466691915391119, 0.7861389235918744, 5.199473507820571, -10.355959743317017, -65.84975092649479, 37.95181508747489, -39.1348460446835, 20.000356227508984, -4.106271365962904, 8.140862216702738, -10.075845840156376, 0.6958937467691986, -27.899841436042497, 10.383273918021608, -12.423794964914006, 0.4193981724210871] 
[3.623224085225604, 3.2835124515041336, -4.475405104749339, -0.9785783148174989, -0.18448741995675655, 1.67860603211642, -0.792045057284099, -3.7973376202118274, -0.4524368231729651, 3.3727030857493707, -0.22328785611562285, 0.004812208416994146, -12789.918057294744, -30758.006643815497, 773.7804020410005, -9708.950739772494, 10065.76779278616, 96726.65130720784, -23999.83112730959, -124515.94897389544, 5199785.409777464, 44966.70836114373, 9670.406194114204, -282530.5411741324, 0.5247138651049558, 2.338670196236658, -1.481126242031471, -8.6469684039078, -1.936990355237015, -8.429887253456787, -4.175119191100429, 9.078964262684062, -0.16445305723237247, 1.0968446906887623, 5.383428552297167, -10.188270565748637, -65.99284701264632, 37.80716345495538, -39.41347723588738, 20.191437048919692, -4.255798694493457, 6.779435356794473, -8.753996800203302, 0.9555994461800866, -27.575750938966753, 10.62287377247971, -12.20118217664134, 0.11186477618097129] 
[3.661532097619271, 3.2452044391104664, -4.5137131171430065, -1.0168863272111661, -0.14617940756308934, 1.7169140445100872, -0.8303530696777662, -3.75902960781816, -0.4907448355666323, 3.411011098143038, -0.26159586850929006, 0.04312022081066136, -12790.096584519699, -30756.0918529249, 773.7398594064645, -9708.895092664121, 10066.906177002358, 96726.69006394462, -23999.906738208734, -124515.84593856016, 5199785.610230124, 44967.43848496265, 9669.624945873835, -280876.2798553964, 0.5919465859958261, 2.269075392024304, -1.6257357013539162, -8.571094993009963, -2.0667108638539635, -8.314372326800198, -4.292863822450184, 9.054237066597821, -0.19717414591722038, 1.1243148340321032, 5.351837636579295, -10.154911264371755, -66.1810940379196, 37.94897162264536, -39.43836451801322, 20.158831639731925, -4.308186488905842, 6.761433677977594, -8.793572257985298, 1.043210673759629, -27.46409955006193, 10.582880540227766, -12.159463480252311, 0.17705840551339996] 
[3.4547421137293304, 3.451994423000407, -4.306923133253066, -0.8100963433212254, 0.060610576326851406, 1.923704028400028, -1.037143053567707, -3.5522396239282195, -0.28395485167669154, 3.204221114253097, -0.4683858523992308, -0.16366976307927938, -12789.258827458341, -30736.760339794655, 773.9550315224222, -9709.180988023973, 10076.652767203344, 96726.47879530366, -24000.28624293085, -124515.22898636515, 5199786.541265198, 44970.357311832624, 9666.533248060952, -280987.56488170126, 0.2558197467549226, 2.5903218097430782, -0.840833544641334, -8.998725019351207, -1.3579455784342036, -7.7336892647711375, -4.897881209716572, 8.862031315321355, -0.3642671303883338, 1.3059849624680788, 5.156546427542185, -9.997502434916868, -65.33780426754045, 37.260224473802644, -39.25316101701358, 20.342985567151914, -4.034629263385105, 6.897545067129633, -8.719215168714385, 1.2134575540424775, -27.81871771752209, 10.332269428934385, -11.924028559933044, 0.5498310900645724] 
[3.485280842024234, 3.4825331512953106, -4.276384404958162, -0.8406350716161288, 0.09114930462175486, 1.9542427566949314, -1.0676817818626105, -3.521700895633316, -0.314493579971595, 3.1736823859581937, -0.43784712410432736, -0.13313103478437593, -12788.937024286199, -30736.433002395606, 773.918865834821, -9709.239191604593, 10068.329650194239, 96726.44411354225, -24000.327442301525, -124515.42061669083, 5199786.152169585, 44978.15337523015, 9666.383404451268, -280988.71514016925, 0.29717657469180647, 2.554437363776706, -0.9283207544337686, -8.939877912302643, -1.4369175387162563, -7.751830538388148, -4.922521325314862, 8.831613058494534, -0.3975225782579964, 1.3370590861103997, 5.13609517082622, -10.019213617278378, -65.00848099334053, 37.079802759985256, -39.17727003022168, 20.27398603747809, -3.9997818685566813, 6.906358532008129, -8.694225148992683, 1.2440788252834167, -27.906530936262644, 10.365345665117083, -11.949048196569255, 0.6368059027899882] 
[3.336940644116921, 3.3341929533879977, -4.128044207050849, -0.6922948737088159, 0.23948950252906775, 2.1025829546022443, -0.9193415839552976, -3.670041093540629, -0.4628337778789079, 3.025342188050881, -0.28950692619701446, -0.28147123269168883, -12790.243487925332, -30735.106234714418, 774.0994063778751, -9708.97197197066, 10050.425438576623, 96726.61659510578, -24000.134171498794, -124514.34300597993, 5199784.601922477, 44834.04947317817, 9665.558229052529, -280997.13427664724, 0.08836506669976377, 2.800544532457622, -1.4145172621200033, -8.674314014967564, -1.8910650540873686, -8.025595092778659, -4.674936292737908, 8.981718647839056, -0.5421638696248674, 1.154446362373341, 4.880346126744171, -9.76431590079495, -64.30641025312079, 37.18238519354713, -39.089815617326195, 20.400880621483182, -4.176778125877006, 5.162652195579005, -6.941746969025205, 1.4940222717369496, -28.32804981136421, 10.186515747465265, -12.080198926481604, 0.9354278540816803] 
[3.318828407777546, 3.3160807170486226, -4.109931970711474, -0.6741826373694408, 0.25760173886844284, 2.0844707182628692, -0.9012293476159225, -3.651928857201254, -0.4447215415395328, 3.043454424390256, -0.30761916253638955, -0.26335899635231375, -12789.762775252506, -30734.61188436231, 774.0733710411827, -9709.016426397653, 10050.74733641747, 96726.64097634646, -24000.105528628854, -124514.27175732538, 5199784.511065708, 44832.70317910582, 9665.78046872923, -280997.36902558414, 0.07267145456545336, 2.783581082353155, -1.4086327546068824, -8.656363508864164, -1.9067489995579239, -8.037548348083389, -4.68750908598217, 8.993102773356748, -0.5676729831910373, 1.1265581726127698, 4.903520987468946, -9.785300454916339, -64.91300366639666, 37.42381946454246, -39.06591581920649, 20.41874219525652, -4.158255927787619, 5.044842623910331, -6.820342946991133, 1.457367486347591, -28.37927387749739, 10.16281746316504, -12.102099038113076, 0.8823984194073748] 
[3.4874961305357077, 3.1474129942904607, -3.9412642479533124, -0.8428503601276027, 0.08893401611028096, 1.9158029955047073, -0.7325616248577607, -3.8205965799594157, -0.6133892642976947, 2.874786701632094, -0.13895143977822766, -0.09469127359415186, -12795.188796675851, -30740.208333226514, 773.8249235016474, -9709.449241468095, 10048.148600558668, 96726.863333269, -23999.831182013895, -124513.56486209293, 5199785.4224005975, 44850.2723084809, 9667.620171715558, -280994.88017070916, 0.2756237386672491, 2.5795304959879126, -1.368596330734319, -8.476911340173732, -2.064317734161582, -7.9257470403108625, -4.548015106771461, 9.247087520999232, -0.350336484942508, 1.040764201391195, 4.695316618039277, -9.573175664206653, -60.307058920935546, 37.47511765687035, -39.18404419106316, 20.245672521451528, -4.389210891157556, 3.856041646755899, -5.663170437647444, 1.2890928632806848, -28.165507826535237, 9.992771259600195, -11.848448900506552, 1.4148956697712816] 
[3.696656981280692, 2.9382521435454763, -4.150425098698297, -0.6336895093826183, -0.12022683463470352, 1.7066421447597229, -0.5234007741127762, -3.6114357292144312, -0.8225501150426792, 2.6656258508871096, 0.07020941096675681, -0.30385212433913633, -12793.369258576666, -24565.897505099485, 773.4182106003269, -9709.824535110645, 10021.633707817278, 96727.09950808775, -23999.36353448021, -124513.03454460311, 5199786.053612528, 44853.28128695154, 9678.523300593713, -281018.2771018479, 0.4366966475968004, 2.7426499107699316, -1.0314915229469346, -8.428800314621922, -1.7215925370271945, -7.1981178073709255, -5.206821954031088, 9.785993370036831, 0.3007948449849879, 1.5430937591085927, 4.98136093540832, -9.392131994122911, -61.31788126499726, 37.278483187464495, -39.51000113208562, 20.615357256138346, -4.617995042122039, 2.219173571321054, -4.055920353965267, 1.4329514461487614, -28.41677895090494, 10.251699319525853, -11.690524433593858, -3.201766211068395] 
[3.697293779036973, 2.938888941301757, -4.149788300942016, -0.6330527116263376, -0.12086363239098419, 1.7060053470034422, -0.5240375718690569, -3.6107989314581506, -0.8219133172863985, 2.664989053130829, 0.07084620872303748, -0.30321532658285566, -12793.37155146887, -24565.88188989691, 773.4190998934201, -9709.8263513755, 10021.677976052568, 96727.10015678313, -23999.360985541072, -124513.03765124768, 5199786.054798111, 44853.27825379281, 9678.652697704985, -281018.2842153575, 0.4362805178337736, 2.7431971281944443, -1.0307626366566103, -8.428703418067107, -1.7208070173271595, -7.198599691569774, -5.207130629854666, 9.78552549891908, 0.3015079173129676, 1.5438301304525215, 4.981724910409492, -9.391472570275123, -61.31671433043513, 37.27947983894767, -39.51229962263572, 20.61795741978225, -4.618947848952645, 2.21569240702803, -4.052623211011721, 1.4315091313478714, -28.41795466491422, 10.250809533242437, -11.689467394658095, -3.1960438767376016] 
[3.5009666103989803, 2.7425617726637643, -4.346115469580009, -0.8293798802643302, 0.07546353624700841, 1.5096781783654496, -0.32771040323106426, -3.414471762820158, -1.018240485924391, 2.4686618844928363, -0.12548095991495511, -0.49954249522084826, -12792.666093464875, -24570.725993009935, 773.1447073313605, -9710.387284804934, 10035.183295983445, 96726.9001962626, -23998.576869052722, -124512.07745365256, 5199785.688845645, 44852.34542514132, 9717.833551713842, -281016.0821574076, 0.09986660777010525, 2.4316804076423923, -1.7070240753040282, -7.7706479256753385, -2.2035510569730663, -7.082507635775171, -5.084604594418754, 9.898966913263182, -0.049679055649983594, 1.1689310821541663, 5.3169477681309525, -9.573597337779047, -61.67519345759871, 36.971699742453566, -38.80410754083182, 19.81673977889132, -4.324487771099555, 3.295254503531462, -5.081855308712909, 1.6926588083285172, -28.701653372310904, 10.607858029262292, -11.978759102705046, -1.4715782645195299] 
[3.624251523260045, 2.8658466855248292, -4.222830556718944, -0.9526647931253951, 0.19874844910807332, 1.3863932655043847, -0.20442549036999935, -3.537756675681223, -0.8949555730633261, 2.591946797353901, -0.0021960470538902044, -0.6228274080819132, -12791.669325184594, -24569.909277537863, 773.2861318107027, -9710.160626886518, 10056.873327489337, 96727.02394284666, -23999.766829161603, -124510.38008622838, 5199785.859007088, 44852.66277830287, 9709.962462120391, -281015.54488392733, 0.20712118226992277, 2.3809109514509847, -1.9602985850567505, -7.5193917107343795, -2.159373149692013, -7.18578885115655, -5.114297118067694, 9.748767458656802, -0.3608544829998376, 0.7940620762754683, 5.5418394256841665, -9.441936868937123, -60.853621283420004, 37.170268034678635, -39.927094661067166, 21.13525811363896, -4.725277687697052, 4.1625309474278165, -6.004772551024142, 1.2133319174979396, -28.637406126826193, 10.902791776621715, -12.320618295528819, -1.8168322094839153] 
[3.716394792806507, 2.7737034159783676, -4.314973826265406, -0.8605215235789334, 0.10660517956161164, 1.4785365350508464, -0.11228222082353767, -3.6298999452276846, -0.8028123035168644, 2.4998035278074395, -0.09433931660035189, -0.5306841385354515, -12791.241591737149, -24571.15230471953, 773.167829223829, -9710.021891203758, 10054.509683753304, 96726.92859386845, -24002.002725485883, -124510.99889130081, 5199785.707625674, 44852.32511663825, 28816.457852834825, -281015.81567169103, 0.08107142653297056, 2.2771309703397122, -2.1936190468915986, -7.248760462092877, -2.370362360163491, -7.128631602385243, -5.061705066343884, 9.791564475364442, -0.17035833331197375, 1.0247104989410762, 5.367662131979576, -9.349330029905746, -60.540312557144844, 37.291973454321784, -39.979136287887314, 20.89289378841613, -4.440249466641509, 3.564940585015359, -5.409607553156729, 0.8178902261962997, -28.778416100688222, 10.754982378134555, -12.085713900410873, -2.0749865328165136] 
[3.7177343568987924, 2.772363851886082, -4.31363426217312, -0.8618610876712189, 0.10526561546932611, 1.4771969709585608, -0.11094265673125214, -3.63123950931997, -0.8041518676091499, 2.498463963715154, -0.09567888069263741, -0.532023702627737, -12791.246123788036, -24571.162661179304, 773.1662536422599, -9710.019560882849, 10054.628002269019, 96726.92994489975, -24002.10942621091, -124510.9928047119, 5199785.710214651, 44852.32137857008, 28816.60881455007, -281015.81044230756, 0.08211005317668246, 2.2759092708608955, -2.1921539924540547, -7.248584333734367, -2.3690461113535237, -7.1296267424996485, -5.062101359567144, 9.793488157650678, -0.17220686861491538, 1.0248640807588707, 5.368873750046872, -9.3507732134829, -60.536598287314405, 37.293279412168616, -39.98557278202727, 20.8986594180327, -4.4394066447789715, 3.5746511296489833, -5.419486397757044, 0.8256307097592046, -28.773083786448122, 10.749701501615736, -12.08057292761003, -2.068359512758203] 
[3.8337957510190135, 2.656302457765861, -4.429695656293341, -0.97792248179144, 0.2213270095895472, 1.3611355768383397, 0.005118737388968966, -3.747300903440191, -0.920213261729371, 2.382402569594933, -0.2117402748128585, -0.4159623085075159, -12791.637167648312, -24570.27156847672, 773.3029177548921, -9709.81812319493, 10044.11517751021, 96727.04702905737, -23992.64110034745, -124510.46810421621, 5199785.933947758, 44851.99866535146, 28803.89191450838, -281016.26146157365, 0.17681936670421364, 2.137374681328031, -1.9450403028762773, -7.493519677407691, -2.411223217596428, -7.049385773903792, -5.020329415763733, 9.626360003020428, -0.011786295962383203, 1.0120339495983042, 5.26269491191439, -9.22489812096741, -60.22112572508599, 37.4140020474095, -40.089593487621826, 20.89602844481078, -4.5564863073190365, 3.5039015836853498, -5.461477340078042, 0.24442821139001558, -29.140761003129192, 10.953968717933051, -12.028661135896865, -1.4903002189013712] 
[3.458208366873172, 3.0318898419117026, -4.805283040439183, -1.3535098659372817, -0.1542603745562945, 1.7367229609841814, 0.38070612153481065, -3.3717135192943495, -0.5446258775835293, 2.7579899537407746, 0.1638471093329832, -0.7915496926533576, -12790.715126971367, -24571.99769546012, 772.8956404317152, -9710.364192159572, 10036.321450720185, 96727.43962253169, -9657.92517478563, -124511.62677693558, 5199786.527117048, 44851.205958984094, 28812.395540619214, -281018.56182783947, -0.1526827627941343, 2.4545541648998386, -2.5852948742588984, -6.860793584190559, -2.236344456746592, -7.25836973073466, -5.229956436168603, 10.008692910668678, 0.12804512125657463, 0.41172190503503614, 5.902708831666667, -9.67379288840474, -61.45484469046245, 38.36643541690874, -40.610568531733286, 20.32499350057807, -3.788077180505191, 1.8958876078394742, -3.8377251155934253, 1.2788217976918286, -29.302624373262198, 10.67597451150839, -12.4699131712745, -4.542412039393922] 
[3.5643846414991414, 2.925713567285733, -4.699106765813213, -1.2473335913113122, -0.04808409993032492, 1.842899235610151, 0.2745298469088411, -3.477889793920319, -0.43844960295755975, 2.864166228366744, 0.27002338395895276, -0.685373418027388, -12791.810402491668, -24563.13971194576, 773.0027382307767, -9710.25284082819, 10040.818900461309, 96727.54877651719, -9657.156164982745, -124513.66755215895, 5199786.922668908, 44851.96396376058, 28816.386154767522, -281018.3520560596, -0.25112118005097905, 2.3613073093359502, -2.6719250542182444, -6.940614772555566, -2.136829960602912, -7.046594478316351, -5.452502171344552, 9.950796946238235, 0.021655351312371895, 0.5238896838989667, 5.774726542156559, -9.574339524990744, -62.29462753707537, 38.255942344995034, -40.66761611125926, 20.264691581066923, -3.8584643185846, 2.220772884397349, -4.13604049851075, 1.4392253465329, -29.970114660753588, 11.16789452641457, -12.222531569407527, -4.163714806237144] 
[3.2135473479685226, 2.5748762737551143, -4.3482694722825945, -0.8964962977806934, -0.39892139346094374, 2.1937365291407698, -0.07630744662177774, -3.828727087450938, -0.7892868964881785, 3.215003521897363, 0.6208606774895715, -0.3345361244967692, -12793.894343267595, -24555.49358138774, 772.6518390362246, -9709.862575126692, 10192.676840279808, 96727.92692792523, -9661.929969112063, -124516.88931717008, 5199788.86926674, 44847.28682007985, 28811.45573429735, -281019.2277458197, -0.5309908187095735, 2.6142823680466982, -2.142008794214292, -7.4597977281558485, -1.753345018960999, -6.355017685359366, -6.143292290833133, 9.606072160444976, 0.30014733281930556, 0.16152475118393417, 5.505309659272301, -9.21045980212547, -64.90107624122193, 39.61849055527616, -40.88400955148223, 20.09150201109344, -4.124950087922183, 2.454330279252364, -3.996721715483476, 1.0388741947057643, -28.1263471588777, 9.875175603150227, -12.64820782043231, -5.190205538735778] 
[3.1391472637597255, 2.5004761895463172, -4.2738693880737975, -0.9708963819894905, -0.4733214776697408, 2.268136613349567, -0.0019073624129806732, -3.7543270032421407, -0.7148868122793814, 3.28940360610616, 0.6952607616983686, -0.4089362087055663, -12808.289115830084, -24555.235448231764, 772.5666325349422, -9709.98450525637, 10192.183712063701, 96727.81413465264, -9649.127825694894, -124517.0742229277, 5199789.016918563, 44861.117164817624, 28811.235886360573, -281018.5375862292, -0.4583840946925801, 2.5613791811908597, -2.0123429171817917, -7.583002271259586, -1.8198598395540522, -6.288505154320106, -6.06302744585221, 9.79402379558985, 0.06569526685539126, 0.34355445502520787, 5.347778426784105, -9.375331416149766, -64.61955440586775, 39.8021552365522, -40.8515712063313, 20.253373066910783, -4.283746221777845, 3.27556292553031, -4.846433842166177, 0.7655664217629716, -28.29706308416505, 9.837571417747789, -12.80309285649956, -5.0314220565310706] 
[3.2359463803434094, 2.597275306130001, -4.370668504657481, -1.0676954985731744, -0.5701205942534247, 2.3649357299332507, -0.09870647899666457, -3.657527886658457, -0.6180876956956975, 3.386202722689844, 0.7920598782820525, -0.3121370921218824, 3379.0720383714106, -24554.964842202076, 772.6847212549822, -9709.84241942536, 10192.64955208898, 96727.97887012122, -36256.714199393435, -124516.78155521618, 5199789.242178353, 44856.654201654695, 28811.47178037382, -281017.9253690514, -0.5549670701836491, 2.673029394664572, -1.8221443482868758, -7.7891657389202456, -1.6676216071489351, -6.167537941569867, -6.22200733408463, 9.835425004737596, 0.19827605858203037, 0.1931511741035848, 5.419383900396742, -9.429442431094385, -64.12492579098588, 39.63977167515279, -41.38887403490042, 20.8981067487628, -4.521067334553932, 2.5662155757296583, -4.092228136751494, 0.8356887732570193, -28.659095579383887, 10.286535443019206, -13.017875346274838, -4.81669408667703] 
[3.371052816248885, 2.732381742035477, -4.235562068752006, -0.9325890626676987, -0.435014158347949, 2.5000421658387264, -0.23381291490214023, -3.7926343225639325, -0.7531941316011732, 3.5213091585953196, 0.6569534423765768, -0.17703065621640673, 3363.850901532594, -24555.46868441758, 772.5325233328471, -9709.666393402365, 10193.113337593262, 96728.25389079134, -36270.62639305442, -124517.33665148426, 5199789.644527012, 44858.95779910801, 28811.205120224666, -281019.35800466425, -0.6961134062932617, 2.506059533199414, -1.9431111444733822, -7.913762411490888, -1.5182727790968016, -6.310100383773702, -6.089830174408118, 10.129791484492587, -0.1521083587816023, 0.46698807982451207, 4.951249144471129, -9.8768225582516, -63.65908823726229, 39.94196822516249, -39.87501374196943, 19.254631803859965, -4.182488381165431, 2.6257197438592166, -3.8677649974096386, 1.0068169789537467, -29.256094755183938, 11.050464587820965, -13.210326982705359, -4.977978245411714] 
[3.607159782669499, 2.4962747756148627, -3.9994551023313916, -1.1686960290883128, -0.19890719192733486, 2.2639351994181123, 0.002294051518473894, -3.5565273561433184, -0.9893010980217873, 3.7574161250159337, 0.893060408797191, 0.059076310204207394, 3368.414734930089, -24556.96007894247, 772.8316376662503, -9710.032408637613, 10194.442787064201, 96727.59461071837, -36266.2279360223, -124517.97954874623, 5199789.139828922, 44860.67635618416, 28810.57206347328, -281011.74504549906, -0.4954724178038423, 2.8008213096095345, -1.4108263196501722, -8.372710903577529, -1.7399103579171384, -6.613716341523733, -6.3194013068462285, 10.263659442726699, 0.05733880386267673, 0.21097065082032884, 5.018235036967861, -10.085096101126263, -63.081932391222004, 40.500068068654905, -40.98694696152193, 20.607443009199816, -4.596412444172944, 0.9724545499449444, -2.109623911363763, 0.5682538932875435, -29.73173641156117, 10.947984523200553, -13.0933187619262, -4.495469754377864] 
[3.57017331184188, 2.4592883047872434, -3.9624686315037723, -1.1317095582606935, -0.23589366275495416, 2.3009216702457316, 0.039280522346093194, -3.5935138269709377, -0.952314627194168, 3.794402595843553, 0.8560739379695717, 0.0960627810318267, 3368.231213691908, -24556.857834353283, 772.8962754990176, -9710.076084317236, 10193.495510092696, 96727.65711566979, -43294.3180625724, -124518.20713827682, 5199789.086862326, 44860.56550456667, 28810.633013550905, -281022.3551939147, -0.4440299959392383, 2.8447952581587073, -1.3837968360655737, -8.355541267422588, -1.717702004181851, -6.671712001738268, -6.261566341633585, 10.294089211921932, -0.005750784038624113, 0.28459109259185267, 4.965015576658132, -10.160221075410425, -63.24354231002597, 40.61673277428352, -40.96560309282285, 20.61524218975905, -4.6100648476295785, 1.4464425815452342, -2.6075636976574867, 0.6197896856401156, -29.869188701081487, 11.083734264871016, -13.128046363434228, -4.527948902745408] 
[3.5521239912300375, 2.4773376253990858, -3.9805179521156147, -1.1136602376488511, -0.21784434214311177, 2.282872349633889, 0.057329842957935584, -3.61156314758278, -0.9703639478060104, 3.8124519164553954, 0.8380246173577293, 0.0780134604199843, 3368.1267053254214, -24556.812442686147, 772.8625666816166, -9710.054053577107, 10193.825954848784, 96727.68962757704, -43282.61418612454, -124518.11249165316, 5199789.059672791, 44860.61442398757, 28810.664654564596, -281020.39324878104, -0.4584004631183321, 2.8640289736726783, -1.4122540691187349, -8.333409903233543, -1.712823321031651, -6.685521128548866, -6.275753480579496, 10.2789686617955, -0.013493507537919716, 0.26938837236670055, 4.954333619002032, -10.14301634470755, -63.2942050376312, 40.59959928219262, -40.90410930500103, 20.573886511137875, -4.633868786400607, 1.4620509476861523, -2.589145164902788, 0.5867559417850648, -29.93535389568383, 11.144631715070364, -13.144663522163793, -4.546168712330106] 
[3.4252652206698935, 2.60419639595923, -3.8536591815554706, -1.2405190082089952, -0.09098557158296772, 2.156013579073745, 0.18418861351807964, -3.738421918142924, -1.0972227183661545, 3.6855931458952513, 0.7111658467975852, 0.20487223098012836, 3368.9231663022847, -24556.478637748172, 772.6333417971114, -9710.211606172541, 10196.541823805905, 96727.46825659927, -43243.974388229304, -124518.7310670107, 5199788.873328377, 44860.28616571876, 28810.89425100648, -280999.50689423986, -0.24871133885282082, 3.168622142252186, -1.6885259200718519, -7.963669800951885, -2.069481339281225, -6.769081308729376, -6.373728423812573, 10.44204299017752, -0.0852051999763243, 0.1147569669582241, 4.917150908967658, -10.005749724426495, -63.861904056799794, 41.01292271721868, -41.2113656083319, 21.075707790517082, -4.997895278237966, 2.7695188906915513, -3.98116488115168, 0.7426850185018121, -30.307113779117156, 11.49793002491267, -12.911869125731918, -4.852565038517188] 
[3.4349823433204802, 2.6139135186098166, -3.843942058904884, -1.2308018855584084, -0.10070269423355449, 2.165730701724332, 0.1939057361686664, -3.7287047954923374, -1.1069398410167413, 3.6758760232446646, 0.720882969448172, 0.21458935363071513, 3368.799120046957, -24556.51571996853, 772.6105813904705, -9710.2007469414, 10195.364783384835, 96727.45427262859, -43243.68470129746, -124518.76183009968, 5199788.861059291, 44860.32244102028, 28810.871443005544, -280999.7416715786, -0.2389425114555876, 3.1803087837751645, -1.700334716141412, -7.952412570989263, -2.0681495277425337, -6.775851183928729, -6.379581584895798, 10.434013711148886, -0.09525202712713354, 0.1128474500565063, 4.924637787695069, -10.012042896313995, -63.92522958178571, 40.99347337596458, -41.18350650520028, 21.053258783047703, -5.006276564174144, 2.709080618317586, -3.9181832702290964, 0.7343344298023261, -30.315225463363856, 11.492046191663386, -12.917745116634485, -4.862782541890418] 
[3.4294906535123575, 2.6194052084179393, -3.838450369096761, -1.2362935753665312, -0.09521100442543173, 2.1712223915324547, 0.18841404636054365, -3.7232131056842146, -1.1014481512086185, 3.670384333436542, 0.7153912796400492, 0.2200810434388379, 3368.733458176616, -24556.53737985224, 772.6237404153923, -9710.19456810196, 10194.82141748462, 96727.46227928116, -43243.83260348557, -124518.77972588032, 5199788.8679253375, 44860.30126289249, 28810.884048347994, -280999.8627777108, -0.24474964118977352, 3.1733361496040158, -1.6935980521430014, -7.958477247546699, -2.0692489396657194, -6.778716776494715, -6.384792030632799, 10.445673908839726, -0.08271571890385021, 0.09711889450986283, 4.934480263643284, -10.000854735494409, -63.8892926999053, 41.0031987231068, -41.18730462022633, 21.052331589151805, -5.009411917047902, 2.704613994499249, -3.9221425916302057, 0.7430130276238619, -30.294698987338975, 11.471824161584621, -12.927841330004034, -4.850258052662615] 
[3.3465235963946993, 2.536438151300281, -3.9214174262144192, -1.153326518248873, -0.1781780615430899, 2.254189448650113, 0.2713811034782018, -3.6402460485665564, -1.0184810940909603, 3.5874172763188836, 0.632424222522391, 0.30304810055649606, 3369.7625653058626, -24556.203882488546, 772.8251551127884, -9710.287557623298, 10185.641387457628, 96727.34040900055, -43241.46764044642, -124518.50483387629, 5199788.972231291, 44859.97527623161, 28810.691201098925, -280998.12191890256, -0.14325469093736787, 3.2601313981883737, -1.6196420703384913, -7.918098406236905, -2.0237062761744005, -6.934885021258217, -6.232775443856614, 10.483703661379456, 0.016416410675399354, 0.1321291328152634, 4.7701929515080215, -10.159248437628282, -64.42692037113243, 40.83651246866642, -40.97146137072932, 20.64038642776787, -4.72673982708371, 2.628871098161175, -3.976522872586174, 0.8519559377443657, -30.217365716661643, 11.51281445113384, -12.76465675370884, -5.048466681015007] 
[3.561999367367677, 2.7519139222732587, -4.136893197187397, -1.3688022892218505, 0.03729770942988764, 2.4696652196230904, 0.48685687445117937, -3.855721819539534, -1.2339568650639379, 3.802893047291861, 0.4169484515494135, 0.5185238715294735, 3374.96577758538, -24555.538083479063, 773.2609644253384, -9710.029691566191, 10178.781914202349, 96727.69875949512, -43238.468981121565, -124519.44694160951, 5199789.26954904, 44861.13415182191, 28810.074501328847, -281000.54133843904, 0.0246080211687415, 3.548820845445972, -1.985293066217934, -7.1928021770418, -2.735409132745369, -7.440772399849867, -5.766038150956939, 10.213236084774017, -0.5965030772173379, 0.7199083236842724, 5.218142063652847, -9.808957895877306, -60.32633459937376, 39.849221064542974, -41.099291833526124, 19.796516977313548, -3.8507108220556914, 1.672040903669438, -2.938779385084028, 0.5457697296907558, -30.409965508453094, 11.370788190447445, -12.933532132274564, -5.332286018283686] 
[3.5141784192028505, 2.799734870438085, -4.08907224902257, -1.416623237386677, -0.010523238734938767, 2.517486167787917, 0.5346778226160058, -3.8079008713747076, -1.1861359168991115, 3.8507139954566876, 0.4647693997142399, 0.5663448196943, 3375.252867109347, -24555.20672384735, 773.3289120720796, -9710.07951801279, 10213.173741779616, 96727.82216814888, -43238.68745744858, -124519.33546361457, 5199789.215863837, 44861.00736378618, 28809.782914629952, -281000.3466419731, 0.0866555053977997, 3.602608684605553, -1.9982132161501343, -7.272470306645156, -2.659490679886233, -7.490647963994322, -5.701066249350894, 10.158920762192452, -0.6530354056688374, 0.6988901708617868, 5.2805685529700765, -9.753124340686764, -60.883327994007495, 40.163474893297014, -41.02072776208819, 19.692374572310772, -3.8677540693850108, 1.7079078570344683, -2.875023727756014, 0.6084315942114495, -30.531537850380577, 11.498152980484441, -13.005777887995725, -5.393271327752751] 
[3.6278612509245507, 2.9134177021597853, -4.202755080744271, -1.3029404056649767, -0.124206070456639, 2.631168999509617, 0.6483606543377061, -3.921583703096408, -1.2998187486208117, 3.7370311637349873, 0.3510865679925397, 0.4526619879725997, 3374.3949754195264, -24554.19517110458, 773.1564714088414, -9710.19594641367, 11239.799290055653, 96727.48926688591, -43238.249635372726, -124519.03789017118, 5199789.348177543, 44861.27547185118, 28810.348787490708, -281000.74152877735, 0.20057307254651455, 3.7177333551737743, -2.1725076585597893, -7.006588203602005, -2.938468089660131, -7.3864004826766765, -5.84950801800918, 10.298167184509389, -0.5545017401873575, 0.7110740880296227, 5.385003772694767, -9.63060527066898, -60.17978455803584, 40.30299175401129, -41.32322181371898, 19.945036707821103, -3.835259755380535, 1.8105311958863566, -2.732205899530305, 0.43465500874244695, -30.455646169109396, 11.629108508865919, -13.155789461686146, -5.5369522096888835] 
[3.3658828446506606, 2.651439295885895, -3.9407766744703805, -1.5649188119388668, 0.13777233581725112, 2.893147405783507, 0.9103390606115962, -3.6596052968225177, -1.5617971548947018, 3.475052757461097, 0.6130649742664298, 0.19068358169870958, 3375.5945234787655, -24559.315285852274, 772.812665408086, -9709.914234887581, 11256.868534961322, 96726.3916446605, -43238.96803058819, -124518.50820533784, 5199789.065979936, 44862.10826703642, 28808.133883364393, -280999.3719549481, -0.24256486336511493, 3.294754851687829, -1.938434999903048, -6.880562253191711, -2.7261287190128014, -7.722130632695664, -5.649101926449943, 10.703444990066485, -0.0909108945002629, 0.2556724410090729, 5.0679772339043065, -9.925836986540034, -59.28921926016028, 40.498725076338204, -41.97941693536228, 20.488762176086052, -3.7405865326444165, 1.5376085571654126, -3.1254111136290534, 0.7532688100514614, -30.253092083388644, 11.717032193058117, -13.00963633743757, -4.9635935631909165] 
[3.265525874674542, 2.5510823259097766, -3.840419704494262, -1.4645618419627482, 0.037415365841132475, 2.7927904358073885, 0.8099820906354775, -3.559248326846399, -1.6621541248708205, 3.575409727437216, 0.5127080042903112, 0.29104055167482823, 3377.6232419437933, -24559.76812735914, 773.0079944730579, -9710.014595324486, 11262.189287371824, 96728.05138528688, -43238.80711048764, -124518.09888238838, 5199789.166345034, 44863.04500276538, 28807.83074381722, -281002.1657273006, -0.34968233893215533, 3.383958677668972, -1.8321819864844548, -6.954734347813127, -2.769582712469076, -7.609863597259319, -5.746675668679523, 10.60809261711457, -0.06224261008055157, 0.36301427060630587, 4.864691783450624, -9.722557347021413, -60.17056683625602, 40.29583258842342, -42.12956690696488, 20.619454031569624, -3.6959808028254115, 1.668867584861475, -3.276768103691711, 0.6460918750735013, -30.20483708328983, 11.784825437185741, -13.183516935508607, -5.180155874226392] 
[3.478883202005604, 2.3377249985787145, -4.053777031825324, -1.6779191692938102, -0.1759419614899296, 3.0061477631384506, 0.5966247633044155, -3.772605654177461, -1.8755114522018825, 3.362052400106154, 0.2993506769592491, 0.07768322434376615, 3391.5855345219056, -24560.456355624734, 773.5235236970954, -9709.798811863118, 11109.710216309308, 96729.87794381038, -43238.40038556823, -124519.39567792043, 5199788.951197018, 44864.252570793105, 28806.944076408425, -281004.75690745877, -0.5995170358480973, 3.726585287003961, -1.929674437251953, -7.547405340745439, -2.1330327652566554, -7.293173709294166, -5.428903687441797, 10.139268686296573, -0.5330826454244508, 0.872497756110499, 4.91227610993489, -9.499850330695253, -61.71977417182862, 39.681607619145666, -41.68459137059964, 20.27294445005257, -3.724419533033521, 1.901001936773586, -3.5916552325508007, 0.4003847073528028, -29.213006011891625, 10.790647325779638, -13.400548496637033, -6.075302303083604] 
[3.4138992144635987, 2.2727410110367092, -3.9887930442833186, -1.7429031568358155, -0.2409259490319349, 3.071131750680456, 0.5316407757624102, -3.707621666635456, -1.8105274646598772, 3.2970684125641485, 0.3643346645012544, 0.012699236801760855, 3390.992158379578, -24560.58169475271, 773.4196211132703, -9709.733076422444, 11111.831278534908, 96733.4419503084, -43238.60623993496, -124519.20897254406, 5199789.022609003, 44865.61149462824, 28806.1968411862, -280993.96680282376, -0.6630658660530258, 3.6619969092381948, -1.9046513182971296, -7.588632329145241, -2.1798659862130374, -7.239541898065315, -5.522307933036242, 10.22965615728683, -0.468682027174634, 0.8703027132310448, 4.979634956056839, -9.567250701307078, -61.5557025456403, 39.742868409893426, -41.66318372912125, 20.290058626962534, -3.687508345552887, 1.8230743741894209, -3.493734814494353, 0.2772177712571713, -28.960923403226737, 10.548655687288209, -13.461550314143114, -6.702170900198004] 
[3.5194328184233905, 2.1672074070769174, -3.8832594403235268, -1.6373695528760237, -0.3464595529917267, 3.1766653546402477, 0.42610717180261837, -3.8131552705952476, -1.916061068619669, 3.4026020165239403, 0.25880106054146257, 0.11823284076155269, 3389.5332243517037, -24560.76269228185, 773.2317202005294, -9709.841798793803, 11113.684993051456, 96754.73379059913, -43238.19559793078, -124519.57591678592, 5199788.910770095, 44861.21033033579, 28805.365667900474, -280339.5433229261, -0.7870324407270971, 3.9140555672044672, -1.649927794041282, -7.545627890858875, -1.9896937892753934, -7.1343916296401515, -5.31831268472142, 9.997009871818507, -0.7683033678870813, 1.218281980115976, 5.108562860037933, -9.440337639190263, -61.28044806788858, 39.59843569503936, -41.659759733875816, 20.076844422829755, -3.4217407454236057, 1.6369457371494522, -3.3271814164882514, 0.42364572977454495, -29.34777707709218, 10.89946586418879, -13.503011503219858, -7.394532167704961] 
[3.317470459489784, 2.3691697660105238, -3.6812970813899204, -1.4354071939424173, -0.5484219119253331, 3.378627713573854, 0.6280695307362247, -4.015117629528854, -2.1180234275532754, 3.6045643754575467, 0.0568387016078562, 0.3201951996951591, 3388.049270039091, -24561.057734934413, 773.6743052950587, -9709.638938687454, 11111.933484959643, 96590.4820088101, -43237.01343251826, -124519.05424613586, 5199789.13885903, 44858.17753581462, 28808.449254347444, -280354.05838166864, -0.46706926360114775, 3.327169698131391, -2.203208849786232, -7.608862214865232, -2.2468845433746294, -7.301385043320653, -5.136134321630654, 10.09900251745494, -0.6342890015010212, 1.3269359725973813, 4.944467769487425, -9.278429639663207, -60.77257189604329, 39.33945743918855, -41.739431693353445, 20.03026316946414, -3.570543251400535, 1.2708420022436155, -3.096053911387714, 0.6510562567360942, -29.288756433575834, 10.975307881417358, -13.45424412867098, -4.971037485420068] 
[3.1828063303402123, 2.234505636860952, -3.815961210539492, -1.5700713230919892, -0.41375778277576125, 3.2439635844242822, 0.4934054015866529, -3.880453500379282, -1.9833592984037036, 3.7392285046071185, -0.07782542754171562, 0.18553107054558726, 3383.650690133423, -24561.33423778899, 773.1643591095346, -9709.77610172018, 11112.42894404813, 96588.03983965766, -43236.62338967259, -124518.82509738707, 5199789.323516162, 44857.5023908074, 28850.177618805268, -280352.6990815411, -0.32816412445960524, 3.6262792099868637, -1.931299296128742, -7.444770620167195, -2.4003105697219245, -7.141850477578993, -5.3634743915459655, 10.261394060046927, -0.867275272835396, 1.4837719311415414, 5.023157554140346, -9.431805398486526, -60.12697000868484, 38.77957994639606, -41.286341322447655, 19.844259406703237, -3.6067688131524602, 1.1210782416570573, -2.888909045187946, 0.3811389538583115, -29.109020672066766, 11.0201296723031, -13.554615763872897, -6.1588325445374785] 
[3.671879141233041, 2.7235784477537806, -4.305034021432321, -1.0809985121991605, 0.07531502811706736, 2.7548907735314536, 0.004332590693824301, -3.3913806894864535, -2.4724321092965322, 3.25015569371429, -0.5668982384345442, 0.6746038814384159, 3095.5550371084187, -24560.54603498147, 774.4187759053481, -9709.287028652216, 11109.403373823194, 96634.87131644183, -43238.803603321954, -124517.74672775895, 5199789.906278354, 44855.95772114086, 28931.088601815645, -280338.32669094513, 0.15362847907859328, 4.008256236682691, -2.283711460155817, -6.41163489838494, -3.4331940451164265, -7.726308623080872, -4.916382708106098, 9.894958427232314, -1.4518010002264505, 1.3000482996496843, 4.377369852257776, -8.91331810053482, -64.81982034231079, 39.210932018320406, -40.4399379994188, 19.036887986383167, -3.7245916534965122, 0.37312919984153314, -3.602184093184924, -0.303849302334035, -28.603077207994808, 11.302537997228642, -13.949225252407386, 5.3040076438424535] 
[3.8470157924778343, 2.548441796508987, -4.1298973701875275, -0.9058618609543672, -0.09982162312772602, 2.5797541222866602, 0.17946924193861769, -3.566517340731247, -2.6475687605413256, 3.4252923449590833, -0.7420348896793376, 0.4994672301936225, 3094.870411922828, -24559.483264313938, 774.2110316620674, -9709.06211361775, 11140.337301712718, 96636.10266585981, -52568.86354288578, -124514.88066892418, 5199790.361407422, 44870.87604077151, 28930.481307487724, -280337.8777494504, 0.02605683932405542, 3.8294160433987057, -2.4364185120018336, -6.59979642355975, -3.361160053248415, -7.46303229809475, -4.653863422819385, 9.722615773625668, -1.291906181639644, 1.4973309978184424, 4.298250831980503, -9.10934711207808, -65.68483258749275, 39.6874114478628, -40.74198042758419, 18.98736010674848, -3.9227564135755983, 0.5036410314724863, -3.7408055299569565, 0.34728923189499744, -28.71967828988, 11.495203901859798, -14.216805315761794, 5.602509761630116] 
[3.577180678580439, 2.278606682611592, -3.8600622562901323, -1.1756969748517623, 0.1700134907696691, 2.309919008389265, 0.4493043558360128, -3.296682226833852, -2.9174038744387207, 3.6951274588564784, -1.0118700035767327, 0.7693023440910176, 3095.5123177873625, -24560.346861998987, 774.5979569556399, -9709.497822299589, 11113.16714288006, 96635.15192326134, -52560.39543886249, -124513.29295384881, 5199789.161284387, 44867.43203691559, 28931.072155731566, -280336.70148832543, 0.5124463524635384, 3.364692680448104, -2.591617250676681, -6.418871644673825, -3.1722542887653953, -7.015451929063222, -4.250097748575457, 10.040702682423468, -1.5422258400674043, 1.751014434083402, 4.3848756271546225, -8.864442028664081, -66.76621089756975, 40.401548809817854, -40.68682560816922, 19.513002265522218, -4.613913662496887, 1.012774814512925, -3.3289238959063256, 1.2469815034595964, -28.450868285453282, 11.949886476892456, -13.872324409102657, 5.93076068063103] 
[3.7336333159854496, 2.4350593200166024, -3.703609618885122, -1.019244337446752, 0.32646612817467946, 2.4663716457942755, 0.29285171843100244, -3.453134864238862, -2.7609512370337104, 3.851580096261489, -0.8554173661717224, 0.925754981496028, 3096.3910855162753, -24560.617880402107, 774.9590533389209, -9709.68148404302, 11118.632323582608, 96634.86548984576, -52559.56611309717, -124519.84991300937, 5199792.326791852, 44866.86591349446, 28931.28981166364, -280337.0247997265, 0.6735641091901096, 3.67468787015824, -2.183588942896191, -6.259545618715233, -2.9217091444625507, -6.52190995554437, -3.773964092868613, 10.221991421255991, -1.3655536519061648, 1.52459076931462, 4.213118693041374, -8.936053465726545, -66.18491977980186, 39.80363020488638, -40.18536167520874, 19.513265288311537, -4.432925416281073, 1.186482152066578, -3.3702887540958435, 0.887402441532706, -28.24442746197642, 11.82307152535297, -14.092840505719217, 5.8547582007317835] 
[3.670775035383701, 2.372201039414854, -3.7664678994868703, -0.9563860568450036, 0.2636078475729311, 2.403513365192527, 0.22999343782925408, -3.5159931448406105, -2.8238095176354587, 3.914438376863237, -0.792559085569974, 0.8628967008942796, 3096.5929257130683, -24560.76702389454, 774.7377026715259, -9709.768135659442, 11119.24350548075, 96634.70460860641, -52560.320367702014, -124519.18091456637, 5199792.782206847, 44867.01385889666, 28931.40012988172, -280336.9263561216, 0.7286939780627371, 3.7378514546170956, -2.2199426349716918, -6.147366051373863, -3.0219576145024942, -6.383183271262841, -3.62198559939214, 10.306619697030685, -1.3409625859319685, 1.445376665074651, 4.156991182489591, -8.99153442573042, -66.37006196720868, 40.05443171276976, -40.369327782330096, 19.59509430917934, -4.416077549265251, 1.2834350845711762, -3.4108324167889483, 1.020556161854194, -28.329354759857484, 11.872524539322802, -14.253053694373444, 5.938581014696346] 
[3.557752531776294, 2.4852235430222613, -3.653445395879463, -1.0694085604524108, 0.1505853439655238, 2.29049086158512, 0.34301594143666136, -3.4029706412332033, -2.936832021242866, 4.027460880470644, -0.6795365819625667, 0.7498741972868723, 3096.149441131074, -24561.000543304795, 774.4074403832958, -9709.937413493559, 11117.57882366763, 96634.95424322257, -52558.14563841287, -124518.33586868648, 5199791.624570916, 44867.24572424423, 28931.622983325706, -280337.1221716708, 0.9097115307184137, 3.999153155164754, -1.975960908878764, -6.210163437395294, -3.05256627822762, -6.169902968577797, -3.3989884867956404, 10.184080482283415, -1.2224437636872538, 1.2969819453910314, 3.9807740661189555, -8.849732933884733, -66.2023452819298, 40.05506936890223, -40.19147385197066, 19.07928900010533, -3.8776545560580855, 1.3700307817939414, -3.5497367793183643, 1.1688420818209733, -28.245607965577143, 11.75454849128425, -13.994331145946843, 5.796236077212665] 
[3.713380950547797, 2.6408519617937642, -3.809073814650966, -0.9137801416809079, 0.3062137627370267, 2.4461192803566227, 0.4986443602081643, -3.558599060004706, -3.092460440014369, 4.183089299242147, -0.5239081631910638, 0.9055026160583752, 3097.101769062213, -24560.582634771476, 775.0561690437872, -9709.735031190476, 11110.663561355914, 96634.67904539082, -52556.76982156276, -124520.66644653698, 5199787.860359316, 44867.50519345797, 28931.228915051666, -280336.78713090054, 1.0728416471974502, 4.337704076450209, -1.6113891844376966, -6.172345721744604, -2.856984653905192, -6.568685314134563, -3.7777252728289152, 10.302035349842633, -1.3409914879651565, 1.377786457652158, 3.869964736328053, -8.96636956050997, -66.4518634948909, 40.228409512732014, -40.10984631625476, 19.030306117350886, -4.054539943977597, 2.6680431386748085, -2.3157838264213164, 0.9004634876922641, -28.399812791413584, 11.98277669652008, -14.278423277954643, 5.635151302632496] 
[3.8224654486978293, 2.7499364599437968, -3.6999893165009334, -0.8046956435308754, 0.41529826088705923, 2.5552037785066553, 0.6077288583581968, -3.6676835581547387, -2.9833759418643364, 4.29217379739218, -0.6329926613410963, 0.7964181179083427, 3096.729249594662, -24561.05594303556, 774.771481719395, -9709.561046055282, 11111.863973696614, 96634.41334803036, -52557.2467789442, -124520.00148133331, 5199742.635225287, 44867.65160641981, 28930.793044287, -280336.96337132395, 0.9817540799052724, 4.3902287398099125, -1.6806618763069603, -6.1002940491555435, -2.7952823763125476, -6.513743281042483, -3.872003263247002, 10.39741423770245, -1.272065356945665, 1.6618915506948317, 4.165284230802112, -9.110016308845195, -66.54058558222549, 40.06558866534302, -39.90948842379365, 19.068281773589746, -3.885092754196039, 2.186858696873519, -2.6830937146256852, 0.7638576881316793, -28.226807676178424, 11.8787446168017, -14.420176724718777, 5.78190842261899] 
[3.710437549046257, 2.861964359595369, -3.587961416849361, -0.6926677438793032, 0.303270361235487, 2.6672316781582275, 0.49570095870662456, -3.779711457806311, -2.871348042212764, 4.180145897740608, -0.7450205609926686, 0.9084460175599149, 3096.446518141983, -24561.82478485378, 774.3724036249408, -9709.776777764742, 11112.552180683073, 96634.7792087096, -52557.59037424205, -124519.557210621, 5199738.122401835, 44867.5172112935, 28930.472912942605, -280336.74414682155, 1.1947149460566948, 4.634855182368897, -1.473286501252981, -6.241589787833741, -2.6032892359941635, -6.582140152975809, -3.78871717297984, 10.492748937072342, -1.2041715846452483, 1.7601230898648819, 4.134799753372887, -9.218596133943663, -66.30570908760157, 39.88589420640688, -40.02037415481728, 19.491535710044037, -4.34855962758087, 2.6433177811560387, -2.3589176870662993, 0.6176207389729942, -28.28043063059138, 11.928578243546616, -14.324476401882023, 5.869102711434937] 
[3.435208258685871, 3.137193649955755, -3.863190707209747, -0.4174384535189173, 0.5784996515958729, 2.9424609685186134, 0.22047166834623866, -3.504482167445925, -3.14657733257315, 4.4553751881009935, -1.0202498513530545, 0.633216727199529, 3095.497954491293, -24565.43789767991, 775.8492821109138, -9709.101865753839, 11115.638140131976, 96633.4600429655, -52558.80690375646, -124518.78156987981, 5199741.984105184, 44867.88790204382, 28929.87415399837, -280337.18677314604, 1.571813215617301, 4.991181055786788, -1.6378310709194293, -6.70588472146669, -2.1385816343684914, -6.345690631102296, -4.163459637400448, 9.854426309529947, -0.5481218394959886, 1.1577683246376076, 3.58692488776097, -9.331657424079108, -66.55866599032669, 39.60359219025042, -39.70102263913275, 18.412376300796435, -3.3564023213439476, 1.8906072725569811, -2.2200561999882615, 0.4281688059912085, -28.590475542773394, 12.148302327220282, -13.994082802364067, 6.1084862856980315] 
[3.6721048951433586, 3.3740902864132423, -3.6262940707522597, -0.1805418170614299, 0.8153962880533603, 3.1793576049761008, -0.016424968111248717, -3.7413788039034124, -3.3834739690306375, 4.692271824558481, -0.7833532148955671, 0.39632009074204166, 3092.669710441092, -36807.457043348564, 775.3064054851521, -9710.543144995021, 11116.430554212076, 96627.40626922378, -52563.76028149012, -124516.90156769878, 5190207.69971376, 44868.141162975946, 28929.547989768034, -280337.8633166132, 1.2939984361991164, 5.268849348113529, -0.9832152244214973, -6.027441802317615, -1.7217434165537968, -6.799292646423897, -4.32153414430578, 10.076226202203094, -0.7936165981028944, 0.5860966333709242, 3.037316548284233, -8.932204875848168, -66.27908267885981, 39.90096699901576, -39.86150621039808, 18.724825291995767, -3.2101524793729217, 2.5270451054617564, -2.483520766930759, 0.9711640599233513, -28.106849176324374, 12.466155343475641, -13.955392590654837, 5.7558595341210745] 
[3.5153491661964376, 3.2173345574663212, -3.4695383418053387, -0.33729754600835093, 0.9721520170002813, 3.0226018760291797, 0.1403307608356723, -3.5846230749564914, -3.2267182400837164, 4.53551609561156, -0.9401089438424881, 0.23956436179512064, 3093.282011331442, -36810.409787267854, 776.0284361134643, -9705.681406432874, 11116.134777597637, 96737.37065029667, -53144.86366850029, -124516.4095871827, 5190204.967560538, 44867.98434379084, 28929.23319081845, -280336.8113798075, 1.160318209046609, 5.435995895488194, -1.1286787326098606, -5.930204256388442, -1.5823027547403903, -6.647299578361497, -4.482834985480028, 10.439381953462691, -0.415992080582835, 0.06914302365546898, 2.529968923211476, -8.687654700986842, -66.43700778167727, 39.66294390966453, -40.14964633306809, 18.107169448409934, -3.4358629154051634, 2.8028630021589653, -2.665234764212804, 0.7257413065163277, -27.913435029730465, 12.080564518631743, -13.588635765671816, 6.055172286744081] 
[3.3224918548472653, 3.4101918688154935, -3.2766810304561664, -0.14444023465917866, 1.1650093283494536, 3.215459187378352, -0.05252655051349997, -3.7774803863056636, -3.4195755514328887, 4.342658784262388, -1.1329662551916604, 0.4324216731442929, 3091.83531843634, -36776.72806240997, 777.8873431798798, -9707.442338087212, 11115.852178669838, 96751.05613451442, -53135.00579966155, -124515.36011455722, 5190231.646290183, 44868.18336255294, 28928.937512519853, -280340.2368157211, 0.9908364242276788, 5.256817920729076, -1.2765372564568498, -5.742071467112766, -1.4395584739692435, -6.45280129921019, -4.67482565868328, 10.150455751130329, -0.6947352595704674, -0.01401443556887888, 2.6762842193940255, -8.847914224777172, -66.62050385946296, 39.920572369449445, -39.88911160978621, 17.378090795294273, -3.6800631312554, 3.104093079775933, -2.8624268289657118, 0.5045609553699761, -27.335034547835193, 12.435500427539381, -13.943983439670351, 5.841666739409635] 
[3.3529799474205477, 3.379703776242211, -3.246192937882884, -0.1749283272324611, 1.1345212357761711, 3.2459472799516345, -0.022038457940217516, -3.746992293732381, -3.3890874588596063, 4.312170691689105, -1.102478162618378, 0.46290976571757536, 3090.8934299374832, -36777.160964960196, 779.5682269766062, -9705.970784055666, 11115.81606298746, 96756.65403061121, -53123.945371462265, -124515.27367443954, 5190232.05115467, 44868.21842987086, 28928.974682014355, -280340.4104180155, 1.025700183494052, 5.289307198569086, -1.249922510680551, -5.710248865087909, -1.3674157312804762, -6.524814867401277, -4.703641447892869, 10.186620318838424, -0.7275078144993553, -0.038644648057027955, 2.702158014659018, -8.81025644882443, -66.57054293698191, 39.87597543420213, -39.85526485671613, 17.495819849004423, -3.718348379315682, 3.067076223235282, -2.8337101705003125, 0.4692897663337393, -27.370466082492676, 12.385348822794636, -13.898288448568284, 5.807810660796071] 
[3.518389650825573, 3.5451134796472363, -3.0807832344778587, -0.009518623827435846, 1.2999309391811964, 3.4113569833566597, 0.14337124546480773, -3.9124019971374064, -3.5544971622646315, 4.47758039509413, -0.9370684592133527, 0.2975000623125501, 3087.1360800034327, -36780.13417029471, 764.3949377957222, -9711.43181975806, 11115.614696875304, 96741.40948045717, -52783.32635606116, -124514.76293669829, 5190234.807377728, 44868.02341650025, 28929.182417769458, -280341.23991332704, 1.1693697706314754, 5.154699794597671, -1.0958533639029682, -5.602574714011376, -0.9692772019058918, -6.905255457517254, -4.5130368731923305, 9.994452597813753, -0.5759438473120541, -0.3087833498414768, 2.4013105210451084, -9.01183532293118, -66.38070917271563, 40.07787139407908, -40.07563876427489, 16.949214303453893, -3.5448215053839323, 3.271307864910297, -2.6605970982899563, 0.2794212843474156, -27.58984796907411, 12.51416953448294, -13.732716554612757, 6.087273589653416] 
[3.2217655840072412, 3.2484894128289046, -3.3774073012961905, 0.2871054429908959, 1.0033068723628646, 3.7079810501749915, -0.15325282135352403, -3.6157779303190747, -3.2578730954462998, 4.774204461912462, -0.6404443923950209, 0.0008759954942183512, 3084.945077867113, -36778.21030049974, 684.0793114425525, -6437.4883726925, 11115.934194144047, 96737.23312021453, -52768.79654399472, -124514.1518613583, 5190232.965206862, 44868.33701542587, 28928.725619746314, -280337.7878172528, 1.568327785674626, 4.804138580665298, -0.7483562939837514, -5.897199806521321, -2.1330815523259297, -5.774940006592243, -4.148722981210097, 9.817185866286753, -0.758788391023287, -0.4442187049780524, 2.625186914729629, -9.264104816045226, -65.95096082408666, 40.52685748863065, -40.442124722277896, 17.677256154307873, -3.290937728282995, 2.940671144818513, -2.3410806712827914, -0.04837654378131162, -27.746587784611254, 12.70713625169758, -13.611215121111448, 6.464329895709731] 
[3.3648756810907914, 3.3915995099124547, -3.2342972042126403, 0.43021554007444607, 1.1464169694464148, 3.5648709530914413, -0.2963629184370742, -3.758888027402625, -3.40098319252985, 4.917314558996012, -0.4973342953114708, -0.1422341015893318, 3062.6327201264185, -36765.638541566295, 686.7010770214531, -6435.703721763963, 11116.135452718161, 96736.73608347919, -52774.93778293035, -124513.46546926598, 5190222.333201264, 44868.48067376472, 28929.126411815232, -466832.55170226126, 1.722967176133192, 4.950263372032326, -0.8545631079893863, -6.029993472558163, -2.197851089570161, -5.895335896285352, -4.002025613244529, 9.937792851287002, -0.6656527634974135, 0.25176988141774526, 3.313591637535024, -9.09448923400512, -66.10648871312597, 40.66194215266217, -40.0620397936637, 18.435765592836386, -3.4974162382749547, 2.776628167280775, -2.5278616094506736, 0.8218124392240036, -28.37489358799041, 12.764821413159646, -13.49551930170871, 6.063723005400784] 
[2.8792779257728442, 2.9060017545945076, -3.7198949595305875, 0.9158132953923932, 0.6608192141284677, 3.079273197773494, 0.18923483688087295, -3.2732902720846777, -3.886580947847797, 4.431716803678065, -0.9829320506294179, 0.3433636537286153, 3052.7290863164094, -36757.705494023416, 630.0355347302011, -6438.495401637899, 11115.550717557584, 96739.61426425244, -52769.24425814491, -124512.01612384107, 5190229.714463313, 44868.987248754194, 28926.99294385236, -466808.3859760507, 1.1383859569253945, 5.469067070359332, -1.2120836835053803, -6.3388191395043405, -3.070566487861818, -5.149496330404586, -4.87431829579436, 9.326599305638199, -0.6900479181328812, 2.9329100054327153, 5.943943626688135, -8.365357951528656, -65.48323813474488, 41.48908347621856, -41.079471260469376, 16.415173566415582, -3.851290232047481, 2.4369739175939977, -1.816467454887758, -1.6277105625751143, -26.055087826353134, 12.851285292547797, -13.024904036021256, 4.5687675016931175] 
[2.9396466144389874, 2.966370443260651, -3.6595262708644443, 0.85544460672625, 0.6004505254623245, 3.1396418864396374, 0.12886614821472975, -3.2129215834185345, -3.826212259181654, 4.371348115011922, -1.043300739295561, 0.4037323423947585, 3051.831346546101, -36758.81350620203, 629.8334806721914, -6438.3994170396345, 11115.390463448053, 96755.17846184026, -52767.53817667199, -124515.51693102346, 5190229.845804064, 44869.05263448177, 28926.905760714224, -466808.9186215363, 1.067655356806918, 5.533370483053737, -1.236233380323753, -6.249215373107188, -2.9720629872542976, -5.264281610107588, -4.7952285697267065, 9.248791739936795, -0.7640446096175448, 2.9747091801336434, 5.881377927258686, -8.344382821379094, -65.3929264152238, 41.60140723212876, -41.008256398429886, 16.608442628350513, -4.0407624521367715, 2.521402479462059, -1.773752914202341, -2.585737986254241, -26.12415683719839, 12.88404054769512, -12.977926662071964, 4.511071573403282] 
[3.2360800878241074, 3.2628039166457707, -3.3630927974793243, 1.15187808011137, 0.30401705207720453, 3.4360753598247573, 0.4252996215998497, -2.9164881100334146, -3.529778785796534, 4.667781588397042, -0.7468672659104412, 0.10729886900963859, 3059.1996658679045, -36768.56785274037, 628.6240910241835, -6437.879191793157, 11116.319020172374, 174651.49583294982, -52785.487782432974, -124457.15461898435, 5190229.104539543, 44869.386406711186, 28926.508725562202, -466810.8393516707, 1.3672002400466514, 5.878571213906792, -1.710045692201271, -6.119298839259802, -3.5396372796565307, -4.8082874679875465, -4.503897581568981, 8.956799124794939, -1.1117697924411518, 2.820701853317717, 6.0135111111424155, -8.656425955389262, -65.78345043424763, 42.24255838140898, -40.66213512953908, 16.37939495315475, -4.343528777601275, 2.8965584889009963, -1.4971310210709299, 3.112147181683783, -25.65303667750213, 13.22144991988681, -12.757869696316355, 4.846242539472869] 
[2.9006351065852582, 3.59824889788462, -3.027647816240475, 1.487323061350219, 0.6394620333160537, 3.7715203410636065, 0.08985464036100055, -2.5810431287945654, -3.865223767035383, 5.003226569635891, -1.0823122471492903, -0.22814611222921055, 3021.51488332241, -36791.51154438238, 635.5741329168375, -6438.281145597886, 11120.062254067261, 174647.5139158582, -52787.45828066934, -124463.88749687733, 5190231.445889274, 44869.7225200538, 28927.235572210342, -466781.5912061804, 1.675802657223316, 5.5363371643399555, -1.3041356213719848, -7.004622264542108, -4.407490727577237, -4.917730861341162, -4.228554883539677, 8.789580412477147, -0.7627845764964286, 2.720271570067978, 6.378108408048688, -8.912755540536645, -65.38011309508616, 40.32338477501068, -40.539544171582556, 14.653523743669506, -2.6436337139113464, 2.5458287855723256, -1.625312725382365, 2.382595420229829, -25.93383110906824, 13.057545846440405, -12.993689224942477, 4.35593326329235] 
[3.1321531822727193, 3.829766973572081, -2.796129740553014, 1.7188411370376802, 0.4079439576285926, 3.5400022653761454, -0.14166343532646053, -2.8125612044820265, -4.096741842722844, 5.234744645323352, -0.8507941714618292, 0.0033719634582505265, 3017.449277324225, -36792.702257925856, 653.4833234126726, -6438.51428436516, 11119.41215448984, 174648.18107128094, -52816.21060830609, -124463.06840903185, 5190231.973999203, 44869.974781123514, 28927.532478201447, -466777.06528507516, 1.8562011760097115, 5.888688012403269, -0.9368856637228284, -6.304519049888107, -3.985323653126591, -4.10622695742473, -4.8638951984309005, 9.17393358381453, -0.4056209476624785, 2.8077203585786057, 6.119782146141032, -8.651261560944707, -65.66365014525971, 39.63802973033211, -40.08260360228326, 15.085529937802571, -3.1222629527457886, 2.764946475771892, -1.8251413884573044, 1.5617982329724849, -25.235063124008718, 13.40267555913099, -13.30501691293276, 4.561125943355814] 
[3.1195038277960476, 3.8424163280487527, -2.7834803860763424, 1.7061917825610085, 0.4205933121052643, 3.5273529108994737, -0.12901408084978883, -2.799911850005355, -4.084092488246172, 5.247393999800024, -0.8381448169851575, 0.01602131793492223, 2875.482762802607, -36792.67090011446, 653.3730142314167, -6438.501353669642, 11119.49252448426, 174648.26511594022, -52816.84514974308, -124462.94725915475, 5190231.955020677, 44869.99162277201, 28927.510098270443, -465664.554346016, 1.868775785578514, 5.905239291744511, -0.9243282827262503, -6.292074548531058, -3.9677441992095743, -4.112895802346911, -4.873336012019125, 9.166364155866653, -0.39195304088663674, 2.8148496443087354, 6.097239913898065, -8.630977302925928, -65.64990601580078, 39.67452768183981, -40.10664961710046, 15.055465662889963, -3.092328430494868, 2.7891834969318947, -1.8095991379520668, 1.4816174827863866, -25.211160975783514, 13.408243418458099, -13.296704778898434, 4.547972861146165] 
[2.926514788860426, 4.035405366984374, -2.976469425011964, 1.8991808214966301, 0.2276042731696426, 3.7203419498350954, -0.3220031197854105, -2.9929008889409765, -4.277081527181794, 5.054404960864402, -0.6451557780495358, 0.20901035687054392, 3271.084342792556, -36792.20679252509, 651.8021467846261, -6438.697924260722, 11120.650153374421, 174649.62828008205, -52805.185934664834, -124464.66619008566, 5190232.249872249, 44869.73084711094, 28927.85930560316, -466416.4772685688, 1.6797625403249399, 6.071837094066513, -0.714577346192799, -6.648957127807156, -4.173415799627072, -4.493015979378604, -4.572179449526389, 8.864618417014594, -0.6716210995776961, 2.7146053864583997, 6.499473953202244, -8.965459910669198, -65.44047022206921, 39.99025372020559, -39.955106989778436, 15.180763560138587, -2.9714459476608095, 2.470475339275387, -2.0455214344161576, 2.469266542916138, -25.120916021686295, 13.5986813433183, -13.206651297924621, 4.336797246062848] 
[2.986977060467237, 4.095867638591185, -2.916007153405153, 1.9596430931034412, 0.16714200156283154, 3.7808042214419064, -0.3824653913922216, -3.0533631605477876, -4.337543798788605, 5.114867232471213, -0.7056180496563469, 0.269472628477355, 3269.756948378383, -36792.10727713218, 649.5643593968672, -6438.630442882956, 11119.462646906077, 174649.42618963352, -52804.58222711061, -124461.9112406566, 5190232.32341138, 44869.66272180275, 28928.026518185507, -466417.8816406272, 1.7422982847231194, 6.038799231658874, -0.6550084242060739, -6.710060942654281, -4.101278880100632, -4.415064905770975, -4.488281042880147, 8.90990537327269, -0.5391673798005746, 2.6201774557269277, 6.387934322184277, -9.005353472146826, -65.5012421888027, 40.28486377963453, -40.213626751686824, 15.23558314296965, -2.9418741412753264, 2.5133206341175023, -1.9937259191059822, 2.633648640724158, -25.057886044242437, 13.556829211428692, -13.27272858977902, 4.1609505215194815] 
[3.0511780719594848, 4.160068650083433, -2.980208164897401, 2.023844104595689, 0.10294099007058377, 3.845005232934154, -0.44666640288446935, -2.98916214905554, -4.401744810280853, 5.0506662209789654, -0.6414170381640991, 0.2052716169851072, 3272.464014078395, -36792.203720771955, 648.2811457912104, -6438.70542068937, 11117.143017204067, 174649.245792576, -52805.0431602951, -124470.18002202355, 5190232.249271978, 44869.7385583117, 28928.179174927798, -466418.78747810726, 1.6717705339115607, 5.9813485242453615, -0.6217613982106399, -6.771512270561851, -4.034815090498679, -4.461499458548358, -4.416948451909287, 8.836955902059835, -0.5490612291040768, 2.558548797511181, 6.309172832614592, -8.92272553129046, -65.43599158770587, 39.91070831330308, -39.873632337753335, 15.26490942377015, -2.887946876848749, 2.606324148596622, -2.109047861582521, 2.4228426456562993, -25.12182072224928, 13.480961741522801, -13.200014642789322, 4.0517045963256475] 
[2.982444261594762, 4.09133483971871, -2.911474354532678, 2.092577914960412, 0.17167480043530658, 3.7762714225694314, -0.37793259251974654, -3.0578959594202626, -4.470478620645576, 5.119400031343688, -0.5726832277993763, 0.1365378066203844, 3264.033050524404, -36792.29856164456, 645.6190694174524, -6438.7904439520125, 11123.652227932389, 174649.08150748682, -52804.67479343658, -124467.19880992963, 5190232.325089862, 44869.661317795384, 28927.987181319822, -466420.4418040417, 1.5985097671014183, 6.034915073353995, -0.6746005589282167, -6.844428264737077, -3.9622457968492872, -4.389340976435936, -4.342318381023551, 8.873479665147531, -0.7249352763952546, 2.6633961529953343, 6.483157014377068, -9.019349151113836, -65.50669269741412, 39.845590783072126, -39.90532660387635, 15.417398380765672, -3.0309384465894746, 2.6589999951543675, -2.0568547526705223, 2.273397925350206, -25.041393434354656, 13.529120086348643, -13.12304345404244, 4.177029472742363] 
[2.848829912254213, 3.9577204903781613, -3.045088703873227, 2.226192264300961, 0.30528914977585564, 3.6426570732288823, -0.5115469418602956, -3.1915103087608117, -4.604092969986125, 4.985785682003139, -0.43906887845882725, 0.0029234572798353398, 3258.7129685286136, -36792.500578864405, 648.187278082912, -6438.612664130729, 11119.073859469505, 174649.46157658205, -52803.69349533742, -124448.08044152455, 5190232.183340828, 44869.81976195168, 28928.442203163242, -466427.6536713103, 1.7444746289671345, 6.157380536503777, -0.7842496388418394, -6.6698560932722595, -4.117529092992199, -4.541367675517029, -4.232860140018635, 9.010115381055357, -1.1509334396114625, 2.915706141250088, 6.894621861497114, -9.237770685783447, -65.36456771403991, 39.70985503937017, -39.98998344311279, 15.698032652661338, -3.2906031567429683, 2.791289369971658, -2.256461476914759, 1.8878333310262012, -24.90507926243685, 13.36526809862859, -12.928287529692259, 4.473532307088904] 
[3.063806560125424, 3.7427438425069504, -2.830112056002016, 2.441168912172172, 0.09031250190464468, 3.4276804253576714, -0.7265235897315065, -2.9765336608896007, -4.819069617857336, 5.20076232987435, -0.2240922305876163, -0.21205319059137562, 3261.2940583387044, -36792.90565228233, 671.342541445427, -6438.95468821481, 11116.694264685328, 174648.5299138354, -52804.59059033351, -124361.7341510964, 5190231.965823084, 44870.05164318387, 28927.252563269478, -441274.1191334946, 2.0476935421384805, 6.457107977362622, -0.46448360827872054, -6.484062130673782, -4.296160572077255, -4.658472576076851, -3.885130025147329, 8.642618168419201, -1.3800997211058155, 3.1738205708550433, 6.819484169093453, -9.438152257897686, -65.57556475395775, 38.912128643331116, -39.31259603108617, 15.930654498553773, -3.097501269025867, 3.0882887244391735, -2.6308872170977846, 1.2555288190898795, -25.102138607078167, 13.552765232443875, -12.716809334955322, 5.505116101511195] 
[3.103800722390438, 3.7027496802419364, -2.790117893737002, 2.4811630744371858, 0.05031833963963073, 3.3876862630926574, -0.6865294274664926, -3.0165278231546147, -4.779075455592322, 5.160768167609336, -0.18409806832260234, -0.17205902832636166, 3267.9172722829203, -36793.03067523639, 671.7683608190083, -6439.050959003687, 11121.611057753194, 174649.03211644012, -52804.499954342966, -124360.25277322622, 5190231.9253702825, 44870.10292690791, 28926.44267535965, -441275.02200582216, 2.0092660455300484, 6.421316206713513, -0.419228840886171, -6.456683996858478, -4.25775963179583, -4.699804929889158, -3.800518031442779, 8.559530317684318, -1.4415959936395457, 3.158065271600789, 6.894038144290927, -9.485874603793855, -65.52669544011886, 39.01056882251003, -39.292453449423704, 16.025226541464477, -3.1545364877295494, 3.121120981132082, -2.6814848546735495, 1.308380777748625, -25.153322126018015, 13.593064120167409, -12.784936627448017, 5.069584593861243] 
[3.0500963649744923, 3.649045322825991, -2.7364135363210567, 2.5348674318531312, 0.10402269705557621, 3.441390620508603, -0.7402337848824381, -2.962823465738669, -4.832779813008267, 5.107063810193391, -0.13039371090665686, -0.22576338574230714, 3305.5372142489864, -36793.220308731536, 671.3152766227278, -6438.9082529286425, 11142.839761981912, 174649.9370024548, -52804.63362231811, -124356.8012992251, 5190231.871426388, 44870.16905933573, 28924.840083250692, -441276.8540860696, 2.06143166991517, 6.459349060759751, -0.3634869131046272, -6.5107357206628125, -4.29432236844637, -4.751597047075022, -3.841055945468218, 8.53017036167354, -1.3629153433083412, 3.0742079694627105, 6.919820659363746, -9.431524053285425, -65.59308860396857, 39.18432989217556, -39.28322697284501, 16.128577725279406, -3.1104694725664883, 3.173436628412841, -2.772443993291091, 1.2376947137155936, -25.093330301516747, 13.645335658636045, -12.729502452527957, 4.424108322871196] 
[2.821066050491001, 3.8780756373094825, -2.965443850804548, 2.7638977463366228, -0.12500761742791533, 3.2123603060251114, -0.9692640993659296, -3.1918537802221607, -5.061810127491759, 4.878033495709899, 0.09863660357683468, -0.4547937002257987, 3332.971790762677, -36794.19016043799, 669.841280474584, -6438.2037729363365, 11121.597352558068, 174652.56295032307, -52805.13709960447, -124364.04464185731, 5190231.639044178, 44869.90029285655, 28911.293104725224, -441272.2834455975, 2.30660323053145, 6.107939940681493, 0.03411435495546339, -6.879644052377431, -3.999322048787727, -4.50739527757414, -3.641939423981894, 8.636941281489886, -0.871453700011697, 2.6548623027325005, 6.52449928392906, -9.68416469574417, -65.26656783850603, 36.85140396156676, -37.47044431801356, 15.333002268782122, -3.32448301193818, 2.9953500114611273, -3.06327979316515, 1.5383486328789693, -25.358560537328856, 13.443294830523572, -12.455081552605341, 8.11198455111532] 
[2.8702260750620487, 3.8289156127384345, -2.9162838262335002, 2.714737721765575, -0.07584759285686737, 3.2615203305961593, -0.9201040747948817, -3.2410138047932087, -5.012650102920711, 4.927193520280947, 0.14779662814788264, -0.4056336756547507, 3333.467021902461, -36794.299123374614, 671.4421250759365, -6438.565249489388, 11118.435056393993, 174642.7303672292, -52805.2094203539, -124344.56803107096, 5190231.583357303, 44869.84975891145, 28906.223842322874, -441272.5382079056, 2.257957658341015, 6.113031420172385, 0.08800086543182145, -6.81487288686547, -3.9431117771165667, -4.4587753882665275, -3.710106003218094, 8.707770235075612, -0.804453099920539, 2.592287162916383, 6.465572169931288, -9.74199810648126, -65.07984515689324, 36.08055696181044, -36.67228932876905, 15.13641481730781, -3.195090643514433, 3.05626040748745, -3.0147483501016974, 1.5780942168310361, -25.291489166931473, 13.498782031339479, -12.490470281090214, 8.438463365792366] 
[2.8985140389441133, 3.80062764885637, -2.8879958623514357, 2.6864497578835103, -0.047559628974802814, 3.289808294478224, -0.8918161109128171, -3.212725840911144, -5.0409380668027755, 4.955481484163012, 0.11950866426581808, -0.4339216395368153, 3333.073312562619, -36794.2288518838, 670.8753554061097, -6438.730286008643, 11113.50841382198, 174640.75409873814, -52805.25410327366, -124341.69675122293, 5190231.614357122, 44869.82012448741, 28904.9193631113, -441272.7198787015, 2.2736147955520374, 6.0487979150475155, 0.15385262968670302, -6.791666835234473, -3.911699043724414, -4.4820583073538725, -3.6769769815207334, 8.673988996062041, -0.8428868303389534, 2.6282469440312126, 6.494686765394614, -9.710686175602977, -65.0698435385794, 36.47333027431646, -37.074868918493216, 15.079894813425005, -3.139213205577436, 3.0835951016799865, -3.0437402810992067, 1.5564367323592057, -25.266421459864393, 13.482293063451118, -12.46646775262248, 8.294545786008026] 
[2.791388845918884, 3.9077528418815994, -2.780870669326206, 2.5793245648582808, -0.1546848220000323, 3.1826831014529944, -0.9989413039380466, -3.1056006478859146, -5.148063259828005, 5.062606677188241, 0.012383471240588584, -0.5410468325620448, 3334.9224482198906, -36793.94316770702, 669.1734548975068, -6438.175922428331, 11160.90446639647, 174635.84178549386, -52805.077217036414, -124320.4897284289, 5190231.494782278, 44869.93383814348, 28897.38300727906, -441273.32591638266, 2.212385094803438, 6.286990423960191, -0.09787633615088556, -6.888891808229137, -4.038741331966461, -4.375698964475918, -3.5890990752309437, 8.772112573973025, -0.7146632038131853, 2.489247774884512, 6.596349771363834, -9.846542812971089, -65.39487008330477, 38.128840194081256, -38.75216761103496, 15.561225158796786, -3.4149529261304283, 2.9749469994179, -2.944367601062404, 1.6487240261365497, -25.17015076343588, 13.42222772583946, -12.369742492998284, 8.753918905085163] 
[2.893716747777172, 4.010080743739888, -2.8831985711844945, 2.4769966629999924, -0.25701272385832064, 3.2850110033112827, -0.8966134020797583, -3.0032727460276263, -5.250391161686293, 4.960278775329953, -0.08994443061769974, -0.6433747344203331, 3334.053127874215, -36793.73032458226, 669.9948802076239, -6438.5359751903525, 11156.593592909903, 174575.20212543977, -52804.932504246455, -124241.4638173561, 5190231.370280271, 44870.04981924646, 29564.698902160748, -441272.94015125505, 2.3148767610273375, 6.349860812465743, -0.03912897097327065, -6.967376409818797, -3.967545421939888, -4.480961639159587, -3.7363807808626297, 8.92158797113939, -0.6381170818069517, 2.5630445778799364, 6.500820781231914, -9.718271129161693, -65.17257017454824, 37.13918469121644, -37.747229462923514, 15.117468032716472, -3.1375344854925014, 3.082288337435691, -2.6562955024434665, 1.3737620069864254, -25.252326052685383, 13.547967893485, -12.220922540194877, 8.563049259078602] 
[2.860176389818398, 3.9765403857811137, -2.8496582132257204, 2.5105370209587665, -0.22347236589954655, 3.318551361270057, -0.8630730441209842, -2.969732388068852, -5.283931519645067, 4.926738417371179, -0.056404072658925664, -0.6769150923791072, 3334.610329097304, -36793.67276512427, 670.5085567758027, -6438.624153511494, 11156.074503573345, 174573.56025857647, -52804.98746137242, -124239.69952813884, 5190231.324797151, 44870.01413038538, 29568.85600341807, -441273.0333503228, 2.27800023899648, 6.328947132140777, -0.06286459915508079, -6.9431052324153555, -3.9941249510776617, -4.4489710359604295, -3.679521278956959, 8.869356119821386, -0.6029599001572561, 2.519194759609326, 6.465275310437219, -9.768708848189716, -65.23145726178865, 37.11339828891095, -37.777576382025785, 15.081034081397876, -3.1792798606355404, 3.1148343093764854, -2.576643251313688, 1.2904076998096992, -25.201421959323376, 13.615468963804789, -12.158004898657687, 8.489355466957472] 
[3.0804710025092907, 3.756245773090221, -3.069952825916613, 2.290242408267874, -0.0031777532086538773, 3.098256748579164, -1.0833676568118769, -3.190027000759745, -5.50422613233596, 4.706443804680286, -0.27669868534981834, -0.8972097050699999, 3337.4666077617017, -36794.073688215954, 673.1680943921884, -6439.257007711489, 11151.589138090321, 174580.6690858692, -52805.369014533775, -124232.16713630092, 5190231.013380306, 44870.24486488247, 29499.5383972376, -441273.5948020835, 2.071675294779949, 6.427187971764789, 0.10334552558807526, -7.153030449574555, -3.7130127117150753, -4.150183102829644, -3.8097067770851636, 8.652671691572635, -0.45457766604461103, 2.6935754275820742, 6.283878519565955, -10.117845932185476, -65.7436394201242, 39.885792710893774, -40.51695550523051, 14.786886564068796, -2.8419672549240707, 3.294019952374442, -2.8117537073074828, 1.1001204537751503, -24.951207931231668, 13.513858767936895, -11.96705767746476, 8.07185052032631] 
[2.9249932537205536, 3.911723521878958, -2.914475077127876, 2.445720157056611, 0.15229999558008323, 2.942778999790427, -1.238845405600614, -3.0345492519710078, -5.348748383547223, 4.550966055891549, -0.12122093656108124, -1.052687453858737, 3295.797041783982, -36794.541214193414, 642.8220368319662, -6439.531819422393, -4245.172053740089, 174497.82826610643, -52805.568180780145, -124298.49575774705, 5190231.32839241, 44870.40034812677, 29501.62176521567, -441273.8493156497, 1.910330027844872, 6.785454600552027, -0.25088417110250355, -7.410133568011369, -3.443017761702764, -3.987508923535314, -3.981130842337212, 8.82345680128683, -0.5471439305207515, 2.896044025925862, 6.472760080988608, -10.318876661807664, -65.49616154596625, 34.40520302818293, -34.991211336675526, 14.963269827997248, -3.087737639234614, 3.084552645832308, -2.4823842092711086, 0.7720513556153004, -25.14237782219259, 13.881907262940274, -11.584922643736016, 7.931617473292885] 
[3.030755925992458, 3.805960849607054, -2.8087124048559717, 2.3399574847847067, 0.046537323308178946, 3.0485416720623313, -1.1330827333287097, -3.140311924242912, -5.454511055819127, 4.445203383619645, -0.01545826428917696, -1.1584501261306412, 3298.086961496331, -36794.75940073952, 640.7360521119356, -6439.7891796300255, -4249.767133943019, 174500.5395167013, -52805.68651041864, -124307.76132480566, 5190231.491898722, 44870.291780967535, 29494.38898218614, -441273.70918424, 2.0157579672895505, 6.7702624963481375, -0.3718424901735312, -7.615685050136403, -3.2250843440426857, -4.126638794723392, -4.09190949251703, 8.68449323702426, -0.690671396474887, 2.717859017766881, 6.295947211267781, -10.44361902599878, -65.60620768314183, 34.43680421683582, -34.82459956372743, 14.839483527398336, -3.295556341213233, 3.262367008098336, -2.424678071642868, 0.8539837328102674, -24.914129162894646, 14.1814173537489, -11.30830989418316, 8.045584251034745] 
[3.083765919290914, 3.7529508563085976, -2.7557024115575155, 2.392967478083163, -0.006472669990277291, 2.995531678763875, -1.0800727400302534, -3.1933219175413683, -5.5075210491175834, 4.498213376918101, 0.03755172900927928, -1.105440132832185, 3293.7541530163026, -36794.61995524861, 641.2325102667469, -6439.8918655780735, -4225.272638869808, 174506.67953461106, -52805.75113039508, -91989.85152450661, 5190231.394314335, 44870.3487629145, 29272.5331315117, -441273.7723371277, 1.9654586371133729, 6.744538306516956, -0.41879383964571437, -7.567212408383674, -3.202505201311719, -4.072069720291249, -4.050031903253651, 8.63675194247115, -0.6273656754169937, 2.772235752176254, 6.260148760617326, -10.523016717454984, -65.6682435582987, 34.38503653126233, -34.901723601935736, 14.763272446187399, -3.1828573839884435, 3.3430439849814504, -2.3834365721311883, 0.892294968369251, -25.020111957590576, 14.09836033874288, -11.302440636627932, 7.982700503245482] 
[3.1956012786462322, 3.6411154969532795, -2.8675377709128336, 2.504802837438481, 0.10536268936504078, 2.883696319408557, -1.1919080993855715, -3.3051572768966864, -5.6193564084729015, 4.610048736273419, 0.14938708836459735, -1.217275492187503, 3260.2725732030667, -36794.28049779739, 640.443074705277, -6440.133274985673, -1555.8442640623894, 174501.39993081798, -52805.6073665241, -91948.02093809414, 5190231.1662030695, 44870.23163647651, 29193.187429238118, -441273.6323033628, 1.857218455414606, 6.454832655318239, -0.08807477575478828, -7.94833637359028, -2.871503733197384, -4.16399384132306, -4.1964843381109835, 8.495073810350558, -0.7394238251293443, 2.828177874077189, 6.157526580403616, -10.371935440261414, -65.54060095098038, 35.19299861638664, -35.68496952325134, 14.641017695299716, -3.3974725902217564, 3.180171740216049, -2.3194484316603674, 0.978889164948666, -24.698580241021666, 14.573876486355731, -10.867922293832084, 7.842992921430734] 
[3.248260406893226, 3.693774625200273, -2.81487864266584, 2.4521437091914873, 0.05270356111804708, 2.9363554476555507, -1.2445672276325652, -3.2524981486496927, -5.672015536719895, 4.662707864520413, 0.09672796011760365, -1.2699346204344968, 3242.2020913624524, -36794.05099371393, 639.7241247741632, -6439.9843394605505, -1560.6053677844516, 174502.2094611913, -52805.668372274034, -91946.03497433664, 5190231.027489523, 44870.28485100541, 29195.564710630482, -441273.6921335285, 1.8031295524690418, 6.41341355458, -0.11693240539129914, -7.976088281759298, -2.9064027512880757, -4.206566835035656, -4.153993634575267, 8.461503162961595, -0.6661723517372548, 2.911974700077852, 6.24821064204477, -10.457008703438508, -65.59914714137234, 35.039783828135555, -35.74401703014427, 14.711190586541562, -3.5466282575219648, 3.108479599296468, -2.2354229456811234, 0.900271859159564, -24.614463127391673, 14.635767032254915, -10.874463261599196, 7.903727487744097] 
[3.2869594535425106, 3.6550755785509885, -2.776179596016555, 2.4134446625422026, 0.014004514468762386, 2.897656401006266, -1.2058681809832805, -3.2911971952989774, -5.71071458336918, 4.624008817871128, 0.13542700676688835, -1.3086336670837815, 3245.6162345510365, -36794.19164147713, 639.3483976070661, -6439.888700913034, -1546.6602402691328, 174501.27772172212, -52805.62524379757, -91942.8757862795, 5190231.145017165, 44870.32364572695, 29191.41563746138, -441273.6497087663, 1.7662083694299529, 6.4330367677936025, -0.0860184127922422, -8.006407206099126, -2.924664950402143, -4.248873184520573, -4.107424309318191, 8.51517613807687, -0.6873588165447172, 2.973308666122466, 6.30734999285333, -10.394372297991948, -65.63891905611698, 35.13459917549382, -35.703633989421974, 14.745270663752928, -3.464287439755134, 3.0609379562655454, -2.2568450555927924, 0.8683727092240453, -24.542934653939238, 14.668794757242948, -10.88779817690326, 7.8530972376061685] 
[3.1327452192182283, 3.809289812875271, -2.9303938303408374, 2.2592304282179203, 0.1682187487930447, 3.0518706353305483, -1.0516539466589983, -3.136982960974695, -5.864928817693462, 4.77822305219541, -0.018787227557393954, -1.4628479014080638, 3238.2667774680694, -36793.552520577905, 638.1406586371851, -6440.2369126881085, -2333.011779323759, 174498.63407673684, -52805.801966269224, -91949.81767077357, 5190230.619496319, 44870.4790708374, 29182.955633173962, -441273.81502728845, 1.6430397513168316, 6.17053842959432, 0.18230573026600472, -8.130999760015376, -2.9874950507542986, -4.45270267263603, -3.9057707137222866, 8.738695209196171, -0.8511757497375457, 2.820240299251016, 6.3607057397468365, -10.120726221478243, -65.81116813036223, 35.59470000194854, -35.56120968503945, 14.566976365300757, -3.1078879663069374, 3.251771382696266, -1.9878378359106696, 0.6076614142376695, -24.153570784525343, 15.640443263591195, -9.93482481907767, 7.658144676235904] 
[2.936919659457737, 4.005115372635762, -3.126219390101329, 2.063404868457429, 0.3640443085535361, 3.2476961950910397, -0.8558283868985068, -2.9411574012142037, -6.060754377453954, 4.974048611955902, -0.21461278731788538, -1.2670223416475723, 5740.028876549942, -36794.063303634844, 633.6845759254362, -6439.908543241337, -2339.9976564139806, 174523.0254910742, -52805.54219877811, -101165.52172192137, 5190231.806516985, 44870.67574758799, 29737.83053595746, -441273.6169019553, 1.8381390683026906, 6.023043930456095, 0.11730529027744786, -7.403589091234833, -3.7155200885434607, -4.6300767693740275, -4.176836106817239, 8.455058162248097, -0.603470188668535, 2.7399260292267646, 6.570788354939037, -9.844100970946194, -66.00965863818922, 41.49734828999502, -41.200738890759744, 14.192325563933165, -2.847619403189194, 3.4799003371618324, -1.36316134693129, -0.021076962789559728, -24.607813454715306, 14.262017253650182, -11.303222266774814, 7.415296206356633] 
[3.1636975935693927, 3.7783374385241064, -3.3529973242129847, 1.836626934345773, 0.13726637444188028, 3.020918260979384, -1.0826063210101626, -3.1679353353258595, -5.833976443342298, 5.200826546067558, 0.012165146793770426, -1.4938002757592281, 5745.518626305134, -36793.67082325374, -325.9433254241453, -6439.616432038713, -2341.786462269215, 174502.80594489907, -52805.939916965166, -101159.80066574087, 5190227.146531065, 44870.918789246985, 29742.830507628183, -441273.8659647533, 2.1613588975151448, 6.891422765573134, -0.7222562135063931, -8.585049802591419, -2.5050901598692352, -5.122637310332641, -3.934845201505761, 8.757107378048833, -0.8030696227776805, 2.027002347923385, 5.848503543293205, -9.53510051956017, -66.26899663690708, 41.7297852740173, -41.029919122530465, 13.961783162138913, -3.1920247342710706, 3.2392570133800893, -1.7158475682230592, 0.3944228496526029, -25.117692695103084, 15.075545165611093, -10.504734280087531, 7.198333423936424] 
[3.288255080564622, 3.9028949255193357, -3.2284398372177554, 1.7120694473505438, 0.012708887446650954, 2.8963607739841546, -1.207163808005392, -3.2924928223210888, -5.7094189563470685, 5.325384033062787, 0.13672263378899974, -1.6183577627544574, 5490.564588257759, -36793.31849508781, -328.7722421757397, -6439.750223398591, -2335.134176552303, 174511.40100125925, -52805.78023046716, -101339.33616251957, 5190226.486013853, 44871.0785177512, 28901.132006334752, -441273.74066591245, 2.0379487076925082, 6.802071588948186, -0.7978326380508339, -8.498735515176985, -2.445077517994749, -5.264196134348847, -4.156667268866219, 8.544999474631194, -0.6359144423586631, 1.5702064244969731, 5.3698048270502134, -9.368218884567622, -66.09126041927551, 41.87569554836904, -40.921477577194636, 13.83305092381091, -3.092008517015907, 3.362262283609162, -1.2791657166524248, -0.05733949449437553, -24.855362363440012, 14.639091446201137, -10.957007063299459, 7.3223315207148145] 
[2.8672617665053783, 3.481901611460092, -2.8074465231585117, 1.2910761332913, 0.4337022015058946, 3.3173540880433983, -1.6281571220646356, -2.871499508261845, -6.130412270406312, 4.904390719003543, -0.28427068027024394, -2.039351076813701, 5470.851549681801, -36794.20309569722, -384.72942914628015, -6440.179732009593, -4941.788931126381, 174504.25859039804, -52805.29826778354, -101357.96538260051, 5190227.914897769, 44870.44923701674, 28878.46980177726, -441273.31871883554, 2.368262016413419, 6.0870170180145795, -0.071323037320289, -5.4362833972136375, -5.523398787177422, -4.775524621750376, -3.51595342630073, 9.221874779847875, -0.13688393839201674, 1.1053800849733584, 5.407225327458962, -8.716717600063271, -65.53731781857228, 42.407685958794474, -40.659238839978414, 13.416723199157138, -3.51313622126085, 2.8425865280362297, -1.0658522435763278, 0.29429218457587847, -25.582148260480572, 14.803714491786996, -11.301573639581903, 7.780727570759087] 
[2.8169930329329427, 3.5321703450325277, -2.757177789586076, 1.3413448668637358, 0.4839709350783303, 3.2670853544709626, -1.5778883884922, -2.9217682418342807, -6.180681003978748, 4.954659452575979, -0.23400194669780827, -1.9890823432412654, 5470.166581150771, -36793.75188267693, -384.26207168720276, -6440.1253154333635, -4942.073585201052, 174505.9026875174, -52805.348702277835, -101357.2592971581, 5190225.744267239, 44870.3970686294, 28877.83070901325, -441273.3818657588, 2.417819938635195, 6.0182342062799545, 0.003859638947703567, -5.747908949721887, -5.204452772483874, -4.677932008997842, -3.4418031493983583, 9.146552162843554, -0.20228659231226886, 1.0515322760295898, 5.431706545830057, -8.847981607991091, -65.61795218020119, 42.26622381162091, -40.831161335351055, 13.455323417904312, -3.5878180797764423, 2.787137161251221, -0.7218365120352171, -0.0500395661604095, -26.053704559621615, 14.745662046534367, -11.36646174698748, 7.730940486339756] 
[3.122801033636704, 3.837978345736289, -2.4513697888823147, 1.6471528675674971, 0.17816293437456893, 2.9612773537672012, -1.8836963891959613, -3.227576242538042, -5.8748730032749865, 4.6488514518722175, -0.5398099474015696, -2.294890343945027, 5473.173072051937, -36795.86163455823, -382.08763149440546, -6439.802824833462, -4940.661089985035, 174486.38209815457, -52805.042878895285, -101363.69067084603, 5190196.537314749, 44870.72155248129, 28872.14281760534, -441273.0156311567, 2.6715492219261843, 5.830607671990438, -0.2084257800110142, -5.499935331547715, -5.130723114506672, -4.9764358164716, -3.784785968292811, 9.492031698577573, 0.11369783227800007, 1.145038909422157, 5.157720448852498, -9.537886105464235, -65.81668690143832, 40.421433677048235, -38.85607715340195, 13.083631396303193, -3.375774877965147, 2.4838251315430506, -0.33645264345852033, -0.12195103878822448, -29.239923429164524, 14.35541808398371, -11.672987563851443, 8.03271585096749] 
[2.8318075240270533, 3.5469848361266383, -2.160376279272664, 1.9381463771771479, 0.4691564439842197, 2.6702838441575505, -2.174689898805612, -2.9365827329283913, -6.165866512884637, 4.357857942262567, -0.24881643779191887, -2.003896834335376, 6297.32253893381, -36796.56886164894, -381.36983512576535, -6439.51012812191, -4949.926157533212, 174495.429629248, -52805.36433082568, -101324.23379445585, 5190198.383048145, 44871.01372390569, 28873.24436386018, -441273.53419689514, 2.967610033122796, 5.531450569022224, 0.07862932096890751, -5.337523365948354, -4.984245058480232, -5.307387437859593, -3.987955095300013, 9.234868296386205, -0.12319317599980248, 0.2026268552587399, 4.3056639706917315, -10.27813249047244, -67.23952829238988, 39.99140312586476, -39.10802404904126, 12.630539673009023, -2.9355962615617988, 2.1647492068459853, -0.5599187260314109, -0.2609222826202516, -30.900578616461786, 13.644156961037693, -12.167900125813219, 7.5833377337670225] 
[2.9266866446541906, 3.6418639567537756, -2.2552553998998013, 1.8432672565500106, 0.37427732335708236, 2.575404723530413, -2.2695690194327494, -3.0314618535555287, -6.260745633511775, 4.262978821635429, -0.3436955584190562, -2.0987759549625133, 6298.343447510169, -36795.958843609216, -381.2324984806486, -6439.401198860035, -4950.390283906385, 174494.96941723247, -52805.50436461877, -101326.52315278324, 5190191.457902951, 44870.9058437673, 28874.808928166527, -441273.4190331532, 2.867666759801897, 5.6309009774512155, 0.03250047681548127, -5.175726100300689, -5.1101421372616525, -5.429877747884814, -3.891898110633637, 9.171317096189735, -0.20573773879613727, 0.21058774735598962, 4.206212730509515, -10.454423017975325, -66.50161191968243, 40.09300033290078, -39.283101513030005, 12.847885149590029, -3.111386737722176, 2.008063650237458, -0.2880576121520855, -0.5900912522854442, -29.40495556470744, 13.422732251961982, -12.358501040988367, 7.40778469942066] 
[2.9133974667248888, 3.6285747788244738, -2.268544577829103, 1.8565564344793124, 0.3875665012863842, 2.588693901459715, -2.282858197362051, -3.018172675626227, -6.247456455582473, 4.276267999564731, -0.35698473634835803, -2.0854867770332115, 6298.05123606223, -36796.01660326142, -381.21035925479595, -6439.386872121278, -4950.290861150784, 174494.9232333737, -52805.481694298105, -101327.62326518618, 5190165.0619139625, 44870.922224540955, 28874.691892373325, -441273.43684237305, 2.8789431904467864, 5.618828392356115, 0.02983247060065896, -5.15476236371531, -5.132577227627758, -5.443407914976334, -3.906150059819942, 9.16202624750888, -0.19143184994263218, 0.22014523911610662, 4.19905631690534, -10.480289465071317, -66.36675729771765, 40.055413884250044, -39.295244182843334, 12.839965797180083, -3.1187319592754443, 1.9937637035994646, -0.29652581957787394, -0.6055647957826081, -29.647320720988123, 13.461193517837348, -12.31964155262205, 7.441908957698137] 
[2.799786957925005, 3.51496427002459, -2.1549340690292196, 1.970166943279196, 0.27395599248650065, 2.7023044102595986, -2.1692476885621677, -3.1317831844261104, -6.361066964382356, 4.162657490764848, -0.4705952451482416, -1.971876268233328, 6300.271256733263, -36795.49780415063, -381.01688142391436, -6439.263454854606, -4949.495469972347, 174494.51128635224, -52805.283446633526, -101320.12684665792, 5190254.097823146, 44870.78393749175, 28873.761541491658, -441273.58678865124, 2.7490966478679137, 5.4860887131403056, 0.057258124965158363, -5.366129658905717, -4.951401357732669, -5.2117075752455655, -3.781434798815858, 8.962905129270293, -0.319252696081558, 0.3029765546726789, 4.138145221412131, -10.69808933370028, -65.41720910271043, 40.127163898479054, -39.12878711857159, 12.752381890164358, -3.166997220639697, 1.8415041881024015, 0.006880026606150114, -1.0026323513136646, -27.439270796169335, 13.39439675096591, -12.186319744206877, 7.690754405817974] 
[2.4824472596185467, 3.1976245717181317, -2.472273767335678, 2.2875066415856544, -0.04338370581995782, 3.019644108566057, -2.486587386868626, -2.814443486119652, -6.043727266075898, 4.479997189071306, -0.1532555468417831, -2.2892159665397864, 6297.446733109984, -36797.882964389355, -380.5608480595645, -6438.889588231742, -4945.159812347111, 174492.75682807164, -52805.74833053488, -98022.15212873217, 5190306.52208119, 44870.34745412732, 28875.305120929846, -441273.2123809175, 2.3540172399626345, 4.9991704356595354, 1.0364584542504793, -4.652397906063703, -5.953640918823718, -5.0039575838888535, -4.134372906901898, 9.247238776813793, 0.008741768109108095, 0.5612816664634422, 4.032811972881966, -10.240236101478837, -66.98991684712256, 40.86779444748066, -39.69637876452125, 13.082102653728274, -2.9560272560067653, 2.221073444392072, -0.17562249174496772, -1.3396650605412668, -30.730663836291914, 13.136805449380628, -11.884965110212354, 8.406803880504398] 
[2.3023414658943695, 3.0175187779939545, -2.6523795610598553, 2.4676124353098317, 0.1367220879042194, 3.1997499022902343, -2.6666931805928034, -2.994549279843829, -6.223833059800075, 4.660102982795483, -0.33336134056596034, -2.109110172815609, 6296.966559302757, -36855.309319434105, -380.09299298314824, -6439.206412617215, -4849.4080279272275, 174504.9278870862, -52805.262974928, -98020.40797250859, 5190309.723817741, 44870.53764793455, 28867.576569968645, -441272.8946098138, 2.1842181140532118, 5.168392779569911, 1.126386116277302, -4.819030876965052, -5.766328889035562, -5.161173323215335, -3.886251258697498, 9.468588049717535, -0.2328091523822888, 0.6963412726431075, 3.906866016365524, -10.604162151206843, -66.75870068943989, 41.03699956845186, -39.540394039223536, 13.214907846038765, -3.274345063662113, 1.9967764154834402, -0.5142513694032931, -0.9621879805877805, -29.70231736358243, 12.418932315504327, -12.61281248394173, 8.021171711919745] 
[2.334229622893404, 2.98563062099492, -2.6204914040608207, 2.435724278310797, 0.168610244903254, 3.231638059289269, -2.634805023593769, -2.9626611228447945, -6.25572121679911, 4.628214825796449, -0.30147318356692576, -2.0772220158165746, 6296.908973358401, -36857.391404288515, -379.948595229254, -6439.1245435422015, -4847.69146462947, 174495.48920404504, -52805.110455979775, -98021.89346626551, 5190300.660961218, 44870.50567244177, 28867.278754909872, -441272.9378685249, 2.1424479326363026, 5.211649291192286, 1.1397133096242769, -4.860341937442988, -5.721511934708799, -5.125176657621365, -3.9233446096860054, 9.506985163174706, -0.2688549031518175, 0.5994754026423778, 3.812996760846221, -10.712617460605859, -66.71884204500837, 41.07290943160916, -39.51316389668237, 13.243189049313335, -3.340217629384497, 1.9589874399485396, -0.5024438066457051, -0.7897751252005382, -30.16353502021399, 12.438265856890268, -12.63711214607212, 7.982607412492201] 
[2.5235804541654128, 2.7962797897229112, -2.431140572788812, 2.2463734470387884, 0.3579610761752627, 3.04228722801726, -2.44545419232176, -3.1520119541168032, -6.445072048071118, 4.43886399452444, -0.11212235229491707, -1.887871184544566, 6296.5462029771825, -36849.54350204547, -380.7125989142469, -6439.57451625936, -4854.415326516709, 174518.90549974836, -52805.91420284187, -98015.91577776607, 5190049.561389346, 44870.31497364262, 28869.426422389675, -441273.1854759438, 2.393806381127084, 4.956984379790372, 1.238303730763719, -5.068494002552953, -5.458539844121424, -5.333754592816153, -3.778379320860479, 9.653171586396416, -0.1006127965581102, 0.5533538930690001, 3.9798963277931563, -10.111976419579664, -66.52194954368551, 40.903918608274715, -39.397791207286964, 13.346609372254362, -3.024280337313779, 2.224135315869064, -0.3071848390977659, -0.3910614135377229, -28.40494481561923, 12.331693157797716, -12.557206210829655, 7.796665563430668] 
[2.5094160355356268, 2.7821153710931252, -2.416976154159026, 2.2605378656685744, 0.3721254948050487, 3.056451646647046, -2.459618610951546, -3.1378475354870172, -6.430907629441332, 4.453028413154226, -0.12628677092470308, -1.87370676591478, 6296.588393752702, -36849.66712646721, -380.74590076745386, -6439.551255486732, -4854.29993958402, 174517.46444368287, -52805.87975744182, -97885.43776293869, 5190050.106611396, 44870.330252972955, 28870.557871475037, -441273.1697863019, 2.386220357292236, 4.9446007863978965, 1.2540244933449953, -5.07147426158298, -5.478125726151427, -5.314052606293043, -3.765902478326492, 9.642146917203146, -0.087231017000024, 0.5656832591134306, 3.972385518171394, -10.176707456325454, -66.50357990800947, 40.89416081359407, -39.36918017288527, 13.311078184062056, -2.9989466378354113, 2.2462843940281383, -0.2936781549892264, -0.3678636539022957, -28.02235164644121, 12.380021312551554, -12.505699149953466, 7.781299445891511] 
[2.4611873339555723, 2.8303440726731797, -2.4652048557390804, 2.308766567248629, 0.32389679322499426, 3.0082229450669917, -2.4113899093714917, -3.1860762370670717, -6.382678927861278, 4.404799711574172, -0.17451547250475752, -1.9219354674948343, 6296.450268062359, -36849.27740799108, -380.85566913835225, -6439.63230202461, -4853.935129587836, 174510.79518353567, -52806.00114497344, -94446.87809504941, 5190052.332865124, 44870.27862879186, 28867.517687671243, -441273.1168469201, 2.409641514615476, 4.977747645311969, 1.141930454830666, -5.204348981385691, -5.3412697457201626, -5.385683303254082, -3.731662935347173, 9.600054360311972, -0.13189525762073584, 0.532810588383694, 4.003942255374378, -10.408171646173617, -66.60033123910269, 40.8289088545891, -39.34327619042832, 13.326587862262116, -2.9637008479324227, 2.189006370828881, -0.48750787531912665, -0.12581555819294266, -26.29909457414849, 12.144784936151046, -12.726563652192064, 7.721674476138329] 
[2.4911706818781107, 2.8003607247506412, -2.435221507816542, 2.3387499151711673, 0.3538801411475327, 3.03820629298953, -2.3814065614489532, -3.1560928891445332, -6.3526955799387395, 4.43478305949671, -0.1445321245822191, -1.9519188154173728, 6296.526026239823, -36849.597102460015, -380.9321863193654, -6439.687080454662, -4853.639118863362, 174509.09950996932, -52806.06853591112, -94431.71572571987, 5190055.371812295, 44870.31163791394, 28866.523139917503, -441273.08284009737, 2.360646982716081, 5.032201250741672, 1.2032210215321735, -5.120565598993312, -5.41211960287842, -5.403442752975353, -3.7098510576971764, 9.575884752251065, -0.1613057011241082, 0.5514008364680639, 3.9787349151419398, -10.547392606786591, -66.56302434954686, 40.807641922774486, -39.40009338738056, 13.4040569261424, -3.0040127691809824, 2.2339552552978903, -0.5095149671297912, -0.17747215244134795, -25.236879709196778, 12.16827752493281, -12.744411837477974, 7.757184652312121] 
[2.76919432457838, 3.0783843674509104, -2.713245150516811, 2.6167735578714364, 0.07585649844726355, 3.3162299356897993, -2.6594302041492224, -2.878069246444264, -6.07467193723847, 4.712806702196979, 0.13349151811805005, -2.229942458117642, 6295.767760421514, -36852.079690303886, -380.27227037884927, -6440.224385429087, -4855.954245207535, 174535.20327426065, -52806.65409710702, -93109.31812529312, 5189997.737208291, 44870.01103749532, 28853.120846115857, -441273.4055066646, 2.8224971794975477, 4.5108532832308335, 0.8700351847909731, -5.463828943380552, -5.599418781448526, -5.047007023329144, -4.195207348873047, 9.103815182864864, -0.45412230138490967, 1.172755361392581, 4.563228859008041, -9.10005159620913, -66.22635773729057, 40.61191989452859, -39.231257049040906, 13.49153733048078, -2.8182783697556846, 1.8991101396648866, -0.6471746193884886, -0.652351442976762, -16.27912045632136, 13.165690440104562, -11.691310259946947, 7.399607933502849] 
[2.821382698865322, 3.0261959931639684, -2.765433524803753, 2.6689619321583784, 0.023668124160321546, 3.2640415614028573, -2.7116185784361644, -2.930257620731206, -6.022483562951528, 4.660618327910037, 0.08130314383110804, -2.1777540838307, 6295.373550080009, -36865.1595833545, -380.57475781467684, -6440.016511299182, -4846.867227971124, 174533.47457517713, -52806.89681776435, -93110.08727677727, 5189996.519315217, 44870.063225878715, 28850.174744885277, -441273.48901946127, 2.90517045156819, 4.426983490792682, 0.765312388812652, -5.606923331107821, -5.480796732837846, -4.997174208997088, -4.2780997739927695, 9.018937460835915, -0.417162693962819, 1.0998005447163237, 4.50182380130742, -8.99915606902565, -65.92615017210893, 40.70702249350185, -39.377181572174855, 13.610217307107726, -2.7237119996147, 1.948818857444022, -0.6752469881475293, -0.7561796151456464, -16.43703622327204, 13.232057320870044, -11.621536036862489, 7.335576239655029] 
[3.17709292034714, 3.3819062146457863, -2.409723303321935, 3.0246721536401964, 0.3793783456421395, 2.9083313399210393, -2.3559083569543464, -2.574547399249388, -6.378193784433346, 4.304908106428219, 0.437013365312926, -2.533464305312518, 6298.963770628378, -36838.32848414373, -377.93882570237616, -6438.300049091083, -4211.75604013214, 174557.31742507912, -52804.84970159047, -93118.17131885012, 5190001.8732103165, 44870.41989118098, 28904.105785738415, -441272.9617887872, 2.4016773773244973, 4.926441554721194, 0.5581463498217387, -5.090025388054292, -6.0410707998779065, -5.324761630524132, -4.031052222189656, 8.8112433959361, -0.13613897817759424, 1.4254600687008918, 4.270861469872178, -8.369777106988472, -68.2254399240006, 40.8551066893715, -38.32602819204355, 12.706376376357357, -3.2958039467858193, 1.5907023203072959, 0.13979254487727033, -2.7046916995193975, -14.492221892755405, 12.579296659385207, -12.15032688958876, 7.732810412372001] 
[3.306769337655038, 3.5115826319536847, -2.5393997206298335, 2.894995736332298, 0.5090547629500379, 2.778654922613141, -2.226231939646448, -2.7042238165572865, -6.248517367125448, 4.434584523736118, 0.30733694800502764, -2.6631407226204162, 6196.024705274638, -36836.03929933636, -378.22920668576467, -6428.770780413568, -4210.810559769337, 174559.7444077792, -52805.10890609105, -93118.62077013717, 5190016.282528036, 44870.26605440858, 28903.381854998064, -441273.3590565772, 2.5255690262623847, 5.092481399163248, 0.32637557914060167, -4.872476912598156, -5.88888267361357, -5.474440992443796, -4.117017741969896, 8.723630968982093, -0.02321966497975632, 1.6489262907881914, 4.512972943204635, -8.2677500425598, -67.94707035007848, 40.73934277311858, -38.52500527016128, 12.554278436221967, -2.589684246215344, 1.3449313986000775, -0.05815318752668838, -2.3803633062882645, -15.103584825318457, 12.289843686311263, -12.447572202182476, 7.58536358640945] 
[3.3580649698320615, 3.562878264130708, -2.590695352806857, 2.9462913685093213, 0.45775913077301467, 2.829950554790164, -2.174936307469425, -2.7555194487343098, -6.299812999302471, 4.383288891559094, 0.2560413158280044, -2.7144363547974395, 6194.127404580627, -36836.43159085432, -378.3890725207198, -6429.631627806157, -4211.026530422294, 174559.3374310709, -52805.1905215227, -93118.90669751937, 5190058.979621049, 44870.32152175605, 28903.942345241747, -441273.60104767676, 2.5859798476387983, 5.171584085106508, 0.38866851724387663, -4.808585020059003, -5.964712189638272, -5.557629120597825, -4.0354173045745245, 8.739609258664522, 0.04959138898732077, 1.600580113672927, 4.549686569168138, -8.196039922479722, -67.78669862544699, 40.67024094853121, -38.41789113976821, 12.615949196417258, -2.7122093931582105, 1.324637844355631, -0.11086454426576292, -2.3410208668821237, -14.837631368214426, 12.253796211352052, -12.419286907096907, 7.629420123348471] 
[3.6610517820335433, 3.259891451929226, -2.8936821650083386, 2.6433045563078394, 0.15477231857153284, 2.5269637425886824, -2.4779231196709066, -2.452532636532828, -6.602799811503953, 4.686275703760576, 0.5590281280294862, -2.4114495425959577, 6200.695105134843, -36834.61976146292, -379.4948557947187, -6421.58632736096, -4209.475219124178, 174562.56010940453, -52805.637857283225, -93121.04352863425, 5188963.006755944, 44870.659847645824, 28899.218291596364, -441271.83571406937, 2.260403904062069, 4.739963514107054, 0.06564328860113683, -5.140729686566042, -5.635963597087534, -5.760568278443368, -4.3352753837753815, 9.111956268938611, 0.24269425132830508, 2.107812598234441, 5.0880035352919, -7.961109033381403, -68.84035342320875, 41.10068839037379, -37.81653947694176, 12.34641164734939, -1.1957632471015003, 0.2531907514542868, 0.4279064758240942, -2.2980577618703992, -12.751283484947118, 11.676805794781295, -12.98241532328137, 7.338962394390961] 
[4.070846854817657, 3.66968652471334, -3.3034772377924524, 3.053099629091953, -0.2550227542125809, 2.1171686698045686, -2.8877181924550204, -2.042737563748714, -7.012594884288067, 4.2764806309764625, 0.14923305524537245, -2.001654469811844, 6199.0321348541665, -36805.20042057274, -372.6888483723717, -6419.7922061666, -4226.719722556588, 174561.32775952923, -52806.717770663694, -93120.02982881392, 5188958.85575644, 44871.06992228627, 28900.675162518666, -441272.7568971781, 2.9075343387074106, 5.410471992053344, 0.5294863370064593, -5.2700786076056305, -6.085586415913883, -6.582092734111684, -5.131210281505382, 8.56916580369521, 0.2502348134535367, 3.1647768531523006, 6.158151814839307, -7.658391906437562, -69.32106897179075, 40.854747971761284, -32.703560483806335, 12.822473022822315, -2.2473423582557386, 1.397822055982255, 1.2618484607438154, -3.8591390679016775, -10.925040407544111, 13.55147109183058, -11.273375088910308, 6.907062444833727] 
[4.1066792616838805, 3.6338541178471164, -3.267644830926229, 3.0172672222257297, -0.21919034734635745, 2.081336262938345, -2.851885785588797, -2.0069051568824907, -6.976762477421843, 4.312313037842686, 0.11340064837914898, -1.9658220629456205, 6198.976310662276, -36805.059294164115, -371.30953766135906, -6424.379872834006, -4226.15666391851, 174561.37684333324, -52807.28582319208, -93120.07499623718, 5188958.936436737, 44871.11352895744, 28899.054202501975, -441272.71349383576, 3.012407024349499, 5.313251646416849, 0.46220762747862876, -5.227374337701149, -6.117575088290729, -6.616603673813206, -5.109499126758441, 8.564934925045408, 0.1998015566810774, 3.0543412783571404, 6.047020822716821, -7.4716566518312195, -69.24659903964346, 40.79924299010937, -32.77366174690652, 12.867957655327803, -2.596815493714198, 1.467579219410409, 1.3071152452680175, -3.8469214192200614, -10.909971668359212, 13.425918455201531, -11.405239100073665, 6.940472129071455] 
[4.126465976931308, 3.614067402599689, -3.2478581156788016, 3.037053937473157, -0.19940363209893008, 2.1011229781857725, -2.8320990703413695, -2.026691872129918, -6.956975762174416, 4.332099753090113, 0.13318736362657635, -1.946035347698193, 6198.947033682136, -36805.14787696852, -370.0576239094588, -6425.666617898711, -4225.738162275644, 174561.40283666507, -52807.52828336921, -93120.0509120613, 5188958.888022266, 44871.09020378764, 28897.508930057036, -441272.69026738475, 3.076472494060907, 5.2531229660651695, 0.42216442192160164, -5.25209566766063, -6.1357626620669325, -6.587301762901867, -5.0868684479941555, 8.497645102193736, 0.273603433887861, 3.1288066052917687, 6.116949786573598, -7.361062019729145, -69.26971266208952, 40.78293262950225, -32.71771665327656, 12.830417469615108, -2.8355048177228914, 1.4989959780888842, 1.3239583963010635, -3.8038461622120283, -10.966155690420143, 13.33806039863923, -11.490695841542143, 6.958344985129014] 
[4.184753655003946, 3.555779724527051, -3.3061457937514396, 3.095341615545795, -0.14111595402629207, 2.1594106562584106, -2.8903867484140076, -2.084979550202556, -7.015263440247054, 4.390387431162751, 0.19147504169921437, -2.004323025770831, 6198.863072973231, -36805.429312989014, -375.23879383272845, -6431.019714092166, -4227.223668191793, 174561.48116441778, -52806.899958157774, -93119.97860967528, 5188959.037740127, 44871.022601822195, 28900.81430092925, -441272.75759893836, 3.1367839589739854, 5.272018034195233, 0.35585131876663456, -5.201714257145732, -6.195799219854617, -6.643292339127325, -5.04962973303986, 8.498191213541963, 0.19119599466733336, 2.9222014261809055, 5.917367110545009, -7.011331405244125, -69.20101482467794, 40.81976048329568, -32.54512563762456, 12.756798312597883, -1.9996930213027515, 1.4272018780037798, 1.3893756653822706, -3.8617838114887846, -11.025786426133235, 13.076205441301353, -11.760513642648931, 6.901803254775579] 
[4.040361521742471, 3.4113875912655764, -3.450537927012914, 2.9509494822843205, 0.0032761792351825303, 2.303802789519885, -2.745994615152533, -1.9405874169410815, -7.1596555735085285, 4.245995297901277, 0.33586717496068896, -1.8599308925093565, 6199.056499470975, -36806.32082783019, -380.619690251102, -6363.472061505651, -4219.9244554534425, 174561.68990112873, -52804.563067265284, -93119.78814619835, 5188959.360923392, 44871.18306438498, 28904.801180861363, -441272.5822674534, 3.0962184192858713, 5.153942785290837, 0.22444125008077104, -5.339648236786356, -6.04519808753294, -6.776984451832204, -4.95864826063431, 8.158487218177882, 0.505604127359509, 2.5760170040772126, 5.53799716329881, -6.3300631659943045, -69.36361106297358, 40.75570966489508, -33.042608290499395, 12.601740014737095, 2.8359248557539862, 1.585539756134065, 1.605818368927602, -4.230534468101518, -10.678485698680895, 13.04204316196604, -11.649677817373805, 7.07958272939829] 
[3.9908281522053324, 3.3618542217284375, -3.500071296550053, 3.0004828518214595, 0.05280954877232147, 2.353336159057024, -2.696461245615394, -1.9901207864782204, -7.11012220397139, 4.196461928364138, 0.28633380542355, -1.8103975229722176, 6198.975615691706, -36807.01808549402, -380.0838980525627, -6364.85156627065, -8834.843841850598, 174561.77958742063, -52804.896619890795, -93119.84512202941, 5188959.277049468, 44871.12097682577, 28904.345191143184, -441272.5283509397, 2.975581063304132, 5.284545571222473, 0.14564771913258887, -5.264861918150482, -6.097822840239924, -6.8063812855935995, -4.927590241713576, 8.262899626415473, 0.402906595247459, 2.5924746904566423, 5.496112856135597, -6.553311541387552, -69.24660278980481, 40.659186795967464, -32.761445082439664, 12.676350886542679, 3.4010620019749296, 1.653147765900302, 1.640881261096197, -4.294119966191386, -10.708363371781585, 13.082917919597852, -11.70941440439261, 7.028252986400515] 
[3.97418557767351, 3.3784967962602597, -3.5167138710818753, 3.0171254263532816, 0.036166974240499306, 2.336693584525202, -2.713103820147216, -1.9734782119463983, -7.0934796294395674, 4.179819353832316, 0.3029763799553722, -1.8270400975040397, 6199.005141390104, -36807.36672591588, -380.2190983248763, -6364.010189308261, -8840.816936021982, 174561.81268337235, -52804.80685223363, -93119.86507155394, 5188959.30778419, 44871.14297294228, 28904.13656116752, -441272.5107151432, 2.9366222887380578, 5.322063351465098, 0.16397801917468607, -5.2859167930910935, -6.111857666697951, -6.816950484480642, -4.915873189830712, 8.275797719121085, 0.40731856579629994, 2.5566865792410316, 5.4617410673995215, -6.474698465636297, -69.21918404117265, 40.665573122950114, -32.671491618657015, 12.65746872230255, 3.110513082608052, 1.6761286076172626, 1.6570484210400263, -4.273415850882115, -10.690882328062447, 13.13985173603701, -11.644277121081192, 7.04259158212891] 
[4.008179440016472, 3.3445029339172976, -3.482720008738913, 3.0511192886962437, 0.0701608365834614, 2.30269972218224, -2.679109957804254, -1.9394843496034362, -7.1274734917825295, 4.213813216175278, 0.3369702422983343, -1.8610339598470018, 6198.943009555142, -36806.749569604886, -379.96586294463333, -6361.804550722258, -8814.81740431937, 174561.74724713256, -52805.00376111027, -93119.82490983498, 5188959.372548483, 44871.188774970884, 28903.754693834147, -441272.54704254237, 2.9625372623590374, 5.3377202498587994, 0.18910694564395747, -5.26311125488469, -6.081649461266481, -6.883240506954199, -4.990786625621566, 8.348223566890828, 0.3392003228294936, 2.6259952425587985, 5.544198361505474, -6.306735855558595, -69.26617895391283, 40.630213695158695, -32.497583018946024, 12.692366725645371, 3.860991620404536, 1.614811681682128, 1.7170161636705357, -4.1765319187763845, -10.76258955242194, 13.242074158844849, -11.502691857798137, 6.99769720060251] 
[3.633212873629197, 2.969536367530022, -3.1077534423516378, 2.6761527223089683, 0.44512740297073683, 1.9277331557949644, -2.3041433914169787, -2.3144509159907116, -6.752506925395254, 3.8388466497880023, -0.03799632408894116, -2.2360005262342773, 6198.297441885025, -36815.98278543388, -376.6156589037051, -6407.73877069495, -8738.518947127019, 174562.424824772, -52806.88736319785, -93120.25584760887, 5188958.701472137, 44871.67489319408, 28907.1848193179, -441272.1386271868, 3.1338109195901294, 5.679996332236794, -0.4263250487272767, -4.652653495866285, -5.64124554046181, -6.222896249021401, -4.258541698003156, 7.498776815442005, 1.2486197502300964, 2.9409513443142505, 5.228190826535948, -7.97418943970392, -69.69017461477718, 40.16417175386639, -30.226008684707825, 11.97580523276314, -3.5865963151932254, 0.9489367463760923, 2.240639863515252, -3.9642083285488083, -10.47487632700369, 13.477300077705863, -11.780864455832987, 7.5318544185458975] 
[3.503515747479237, 2.839839241380062, -3.2374505685015977, 2.8058498484589283, 0.31543027682077684, 1.7980360296450044, -2.1744462652670187, -2.4441480421406716, -6.882204051545214, 3.7091495236380423, 0.09170080206101885, -2.1063034000843173, 6198.879471974923, -36820.40743650316, -263.3089395016184, -6408.3826340876985, -8739.218526547089, 174562.27709174925, -52806.65238638885, -93120.49527588979, 5188959.335506767, 44871.989454080875, 28817.306240547372, -441272.34814060625, 3.390116483339262, 5.407822395250756, -0.26079327710055356, -4.550553946218211, -5.530707814849621, -6.169722651619221, -4.385065998321637, 7.3714994774929155, 1.1977565241200658, 3.010934309672877, 5.139682724117118, -7.76800329084996, -70.18203645464014, 40.05279374848879, -30.888671244596843, 11.818754856913758, -3.321630105181116, 0.7866147081411239, 2.2320454618767096, -4.0317394558411275, -10.543030707600861, 13.285110707528512, -11.7220708429343, 7.72168682454285] 
[3.451782137433576, 2.891572851425723, -3.2891841785472584, 2.7541162384132676, 0.3671638868664375, 1.849769639690665, -2.2261798753126794, -2.392414432095011, -6.933937661590875, 3.6574159135923816, 0.14343441210667954, -2.0545697900386566, 6198.46681785364, -36820.9931567353, -257.6615538890254, -6407.906050071432, -8738.680978035278, 174562.3315915028, -52806.7287152947, -93120.36986087763, 5188959.498238716, 44871.81043596841, 28811.13682262347, -441272.41808707453, 3.4708710008375148, 5.319184289096935, -0.335235828874359, -4.626461105704715, -5.463178837944036, -6.281302574939716, -4.502306857385163, 7.307921128798925, 1.1677275867643053, 3.0353561423743174, 5.1018036930152135, -7.8899375046747835, -70.56490525865038, 40.17028559241915, -30.62048295978782, 11.789208202649565, -3.3874564253646904, 0.7111729124077082, 2.388860410975468, -4.181001308832626, -10.613475231140603, 13.365858225292573, -11.781519580234576, 7.777192723067639] 
[3.125012183019213, 2.5648028970113597, -3.6159541329616216, 3.0808861928276308, 0.040393932452074344, 1.522999685276302, -2.5529498297270425, -2.719184386509374, -7.260707616005238, 3.3306459591780184, -0.18333554230768365, -1.7277998356242934, 6194.959607312477, -36826.330946554204, -242.55118663057283, -6410.194788128429, -8741.2168440456, 174562.68517281223, -52807.248590670075, -93121.07439233972, 5188958.607798348, 44870.46734357858, 28827.129300417746, -441272.8350659638, 3.721188457580255, 5.571856525107408, -0.06190173015485717, -5.0304901645326705, -5.014070740691684, -5.468888517344948, -3.7150549261096226, 7.709522675507045, 1.5607671193750787, 3.4689674661308625, 4.879080046408734, -6.908643234231555, -68.16133092341906, 39.19787161605346, -28.69908392994994, 11.632728476408756, -3.807344111967709, 0.9914824667919782, 3.0695938262214493, -5.27949652478153, -9.91129733140005, 14.196397763052639, -11.228146278711357, 7.451718509884552] 
[2.9359391537870616, 2.3757298677792082, -3.42688110372947, 2.8918131635954794, -0.14867909678007707, 1.3339266560441505, -2.363876800494891, -2.5301113572772227, -7.449780645237389, 3.51971898841017, 0.005737486924467766, -1.9168728648564448, 6882.780995054748, -36826.96671863822, -243.45740621711022, -6461.56286634672, -8625.276780586333, 174562.8746784411, -52807.86189974239, -93122.1993867444, 5188958.882841198, 44865.113800871535, 28832.817928416363, -441272.64125459077, 3.530195221396414, 5.714118795334928, -0.14962825287732318, -5.183190678881411, -4.824675054649112, -4.37601739791661, -2.627025132324911, 7.893456228541219, 1.3294963109227207, 3.473402772072922, 4.584401878841893, -3.4578905650442535, -68.80244812567099, 39.752584509709635, -29.428487465253333, 11.83407620376067, -3.600360414036294, 0.8101645967425262, 3.2562651463494574, -5.172666071905579, -10.207335271741867, 13.84690248553304, -11.024923772938207, 7.662698952607848] 
[2.944804540979857, 2.3845952549720035, -3.418015716536675, 2.882947776402684, -0.1398137095872818, 1.3250612688513552, -2.3727421876876864, -2.538976744470018, -7.440915258044594, 3.5108536012173746, 0.014602874117263048, -1.92573825204924, 6882.568398244304, -36826.948267133, -243.5693355195155, -6461.70795547274, -8624.872762938192, 174562.86529642652, -52807.87990718339, -93122.17248679877, 5188958.8723536795, 44865.04875468839, 29102.132006278287, -441272.63123648934, 3.5381338706624716, 5.709636167890062, -0.14256727224167906, -5.173142914897267, -4.814141509264906, -4.369075016087961, -2.63001966353052, 7.885403922486051, 1.3020696713337963, 3.447331133176057, 4.589513240171654, -3.5202555984732973, -68.85476737261153, 39.70742932669505, -29.378915248285935, 11.841760095204908, -3.6079707253023714, 0.8272105034541045, 3.246237249411059, -5.160996515596374, -10.208341657487871, 13.854694626369437, -11.018075605932427, 7.672251870962223] 
[3.291675387120848, 2.7314661011129946, -3.071144870395684, 3.229818622543675, -0.48668455572827285, 0.9781904227103642, -2.7196130338286775, -2.885847590611009, -7.094044411903603, 3.8577244473583656, 0.3614737202582541, -2.272609098190231, 6891.642077690967, -36827.68376369336, -238.9123059105794, -6467.010277284447, -8607.012001366242, 174563.2339863358, -52807.16242445119, -93121.09277258541, 5188958.458852115, 44862.38600247689, 30728.886395888207, -441273.0257581373, 3.864616942417878, 5.2224592545537565, -0.6442527409190858, -5.5352749157578405, -4.464958538161314, -5.294780355056038, -3.5955671648763055, 8.220645736591784, 0.2658953189108031, 2.3195316251780342, 4.081961137842092, -5.810862498118919, -66.96387525065035, 39.481009643469235, -29.847788704365996, 11.325088404839589, -4.072606459033435, 1.1798840022258248, 2.738887196725745, -5.367471783086899, -9.480436128782321, 14.556946002474021, -10.50386746780971, 8.03948892878261] 
[3.0918143422889957, 2.931327145944847, -3.271005915227536, 3.029957577711823, -0.28682351089642055, 0.7783293778785119, -2.9194740786605298, -3.0857086354428613, -7.293905456735455, 3.6578634025265133, 0.5613347650901064, -2.4724701430220835, 6882.702233582385, -36828.94089422257, -279.2500922417502, -6492.753469300626, -8607.925687769855, 174562.9435119108, -52805.970969108486, -93117.96955107889, 5188958.078490391, 44861.92223930272, 30730.484382785624, -441273.3684573872, 3.691930773963926, 5.4431928865325, -0.8808153408252111, -5.319063212689001, -4.7303719742654255, -5.424349457977686, -3.363651052088775, 7.950509793301294, 0.41956522325262635, 2.234844022036776, 3.951997654693022, -6.179655347187904, -66.50098672376748, 39.755897122491895, -29.384310677135364, 10.869942209801236, -3.821492685131809, 1.3878333187972651, 3.0006341396219813, -5.607321159992148, -9.094673666470564, 14.55432603054423, -10.814413731052147, 7.746275357813034] 
[2.961565653523583, 3.0615758347102595, -3.4012546039929488, 2.89970888894641, -0.15657482213100793, 0.9085780666439245, -3.0497227674259424, -3.215957324208274, -7.424154145500868, 3.788112091291926, 0.691583453855519, -2.602718831787496, 6935.310232275557, -36825.95106054919, -271.4294640328987, -6482.258603685728, -8609.553057255915, 174563.20774477476, -52803.28712306727, -93159.7189532399, 5188958.259952708, 44861.38773400576, 30730.944039197697, -441273.029946482, 3.826825421004256, 5.553466389954442, -0.7568160234714955, -5.454580631879735, -4.587518987020756, -5.320179098951497, -3.441902166052723, 8.09317968435085, 0.6333847469190151, 2.507223510722738, 3.6649853873884903, -6.449504017835847, -66.04037778369722, 39.57361097903473, -29.22865621236122, 11.027247676764656, -3.970294427304212, 1.2112333224410123, 2.837006286868824, -5.738083569007097, -8.88994668332974, 14.696575689960152, -10.578350042107422, 8.128271647900975] 
[3.348969802733879, 2.6741716854999638, -3.7886587532032445, 3.287113038156706, -0.5439789713413037, 1.2959822158542202, -2.6623186182156466, -3.6033614734185697, -7.036749996290572, 4.175516240502222, 0.30417930464522325, -2.2153146825772003, 6923.226924281237, -36886.58681516635, -265.55280706825465, -6489.010678946954, -8593.620982850207, 174563.830643468, -52849.31702836947, -93089.53599617249, 5188958.7287666565, 44860.32021124063, 30731.89651282699, -441274.50104649964, 3.4539232659014125, 5.151840183476686, -1.1903224469285185, -5.944178100446255, -5.073157195583631, -6.474213509129723, -4.6151800387939375, 7.642239346297252, 1.350277602302858, 3.213295496242135, 3.596880867769288, -6.9322789193560475, -65.1814197045494, 40.27557231731759, -28.539112973003366, 10.432434661863532, -3.6238751632243935, 1.824976650121204, 2.0676511654743015, -6.174941562811021, -9.345511158539665, 14.345407608241242, -11.211104119404828, 7.172693251121369] 
[2.9889311623379493, 3.0342103258958932, -3.428620112807315, 2.9270743977607765, -0.9040176117372332, 0.9359435754582908, -3.022357258611576, -3.2433228330226402, -7.396788636686502, 4.535554880898151, 0.6642179450411527, -2.57535332297313, 6931.719939738897, -36884.81346342974, -264.562127483092, -6506.1332579486525, -8594.965150266866, 174563.44198368548, -52847.623889026974, -93087.72219118122, 5188957.959762284, 44859.83262994766, 30735.910035448742, -441275.0644668362, 3.0136218469763305, 4.661539464322384, -1.4363759339372852, -6.420251195796256, -4.429368126075184, -7.299404173265876, -5.431919343432164, 8.389849588061086, 1.947882353755463, 3.7659737168161094, 3.936374877422756, -7.229409821341553, -62.372882698462554, 40.69775470406672, -29.02101540984753, 11.387681672703394, -3.226721589179283, 1.4078089276276162, 2.4739492788254367, -6.4394210459561565, -8.806016463086108, 15.486397873670752, -12.423536410766149, 3.8427738564324487] 
[2.9837834389058093, 3.039358049328033, -3.433767836239455, 2.9322221211929165, -0.8988698883050932, 0.9410912988904307, -3.017209535179436, -3.2484705564547802, -7.391640913254362, 4.530407157466011, 0.6693656684732927, -2.58050104640527, 6931.497335899297, -36884.36531745659, -264.49789900185147, -6506.246852824144, -8594.973486527713, 174563.43404311204, -52847.26008799575, -93087.22306048739, 5188957.953368696, 44859.8273178372, 30735.896488901817, -441275.0465798543, 3.0086045902571543, 4.6558506371141535, -1.4291483734862402, -6.4121756721911, -4.419792227181998, -7.287766264967051, -5.424388154442254, 8.396472226458705, 1.9626740972578298, 3.7606209225369924, 3.92197453473508, -7.2373859515788865, -62.241584730318415, 40.69364875054304, -29.017801655049496, 11.422971556702148, -3.223089262048553, 1.4120254640876186, 2.465863845642566, -6.433132973967881, -8.810985645951263, 15.475601692065512, -12.414808255261862, 3.852807779719702] 
[3.0376800546648104, 3.0932546650870343, -3.379871220480454, 2.9861187369519175, -0.9527665040640942, 0.8871946831314297, -3.071106150938437, -3.194573940695779, -7.445537529013363, 4.47651054170701, 0.6154690527142916, -2.634397662164271, 6933.679588215704, -36889.53994686939, -263.84826574767135, -6507.494482205455, -8595.06148097347, 174563.5165561269, -52850.7617921424, -93091.95936821004, 5188957.886085772, 44859.8830395282, 30735.75649993783, -441274.8562278611, 3.066682606244831, 4.60230393693588, -1.4944382547377073, -6.4759266135459965, -4.38505491826264, -7.351961202494797, -5.502417151779081, 8.439576826333084, 1.8559456011241509, 3.840083210219946, 4.047947425025618, -7.28671211862113, -60.93746063181917, 40.76380896689724, -28.94509119921523, 10.994062015180747, -3.187925712259122, 1.4381404170368526, 2.5090788753607742, -6.501326450336874, -8.87998344241443, 15.43297992338454, -12.468731403173914, 3.9777401239204213] 
[2.8447208313120376, 3.286213888439807, -3.572830443833227, 2.7931595135991447, -0.7598072807113214, 1.0801539064842025, -3.26406537429121, -3.387533164048552, -7.25257830566059, 4.283551318354237, 0.4225098293615188, -2.441438438811498, 6951.61423538996, -36972.186866708624, -260.38464397494556, -6515.541826144529, -8594.770993583017, 174563.19554312524, -52811.85969819439, -93160.76546601884, 5188958.115186416, 44860.08714589343, 30736.33539505549, -441275.6740908636, 2.892516093054772, 4.785016264774158, -1.2333530385496778, -6.201782372170393, -4.73980750637545, -7.800234761792117, -5.786321582628237, 8.644765130226189, 2.042804360475456, 3.703927905134877, 4.108109664098029, -7.501873726829737, -72.72931799553864, 40.6392220258737, -28.65380137605904, 9.188112005699285, -3.835465941300702, 2.1460378508100186, 2.3010996896193108, -6.227107308498345, -8.692092300265394, 15.809616005849712, -12.8277057738069, 4.4269992095745] 
[3.1357531027243573, 2.9951816170274874, -3.8638627152455465, 3.0841917850114644, -1.050839552123641, 0.7891216350718828, -2.9730331028788903, -3.6785654354608717, -6.96154603424827, 3.9925190469419176, 0.7135421007738385, -2.7324707102238177, 6955.015178959629, -36986.199086202905, -262.0503476563019, -6513.045224882469, -8595.38444178145, 174562.82145484415, -52831.35971178008, -93155.85576458051, 5188957.687116075, 44860.43901715621, 30734.604520129476, -441276.3750889862, 2.5046947881052457, 4.391596053770091, -1.7239162618187736, -5.768266477044434, -4.560164879134911, -8.387530943431445, -6.434746859838689, 8.82510874444403, 2.6860229273354004, 3.493977752944921, 3.405229324093253, -7.990093368096068, -70.73964154088166, 40.794698867265204, -28.275634806735003, 7.9905543250203355, -3.6739776641680035, 2.248292760553754, 2.5698342884525247, -6.696147805193405, -8.886346446580996, 16.008797167621616, -12.685557483960329, 4.72449550901647] 
[3.1925297919383455, 3.0519583062414757, -3.9206394044595347, 3.027415095797476, -1.1076162413376294, 0.8458983242858711, -2.916256413664902, -3.6217887462468834, -7.0183227234622585, 4.049295736155906, 0.7703187899878268, -2.6756940210098294, 8620.022353615686, -36988.86673013146, -261.9204356195024, -6530.296061745044, -8595.459827673785, 174562.93416885549, -52833.37705754792, -93155.63878659457, 5188957.831300499, 44860.53944629282, 30734.4719853985, -441276.7338721143, 2.5611858822493776, 4.4429169233546135, -1.6612344514384914, -5.839881197710387, -4.705322455475189, -8.530999168543513, -6.42799557750614, 8.866118469041677, 2.7167552042916383, 3.5568627175941745, 3.486812088657692, -8.093164182598436, -70.57963627060064, 40.72156910791336, -28.34050646413391, 7.89169714782755, -3.9093228448357324, 2.48620027145916, 2.4085430276920845, -6.8384511019399685, -9.02298215230141, 16.090299476968653, -12.633154104254647, 4.7907971657309965] 
[3.469404254397607, 2.7750838437822143, -3.6437649420002733, 2.7505406333382147, -1.3844907037968908, 0.5690238618266097, -2.6393819512056407, -3.344914283787622, -6.741448261002997, 4.326170198615167, 0.4934443275285654, -2.398819558550568, 8726.826829536109, -36954.31280585168, -261.35956220938385, -6508.965148412507, -8595.113896270053, 174563.42827639394, -52838.92310952498, -93156.93622613423, 5188958.446818017, 44860.98523507341, 30733.901019466837, -441278.10587001365, 2.850019065924506, 4.721522508344651, -1.8894356682457631, -6.040747782742145, -3.851220973821719, -7.562698047672462, -5.846396309204825, 9.264424930299834, 2.1943511116541767, 3.1174688569647437, 3.88307982543251, -7.9024756439670565, -69.640022138671, 40.42163282806618, -28.63186171719838, 8.41310999114269, -2.748204350900773, 1.296833637327474, 3.1792481791092313, -6.188654180724349, -8.545590653687437, 16.248534466507767, -12.306833598296055, 5.193922374677723] 
[3.488556145846167, 2.755931952333654, -3.624613050551713, 2.769692524786775, -1.403642595245451, 0.5498719703780495, -2.6202300597570805, -3.325762392339062, -6.760600152451557, 4.307018307166607, 0.5125962189771256, -2.4179714499991283, 8726.64208328515, -36954.16367183003, -261.27689668536226, -6508.833324487797, -8595.133728610068, 174563.36230731677, -52838.8404555653, -93156.4665080229, 5188958.348959372, 44860.96291627458, 30733.815655549395, -441278.0640012333, 2.862980555655336, 4.700497787259274, -1.8689276811406106, -6.021257376126746, -3.922289393914171, -7.6364437397693905, -5.8773428879331675, 9.297496178344097, 2.2337501674537688, 3.1686201675829184, 3.830652287883611, -7.868353347496163, -69.74285839994054, 40.414645105192996, -28.618262725638022, 8.359045684236662, -2.8265284087668987, 1.3700845334238387, 3.2537012976768422, -6.307320321154589, -8.521343685114708, 16.230197999503712, -12.312967934338772, 5.223357376300591] 
[3.2675350219431794, 2.5349108284306663, -3.4035919266487253, 2.548671400883787, -1.1826214713424632, 0.3288508464750617, -2.8412511836600682, -3.104741268436074, -6.5395790285485695, 4.528039431069595, 0.7336173428801134, -2.1969503260961405, 8728.553538003318, -36952.60173935201, -262.30147311902897, -6507.159551190957, -8595.361042022929, 174564.17164807403, -52839.73143295966, -93149.8760893186, 5188957.302091595, 44861.22464059526, 30734.734536977954, -441277.5598243206, 2.6549918535296984, 4.782331468703312, -1.5711588829673422, -6.2505849628354, -4.7436427138308455, -8.487926382831057, -6.194693110715632, 9.61393716476602, 2.032980905936501, 2.8869265265652087, 3.7885922314835105, -8.143065104954877, -71.07388243820121, 40.832230551564365, -28.2147041514025, 7.738448520938146, -1.7906985621400275, 0.24280565844550872, 4.383487903468863, -7.8662137209618335, -8.238455911820843, 16.0156421199419, -12.384190730589188, 5.553323222386068] 
[3.256458514598955, 2.523834321086442, -3.41466843399295, 2.5597479082280117, -1.1936979786866877, 0.3399273538192862, -2.8301746763158437, -3.1158177757802985, -6.550655535892794, 4.539115938413819, 0.7446938502243379, -2.208026833440365, 8729.255569387356, -36952.56766458886, -262.46657905437513, -6507.124077060825, -8595.373970721717, 174564.2778462411, -52839.85798531664, -93158.03612033922, 5188957.4743282255, 44861.236102230854, 30734.75924413513, -441277.5429539473, 2.6646469357848424, 4.766496928658152, -1.586740100483495, -6.267547586713078, -4.789879613518631, -8.53278565608582, -6.202741211060794, 9.602034779023203, 2.023043749601106, 2.9162169990958127, 3.763415467604456, -8.156408592852944, -71.0268832636318, 40.845316559002065, -28.228786244296384, 7.76898976004378, -1.7897787860343755, 0.22755474460643402, 4.520359973001279, -8.047997095930707, -8.254192302764022, 16.00521203682976, -12.38498136901086, 5.610729158077833] 
[3.222306641987232, 2.489682448474719, -3.380516561381227, 2.5255960356162888, -1.2278498512984106, 0.30577548120756326, -2.8643265489275667, -3.0816659031685756, -6.516503663281071, 4.573267811025542, 0.710541977612615, -2.242178706052088, 8731.855390517447, -36952.669463593826, -261.99704155308905, -6507.010999948861, -8595.41347956242, 174563.97063658305, -52839.49422753715, -93209.4543911703, 5188957.963256278, 44861.27130034184, 30734.684894360238, -441277.4900879761, 2.6282187195039133, 4.789819285635759, -1.6189785345573904, -6.308190583507344, -4.821831195822756, -8.521026555976958, -6.166030229911629, 9.634233621201329, 2.0623388490256036, 2.8869934696148842, 3.7380243726920654, -8.115343257022415, -71.1788877399696, 40.87049204923929, -28.201697559858026, 7.67368732046734, -1.7539235741584214, 0.2247338842345959, 4.938274130910739, -8.619178423023378, -8.208275735302278, 16.11043473144001, -12.480663512864409, 5.765182759912042] 
[3.333239984731855, 2.600615791219342, -3.49144990412585, 2.636529378360912, -1.3387831940430337, 0.41670882395218634, -2.9752598916721897, -3.1925992459131987, -6.627437006025694, 4.684201153770165, 0.821475320357238, -2.353112048796711, 8748.92044954756, -36952.36808976006, -263.9777589223961, -6507.343314031809, -8595.288403478677, 174562.74648687043, -52838.01366686688, -93178.52719230084, 5188955.888059605, 44861.15819190653, 30734.42413434672, -441277.67104698083, 2.7429045460776877, 4.893268903186091, -1.7258687932172607, -6.173849976240694, -4.857004784978792, -8.439258286730944, -6.277759304993493, 9.541116695658456, 1.961798467751565, 2.781155823849801, 3.692532280068874, -7.992877215372417, -70.73151919801688, 40.77985400537901, -28.290942947466778, 7.9698581957727335, -1.7086125170681024, 0.3067430796014673, 4.553948524257301, -9.343660388188425, -8.313866379878313, 16.466857793924145, -12.813938475230108, 6.171311908521786] 
[3.619438255858685, 2.314417520092512, -3.20525163299902, 2.350331107234082, -1.6249814651698637, 0.13051055282535629, -3.26145816279902, -2.9064009747863686, -6.913635277152524, 4.398002882643335, 0.535277049230408, -2.066913777669881, 8756.808778323639, -36953.44727763843, -261.54175861561237, -6506.1208882292285, -8594.986228903326, 174564.4934615454, -52848.45414184732, -93068.42624656906, 5188958.400750558, 44861.44461769802, 30734.95804066354, -441278.23993640865, 2.401665321378027, 5.365466382631347, -1.2209290802410682, -5.785469450007509, -4.985683980483548, -8.246278867789997, -6.0175431347083705, 9.783147213523419, 2.2393644435553073, 2.5265058684450454, 3.521864856514082, -7.689754096553667, -72.23869308079506, 40.917578405889266, -28.089643114695754, 7.120896033538757, -1.8385147553057242, 0.11576504413452435, 5.27186221258955, -3.0230009333484418, -7.94359233119801, 15.565948336521615, -11.699925276039252, 7.066703770589365] 
[3.707647822770407, 2.402627087004234, -3.117042066087298, 2.4385406741458038, -1.5367718982581418, 0.04230098591363429, -3.349667729710742, -2.9946105416980906, -7.001844844064246, 4.486212449555057, 0.62348661614213, -2.155123344581603, 8757.22588859609, -36953.61010751875, -283.3380738432826, -6506.295262562925, -8595.074697963875, 174569.70170902865, -52842.285235729716, -93070.05065145505, 5188958.146924701, 44861.34708121754, 30734.619009051523, -441278.3539891927, 2.469435823344331, 5.432258722951068, -1.1753631867338274, -5.696659916651717, -5.226709853709942, -8.484677301909587, -6.0919512497816655, 9.712569872406783, 2.0849192715704845, 2.263431988332856, 3.778172502537978, -7.600653079472631, -72.39275323923086, 40.79297676204925, -28.196126214673857, 7.342490533887336, -0.9988346516958427, -0.6642974363473273, 4.378080551364704, -3.5101390789193263, -8.062077211317312, 15.231123268102781, -11.35899010656495, 6.909416010829082] 
[3.6317638096549656, 2.4785111001196753, -3.0411580529718565, 2.3626566610303623, -1.4608878851427003, -0.03358302720180717, -3.4255517428261832, -2.918726528582649, -7.077728857179688, 4.562096462670499, 0.5476026030266885, -2.2310073576970444, 8756.962058799507, -36953.44282730122, -409.26359813862183, -6506.476792161599, -8595.150669892853, 174612.13516117263, -52840.507010106725, -93066.51270674847, 5188957.971858665, 44861.42698347062, 30734.396412207767, -441278.2449126881, 2.5711711810638684, 5.3873459860302715, -1.2652882959541492, -5.7703861979140045, -5.1838017314531415, -8.529140834311034, -6.182900830291569, 9.812350094636727, 1.980186590280835, 2.2951459550802547, 3.855027317178527, -7.506592493523696, -72.23660524127494, 40.69303963603024, -28.132693735806527, 7.542708091020535, -0.8896420368039627, -0.6329400512923375, 5.218913811242217, -3.182105127294875, -8.118539725946233, 14.996653256771218, -11.08099147153807, 7.007730760572777] 
[3.6661737792776057, 2.4441011304970353, -3.0067480833492164, 2.3282466914077222, -1.4952978547653404, 0.0008269424208329212, -3.4599617124488233, -2.9531364982052892, -7.043318887557048, 4.596506432293139, 0.5820125726493286, -2.1965973880744043, 8757.117316805266, -36953.533642797345, -412.68637293409245, -6506.407071149255, -8595.185498900815, 174642.65680229338, -52840.06860352698, -93065.8083405987, 5188957.904274818, 44861.39178439826, 30734.523354423673, -441278.18975818984, 2.5257303626571797, 5.342336423161878, -1.206255505452512, -5.804060870087002, -5.076278619879628, -8.419180921654444, -6.2234448533939295, 9.855581950693725, 2.004442120658139, 2.224685628688652, 3.9215591424156893, -7.5570447663895495, -72.3206393999067, 40.748302708183346, -28.087086344007847, 7.6439230392775555, -0.5776008340248939, -0.9151019949452635, 4.583229713851814, -2.845039723934378, -8.178292585442893, 15.130494346613567, -11.197521161683744, 7.049056039230451] 
[3.5320822742624385, 2.310009625481868, -3.1408395883643836, 2.4623381964228894, -1.6293893597805076, -0.13326456259433428, -3.5940532174639905, -3.0872280032204564, -7.177410392572215, 4.462414927277972, 0.4479210676341614, -2.3306888930895715, 8756.582770853973, -36953.20860835871, -420.1057629853596, -6506.153077855121, -8595.050640157742, 370730.56926484464, -52838.700047278544, -93069.6289104114, 5188957.621825975, 44861.25587596583, 30734.079602869675, -441278.39388567494, 2.706568929134715, 5.254587619668438, -1.3738084309878378, -5.92595256888792, -4.674337352650341, -8.009821019164967, -6.094931317595217, 9.969154547899903, 1.8374901717015288, 2.289155747586379, 4.061622143293013, -7.396809538077171, -72.06791239895094, 40.85849098186701, -28.219435418148755, 7.466791332110551, -0.5724622932925864, -0.8285936030939414, 2.2037223927276552, -1.6184712620174795, -8.091792060751487, 15.6535227665408, -11.7982653076748, 6.853127851403502] 
[3.46972509624253, 2.3723668035017766, -3.078482410344475, 2.524695374442798, -1.567032181760599, -0.19562174061424287, -3.656410395483899, -3.024870825200548, -7.115053214552306, 4.400057749258063, 0.51027824565407, -2.268331715069663, 8756.152388149603, -36953.32279071329, -110376.71730226677, -6506.311083436066, -8595.113211907845, 370727.0371927218, -52838.37378547419, -93090.74828976253, 5188957.724392233, 44861.322297920364, 30733.74715399093, -441278.5125494738, 2.75168751250218, 5.303547444453822, -1.32906921943054, -5.985863888307694, -4.7134000697258, -7.977376990234367, -6.203692845029524, 9.859396146954658, 1.8956357351259852, 2.3543321833860635, 4.065675229723676, -7.315940704235743, -72.27405270713687, 40.92762107304136, -28.14671460325126, 7.286930418455539, -1.41293215666954, -0.022032423390767497, 2.438309537231658, -1.5738658886172492, -8.0251326855687, 15.69577449462181, -11.739008254689656, 6.942692128268462] 
[3.5381485154375616, 2.4407902226968083, -3.0100589911494433, 2.4562719552477663, -1.4986087625655673, -0.12719832141921117, -3.724833814678931, -3.0932942443955795, -7.183476633747338, 4.331634330063031, 0.4418548264590383, -2.3367551342646946, 8755.493594026231, -36953.46421093854, -110393.91941245548, -6506.106633329861, -8595.181636296526, 370725.2261968532, -52838.091550631536, -93085.70314329407, 5188957.599167015, 44861.24674037954, 30733.460328478737, -441278.6290324585, 2.6723321812487146, 5.404548975261656, -1.4138055634714313, -5.911663884687362, -5.010140731333105, -8.273867816730862, -6.15648855820239, 9.808619706815072, 1.742344618180349, 2.2078934032593436, 4.248561059010352, -7.224423503395637, -71.96578674285922, 41.03615750241574, -28.065080613428805, 7.1291400388973365, 0.005733711855952839, -1.478470314509745, 1.6336597870620493, -0.9019327718355648, -8.113431069150508, 15.891802200658425, -11.952615704458118, 6.850702396288686] 
[3.5943487672618053, 2.3845899708725646, -3.066259242973687, 2.4000717034235226, -1.554809014389811, -0.07099806959496746, -3.668633562854687, -3.037093992571336, -7.239676885571582, 4.275434078238788, 0.3856545746347946, -2.280554882440451, 8755.870311070152, -36953.32905156838, -110397.18657298159, -6505.966339428584, -8595.12514216227, 370728.7185566146, -52838.276842934894, -93109.81387179905, 5188957.690715556, 44861.18153513307, 30733.76767518473, -441278.73722753656, 2.706070064644904, 5.474264944281793, -1.4909096744423393, -5.958687818155807, -4.789848894270713, -8.052624857575658, -6.115556836969717, 9.771350739651917, 1.6797697343882785, 2.1683166103956393, 4.228837199270567, -7.129889417948019, -71.79509992684665, 40.961453620699, -28.14562677532621, 7.028913508422466, 0.007186007608465408, -1.443926965124178, 2.6061474449161848, -1.766858486874756, -8.158385334993907, 15.855817286881454, -11.978651375865478, 6.900198810612872] 
[3.3013324782745412, 2.6776062598598287, -3.359275531960951, 2.6930879924107867, -1.847825303377075, -0.3640143585822315, -3.961649851841951, -3.3301102815586, -6.946660596584318, 4.568450367226052, 0.6786708636220586, -1.9875385934531868, 8754.339069778667, -36952.70775385963, -110448.91606545376, -6505.324012102256, -8594.832050967267, 370670.491005539, -52839.43507016741, -93136.74482441516, 5188957.251919941, 44861.53847307307, 30735.838452238124, -441279.24650981766, 2.4873978854312915, 5.2890610817551424, -1.7315367523801606, -6.261336202563591, -4.6621908331264645, -8.272276439474515, -5.551807111314883, 10.332914396330587, 1.6299300714995064, 2.5530143708670585, 3.8570111860762992, -7.544870014862135, -72.68862445683953, 40.48708137780296, -28.470784790834816, 6.256207809944091, -6.333710107854013, 4.73504557565688, -3.814101438598441, 3.9500099355941285, -8.570482877748947, 16.600694200453937, -12.655951569359347, 7.152706895734372] 
[3.5913223148328575, 2.3876164233015125, -3.069285695402635, 2.983077828969103, -1.5578354668187588, -0.07402452202391524, -4.251639688400267, -3.620100118116916, -6.656670760026001, 4.2784605306677355, 0.38868102706374236, -1.6975487568948706, 8765.800886354153, -36951.25976739807, -110455.13340956157, -6503.781718625107, -8595.145486321819, 370668.2032297099, -52839.97748106714, -93128.48768277094, 5188958.016496119, 44861.242391162894, 30735.102589308895, -441278.89969431714, 2.2183502287486845, 5.050094058091749, -1.544611737157126, -5.942436157625229, -3.553625193128026, -7.146760155468657, -6.137002463778876, 9.75934220225369, 1.7703529682858317, 1.9779232764813677, 4.43336321584147, -7.975827568472589, -71.95177473995756, 40.150857977879284, -28.7169708571426, 7.545873701472416, -6.205148835815031, 4.850319394797623, -3.061950130742049, 3.14953601260187, -8.936258863281534, 16.407145537314847, -12.882511689189231, 6.820224311706079] 
[3.6878027592542493, 2.4840968677229043, -2.972805250981243, 2.886597384547711, -1.6543159112401506, 0.022455922397476583, -4.155159243978876, -3.5236196736955243, -6.753151204447393, 4.181980086246344, 0.29220058264235055, -1.7940292013162624, 8765.290362696214, -36951.46565878243, -110436.64770036902, -6507.653760775098, -8595.048989668421, 370650.56392452284, -52839.85722828274, -93128.94273925226, 5188957.291759687, 44861.12519394847, 30734.430798804184, -441278.80164704577, 2.2696376335200124, 4.8148335561170414, -1.7933790449958866, -6.100559896272015, -5.6856334490836975, -9.280163699004728, -6.23470634244594, 9.64841624053682, 1.724742647579185, 1.9264639091872426, 4.357506184146144, -7.456130143973272, -72.05835644507926, 39.88854659804765, -28.41671243781529, 8.252186770371573, -6.123158064647896, 4.853661813247121, -3.1627168564613837, 3.1274968362598545, -8.852376240744292, 16.455045810664597, -12.843581091158576, 6.734426328173975] 
[3.2037711283275696, 2.0000652367962246, -3.4568368819079227, 3.3706290154743908, -2.13834754216683, -0.4615757085292031, -3.671127613052196, -3.0395880427688446, -7.237182835374073, 3.697948455319664, -0.19183104828432912, -2.278060832242942, 8763.496529514243, -36950.169682287786, -110453.79997963205, -6500.0462431468095, -8595.536413435744, 369690.53360918566, -52839.185271398965, -93132.42544656536, 5188959.651986395, 44861.77570479876, 30728.597595012063, -441278.2926701392, 1.4877321253797398, 4.065785964330628, -1.7022088384720688, -6.127963701743076, -10.810011688170523, -14.404926999568044, -6.593054865875695, 10.132154670970733, 1.2805078593649655, 1.7908831175860673, 3.939439467918738, -4.985984415889446, -71.51617736658653, 39.982939787892015, -28.22794528332119, 4.356135926954295, -9.760809508544138, 8.493609665701438, -2.942731275378216, 3.6266608704892493, -8.368350378174373, 16.21361313232198, -13.322770353601504, 6.06232011855434] 
[3.0383930520802336, 1.8346871605488886, -3.2914588056605867, 3.2052509392270547, -1.972969465919494, -0.6269537847765392, -3.836505689299532, -3.2049661190161807, -7.071804759126737, 3.532570379072328, -0.026452972036993094, -2.443438908490278, 8720.665593702442, -36950.36971081921, -110452.07962420909, -6496.8379325241585, -8595.303820645304, 369691.36739892676, -52839.83341030599, -93116.47601823279, 5188959.403455437, 44862.36870336079, 30724.04798775238, -441278.57888246677, 1.64269188676634, 3.751157842829336, -1.938185684973974, -6.456999366878886, -11.564670090792397, -15.167583551567787, -6.342435017779717, 10.029788127825233, 0.8820872642544061, 1.3997584305025348, 3.8997904549510443, -4.771635926454458, -71.68248297320926, 39.73014137729123, -27.986781636372825, 5.383180364898228, -10.502590307749566, 9.195583693611864, -3.181800568259637, 3.3432179784101885, -8.859156469809571, 16.603607162873523, -13.11579664679137, 5.762466927018181] 
[2.8442364147242243, 2.028843797904898, -3.0973021683045774, 3.399407576583064, -1.7788128285634848, -0.8211104221325485, -3.6423490519435227, -3.0108094816601714, -7.265961396482746, 3.3384137417163187, -0.2206096093930024, -2.249282271134269, 8738.960850807032, -36950.57804161879, -110443.37000907668, -6448.861374685133, -8595.074535494816, 369691.9314894232, -52839.359866732186, -93068.06783193783, 5188959.7892830055, 44861.03182668604, 30446.521398055527, -441278.108994385, 1.835981424477942, 3.6127749229665422, -1.8080698192383284, -6.2392107523275, -12.289990186572957, -15.88363137707789, -6.4738888716877, 10.095431516442837, 1.527496380581761, 2.0966474932747525, 3.5205813967882595, -5.0481466063573155, -71.89261682527129, 39.56245075087826, -28.026151044068826, 1.8325581300794624, -9.666118636262835, 8.407961004095537, -2.753325180031371, 2.831838221099626, -8.209350311877, 15.908675558475252, -12.645109130467969, 5.982051023881305] 
[2.6301516386234765, 2.2429285740056457, -3.311386944405325, 3.185322800482316, -1.9928976046642326, -0.6070256460318006, -3.8564338280442705, -2.7967247055594235, -7.051876620381998, 3.5524985178170665, -0.0065248332922545615, -2.035197495033521, 8741.454697932122, -36950.31191967764, -110334.16340471894, -6452.154538972544, -8595.298157838137, 369692.3311384969, -52838.4310246008, -93055.47975009489, 5188959.480042169, 44855.43350608675, 30450.99228718683, -441277.7557771095, 1.5955840654540185, 3.530182323157914, -1.6062946063489627, -6.418216689439504, -12.091598504840404, -15.967150105007326, -6.674966063238062, 10.2725495210315, 1.634512050901514, 1.9547054709614633, 3.2968975131763685, -5.331203858036222, -71.63050647498551, 39.76054501306476, -27.873593874629872, -1.4290563925822957, -9.039380418781096, 7.794136054463513, -3.1418152525446748, 2.513549657769832, -8.33011770719184, 15.714905893378216, -11.454215668949299, 6.64453748233081] 
[2.8236324189289954, 2.0494477937001268, -3.1179061640998063, 3.378803580787835, -2.1863783849697516, -0.8005064263373196, -3.6629530477387515, -2.6032439252539046, -6.858395840076479, 3.3590177375115475, 0.1869559470132644, -1.841716714728002, 8740.647000152427, -36949.9959293337, -110340.93934026528, -6553.394696683881, -8595.530661087703, 369691.73652101564, -52838.88131820344, -93057.17259974459, 5188959.88037794, 44856.64615429686, 25906.29298866695, -441277.5137436445, 1.7611355119477015, 3.6752061838788106, -1.701196488964553, -6.595369983515318, -12.88497735089694, -16.783407140579904, -6.8986753523494215, 10.3536810351153, 1.4294675704214188, 1.9750354251622644, 3.4819049702931704, -5.532446539814408, -71.82555393162806, 39.45075307476695, -27.644335621502968, 2.6029871484532796, -9.22823968603535, 7.711367392631427, -2.863334997045844, 2.7506991205362588, -8.488788640658354, 15.720593646575441, -12.509441591801583, 3.42982673453113] 
[3.194223643737126, 2.420039018508257, -3.4884973889079367, 3.7493948055959656, -1.8157871601616211, -1.17109765114545, -3.292361822930621, -2.973835150062035, -6.487804615268349, 3.729608962319678, -0.18363527779486605, -1.4711254899198716, 8736.855293841685, -36950.46630415318, -111001.5946860603, -6546.683702565371, -8594.974693774615, 369692.45596759696, -52837.38738437896, -93055.76286845213, 5188961.132593339, 44848.682173218964, 25895.565887727633, -441277.114563286, 2.180440776141996, 4.074582310164095, -1.2033725346027386, -7.095999075076446, -11.970593701133538, -15.958761578809966, -6.544495557594648, 9.871980396438747, 2.159982245916347, 2.5514481941128127, 3.7433682452599575, -5.895984301419821, -72.15671000556607, 39.780481955578004, -27.339633070608976, 5.629233811481169, -10.482155966988591, 8.914218069063963, -2.051896002314286, 3.1970963989843284, -9.011315010052332, 16.165034801408012, -8.897048184043257, 2.1012499547308243] 
[3.563482730933658, 2.7892981057047894, -3.857756476104469, 3.3801357183994334, -2.1850462473581533, -0.8018385639489178, -2.923102735734089, -3.3430942372585672, -6.118545528071817, 4.09886804951621, -0.5528943649913982, -1.8403845771164038, 8603.426626166503, -36951.312590413014, -110998.40018837547, -6545.551404700008, -8594.582353606977, 369692.020812775, -52853.75552334069, -93069.00766120275, 5188952.189091155, 44849.88221591166, 25884.491844725697, -441277.487515127, 1.7901992969578868, 4.650265557360532, -0.5411428398739148, -7.580817988830084, -11.467992595705327, -15.440385989000887, -6.284102338350014, 10.213061592555702, 1.6952643013045416, 3.2103735582549744, 3.0627707634605654, -6.332416936353707, -71.63461244690795, 39.39394526675775, -27.7713771098577, 4.666736494255924, -9.854403996205185, 8.4662418967823, -1.75757251345216, 4.907130866799665, -8.462720911710905, 13.592289516416269, -6.0914700598705265, 2.474218106780841] 
[3.442375510615415, 2.9104053260230325, -3.736649255786226, 3.2590284980811903, -2.3061534676763964, -0.6807313436306748, -3.044209956052332, -3.221987016940324, -5.997438307753574, 3.977760829197967, -0.6740015853096413, -1.7192773567981607, 8602.704367250552, -36950.29540508811, -110998.68118828228, -6547.720555029057, -8594.76369918176, 369691.78630766104, -52851.17784320671, -93072.03108449589, 5188947.680632711, 44850.063375256, 25884.93098075794, -441277.6178688743, 1.6610685678459116, 4.810696561987069, -0.4152013169241759, -7.650563223114912, -11.293357897754078, -15.531939913517988, -6.508359493796929, 10.078438145658339, 1.8058926148239596, 3.1379446247274543, 2.969725967680919, -6.4533416200936955, -71.75229375324025, 39.47299870479662, -27.636476354073856, 4.720156955784063, -9.982163552906135, 8.443331358866978, -1.5356894455458772, 4.688766855227162, -8.568156279243516, 13.738205197187396, -6.048204159905407, 2.3509266677183884] 
[3.6774748503738186, 3.145504665781436, -3.5015499160278223, 3.494127837839594, -2.071054127917993, -0.4456320038722712, -2.8091106162939283, -2.9868876771819206, -6.232537647511977, 4.212860168956371, -0.9091009250680449, -1.9543766965565643, 8605.382807082067, -36954.773306435774, -110997.93299470806, -6564.846220452498, -8595.191185539814, 369692.3798490729, -52876.04700249398, -93035.5778505937, 5188950.639603205, 44850.4902985841, 25884.327423274808, -441277.8582285023, 1.4379006052937298, 5.051626345554828, 0.1332054731201185, -7.1240395519603, -11.240392916155743, -15.735902296246255, -6.290918839774155, 9.812370312047662, 2.0581907084263493, 2.9246243341047107, 2.8330269801112316, -6.217805614284559, -71.54672528711384, 39.66991234594601, -26.855518310229968, 4.266332898232227, -10.263925866243982, 8.736734221998288, -1.8751545128657903, 4.063623337490527, -8.858645855331032, 14.753903502699595, -6.929823628444173, 2.0700997262838436] 

Time 
580.8326289653778 
