Parameters 
 
[-0.5, -0.5, -0.5, -0.5, -0.5, -0.5, -0.5, -0.5, -0.5, -0.5, -0.5, -0.5, -0.5, -0.5, -0.5, -0.5, -0.5, -0.5, -0.5, -0.5] 
[-0.3970297683883972, -0.6029702316116028, -0.3970297683883972, -0.6029702316116028, -0.6029702316116028, -0.3970297683883972, -0.6029702316116028, -0.3970297683883972, -0.6029702316116028, -0.3970297683883972, -0.5165723632592036, -0.7053496077993078, -0.20383793647002435, -0.8178791743076552, -0.21411600478013482, -0.6775131246990103, -0.5839966443026017, -0.3738737630452057, -0.4787176451881648, -0.40488785504998814] 
[-0.4851286640449146, -0.5148713359550854, -0.3089308727318798, -0.5148713359550854, -0.5148713359550854, -0.4851286640449146, -0.5148713359550854, -0.3089308727318798, -0.5148713359550854, -0.4851286640449146, -0.6545983623657873, -0.5485884630074691, -0.2550554299502985, -0.5750118464123584, -0.5422209533148735, -0.36320453440954326, -0.9075506751814305, -0.05663579949206404, -0.7573368330479654, -0.18241128095387485] 
[-0.3750012228805666, -0.40474389479073736, -0.19880343156753177, -0.40474389479073736, -0.40474389479073736, -0.5952561052092626, -0.40474389479073736, -0.19880343156753177, -0.40474389479073736, -0.5952561052092626, -0.5669985882114321, -0.4930833267270925, -0.2091053168450715, -0.39637223360797613, -0.7359423623660355, -0.3350967688716514, -1.0909610314099663, 0.09603053637467329, -0.6115668305615072, -0.3530307588714485] 
[-0.6735304541165075, -0.10621466355479647, -0.49733266280347266, -0.10621466355479647, -0.10621466355479647, -0.8937853364452035, -0.10621466355479647, 0.09972579966840911, -0.10621466355479647, -0.8937853364452035, -0.3042979236267476, -0.38666604196968846, 0.07949594999565696, -0.5659471698982252, -1.2350825327732873, 0.5350180782216464, -1.981658856931218, 0.6589650330291522, -0.48997232935418905, -0.09336707706737835] 
[-0.6016141657250151, -0.1781309519462888, -0.569248951194965, -0.03429837516330414, -0.1781309519462888, -0.9657016248366959, -0.1781309519462888, 0.17164208805990144, -0.1781309519462888, -0.8218690480537112, -0.10366364914708937, -0.594197292657301, 0.23294068913479424, -0.7067398146828063, -1.2729331246784699, 0.21670369001262407, -1.658703697774022, 0.5724446861781536, -0.4215217268379279, -0.169806913716469] 
[-1.1229900055379116, -0.6995067917591853, -1.0906247910078615, 0.48707746464959234, -0.6995067917591853, -0.4443257850237994, -0.6995067917591853, 0.6930179278727979, 0.3432448878666077, -1.3432448878666077, 0.2607579332445163, -0.31242154164808805, 0.5304814227126204, -0.3499329348801688, -1.032840248864694, 2.908354915818562, -4.41339667976953, 1.469386874463848, 0.19497845315474194, 0.27828680351241375] 
[-1.342281358049115, -0.4802154392479818, -1.309916143519065, 0.7063688171607958, -0.4802154392479818, -0.22503443251259592, -0.9187981442703888, 0.47372657536159446, 0.12395353535540421, -1.1239535353554042, 0.37957197003250476, -0.16674194216248858, 0.46574854766378593, -0.6389364591610383, -1.6889024391911907, 3.6655022405780486, -5.211384988859714, 2.3372956954600115, 0.8287533403505729, 0.5345959468491424] 
[-1.388981242865985, -0.5269153240648516, -1.3566160283359348, 0.7530687019776656, -0.5269153240648516, -0.1783345476957261, -0.8720982594535189, 0.5204264601784643, 0.17065342017227403, -1.0772536505385344, 0.7260346446458164, -0.5137540486474006, 0.5036867214265244, -0.6111257649342949, -1.6495645346192815, 3.6990466669449447, -5.214054527638815, 2.4030551902195905, 0.8914382170698039, 0.49087624243095157] 
[-1.3295737605889282, -0.4675078417877949, -1.4160235106129915, 0.6936612197006089, -0.5863228063419084, -0.23774202997278282, -0.9315057417305757, 0.579833942455521, 0.23006090244933075, -1.0178461682614777, 0.31992429536186895, -0.10592358966719967, 0.3390180075562389, -0.4530996660061992, -1.6722816045346072, 3.652419073454059, -5.260466639688184, 2.3902117320499143, 0.9429014077168049, 0.4350610627723751] 
[-1.4912503937134947, -0.30583120866322844, -1.254346877488425, 0.5319845865760424, -0.7479994394664748, -0.07606539684821637, -0.7698291086060092, 0.4181573093309545, 0.39173753557389723, -0.8561695351369112, 0.37624493221385713, 0.015615635399416058, -0.18423402062544292, 0.07706831260779856, -1.5063425958205583, 3.7473802476825036, -5.276664160043758, 2.6457950692736323, 1.204749344894302, 0.6229721888912454] 
[-1.7404657902119247, -0.056615812164798385, -1.005131480989995, 0.28276919007761236, -0.9972148359649049, -0.3252807933466464, -0.5206137121075791, 0.16894191283252447, 0.6409529320723273, -0.6069541386384811, -4.653408166928277, 5.044576337027414, -0.0028338429248651598, 0.11595805833192961, -2.099628178890456, 4.343756863927871, -5.286604989560105, 3.016814434201165, 1.633338183030371, 0.970182671030937] 
[-2.1120347462122258, 0.31495314383550266, -1.376700436990296, -0.08879976592268868, -1.368783791965206, -0.6968497493469474, -0.8921826681078802, -0.20262704316777658, 1.0125218880726283, -0.2353851826381801, -27.995070159850957, 28.386710447332984, 0.18007516866723208, 0.4967301111101161, -0.1618568130329292, 2.3350068473384025, -4.248797999922976, 2.2332875311042764, 2.234009971007331, 1.6325758359093983] 
[-2.0726799288058224, 0.2755983264290993, -1.3373456195838926, -0.049444948516285336, -1.4081386093716093, -0.6574949319405441, -0.8528278507014768, -0.24198186057417992, 1.0518767054790317, -0.27474000004458343, -27.78064899762869, 28.17188211434533, 0.20408174681393243, 0.43566304198308275, -0.3356931346112002, 2.5149997548990495, -4.379365123014699, 2.3643914173971634, 2.0038736462370097, 1.407292083799913] 
[-2.472659944744393, -0.12438168950947137, -1.7373256355224633, 0.35053506742228535, -1.0081585934330386, -1.0574749478791148, -0.45284783476290613, 0.15799815536439077, 0.651896689540461, 0.12524001589398726, -29.834549903950336, 30.13244627898776, 5.885996838906619, -5.276870365013348, -0.4049130328216082, 2.104573796360335, -3.389515273618924, 1.3913729508548593, 2.0057762985061856, 1.808815983645654] 
[-2.389218806527918, -0.20782282772594662, -1.8207667737389386, 0.2670939292058101, -0.9247174552165633, -1.14091608609559, -0.5362889729793814, 0.24143929358086602, 0.5684555513239857, 0.041798877677512, -29.869260200558287, 30.0532552552051, 6.946536126022289, -6.338651603697265, -0.2843435020614124, 2.0920414423638554, -3.272393679919522, 1.2573182780373826, 1.7767142085078143, 1.5892098562889583] 
[-2.585789169676623, -0.011252464577241383, -1.6241964105902333, 0.07052356605710486, -0.7281470920678581, -0.9443457229468848, -0.33971860983067614, 0.43800965672957126, 0.3718851881752805, -0.15477148547119324, -29.87882333627979, 29.773584499991113, 9.348220793316914, -8.738654540703193, -0.10112798107013066, 2.4275764121353203, -3.6927794333014656, 1.5763383710642116, 1.981826693948436, 1.4997615787689276] 
[-2.7385155019739127, 0.14147386772004822, -1.776922742887523, -0.08220276624018474, -0.5754207597705685, -1.0970720552441744, -0.18699227753338654, 0.28528332443228166, 0.2191588558779909, -0.0020451531739036355, -29.778820053485433, 29.873515864983574, 9.414813639132166, -8.65222886533689, -0.11101916678407743, 2.844791292163625, -4.149946480772003, 1.9526689633292102, 2.3649137971462433, 1.7770432244170036] 
[-2.7473169753446776, 0.13267239434928335, -1.7857242162582878, -0.07340129286941988, -0.5842222331413334, -1.1058735286149393, -0.17819080416262167, 0.2764818510615168, 0.22796032924875576, -0.010846626544668503, -29.785204249060154, 29.867291091685054, 9.418486999091028, -8.647090146442702, -0.11918264963332167, 2.842505567934722, -4.156075402463756, 1.9404324227833458, 2.350339065190275, 1.7652011558074154] 
[-2.4266886171112443, -0.18795596388414992, -2.106352574491721, 0.2472270653640134, -0.2635938749079001, -0.785245170381506, 0.1424375540708116, -0.04414650717191648, -0.09266802898467752, 0.30978173168876477, -30.306342283980026, 30.393889821317796, 9.707945583917686, -8.60061375440378, 0.295227555597514, 2.464701779048459, -4.217438572756643, 2.1754275340148754, 2.0051939979270115, 1.3695397935816411] 
[-2.447167998052967, -0.20843534482587245, -2.1268319554334436, 0.22674768442229087, -0.2840732558496226, -0.8057245513232285, 0.16291693501253413, -0.023667126230193958, -0.11314740992640004, 0.28930235074704225, -30.318820432686636, 30.38146554066446, 9.707679262067133, -8.624197211336899, 0.32278195761544953, 2.441017243828351, -4.219980973052995, 2.1947118835323653, 2.0268051853337488, 1.3471576574676813] 
[-2.3502257863644385, -0.1114931331373441, -2.0298897437449153, 0.12980547273376253, -0.18713104416109427, -0.9026667630117569, 0.25985914670106247, 0.07327508545833439, -0.0162051982378717, 0.1923601390585139, -30.332327568230287, 30.2482023477393, 10.241200056875336, -9.149569456434467, 0.29151154567762344, 2.4101950851156606, -4.308096815587186, 2.085784835506361, 2.1168409250842957, 1.4343594599293281] 
[-2.4401189056648835, -0.021600013836899024, -1.9399966244444702, 0.2196985920342076, -0.0972379248606492, -0.8127736437113118, 0.34975226600150755, -0.01661803384211069, 0.07368792106257338, 0.10246701975806882, -30.38122200060623, 30.190204338294947, 10.318196152569461, -9.132694842811999, 0.38024055243560123, 2.412059548814173, -4.203602651955841, 2.186511163133872, 2.0354789144262337, 1.3457569803629965] 
[-2.4902748318828376, 0.028555912381055037, -1.8898406982265161, 0.26985451825216167, -0.04708199864269513, -0.7626177174933577, 0.3999081922194616, -0.06677396006006475, 0.02353199484461932, 0.05231109354011476, -30.239816871783674, 30.048775163955707, 10.324840441181214, -9.194188216847065, 0.4478387206951099, 2.218187476686065, -3.9984317013437742, 2.285745900925092, 1.9871917731446036, 1.3923770813410208] 
[-2.350665687832633, -0.11105323166914971, -2.029449842276721, 0.4094636623023664, -0.18669114269289988, -0.623008573443153, 0.26029904816925686, -0.2063831041102695, -0.11607714920558543, 0.1919202375903195, -30.325772649593272, 29.960236476292703, 10.181950846557736, -9.19129156327435, 0.3066780125101971, 2.258117766262902, -3.834322229314814, 2.4633358377560213, 2.1192350917803386, 1.5350820167278547] 
[-2.2988477738530957, -0.05923531768961254, -1.9776319282971837, 0.35764574832282925, -0.23850905667243705, -0.5711906594636158, 0.2084811341897197, -0.25820101808980667, -0.06425923522604826, 0.14010232361078234, -30.29800694882422, 29.994274607015917, 10.128617422516436, -9.190874310572099, 0.2568097473964743, 2.24349552800853, -3.8890126665684175, 2.409696176096315, 2.0716114361046674, 1.592199374795829] 
[-2.5157085921869022, 0.157625500644194, -1.7607711099633772, 0.5745065666566358, -0.0216482383386305, -0.35432984112980925, 0.42534195252352625, -0.04134019975600012, 0.1526015831077583, 0.3569631419445889, -29.48543279423788, 29.194834495638563, 8.658193582699099, -7.716621909576233, 0.296521715173852, 2.1291403782373455, -4.102843060673228, 2.0785767661152255, 2.38553798951349, 1.3560389765464547] 
[-2.4492749942599357, 0.22405909857116058, -1.6943375120364106, 0.5080729687296692, 0.04478535958833607, -0.2878962432028427, 0.3589083545965597, -0.10777379768296669, 0.21903518103472486, 0.2905295440176223, -29.443794381154525, 29.23769184444683, 8.679577849435336, -7.660023522828201, 0.22269031430216957, 2.2225089467648975, -4.184105421089856, 2.116524406190216, 2.306640775278038, 1.2783778357802817] 
[-2.2629191920545875, 0.03770329636581238, -1.8806933142417588, 0.32171716652432103, 0.23114116179368427, -0.4742520454081909, 0.17255255239121148, -0.2941295998883149, 0.03267937882937666, 0.4768853462229705, -29.354501245994584, 29.393649083847098, 9.87403994801192, -8.848663217380102, 0.09817005532221872, 1.9731795202140305, -3.964570372488506, 2.017860204997751, 2.162374880797289, 1.4348743406920577] 
[-1.9313724283674194, -0.2938434673213557, -2.212240077928927, -0.009829597162847037, 0.5626879254808523, -0.14270528172102281, -0.1589942112959566, 0.03741716379885318, 0.3642261425165447, 0.14533858253580245, -27.9166438554327, 27.9556603880713, 9.842370811852026, -9.192488892199096, 0.5336107792285955, 2.343606263774233, -3.8611013436708217, 1.56735953745123, 2.63209012618825, 1.7794705074986876] 
[-1.8992326289110135, -0.32598326677776157, -2.2443798773853327, -0.04196939661925292, 0.5948277249372582, -0.11056548226461693, -0.1268544118395507, 0.06955696325525906, 0.33208634306013884, 0.17747838199220833, -27.927641698426303, 27.93205359398969, 9.863902581690414, -9.176773452808991, 0.551168251867121, 2.3158408589831665, -3.8198796906547634, 1.5304263609667534, 2.6802504903065714, 1.8285735372889902] 
[-1.552662227517212, 0.020587134616040004, -1.8978094759915312, 0.30460100477454866, 0.24825732354345664, -0.4571358836584185, 0.21971598955425087, 0.41612736464906064, 0.6786567444539404, -0.16909201940159324, -24.01504696218553, 23.955218984524624, 11.754821939199505, -10.917967525378096, 0.746603929403296, 2.1120674509158874, -4.195437765363669, 1.9087861497226528, 2.4451962854300877, 2.0998986045069303] 
[-1.4536554013039744, 0.11959396082927753, -1.9968163022047687, 0.4036078309877862, 0.1492504973302191, -0.556142709871656, 0.12070916334101334, 0.5151341908622982, 0.5796499182407029, -0.26809884561483077, 239.1390942174782, -239.19893791039922, 12.016902859532406, -11.06358065968885, 0.8312341339097717, 1.9790682883622672, -4.071401037357257, 1.7382528224784686, 2.14002470388383, 1.8281683879450348] 
[-1.62146619184273, 0.2874047513680331, -2.1646270927435243, 0.5714186215265418, 0.3170612878689747, -0.38833191933290045, -0.047101627197742246, 0.6829449814010538, 0.4118391277019473, -0.10028805507607519, 227.0905352239817, -227.15014466503416, 11.936165828235007, -10.848156548359224, 0.9528387494391175, 1.8789165987540484, -4.17470291964808, 1.87989334163383, 2.0985352061458458, 1.9769096746958914] 
[-1.7491244484673008, 0.15974649474346236, -2.292285349368095, 0.6990768781511125, 0.18940303124440394, -0.5159901759574712, 0.08055662942682851, 0.555286724776483, 0.28418087107737655, -0.22794631170064594, 227.10789716559512, -227.0349829957982, 12.450506147999958, -11.425170049787209, 1.3197493671445881, 2.1810913688671065, -4.41250703403063, 1.9258183785920957, 1.9431319520496424, 1.8012386644816587] 
[-1.8817867109601014, 0.29240875723626303, -2.1596230868752944, 0.5664146156583119, 0.05674076875160328, -0.6486524384502719, -0.05210563306597216, 0.42262446228368233, 0.4168431335701772, -0.3606085741934466, 222.39089925935184, -222.31670092658786, 12.586358811112314, -11.743435879100184, 1.5797197346734395, 2.136823538838945, -4.528050413109389, 1.8541504971538847, 2.077680524284651, 1.9651272952060799] 
[-2.0359963403573627, 0.1381991278390018, -2.005413457478033, 0.7206242450555731, 0.21095039814886452, -0.8028620678475331, 0.10210399633128908, 0.2684148328864211, 0.262633504172916, -0.20639894479618537, 222.50910653194472, -222.27720817941287, 12.44435196352213, -11.758717161482314, 1.4334944983175324, 2.226964778176955, -4.430939389741226, 1.928241641611169, 1.873575322616406, 1.7403985734427379] 
[-2.1743317439514325, 0.2765345314330716, -1.8670780538839633, 0.5822888414615033, 0.34928580174293433, -0.6645266642534633, 0.2404393999253589, 0.4067502364804909, 0.4009689077669858, -0.3447343483902552, 221.29494476139985, -221.06187456667038, 12.529250268076025, -11.632707219280245, 1.2679169838513829, 2.2909438535739626, -4.350537796269528, 1.7353955199066493, 1.638075585095746, 1.5443622047594923] 
[-2.4508782915102127, -1.2016125708669279e-05, -1.590531506325183, 0.305742293902723, 0.07273925418415406, -0.387980116694683, -0.03610714763342138, 0.6832967840392712, 0.12442236020820552, -0.06818780083147491, 222.75451077546526, -222.55548496926113, 11.180737954735289, -10.325698392172015, 1.3065177729573536, 2.109793013963541, -4.50461243707344, 1.8546063805248416, 1.268315172678071, 1.1430675752500175] 
[-2.4313185472640395, 0.01954772812046457, -1.5709717620790098, 0.32530203814889624, 0.0922989984303273, -0.40753986094085626, -0.01654740338724814, 0.663737039793098, 0.10486261596203228, -0.08774754507764815, 222.76645866554878, -222.5435370836667, 11.189651391980902, -10.314532166476196, 1.2888121523298182, 2.1397254399470147, -4.535133209517009, 1.8420385532875934, 1.2782199055542243, 1.1244588494365406] 
[-2.6156362668344944, 0.2038654476909194, -1.7552894816494646, 0.1409843185784414, 0.27661671800078214, -0.5918575805113111, -0.20086512295770298, 0.4794193202226431, -0.07945510360842256, 0.09657017449280669, 222.87803701719312, -222.43195943977292, 11.094896149976083, -10.409069554718524, 1.0782599717447177, 1.8124707429865523, -4.215692837597813, 1.341929435031782, 0.7689634486434141, 0.8983152332670934] 
[-2.5654107951568346, 0.2540909193685792, -1.8055149533271244, 0.09075884690078162, 0.22639124632312235, -0.5416321088336513, -0.25109059463536276, 0.5296447919003029, -0.02922963193076278, 0.04634470281514691, 222.77888121276044, -222.332435482612, 11.111992775153068, -10.476348902312179, 1.1088566283681078, 1.7175637126198926, -4.11767600851244, 1.3563641536156696, 0.7214879090072275, 0.9518685167526659] 
[-2.3291982069708244, 0.4903035075545894, -2.0417275415131346, -0.1454537412852286, -0.009821341862887856, -0.3054195206476411, -0.014878006449352554, 0.7658573800863131, 0.20698295625524743, 0.2825572910011571, 223.2896950973832, -222.85317147006728, 10.80285597647093, -10.42579098126558, 1.2567788471437435, 1.262042854969596, -3.6087811328618753, 1.0787051563683319, 0.8278953914215665, 0.7129750869690797] 
[-2.2972148014157643, 0.45832010199952933, -2.0097441359580746, -0.11347033573016851, 0.022162063692172218, -0.3374029262027012, -0.04686141200441263, 0.7978407856413732, 0.17499955070018736, 0.25057388544609704, 223.19875364267997, -222.76110900229466, 10.815370619426197, -10.465605697396553, 1.2857225426075072, 1.3075263395195333, -3.6545769985030834, 1.0922038233294953, 0.7999527094559212, 0.6770167237047672] 
[-2.1755411500547144, 0.3366464506384794, -2.1314177873191245, 0.008203315630881391, -0.09951158766887769, -0.21572927484165128, -0.16853506336546253, 0.6761671342803233, 0.29667320206123726, 0.12890023408504714, 222.91463625635976, -222.5188031521294, 10.256141734617584, -9.885590416847814, 1.437259865295745, 1.4018727881560258, -3.5623923604626304, 1.0370844554215237, 0.8985116411390707, 0.8102981291629883] 
[-2.3968782109947977, 0.1153093896983961, -1.9100807263790411, -0.21313374530920193, 0.12182547327120563, 0.005607786098432044, -0.38987212430554585, 0.8975041952204066, 0.07533614112115394, 0.35023729502513046, 223.0065983595286, -222.35218379401022, 10.423258714285797, -9.796946150515865, 1.231388019966093, 1.2385408894376273, -3.7434883852872525, 0.9905731510720311, 1.1556038296315025, 1.089770703556858] 
[-2.305717126605101, 0.02414830530869949, -2.0012418107687377, -0.30429482969889854, 0.21298655766090224, 0.09676887048812866, -0.48103320869524246, 0.80634311083071, 0.16649722551085055, 0.44139837941482707, 222.9496774451171, -222.40304099377164, 10.493628267648656, -9.775800436029424, 1.1513954585071051, 1.3201332308420988, -3.7566587676147036, 0.6632626145350132, 0.8237700023449747, 0.9839813201476445] 
[-2.238859165814157, -0.04270965548224481, -2.068099771559682, -0.37115279048984284, 0.27984451845184655, 0.16362683127907296, -0.41417524790429816, 0.7394851500397657, 0.23335518630179486, 0.5082563402057714, 222.91124523382095, -222.4413678008122, 10.497658706901582, -9.85788311736921, 1.055394647007815, 1.2249165056430973, -3.8652252639210136, 0.7691038033298152, 0.8307071071055219, 1.051558755281235] 
[-2.0593138588363384, 0.13683565149557353, -2.2476450785375004, -0.1916074835120245, 0.4593898254296649, 0.3431721382568913, -0.23462994092647982, 0.919030457017584, 0.4129004932796132, 0.6878016471835897, 222.8102620597812, -222.5415353451475, 10.483716030370308, -9.619882409042951, 1.3383070223175595, 1.4760935067939889, -3.8667398447522356, 0.2849404247625463, 0.32244477242113934, 0.7961552448091329] 
[-2.15739305786237, 0.03875645246954207, -2.149565879511469, -0.09352828448599304, 0.5574690244556963, 0.44125133728292276, -0.13655074190044836, 0.8209512579915526, 0.5109796923056447, 0.5897224481575583, 222.92674484560416, -222.56257341241476, 10.05424080818169, -9.183872550349793, 1.4536572864739803, 1.4045073407969872, -3.9376153144519526, -0.07802737885201622, -0.06484948896340326, 0.6252392888181701] 
[-2.1071933255032587, -0.011443279889569169, -2.19976561187058, -0.14372801684510428, 0.6076687568148076, 0.491451069642034, -0.1867504742595596, 0.8711509903506638, 0.5611794246647559, 0.6399221805166695, 222.6176504083703, -222.25147813551402, 10.36672418981662, -9.494412827389384, 1.451621806958126, 1.3230984997276676, -4.02183947508563, -0.020860805130738215, -0.06500530916814595, 0.6753958599462448] 
[-2.1194879657296415, -0.023737920115951994, -2.212060252096963, -0.1560226570714871, 0.6199633970411904, 0.5037457098684168, -0.17445583403317677, 0.8834456305770466, 0.5488847844383731, 0.6522168207430523, 222.61170553683036, -222.25886588899812, 10.425649796674774, -9.55265200127249, 1.4691169730813973, 1.3416246269329504, -4.028365679809788, -0.008677213577500039, -0.06626063194477434, 0.687345420631929] 
[-2.206531869025971, 0.06330598318037772, -2.2991041553932927, -0.24306656036781682, 0.7070073003375201, 0.4167018065720871, -0.2614997373295065, 0.9704895338733763, 0.6359286877347028, 0.5651729174467226, 223.21469353214115, -222.86374734665114, 10.899407229784503, -10.03564656514362, 1.1911929597072504, 1.0345769376022873, -4.235917411884223, 0.009020180649787367, 0.06420626477439718, 0.8087136810869155] 
[-2.2440886487098854, 0.10086276286429197, -2.336660935077207, -0.28062334005173106, 0.6694505206536059, 0.37914502688817286, -0.29905651701342073, 0.9329327541894621, 0.5983719080507885, 0.5276161377628084, 223.02454050518668, -222.67372018889935, 10.890330488614849, -10.068470442900024, 1.1761783123861895, 1.0806121476918809, -4.178277587495814, -0.038889596523467254, 0.06006544042116983, 0.7699836686228625] 
[-2.5521769015030262, 0.40895101565743275, -2.028572682284066, 0.02746491274140972, 0.9775387734467467, 0.07105677409503208, -0.6071447698065615, 1.2410210069826029, 0.9064601608439293, 0.8357043905559491, 223.10126280971022, -222.3762580688326, 12.017312046758413, -11.238088876324431, 0.6117876414630917, 0.9357765058549412, -4.684083333396746, 0.92776951179681, 0.9683292781225654, 0.7251260249267547] 
[-2.6677384140401603, 0.5245125281945668, -1.913011169746932, 0.1430264252785438, 0.8619772609096126, 0.18661828663216617, -0.7227062823436956, 1.356582519519737, 0.7908986483067952, 0.720142878018815, 223.2459582151777, -222.43337919347945, 11.340442808845943, -10.566002582524282, 0.6668216379657141, 0.8680785104227786, -4.611507953969912, 1.1490508668462982, 1.2169272590306415, 0.8831954147389268] 
[-2.6448564149067426, 0.5473945273279845, -1.8901291706135144, 0.1201444261451261, 0.8390952617761949, 0.16373628749874847, -0.6998242832102779, 1.3337005203863193, 0.7680166491733775, 0.6972608788853973, 223.20645836038273, -222.3913060525344, 11.364448211992764, -10.559598971462137, 0.5738358148575061, 0.7733998625158778, -4.646195612824747, 1.1724254063624726, 1.2085836592361818, 0.9051294619356735] 
[-2.4769060360055715, 0.7153449062291557, -1.7221787917123432, -0.047805952756045045, 1.007045640677366, 0.3316866663999196, -0.5318739043091067, 1.165750141485148, 0.9359670280745487, 0.8652112577865685, 223.2565636919026, -222.1017075842035, 12.353262514495494, -11.527784644960354, 0.7475473191271569, 0.7479073962229924, -4.455852709310279, 1.0081721256482865, 1.2686166571653283, 0.7446885981569085] 
[-2.335985549928731, 0.5744244201523152, -1.8630992777891837, 0.09311453332079545, 1.1479661267542065, 0.19076618032307913, -0.39095341823226626, 1.3066706275619886, 1.0768875141513892, 1.006131743863409, 223.3557689595217, -222.01211524452566, 12.287278481142389, -11.61896136768235, 0.8930926334831697, 0.754140785658036, -4.249351597429868, 0.6660494519489555, 0.9233699751327072, 0.5327321123076435] 
[-2.6608055784145446, 0.2496043916665016, -1.5382792493033701, 0.41793456180660904, 1.47278615524002, 0.5155862088088927, -0.06613338974645266, 0.981850599076175, 0.7520674856655756, 1.3309517723492226, 223.57088885878173, -221.8309407126802, 12.163799437200288, -11.845959246744119, 0.9851503412436572, 0.49025345298248363, -4.543195063820773, 0.15458817453339047, 0.4144045450091933, 0.7949453238579208] 
[-2.816493299176633, 0.4052921124285902, -1.3825915285412815, 0.26224684104452045, 1.3170984344779315, 0.35989848804680413, -0.22182111050854125, 0.8261628783140864, 0.9077552064276642, 1.175264051587134, 223.46372661840846, -221.9392214469737, 12.250485111359627, -11.767131972536072, 0.8832215804281625, 0.5580618307239318, -4.693224337269385, 0.07962523091774111, 0.5397238461990783, 0.9619300719134074] 
[-2.8060709029363675, 0.41571450866885584, -1.372169132301016, 0.2518244448042548, 1.3066760382376659, 0.3703208842870698, -0.2113987142682756, 0.8157404820738208, 0.8973328101873985, 1.1648416553468683, 223.4507579830209, -221.93054682028543, 12.329941392502384, -11.847004389399965, 0.869047141167736, 0.5548850524679656, -4.707101301468879, 0.10241796720722893, 0.5633554192277349, 0.9772156949505979] 
[-3.1564910314518695, 0.06529438015335387, -1.021749003785514, -0.09859568371124716, 0.9562559097221639, 0.019900755771567802, -0.5618188427837776, 1.1661606105893227, 0.5469126816718966, 0.8144215268313664, 223.78318058507253, -221.87079764328917, 14.862212552830801, -14.364230117109152, 3.409549577879487, 3.104957664921874, -4.862978240334234, 0.4084749679216323, 0.4164043153780357, 1.296549006727166] 
[-3.1039491200810954, 0.01275246878257974, -0.9692070924147398, -0.04605377234047303, 0.9037139983513898, 0.07244266714234193, -0.5092769314130035, 1.1136186992185486, 0.4943707703011224, 0.7618796154605922, 223.73158884487552, -221.806882264574, 14.505639170766912, -14.007878018162684, 3.349878914116898, 3.109172561227815, -4.844457908498615, 0.5709216165550105, 0.5876506696605417, 1.3731524672270703] 
[-3.1696769223856354, -0.052975333521960266, -0.9034792901101998, 0.019674029964066975, 0.8379861960468498, 0.006714864837801926, -0.5750047337175435, 1.0478908969140086, 0.5600985726056624, 0.6961518131560522, 223.6632771606579, -221.7382196768328, 14.455152642205709, -14.026987358961469, 3.0370411928105128, 2.793079925226769, -4.984992314096182, 0.8618553701270741, 0.8704701742553362, 1.4817387867805516] 
[-3.310637278934559, 0.0879850230269632, -0.7625189335612763, 0.16063438651299045, 0.6970258394979263, 0.1476752213867254, -0.43404437716862, 0.9069305403650851, 0.7010589291545859, 0.5551914566071288, 223.8089192995027, -221.57125874127846, 15.124215534622321, -14.69341502963651, 2.942829633017961, 2.8632912522876186, -5.180489549523762, 1.0636382958510504, 0.8830166756600764, 1.6252533718814142] 
[-3.7443796558967275, 0.5217273999891319, -1.196261310523445, -0.2731079904491782, 0.26328346253575763, 0.5814175983488941, -0.00030200020645132497, 1.3406729173272538, 1.1348013061167546, 0.9889338335692974, 224.18125507969256, -221.9376686678453, 15.045460628256041, -15.182270214756905, 1.7181457828312539, 1.6705416495856629, -5.096485089866978, 1.951841423477651, 1.7547081861070173, 1.4859228112492648] 
[-3.7069505364601927, 0.5591565194256667, -1.1588321910869102, -0.31053710988571304, 0.2258543430992228, 0.5439884789123592, -0.037731119642986144, 1.3781020367637886, 1.1722304255532894, 1.0263629530058322, 224.25886118200455, -221.8559274699117, 15.004396486708478, -15.193393051592539, 1.7769090710077329, 1.767350164859502, -5.007716182184547, 1.88571858349045, 1.6849367086118523, 1.4405654953622558] 
[-3.311418288590138, 0.1636242715556122, -1.5543644389569646, 0.08499513798434144, -0.16967790477083167, 0.14845623104230476, 0.35780112822706833, 0.9825697888937341, 0.7766981776832349, 0.6308307051357778, 223.81286459428074, -221.96705065347527, 16.700001205710908, -16.924187038942716, 2.4574078731982745, 2.1980269308714715, -5.184309246238915, 1.5853355245570224, 1.9320386964722231, 1.0676213254834863] 
[-3.078652848137052, -0.0691411688974739, -1.7871298794100507, -0.14777030246874467, 0.06308753568225445, -0.08430920941078135, 0.5905665686801544, 0.749804348440648, 1.009463618136321, 0.39806526468269166, 224.01230784008794, -222.16688020476462, 16.82201855486341, -16.81098151719052, 2.731552851019686, 1.9502940079818707, -4.9598458404389465, 1.7181557346373313, 1.6745882693450145, 0.7539957919996765] 
[-2.988001493577398, -0.1597925234571278, -1.8777812339697046, -0.05711894790909078, -0.02756381887739945, -0.17496056397043525, 0.49991521412050055, 0.8404557030003019, 0.9188122635766671, 0.48871661924234555, 223.91323764154362, -222.03271103235028, 14.301651593569325, -14.291906651697506, 2.7140631351873057, 1.8490370614347755, -4.823487126796865, 1.813312653569748, 1.5057894670206253, 0.5669463486515325] 
[-2.9599159234384285, -0.18787809359609753, -1.849695663830735, -0.02903337777012105, 0.0005217512615702802, -0.20304613410940497, 0.5280007842594703, 0.8685412731392717, 0.8907266934376974, 0.5168021893813153, 223.9341032027774, -221.98490874309798, 13.820375203667725, -13.811985633292167, 2.6933335118957715, 1.8829949723758854, -4.85826344702353, 1.8085332220077972, 1.450548208412057, 0.5129964367716169] 
[-3.1045958095621646, -0.04319820747236136, -1.994375549954471, 0.11564650835361512, -0.1441581348621659, -0.05836624798566881, 0.6726806703832064, 0.7238613870155355, 0.7460468073139612, 0.3721223032575791, 224.05723262420477, -221.86349734006166, 13.848316740310526, -13.69483186550543, 2.5496737437545134, 2.0471641597642, -4.970568894488007, 1.9998192794029173, 1.6492634206319492, 0.45508500549794856] 
[-2.865286186401141, -0.282507830633385, -2.2336851731154947, 0.3549561315146388, -0.38346775802318955, 0.18094337517535486, 0.4333710472221828, 0.4845517638545118, 0.5067371841529376, 0.13281268009655545, 224.28963656730141, -221.67662449581434, 16.320340145090917, -16.16642940695677, 2.461769292903264, 1.7986777344086595, -4.4899860343994344, 2.4934392681790323, 1.7290000427430248, 0.7321693041386186] 
[-2.948977746688458, -0.19881627034606808, -2.149993612828178, 0.43864769180195573, -0.4671593183105065, 0.09725181488803791, 0.34967948693486584, 0.4008602035671949, 0.5904287444402545, 0.0491211198092385, 224.17289348891785, -221.55046882633536, 16.248367833918554, -16.21227502071158, 2.528515164413989, 1.8741338963201988, -4.392284850244734, 2.500500452642593, 1.8779094657580306, 0.8792480279327604] 
[-2.521539466645942, 0.22862200969644775, -1.722555332785662, 0.011209411759439902, -0.03972103826799067, 0.5246900949305537, -0.07775879310764999, 0.8282984836097107, 0.16299046439773868, 0.47655939985175433, 224.65748863858283, -221.85505334110888, 14.233525140861245, -14.031548607807366, 1.2914085244531734, 2.7539906029333983, -5.001088386807175, 1.6945433374479837, 1.2625825535995456, 0.9916601139063499] 
[-2.3536914898275914, 0.06077403287809702, -1.8904033096040127, -0.15663856505891083, 0.12812693855036006, 0.356842118112203, -0.24560676992600072, 0.66045050679136, 0.3308384412160894, 0.6444073766701051, 224.7617800893625, -221.7427544382592, 14.358168220186066, -13.98341828774887, 1.1264361848695572, 2.6679437215047064, -4.848531479232854, 1.0862840138836214, 0.6645354670413476, 1.1012039760350605] 
[-2.1590245634931104, -0.1338928934563839, -1.6957363832695318, -0.35130549139339173, -0.06653998778412085, 0.1621751917777221, -0.05093984359151982, 0.46578358045687906, 0.5255053675505703, 0.44974045033562415, 224.70847531820544, -221.94254103845705, 11.175664499130248, -10.794174914487808, 1.4501649445228209, 2.4483135871666413, -5.036737478509703, 0.640144757543924, 0.15753808545656856, 0.8025604895960656] 
[-2.397125279488689, 0.1042078225391947, -1.9338370992651104, -0.11320477539781315, 0.17156072821145774, 0.4002759077733007, -0.2890405595870984, 0.7038842964524576, 0.7636060835461489, 0.21163973434004557, 226.0713968290242, -223.30682148324374, 11.4442617996011, -10.813566147563128, 1.2280281686348498, 2.1757368114703315, -5.336068665393688, 1.0271041614387195, 0.5065408156894372, 0.7053310424195549] 
[-1.9819129625329222, -0.3110044944165722, -1.5186247823093435, -0.52841709235358, 0.5867730451672246, -0.014936409182466193, -0.7042528765428653, 0.28867197949669077, 0.348393766590382, 0.6268520512958125, 226.00709470302786, -223.8275335273737, 5.965781314231089, -5.347959411255391, 0.9593371438742555, 1.7307569983940523, -5.302899183762483, 2.117878051263979, 2.0289718449076646, 1.905227131195911] 
[-1.9409289662682792, -0.3519884906812152, -1.4776407860447005, -0.48743309608893703, 0.6277570414318676, -0.05592040544710919, -0.7452368728075083, 0.24768798323204777, 0.389377762855025, 0.5858680550311695, 225.69025782268588, -223.51144192316886, 5.746932500109903, -5.1288752928452706, 1.031839226529592, 1.8067122615553088, -5.335354988306811, 2.102976237376101, 2.058100804598067, 1.871963561203059] 
[-2.0647094501151653, -0.4757689745281013, -1.6014212698915866, -0.3636526122420509, 0.5039765575849815, 0.06786007839977692, -0.8690173566543944, 0.3714684670789339, 0.2655972790081389, 0.46208757118428334, 226.7137051205277, -224.5394911095366, 5.003115360574794, -4.392460646570207, 1.0768964470138471, 1.7048888190705154, -5.293606547138984, 2.2331014884352207, 2.2605687250322544, 2.0578313694120522] 
[-1.7862310547297824, -0.19729057914271841, -1.8798996652769695, -0.08517421685666804, 0.22549816219959862, -0.21061831698560596, -0.5905389612690115, 0.6499468624643168, -0.012881116377243984, 0.7405659665696662, 226.555560358014, -224.69323309638784, 4.859219517665636, -4.553295759077536, 0.8828763637227751, 1.8958586634826435, -5.297332567341524, 1.856420547415569, 1.8145711144425967, 1.6817098389143497] 
[-1.6137454357695518, -0.02480496018248779, -2.0523852842372, 0.08731140210356259, 0.05301254323936799, -0.3831039359458366, -0.4180533423087809, 0.8224324814245474, 0.15960450258298664, 0.5680803476094356, 222.01394974021747, -220.13224199056927, 1.8823455906984856, -1.6026896403771373, 1.1771148093419628, 2.113096504406772, -5.183011671076852, 1.9057755233756568, 1.6681891955854042, 1.51033215093269] 
[-1.4850855033442265, -0.15346489260781304, -2.1810452166625254, 0.21597133452888784, -0.07564738918595726, -0.25444400352051133, -0.5467132747341061, 0.6937725489992221, 0.2882644350083119, 0.43942041518411035, 222.0873067614046, -220.0768709998797, 1.927178524608982, -1.5077445917733852, 1.0319445235899778, 1.8540880759705332, -4.821738582437281, 1.3427559750423743, 1.1512466337258678, 1.3345499103306968] 
[-1.450393468452873, -0.11877285771645951, -2.146353181771172, 0.1812792996375343, -0.11033942407731079, -0.28913603841186486, -0.5814053096254597, 0.6590805141078686, 0.3229564698996654, 0.4047283802927568, 219.82704270849317, -217.81653403909533, 1.946473141162196, -1.5545626914958177, 1.0063260919813708, 1.8073310688524964, -4.7569296761506115, 1.2908166831760997, 1.166185054170773, 1.3721968778056812] 
[-1.7190864690279781, -0.38746585829156466, -2.415046182346277, -0.08741370093757084, 0.15835357649779436, -0.55782903898697, -0.3127123090503545, 0.39038751353276346, 0.054263469324560276, 0.13603537971765167, 219.7152026583262, -217.97565185250198, 1.8596056028939623, -1.777986887147261, 1.271918179317879, 2.0471073233894925, -4.751253763514578, 1.7863870134811048, 1.6385400838869224, 1.2124428958287787] 
[-1.3438032681645247, -0.012182657428111199, -2.0397629814828235, -0.4626969018010243, -0.2169296243656591, -0.18254583812351655, 0.06257089181309894, 0.015104312669310005, -0.3210197315388932, 0.5113185805811051, 224.4693596759427, -222.75760479714083, 3.135702978180193, -2.9225498738753837, 1.467209305888584, 1.2499924319574938, -3.850801953146271, 1.253148193787622, 1.8027830584534195, 0.8453213854714372] 
[-1.2009972555654258, -0.15498867002721006, -1.8969569688837247, -0.31989088920192543, -0.07412361176656024, -0.03973982552441768, 0.2053769044121978, 0.15791032526840887, -0.17821371893979432, 0.654124593180204, 230.00132626314772, -228.28906095757807, 3.9489616406553347, -3.7711130313659558, 1.1797664321937766, 1.1309834960894183, -3.6776008092837396, 1.4050350023499876, 1.6931417338594243, 0.7326827605027605] 
[-1.4847923320796852, 0.12880640648704933, -2.180752045397984, -0.6036859657161848, 0.20967146474769915, -0.3235349020386771, 0.4891719809264572, 0.44170540178266826, -0.4620087954540537, 0.9379196696944634, 229.88573671624883, -228.47165021761776, 3.6537159598966116, -3.7618985912615828, 1.485299750463729, 0.8346940177642761, -3.9087903451053028, 1.6093344475166647, 1.4755276179025472, 0.4791206472178377] 
[-1.4594673747031734, 0.15413136386356108, -2.1554270880214723, -0.5783610083396731, 0.1843465073711874, -0.2982099446621653, 0.5144969383029689, 0.46703035915918, -0.48733375283056546, 0.9125947123179516, 231.98469161276154, -230.5703587332645, 3.576218271598733, -3.6641147476345073, 1.5500573981209778, 0.885975765191243, -3.965026760870419, 1.5675345929130402, 1.4938075595608689, 0.4494388290270178] 
[-1.274402395926554, -0.03093361491305835, -1.9703621092448529, -0.39329602956305365, -0.0007184714054320196, -0.1131449658855459, 0.6995619170795884, 0.2819653803825606, -0.6723987316071849, 1.097659691094571, 221.8388946071785, -220.427336071091, 4.16038329261863, -4.380884084473088, 1.1163650122507567, 0.6402830879609774, -3.9769674148594873, 1.8326447636617846, 1.7394193149944488, 0.5716850378366088] 
[-1.5285644076498883, 0.22322839681027595, -1.7162000975215186, -0.13913401783971935, 0.2534435403179023, 0.1410170458377884, 0.44539990535625407, 0.02780336865922628, -0.4182367198838506, 1.3518217028179054, 216.07741774492814, -214.6661752330174, 3.9844888437713157, -4.449105912649646, 1.360145404170762, 0.9598950534166462, -4.736479216215571, 1.0552015554707581, 1.399823492068036, 0.410103295481246] 
[-1.79887509385469, -0.047082289394525745, -1.4458894113167169, -0.40944470404452105, -0.016867145886899415, -0.1292936403670133, 0.17508921915145237, -0.24250731754557542, -0.14792603367904889, 1.0815110166131037, 226.6119609194745, -225.2009586418942, 4.33472398769199, -4.517816462770748, 1.1367269032714524, 1.1560657661788585, -4.892949025063096, 1.2657048624446094, 1.7011433016074502, 0.11321820548877931] 
[-1.7602290235969313, -0.008436219136767065, -1.4845354815744756, -0.4480907743022797, 0.021778924370859265, -0.16793971062477198, 0.1364431488936937, -0.20386124728781674, -0.18657210393680757, 1.042864946355345, 225.16842769243868, -223.75712126922824, 4.787357876988316, -4.9710497406615595, 1.1984043476196482, 1.1198341481377228, -4.919423400324264, 1.3108620691202113, 1.6543227249621983, 0.07772055171319925] 
[-1.6834023984815687, -0.08526284425212971, -1.5613621066898382, -0.3712641491869171, -0.05504770074450338, -0.09111308550940933, 0.21326977400905633, -0.2806878724031794, -0.2633987290521702, 1.1196915714707076, 229.45193326360555, -228.04057569926184, 5.528017419274419, -5.711025709786659, 1.1479292613775383, 1.0546128493184963, -4.995421106787887, 1.23495352704856, 1.5990239582566288, 0.005954092854742549] 
[-1.9898749370214475, -0.3917353827920085, -1.867834645229717, -0.06479161064703831, 0.2514248377953754, 0.21535945303046944, -0.09320276453082244, 0.025784666136699386, 0.04307380948770856, 1.4261641100105864, 260.2741766359892, -258.8628131136027, 5.659356047465393, -5.525390856192117, 0.8252490101197609, 1.3596209501735967, -4.793372748599156, 0.8530732097093194, 2.044040503213174, -0.34905461172794483] 
[-2.4319606924301738, -0.8338211382007348, -1.4257488898209907, -0.5068773660557646, -0.1906609176133509, 0.6574452084391957, 0.34888299087790386, 0.4678704215454257, -0.39901194592101774, 0.9840783546018601, 260.0031686433381, -259.06544768056006, 5.425190033708147, -5.750701450387814, 1.3842240308199383, 1.8586360462707765, -5.1749568329190465, 1.3188788033330958, 1.6166271728208246, 0.09037939408005619] 
[-2.4617274714709154, -0.8040543591599931, -1.4555156688617323, -0.47711058701502296, -0.22042769665409256, 0.6276784293984541, 0.3191162118371622, 0.43810364250468403, -0.4287787249617594, 0.9543115755611185, 259.95321019216846, -259.0193351284417, 5.357082982193678, -5.678314510237595, 1.340330680465171, 1.9283258021182788, -5.11436432883064, 1.2838056979761072, 1.565567263776776, 0.12994837343853125] 
[-2.636067336031676, -0.9783942237207537, -1.629855533422493, -0.3027707224542624, -0.046087832093332004, 0.4533385648376935, 0.14477634727640165, 0.6124435070654446, -0.25443886040099883, 1.128651440121879, 260.25948322135054, -259.32180981373915, 5.441763303819519, -5.563692628186135, 1.4931100792825769, 2.0278910902199208, -5.207644969387326, 1.40071588525376, 1.4673526182263035, -0.023012287277014154] 
[-2.5345598759658863, -1.0799016837865434, -1.7313629934882826, -0.2012632623884727, 0.0554196279724577, 0.5548460249034832, 0.24628380734219135, 0.5109360469996549, -0.15293140033520913, 1.0271439800560893, 260.1769045214463, -259.3918143930703, 5.22762554809723, -5.346355820794105, 1.6012910789417951, 1.955734181392551, -5.129970545122625, 1.4704981698165491, 1.3947541104840475, 0.08489281311970268] 
[-2.165003563807975, -0.7103453716286321, -1.3618066813303713, 0.1682930497694386, -0.3141366841854536, 0.18528971274557193, 0.6158401195001026, 0.1413797348417436, -0.5224877124931204, 0.657587667898178, 260.4756022816735, -259.12831217795554, 5.449813398372604, -5.090075966768115, 1.226251200528331, 1.6595816450270837, -4.952163822553055, 1.2454896434386162, 1.6345798461627616, 0.43796480675916083] 
[-2.220348206042555, -0.6550007293940521, -1.3064620390957913, 0.22363769200401862, -0.2587920419508736, 0.24063435498015195, 0.6711847617346827, 0.08603509260716358, -0.4671430702585404, 0.602243025663598, 260.34104496131994, -259.0022147790769, 5.267957596389309, -4.903985802966062, 1.1590624559525742, 1.719680491829774, -5.059578586163167, 1.1375609847631252, 1.712762696795033, 0.3520481796218613] 
[-2.358199190664571, -0.7928517140160682, -1.1686110544737751, 0.08578670738200245, -0.1209410573288574, 0.3784853396021681, 0.8090357463566988, 0.22388607722917975, -0.32929208563652423, 0.7400940102856142, 259.9520110321789, -258.6044884967323, 5.415286722654932, -4.865392948129648, 1.3503385354618023, 1.508154368806821, -5.211008524585551, 1.1784116423103446, 1.6149650702975225, 0.2503564478858372] 
[-2.319213564664132, -0.7538660880156289, -1.2075966804742144, 0.12477233338244176, -0.0819554313284181, 0.41747096560260744, 0.7700501203562595, 0.26287170322961906, -0.36827771163696355, 0.7011083842851749, 259.88681030867065, -258.5515568829199, 5.322427603134914, -4.765413762350324, 1.3877055964890481, 1.5524462941967996, -5.173563795571126, 1.158957776630494, 1.580359397262934, 0.21942774883361774] 
[-2.3143811253665767, -0.7490336487180738, -1.2124291197717696, 0.12960477267999693, -0.08678787062597326, 0.4223034049001626, 0.7748825596538147, 0.2580392639320639, -0.3731101509345187, 0.70594082358273, 259.8817562591363, -258.5511420551536, 5.337821805705188, -4.780931753657591, 1.381438936074026, 1.5625529717329505, -5.156986176997208, 1.1732996410819356, 1.57646439153844, 0.22529486873460638] 
[-2.368207211767462, -0.8028597351189593, -1.158603033370884, 0.07577868627911144, -0.032961784225087776, 0.3684773184992771, 0.7210564732529292, 0.3118653503329494, -0.4269362373354042, 0.6521147371818445, 259.8708642835334, -258.63079101333346, 5.141784594216224, -4.590754269689002, 1.448586197440233, 1.5021881181528183, -5.161354235119662, 1.1075291994052108, 1.5219893856152953, 0.186079593025971] 
[-2.5385385889901997, -0.6325283578962217, -1.3289344105936216, 0.24611006350184894, -0.20329316144782528, 0.5388086957220146, 0.5507250960301917, 0.14153397311021187, -0.2566048601126667, 0.822446114404582, 259.91328880548826, -258.36720551851823, 5.693847436806724, -5.106597903506488, 1.608635000585854, 1.3275324074827686, -5.159201708057498, 0.9011817881061379, 1.3442893855414906, 0.07141084258814517] 
[-2.474103198002158, -0.6969637488842633, -1.26449901960558, 0.18167467251380742, -0.2677285524358668, 0.4743733047339731, 0.4862897050421502, 0.07709858212217036, -0.19216946912462518, 0.7580107234165405, 259.86697028702554, -258.4068108696035, 5.725080171442163, -5.0689609640283155, 1.5547725548640063, 1.277422488709309, -5.146889003359734, 0.8322243923548656, 1.2583069617690419, 0.1505462356471164] 
[-2.458974561848482, -0.7120923850379395, -1.2796276557592563, 0.1665460363601312, -0.2525999162821906, 0.4895019408876493, 0.471161068888474, 0.09222721827584657, -0.2072981052783014, 0.7428820872628643, 259.8821253705749, -258.40686658841, 5.6725121284921745, -5.016906549434616, 1.5381277798371835, 1.2957887381501525, -5.148468057615365, 0.8476571371752627, 1.272649320784384, 0.163691537733558] 
[-2.4839237317290213, -0.6871432151574002, -1.3045768256397956, 0.1914952062406705, -0.22765074640165128, 0.46455277100711, 0.4961102387690133, 0.06727804839530727, -0.2322472751588407, 0.717932917382325, 259.8968968969444, -258.38555364424985, 5.695993787392078, -5.010516487166946, 1.4997731735013442, 1.35877061866746, -5.075279346507278, 0.9045373546639495, 1.306708191174882, 0.1336013772746967] 
[-2.277760263932656, -0.8933066829537655, -1.0984133578434303, -0.014668261555694784, -0.021487278605285987, 0.2583893032107447, 0.289946770972648, 0.27344151619167256, -0.026083807362475397, 0.9240963851786903, 260.0218504822842, -258.2136997956302, 5.88329232556879, -4.953752209574322, 1.2484403548255223, 1.6007817935816953, -5.111588610614149, 1.0857898793172776, 1.1416948198753365, -0.044021284637311975] 
[-2.1873664433201974, -0.9837005035662241, -1.0080195372309717, -0.10506208216815338, 0.06890654200717261, 0.3487831238232033, 0.19955295036018939, 0.18304769557921396, -0.116477627974934, 1.014490205791149, 259.9962094388515, -258.3495611698962, 5.632768639609643, -4.722901772470961, 1.153811140934748, 1.7305384475515257, -4.958822405868195, 1.2007958923997797, 1.079669543233611, 0.0473110596697508] 
[-2.084858934718973, -0.8811929949649997, -1.110527045832196, -0.20756959076937775, 0.17141405060839698, 0.4512906324244277, 0.30206045896141376, 0.08054018697798959, -0.013970119373709622, 0.9119826971899245, 259.91747151378115, -258.4021550753689, 5.688552875726627, -4.651615724048749, 1.2475049386721049, 1.6554079136090056, -4.894940741363884, 1.1269959445848583, 1.1756342039202208, -0.060987161499101813] 
[-1.9472142161743058, -1.018837713509667, -1.2481717643768633, -0.06992487222471055, 0.033769332063729784, 0.3136459138797605, 0.16441574041674656, -0.05710453156667761, -0.15161483791837682, 1.0496274157345917, 259.8180616897608, -258.4711710196489, 5.7689980630888185, -4.569917899553405, 1.370299135051843, 1.6055986246887826, -4.725809064591582, 1.321581616914894, 1.3294082068184319, -0.19994268289882194] 
[-1.867866523572168, -0.9394900209075292, -1.1688240717747256, -0.14927256482684825, 0.11311702466586748, 0.3929936064818982, 0.24376343301888426, -0.1364522241688153, -0.07226714531623912, 0.970279723132454, 259.9775938906076, -258.6356033429629, 5.695543411045596, -4.61469086918035, 1.4545469944560887, 1.727610036758872, -4.594430441998792, 1.4175414749597717, 1.3978435466744283, -0.12573288950952805] 
[-1.8002310546506095, -1.0071254898290878, -1.101188602853167, -0.21690803374840684, 0.18075249358742607, 0.3253581375603396, 0.31139890194044284, -0.06881675524725672, -0.1399026142377977, 0.9026442542108954, 259.93794598654983, -258.6851960873139, 5.6486797224526635, -4.66189964988378, 1.536615120291416, 1.8411126075917528, -4.4931331425944645, 1.3801916308034126, 1.3377614105047264, -0.19093977087784775] 
[-1.7139119049313187, -1.0934446395483786, -1.0148694531338762, -0.13058888402911606, 0.09443334386813529, 0.23903898784104882, 0.22507975222115206, -0.1551359049665475, -0.22622176395708848, 0.9889634039301862, 259.8921850668561, -258.7631489603324, 5.471171636863993, -4.480491412479875, 1.406176794422855, 1.6803673676105553, -4.66929387016143, 1.2361188915840031, 1.441629988769677, -0.2862111270200821] 
[-1.6324173909243491, -1.1749391535553482, -0.9333749391269066, -0.04909437002214645, 0.01293882986116568, 0.1575444738340792, 0.3065742662281217, -0.07364139095957789, -0.14472724995011887, 0.9074688899232166, 259.7446418403591, -258.6179012494386, 5.421222348709306, -4.536923301674494, 1.3223314199334004, 1.611981846677152, -4.579095160078726, 1.3500925880651313, 1.352001886174755, -0.35679041150563495] 
[-1.360507017577497, -1.4468495269022004, -1.2052853124737588, 0.22281600332470575, 0.2848492032080179, -0.11436589951277298, 0.034663892881269476, -0.3455517643064301, 0.12718312339673332, 1.1793792632700688, 259.2962847285312, -258.1594400800198, 5.835028240749438, -4.945291357124127, 1.6093523785755106, 1.8615318668794598, -4.753089441869243, 1.5539351427011554, 1.5875294497240893, -0.10573911346102255] 
[-1.1430523351171118, -1.2293948444418152, -0.9878306300133737, 0.005361320864320618, 0.502303885668403, -0.3318205819731581, 0.2521185753416546, -0.12809708184604496, -0.09027155906365181, 0.9619245808096837, 259.10468340312474, -258.373269968567, 6.098960646371521, -5.21743966668231, 1.279900029517063, 1.5259572256298652, -4.493450179939561, 1.722326468623088, 1.7586973191439674, 0.11950869283679696] 
[-1.0377784918417277, -1.3346686877171994, -0.8825567867379895, 0.11063516413970476, 0.39703004239301887, -0.43709442524854225, 0.35739241861703874, -0.2333709251214291, -0.19554540233903595, 1.0671984240850678, 259.25250139850084, -258.5129223982621, 6.049452430960895, -5.309442668380857, 1.060731723112031, 1.2762599758402822, -4.331919355326778, 1.6676747870553101, 1.6545008934794532, 0.23011089014070824] 
[-1.1825026414866358, -1.1899445380722913, -0.7378326370930814, -0.03408898550520334, 0.25230589274811077, -0.29237027560363416, 0.5021165682619468, -0.088646775476521, -0.05082125269412785, 1.211922573729976, 259.4289826139738, -258.6705360127789, 5.977211640105319, -5.4376524372374595, 1.1154862452730043, 1.041679047874897, -4.034086700978986, 1.8859937561362854, 1.7403405860581547, 0.36700437775112527] 
[-1.0126655518602448, -1.0201074484459003, -0.5679955474666905, 0.13574810412118765, 0.42214298237450176, -0.46220736523002515, 0.6719536578883378, 0.08119031414986999, 0.11901583693226314, 1.042085484103585, 259.28137257747915, -258.73514205673024, 5.767856245806008, -5.212280095514025, 0.9837338286211335, 1.224129434528963, -4.21430368126468, 1.9606179090259486, 1.9014266767291115, 0.5339786938450133] 
[-0.7846173754567332, -1.248155624849412, -0.7960437238702021, 0.36379628052469926, 0.6501911587780134, -0.23415918882651354, 0.4439054814848262, 0.3092384905533816, 0.34706401333577475, 0.8140373077000733, 259.47066623860985, -258.64783070065766, 5.916934461238522, -5.048233774605901, 0.7682613052217879, 1.2117552885992589, -3.7050173691996204, 2.459931375163055, 1.7178049255572683, 0.7510655473358037] 
[-0.7159954054652218, -1.3167775948409233, -0.7274217538786907, 0.2951743105331879, 0.7188131287695247, -0.3027811588180249, 0.37528351149331485, 0.377860460544893, 0.4156859833272861, 0.8826592776915847, 259.5785715957321, -258.82318048679946, 6.092771165112926, -5.165775883571538, 0.7092744141887807, 1.2715852291673735, -3.846920833081064, 2.3008527528840257, 1.586296319655675, 0.6531893498308649] 
[-0.8327997338704165, -1.1999732664357285, -0.610617425473496, 0.4119786389383826, 0.60200880036433, -0.41958548722321964, 0.49208783989850957, 0.26105613213969825, 0.5324903117324808, 0.9994636060967794, 259.4458996001683, -258.7269793808797, 6.170670460787373, -5.250614835760589, 0.9809202162917057, 1.5521423556561078, -3.8488242608525365, 2.115936852988931, 1.371368466554094, 0.4851521800029345] 
[-0.7434316744297291, -1.1106052069950412, -0.5212493660328086, 0.50134669837907, 0.5126407409236426, -0.508953546663907, 0.4027197804578222, 0.17168807269901087, 0.6218583711731682, 1.0888316655374668, 259.60500588667816, -258.98710229863013, 6.420006689747127, -5.388892652160525, 0.975604861873695, 1.4312439257358338, -3.75078798036119, 2.050906972309896, 1.287025485475976, 0.5521500881835361] 
[-0.7185902414574272, -1.0857637740227393, -0.4964079330605067, 0.5261881313513719, 0.48779930795134074, -0.5337949796362089, 0.4275612134301241, 0.14684663972670897, 0.6466998041454701, 1.1136730985097687, 259.5943753258082, -259.03437920562266, 6.464817914590588, -5.352430658446439, 1.0315270397125902, 1.4787342490840538, -3.754997007704627, 2.019775385533329, 1.2488990009890735, 0.5171650038335948] 
[-0.7270405788407182, -1.0773134366394483, -0.48795759567721575, 0.517737793968081, 0.4793489705680498, -0.5422453170194999, 0.41911087604683317, 0.13839630234341804, 0.6382494667621792, 1.1221234358930596, 259.6063112526604, -259.0457353149107, 6.463523746486328, -5.3550697024948635, 1.0457865071614254, 1.4983347928268163, -3.7700949626750972, 2.0236522000854826, 1.2560318197740763, 0.5105912176356386] 
[-0.7661313534597021, -1.1164042112584323, -0.5270483702961997, 0.47864701934909704, 0.5184397451870337, -0.5031545424005159, 0.4582016506658171, 0.17748707696240196, 0.6773402413811631, 1.0830326612740757, 259.5226190231356, -258.9040748245761, 6.3323840172173576, -5.304727264476052, 1.0095518760550555, 1.4497695016315586, -3.777180662515886, 2.0575179182027465, 1.2285755052004605, 0.5426541346086745] 
[-0.5668801501807188, -1.3156554145374155, -0.3277971670172164, 0.27939581607011377, 0.31918854190805046, -0.30390333912153267, 0.2589504473868338, 0.3767382802413852, 0.8765914446601464, 1.282283864553059, 259.34185512701515, -258.9648236444306, 6.183188469968963, -5.386683036335308, 1.2642308603316783, 1.6671571910150784, -3.5642077167393986, 2.3075736778294362, 0.981963195493874, 0.27210721250517284] 
[-0.46132278876068966, -1.4212127759574447, -0.22223980559718726, 0.17383845465008463, 0.4247459033280796, -0.4094607005415618, 0.15339308596680468, 0.48229564166141436, 0.9821488060801755, 1.3878412259730881, 259.44741245478326, -258.9648233961313, 6.301265530676534, -5.546977747461906, 1.0806315604398107, 1.5340663628375955, -3.6563493133772442, 2.2057289233723862, 1.0902921474444414, 0.39969224224983674] 
[-0.49322189705331354, -1.3893136676648208, -0.19034069730456338, 0.14193934635746075, 0.4566450116207035, -0.3775615922489379, 0.18529219425942856, 0.4503965333687905, 1.0140479143727994, 1.3559421176804642, 259.4790388961217, -258.9607130380893, 6.331010947057989, -5.590138959858819, 1.0136278693814587, 1.4576015993639626, -3.601622765545837, 2.168815520222162, 1.0438883358700115, 0.3615724805424725] 
[-0.5122181473010947, -1.3703174174170396, -0.20933694755234455, 0.16093559660524193, 0.4376487613729223, -0.3965578424967191, 0.16629594401164738, 0.46939278361657166, 1.0330441646205806, 1.336945867432683, 259.4977881378812, -258.9578225289579, 6.348059872962351, -5.605274325958619, 1.049217908333057, 1.5031476797584329, -3.638855697728694, 2.1466055890527116, 1.0550641661297693, 0.34439739191142765] 
[-0.21310006076835109, -1.6694355039497832, -0.5084550340850882, -0.1381824899275017, 0.13853067484017867, -0.09743975596397547, -0.13282214252109625, 0.17027469708382803, 1.3321622511533242, 1.6360639539654267, 259.7872453303842, -258.8588381988014, 6.553771093779947, -5.343326176388515, 0.8465918167274356, 1.6568343401028354, -3.4439543179074263, 1.7706634071666276, 0.6027009838929052, -0.035012623484706906] 
[-0.38600296963632275, -1.842338412817755, -0.3355521252171165, 0.034720418940469955, 0.31143358370815033, 0.07546315290399619, -0.3057250513890679, 0.3431776059517997, 1.5050651600212959, 1.463161045097455, 259.59053054413414, -260.0021300388429, 7.691134720894372, -5.487953147039424, 1.0625295621072757, 1.8463707853021776, -3.310342905405507, 1.9337904918909803, 0.793624005621304, -0.21983992684613712] 
[-0.5008444632998597, -1.727496919154218, -0.45039361888065343, 0.14956191260400686, 0.19659209004461342, -0.03937834075954072, -0.190883557725531, 0.22833611228826278, 1.6199066536848328, 1.578002538760992, 259.54662987832324, -259.29961165519524, 6.988501298063653, -5.440131408510371, 0.9022905871969029, 1.6928194853458214, -3.1609801957624133, 1.7744649305356162, 0.6859196667439309, -0.11587065063481562] 
[-0.5039650651778267, -1.724376317276251, -0.4472730170026864, 0.1526825144819739, 0.1934714881666464, -0.04249894263750775, -0.19400415960349804, 0.22521551041029575, 1.6167860518068657, 1.574881936883025, 259.5508574742358, -259.28483889528525, 6.9739692614519395, -5.4384686596651, 0.8986297564192572, 1.6888868892293074, -3.1581981995318524, 1.7771059361532857, 0.6827919747398353, -0.11896932536896838] 
[-0.2810012343261228, -1.9473401481279549, -0.6702368478543903, 0.3756463453336778, -0.029492342685057515, 0.18046488821419615, 0.028959671248205865, 0.44817934126199965, 1.3938222209551618, 1.351918106031321, 259.2455300623009, -260.3997768641561, 8.088263697602752, -5.111073070136409, 1.1331795157258135, 1.5178551011117716, -3.3390964286862457, 1.5903242345655229, 0.4625933024586846, -0.34105715960654126] 
[-0.4057950305351419, -1.8225463519189358, -0.5454430516453712, 0.5004401415426969, 0.09530145352396158, 0.05567109200517706, 0.15375346745722496, 0.32338554505298056, 1.2690284247461427, 1.47671190224034, 259.06815726304677, -260.91539817017275, 8.620607447435926, -4.892145859884538, 1.0671330904078575, 1.6723388345724404, -3.1834782184090478, 1.711867901750176, 0.36758171066017026, -0.23456577721132005] 
[-0.3109038820845136, -1.917437500369564, -0.4505519031947429, 0.5953312899933252, 0.0004103050733332836, 0.15056224045580535, 0.058862319006596664, 0.41827669350360885, 1.363919573196771, 1.3818207537897118, 258.97961092325505, -260.8508736517505, 8.649080444897491, -5.045021064766509, 0.9172232910152092, 1.7611674593419944, -3.06593683395121, 1.8345569867782991, 0.48282794689310726, -0.1298728338446517] 
[-0.3093510761406755, -1.9189903063134022, -0.45210470913858103, 0.5937784840494871, 0.001963111017171393, 0.15211504639964346, 0.057309513062758555, 0.41982949944744696, 1.362366767252933, 1.3802679478458737, 258.98034627610235, -260.8587388267518, 8.657006296403182, -5.0447503666532905, 0.9189123017382556, 1.7598299102313808, -3.0645030301468124, 1.8360861854342108, 0.4816295500590203, -0.12852135597893316] 
[-0.49978475823808566, -2.1094239884108124, -0.26167102704117084, 0.7842121661468973, 0.19239679311458158, -0.03831863569776672, 0.24774319516016874, 0.6102631815448571, 1.5528004493503431, 1.1898342657484635, 259.1919147645095, -260.655275665232, 8.668115230203506, -5.169832472832505, 1.0460359124500835, 1.5369967110432015, -3.280023677716248, 2.0028799539831383, 0.33321152252035274, 0.03680160884202768] 
[-0.3699921792662977, -1.9796314094390244, -0.3914636060129588, 0.9140047451186852, 0.32218937208636955, -0.1681112146695547, 0.3775357741319567, 0.48047060257306917, 1.4230078703785551, 1.0600416867766755, 259.4615312918059, -260.0864890469203, 8.155982930892725, -4.833396190567719, 1.4264737717106228, 1.7244380707504836, -3.449760281944851, 1.837990311818148, 0.23190982456108097, 0.13573252617201031] 
[-0.6837484384999826, -2.2933876686727093, -0.07770734677927393, 0.6002484858850003, 0.008433112852684665, 0.1456450445641302, 0.6912920333656416, 0.16671434333938429, 1.73676412961224, 0.7462854275429907, 259.1457327149938, -260.10069608327905, 8.513310783385958, -4.484228147187944, 1.4298135545885118, 2.1160302721961957, -3.973025619798781, 1.3671776211458067, 0.415014042893465, -0.09951539622088562] 
[-0.6853940647745418, -2.29174204239815, -0.07935297305383315, 0.6018941121595596, 0.010078739127243885, 0.1472906708386894, 0.6929376596402008, 0.1683599696139435, 1.7384097558867992, 0.7479310538175499, 259.14580408142587, -260.09658613202595, 8.509111369182211, -4.488267898702132, 1.4258779668419275, 2.1138394046327345, -3.97765984846374, 1.3627668818909506, 0.4094484427109657, -0.1051353458646564] 
[-0.7440968971783164, -2.2330392099943754, -0.13805580545760776, 0.6605969445633342, -0.04862409327653072, 0.20599350324246402, 0.6342348272364262, 0.2270628020177181, 1.6797069234830246, 0.8066338862213245, 259.14842346549483, -259.9498211489163, 8.359092605252007, -4.632818472673809, 1.285236205530306, 2.0705896444848118, -3.83055755421381, 1.5125104717704052, 0.4371819626001249, -0.14407517016348712] 
[-0.7075070817485418, -2.196449394564601, -0.10146599002783319, 0.6240071291335596, -0.012034277846756147, 0.2425833186722386, 0.5976450118066516, 0.2636526174474927, 1.64311710805325, 0.7700440707915499, 259.18408484760386, -259.9520504528989, 8.32514459381819, -4.612454036368266, 1.2622439193422197, 2.03769848911388, -3.8133312887487474, 1.4878252306933757, 0.3271273318252139, -0.25442112267288164] 
[-0.728893035716002, -2.1750634405971407, -0.08008003606037306, 0.6453930831010197, -0.03342023181421627, 0.22119736470477847, 0.5762590578391915, 0.24226666348003256, 1.62173115408579, 0.7486581168240898, 259.1508742652741, -259.9831169658206, 8.320314536025885, -4.664043803922809, 1.2106799196573022, 2.0579275354554993, -3.821619708970052, 1.505045146450727, 0.3139689896364888, -0.24213102538679887] 
[-0.622936515115267, -2.069106919996406, -0.18603655666110797, 0.5394365625002848, -0.13937675241495118, 0.32715388530551337, 0.6822155784399264, 0.34822318408076747, 1.515774633485055, 0.8546146374248247, 259.15862113313244, -260.2426430687301, 8.57609473333119, -4.911081033211373, 0.9597536423634114, 1.9401482085347805, -3.9214633196596274, 1.5588502699570215, 0.3748093705340301, -0.30487346947826643] 
[-0.7524198435839615, -1.9396235915277114, -0.31551988512980245, 0.6689198909689793, -0.26886008088364566, 0.1976705568368189, 0.5527322499712319, 0.218739855612073, 1.3862913050163606, 0.9840979658935192, 259.1584364297446, -259.77894508142595, 8.099315554724317, -5.203776982443382, 0.7056016132377018, 1.7483589908023367, -4.289850349531659, 1.217584483189017, 0.02944919563037751, -0.6471580716821875] 
[-0.9273443914033059, -1.764699043708367, -0.14059533731045804, 0.4939953431496349, -0.09393553306430125, 0.022746009017474478, 0.7276567977905763, 0.3936644034314174, 1.2113667571970161, 1.1590225137128636, 259.20298236060427, -260.3081150518222, 8.663512796826977, -4.671371934855661, 1.2474613052900834, 1.4334525745883138, -4.471461167086866, 1.305256056297323, 0.14782417029317024, -0.7591958759709311] 
[-0.7434561262818953, -1.9485873088297776, -0.3244836024318687, 0.6778836082710455, 0.08995273205710941, 0.20663427413888513, 0.5437685326691657, 0.20977613831000674, 1.3952550223184268, 0.9751342485914529, 258.9925239104076, -260.4804723010117, 8.588072457474249, -4.335732078975584, 1.57597095392761, 1.58190276967863, -4.963249390688624, 0.7997741633959632, -0.046646520095674576, -0.64259479607441] 
[-0.7345122088787122, -1.9396433914265945, -0.31553968502868557, 0.6868275256742287, 0.09889664946029253, 0.197690356735702, 0.5348246152659826, 0.20083222090682362, 1.40419893972161, 0.9661903311882698, 258.97507404013265, -260.5145420011987, 8.620098125701004, -4.324957370259444, 1.5741081975478055, 1.5921590893669633, -4.955014651055248, 0.7947209447276795, -0.05267514883659451, -0.6369082913047107] 
[-0.6148853191281596, -2.059270281177147, -0.43516657477923815, 0.5672006359236761, 0.2185235392108451, 0.07806346698514943, 0.41519772551543, 0.08120533115627104, 1.5238258294721625, 1.0858172209388224, 258.7440741279865, -260.9754406672393, 9.053872420975772, -4.199600454204907, 1.5210954275622843, 1.4775536290048308, -4.901551259436887, 0.6989674107034987, -0.1337914381395418, -0.5618386501926098] 
[-0.46473949591461405, -2.2094161043906926, -0.5853123979927837, 0.7173464591372216, 0.36866936242439063, -0.0720823562283961, 0.26505190230188447, 0.23135115436981657, 1.673971652685708, 0.9356713977252769, 258.61774959624796, -260.8874452135233, 9.096608514160785, -4.498389210881656, 1.1935738187500178, 1.284075791129917, -4.666556453118596, 0.9442835049003896, 0.14749484427989268, -0.2811362888232903] 
[-0.5873993634920183, -2.0867562368132884, -0.46265253041537946, 0.5946865915598174, 0.24600949484698642, -0.1947422238058003, 0.3877117698792887, 0.3540110219472208, 1.5513117851083038, 0.8130115301478726, 258.77357361364267, -260.76330956223, 9.163724480037887, -4.422935937438265, 1.0686338011220498, 1.1332675497924072, -4.754354812526617, 1.0429155274978916, 0.22204901703915914, -0.36097218369096823] 
[-0.4848295321417986, -2.189326068163508, -0.3600826990651598, 0.4921167602095977, 0.14343966349676673, -0.29731205515602, 0.285141938529069, 0.45658085329744047, 1.6538816164585235, 0.9155813614980923, 258.9069505508744, -260.6506383272634, 9.204420241286686, -4.361934273307673, 0.9678823666083679, 0.9925793624286144, -4.6497353694362875, 0.978545391947099, 0.5099409901158785, -0.07283546890292553] 
[-0.5159754245065145, -2.158180175798792, -0.3289368067004439, 0.46097086784488184, 0.11229377113205086, -0.32845794752073587, 0.31628783089378487, 0.4254349609327246, 1.6850275088232394, 0.9467272538628082, 258.8745739979815, -260.6551923177029, 9.244370091618881, -4.330102046135646, 0.9530139690276436, 1.0120562307412264, -4.614233020533569, 1.0190404589982958, 0.48775950458871814, -0.05377907392315104] 
[-0.6136091925338469, -2.2558139438261247, -0.23130303867311142, 0.36333709981754936, 0.20992753915938334, -0.2308241794934034, 0.41392159892111735, 0.5230687289600571, 1.587393740795907, 0.8490934858354757, 258.852224713432, -260.3798544975021, 8.97610857688594, -4.217613911494316, 1.0913450430704288, 0.9451217670691603, -4.671867310451186, 1.0921578544070492, 0.690417241923929, 0.1510169771376656] 
[-0.44952359764648264, -2.0917283489387604, -0.3953886335604757, 0.19925150493018506, 0.04584194427201904, -0.0667385846060391, 0.24983600403375306, 0.3589831340726928, 1.7514793356832712, 1.01317908072284, 258.6135379791499, -260.58462553973044, 8.901025755586112, -4.491951747440686, 0.7955649465881984, 0.7400991482274375, -4.745811853892625, 1.2340865722461292, 0.3052155979885734, -0.23349945768144148] 
[-0.42224952524900417, -2.119002421336239, -0.4226627059579542, 0.22652557732766354, 0.018567871874540565, -0.09401265700351757, 0.27711007643123153, 0.3317090616752143, 1.7242052632857927, 0.9859050083253615, 258.6450470146087, -260.5650431570937, 8.921147304188969, -4.454885652894494, 0.8285078458129589, 0.7156740386627797, -4.767074027593139, 1.25328933019896, 0.35687905367179285, -0.18104622381121735] 
[-0.5261211841156737, -2.2228740802029083, -0.3187910470912847, 0.33039723619433303, -0.08530378699212893, 0.009859001863151917, 0.380981735297901, 0.4355807205418838, 1.8280769221524622, 1.089776667192031, 258.8405906133908, -260.13582150727046, 8.521725806503163, -4.410748073067636, 0.9431124060081872, 0.8097084965090652, -4.635241164381596, 1.3948324656678777, 0.2791249125525548, -0.11728646419617081] 
[-0.354236643179906, -2.0509895392671407, -0.14690650615551704, 0.15851269525856537, -0.2571883279278966, 0.18174354279891958, 0.20909719436213337, 0.6074652614776515, 1.6561923812166945, 1.2616612081277987, 259.0003182350004, -260.1757137114247, 8.394077644170267, -4.3095927079833425, 0.787504509803755, 0.9930264296052145, -4.756615945884097, 1.5397115539669868, 0.13956204737163339, -0.0020188657581270975] 
[-0.05136910741387268, -1.7481220035011074, 0.15596102961051628, 0.4613802310245987, 0.045679207838136726, -0.12112399296711374, -0.09377034140389995, 0.30459772571161814, 1.9590599169827279, 0.9587936723617654, 259.6385755918753, -258.08265209857797, 6.342840030534464, -4.699480046461706, 1.1182388363750186, 0.6418839479033198, -4.561118675340982, 1.2573842690914232, 0.3964035588671053, -0.2409595323867644] 
[-0.09656502393658783, -1.7933179200238225, 0.11076511308780113, 0.5065761475473138, 0.09087512436085188, -0.07592807644439858, -0.0485744248811848, 0.3497936422343333, 2.004255833505443, 1.0039895888844805, 259.578825921295, -259.68948537181456, 7.95041219043319, -4.780898518851055, 1.1255659578590238, 0.5901499446919707, -4.504237676320316, 1.1957149829593865, 0.4975153295645043, -0.1444728077721446] 
[-0.11468195495369926, -1.811434851040934, 0.12888204410491255, 0.4884592165302024, 0.07275819334374045, -0.05781114542728716, -0.03045749386407337, 0.33167671121722186, 2.0223727645225544, 1.022106519901592, 259.59734308355166, -259.6706755732733, 7.950102440044393, -4.767864455082692, 1.1149678134576961, 0.6060682918834368, -4.4862130384506065, 1.1713370638716494, 0.5353615578967982, -0.10903080483085414] 
[-0.3712322585711618, -2.0679851546583965, 0.3854323477223751, 0.23190891291273985, -0.1837921102737221, -0.3143614490447497, -0.28700779748153593, 0.5882270148346844, 1.7658224609050919, 1.2786568235190545, 259.17175198277124, -265.8691275101181, 14.148123675805682, -5.165804325483986, 1.171540564710864, 0.36768904620439125, -4.738742819518425, 1.5091345933291105, 0.0144401216059179, -0.5967194354607059] 
[-0.39134544944115746, -2.047871963788401, 0.3653191568523795, 0.21179572204274422, -0.16367891940372647, -0.33447463991474535, -0.30712098835153157, 0.5681138239646888, 1.7859356517750875, 1.2987700143890502, 259.14634617580384, -265.8997166529437, 14.156134799005272, -5.193928908725227, 1.1399563738677414, 0.4006897784698903, -4.764620545184235, 1.4919113888669424, 0.04261390980290913, -0.5699838842676666] 
[-0.43757606351293177, -2.094102577860175, 0.4115497709241538, 0.1655651079709699, -0.2099095334755008, -0.28824402584297104, -0.3533516024233059, 0.5218832098929145, 1.7397050377033132, 1.2525394003172758, 259.2395176679479, -265.63170885314304, 13.888258556834652, -5.093625661066866, 1.197315477490655, 0.4558613663303381, -4.821538688932667, 1.4655488472642642, -0.01371681340348381, -0.6286780730048785] 
[-0.5479119309571736, -1.9837667104159333, 0.5218856383683956, 0.27590097541521175, -0.09957366603125894, -0.1779081583987292, -0.24301573497906404, 0.41154734244867264, 1.850040905147555, 1.3628752677615177, 259.44979117748125, -265.1597822438816, 13.447314405906248, -5.137909391994976, 1.055889781823032, 0.5804415363727807, -4.769315030065021, 1.5546130509063047, 0.06579823597359624, -0.7177518547107095] 
[-0.7357263764315327, -1.7959522649415742, 0.7097000838427547, 0.46371542088957085, 0.08824077944310016, -0.3657226038730883, -0.05520128950470493, 0.22373289697431353, 2.037855350621914, 1.1750608222871586, 259.21130368204973, -265.4021719551901, 13.454275431929064, -5.296297045583614, 1.1868231727021583, 0.7893118853022173, -4.964622148374061, 1.4246591983221368, -0.07873248739843838, -0.5562220148715648] 
[-0.6068913096078212, -1.6671171981178627, 0.8385351506664662, 0.5925504877132823, 0.21707584626681165, -0.4945576706967998, 0.07363377731900655, 0.09489783015060205, 1.9090202837982027, 1.30389588911087, 259.3028751456787, -265.6508704464376, 13.697971841989732, -5.131329354452319, 1.3875577542271185, 1.008672524778151, -5.177588568292501, 1.5462137622321792, 0.10152161240245058, -0.36688987490405167] 
[-0.6742737287581839, -1.5997347789675, 0.9059175698168289, 0.5251680685629196, 0.14969342711644895, -0.4271752515464371, 0.14101619646936925, 0.16228024930096474, 1.9764027029485653, 1.2365134699605074, 259.3728384222041, -265.6038161491812, 13.742180764187019, -5.174266759109083, 1.4617954391093617, 1.151824011091145, -5.316248444024858, 1.4670017954797074, 0.1937340057804866, -0.2766681792651484] 
[-0.511705370408805, -1.762303137316879, 1.0684859281662078, 0.36259971021354076, 0.31226178546582783, -0.2646068931970582, -0.021552161880009635, -0.0002881090484141424, 1.8138343445991865, 1.0739451116111285, 259.2045003565967, -265.92320870615714, 14.061401365393978, -5.315678780005942, 1.5515283516192107, 0.8999293558328259, -5.0700347612555845, 1.3202671065102995, 0.4353125759052305, -0.04222763103459673] 
[-0.49255987228886156, -1.7431576391969354, 1.0876314262861513, 0.38174520833348424, 0.3314072835857713, -0.24546139507711473, -0.0024066637600661522, -0.019433607168357625, 1.83297984271913, 1.054799613491185, 259.18838604765983, -265.8906859215874, 14.025296399837112, -5.29287735099883, 1.5393714546011348, 0.9117711777201271, -5.054227216202363, 1.3390847082614563, 0.4484038190334168, -0.05531644668915264] 
[-0.47848437685759393, -1.7290821437656678, 1.0735559308548837, 0.3676697129022166, 0.3173317881545037, -0.25953689050838236, -0.01648215919133378, -0.03350910259962525, 1.8189043472878623, 1.0688751089224526, 259.2033139386847, -265.8801759824736, 14.037139616540026, -5.307112023962061, 1.5485982774733051, 0.9031708544444369, -5.066293626119719, 1.3249888980082716, 0.43877864127678956, -0.045826873911521744] 
[-0.3271236885700475, -1.8804428320532143, 1.22491661914243, 0.5190304011897631, 0.16597109986695724, -0.1081762022208359, 0.13487852909621267, 0.1178515856879212, 1.6675436590003159, 0.9175144206349062, 259.3628016929078, -265.7681963259031, 14.159003739806492, -5.441135740594413, 1.7517452213851616, 1.1647589295074716, -5.283928207772981, 1.4821602203424231, 0.7239393602131059, 0.23845197772175758] 
[-0.08586998530179812, -2.1216965353214636, 0.9836629158741808, 0.7602841044580124, 0.4072248031352066, 0.13307750104741345, 0.376132232364462, -0.12340211758032815, 1.4262899557320665, 0.6762607173666568, 259.1394550093572, -265.5853100992033, 14.278367731949528, -5.176122694223254, 2.0741379952442274, 1.4254948423371132, -5.03282208498665, 1.7636065933155503, 0.1147047126588232, -0.368803884557732] 
[-0.34763752606813725, -1.8599289945551245, 0.7218953751078416, 0.4985165636916733, 0.6689923439015457, 0.3948450418137526, 0.6378997731308012, -0.3851696583466673, 1.6880574964984056, 0.938028258132996, 258.902526780019, -265.0320197335863, 13.635856384544859, -4.794407011949805, 1.8374973110092327, 1.0434435547470566, -5.5002498448227195, 1.3142212491692389, 1.2509123553084598, 0.763208409416746] 
[-0.08409146715660043, -2.1234750534666613, 0.4583493161963048, 0.23497050478013648, 0.4054462849900089, 0.13129898290221576, 0.37435371421926433, -0.12162359943513046, 1.9516035554099425, 1.2015743170445328, 258.6422524594255, -264.99833712167543, 13.93832860098126, -5.167310835397178, 1.6268265200714118, 1.3573836487841109, -4.8553934274724, 1.9133551341842943, 1.4516336462851898, 0.6089125432282937] 
[0.04399350523306822, -1.9953900810769927, 0.5864342885859735, 0.36305547716980513, 0.5335312573796775, 0.0032140105125471052, 0.502438686608933, -0.2497085718247991, 1.8235185830202738, 1.0734893446548641, 258.77065666303224, -264.99109723608007, 14.104659167653201, -5.36099030042117, 1.4807777487569707, 1.4078584971417984, -5.052484491345059, 1.7058827101227465, 1.2499377168453352, 0.41375103573379285] 
[0.04105309211083963, -1.992449667954764, 0.5834938754637449, 0.36011506404757654, 0.530590844257449, 0.006154423634775696, 0.4994982734867044, -0.24676815870257052, 1.8264589961425024, 1.0764297577770927, 258.7733698261949, -264.97855398359866, 14.091929474109183, -5.359682764936342, 1.4868052125306714, 1.4136513118757694, -5.057925557244976, 1.7004935918043467, 1.251604025947829, 0.4115564300947985] 
[0.42890224900351015, -1.6046005110620936, 0.19564471857107435, 0.7479642209402471, 0.14274168736477844, 0.3940035805274462, 0.11164911659403387, 0.1410809981901, 1.4386098392498319, 0.6885806008844222, 259.18691638718207, -266.50842899542727, 15.583871710438014, -5.076080832888126, 2.3170366618846265, 2.1958896868423463, -4.7976704613481145, 1.4179348997437495, 0.9641150157970029, 0.6714310828701358] 
[0.25890169581577993, -1.4345999578743633, 0.02564416538334413, 0.9179647741279773, -0.027258865822951783, 0.224003027339716, -0.05835143659369635, -0.028919554997630215, 1.2686092860621017, 0.8585811540721524, 259.3792949116267, -268.10053698085807, 17.175909887663934, -5.6100681008442965, 1.7774762020372439, 2.0201621350120833, -4.675245283888091, 1.6023336075045609, 1.0688041150480598, 0.5807647532971709] 
[-0.13185611492241023, -1.8253577686125535, -0.36511364535484603, 0.5272069633897871, 0.3634989449152384, 0.6147608380779062, -0.4491092473318865, -0.4196773657358204, 0.8778514753239115, 1.2493389648103426, 259.30622135643443, -258.9614788635672, 8.035744966292123, -5.4333794295486895, 1.5321536294956295, 1.6994002728769095, -4.3773489693869045, 1.9851254571751298, 0.025169412833470295, -0.46084455128758406] 
[0.02009606522843299, -1.6734055884617103, -0.2131614652040028, 0.3752547832389439, 0.21154676476439516, 0.46280865792706294, -0.2971570671810433, -0.5716295458866636, 0.7258992951730683, 1.4012911449611858, 259.4601992561418, -258.9002936808561, 7.803592868863162, -5.7598671538563275, 1.1758730143010225, 1.4567070224816332, -4.380047600076829, 2.0987255239397573, 0.1924599127714054, -0.2717560449531853] 
[-0.14306407652109243, -1.5102454467121849, -0.05000132345447739, 0.21209464148941848, 0.3747069065139206, 0.6259687996765884, -0.13399692543151787, -0.40846940413713817, 0.5627391534235429, 1.5644512867107112, 259.6237462362203, -259.0882355293412, 7.828741351772661, -5.4809392567321025, 1.5049742409236098, 1.8471457829729767, -3.97334660731944, 1.733031994377402, 0.48432379414958476, -0.4074289612400227] 
[-0.24116994940542824, -1.412139573827849, 0.04810454942985842, 0.3102005143737543, 0.27660103362958477, 0.7240746725609242, -0.23210279831585368, -0.31036353125280236, 0.6608450263078787, 1.662557159595047, 259.58944855422095, -266.48383322777596, 15.224634989387702, -5.5797091962924945, 1.6133458399505363, 1.9491975346507808, -4.024198289091281, 1.8124292672705116, 0.555690788957161, -0.5053131257019577] 
[-0.11215055885540792, -1.5411589643778694, 0.17712393997987874, 0.18118112382373397, 0.14758164307956445, 0.5950552820109039, -0.10308340776583336, -0.4393829218028227, 0.789864416857899, 1.5335377690450267, 259.7225860549151, -266.59296668405614, 15.198626399261341, -5.788731032650299, 1.3412273705462099, 1.5293438412705256, -4.407676034945782, 1.7763245703339363, 0.4278668563700695, -0.3694480948165436] 
[-0.12135628655782682, -1.5319532366754505, 0.16791821227745984, 0.17197539612131507, 0.13837591537714555, 0.585849554308485, -0.11228913546825225, -0.4485886495052416, 0.7990701445603179, 1.5243320413426078, 259.7133584040472, -266.5863561485872, 15.201311972336867, -5.799783403714973, 1.3306232234413788, 1.5338576285548908, -4.413880351574834, 1.769685858658652, 0.42085489677958143, -0.3604102616057302] 
[-0.07289940863894984, -1.5804101145943275, 0.11946133435858286, 0.12351851820243809, 0.18683279329602254, 0.6343064322273619, -0.06383225754937527, -0.49704552742411856, 0.8475270224791949, 1.5727889192614848, 259.76175306257875, -266.5731211036941, 15.23709548731891, -5.757592563771063, 1.2917572952176635, 1.556292485082577, -4.453612036878816, 1.8110892959742122, 0.4554459236213663, -0.4078295575652836] 
[-0.19101912415823108, -1.4622903990750462, 0.2375810498778641, 0.005398802683156845, 0.0687130777767413, 0.5161867167080807, 0.05428745796990597, -0.3789258119048373, 0.7294073069599136, 1.4546692037422035, 259.6435834334762, -266.64440503345475, 15.189712135113853, -5.891029305865087, 1.16387723769032, 1.5985783033129704, -4.551434657976138, 1.9057683185880225, 0.5439024409208564, -0.5260654154712006] 
[-0.280330297163804, -1.3729792260694733, 0.1482698768722912, -0.08391237032241605, -0.020598095228831603, 0.4268755437025078, 0.14359863097547887, -0.2896146388992644, 0.6400961339543407, 1.3653580307366306, 259.5173261186692, -264.84745648645674, 13.392321577364243, -6.0266776088148815, 1.0630830360464525, 1.4181644467984547, -4.724483209226223, 2.019080515863208, 0.42920224462767387, -0.44498271771561704] 
[-0.27519564443137057, -1.3781138788019067, 0.15340452960472462, -0.08904702305484946, -0.025732747961265012, 0.4217408909700744, 0.14873328370791228, -0.284479986166831, 0.6452307866867741, 1.3602233780041972, 259.522780758026, -264.8533413615776, 13.392808364255394, -6.02192794501993, 1.067898282409998, 1.414191172178559, -4.721428783127071, 2.015456213727432, 0.4242217223475195, -0.45069893188801063] 
[-0.0978003318605083, -1.2007185662310444, -0.023990782966137658, 0.08834828951601281, -0.20312806053212729, 0.24434557839921212, 0.32612859627877455, -0.4618752987376933, 0.8226260992576364, 1.5376186905750595, 259.4863867651541, -267.56306951644865, 16.10765334662481, -5.747454721141753, 0.8635372276592812, 1.5361477009653999, -4.87022499378578, 1.8555064661556337, 0.2584816761058538, -0.6480906091391142] 
[-0.22048603687327173, -1.3234042712438079, 0.09869492204662578, -0.03433741549675062, -0.08044235551936385, 0.12165987338644868, 0.448814301291538, -0.5845610037504567, 0.699940394244873, 1.660304395587823, 259.3019636564015, -265.8149683189772, 14.362351253004324, -5.618122745057579, 0.7658746148319872, 1.465116601129168, -4.724930486819975, 1.994039810222073, 0.34409414738239597, -0.5235415423426256] 
[-0.3103689681754531, -1.2335213399416265, 0.008811990744444387, 0.05554551580543077, 0.00944057578281754, 0.03177694208426729, 0.3589313699893566, -0.6744439350526381, 0.7898233255470544, 1.5704214642856416, 259.3103417962034, -264.29309008101296, 12.84086799799787, -5.56771571229834, 0.8476860237653822, 1.5448385102547528, -4.758323893626519, 2.1271245169179593, 0.19895030459078308, -0.42668873640386856] 
[-0.22522676454233093, -1.1483791363085043, 0.09395419437756658, -0.029596687827691426, -0.07570162785030465, 0.11691914571738948, 0.2737891663562344, -0.5893017314195159, 0.7046811219139322, 1.6555636679187637, 259.3953486510521, -264.2917508600294, 12.924572583043316, -5.648182049716614, 0.9275270310412769, 1.4562797361070077, -4.898471300834127, 1.9361467402278603, 0.36271458091310904, -0.3415124785654501] 
[-0.2717745647088421, -1.1018313361419931, 0.047406394211055414, 0.01695111233881974, -0.12224942801681582, 0.07037134555087832, 0.32033696652274557, -0.5427539312530048, 0.7512289220804433, 1.6090158677522526, 259.3499785159788, -264.30461354255453, 12.891209412267168, -5.601379183307473, 0.8751842351347918, 1.515150800261793, -4.823521445292649, 2.033840583758809, 0.27829033917824353, -0.38421096525322557] 
[-0.07866834823049018, -0.9087251196636412, -0.1456998222672965, -0.17615510413953217, 0.07085678846153609, 0.26347756202923023, 0.12723075004439366, -0.34964771477465284, 0.9443351385587953, 1.4159096512739007, 259.38085366246975, -262.9674590676894, 11.553968081148764, -5.433993532003941, 1.048720168716973, 1.699183881003761, -4.641854416179269, 1.9459886574830412, 0.12089354816210032, -0.5738022028858214] 
[-0.04125685190621198, -0.9461366159879194, -0.1082883259430183, -0.21356660046381037, 0.1082682847858143, 0.30088905835350843, 0.08981925372011546, -0.38705921109893104, 0.9817466348830735, 1.3784981549496225, 259.33517372091944, -262.7963109692412, 11.384895934975935, -5.450882602281296, 1.0159610287072351, 1.7249107897008913, -4.678643377645528, 1.8937981191353894, 0.17382454486689147, -0.5301759716832273] 
[0.10024442870391326, -1.0876378965980447, -0.24978960655314353, -0.07206531985368514, 0.24976956539593953, 0.44239033896363367, 0.2313205343302407, -0.5285604917090563, 0.8402453542729482, 1.2369968743394972, 259.19216678414637, -262.73389010659423, 11.48732534077598, -5.63255998885984, 1.177553700636739, 1.5467897807575977, -4.858974696021188, 2.063201078684217, -0.028256769575945223, -0.7014137149407154] 
[0.337900772168215, -0.8499815531337429, -0.4874459500174453, 0.16559102361061662, 0.4874259088602413, 0.2047339954993319, 0.46897687779454245, -0.2909041482447545, 0.6025890108086465, 1.474653217803799, 258.9538526925196, -262.7480372258534, 11.76928826611016, -5.9139200961518394, 1.3462748098098851, 1.1520225394908814, -5.34118945406727, 1.5872044264797465, 0.43600270319722956, -0.3659268685274873] 
[0.49206518705806346, -0.6958171382438945, -0.33328153512759684, 0.31975543850046506, 0.33326149397039284, 0.05056958060948347, 0.6231412926843909, -0.13673973335490608, 0.7567534256984949, 1.6288176326936474, 258.997110285239, -263.2549382845177, 12.347667114381847, -6.264123404938054, 1.193223266140031, 1.2541139344484749, -5.234146863236086, 1.4374655766001925, 0.6302934760508874, -0.20163565307030892] 
[0.38451704202737247, -0.8033652832745855, -0.44082968015828783, 0.21220729346977407, 0.22571334893970185, 0.15811772564017446, 0.7306894377150819, -0.02919158832421509, 0.6492052806678039, 1.7363657777243384, 258.76415372014606, -263.6007805674668, 12.63578719007249, -6.247071788662998, 1.1154938400286687, 1.3348249977828919, -5.304512429056546, 1.4964398198105633, 0.7290069719197606, -0.09798090644185962] 
[0.36966113677914336, -0.8182211885228146, -0.4259737749100587, 0.19735138822154497, 0.21085744369147275, 0.14326182039194535, 0.7158335324668528, -0.044047493572444196, 0.6343493754195748, 1.7215098724761093, 258.74660370836403, -263.6111251823402, 12.620735013142765, -6.22484174122204, 1.1317340995121272, 1.3221304908724905, -5.316301459578389, 1.5032975352344466, 0.7423973701066031, -0.08445863733412015] 
[0.5676151588151193, -0.6202671664868387, -0.22801975287408283, 0.39530541025752086, 0.40881146572744864, 0.34121584242792125, 0.9137875545028287, 0.1539065284635317, 0.4363953533835989, 1.5235558504401334, 258.82642331432527, -264.08948801910964, 13.104955794860004, -6.187928731745921, 0.977468484194434, 1.505475742356663, -5.157507648415534, 1.4131838138257204, 0.5630349715487472, -0.26646790675462984] 
[0.42934053178947806, -0.7585417935124799, -0.366294379899724, 0.25703078323187967, 0.5470860927530898, 0.47949046945356244, 1.0520621815284699, 0.2921811554891729, 0.5746699804092401, 1.3852812234144922, 258.4971749801455, -264.52602322312947, 13.427990005492331, -6.048610003345976, 1.139814007893377, 1.4363892849756568, -5.087849370278041, 1.3376973311920257, 0.6976840438007931, -0.12553745747487116] 
[0.3157028452152133, -0.6449041069382151, -0.4799320664739888, 0.37066846980614443, 0.4334484061788251, 0.3658527828792977, 1.1656998681027346, 0.17854346891490813, 0.46103229383497535, 1.2716435368402275, 258.4738147544489, -264.2272359506864, 13.098834887570558, -5.885369761547852, 0.9762484578962896, 1.2504085968324175, -5.084425939183869, 1.2375616634459585, 0.7892523378822939, -0.23038353390173855] 
[0.5249360582252223, -0.8541373199482241, -0.2706988534639798, 0.16143525679613546, 0.2242151931688161, 0.5750859958893066, 0.9564666550927257, 0.3877766819249171, 0.2517990808249664, 1.4808767498502364, 258.60357031999797, -264.54754744707344, 13.3815054330009, -5.626839742129519, 1.478698043529013, 1.8462692368142957, -3.498306918379382, 2.7775206629042857, 0.6471893891199282, -0.4579463652470692] 
[0.8298023642000913, -0.549271013973355, 0.03416745251088926, -0.14343104917873362, -0.08065111280605297, 0.27021968991443757, 0.6516003491178566, 0.6926429878997862, 0.5566653867998355, 1.1760104438753674, 258.5986015674667, -263.63654482400165, 12.414826531743643, -5.113213187067148, 1.7513437722565561, 1.2501235669445605, -4.615496753140995, 1.7849265265529934, 0.7488912182653189, -0.1509736272380191] 
[0.7363850739846249, -0.6426883041888214, -0.059249837704577146, -0.05001375896326721, -0.17406840302151938, 0.17680239969897116, 0.5581830589023902, 0.7860602781152526, 0.46324809658436905, 1.2694277340908338, 258.50885047194026, -263.63071873336304, 12.50316660778319, -5.218123278756203, 1.8499465302614657, 1.3770432712318232, -4.42132362029506, 1.9492423931456504, 0.7107660525737413, -0.25035308581443005] 
[0.7891658264902617, -0.5899075516831846, -0.11203059021021389, -0.10279451146890395, -0.12128765051588264, 0.12402164719333442, 0.5054023063967534, 0.8388410306208893, 0.5160288490900058, 1.216646981585197, 258.6232236743828, -263.51615339908477, 12.50250015376482, -5.161878400793922, 1.7801092532479235, 1.4609769512262067, -4.290234924682375, 2.128312180302144, 0.8560225237288892, -0.2895192490872453] 
[0.9669721158948903, -0.41210126227855604, 0.06577569919441473, 0.07501177793572467, -0.29909393992051125, 0.30182793659796303, 0.683208595801382, 0.6610347412162607, 0.6938351384946344, 1.0388406921805684, 258.0372680541857, -264.20815493819566, 12.935443407379335, -5.006746019959328, 1.6088503173309523, 1.2746710097732663, -4.559704171546985, 1.9051801457805806, 0.9287959824374021, -0.10339041040996108] 
[0.8871799194606744, -0.33230906584434017, 0.1455678956286306, 0.15480397436994053, -0.3788861363547271, 0.3816201330321789, 0.6034163993671662, 0.5812425447820448, 0.7736273349288503, 0.9590484957463525, 257.71761961396095, -264.52615892605314, 12.922731171062784, -5.091412152230812, 1.5513283914100184, 1.173722399373281, -4.728983204644758, 1.7638407625078367, 0.980681524332627, -0.010313563319747074] 
[0.9466871962859216, -0.272801789019093, 0.08606061880338345, 0.09529669754469339, -0.31937885952948, 0.44112740985742604, 0.6629236761924133, 0.5217352679567977, 0.8331346117540974, 0.8995412189211054, 257.97571466258904, -264.2551893858968, 12.81329680201659, -5.052185814128071, 1.5128421630743818, 1.128137105524012, -4.725934744693534, 1.6650768333228423, 0.8551542159649004, -0.11192076221329858] 
[1.0190928377353856, -0.20039614756962898, 0.013654977353919406, 0.022891056095229345, -0.24697321808001593, 0.368721768407962, 0.5905180347429493, 0.5941409094062617, 0.9055402532035615, 0.8271355774716413, 257.91097881488156, -264.245374878898, 12.889806027988095, -4.983701247167799, 1.3992340716276233, 1.2957278572119104, -4.528520271339094, 1.8131939171131015, 0.781213557752521, -0.2138321232392572] 
[0.6675528688766761, -0.5519361164283385, 0.36519494621262893, 0.3744310249539389, 0.1045667507786936, 0.017181799549252474, 0.23897806588423975, 0.2426009405475522, 1.257080222062271, 0.4755956086129318, 257.61931587821744, -264.17363061722733, 13.238496293619985, -4.637235263911451, 0.9604052919858734, 1.7123347839844, -4.649004739693555, 2.0690551919801825, 0.628520975002185, 0.0703171115620791] 
[0.708991620648078, -0.5933748681997404, 0.4066336979840308, 0.41586977672534076, 0.06312799900729171, 0.05862055132065436, 0.19753931411283787, 0.2840396923189541, 1.215641470290869, 0.5170343603843337, 257.5384119461234, -264.2484970077745, 13.214524537921127, -4.67726123224188, 0.9845329341578555, 1.6741183587095056, -4.596069735770176, 2.1218560908979485, 0.6174227703392737, 0.10264571305127898] 
[0.8413719728463462, -0.4609945160014721, 0.27425334578576255, 0.2834894245270725, -0.06925235319097656, 0.19100090351892263, 0.0651589619145696, 0.15165934012068583, 1.0832611180926008, 0.649414712582602, 257.5390584217491, -264.4925508026132, 13.501903847570816, -4.477683965849108, 0.9332095001452065, 1.798273125050604, -4.687968554847772, 2.2992549159066407, 1.2694376478214537, 0.7451503037930265] 
[0.6187942496665677, -0.2384167928216936, 0.4968310689655411, 0.506067147706851, 0.15332536998880197, 0.41357862669870116, 0.28773668509434813, -0.0709183830590927, 0.8606833949128223, 0.8719924357623805, 257.29468919226764, -264.52518602128833, 13.824423031930126, -4.088513737732153, 1.273800867737735, 1.5916235925698397, -4.486132653007327, 2.589021429994043, 2.0402080755061527, 1.5038515923679419] 
[0.8258133750911618, -0.03139766739709948, 0.7038501943901352, 0.2990480222822569, -0.053693755435792134, 0.20655950127410705, 0.49475581051894224, 0.1361007423655014, 0.6536642694882282, 1.0790115611869746, 257.83229406799325, -263.938672408193, 13.372212981341887, -4.448918547508324, 1.3445792442839641, 1.7186554843233477, -4.718890500165408, 2.3030749829038375, 2.460021122546951, 1.9151443862802782] 
[0.8140522182920336, -0.019636510597971224, 0.6920890375910069, 0.28728686548312865, -0.041932598636663876, 0.2183206580732353, 0.482994653719814, 0.14786189916462966, 0.6419031126890999, 1.0907727179861029, 257.8262825416663, -263.9308469832304, 13.34255771097859, -4.477661911297589, 1.3505924786861268, 1.7047403373467487, -4.729166541018477, 2.3117477782891025, 2.4773530891570505, 1.9318362991594675] 
[1.0693041613513188, 0.235615432461314, 0.4368370945317217, 0.032034922423843426, 0.21331934442262135, 0.47357260113252053, 0.7382465967790992, -0.10739004389465556, 0.3866511696298147, 0.8355207749268176, 258.7646815077245, -262.9910834826428, 13.11551661776907, -4.415615494618818, 1.1015396093118077, 1.8913703246929805, -5.138238055293815, 1.8889992883221347, 2.6300418476027607, 1.7183405161421508] 
[0.9094126667752676, 0.07572393788526277, 0.2769455999556705, -0.1278565721522078, 0.05342784984657012, 0.6334640957085718, 0.578355102203048, -0.2672815384707068, 0.546542664205866, 0.6756292803507664, 257.7269567300024, -264.0206319044363, 13.264484939584621, -4.187570697765804, 1.3448487880142828, 2.3000038151866646, -4.52272724949473, 2.427894801755897, 2.460040553799198, 1.835478234666543] 
[0.9307507932062578, 0.05438581145427257, 0.2556074735246803, -0.1065184457212176, 0.03208972341557992, 0.6121259692775816, 0.5996932286340382, -0.288619664901697, 0.5678807906368561, 0.6542911539197762, 257.8247282046999, -263.923497419049, 13.239018644368466, -4.218892125307066, 1.3701353021838139, 2.302634463331729, -4.5627040097067, 2.3809692697761595, 2.505555270216049, 1.8746197697773361] 
[0.9059517672135868, 0.02958678546160165, 0.23080844753200935, -0.13131747171388852, 0.007290697422908998, 0.5873269432849106, 0.6244922546267091, -0.2638206389090261, 0.5926798166295271, 0.6790901799124471, 257.8086063705884, -263.9126628833625, 13.205501043108182, -4.254979222015662, 1.3980917265172088, 2.281465667007985, -4.556586543159454, 2.3614451013110482, 2.4926011894576034, 1.8941190467146933] 
[1.2318051267242502, -0.29626657404906176, 0.5566618070426728, 0.1945358877967749, 0.3331440569335724, 0.26147358377424723, 0.9503456141373725, 0.06203272060163734, 0.26682645711886366, 0.3532368204017837, 259.3219511612756, -262.40314291572497, 12.820862903702634, -4.632594303325834, 1.1201001784744198, 2.236460976463474, -3.9281163288293284, 3.048550535830782, 2.1167311377253086, 2.0622492467206985] 
[1.0229060494140363, -0.5051656513592757, 0.3477627297324588, 0.40343496510698884, 0.12424497962335845, 0.05257450646403328, 1.1592446914475865, -0.14686635670857662, 0.4757255344290776, 0.5621358977119977, 261.37055927920284, -260.3635611952288, 13.029147300887017, -4.2947559307116805, 1.2856106933008933, 1.9274096831663705, -4.994434939437277, 2.011487009819221, 2.355725709431891, 2.330159921684228] 
[1.2400647959123212, -0.2880069048609908, 0.5649214762307437, 0.6205937116052738, -0.09291376687492647, -0.16458424003425165, 0.9420859449493015, -0.36402510320686154, 0.2585667879307927, 0.34497715121371275, 262.46355169867525, -259.191097319893, 12.4433238009488, -4.625788389234173, 1.413423199581269, 2.2075832931464148, -2.6709472613449896, 4.331485382405947, 2.37117747435331, 2.1189244034767225] 
[1.547510279351135, 0.01943857857782305, 0.2574759927919299, 0.9280391950440876, -0.4003592503137403, 0.1428612434045622, 1.2495314283881154, -0.056579619768047706, -0.04887869550802115, 0.6524226346525266, 265.7814239762375, -255.87144172569165, 12.399675572090347, -4.84722360739937, 1.6265655372180094, 2.019701257807178, -4.082595026230576, 2.8263002894134575, 3.088726591389629, 2.587719627096225] 
[1.2850204405100314, 0.2819284174189267, -0.005013846049173765, 0.6655493562029839, -0.13786941147263665, 0.40535108224566585, 1.512021267229219, 0.20591021907305596, 0.2136111433330825, 0.3899327958114229, 265.78331643073665, -256.1321590347169, 12.1276507893337, -4.908957537546761, 1.966424639730791, 1.4948030135824375, -8.522442063573912, -1.605573322192913, 3.440963338636943, 2.3115763276180963] 
[0.6611046570534622, -0.34198736603764246, -0.6289296295057429, 1.2894651396595531, 0.4860463719839325, -0.21856470121090332, 2.135937050685788, 0.8298260025296251, -0.41030464012348666, -0.23398298764514625, 274.3648999312283, -247.49720988114836, 13.43518778131025, -6.601693556911323, 0.22701176351593033, 2.301902566674821, -8.069708997501834, -1.8168222104759244, 3.9618368102151917, 1.787634461741049] 
[0.687498392582695, -0.3155936305084097, -0.6025358939765102, 1.2630714041303204, 0.4596526364546998, -0.24495843674013607, 2.1095433151565555, 0.8562197380588579, -0.4366983756527194, -0.260376723174379, 274.3046608264758, -247.5557220433608, 13.422453395737296, -6.609066792230313, 0.2518497306777965, 2.3296172024031927, -8.087472161940235, -1.8064265223591256, 3.9787083539959074, 1.8096092936828216] 
[0.9661792250718921, -0.036912798019212545, -0.323855061487313, 1.5417522366195175, 0.1809718039655026, 0.03372239574906111, 1.8308624826673583, 0.5775389055696607, -0.7153792081419166, 0.018304109314818184, 274.0717060197846, -247.4799243539144, 13.7379380490759, -6.9264072404535755, 0.2700697447824729, 2.044655038799705, -8.165101624280268, -1.3797557405795187, 3.436676342433863, 2.233454963253412] 
[0.8545066758981985, -0.14858534719290617, -0.2121825123136194, 1.430079687445824, 0.06929925479180898, 0.14539494492275473, 1.942535031841052, 0.4658663563959671, -0.603706658968223, 0.1299766584885118, 273.43672691479753, -248.11642692192373, 13.877521637528911, -8.57801725100931, -1.3805915811883738, 2.148783756429085, -8.291611207575473, -1.3969942667784998, 3.6871403192481718, 1.9841700214345515] 
[0.7366740687319382, -0.030752740026645853, -0.3300151194798797, 1.5479122946120842, -0.04853335237445133, 0.027562337756494415, 1.8247024246747916, 0.5836989635622274, -0.48587405180196264, 0.012144051322251492, 273.52225467494054, -248.1597346975558, 13.764635782829755, -8.606485754981332, -1.2914576864548912, 2.022875585462018, -8.121478157414108, -1.341519799268935, 3.4401156961948947, 2.2262366348821128] 
[0.4398593606738306, 0.26606196803146176, -0.6268298275379873, 1.8447270026701919, -0.34534806043255895, -0.2692523703016132, 2.121517132732899, 0.880513671620335, -0.18905934374385502, 0.3089587593803591, 273.6918641364323, -248.3491662246751, 14.066839842912144, -8.782942887134036, -1.1616805158335923, 2.331709356443123, -9.880605614510358, -3.150079962966164, 4.187420034921464, 1.6382463773452396] 
[0.363645721702337, 0.18984832905996818, -0.7030434665094809, 1.9209406416416854, -0.26913442146106537, -0.3454660092731068, 2.197730771704393, 0.9567273105918286, -0.2652729827153486, 0.23274512040886552, 273.5473383424982, -248.51544482241164, 13.907560954714908, -9.116241928522651, -1.4788580680238588, 2.3720828429010123, -9.94046429056239, -3.1289224262588475, 4.2473389243621416, 1.7076291187631027] 
[0.23754501167191755, 0.06374761902954873, -0.8291441765399004, 2.047041351672105, -0.14303371143064592, -0.4715667193035262, 2.0716300616739733, 0.8306266005614091, -0.13917227268492915, 0.358845830439285, 273.3544018332678, -248.706790611699, 13.923513187739582, -9.503766708870502, -1.8623282953098774, 2.4924452925822007, -9.798583328336623, -3.145482629124848, 4.1452302718867, 1.5965373822139124] 
[0.1422143308640944, -0.03158306177827441, -0.7338134957320772, 1.9517106708642817, -0.04770303062282277, -0.3762360384957031, 1.9762993808661502, 0.9259572813692323, -0.2345029534927523, 0.4541765112471081, 273.4313720174622, -248.78497384367137, 13.901320955551904, -9.277270494467166, -1.6289889291910056, 2.551239880215536, -10.030730667699215, -3.429174547386244, 4.33325668859257, 1.6753973987217246] 
[0.17013566321047335, -0.0036617294318954663, -0.7058921633856983, 1.9237893385179028, -0.019781698276443827, -0.40415737084208203, 1.9483780485197713, 0.8980359490228533, -0.20658162114637335, 0.42625517890072917, 273.39874950119236, -248.81815911972586, 13.928997776666609, -9.281348682304975, -1.6043659830892387, 2.521515571922996, -10.045988376617494, -3.396145071305615, 4.29103793490645, 1.7086174177180202] 
[0.25839341152634177, 0.08459601888397295, -0.6176344150698299, 1.8355315902020344, -0.10803944659231224, -0.3158996225262136, 2.0366357968356397, 0.8097782007069849, -0.29483936946224176, 0.5145129272165976, 273.32331223775157, -248.74243936108914, 13.84355511131843, -9.267868817561634, -1.682263116376623, 2.6386402113369423, -9.843459383492581, -3.213462221113754, 4.338657072735221, 1.6148177497722935] 
[0.027368737610975913, -0.1464286550313929, -0.386609741154464, 1.6045069162866685, -0.3390641205076781, -0.08487494861084777, 1.8056111229202738, 1.0408028746223508, -0.5258640433776076, 0.28348825330123173, 273.5030777783772, -248.94376044524344, 13.602298115278236, -9.246838540785005, -1.9041436055219287, 2.3661732600314593, -10.099290720462664, -3.191277602471586, 4.5282431459984185, 1.8127673518553942] 
[0.07270604831375493, -0.19176596573417193, -0.431947051857243, 1.5591696055838895, -0.29372680980489907, -0.1302122593136268, 1.7602738122174948, 0.9954655639195717, -0.5712013540803866, 0.2381509425984527, 273.45878757951544, -248.90508234022533, 13.642717878127455, -9.222392649147242, -1.9286572876770707, 2.3199078121140757, -10.134468254093617, -3.168781822821807, 4.560546675517725, 1.8502346682360846] 
[0.12780183989534954, -0.13667017415257732, -0.48704284343883764, 1.504073814002295, -0.23863101822330446, -0.07511646773203218, 1.7051780206359002, 1.0505613555011664, -0.516105562498792, 0.2932467341800473, 273.51894927467947, -248.8340421830953, 13.575208121043811, -9.190935885250452, -1.9562247366989653, 2.2641313912333847, -10.167475322984862, -3.124629072941773, 4.511307563414532, 1.809214755833722] 
[0.34768170850864166, -0.35655004276586943, -0.2671629748255455, 1.723953682615587, -0.4585108868365966, -0.2949963363453243, 1.9250578892491923, 1.2704412241144585, -0.7359854311120841, 0.0733668655667552, 273.2703187623167, -249.0617416858411, 13.377806120475297, -9.038438153755123, -2.041994111141211, 2.0442568932293543, -10.304893756820544, -2.9523831469050528, 4.314811317500535, 1.6354795121807506] 
[0.11221467778298688, -0.12108301204021465, -0.5026300055512003, 1.4884866518899322, -0.2230438561109418, -0.059529305619669515, 1.6895908585235375, 1.5059082548401133, -0.9714524618377389, 0.30883389629241, 273.1282174418497, -248.76932518529182, 13.054533846240298, -8.912599211067176, -2.1559737969822375, 2.2597598212765644, -10.44421591776219, -2.6636644198259822, 3.947376650711973, 1.9437285210174235] 
[-0.008250319358461766, -0.0006180148987660061, -0.38216500840975165, 1.6089516490313809, -0.34350885325239044, -0.17999430276111816, 1.8100558556649862, 1.626373251981562, -0.8509874646962903, 0.18836889915096133, 272.991030772703, -248.9197547822641, 13.194433604532486, -9.004474272339168, -2.1159484493058036, 2.3802854318769384, -10.329730617076498, -2.7695973344277713, 3.8398437249081505, 1.828748540097408] 
[-0.07880017230500513, -0.07116786784530937, -0.3116151554632083, 1.6795015019779242, -0.4140587061989338, -0.25054415570766153, 1.7395060027184428, 1.6969231049281053, -0.7804376117497469, 0.2589187520975047, 273.06100366786126, -248.84982240524207, 13.264512178532078, -9.034783882531464, -2.0709970601911953, 2.448509351270414, -10.402179103261453, -2.6825070290431077, 3.758466484884648, 1.8959595093291643] 
[-0.6041985511055579, -0.5965662466458621, -0.837013534263761, 2.204899880778477, 0.11133967260161892, -0.7759425345082143, 1.21410762391789, 2.222321483728658, -1.3058359905502996, 0.7843171308980574, 272.5775510850662, -249.38403186447817, 13.957698206049226, -5.064092598644052, 1.879651463036661, 2.107832818242056, -9.9387149856738, -2.275045908014558, 4.2844347430301, 2.4663578114044666] 
[-0.8475031865214397, -0.35326161122998023, -1.080318169679643, 1.961595245362595, -0.13196496281426295, -0.5326378990923324, 0.9708029885020082, 2.46562611914454, -1.5491406259661815, 1.0276217663139393, 272.6122795882292, -248.9402283910592, 13.257425707349901, -5.942027420439313, 1.1713899245247756, 1.9853356090566645, -10.298855605091259, -1.9135700756953904, 3.9007729021576822, 2.064112413806282] 
[-0.9202278596043669, -0.28053693814705305, -1.15304284276257, 1.888870572279668, -0.20468963589719014, -0.6053625721752596, 0.898078315419081, 2.538350792227467, -1.4764159528832543, 1.1003464393968665, 272.34682198173476, -248.66620313438074, 13.122122412134551, -6.046771620582327, 1.1960281667541843, 1.9190193931613067, -10.3176590781781, -1.9768017031423057, 3.7783567762605457, 1.9420410217684279] 
[-0.7724386410356363, -0.13274771957832243, -1.3008320613313007, 1.7410813537109373, -0.35247885446592075, -0.7531517907439902, 1.0458675339878116, 2.6861400107961977, -1.3286267343145237, 1.2481356579655971, 272.9969285002132, -249.32314331198214, 13.299378621373824, -6.102202776142935, 1.3117710947727417, 1.7060672117466593, -10.112544735933332, -1.9454417561946875, 3.544377623001129, 1.7073001932660992] 
[-0.5008443639140534, 0.13884655754326047, -1.0292377842097178, 1.4694870765893544, -0.08088457734433785, -1.024746067865573, 0.7742732568662287, 2.9577342879177806, -1.6002210114361066, 1.51972993508718, 273.1678929650945, -249.17767066602997, 13.610194127781657, -5.837211289950406, 1.0810260876027864, 1.1315867620801567, -9.201598966881264, -2.747177058847693, 3.2857156780672256, 1.907385331756526] 
[-0.2793397500941843, -0.0826580562766086, -0.8077331703898487, 1.2479824627694853, 0.14062003647553123, -0.803241454045704, 0.9957778706860978, 2.7362296740979115, -1.8217256252559757, 1.741234548907049, 273.5994415497433, -249.61936135850797, 13.371055716891755, -5.953801475871191, 1.246121946339589, 0.3806575653408423, -8.333370213270339, -3.277822276194083, 3.076837189366226, 2.1184121499389255] 
[-0.32404321192166563, -0.0379545944491273, -0.7630297085623674, 1.203279000942004, 0.18532349830301253, -0.7585379922182227, 0.9510744088586165, 2.780933135925393, -1.7770221634284944, 1.7859380107345304, 273.5651000697712, -249.65707150509778, 13.415594832610257, -5.9440295622295425, 1.2079772021343613, 0.3876876520870275, -8.239187162522143, -3.3753107197791286, 3.12098914006995, 2.1564492365103765] 
[-1.0572405381534242, 0.6952427317826312, -0.02983238233060892, 0.47008167471024553, -0.547873827928746, -1.4917353184499813, 1.684271735090375, 2.0477358096936342, -1.0438248371967358, 1.0527406845027718, 272.50240731118004, -248.62148452489382, 14.789955234066637, -8.636422729202538, -1.2329405691720932, 1.9932400297754942, -10.759476789407383, -1.2831876250647398, 3.94108477613688, 1.2629080413743554] 
[-0.8648954580379877, 0.8875878118980677, 0.16251269778482758, 0.662426754825682, -0.35552874781330945, -1.2993902383345448, 1.4919266549749386, 2.2400808898090707, -1.2361699173121723, 0.8603956043873353, 273.25425277029115, -249.45800580677968, 14.340720641403022, -8.942261820799848, -1.5503299023978814, 2.179759764274936, -10.940738849947312, -1.0919367972058225, 4.091779196183641, 1.1001719788170996] 
[-0.7476958460132872, 1.0047874239227683, 0.2797123098095281, 0.7796263668503826, -0.47272835983801, -1.4165898503592453, 1.374727042950238, 2.12288127778437, -1.3533695293368728, 0.9775952164120358, 273.257971491469, -249.7096961831437, 14.073433871420544, -9.254242345246507, -1.8548333072759133, 2.3128843207472567, -10.849663681647328, -0.991510708666272, 4.009371183112389, 1.185878507283571] 
[-0.5370636870034016, 1.215419582932654, 0.06908015079964247, 0.9902585258602682, -0.6833605188478956, -1.2059576913493597, 1.1640948839403524, 1.9122491187744846, -1.1427373703269872, 1.1882273754219215, 273.21141966844135, -250.15968042108832, 13.64252488225869, -8.804094645919136, -1.381275471681067, 2.4712720982893144, -10.682260662862504, -0.7879622036503479, 4.181057409779192, 1.0243969933557384] 
[-0.348065904114943, 1.0264218000441954, -0.11991763208881612, 0.8012607429718096, -0.494362735959437, -1.3949554742378183, 0.9750971010518938, 2.101246901662943, -1.3317351532154458, 1.37722515831038, 273.19543608234017, -251.13159789910802, 12.664725801182573, -9.39340774991296, -1.9802190099435109, 2.703869366436464, -10.576151637939024, -0.6400152156849936, 3.990999401428304, 0.8137848889470798] 
[-0.9795642621892453, 1.6579201581184977, -0.7514159901631184, 1.4327591010461118, -1.1258610940337395, -0.763457116163516, 0.3435987429775915, 2.7327452597372455, -1.963233511289748, 2.0087235163846824, 271.90098144259053, -247.37844332691847, 16.288325568614198, -9.292813444881014, -2.5771560899749875, 3.1987665596823933, -10.22435549756206, -0.10715668310826032, 3.3551729014385065, 0.12216676283516814] 
[-0.9095470755521324, 1.5879029714813848, -0.6813988035260056, 1.362741914408999, -1.1958782806708523, -0.8334743028006288, 0.4136159296147044, 2.8027624463743583, -2.033250697926861, 1.9387063297475695, 271.9750310166852, -247.3226267017682, 16.24014264378026, -9.392311381443045, -2.67052968651211, 3.1136411119744207, -10.140532477063903, -0.06217251854523016, 3.399278261741948, 0.17632668941707383] 
[-1.0202489065597602, 1.477201140473757, -0.5706969725183778, 1.2520400834013712, -1.0851764496632246, -0.9441761338082566, 0.30291409860707663, 2.913464277381986, -2.1439525289344887, 1.8280044987399418, 271.8632881586767, -247.39973784356948, 16.313741488284492, -9.540011773219263, -2.804068801715462, 2.9722891305481496, -9.947536119771168, -0.24740671405993214, 3.5859438515186226, 0.008955860475176186] 
[-0.7862893082745179, 1.7111607387589993, -0.8046565708036201, 1.018080485116129, -0.8512168513779823, -1.1781357320934989, 0.06895450032183437, 2.679504679096744, -1.9099929306492465, 1.5940449004546995, 272.0659234106368, -247.00645795926093, 16.714042617789293, -9.15821404257852, -2.3907406452850672, 2.7448937410131586, -10.151879966903607, 0.06036798169201546, 3.2528090652008155, 0.3122715605738312] 
[-0.7438834348948378, 1.6687548653793192, -0.7622506974239399, 1.060486358495809, -0.8088109779983021, -1.1357298587138187, 0.026548626942154208, 2.721910552476424, -1.8675870572695663, 1.6364507738343796, 272.0203730216409, -247.0382158826488, 16.745294943844424, -9.077918810921606, -2.297573820749447, 2.6156177173923663, -10.032047184808297, 0.10712484928234386, 3.204297351681415, 0.2708176254148053] 
[-0.5998442114277216, 1.8127940888464353, -0.6182114739568237, 1.2045255819629253, -0.664771754531186, -1.2797690821809349, -0.11749059652496197, 2.577871329009308, -2.0116262807366825, 1.4924115503672635, 271.85519444966, -247.35741289622942, 16.435257126831075, -8.984814919224958, -2.3910026278803835, 2.5481779697797666, -10.132209873376427, -0.056420752473595515, 3.3766371104073905, 0.11690430584916892] 
[-0.9098570424166939, 2.1228069198354076, -0.3081986429678515, 0.894512750973953, -0.3547589235422137, -0.9697562511919626, 0.1925222344640103, 2.88788415999828, -2.3216391117256547, 1.1823987193782912, 272.15147731647187, -247.4589046259079, 16.693184160644105, -8.699474020592433, -2.4536263884232907, 1.3411667256594546, -8.928935333726471, -0.4258979120568343, 3.790348499985995, 0.4516822692293331] 
[-1.254999783966519, 2.4679496613852328, -0.6533413845176766, 1.2396554925237782, -0.009616181992388562, -0.6246135096421375, -0.15262050708581487, 2.542741418448455, -1.9764963701758296, 0.8372559778284661, 272.0618315941321, -246.84171726095252, 17.31390890332784, -9.018982856358528, -2.5055258116594366, 2.759509473178092, -10.334304296712476, -0.5828754585718606, 3.546583471948851, 0.7314925980059578] 
[-1.2123762622055319, 2.51057318314622, -0.6959649062786638, 1.197031970762791, 0.0330073397685986, -0.6672370314031246, -0.19524402884680203, 2.585364940209442, -1.9338728484148424, 0.7946324560674789, 272.2151821399255, -246.69267141728048, 17.26514155084141, -9.207221200473688, -2.6894193747271964, 2.7299651255158666, -10.356127281565223, -0.546306006993671, 3.5640068605652124, 0.6977220765354463] 
[-1.4258307160793686, 2.7240276370200567, -0.48251045240482704, 1.4104864246366278, -0.18044711410523817, -0.45378257752928786, -0.4086984827206388, 2.798819394083279, -1.7204183945410056, 0.5811780021936421, 273.21176433281306, -245.65694752052403, 17.697923343596795, -8.917149266620003, -2.696677380203856, 2.6314012477095594, -10.545600824239378, -0.8230749617684994, 3.774886930733981, 0.6015499569909591] 
[-1.4426349411069532, 2.7408318620476413, -0.46570622737724243, 1.4272906496642124, -0.16364288907765356, -0.43697835250170325, -0.3918942576930542, 2.7820151690556942, -1.703614169513421, 0.5643737771660575, 273.20775694017334, -245.64279942052943, 17.71658660813614, -8.900535004850976, -2.6983669682761593, 2.5994853516106193, -10.507304315650703, -0.7967321808233, 3.8476448163814188, 0.6749888427225039] 
[-1.5173393770956318, 2.81553629803632, -0.39100179138856384, 1.3525862136755338, -0.23834732506633216, -0.36227391651302465, -0.3171898217043756, 2.7073107330670156, -1.6289097335247424, 0.6390782131547361, 274.09774561439264, -244.75003469509642, 17.835801153938906, -8.820440374414035, -2.70026865291475, 2.4611728640038084, -10.34236741926824, -0.682943074433674, 4.18066014482828, 1.0107511592447995] 
[-1.5138553540438417, 2.81205227498453, -0.3944858144403539, 1.3491021906237437, -0.23486330201454209, -0.3587898934612346, -0.32067384475616567, 2.7107947561188057, -1.6254257104729524, 0.635594190102946, 274.09542303852146, -244.74880689732422, 17.832062142732337, -8.823951420927022, -2.6999662777558338, 2.4633102939617766, -10.338296120287954, -0.6780800868539324, 4.167662981751266, 0.9978193807775677] 
[-1.5955036701929126, 2.730403958835459, -0.4761341305894248, 1.2674538744746728, -0.31651161816361295, -0.2771415773121637, -0.2390255286070948, 2.7924430722678766, -1.5437773943238815, 0.5539458739538752, 275.5612196857579, -243.28356891045712, 17.768163996625617, -8.913519670524039, -2.7031751535353807, 2.5970294692126434, -10.498488346640375, -0.8093648976012754, 4.476263983123754, 1.304778334362723] 
[-1.930359750441803, 3.0652600390843494, -0.8109902108383152, 1.6023099547235633, -0.6513676984125034, 0.05771450293672675, 0.09583055164179566, 2.457586992018986, -1.208921314074991, 0.21908979370498471, 279.5853981770894, -239.25753556015283, 17.36313768797908, -9.191102272004262, -2.569060512767052, 2.3397528944481865, -10.85305877424686, -1.205232936037859, 6.131154007621511, 2.9616443999430944] 
[-1.372808118550398, 2.5077084071929443, -0.25343857894691013, 2.1598615866149684, -0.0938160665210983, -0.49983712895467836, -0.46172108024960945, 3.0151386239103912, -1.7664729459663961, -0.3384618381864204, 288.03947810731853, -230.79689239929695, 16.676581210139723, -10.392525904505392, -3.773676955940473, 2.9006202157129968, -10.277329105686286, -1.1048470452448131, 4.269597066648425, 1.0869957348287302] 
[-1.3282087668024163, 2.4631090554449626, -0.2980379306948918, 2.1152622348669867, -0.13841541826908, -0.54443648070266, -0.41712172850162776, 3.059737975658373, -1.7218735942184145, -0.3830611899344021, 288.275968773171, -230.55398968232413, 16.778352010590314, -10.657822239928553, -4.034825359640089, 2.814124995232357, -10.207183330831313, -1.1342516692513382, 4.816779506508416, 1.6338415890332967] 
[-1.203357170192601, 2.587960652054778, -0.4228895273047072, 1.9904106382571713, -0.013563821659264619, -0.41958488409284467, -0.5419733251114431, 2.9348863790485575, -1.8467251908282298, -0.5079127865442175, 288.17537058075493, -230.52189699122104, 16.662238102187782, -10.692553939798152, -3.9405257081922764, 2.774478530498948, -10.376566168789667, -1.3170139013473188, 4.764021382904547, 1.7104780805508304] 
[-1.301493883483439, 2.48982393876394, -0.324752814013869, 2.0885473515480095, -0.11170053495010279, -0.3214481708020065, -0.44383661182060496, 3.0330230923393957, -1.7485884775373917, -0.6060494998350556, 288.1637853418969, -230.41286838177376, 16.778873260589936, -10.69058394276813, -4.036090385549773, 2.959077423964246, -10.625713188040885, -1.5048245728465335, 4.238018019435322, 1.1795392092581567] 
[-1.3675374795282318, 2.423780342719147, -0.2587092179690763, 2.022503755503217, -0.045656938905310085, -0.2554045747572138, -0.5098802078653977, 2.966979496294603, -1.8146320735821844, -0.6720930958798483, 287.8742158720545, -230.70454156281437, 16.75457896171787, -10.326375493748639, -3.6754831202397864, 2.89224418408079, -10.556361097298591, -1.5434458779425446, 4.276515774640143, 1.1444549569701092] 
[-1.2643072909315842, 2.3205501541224995, -0.15547902937242875, 1.9192735669065693, -0.14888712750195765, -0.35863476335386135, -0.4066500192687501, 3.0702096848912506, -1.7114018849855368, -0.5688629072832008, 287.923918753902, -230.77709734233872, 16.707884653493704, -11.10920479402721, -4.4621810713305505, 2.7209344289176514, -10.316135683074503, -1.3300098141710734, 4.317850752833864, 1.0721361121427126] 
[-1.3913561645319872, 2.1935012805220966, -0.02843015577202579, 1.7922246933061663, -0.021838253901554694, -0.2315858897534584, -0.5336988928691531, 3.1972585584916535, -1.8384507585859398, -0.4418140336827978, 288.2585357950086, -230.45761512786652, 16.593430073796444, -9.524580652803948, -2.8793897688481938, 2.7337600853732735, -10.519403727134982, -1.525259182650391, 3.5670954500267515, 0.3204024494709271] 
[-1.7537819865997948, 2.555927102589904, -0.3908559778398334, 2.154650515373974, -0.3842640759693623, -0.594011711821266, -0.8961247149369607, 3.559684380559461, -1.4760249365181322, -0.07938821161499021, 288.0788726957004, -230.13914103559986, 17.001595779835657, -9.41101770259927, -3.133120364207486, 2.3001755231344756, -10.16520169611408, -1.7151573433343017, 3.3634034868494105, 0.5055266351299952] 
[-1.9286224889118513, 2.3810866002778477, -0.5656964801518899, 2.3294910176860304, -0.2094235736573058, -0.4191712095092095, -0.7212842126249042, 3.7345248828715176, -1.3011844342060757, -0.2542287139270467, 289.05224493709613, -229.16464625824366, 16.97963401560409, -8.804335869736649, -2.534659870170928, 2.240278600492524, -10.203636636720319, -1.5173352928172603, 1.4586937630944532, -1.3966933779357473] 
[-1.4462265377256953, 2.8634825514640037, -0.08330052896573392, 2.8118869688721864, 0.2729723775288502, -0.9015671606953655, -0.2388882614387482, 4.216920834057674, -1.7835803853922316, -0.7366246651132027, 287.5804785700187, -230.6226075436167, 16.86593222851458, -9.072159899882356, -2.22730389378198, 2.1290174001192277, -11.310724761301932, -2.8326636584184053, 3.956127764910274, 1.017851307759577] 
[-1.5228007596938946, 2.7869083294958044, -0.15987475093393322, 2.735312746903987, 0.34954659949704947, -0.9781413826635648, -0.1623140394705489, 4.293495056025873, -1.7070061634240323, -0.813198887081402, 289.2412047823553, -228.96228833810252, 16.842534711208963, -9.029069570985559, -2.340775147014572, 2.446787893986585, -11.614944543401116, -2.753310275751897, 4.089148718850409, 1.1402163162248304] 
[-1.3793650448071846, 2.9303440443825144, -0.016439036047223188, 2.878748461790697, 0.4929823143837595, -0.8347056677768547, -0.30574975435725893, 4.436930770912583, -1.8504418783107424, -0.669763172194692, 289.2975209108588, -229.0552976181142, 16.701283099956253, -9.05615325633067, -2.076203724840633, 1.7009267340984158, -10.892067509066512, -2.5945074329133333, 3.997874308920643, 1.2583762353249492] 
[-0.9687483278994522, 2.519727327474782, 0.3941776808605092, 3.2893651786984295, 0.08236559747602712, -0.42408895086912235, 0.10486696255047345, 4.0263140540048505, -1.43982516140301, -0.25914645528695957, 289.3015171411234, -228.62336812791918, 17.13941358828362, -9.71876979797425, -3.1476078447224323, 3.3602961324922775, -12.36982653430452, -3.214166437178243, 3.4932629143114053, 1.56557449765931] 
[-1.018988148071652, 2.469487507302582, 0.44441750103270905, 3.2391253585262296, 0.13260541764822698, -0.4743287710413222, 0.1551067827226733, 3.9760742338326507, -1.3895853412308101, -0.2089066351147597, 289.1420990436711, -228.78634853996127, 17.11988528259281, -9.78394048370312, -3.081906106089109, 3.270871357345378, -12.285695950184031, -3.171469909464335, 3.517728634075899, 1.5301879942610814] 
[-1.0780786853340585, 2.5285780445649886, 0.3853269637703026, 3.298215895788636, 0.07351488038582055, -0.5334193083037286, 0.09601624546026688, 4.035164771095057, -1.4486758784932166, -0.26799717237716614, 288.91990438144444, -229.03111343395517, 16.992261041877352, -9.773195981113366, -3.0174883865692648, 3.2173649082738223, -12.315038697553542, -3.2344708020301653, 3.5678947779531875, 1.503515019765202] 
[-1.0056246779797453, 2.6010320519193018, 0.4577809711246158, 3.225761888434323, 0.14596888774013372, -0.6058733156580418, 0.16847025281458006, 4.10761877844937, -1.5211298858475297, -0.3404511797314793, 289.25595943122573, -228.66531919596886, 17.19516255256809, -9.647406754530726, -2.960063783743527, 3.1676799472597708, -12.367253209773521, -3.14090437530785, 3.3730578621208203, 1.3142049940411562] 
[-0.8646564090298483, 2.7420003208691988, 0.5987492400745128, 3.36673015738422, 0.2869371566900307, -0.7468415846079388, 0.30943852176447706, 3.9666505094994733, -1.3801616168976327, -0.1994829107815823, 289.28745885227295, -228.42713330874844, 17.49613353887735, -9.379623073268636, -3.1365498564918037, 3.2980999649091487, -12.310408038485685, -2.9918390358889364, 3.061306762164554, 1.0063630907153291] 
[-0.6840989513467122, 2.5614428631860626, 0.7793066977576489, 3.1861726997010837, 0.46749461437316686, -0.5662841269248027, 0.4899959794476132, 4.147207967182609, -1.1996041592144966, -0.018925453098446177, 289.9761991636716, -227.70212163116702, 17.791984204436666, -9.45055050746148, -2.909816111527494, 3.131974095551302, -12.407624585100171, -2.861536344998058, 3.5515425596538432, 1.5070498523501437] 
[-0.6663420563690003, 2.543685968208351, 0.7970635927353608, 3.168415804723372, 0.4852515093508787, -0.5840410219025145, 0.47223908446990137, 4.129451072204898, -1.2173610541922084, -0.0011685581207343532, 290.01569130477884, -227.66100090628046, 17.800221548556, -9.427446195221316, -2.9278481709019446, 3.1309772372520746, -12.43107382551357, -2.8327942808507545, 3.52935274489809, 1.5137339251600743] 
[-0.44568240410031734, 2.323026315939668, 0.5764039404666778, 3.389075456992055, 0.2645918570821957, -0.3633813696338315, 0.25157943220121837, 3.9087914199362146, -1.4380207064608914, -0.22182821038941736, 289.47070817125496, -228.29583201001697, 17.361219412541494, -9.464735515980882, -3.0184052044484195, 2.7980917631096593, -12.09160973876162, -2.709343577318743, 3.6315396258251935, 1.3458490075148926] 
[-0.41702663221283665, 2.3516820878271485, 0.6050597123541585, 3.4177312288795356, 0.23593608519471498, -0.3920371415213122, 0.28023520408869906, 3.880135648048734, -1.4093649345734107, -0.25048398227689805, 289.4765180140115, -228.37339699846584, 17.269580699088806, -9.520509059975083, -3.048509709547947, 2.8508580457652517, -12.142701106979128, -2.6800707987373102, 3.720760391246853, 1.4366058538402966] 
[-0.20339769162671928, 2.565311028413266, 0.3914307717680411, 3.2041022882934183, 0.022307144608597618, -0.6056660821074296, 0.0666062635025817, 3.6665067074626165, -1.622993875159528, -0.4641129228630154, 289.91298062356014, -227.5918366772706, 18.099892586961573, -9.003321021808837, -2.9737678590208763, 2.976562900407037, -11.939925059980954, -2.8600854495864065, 3.0289353314941234, 0.7338152646392889] 
[-0.4580040491627191, 2.310704670877266, 0.13682441423204128, 2.9494959307574184, -0.2322992129274022, -0.35105972457142975, -0.1880000940334181, 3.4119003499266167, -1.877600232695528, -0.7187192803990152, 290.0928134505456, -228.03330569688504, 17.659356454014482, -8.903555568735195, -2.727954247150776, 3.142300954497542, -11.791362733734998, -2.6083415354481048, 3.1888596548754524, 0.602794216144998] 
[-0.7624990885057219, 2.615199710220269, 0.4413194535750441, 2.6450008914144156, -0.536794252270405, -0.6555547639144326, -0.4924951333764209, 3.7163953892696195, -1.573105193352525, -0.4142242410560124, 290.7802483601705, -226.74875695099865, 18.84053939655877, -8.529836181709802, -2.931166573931125, 3.295452790967564, -11.462179951383456, -2.164654122429323, 4.243071051798071, 1.6362239515225403] 
[-0.8406119413571513, 2.5370868573688394, 0.5194323064264735, 2.723113744265845, -0.6149071051218344, -0.733667616765862, -0.4143822805249915, 3.794508242121049, -1.4949923405010956, -0.336111388204583, 290.6077938737042, -226.90672412937585, 18.910980055685076, -8.393651458354782, -2.836082516900738, 3.20161868357917, -11.354705443445345, -2.209006522318879, 4.198777750732391, 1.680305509705034] 
[-0.5090481460314376, 2.868650652694553, 0.8509961017521873, 3.054677539591559, -0.9464709004475482, -0.4021038214401482, -0.0828184851992777, 4.126072037446763, -1.1634285451753819, -0.004547592878869189, 291.37695986234263, -226.19287261477473, 18.63986316267599, -8.861199878292407, -2.9568875311166734, 2.390251316055728, -10.49081862092879, -1.6780965433308506, 4.337781897246024, 1.45267734323947] 
[-0.5392847422160933, 2.8384140565098974, 0.8207595055675315, 3.024440943406903, -0.9162343042628924, -0.432340417624804, -0.1130550813839335, 4.095835441262107, -1.133191948990726, 0.025689003305786606, 291.35864564547035, -226.16746832308172, 18.664110977445986, -8.874966620806509, -2.987432635905613, 2.390455670082281, -10.458745886983296, -1.6333975782529873, 4.297916355914462, 1.4626617027101152] 
[-0.8421346242815861, 2.5355641744444046, 0.5179096235020387, 2.7215910613414103, -0.6133844221973996, -0.12949053555931123, 0.1897948006815593, 4.3986853233276, -0.8303420669252333, 0.3285388853712794, 291.1525633087172, -225.97002456298608, 18.63888758389406, -8.52436264266923, -1.6423487437855944, 3.8235730186535126, -11.121638446477393, -1.5794059838051444, 4.908025054841708, 2.0849445441721044] 
[-1.0493893952482072, 2.3283094034777836, 0.7251643944686598, 2.9288458323080313, -0.8206391931640207, 0.07776423540730981, -0.017459970285061743, 4.191430552360979, -0.6230872959586122, 0.5357936563379004, 291.0935627276757, -226.40422791551222, 18.060000366325447, -9.139490301926633, -2.3078422874454576, 3.2862916862044997, -11.283982713253238, -1.3922917983477305, 4.954857291167725, 1.8877868814293262] 
[-0.6511624783009733, 1.9300824865305497, 1.1233913114158938, 2.5306189153607974, -0.4224122762167868, 0.4759911523545437, -0.41568688723229563, 3.793203635413745, -0.22486037901137834, 0.13756673939066655, 291.40240158501103, -226.55425517558157, 18.29700480179955, -9.41019724514895, -2.104151311244112, 3.05432875621849, -10.886524769728114, -0.06318099915069153, 3.637928117796195, 1.9571286541153567] 
[-0.8707579518169659, 1.710487013014557, 0.9037958378999011, 2.75021438887679, -0.20281680270079416, 0.2563956788385511, -0.6352823607482883, 3.573608161897752, -0.44445585252737096, -0.08202873412532607, 291.673751525908, -226.31140466726345, 18.189678995149904, -9.27909824351104, -2.3719856304963938, 2.7932773334780667, -10.785873561873457, -0.13021614778304552, 3.408964531382119, 1.6973247679815922] 
[-0.8144569841505902, 1.7667879806809328, 0.9600968055662769, 2.6939134212104143, -0.14651583503441845, 0.20009471117217537, -0.691583328414664, 3.629909129564128, -0.38815488486099525, -0.025727766458950363, 291.62077681125186, -226.280169532334, 18.140461845709098, -9.330952995359846, -2.331218562960387, 2.773579678209799, -10.639523495022342, 0.05008880161621365, 3.2521436633670042, 1.5799969601570722] 
[-0.8999835126324065, 1.6812614521991165, 0.8745702770844606, 2.7794399496922306, -0.06098930655260215, 0.28562123965399167, -0.7771098568964803, 3.5443826010823116, -0.47368141334281155, 0.05979876202286594, 291.6988316153762, -226.33291947260307, 18.19673317021399, -9.392794316675952, -2.2677234158373016, 2.720508351068071, -10.47930535540147, 0.19996605299546072, 3.3241587151421417, 1.6895862515914124] 
[-0.9516909819104011, 1.6295539829211219, 0.8228628078064659, 2.727732480414236, -0.009281837274607518, 0.23391377037599703, -0.8288173261744749, 3.492675131804317, -0.5253888826208062, 0.11150623130086057, 291.6542831712234, -226.25001557630173, 18.285174300535072, -9.34368582796429, -2.3100285587262155, 2.688781855328286, -10.368110833186309, 0.3063498826037931, 3.381054192969493, 1.765127740137928] 
[-1.1646060949293258, 1.4166388699021972, 0.6099476947875413, 2.9406475934331606, -0.22219695029353215, 0.44682888339492166, -0.6159022131555503, 3.7055902448232416, -0.31247376960188156, -0.10140888171806406, 291.4237801275975, -226.61777476361763, 17.920148190320777, -9.52670426912135, -2.1481100430362416, 2.5749067675633746, -9.744308403235058, 0.9430810148971982, 3.3621617390979908, 1.5433703798712195] 
[-1.2809736165947392, 1.5330063915676106, 0.7263152164529547, 2.824280071767747, -0.33856447195894557, 0.33046136172950824, -0.7322697348209637, 3.589222723157828, -0.428841291267295, -0.21777640338347748, 291.31806338972154, -226.69328339428367, 18.001226831120903, -9.39763134751505, -2.0247047895376244, 2.505275026735523, -9.67831558329911, 0.8830782124461727, 3.2963916826221142, 1.6427384391469686] 
[-1.36848760886358, 1.6205203838364515, 0.6388012241841139, 2.911794064036588, -0.25105047969010474, 0.24294736946066742, -0.8197837270898045, 3.5017087308889874, -0.5163552835361358, -0.3052903956523183, 291.22640714500693, -226.57887318845837, 18.11165830223074, -9.334297547497044, -2.122636270405739, 2.423685617434686, -9.523858436623993, 1.0330803959405719, 3.3837233145194605, 1.762215393168936] 
[-1.2115396227039614, 1.463572397676833, 0.4818532380244953, 2.7548460778769694, -0.4079984658497233, 0.399895355620286, -0.9767317132494231, 3.658656717048606, -0.3594072973765172, -0.14834240949269972, 291.0782413527838, -226.39850318131624, 18.301814536296376, -9.190523895842949, -2.227989117569636, 2.5349695224992126, -9.655475958123368, 1.044578836584004, 3.6613444014063505, 2.041505431824555] 
[-1.2370746145411111, 1.4380374058396832, 0.4563182461873456, 2.780381069714119, -0.433533457686873, 0.4254303474574357, -0.9511967214122734, 3.6331217252114563, -0.33387230553936753, -0.12280741765555003, 291.10607256762677, -226.42142270043124, 18.319259721211438, -9.168963458787342, -2.238332355676838, 2.5603099172375114, -9.638946729573531, 1.0233665075632377, 3.6869979881632085, 2.023727644704432] 
[-1.2432054441973364, 1.4441682354959084, 0.4501874165311204, 2.774250240057894, -0.42740262803064777, 0.41929951780121044, -0.9573275510684987, 3.6392525548676815, -0.3277414758831423, -0.12893824731177528, 291.1112274970619, -226.41361964655326, 18.32720916756418, -9.160612743667626, -2.2291150660682004, 2.562216102612513, -9.617163354976839, 1.046674958999027, 3.675657049844042, 2.0266066651318804] 
[-1.2865865975757647, 1.4007870821174802, 0.4068062631526921, 2.817631393436322, -0.3840214746522195, 0.37591836442278215, -1.000708704446927, 3.68263370824611, -0.3711226292615706, -0.17231940069020357, 291.0598819751684, -226.3470133946755, 18.386660880057534, -9.10073271179038, -2.1626856688866853, 2.5775766221945187, -9.451811541234642, 1.227545880497354, 3.5642811198187356, 1.9519833332499472] 
[-1.3145490201592818, 1.372824659533963, 0.4347686857362092, 2.789668970852805, -0.35605905206870236, 0.40388078700629926, -1.028671127030444, 3.6546712856625927, -0.34316020667805347, -0.14435697810668646, 291.0949791181456, -226.39094529328463, 18.34619814839024, -9.079456246904163, -2.1968260565000506, 2.541419358042005, -9.435024855958002, 1.2207920745973395, 3.525904934617885, 1.9122678216248663] 
[-1.2162058163827645, 1.4711678633104803, 0.3364254819596919, 2.691325767076288, -0.45440225584521965, 0.5022239907828165, -0.9303279232539268, 3.5563280818860754, -0.44150341045457075, -0.24270018188320375, 291.2228950523153, -226.5463793803135, 18.20087333754082, -8.925795365372924, -2.046612569323059, 2.564163725114456, -9.035707415792457, 1.6530601321294085, 3.274807674942566, 1.7410834124115027] 
[-1.2533204284741313, 1.5082824754018471, 0.2993108698683251, 2.7284403791676546, -0.49151686793658644, 0.46510937869144975, -0.9674425353452936, 3.5192134697947086, -0.40438879836320396, -0.27981479397457054, 291.1802431866188, -226.48701517486552, 18.25689985038328, -8.910648265530188, -2.101638579938761, 2.4963117413118425, -9.080887459437347, 1.6677860158392388, 3.2441598808107215, 1.7665637335337854] 
[-1.0326953730877673, 1.7289075307882111, 0.0786858144819611, 2.5078153237812906, -0.7121419233229505, 0.6857344340778138, -1.1880675907316576, 3.7398385251810726, -0.18376374297683995, -0.05918973858820653, 290.97740672234966, -226.78673297248287, 17.950789953255452, -9.13253769800463, -2.120645597210119, 2.0703030952764023, -9.963553298788625, 0.8397664284458022, 3.262625360090677, 1.9936796083558144] 
[-1.1252423603810335, 1.8214545180814774, 0.17123280177522737, 2.600362311074557, -0.8046889106162167, 0.5931874467845475, -1.0955206034383913, 3.832385512474339, -0.2763107302701062, 0.03335724870505974, 290.8567888988239, -226.99435364577363, 17.755038596674353, -8.977105988355463, -1.9755580524984944, 2.028786900150863, -10.008781839339669, 0.9320526640182039, 3.134125761495769, 1.8817637576999255] 
[-1.0966399649566902, 1.8500569135058207, 0.1426304063508841, 2.6289647064989, -0.83329130604056, 0.5645850513602042, -1.1241229988627346, 3.860987907898682, -0.3049131256944495, 0.004754853280716453, 290.8146708289016, -227.05473842661715, 17.700697045922762, -9.00188985497436, -1.9591164817160551, 2.0220744736220566, -9.932829756726735, 1.0174745930215126, 3.0854233107880846, 1.9001314545907093] 
[-1.1954162388325749, 1.9488331873817053, 0.2414066802267687, 2.5301884326230155, -0.7345150321646754, 0.6633613252360888, -1.02534672498685, 3.959764181774567, -0.4036893995703341, -0.09402142059516816, 290.9685727275078, -226.82995177958804, 17.903872680673455, -8.804429288187952, -1.678084449502049, 2.238242262565418, -10.162820717854219, 0.7299066482509826, 3.295283087461702, 2.046297622813] 
[-1.2702014123280314, 1.8740480138862488, 0.16662150673131215, 2.604973606118472, -0.6597298586692188, 0.5885761517406323, -0.9505615514913934, 4.034549355270023, -0.47847457306579066, -0.019236247099711612, 291.07731498148183, -226.73106566596522, 17.8638534691135, -8.776075989866161, -1.7833413635204678, 2.1406518992098924, -10.067033414728762, 0.8257713121123805, 3.361401856579253, 2.138757975524104] 
[-1.0587926004635868, 2.0854568257506934, 0.37803031859575675, 2.8163824179829167, -0.44832104680477425, 0.7999849636050769, -1.161970363355838, 3.8231405434055787, -0.26706576120134606, 0.192172564764733, 291.2165320540542, -226.98416141239557, 17.57175861864241, -9.014698692235198, -1.8204449220028054, 1.7903942277948959, -10.547845318143406, 0.4014520698910219, 3.3833859257417407, 2.356513255335813] 
[-1.0181781259759362, 2.126071300238344, 0.4186447930834074, 2.8569968924705673, -0.4889355212924249, 0.7593704891174262, -1.2025848378434887, 3.8637550178932294, -0.3076802356889967, 0.23278703925238364, 291.2503708357117, -226.99995126788068, 17.597755463093883, -9.063254909551846, -1.86684687676345, 1.8155765977255032, -10.55622510627633, 0.45334377687991545, 3.3194793109289784, 2.3030424671290475] 
[-0.7847512669773486, 1.8926444412397565, 0.1852179340848199, 2.62357003347198, -0.2555086622938374, 0.9927973481160137, -0.9691579788449012, 4.097181876891817, -0.5411070946875842, -0.0006398197462038624, 290.6901215464709, -227.7283140245727, 17.000138430120064, -9.390739271332242, -1.739385889493764, 1.7183080988128605, -10.124343067473818, 0.8861077508884573, 3.4074609547337777, 2.0890702326368356] 
[-0.7822916819852921, 1.895104026231813, 0.18275834909276334, 2.6260296184640364, -0.25796824728589396, 0.9952569331080703, -0.9716175638369577, 4.09472229189976, -0.5435666796796408, -0.003099404738260425, 290.6910636174189, -227.73510296118147, 16.993257158973506, -9.389606583076631, -1.7414641295939348, 1.7170408238111399, -10.121199950874622, 0.8909732896212327, 3.403450458323344, 2.0903376178324984] 
[-0.6639723407919789, 2.0134233674251263, 0.30107769028607656, 2.7443489596573496, -0.3762875884792072, 1.1135762743013835, -1.089936905030271, 4.213041633093074, -0.661886020872954, -0.12141874593157365, 290.83553511034603, -227.61867475192756, 16.941312068409808, -9.599981695052525, -1.9322574844406861, 1.9334502643689628, -9.856387903948455, 1.073433714112868, 3.4156252959748516, 1.9756649114231335] 
[-0.6199131048725839, 2.0574826033445213, 0.2570184543666816, 2.7002897237379546, -0.42034682439860216, 1.1576355102207785, -1.045877669110876, 4.2571008690124685, -0.617826784953559, -0.07735951001217867, 290.7893928640116, -227.62656646574666, 16.882793389482917, -9.677640886967014, -2.0100920221957255, 1.8860562752166108, -9.834862924919978, 1.0508079917840958, 3.3613061622084723, 1.9157369462431828] 
[-0.519290834135834, 1.9568603326077714, 0.15639618362993168, 2.8009119944747045, -0.5209690951353521, 1.0570132394840286, -0.9452553983741261, 4.357723139749218, -0.7184490556903089, -0.17798178074892856, 291.02169788980535, -227.14193406244266, 17.343979754514457, -9.460320200089205, -1.8321107802097043, 1.8550152791425798, -9.731732611728765, 1.1523576252761083, 3.4017243122401504, 1.8253789970631198] 
[-0.8445390596746876, 1.6316121070689178, -0.1688520419089219, 3.126160220013558, -0.8462173206742056, 0.731765013945175, -1.2705036239129797, 4.682971365288072, -0.39320083015145535, 0.147266444789925, 291.0638936304559, -228.6566693864118, 15.83682070640993, -9.071745947425512, -1.319854275265313, 2.1836645346623373, -9.991075199624849, 0.5781141673665408, 3.9172703345309117, 1.6161147088251555] 
[-0.8327022131315545, 1.6197752605257847, -0.15701519536578878, 3.114323373470425, -0.8580541672173387, 0.7199281674020419, -1.2586667773698466, 4.694808211831205, -0.40503767669458846, 0.15910329133305812, 291.05046260613113, -228.69175112500568, 15.802180642805274, -9.083490705133098, -1.345806445994564, 2.1585364430752407, -9.98218484018489, 0.594638735337837, 3.9007864888128254, 1.6040941059810045] 
[-0.6487711757784744, 1.8037062978788647, -0.3409462327188688, 2.930392336117345, -1.0419852045704188, 0.9038592047551219, -1.4425978147229266, 4.878739249184285, -0.5889687140476685, 0.34303432868613815, 291.23075157865105, -228.79231121594427, 15.917939494724374, -8.8979524748334, -1.2042350556178978, 2.078294692665118, -9.807038288248494, 0.7408663068540746, 4.042201338676175, 1.4211303334304102] 
[-0.300553095978092, 2.151924377679247, 0.007271847081513627, 3.2786104159177274, -0.6937671247700363, 0.5556411249547395, -1.0943797349225441, 5.226957328984668, -0.24075063424728604, 0.6912524084865206, 290.83078098659286, -229.16341104626613, 15.962961705864318, -8.473383594223382, -0.4041430285957157, 2.8625515063770828, -9.44764373207984, 1.022092264625111, 4.332953612912082, 1.7441624193073064] 
[-0.8296245957723762, 2.6809958774735314, -0.5217996527127706, 3.8076819157120116, -0.16469562497575208, 1.0847126247490237, -0.5653082351282599, 4.697885829190383, -0.7698221340415703, 0.16218090869223634, 290.7210715847339, -226.5830536283434, 18.55468805767904, -7.812045888578771, -1.5660665000875647, 1.815628282796885, -8.86997520225834, 0.3672557356897036, 4.10372030376988, 1.2358157355291812] 
[-0.7366389718768325, 2.773981501369075, -0.6147852766083144, 3.714696291816468, -0.25768124887129584, 0.99172700085348, -0.6582938590238037, 4.790871453085927, -0.6768365101460265, 0.06919528479669257, 290.84120261014436, -226.541974189012, 18.764876067213095, -8.115459773776594, -1.3074917019918357, 1.9028740730707632, -8.898910857662045, 0.31009377998472504, 4.0444576132423675, 1.1422397669000453] 
[-1.0817651786306808, 2.428855294615227, -0.2696590698544661, 4.059822498570316, -0.6028074556251442, 0.6466007940996317, -0.31316765226995535, 4.445745246332079, -0.3317103033921782, 0.4143214915505409, 290.8952090826569, -227.00634070995275, 18.060865896195494, -7.545196073599392, -1.0897882387246753, 2.8999916146387847, -7.920364889467876, 0.4987402803418516, 4.257214825616124, 1.476943429353298] 
[-1.1575327401843314, 2.5046228561688775, -0.3454266314081167, 3.9840549370166656, -0.5270398940714935, 0.5708332325459811, -0.23740009071630475, 4.369977684778428, -0.4074778649458288, 0.33855392999689027, 290.8106529793275, -227.01949926993007, 17.951264096373208, -7.300580973957512, -1.3361803045950815, 2.8406269451266852, -8.063178684147026, -0.10347433614781132, 4.853257863624798, 1.447994814091652] 
[-0.7162331405170743, 2.9459224558361345, 0.09587296825914038, 3.5427553373494085, -0.08574029440423647, 1.0121328322132381, 0.20389950895095232, 4.811277284445685, -0.8487774646130859, 0.7798535296641473, 291.2170709414779, -227.06687829785574, 18.3726495484713, -7.249440435080412, -0.8191195118064846, 3.2197316815099675, -8.521104965961941, -2.9435934534904074, 7.670867979987788, 1.3603242654944578] 
[-0.5602860058763213, 2.7899753211953815, -0.06007416638161267, 3.3868082027086555, 0.07020684023651658, 0.8561856975724851, 0.047952374310199275, 4.655330149804932, -1.004724599253839, 0.6239063950233943, 291.63801928445264, -226.6553982189261, 18.266016584807094, -7.373828265323256, -0.9244139261522888, 3.2791108070678656, -8.632506743113593, -3.375987654330298, 8.098268580647407, 1.493755631541914] 
[-0.6382134431175928, 2.71204788395411, -0.13800160362288416, 3.464735639949927, -0.007720597004754914, 0.9341131348137566, -0.029975062931072216, 4.733257587046204, -0.9267971620125675, 0.7018338322646658, 291.6683648086847, -226.75076918002, 18.154134843946142, -7.2608149444305745, -1.0442512876619465, 3.6063019948745914, -8.308413467296365, -3.3283722135704696, 8.153858753814609, 1.5738546615693807] 
[-0.4422218334412058, 2.516056274277723, -0.3339932132992711, 3.660727249626314, -0.20371220668114187, 1.1301047444901435, 0.16601654674531474, 4.929249196722591, -0.7308055523361805, 0.5058422225882788, 292.08473838373516, -226.34388998640264, 18.10995488918849, -7.404259852354333, -1.194662128549154, 3.7130133256642837, -8.418687263196796, -3.208173985429899, 8.280249816901893, 1.3762523849700699] 
[-0.2685994040840338, 2.689678703634895, -0.5076156426564431, 3.487104820269142, -0.03008977732396989, 1.3037271738473155, -0.00760588261185724, 5.102871626079763, -0.9044279816933525, 0.6794646519454508, 292.42132991362587, -225.8741249424499, 18.468729065230942, -7.188802984016667, -1.4661431177125737, 3.7269034483080525, -8.578250901151534, -3.0812761202615357, 8.342024145647674, 1.5421140886234628] 
[0.0009259208236169769, 2.4201533787272442, -0.2380903177487923, 3.217579495361491, 0.2394355475836809, 1.5732524987549663, -0.27713120751950804, 4.833346301172112, -1.1739533066010033, 0.4099393270378, 292.5784739204718, -226.3448508150298, 17.819936515221652, -6.687974102616222, -1.3456564277758927, 3.6099404621288693, -8.420938624462403, -3.799972533348462, 9.127642739193735, 1.0897318855357323] 
[-0.33114345127521005, 2.7522227508260713, 0.09397905435003473, 3.549648867460318, 0.5715049196825079, 1.9053218708537933, -0.6092005796183351, 4.501276929073285, -0.8418839345021762, 0.742008699136627, 292.910635219957, -226.4770761015763, 18.13166038705915, -7.053375354088438, -1.6485987990015152, 8.671063619982522, -3.3597017124182287, -3.25617265511789, 8.55502915031287, 1.4802449721085889] 
[-0.8028360150188938, 2.2805301870823875, -0.377713509393649, 3.0779563037166344, 1.0431974834261917, 1.4336293071101096, -1.0808931433620188, 4.029584365329601, -0.3701913707584925, 1.2137012628803108, 292.2632103816513, -227.0613148037545, 18.361633173444876, -7.466409668267791, -1.7699739556521665, 9.978178133253765, -2.0471162012579924, -2.9831191218407684, 8.830188662873322, 1.0402539815423835] 
[-0.6803149621492146, 2.4030512399520667, -0.5002345622633282, 2.9554352508469552, 1.1657185362958709, 1.3111082542404304, -1.203414196231698, 4.15210541819928, -0.24767031788881333, 1.0911802100106316, 292.24139229258503, -226.84647621545787, 18.570998192712782, -7.389767049131203, -1.6243355529024583, 9.80145468968812, -2.2049142372616, -2.9017406044572893, 8.915783294823218, 0.9245631008371057] 
[-0.8966186712715132, 2.6193549490743653, -0.2839308531410296, 3.171738959969254, 0.9494148271735723, 1.0948045451181319, -1.4197179053539966, 4.368409127321579, -0.4639740270111119, 1.3074839191329302, 291.8149629979353, -227.29822038873832, 18.490229595856864, -7.132617629524005, -1.4259852999657074, 9.949831363974683, -2.365187123685879, -2.62116081513366, 8.628681555735616, 1.1236077238458297] 
[-0.8090560271340888, 2.531792304936941, -0.1963682090036052, 3.0841763158318294, 1.0369774713109967, 1.0072419009807074, -1.3321552612165721, 4.280846483184154, -0.3764113828736875, 1.3950465632703546, 291.4731129469829, -227.67378080648325, 18.301100334178056, -7.176697528749628, -1.2825983160822243, 9.801920229083985, -2.454448127202024, -2.5568763529806655, 8.7047767255195, 1.0390341159398835] 
[-0.3476652131402762, 2.9931831189307534, 0.26502260499020736, 3.545567129825642, 1.4983682853048093, 1.46863271497452, -1.7935460752103847, 4.742237297177967, -0.8378021968675, 0.933655749276542, 291.4216247535925, -226.9827895395605, 18.972138872611996, -6.812021509005002, -0.9181803953292081, 10.035884579279333, -3.045698781517729, -3.2645879952807073, 9.295506332942486, 0.5935237575227259] 
[-0.3232158502990199, 3.0176324817720097, 0.24057324214895104, 3.5700164926668982, 1.473918922463553, 1.4441833521332637, -1.817995438051641, 4.766686660019223, -0.8622515597087563, 0.9092063864352857, 291.4577339521485, -226.94818635480306, 18.957131402980966, -6.791873055843323, -0.8917290565813807, 10.00856647498671, -3.0208778459410386, -3.2434105481710858, 9.273859491461693, 0.6182587374612847] 
[-0.27636659217258774, 2.9707832236455776, 0.2874225002753832, 3.523167234540466, 1.520768180589985, 1.3973340940068315, -1.7711461799252088, 4.719837401892791, -0.9091008178351885, 0.8623571283088536, 291.4198535402743, -226.91973012167082, 18.900451073323044, -6.852651633764854, -0.8471570833099437, 10.049233857265028, -2.9746123895533514, -3.299244244225713, 9.219284251530768, 0.5727911798364106] 
[-0.3521246329171799, 2.8950251829009854, 0.21166445953079105, 3.447409193795874, 1.445010139845393, 1.4730921347514236, -1.6953881391806167, 4.644079361148199, -0.9848588585797806, 0.9381151690534457, 291.36538910312487, -226.84053968608944, 19.015724797845895, -6.748137089138887, -0.7838858598428184, 10.115619602030305, -3.051106310951596, -3.2316788471432805, 9.151497507353074, 0.6488084010808278] 
[-0.7918521497683297, 3.3347526997521353, 0.6513919763819409, 3.007681676944724, 1.005282622994243, 1.9128196516025735, -1.2556606223294668, 5.083806877999349, -1.4245863754309305, 1.3778426859045956, 291.9912303179467, -226.28408257525905, 18.60235193056078, -7.254028450871548, -1.1669698168993499, 9.704275450194753, -2.6018507538869233, -2.7555466095520544, 9.63920674904713, 1.1049367453712304] 
[-0.6807255555882161, 3.2236261055720217, 0.7625185705620545, 2.8965550827646105, 1.1164092171743567, 1.8016930574224599, -1.3667872165095805, 5.194933472179462, -1.535712969611044, 1.4889692800847092, 292.0663037060944, -226.3357036208524, 18.536402350900396, -7.186805269549908, -1.2550915865870214, 9.772619707561837, -2.717223012313585, -2.8846297734673065, 9.74863204092245, 1.208529002311106] 
[-0.40589520740885554, 3.4984564537513823, 0.48768822238269394, 2.62172473458525, 0.8415788689949961, 1.5268627092430993, -1.0919568683302199, 4.920103124000102, -1.2608826214316835, 1.7637996282640698, 291.2851089049827, -227.14299265579675, 19.458568115181766, -6.273192196819803, -0.957567152548723, 9.533766913991297, -2.9872549801189905, -2.6396691506543752, 10.032746008253092, 0.9229293468721046] 
[-0.16022036132472017, 3.7441312998355176, 0.7333630684668293, 2.8673995806693853, 0.5959040229108608, 1.281187863158964, -1.3376317144143552, 5.165777970084237, -1.0152077753475481, 2.009474474348205, 290.9051565261027, -227.50593903716555, 19.376400037030336, -6.114164748746119, -1.1468167896501154, 9.184571798239405, -3.342329270459699, -2.3531624453112214, 9.756540072792692, 1.158199294751542] 
[-0.20217458308840186, 3.7860855215991993, 0.775317290230511, 2.909353802433067, 0.5539498011471791, 1.2392336413952822, -1.379585936178037, 5.207732191847919, -0.9732535535838664, 1.9675202525845235, 290.93819026024323, -227.57380567326032, 19.449188063819097, -6.109220310592927, -1.0972285995982056, 9.140430501663523, -3.312514552489712, -2.319886378187129, 9.80263150245964, 1.2074387697823465] 
[-0.406035164946422, 3.9899461034572195, 0.9791778720885311, 3.113214384291087, 0.7578103830051992, 1.035373059537262, -1.583446518036057, 5.003871609989899, -1.1771141354418866, 1.7636596707265033, 291.23992482119723, -226.9640768671069, 18.59885673532148, -6.825771585122469, -1.4525461769058117, 9.448191216873271, -3.020093044803878, -2.5932560392016386, 10.06931167118731, 1.451792708422597] 
[-0.585554117332892, 3.8104271510707495, 0.7996589197020612, 3.292733336677557, 0.5782914306187292, 0.8558541071507921, -1.403927565649587, 5.183390562376369, -0.9975951830554166, 1.9431786231129733, 291.0339228484976, -227.06548153149117, 18.255660167501354, -7.195163098242855, -1.590802195388253, 9.318366327279168, -3.175728387261875, -2.7491671345557553, 10.239414509391493, 1.2809264073433515] 
[-0.5892132884695709, 3.8067679799340706, 0.8033180908387401, 3.289074165540878, 0.5819506017554081, 0.859513278287471, -1.4002683945129082, 5.187049733513048, -1.0012543541920955, 1.9468377942496522, 291.04326642142945, -227.05237137319622, 18.24066777858989, -7.207049878171839, -1.5920667887302848, 9.31455532803437, -3.1814392269054586, -2.743537746030049, 10.235740348714586, 1.2840759257026735] 
[-0.4595317225003672, 3.9364495459032742, 0.9329996568079437, 3.1593925995716745, 0.7116321677246118, 0.9891948442566747, -1.2705868285437045, 5.316731299482251, -1.1309359201612992, 1.8171562282804485, 290.85359308767374, -227.1895784753043, 18.02901502400649, -7.440680693157693, -1.7633069546730449, 9.487753416948498, -3.342161969431969, -2.574705903178343, 10.335339527498872, 1.1684725546464416] 
[-0.429643006230334, 3.9663382621733074, 0.9031109405379105, 3.1892813158417077, 0.741520883994645, 0.9593061279866415, -1.2406981122736713, 5.3466200157522845, -1.1608246364313324, 1.8470449445504817, 290.86247400503066, -227.25720561764663, 18.13533340355792, -7.350617803445609, -1.8079819613815367, 9.526958425968836, -3.3780163724679677, -2.530097894160671, 10.296469971163445, 1.1337102058975785] 
[-0.9442447398464271, 3.4517365285572144, 0.38850920692181745, 2.6746795822256146, 0.22691915037855193, 1.4739078616027346, -0.7260963786575783, 5.861221749368378, -1.6754263700474255, 1.3324432109343887, 291.5924422760256, -226.4954615425958, 18.036731641777425, -7.910959224761363, -2.118282130332772, 9.030953324993602, -3.8970500993764294, -2.8179806193143735, 9.722949950252739, 0.5340977324581228] 
[-0.8848451429821207, 3.392336931692908, 0.44790880378612385, 2.734079179089921, 0.28631874724285833, 1.533307458467041, -0.7854959755218847, 5.920621346232684, -1.616026773183119, 1.2730436140700823, 291.28725041585807, -226.81409031916763, 18.180450695686446, -7.813017653600587, -2.1373833996750946, 9.003000600777442, -3.85419805703547, -2.8815239741508485, 9.67189963317915, 0.4856338952470206] 
[-0.7248398424759426, 3.23233163118673, 0.607914104292302, 2.894084479596099, 0.44632404774903645, 1.3733021579608629, -0.6254906750157065, 6.080626646738862, -1.7760320736892972, 1.4330489145762604, 291.2964045506292, -227.01532767189562, 18.519952070541617, -7.421024788443985, -1.8420199535096005, 8.897372439124135, -3.769734364025738, -2.7221656936347625, 9.799444077233895, 0.6106894646486702] 
[-0.5707945128088081, 3.0782863015195954, 0.7619594339594364, 3.0481298092632336, 0.292278718081902, 1.2192568282937284, -0.4714453453485721, 5.926581317071728, -1.9300774033564316, 1.5870942442433948, 291.1820347617845, -226.9552394308512, 18.85112377284553, -7.093769976782482, -1.8939652575104133, 8.376919823850614, -4.28667761615849, -2.8136164414691596, 9.932471560711674, 0.7472174674354028] 
[-0.4638831727316184, 3.185197641596785, 0.6550480938822467, 3.1550411493404233, 0.18536737800471226, 1.1123454882165387, -0.36453400527138236, 6.033492657148917, -1.823166063279242, 1.4801829041662051, 291.42419252429374, -226.70442008349016, 19.19727944100501, -6.759075159368029, -2.0434031680099185, 9.0264850818435, -3.6275994771313798, -3.03124685852569, 9.803263913301796, 0.852281553005573] 
[-0.6897265259891991, 3.411040994854366, 0.42920474062466596, 3.380884502598004, 0.411210731262293, 1.3381888414741194, -0.1386906520138016, 6.259336010406498, -1.5973227100216612, 1.7060262574237859, 291.2707145782753, -226.54252842269324, 19.04677893291892, -6.62704648789049, -1.8310750244212612, 9.175226422203801, -3.700201039416663, -3.2324365832400783, 10.038379467061885, 0.6064755385534708] 
[-0.39919824100999257, 3.7015692798335724, 0.7197330256038725, 3.6714127875772107, 0.12068244628308644, 1.0476605564949129, 0.15183763296540498, 6.549864295385705, -1.8878509950008677, 1.9965545424029925, 291.4731688620338, -226.6861196309329, 18.92489725352506, -6.263090820755054, -2.4431960660917054, 11.964591840183658, -0.9335273581452119, -3.6108978601127393, 10.37390497671135, 0.9422099774331902] 
[-0.456445728822926, 3.644321792020639, 0.776980513416806, 3.728660275390144, 0.06343495847015301, 1.1049080443078463, 0.2090851207783384, 6.607111783198638, -1.9450984828138012, 1.939307054590059, 291.35654133560325, -226.86643303048535, 19.15493437376512, -6.042250139576902, -2.5829648754731087, 11.949264980371238, -0.8927461399982548, -3.6580541201592394, 10.286255546101218, 0.8517824191652736] 
[-0.49346330383366244, 3.6073042170099026, 0.8139980884275424, 3.7656778504008805, 0.10045253348088945, 1.0678904692971098, 0.17206754576760197, 6.644129358209375, -1.9080809078030647, 1.9763246296007955, 291.29029504607763, -226.94211086116547, 19.197330666420232, -6.0773595979595045, -2.532788294106658, 11.977950903637785, -0.9009345770589173, -3.614961480035765, 10.226532667692025, 0.7957820270152711] 
[-0.4172743819729785, 3.5311152951492186, 0.7378091665668585, 3.8418667722615645, 0.17664145534157338, 1.1440793911577938, 0.09587862390691804, 6.567940436348691, -1.9842698296637487, 1.9001357077401115, 291.11628242998506, -227.17324516959854, 19.496726084636165, -5.773001602476499, -2.708994788810687, 11.430305203978033, -1.4578920572218586, -3.7496438443277644, 10.361087198185722, 0.9188347499256534] 
[0.0805914554935594, 3.0332494576826807, 1.2356750040333964, 3.3440009347950266, 0.6745072928081113, 1.6419452286243317, 0.5937444613734559, 7.0658062738152285, -1.4864039921972108, 1.4022698702735736, 290.3430182743108, -227.90781385303612, 19.28961559532094, -5.558519377346321, -2.315247169808429, 11.492087019627496, -1.9222012694470747, -4.316507178971225, 10.818048716703924, 0.5508544701156488] 
[0.29700403568327083, 3.249662037872392, 1.019262423843685, 3.560413514984738, 0.8909198729978227, 1.858357808814043, 0.8101570415631674, 7.28221885400494, -1.7028165723869222, 1.618682450463285, 290.5785146736621, -228.1462655668256, 19.19957088077907, -5.411922525031646, -2.5669167028241375, 10.855448450019608, -2.5560501502523176, -4.091196743052714, 10.635823611953755, 0.35603712852746217] 
[0.3744009331853899, 3.3270589353745113, 0.9418655263415658, 3.637810412486857, 0.8135229754957036, 1.9357547063161622, 0.8875539390652865, 7.359615751507059, -1.7802134698890413, 1.6960793479654042, 290.5175470209358, -228.20273326649314, 19.140531075240347, -5.392137044322957, -2.4777946278736516, 10.926796446927124, -2.6138103714418035, -4.001094775761462, 10.553483598189267, 0.43131981342786174] 
[0.36922527055248544, 3.3218832727416068, 0.9470411889744703, 3.6429860751197616, 0.8186986381286081, 1.9305790436832577, 0.882378276432382, 7.3647914141399635, -1.7750378072561368, 1.6909036853324997, 290.5144709864143, -228.20857460220017, 19.158074772078795, -5.375285185416834, -2.474750962595286, 10.931664322005712, -2.6162837905538066, -4.006654812212254, 10.559622405065186, 0.4368514825867416] 
[0.14131387554947672, 3.093971877738598, 1.174952583977479, 3.415074680116753, 1.0466100331316168, 1.702667648680249, 0.6544668814293733, 7.592702809142972, -1.547126412253128, 1.462992290329491, 290.34891775415457, -228.38420986158116, 19.22464559630143, -5.630190155284948, -2.0909561727245585, 11.406230926986037, -2.2221182534591883, -3.7989716917882834, 10.294717314718621, 0.19433483125472467] 
[0.007527711896573308, 3.2277580413915015, 1.3087387476303824, 3.5488608437696563, 1.1803961967845202, 1.8364538123331524, 0.5206807177764698, 7.726488972795876, -1.4133402486002247, 1.3292061266765876, 290.50770946622015, -228.56195208479417, 18.03509540392829, -6.816311733890524, -2.1531378410819904, 11.495455977610188, -2.318006734187244, -3.933180711148309, 10.162111579147883, 0.06423322854438587] 
[-0.22605474302076622, 2.994175586474162, 1.075156292713043, 3.782443298686996, 1.4139786517018598, 1.6028713574158129, 0.7542631726938094, 7.960071427713215, -1.1797577936828851, 1.562788581593927, 290.27202822323426, -228.2821029928899, 16.039126922641906, -8.80387543219745, -2.398756045974828, 11.093294299395353, -2.675328184051374, -4.196218285205281, 9.899820319204098, -0.1614691170544927] 
[-0.10549651001076477, 2.8736173534641605, 0.9545980597030415, 3.6618850656769943, 1.2934204186918583, 1.7234295904258143, 0.8748214057038108, 7.839513194703214, -1.0591995606728837, 1.6833468146039285, 290.4282727930751, -228.12113866028096, 16.123823810998417, -8.871002470111154, -2.2716804322887874, 11.232571154871746, -2.5391448088418143, -4.290312973084011, 9.994483181448508, -0.040836674933310446] 
[-0.0272201159170411, 2.795340959370437, 0.8763216656093178, 3.5836086715832707, 1.2151440245981346, 1.6451531963320907, 0.7965450116100872, 7.917789588796937, -1.1374759547666073, 1.6050704205102049, 290.3581802857229, -228.04054308668105, 16.185834994948046, -8.912784853650207, -2.197343791864353, 11.175611742822168, -2.470651292797211, -4.3500578068129085, 10.053898036808016, -0.11902888491025176] 
[0.37094271779526444, 3.1935037930827423, 0.47815883189701225, 3.185445837870965, 0.8169811908858291, 2.043316030044396, 1.1947078453223927, 8.315952422509243, -1.5356387884789129, 1.2069075867978993, 290.74435096462173, -228.5089595852623, 15.816717457960433, -8.712661762174358, -2.6496172412704477, 10.619041313655345, -3.0058550149471457, -4.915450163239332, 9.489295131402613, 0.28025361203664495] 
[0.17886343821878903, 3.001424513506267, 0.28607955232053683, 3.3775251174474406, 0.6249019113093537, 1.8512367504679208, 1.3867871248988681, 8.123873142932768, -1.3435595089024375, 1.014828307221424, 290.6010665680974, -228.6437498890502, 15.690499167351417, -8.581805939401885, -2.526540017687016, 10.421411577552147, -3.212935643913836, -4.760505548444028, 9.656926776567001, 0.1147500165193373] 
[0.1301580848671282, 3.0501298668579278, 0.33478490567219765, 3.3288197640957797, 0.6736072646610145, 1.80253139711626, 1.3380817715472073, 8.172578496284428, -1.3922648622540983, 1.0635336605730847, 290.64406471929783, -228.61135323323833, 15.624279923937143, -8.661997384302722, -2.4523372219919404, 10.490728791894067, -3.1503134322787694, -4.704925039233419, 9.715620971890372, 0.1715022903591626] 
[0.16782039462553122, 3.0124675570995247, 0.37244721543060066, 3.3664820738541827, 0.7112695744194175, 1.764869087357857, 1.3004194617888043, 8.210240806042831, -1.4299271720125013, 1.1011959703314878, 290.6101400827501, -228.640271761161, 15.675242541951283, -8.612930231827233, -2.4161052273674986, 10.528462843211946, -3.178977097425373, -4.670939406671644, 9.672677728075676, 0.12740938388317738] 
[-0.05193482942484984, 2.7927123330491437, 0.1526919913802196, 3.586237297904564, 0.49151435036903646, 1.984624311408238, 1.0806642377384232, 7.99048558199245, -1.2101719479621202, 1.3209511943818688, 290.41544883410336, -228.79158480074577, 15.981305087383424, -8.316720229348899, -2.217742941985933, 10.733919396202712, -3.3736173949369475, -4.912771307055111, 9.403509970246155, -0.13440755587450995] 
[-0.41369807522162994, 3.1544755788459238, -0.2090712544165605, 3.2244740521077837, 0.8532775961658166, 2.346387557205018, 1.4424274835352033, 8.35224882778923, -1.5719351937589003, 0.9591879485850887, 290.07893096977966, -228.27409315557287, 16.4914963427408, -8.519609568418394, -2.465978729700263, 10.95269917858255, -3.637979634479511, -4.617226637800153, 9.078670604746701, -0.5063974487269851] 
[-0.8021056545900809, 3.5428831582143747, -0.5974788337850114, 2.8360664727393328, 0.4648700167973656, 2.734795136573469, 1.8308350629036543, 7.9638412484207795, -1.9603427731273513, 1.3475955279535397, 289.8045981706487, -227.99030020806563, 16.001199752784487, -8.04280141128313, -2.2217740869133533, 10.726689110518308, -3.0719439496052794, -4.041021436220157, 9.383366374283403, -0.811194918133848] 
[-0.5448333910264598, 3.2856108946507536, -0.34020657022139034, 2.5787942091757117, 0.20759775323374452, 2.99206740013709, 1.5735627993400332, 8.2211135119844, -1.7030705095637302, 1.6048677915171607, 290.7843975548207, -226.89840219716731, 15.171475921351872, -7.380064435748386, -2.241225892518278, 10.957166989330366, -2.8612886623218143, -4.304702496547398, 9.106138266777807, -0.5601465900565272] 
[-0.5610257304277422, 3.301803234052036, -0.35639890962267273, 2.594986548576994, 0.22379009263502692, 3.0082597395383726, 1.5573704599387508, 8.204921172583118, -1.7192628489650126, 1.5886754521158784, 290.77310796214715, -226.88884351001033, 15.178762535919144, -7.352137940039314, -2.2132495431737857, 10.945792265419454, -2.849335028776222, -4.316657674590847, 9.08974318935442, -0.5437555352352168] 
[-0.1608534277554181, 3.70197553672436, 0.04377339304965133, 2.995158851249318, 0.623962395307351, 3.4084320422106966, 1.9575427626110748, 8.605093475255442, -2.1194351516373366, 1.1885031494435543, 289.8696246690509, -227.84709063737043, 15.83862383375229, -7.822456413056461, -1.952151362275199, 11.394509578492913, -3.146645814171517, -4.017035829458333, 8.691429878845389, -0.9415066709581135] 
[0.1561834174313379, 3.384938691537604, -0.2732634521371047, 2.678122006062562, 0.30692555012059497, 3.7254688873974526, 1.6405059174243188, 8.922130320442198, -1.8023983064505806, 1.5055399946303103, 290.1668912432655, -227.99281992039855, 15.588733717939162, -8.074347521553111, -1.3240286165331026, 12.005912303996483, -3.838484056709104, -4.7127322905157945, 8.991464977579907, -0.5592951577309317] 
[0.3025242588932766, 3.2385978500756654, -0.12692261067516597, 2.5317811646006234, 0.16058470865865626, 3.8718097288593913, 1.7868467588862575, 9.068471161904137, -1.656057464988642, 1.3591991531683716, 290.301326485475, -227.91395729270204, 15.794605014148413, -8.405577510377316, -1.657048934995394, 11.78080019257018, -3.9390395987755307, -4.63866027133781, 9.13066769403127, -0.6978937592971698] 
[0.30437525177705105, 3.236746857191891, -0.1287736035589404, 2.533632157484398, 0.1624357015424307, 3.869958735975617, 1.788697751770032, 9.070322154787911, -1.6579084578724164, 1.3573481602845971, 290.2987404845544, -227.91147859659108, 15.796121994410921, -8.404544492044637, -1.6582281551758746, 11.781746988538165, -3.9446295187004052, -4.644338506187734, 9.128327528739831, -0.7002036950254885] 
[0.40956623759112, 3.131555871377822, -0.23396458937300935, 2.638823143298467, 0.05724471572836176, 3.764767750161548, 1.893888737584101, 9.17551314060198, -1.7630994436864853, 1.2521571744705282, 290.2140335532211, -227.9801383641038, 15.67086599110338, -8.15450246185556, -1.422618343918305, 11.687293289886346, -4.033376482321503, -4.600644473738903, 8.997478374498492, -0.8312909577434713] 
[0.40361882812619676, 3.1256084619128988, -0.23991199883793257, 2.6328757338335436, 0.051297306263438536, 3.770715159626471, 1.8879413281191777, 9.169565731137057, -1.757152034221562, 1.246209765005605, 290.2097635985801, -227.98435104859735, 15.674714457109662, -8.144355502261156, -1.4119735617661993, 11.68604099908663, -4.01033924854821, -4.577432023512836, 9.00244170796918, -0.8357593125127126] 
[0.3505753375503442, 3.1786519524887513, -0.18686850826208, 2.579832243257691, 0.1043407968392911, 3.7176716690506186, 1.8348978375433251, 9.116522240561205, -1.8101955247974146, 1.2992532555814575, 290.12263599877053, -227.89755650937823, 15.6422275789795, -8.237450598245614, -1.511008846267528, 11.630645412649638, -4.003607001335677, -4.626076264390765, 8.96095918303399, -0.7952951600423211] 
[0.5883659918751132, 3.4164426068135203, -0.424659162586849, 2.342041588932922, 0.3421314511640601, 3.4798810147258497, 2.072688491868094, 8.878731586236436, -2.0479861791221836, 1.0614626012566886, 289.9493495334071, -228.08550446552036, 15.923866420160465, -8.475619760605749, -1.426726832984165, 11.231181522732738, -5.1908179796838265, -5.783659132325342, 8.747298362592913, -0.6105536563841595] 
[0.15356281706749364, 2.9816394320059008, -0.8594623373944685, 1.9072384141253025, 0.7769346259716796, 3.914684189533469, 2.5074916666757137, 9.313534761044055, -2.482789353929803, 0.626659426449069, 291.0664436969513, -229.36279389199325, 17.118573477787884, -10.274251522233623, -3.1060572625403866, 10.607908876862004, -3.9808566741282885, -4.55419236837545, 8.220449687438048, -1.2403659789316375] 
[0.3170500977571873, 2.818152151316207, -0.6959750567047749, 1.7437511334356088, 0.613447345281986, 4.078171470223163, 2.34400438598602, 9.477022041733749, -2.3193020732401095, 0.4631721457593754, 290.8769935632637, -229.19086290788061, 16.922335715586915, -10.070032190900486, -3.12361428660357, 10.947099795919675, -3.5356256063613696, -4.208532920202397, 8.143215503709134, -1.1149387872983516] 
[0.4093916724328306, 2.725810576640564, -0.6036334820291316, 1.8360927081112521, 0.7057889199576293, 4.170513044898806, 2.4363459606616633, 9.384680467058105, -2.411643647915753, 0.3708305710837321, 290.9524081175887, -229.13359950185486, 16.867166891000767, -10.29850663130093, -3.3531807751534863, 11.015310878204138, -3.5587843148969474, -4.119266513057573, 7.871980750074703, -1.384834439914362] 
[0.42295640323086126, 2.712245845842533, -0.6171982128271623, 1.8225279773132215, 0.6922241891595986, 4.1569483141007755, 2.4227812298636326, 9.398245197856136, -2.4252083787137835, 0.38439530188176274, 290.97683091675196, -229.16341808345786, 16.843037588110562, -10.287720999174088, -3.3632098530178407, 10.981265866033416, -3.598260492433584, -4.146231231461108, 7.8626142645946455, -1.3770863463223098] 
[0.21566757363646083, 2.5049570162481327, -0.8244870424215627, 1.615239147718821, 0.4849353595651982, 3.949659484506375, 2.630070059458033, 9.605534027450537, -2.217919549119383, 0.17710647228736232, 290.5876082895324, -228.6759266154856, 17.278956206566082, -10.880688040994665, -3.903564068940873, 11.308889251785951, -3.261790803006436, -4.238701331710519, 7.731534367356978, -1.2495633187999884] 
[-0.09917055711667011, 2.1901188854950018, -1.1393251731746936, 1.30040101696569, 0.17009722881206724, 4.264497615259506, 2.944908190211164, 9.920372158203667, -2.532757679872514, 0.49194460304049326, 290.16903080603896, -228.07306125937504, 17.82680136043838, -10.702051717381764, -4.106596648738307, 11.631247101041682, -3.2430992931680667, -3.776585256098641, 6.23901625612427, -2.7174416926360427] 
[0.217394672708755, 2.506684115320427, -0.8227599433492685, 1.6169662467911152, 0.48666245863749236, 4.581062845084931, 2.628342960385739, 9.603806928378242, -2.216192450047089, 0.17537937321506814, 290.457228279244, -228.56664896164696, 17.25551804047432, -11.323024508810834, -4.670413475487577, 11.662075765972974, -3.5837420633882116, -4.460779184546672, 7.133642270093214, -2.0041605577240915] 
[-0.43528264053985843, 3.1593614285690403, -0.17008263010065505, 0.9642889335425018, -0.1660148546111211, 3.9283855318363177, 3.2810202736343523, 10.256484241626856, -2.8688697632957023, -0.4772979400335453, 291.05073292891285, -228.22589993090142, 16.725319043061294, -10.891495960885852, -5.062680438022067, 12.10062400373229, -3.862790588361121, -3.8467501921173164, 7.3586164241696235, -2.4826999873630173] 
[-0.598757927354006, 2.9958861417548928, -0.33355791691480263, 0.8008136467283542, -0.0025395677969735075, 3.76491024502217, 3.1175449868202048, 10.419959528441003, -2.7053944764815547, -0.31382265321939773, 291.3314403260851, -227.9478352441883, 16.961920051333898, -10.087673783111747, -4.2894761261004115, 11.61579667823712, -4.401817223794713, -3.237797211695156, 6.777158842233136, -2.41293445549944] 
[-0.5801330621237657, 3.014511006985133, -0.3149330516845623, 0.7821887814981139, 0.01608529743326681, 3.7462853797919298, 3.0989201215899644, 10.438584393671244, -2.724019341711795, -0.33244751844963805, 291.3454432997763, -227.95612348306793, 16.98422744801773, -10.067178111881073, -4.294133772004823, 11.660354361161996, -4.35736688402495, -3.254420840633216, 6.775147459909464, -2.394749587997972] 
[-0.5738784404796551, 3.0082563853410225, -0.32118767332867293, 0.7884434031422245, 0.022339919077377424, 3.7525400014360404, 3.105174743234075, 10.432329772027133, -2.7177647200676844, -0.33870214009374866, 291.33071424677894, -227.97170964556534, 16.971099872474863, -10.091503962302001, -4.316832458475304, 11.675670354260374, -4.3417866410237025, -3.220603764180795, 6.739965370508299, -2.408133704078102] 
[-0.7270160910675809, 2.8551187347530966, -0.1680500227407471, 0.6353057525542987, -0.1307977315105484, 3.5994023508481146, 3.258312393822001, 10.585467422615059, -2.8709023706556103, -0.4918397906816745, 291.0116065252322, -228.2801615109698, 17.125812445781794, -9.936222849902787, -4.364366766249127, 11.588268136819787, -4.228159001468273, -2.5560626203578356, 6.078331061030133, -2.392024477532621] 
[-0.5316329449032775, 2.659735588588793, -0.3634331689050505, 0.8306888987186021, 0.064585414653755, 3.404019204683811, 3.4536955399863043, 10.390084276450755, -2.675519224491307, -0.2964566445173711, 290.9499934880845, -228.07034461117402, 17.383871291247, -9.789081020451997, -4.504983282040869, 11.26347044163839, -4.4950838648681035, -4.232391438165633, 7.778355364882996, -2.0368803801110382] 
[-0.531189673259286, 2.6601788602327847, -0.362989897261059, 0.8311321703625936, 0.0650286862977465, 3.4035759330398196, 3.454138811630296, 10.389641004806764, -2.6750759528473154, -0.2960133728733796, 290.94986275182816, -228.06964888077448, 17.38470474513881, -9.788467097962942, -4.5049925756886715, 11.263205101478142, -4.4943632591347615, -4.234421882247706, 7.780451876743609, -2.0359242699704794] 
[-0.3907372749043372, 2.8006312585877335, -0.2225374989061102, 0.6906797720076447, 0.20548108465269532, 3.5440283313947685, 3.5945912099852446, 10.249188606451815, -2.5346235544923665, -0.4364657712283284, 291.2188088136754, -227.7834615715069, 17.45164281183062, -9.31431847693101, -4.041350227770005, 11.347036416404407, -4.644838027757151, -4.053282104690618, 7.758642529574013, -2.1817204065507236] 
[-0.2779439599620037, 2.913424573530067, -0.10974418396377672, 0.8034730869499782, 0.09268776971036186, 3.656821646337102, 3.481797895042911, 10.361981921394149, -2.421830239550033, -0.5492590861706619, 291.3847317536568, -227.63544547036395, 17.370949107774567, -9.392513128884142, -3.963201688331545, 11.257758240638953, -4.5438252104025745, -4.122763062094716, 7.6278182766139535, -2.3404298096752876] 
[-0.42061209362057816, 2.7707564398714926, -0.25241231762235117, 0.6608049532914038, 0.2353559033689363, 3.7994897799956764, 3.3391297613843367, 10.219313787735574, -2.5644983732086075, -0.40659095251208743, 291.17727496617044, -227.87785642277197, 17.16606719157777, -9.524882473063332, -3.9274438945224, 11.483370747819224, -4.360163216999403, -3.7542389966425733, 7.177199349111529, -2.63309693927858] 
[-0.31910537005480855, 2.669249716305723, -0.15090559405658155, 0.5592982297256341, 0.3368626269347059, 3.6979830564299068, 3.4406364849501063, 10.117807064169805, -2.462991649642838, -0.3050842289463178, 290.9851910759, -228.11586437207887, 16.968140375640196, -9.634695287923186, -3.8788795090873025, 11.411151025092812, -4.297796898260801, -3.7815013614535573, 7.039006410450055, -2.783121368066826] 
[-0.17027887350468696, 2.8180762128558445, -0.0020790975064599593, 0.41047173317551255, 0.18803613038458433, 3.549156559879785, 3.2918099883999847, 9.968980567619683, -2.6118181461929595, -0.15625773239619623, 291.18362996436383, -227.9382755759822, 16.905683841896618, -9.541964412684989, -3.9778705718466285, 11.394647446512655, -4.069437343668541, -4.235591909124303, 7.588843177277859, -2.38103867051886] 
[-0.0792144058101929, 2.7270117451613505, 0.0889853701880341, 0.3194072654810185, 0.09697166269009028, 3.458092092185291, 3.2007455207054907, 10.060045035314177, -2.5207536784984654, -0.06519326470170217, 291.2993065195184, -227.78508799079597, 17.044647149854402, -9.59478635661196, -3.880955660278713, 11.225884085264457, -4.231639358467204, -4.18315921101098, 7.719460436322039, -2.2341914398630927] 
[0.18332737752116124, 2.9895535284927046, 0.35152715351938824, 0.05686548214966436, -0.16557012064126386, 3.195550308853937, 3.463287304036845, 9.797503251982823, -2.7832954618298196, -0.3277350480330563, 291.5965075190705, -227.3065544192493, 17.53086775347614, -10.012875555829144, -4.260016902037373, 11.069875971090532, -3.994216847309129, -4.694514422633451, 8.213584560620594, -2.265859820346592] 
[0.1774662437478458, 2.99541466226602, 0.35738828729270367, 0.06272661592297979, -0.15970898686794843, 3.2014114426272524, 3.4691484378101602, 9.803364385756138, -2.777434328056504, -0.33359618180637174, 291.59179630434863, -227.3129357959357, 17.521074429918816, -10.003929335649762, -4.264629898217748, 11.07460670957625, -4.001596979740112, -4.688536483078984, 8.219930790377672, -2.258036317759876] 
[0.27832717280662145, 3.0962755913247957, 0.256527358233928, -0.03813431313579585, -0.058848057809172793, 3.1005505135684768, 3.570009366868936, 9.702503456697363, -2.87829525711528, -0.4344571108651474, 291.6791380248677, -227.23552987857087, 17.460018620973237, -10.089068810781802, -4.35722256684699, 11.157949889500074, -4.052557712783856, -4.840147420054671, 8.421630776577512, -2.0941042484992005] 
[0.1073079960257477, 3.2672947681056694, 0.08550818145305428, -0.2091534899166696, 0.11217111897170096, 2.929531336787603, 3.398990190088062, 9.873522633478236, -2.707276080334406, -0.6054762876460211, 291.8103573128267, -227.09052117409271, 17.697474732457053, -10.327254640027183, -4.166419334034796, 11.34553872834869, -4.196563426288175, -4.925329446216829, 8.303881689986904, -1.949818849097491] 
[0.3574061274349152, 3.017196636696502, 0.33560631286222176, 0.04094464149249788, 0.36226925038086844, 3.1796294681967705, 3.1488920586788947, 9.623424502069069, -2.4571779489252386, -0.8555744190551886, 291.58783836158335, -227.350072525204, 17.963970977597096, -10.136181848019906, -3.9867404704057474, 11.636446034422178, -4.493418878419959, -4.979214540923745, 7.963224283595422, -2.3061106986644697] 
[0.38840351817897734, 2.98619924595244, 0.3046089221181596, 0.07194203223656004, 0.3312718596368063, 3.2106268589408327, 3.1178946679348325, 9.654421892813131, -2.4261805581811764, -0.8245770283111264, 291.5639119638563, -227.3704416839255, 17.98513150951072, -10.112902194639293, -4.009106702087986, 11.6144312213274, -4.4633720168685125, -4.955759904308472, 8.011151981037036, -2.255633246633843] 
[0.17571630029212493, 3.198886463839292, 0.09192170423130719, -0.14074518565029237, 0.11858464174995387, 2.9979396410539803, 2.90520745004798, 9.441734674926279, -2.213493340294324, -0.611889810424274, 291.73547901140995, -227.26053823438576, 17.70270754841696, -9.826123002542154, -4.153695964802615, 11.461472243164204, -4.26502195857044, -5.14528419356463, 7.902885896257765, -2.0898900613600717] 
[0.09302846048160696, 3.1161986240287742, 0.009233864420789217, -0.22343302546081034, 0.20127248156047184, 3.0806274808644982, 2.822519610237462, 9.35904683511576, -2.130805500483806, -0.5292019706137561, 291.636162512234, -227.16525958770225, 17.787180973664892, -9.904755772134394, -4.238188818987698, 11.571124017335148, -4.389251533198511, -5.259150039820127, 8.144637198257863, -1.8488184532259075] 
[0.2301670698378917, 2.9790600146724895, 0.14637247377707396, -0.3605716348170951, 0.06413387220418709, 2.9434888715082135, 2.959658219593747, 9.221908225759476, -2.2679441098400908, -0.6663405799700408, 291.48530446581714, -227.01752332747026, 17.65222721884117, -9.732560514782193, -4.394073011912013, 11.475343734760399, -4.583761143169465, -5.460157380550783, 8.051109280834362, -1.7799342451861808] 
[0.15324604981079837, 2.902138994645396, 0.06945145374998063, -0.4374926548441884, 0.14105489223128043, 3.020409891535307, 3.03657923962084, 9.29882924578657, -2.344865129867184, -0.7432615999971341, 291.3827630328799, -226.90372231969224, 17.740729503942454, -9.686846615684862, -4.338697712977098, 11.570974929616064, -4.697477804995928, -5.56561060372175, 7.982149212410953, -1.7437214877648297] 
[0.1645038876513798, 2.8908811568048147, 0.08070929159056206, -0.426234817003607, 0.129797054390699, 3.0091520536947254, 3.0253214017802588, 9.287571407945988, -2.3561229677077655, -0.7320037621565527, 291.3965390628622, -226.92070367693563, 17.724988616754963, -9.678456651412098, -4.329547027558749, 11.559871353358172, -4.708492370285117, -5.576056905275757, 8.004462094144902, -1.7208093490514298] 
[0.15346657519288875, 2.8798438443463237, 0.06967197913207102, -0.41519750454511595, 0.11875974193220795, 2.9981147412362343, 3.03635871423875, 9.276534095487497, -2.3450856552492745, -0.7209664496980617, 291.40937919570473, -226.9320676798535, 17.73199959032755, -9.660821122666585, -4.346914173555199, 11.552367293245165, -4.720059572583933, -5.589276309227819, 7.995462738169597, -1.714461295850852] 
[0.20819181182825197, 2.8251186077109605, 0.12439721576743423, -0.36047226790975273, 0.06403450529684473, 3.0528399778715976, 3.091083950874113, 9.33125933212286, -2.2903604186139113, -0.7756916863334249, 291.45438130054976, -226.86621873839968, 17.801650872907363, -9.63038813270355, -4.2968424993045025, 11.482412442850583, -4.650248254112244, -5.5386159994861055, 7.8859920398947, -1.827330100265535] 
[0.08735088719259387, 2.7042776830753024, 0.24523814040309233, -0.23963134327409463, 0.18487542993250283, 2.9319990532359395, 3.211924875509771, 9.210418407487202, -2.169519493978253, -0.6548507616977668, 291.34568142905937, -226.9280283755173, 17.926358648352803, -9.834693034123498, -4.097273400439075, 11.358843931301358, -4.754108513901858, -5.417494434614486, 7.975160242279725, -1.900501640981018] 
[0.22491987180585404, 2.566708698462042, 0.3828071250163525, -0.10206235866083446, 0.04730644531924266, 2.7944300686226793, 3.074355890896511, 9.347987392100462, -2.3070884785915133, -0.5172817770845066, 291.2161654308353, -227.02992636673247, 17.988506659051648, -9.676881638608906, -4.245385288634187, 11.214721662077276, -4.595180878397682, -5.297727730615522, 7.915555450432168, -1.8010905628548746] 
[0.263744369174562, 2.60553319583075, 0.34398262764764453, -0.14088685602954243, 0.008481947950534696, 2.7556055712539713, 3.035531393527803, 9.38681188946917, -2.3459129759602213, -0.47845727971579866, 291.25022982766427, -227.0044954453138, 17.974234120431007, -9.715515809348942, -4.200254254678089, 11.154606335562338, -4.538279086953766, -5.334347795643067, 7.888709607996653, -1.7795043970052535] 
[0.043282372678250525, 2.8259951923270616, 0.564444624143956, -0.3613488525258539, -0.2119800485457768, 2.976067567750283, 2.8150693970314915, 9.166349892972859, -2.12545097946391, -0.6989192762121101, 291.10686106228184, -227.3484639757769, 17.638952050941036, -9.871760623875858, -3.9579578175769177, 11.002887661229227, -4.726951064703811, -5.589493212371017, 7.275641926459155, -2.3884469075920363] 
[-0.010875775330395854, 2.880153340335708, 0.5102864761353096, -0.4155070005345003, -0.26613819655442317, 3.030225715758929, 2.760911249022845, 9.220508040981505, -2.0712928314552634, -0.6447611282034638, 291.05652908319024, -227.44148600354407, 17.48271125600347, -9.708393523138694, -4.077430338668145, 10.912173915539821, -4.6393608440745036, -5.5254389367095476, 7.143115786571549, -2.525985218528097] 
[-0.10039809667325805, 2.9696756616785702, 0.5998087974781718, -0.3259846791916381, -0.35566051789728537, 2.940703394416067, 2.671388927679983, 9.130985719638643, -2.1608151527981256, -0.734283449546326, 291.1474603186438, -227.3073803140079, 17.676158135987514, -9.879073757857082, -4.084344921545401, 11.015066607158307, -4.790281858929706, -5.666919929716889, 7.172001948415267, -2.595673346674282] 
[0.0940740380994729, 3.164147796451301, 0.7942809322509028, -0.13151254441890714, -0.1611883831245544, 3.135175529188798, 2.865861062452714, 9.325457854411374, -2.3552872875708566, -0.9287555843190569, 290.92390623366816, -227.60187512099603, 17.121375341967898, -9.273739619991312, -4.5628055204787366, 10.600548620611328, -4.39814889303992, -5.3644291391848045, 6.7639330767267225, -3.031061196366974] 
[0.14780975774155003, 3.2178835160933783, 0.8480166518929799, -0.18524826406098427, -0.10745266348247728, 3.081439809546721, 2.919596782094791, 9.271722134769297, -2.4090230072129337, -0.982491303961134, 290.86465368704665, -227.54313013225067, 17.15666039432375, -9.248950652709464, -4.518712811761537, 10.55407232505903, -4.438213633286442, -5.315010383430892, 6.86091018141903, -2.93642705026462] 
[-0.19114853287786637, 2.878925225473962, 0.5090583612735635, -0.5242065546804007, -0.4464109541018937, 3.420398100166137, 2.5806384914753746, 8.93276384414988, -2.0700647165935173, -0.6435330133417176, 290.5703101898643, -227.8469550680073, 17.318879426848564, -8.98787422659214, -4.860054855696119, 10.831979616504226, -4.007107205431211, -4.8161785877126455, 7.459950607927123, -2.377738814183317] 
[-0.10598802666498663, 2.793764719261082, 0.5942188674864433, -0.6093670608932804, -0.5315714603147734, 3.505558606379017, 2.6657989976882543, 8.847603337937, -2.155225222806397, -0.7286935195545974, 290.50734875400576, -227.72595958749775, 17.531752818434356, -9.235218998631025, -4.668667831991485, 10.856235228694349, -3.8137352207074917, -4.587437249145071, 7.7545042348906446, -2.1102432674125273] 
[-0.15225064311039738, 2.7475021028156714, 0.640481483931854, -0.6556296773386912, -0.4853088438693627, 3.459295989933606, 2.712061614133665, 8.80134072149159, -2.201487839251808, -0.7749561360000081, 290.5467793633687, -227.79465437649586, 17.437915295324178, -9.169689839424807, -4.616726311367987, 10.93982206235273, -3.7508680220568618, -4.604711015632299, 7.778562747054795, -2.1439611320122838] 
[-0.004770541134936579, 2.894982204791132, 0.7879615859073148, -0.803109779314152, -0.3378287418939019, 3.606776091909067, 2.859541716109126, 8.653860619516129, -2.3489679412272686, -0.6274760340245473, 290.4224063776918, -227.62964781477072, 17.55274425999369, -8.980231162608632, -4.829966039644395, 10.985826249620677, -3.856648605268705, -4.51086187132971, 7.715765664556339, -2.0258987727028352] 
[-0.037208577323445624, 2.9274202409796413, 0.8203996220958238, -0.835547815502661, -0.30539070570539284, 3.574338055720558, 2.891979752297635, 8.62142258332762, -2.3814059774157776, -0.5950379978360383, 290.3900509040378, -227.6118010593642, 17.468865716725855, -8.866050205262964, -4.917054705405079, 10.985912437778524, -3.8921614236918165, -4.5282914325103745, 7.761198704633771, -1.9746727748802988] 
[-0.0800683016299768, 2.9702799652861724, 0.7775398977892927, -0.8784075398091922, -0.348250430011924, 3.617197780027089, 2.934839476604166, 8.664282307634151, -2.424265701722309, -0.5521782735295071, 290.43390875036306, -227.58434245968604, 17.351523666110776, -8.702390535628481, -5.050866562173679, 10.920319601720887, -3.887604530171502, -4.611022802826497, 7.680903611659048, -1.9636246550672332] 
[-0.23577429106664916, 2.8145739758495, 0.933245887225965, -1.0341135292458645, -0.5039564194485964, 3.461491790590417, 3.0905454660408385, 8.819988297070823, -2.579971691158981, -0.39647228409283475, 290.26217122849226, -227.78775738831587, 17.069325169473704, -8.471566312943596, -4.955034997345114, 11.225685685787433, -3.5763683791290517, -4.407555728246259, 7.69390501842371, -1.8026468218022529] 
[-0.2795070402512909, 2.858306725034142, 0.9769786364106068, -0.9903807800612228, -0.4602236702639546, 3.417759041405775, 3.0468127168561967, 8.863721046255465, -2.5362389419743394, -0.352739534908193, 290.31843989731567, -227.73108923950952, 17.071949292296406, -8.563635049611785, -4.8494092231543116, 11.313797265234347, -3.5050159704955295, -4.322538397524632, 7.773887804432258, -1.8140576419676742] 
[-0.514018198745239, 3.09281788352809, 1.2114897949045549, -0.7558696215672747, -0.2257125117700065, 3.183247882911827, 3.281323875350145, 9.098232204749413, -2.3017277834803913, -0.11822837641424488, 290.005151176331, -228.02849122318645, 17.205625055813826, -8.435012957248514, -4.735969652420661, 11.027229176442685, -3.828364503735838, -4.570852408203731, 7.799429455563632, -2.037020195160813] 
[-0.26633317900223297, 2.845132863785084, 0.9638047751615488, -0.5081846018242686, -0.47339753151301256, 3.430932902654833, 3.0336388556071388, 8.850547185006407, -2.5494128032233974, -0.36591339615725094, 289.52572414947366, -228.50037916042487, 17.95865981675882, -9.188094740050577, -4.765601102810703, 11.279372082621856, -3.5974860026734006, -4.3664522024207475, 7.738809469244859, -1.83178643280019] 
[-0.18316976365880855, 2.7619694484416595, 0.8806413598181244, -0.591348017167693, -0.39023411616958814, 3.3477694873114086, 3.116802270950563, 8.767383769662983, -2.632576218566822, -0.44907681150067535, 289.59200441833684, -228.56745183887043, 17.954971386471165, -9.077249871056429, -4.867412348736872, 11.302251191131674, -3.6823245579216413, -4.452392628482637, 7.749028157499641, -1.9104779400313234] 
[-0.4102746115205935, 2.5348646005798745, 1.1077462076799094, -0.818452865029478, -0.16312926830780317, 3.5748743351731935, 2.889697423088778, 8.994488617524768, -2.8596810664286068, -0.22197196363889038, 289.9036123766207, -228.06796285531868, 18.90189389878241, -10.092935664492142, -4.180347940251145, 11.711704870878274, -3.8410201728162505, -4.925582748661791, 7.2934115734269245, -1.8417029935270515] 
[-0.35346185049702505, 2.478051839556306, 1.050933446656341, -0.8752656260530465, -0.1063165072842347, 3.631687096196762, 2.9465101841123467, 9.051301378548336, -2.9164938274521752, -0.1651592026153219, 289.9402656511565, -228.12948629644833, 18.830300023916305, -10.092115049709852, -4.247703317643628, 11.609659626312938, -3.9368520101863136, -4.916234707913811, 7.221862207690104, -1.9161620083044097] 
[-0.16741682697524674, 2.6640968630780844, 0.8648884231345626, -0.6892206025312682, -0.292361530806013, 3.8177321197185403, 2.7604651605905683, 9.237346402070115, -3.1025388509739535, -0.35120422613710023, 290.0971304687408, -228.23649076003986, 18.956633150712094, -10.025932615733351, -4.077584727135425, 11.762525169918797, -4.031338421579372, -4.7820541020554765, 7.1163361369668605, -1.751748583176878] 
[-0.2842632013046096, 2.5472504887487215, 0.7480420488051998, -0.5723742282019053, -0.17551515647665017, 3.934578494047903, 2.877311534919931, 9.120500027740752, -2.9856924766445907, -0.4680506004664631, 290.20910650686255, -228.26939901815396, 19.18580212893084, -10.259811509951673, -4.083930700487343, 11.866902061963618, -4.051776759246149, -4.647516746981387, 7.252403000333569, -1.8636940289024306] 
[-0.006367975477525434, 2.2693552629216374, 1.025937274632284, -0.29447900237482116, 0.10238006935043398, 3.656683268220819, 2.599416309092847, 8.842604801913668, -2.7077972508175066, -0.7459458262935472, 290.33212207711233, -228.9359556028427, 18.126786608413877, -9.165324868460656, -4.889437259875248, 10.898500046248381, -4.948975150154147, -4.4390860080505385, 7.558455982143045, -2.101127615398559] 
[0.12691504715553314, 2.402638285554696, 1.1592202972653425, -0.16119597974176259, 0.23566309198349256, 3.7899662908538776, 2.7326993317259056, 8.709321779280609, -2.841080273450565, -0.6126628036604886, 290.19896984436275, -228.90401911308211, 17.872807917353537, -8.911920649998606, -4.798875098113598, 10.954902536175133, -5.113767067047608, -4.586213701084227, 7.670691020435463, -1.9389049657403126] 
[0.14206291916631564, 2.4177861575654784, 1.14407242525456, -0.1460481077309801, 0.25081096399427505, 3.774818418843095, 2.747847203736688, 8.694173907269827, -2.8259324014397826, -0.5975149316497061, 290.21612734450616, -228.92549854979958, 17.855124673048454, -8.916714625377493, -4.77532612914264, 10.910797409242063, -5.15948324706894, -4.614661931022712, 7.666577354340602, -1.9548047726685402] 
[0.21118671830646285, 2.4869099567056256, 1.0749486261144128, -0.2151719068711273, 0.18168716485412784, 3.705694619702948, 2.8169710028768353, 8.62505010812968, -2.7568086022996354, -0.6666387307898534, 290.13629320911997, -228.82454210879638, 17.941229276915028, -8.901285492652333, -4.850939259975458, 10.939033358271972, -5.2649953813392685, -4.8375356834085315, 7.4456056049738875, -2.066167243427955] 
[0.2902373009989869, 2.5659605393981497, 0.9958980434218887, -0.2942224895636514, 0.2607377475466519, 3.626644037010424, 2.8960215855693594, 8.704100690822203, -2.8358591849921595, -0.7456893134823774, 290.2052847252577, -228.7640471916276, 17.91622191052702, -8.955431534274227, -4.9295977302416025, 10.97267079124283, -5.379657966693513, -5.116372939574426, 7.162675574943937, -2.2033835736549947] 
[0.1874832395652266, 2.66871460083191, 0.8931439819881284, -0.19146842812989107, 0.3634918089804122, 3.729398098444184, 2.793267524135599, 8.601346629388443, -2.733105123558399, -0.6429352520486171, 290.31009447585376, -228.77261037601016, 17.61244585252655, -8.660672955443703, -4.846474145568596, 10.856855270110911, -5.368030739007879, -5.367113108996087, 6.9171612771372954, -2.141418528014191] 
[-0.004074889308773422, 2.47715647195791, 0.7015858531141284, -0.3830265570038911, 0.1719336801064122, 3.920956227318184, 2.601709395261599, 8.792904758262443, -2.541546994684399, -0.4513771231746171, 290.50605822535437, -228.79916098241915, 16.950912244665727, -7.9813665954453645, -5.1811570221410115, 11.088801680865503, -5.484669046943228, -5.564351267664914, 6.943774399086847, -2.3272258912155217] 
[0.010552656045367925, 2.4625289266037687, 0.7162133984682697, -0.39765410235803245, 0.18656122546055354, 3.9355837726723255, 2.6163369406157404, 8.778277212908302, -2.5561745400385405, -0.46600466852875844, 290.5208215549475, -228.75683431829634, 17.009623480440208, -8.032604671430331, -5.149371834527395, 11.064469361348502, -5.494966912775218, -5.599844130318728, 6.901140951742124, -2.359333926389356] 
[0.03580486818298034, 2.487781138741381, 0.7414656106058821, -0.42290631449564486, 0.16130901332294112, 3.960835984809938, 2.591084728478128, 8.75302500077069, -2.581426752176153, -0.49125688066637085, 290.5458890030453, -228.734333712544, 17.004249506427428, -8.052177365413284, -5.160339873351803, 10.992178338210401, -5.574717120250004, -5.6378627380268815, 6.923261653371078, -2.3253658514282507] 
[-0.4057248942030949, 2.046251376355306, 1.1829953729919573, 0.018623447890430356, -0.2802207490631341, 3.5193062224238627, 3.032614490864203, 9.194554763156765, -3.022956514562228, -0.9327866430524461, 290.10065875124883, -228.6041026849834, 16.281565850783743, -7.357640007694183, -4.824654347465184, 9.975744695795491, -6.455507921468903, -4.974557278863562, 7.96481590496501, -1.5018940430390275] 
[-0.28697855877223155, 1.9275050409244425, 1.3017417084228207, 0.13736978332129368, -0.3989670844939974, 3.4005598869929994, 2.91386815543334, 9.075808427725901, -3.1417028499930915, -0.8140403076215827, 289.9971140161587, -228.51995987536085, 16.230106221387974, -7.4551045396146085, -4.901575057954361, 10.141038767183627, -6.2672680850544635, -4.860169997892102, 7.863206261411496, -1.6276142395038973] 
[-0.060202800475360974, 2.154280799221313, 1.07496595012595, 0.36414554161816426, -0.17219132619712685, 3.173784128696129, 2.6870923971364693, 9.302584186022772, -2.914927091696221, -0.5872645493247122, 289.7965483962115, -228.25478451271894, 16.47382152480339, -7.315923717399413, -5.090178612108032, 10.23110856359348, -6.556769184819843, -5.26699003118878, 7.500934094407989, -1.8543642413500132] 
[-0.09816504919566604, 2.116318550501008, 1.1129281988462552, 0.3261832928978592, -0.21015357491743192, 3.211746377416434, 2.6491301484161642, 9.340546434743077, -2.876964842975916, -0.5493023006044071, 289.75574861998734, -228.34038676867266, 16.3570301520761, -7.216759988397131, -5.040358611100093, 10.201760499206673, -6.534242259977142, -5.300511731924229, 7.450610567035144, -1.901670732901585] 
[0.01389471133862763, 2.2283783110353017, 1.2249879593805488, 0.43824305343215286, -0.09809381438313824, 3.09968661688214, 2.5370703878818706, 9.228486674208783, -2.9890246035102095, -0.43724254007011343, 289.8734850505224, -228.22875688889832, 16.339966106115398, -7.337011283112842, -5.153801370624067, 10.279248984109719, -6.736350729049334, -5.502080358594785, 7.527118597518393, -1.9967241137894387] 
[-0.1690358830907055, 2.411308905464635, 1.407918553809882, 0.621173647861486, 0.08483678004619488, 2.916756022452807, 2.3541397934525374, 9.04555607977945, -2.8060940090808764, -0.2543119456407803, 289.69192051955804, -228.3896170620615, 16.41649386789374, -7.215531845402232, -5.304729082252158, 10.444182889915082, -6.6015549096585096, -5.578345433095493, 7.726287082176379, -1.786898727456232] 
[-0.4250160020337166, 2.667289024407646, 1.1519384348668709, 0.3651935289184749, -0.1711433388968162, 3.172736141395818, 2.6101199123955485, 8.789575960836439, -2.5501138901378653, -0.5102920645837914, 289.4741300013766, -228.08490562078708, 17.12948518807968, -7.925667254640254, -5.601730059873491, 10.060735275216535, -5.661135816435484, -4.605337575019318, 8.186859019138831, -1.9065442994475723] 
[-0.4139345249946178, 2.6783705014467447, 1.1630199119059696, 0.3541120518793761, -0.16006186185771742, 3.1616546643567194, 2.5990384353564497, 8.77849448379734, -2.5390324130987665, -0.4992105875446926, 289.4924643822403, -228.0651331381477, 17.141100337788966, -7.921962392738932, -5.591665004601587, 10.051007687556385, -5.670453503738611, -4.600380928896544, 8.181382114073337, -1.8976078634551021] 
[-0.6156036825299314, 2.476701343911431, 0.9613507543706561, 0.15244289434406255, 0.041607295677596134, 3.363323821892033, 2.8007075928917633, 8.576825326262027, -2.74070157063408, -0.29754143000937905, 289.87956705280897, -227.54979416194067, 18.215958361426075, -8.94698524545184, -5.557650322418608, 9.860309048040817, -5.323366432848756, -4.239674036936034, 8.219033356340205, -1.680982210551587] 
[-0.7787946584847649, 2.6398923198662647, 0.7981597784158225, -0.01074808161077101, -0.12158368027723743, 3.2001328459371994, 2.963898568846597, 8.74001630221686, -2.9038925465889136, -0.1343504540545455, 289.53425241296407, -227.95055479472728, 17.9362695120735, -8.945502216794038, -5.715582945489791, 9.73241035509465, -5.183529320905877, -4.225156756733937, 8.445758842958893, -1.4618336355138917] 
[-0.6635681999010483, 2.7551187784499813, 0.6829333198321059, -0.12597454019448762, -0.00635722169352082, 3.315359304520916, 3.0791250274303135, 8.855242760800577, -2.788666088005197, -0.2495769126382621, 289.6844508621701, -227.89376916005554, 18.26904486841176, -9.270420226403267, -5.611134720491464, 9.623399763469696, -5.296013440050369, -4.159503337193605, 8.389234155204166, -1.3568236105997247] 
[-0.9584436969318464, 3.0499942754807794, 0.38805782280130785, -0.4208500372252857, -0.3012327187243189, 3.610234801551714, 3.3740005244611115, 9.150118257831375, -3.083541585035995, 0.04529858439253598, 290.27308645628034, -227.37885501701632, 17.766407686196995, -8.707611415523367, -5.369573252148842, 9.87100542117726, -5.578653777239461, -4.748323864595829, 7.836165352063645, -1.217950687857992] 
[-0.932076073450018, 3.076361898962608, 0.36169019931947943, -0.39448241374345727, -0.2748650952424905, 3.6366024250335425, 3.40036814794294, 9.176485881313203, -3.1099092085178235, 0.01893096091070756, 290.2645377055165, -227.35698781541956, 17.81707160896418, -8.77516110273043, -5.303787249908665, 9.933188244929642, -5.531194406152419, -4.722999117364735, 7.867833212719408, -1.2425516719123157] 
[-0.9198360138183137, 3.0641218393309035, 0.3739302589511837, -0.382242354111753, -0.2626250356107862, 3.6488424846652467, 3.4126082075746442, 9.164245821681499, -3.097669148886119, 0.03117102054241183, 290.20411181048974, -227.41713351028199, 17.83095688041505, -8.786914182894487, -5.318277913715648, 9.904539675010128, -5.561090024112362, -4.70012279539966, 7.8851457225654356, -1.2542602169554826] 
[-0.7646100787620522, 3.219347774387165, 0.21870432389492223, -0.5374682891680145, -0.4178509706670477, 3.4936165496089853, 3.2573822725183827, 9.31947175673776, -2.9424432138298577, -0.12405491451384965, 289.4713909356909, -228.14526753874063, 18.019356176298142, -8.97916341263824, -5.397713834514842, 9.958326357682276, -5.748512274623013, -4.4502040838718555, 8.096136541530395, -1.4005386719311324] 
[-0.5305416671088974, 3.45341618604032, 0.45277273554807707, -0.7715367008211693, -0.18378255901389284, 3.72768496126214, 3.023313860865228, 9.085403345084606, -2.708374802176703, -0.3581233261670045, 290.2532539721923, -227.35155102620743, 17.65323433317857, -8.50222308941968, -5.780494225375052, 10.169629035595532, -5.4211157119246725, -4.702283082252686, 8.265151269108411, -1.6016107113043576] 
[-0.271037682595205, 3.1939122015266275, 0.7122767200617695, -0.5120327163074769, -0.44328654352758523, 3.4681809767484477, 3.2828178453789203, 8.825899360570913, -2.9678787866903953, -0.0986193416533121, 290.4601176391517, -227.46085421616684, 17.440693919177956, -8.57242903281501, -5.9846749599290625, 10.28000786866751, -5.656008407383121, -5.079758576609555, 7.944531975603327, -1.4609717201137205] 
[-0.37617679401449244, 3.08877309010734, 0.8174158314810569, -0.6171718277267644, -0.3381474321082978, 3.573320088167735, 3.177678733959633, 8.9310384719902, -3.0730178981096827, 0.006519769765975347, 290.37966422732165, -227.36852464100141, 17.21254181109879, -8.3624111091884, -5.910252625573346, 10.39193279899211, -5.724215621157553, -5.1235157395026665, 8.042532436354184, -1.3419098860837073] 
[-0.4314514388251691, 3.1440477349180167, 0.8726904762917336, -0.5618971829160877, -0.39342207691897446, 3.5180454433570585, 3.122404089148956, 8.875763827179524, -3.017743253299006, -0.04875487504470133, 290.42191526466684, -227.40402534084413, 17.339772699623857, -8.485558528520817, -5.930872918076747, 10.345779928072552, -5.688248646744702, -5.085360509529048, 8.008497303306594, -1.288688786926835] 
[-0.766925312638465, 2.808573861104721, 1.2081643501050294, -0.22642330910279185, -0.7288959507322703, 3.1825715695437626, 2.7869302153356603, 9.21123770099282, -3.353217127112302, 0.2867189987685945, 290.65749270285363, -227.6429043558084, 18.6798391436584, -10.034672202667624, -4.840417998830513, 11.224152140074917, -5.058111944252693, -5.316837654454941, 8.190833169662756, -1.604971205072896] 
[-0.7519827186492893, 2.8235164550938965, 1.223106944094205, -0.24136590309196748, -0.7139533567430947, 3.167628975554587, 2.801872809324836, 9.226180294981996, -3.3681597211014775, 0.2717764047794189, 290.6488507498864, -227.63329679470792, 18.683819601956817, -10.055717349853818, -4.795382020810679, 11.268628967127064, -5.046653756433268, -5.330871647382473, 8.175511970818752, -1.6168970937004796] 
[-0.6316447167736765, 2.7031784532182837, 1.1027689422185922, -0.3617039049675803, -0.5936153548674818, 3.2879669774302, 2.922210811200449, 9.346518296857608, -3.2478217192258647, 0.3921144066550317, 290.2102790844242, -228.12377469978108, 17.584099510531352, -8.970268113179397, -4.9826250506060425, 11.268484184495389, -5.125658374763536, -5.20429228989142, 8.352276984024172, -1.7747331971154823] 
[-0.2538486809131921, 2.3253824173577993, 1.4805649780790766, 0.016092130892904066, -0.21581931900699747, 3.665763013290684, 2.5444147753399644, 8.968722260997124, -2.8700256833653803, 0.014318370794547342, 289.74842061868947, -228.28100961475147, 15.719995899921924, -7.0358124869991645, -6.099716813005142, 10.334682288015472, -4.937769747777538, -5.575687512305633, 7.905130482765653, -1.3532589116703149] 
[-0.09293461714953644, 2.1644683535941436, 1.319650914315421, 0.17700619465655976, -0.37673338277065316, 3.5048489495270285, 2.70532883910362, 9.12963632476078, -2.7091116196017246, -0.14659569296910835, 289.6055589254792, -228.17606716168612, 15.225919704791387, -6.537608932587042, -5.90621688152866, 10.50666189521338, -4.999124568333325, -5.50697189025334, 7.71877009147922, -1.5590488270568634] 
[0.14763848960709147, 2.4050414603507715, 1.5602240210720488, -0.06356691210006815, -0.13616027601402525, 3.7454220562836564, 2.945901945860248, 8.889063218004152, -2.9496847263583525, 0.09397741378751956, 289.8394376160569, -228.30502016678406, 15.710939798927008, -7.045481618232683, -6.117408754697065, 10.654508084680266, -5.0700443777529, -5.175194157026724, 8.211778001461912, -1.1228989778925382] 
[0.12243686828312583, 2.430243081674737, 1.5350223997480832, -0.03836529077610251, -0.1613618973379909, 3.720220434959691, 2.9711035671842136, 8.914264839328117, -2.924483105034387, 0.1191790351114852, 289.8166378181167, -228.32706086991035, 15.807228833378112, -7.141852301562537, -6.136669018060944, 10.707213517711887, -5.016308994551372, -5.179186185191157, 8.239881899596451, -1.0931083381467508] 
[0.029128158278156846, 2.523551791679706, 1.4417136897431142, -0.1316740007810715, -0.2546706073429599, 3.81352914496466, 2.8777948571792447, 9.007573549333086, -2.831174395029418, 0.025870325106516212, 289.73112469106525, -228.4113264029729, 15.85608120762714, -7.085663503523335, -6.014048144571913, 10.925859873350232, -4.81167122971002, -5.219360369571823, 8.298943712969123, -1.1753955849649844] 
[-0.27103200946287664, 2.2233916239386726, 1.1415535220020807, -0.431834168522105, 0.045489560398073614, 3.5133689772236263, 3.177955024920278, 8.707413381592053, -2.5310142272883844, 0.3260304928475497, 289.42081439752076, -227.9837102583504, 17.466811813893667, -8.681554738208732, -5.6990321704453235, 10.868322577978148, -4.500364505784296, -4.980248654469081, 7.97913377554578, -1.5648348577372948] 
[-0.314912018446309, 2.1795116149552403, 1.185433530985513, -0.3879541595386726, 0.0016095514146412526, 3.469488968240194, 3.2218350339037105, 8.751293390575485, -2.574894236271817, 0.28215048386411734, 289.37290636371733, -228.00848641216396, 17.551222933537307, -8.778119426013536, -5.639524431635947, 10.89886649632039, -4.530824163530604, -5.0720653508014175, 7.888631430152652, -1.55799538367299] 
[-0.32286436167394506, 2.171559271727604, 1.177481187757877, -0.3800018163110366, 0.009561894642277302, 3.47744131146783, 3.2138826906760745, 8.74334104734785, -2.5669418930441807, 0.2741981406364813, 289.37858725150153, -228.02131155566084, 17.53117289221154, -8.761122100935731, -5.633971861939531, 10.886648484852548, -4.544087811558754, -5.048646255235246, 7.916618917471713, -1.53876303564501] 
[-0.6097769201894199, 2.458471830243079, 1.4643937462733518, -0.09308925779556176, 0.2964744531577521, 3.190528752952355, 3.5007952491915493, 8.456428488832374, -2.8538544515596556, 0.5611106991519561, 289.58177957428586, -228.48810473289058, 16.809641324662568, -8.15338751869625, -5.429800015552636, 10.451394715908584, -4.9901841674774525, -4.7443140970296565, 7.904849305361158, -1.256633425849186] 

Time 
76.7435929775238 
