Parameters 
 
[-0.5, -0.5, -0.5, -0.5, -0.5, -0.5, -0.5, -0.5, -0.5, -0.5, -0.5, -0.5, -0.5, -0.5, -0.5, -0.5, -0.5, -0.5, -0.5, -0.5] 
[-0.0533681688874168, -0.9466318311125832, -0.0533681688874168, -0.9466318311125832, -0.9466318311125832, -0.9466318311125832, -0.0533681688874168, -0.9466318311125832, -0.9466318311125832, -0.0533681688874168, -0.07879109303118481, -0.43957504274595394, 0.06601376556972394, -0.8837515883611776, -1.2363147172544169, 0.6683107604966885, -1.718235760083807, 0.421453491002009, -0.5677417905971204, -0.02835585865060536] 
[-0.4497438231299933, -0.5502561768700067, 0.3430074853551597, -1.3430074853551597, -1.3430074853551597, -1.3430074853551597, -0.4497438231299933, -0.5502561768700067, -0.5502561768700067, 0.3430074853551597, 0.31172360073142696, -0.25157066381615506, 0.3084890780599542, -0.7861633450705786, -0.6146953131555535, -0.3111541975304307, -0.8507328882558813, 0.020848808216697212, -0.5921868730125318, -0.41315547040870376] 
[-0.007601345387303837, -0.10811369912731728, -0.09913499238752976, -1.7851499630978491, -0.9008650076124702, -1.7851499630978491, -0.007601345387303837, -0.9923986546126962, -0.10811369912731728, -0.09913499238752976, -0.568712840192513, 0.931205021462431, -0.6258922007789408, -0.28733662009904554, -1.1802769578394932, 0.09333049472781568, -0.5188266150402826, 0.38056637090620804, -0.4560366598937665, -0.02816279403549521] 
[-0.23312843556195606, 0.11741339104733495, 0.12639209778712246, -2.0106770532725013, -1.1263920977871225, -1.559622872923197, -0.23312843556195606, -0.7668715644380439, 0.11741339104733495, 0.12639209778712246, -0.3416316288998712, 0.7255488820291667, -0.8269438475601143, -0.17295238041327238, -1.0031571012622829, -0.48891869447488906, 0.05878608768653615, -0.9400184431918969, 0.8600770937586032, 0.12010945008536805] 
[-0.5015689159898411, 0.38585387147522, 0.3948325782150075, -2.2791175337003864, -0.8579516173592374, -1.2911823924953119, -0.5015689159898411, -0.4984310840101589, 0.38585387147522, 0.3948325782150075, -0.13080273594282696, 0.9766543219355881, -0.5524501718359496, 0.24608061852651236, -1.4313246824721804, -0.02952310519523854, -0.40215352890649436, -0.7514310252947495, 0.9804556143471479, -0.13825768166378932] 
[-0.639288885252002, 0.2481339022130591, 0.5325525474771684, -2.1413975644382255, -0.7202316480970765, -1.4289023617574728, -0.639288885252002, -0.6361510532723198, 0.2481339022130591, 0.2571126089528466, -0.058820877947158776, 1.1242305136410418, -0.4148273086837761, 0.4403925046256117, -1.6243588182336572, 0.21910559222361056, -0.650949774927235, -0.9741620963586718, 1.274027550984494, 0.08903934638393823] 
[-0.795703716151472, 0.09171907131358914, 0.6889673783766384, -2.2978123953376954, -0.5638168171976066, -1.2724875308580028, -0.48287405435253206, -0.47973622237284985, 0.09171907131358914, 0.10069777805337665, 0.3339753159553978, 0.7155149317111213, -0.5628034141682294, 0.1475971441843923, -1.3019203382972937, 0.3473044846451111, -0.5764956457905446, -0.8945062835217539, 1.4291754021650769, 0.27509675226436114] 
[-0.7786927547320488, 0.07470810989416599, 0.6719564169572152, -2.3148233567571186, -0.5808277786170297, -1.289498492277426, -0.4658630929331089, -0.496747183792273, 0.1087300327330123, 0.1177087394727998, 0.3271815190548917, 0.7011519421837286, -0.6069644775820325, 0.21043398280957343, -1.357809936156942, 0.26829963776985033, -0.49800827587939367, -0.9353675630520537, 1.4644247067504472, 0.2949572635620573] 
[-0.830177772176695, 0.12619312733881216, 0.620471399512569, -2.2633383393124724, -0.5293427611723835, -1.2380134748327798, -0.5173481103777551, -0.5482322012369192, 0.16021505017765847, 0.06622372202815363, 0.1498105522339581, 0.8808887761918214, -0.5102136099099078, 0.12054377015323522, -1.3625289697859813, 0.3021801221461037, -0.4741529071406898, -0.9050982997774397, 1.5083698530370744, 0.35060565578533903] 
[-0.6950237507721564, -0.008960894065726421, 0.48531737810803044, -2.398492360717011, -0.39418873976784496, -1.3731674962373184, -0.3821940889732165, -0.4130781798323806, 0.29536907158219705, -0.06893029937638495, -0.3914331812651536, 1.4355178617069126, -0.17463961147849527, -0.31960581551307343, -1.0268783429919743, -0.052833163611624934, -0.11420563054178917, -0.7098641522472703, 1.263023241345805, 0.18212070296706406] 
[-0.46081096469105454, -0.24317368014682827, 0.7195301641891323, -2.632705146798113, -0.1599759536867431, -1.6073802823184202, -0.6164068750543183, -0.6472909659134825, 0.0611562855010952, -0.3031430854574868, -0.24637885882974747, 1.5747457362282946, 0.16956015757928516, -0.6422711200366514, -1.080771967516147, -0.016279765288997244, 0.11753640494523121, -1.1308434993524696, 1.7435343425926588, 0.5441378380229366] 
[-0.1578613466312042, 0.05977593791302205, 0.41658054612928197, -2.935654764857963, 0.1429736643731072, -1.30443066425857, -0.9193564931141687, -0.34434134785363213, 0.3641059035609455, -0.00019346739763648202, -0.06489705373332275, 1.8561872182674712, -0.1807188192974486, -0.6392681805944505, -1.3856455281949622, 0.1483433002826048, 0.29129695265579253, -0.9332458395695099, 1.9640126743711692, 0.8573467788745265] 
[-0.07041612539588726, -0.027669283322294902, 0.5040257673645989, -2.8482095436226462, 0.05552844313779026, -1.216985443023253, -0.8319112718788517, -0.4317865690889491, 0.45155112479626247, 0.08725175383768047, 0.03841305364542011, 1.7550891617989817, -0.13328439653751611, -0.55186741701368, -1.4867323079098107, 0.079285326528729, 0.26594903073107445, -1.0454808597034773, 2.119734747461644, 0.9969914947588018] 
[-0.19232983201790077, -0.1495829899443084, 0.3821120607425854, -2.9701232502446597, 0.17744214975980377, -1.3388991496452665, -0.9538249785008652, -0.3098728624669356, 0.573464831418276, 0.20916546045969397, 0.16938679883411453, 1.6262692044270148, -0.22867989090781232, -0.6025125869124476, -1.5942404367145548, -0.007660273806670559, 0.2136497085706044, -1.1089817970403357, 1.937366401790863, 0.8030779166236826] 
[-0.10884514494464348, -0.2330676770175657, 0.4655967478158427, -2.8866385631714024, 0.26092683683306106, -1.4223838367185238, -1.0373096655741225, -0.39335754954019286, 0.6569495184915333, 0.12568077338643668, 0.0976688458576904, 1.564015243353733, -0.28522805204891283, -0.6533972370840297, -1.671599561838515, 0.037476935577881815, 0.28841827098717915, -1.200289539899039, 1.9000866554018931, 0.8677197860290398] 
[0.002243991116518629, -0.12197854095640359, 0.3545076117546806, -2.9977276992325645, 0.37201597289422317, -1.5334729727796859, -1.1483988016352846, -0.504446685601355, 0.7680386545526954, 0.2367699094475988, 0.1996394125928984, 1.65028914394774, -0.21680414619466512, -0.5943347608758246, -1.5654848193130975, -0.1761342196677736, 0.4913408352437508, -1.098540149390809, 1.8059924636286142, 0.9261524914310809] 
[0.09521041414198272, -0.029012117930939496, 0.2615411887292165, -3.0906941222580286, 0.46498239591968726, -1.4405065497542218, -1.2413652246607487, -0.5974131086268191, 0.6750722315272313, 0.3297363324730629, 0.2927999054877269, 1.7374208607395571, -0.16385338575625277, -0.5061413331414755, -1.6715282496825372, -0.024895382731409732, 0.34238146102451017, -1.1564652072263455, 1.5912575576457544, 0.7062296245685423] 
[0.18282884794772336, -0.11663055173668013, 0.17392275492347586, -3.1783125560637693, 0.3773639621139466, -1.5281249835599624, -1.3289836584664894, -0.5097946748210784, 0.5874537977214906, 0.4173547662788035, 0.37312773226533724, 1.660699131758313, -0.2808443744744165, -0.3840588311687946, -1.7686324505943347, 0.045965878477534694, 0.4205340441550462, -1.2632182308307096, 1.6700344280963317, 0.6571229552534869] 
[0.49285735311777756, 0.19339795343337407, 0.48395126009353007, -2.868284050893715, 0.06733545694389242, -1.8381534887300166, -1.0189551532964352, -0.19976616965102423, 0.8974823028915448, 0.10732626110874932, 0.6271410037905865, 1.350497470073085, 0.1276900784884451, -0.7540379177416823, -1.464662225823542, -0.3600802532258483, 0.8307777918818839, -1.537234382190089, 1.1473175901477055, 0.11592610617592825] 
[0.6132358080318205, 0.0730194985193311, 0.3635728051794871, -2.747905595979672, 0.1877139118579354, -1.7177750338159736, -0.8985766983823922, -0.07938771473698125, 0.7771038479775019, 0.2277047160227923, 0.40748758266433116, 1.1366921782334747, 0.18482758587087514, -0.6830814240854628, -1.3627203122409253, -0.4489975213061861, 0.7718733601470026, -1.4618735629691129, 1.6410430419283657, 0.6124264962050662] 
[0.2420636881746141, 0.44419161837653753, 0.7347449250366935, -3.1190777158368785, -0.18345820799927104, -1.3466029139587672, -1.2697488182395986, -0.4505598345941877, 1.1482759678347083, -0.14346740383441414, 1.3064512459471003, 2.0562167487978353, 0.7652001985402875, -1.1652456074455322, -1.5872968722411356, -1.3695559833401298, 1.6703007759682262, -1.7232501681409036, 1.4373942996749027, 0.8449208299733718] 
[0.5855583296651545, 0.787686259867078, 0.3912502835461531, -2.775583074346338, 0.1600364334912694, -1.0031082724682268, -1.613243459730139, -0.7940544760847281, 0.8047813263441679, 0.2000272376561263, 1.50415230163588, 1.38263454332595, -0.4393341035760431, -0.08702906109447706, -1.937522620273011, -1.0988149960872904, 1.8762923331649708, -1.4064785424525512, 1.198511858678279, 0.9942989123920515] 
[0.4966893500978138, 0.8765552394344187, 0.48011926311349384, -2.6867140947789974, 0.07116745392392865, -1.0919772520355675, -1.7021124392974798, -0.7051854965173874, 0.7159123467768271, 0.11115825808878554, 1.7088582935770875, 1.6797303620667328, -0.20415444605120717, -0.023700069380276287, -2.0402119259650022, -1.184609670013036, 1.7307269295347667, -1.2639601613649154, 1.1430326483449278, 1.0557004486256858] 
[0.5997182280033861, 0.9795841173399911, 0.3770903852079215, -2.7897429726845697, 0.174196331829501, -1.1950061299411399, -1.5990835613919074, -0.8082143744229597, 0.6128834688712548, 0.2141871359943579, 1.923476764932691, 2.0457454201003094, 0.12549698322000638, -0.05111070447944076, -1.9297689972579293, -1.0745084393623214, 1.8197775301929795, -1.1870785362374434, 1.2184059945407497, 0.9901085257927047] 
[0.45433422575456106, 1.1249681195888162, 0.2317063829590964, -2.935126974933395, 0.3195803340783261, -1.0496221276923148, -1.7444675636407325, -0.9535983766717848, 0.7582674711200799, 0.359571138243183, 2.0845626819113745, 2.0956586934413752, 0.352453273418018, -0.3094234816862157, -1.7104729380509627, -0.9471616400973941, 1.629026668508972, -0.9950422276120897, 1.1174665457610602, 1.0962995032080667] 
[0.21032880964915535, 0.8809627034834104, -0.012299033146309313, -3.1791323910388005, 0.5635857501837318, -0.8056167115869091, -1.9884729797461382, -0.7095929605663791, 0.5142620550146741, 0.6035765543485887, 2.3173560322371807, 2.036411001982207, 0.530772074867713, -0.11403443533952673, -1.5450530507239308, -0.6756119669056342, 2.000646047571985, -1.3085468980740746, 1.4690979726854392, 1.4713000533050817] 
[-0.20120191494972062, 0.4694319788845345, 0.39923169145256665, -3.5906631156376765, 0.9751164747826078, -1.217147436185785, -2.400003704345014, -0.29806223596750314, 0.10273133041579818, 1.0151072789474647, 1.8549508984814675, 1.653523488699641, 0.6501988663933621, -0.5351038178556011, -1.8751721026137245, -0.9319014552291118, 2.1347669062998347, -0.8629448711912906, 1.8971291571541884, 1.1912729826462911] 
[-0.1483400326815385, 0.5222938611527166, 0.45209357372074876, -3.6435249979058586, 1.0279783570507899, -1.2700093184539671, -2.347141822076832, -0.24520035369932103, 0.1555932126839803, 1.0679691612156468, 1.8937050383192549, 1.732678741907042, 0.7314935846268922, -0.5226350306623551, -1.9420349415432867, -0.8668515649585444, 2.121679954584891, -0.9279107374538509, 1.827352836719316, 1.134802749405628] 
[-0.2106582407305737, 0.5846120692017518, 0.38977536567171356, -3.705843205954894, 1.090296565099825, -1.3323275265030023, -2.284823614027797, -0.30751856174835623, 0.09327500463494509, 1.0056509531666116, 1.8436636782843943, 1.6368347036758775, 0.6415121925524829, -0.5674501806689332, -1.997334466581394, -0.9434604193218222, 2.044763466666335, -0.9858656737474301, 1.7594544719594756, 1.1922020480245583] 
[0.013759318593365322, 0.36019450987781276, 0.6141929249956526, -3.4814256466309548, 1.3147141244237641, -1.5567450858269414, -2.509241173351736, -0.5319361210722953, -0.13114255468899394, 1.2300685124905506, 2.045304776181932, 1.7674509000611422, 0.5240439962392802, -0.7233608016530476, -1.8352773856746025, -0.7925439847079372, 1.8923932834243988, -1.1484228497856053, 1.9415311925334604, 0.9764404115435301] 
[0.041486706848093746, 0.3879218981325412, 0.5864655367409242, -3.4536982583762263, 1.3424415126784925, -1.5844724740816698, -2.5369685616064643, -0.5042087328175668, -0.10341516643426552, 1.257795900745279, 2.0169280669666323, 1.7170219377506313, 0.44649144148998643, -0.6539355062947398, -1.8024586243889325, -0.8160371768192922, 1.9151777922485291, -1.128397730615111, 1.9229442051233268, 0.9494130241316221] 
[-0.07292396472759322, 0.5023325697082281, 0.4720548651652372, -3.3392875868005394, 1.4568521842541795, -1.4700618025059828, -2.4225578900307774, -0.3897980612418799, 0.010995505141421447, 1.143385229169592, 2.139646462078289, 1.9334077303720836, 0.7554736388989998, -0.9133058904073289, -1.7042722219965643, -0.9113017528921817, 2.011305345127816, -1.208093608151924, 2.0090985573980844, 0.8326046136953289] 
[0.18700708725899773, 0.2424015177216372, 0.21212381317864626, -3.5992186387871303, 1.7167832362407704, -1.7299928544925738, -2.1626268380441864, -0.12986700925528893, -0.2489355468451695, 0.8834541771830011, 1.8930169059018178, 1.7251111368134346, 0.8393808331822737, -0.6908264261073919, -1.9386905607957823, -1.1265579994963213, 2.266362618118538, -1.4275894666186977, 2.2051808039785654, 0.5735002109546693] 
[0.3050299471375233, 0.36042437760016277, 0.0941009533001207, -3.717241498665656, 1.5987603763622449, -1.6119699946140482, -2.044603978165661, -0.011844149376763369, -0.36695840672369506, 0.7654313173044756, 1.7519238551470566, 1.5972867839152558, 0.9073165339484017, -0.5783890007976068, -2.0480430915392307, -1.0147260470423867, 2.1516082177551876, -1.3338458622388953, 2.072233738117695, 0.7121303047795383] 
[0.5388765107572304, 0.12657781398045564, -0.13974561031958643, -3.4833949350459488, 1.832606939981952, -1.378123430994341, -2.278450541785368, 0.22200241424294376, -0.13311184310398794, 0.9992778809241827, 1.6059636853955135, 1.9100216609164151, 1.265350887556856, -0.8421267248943594, -1.8181052303530316, -1.2437670099155094, 2.397210371687171, -1.09258878359591, 1.7580872243759675, 1.0272436761089574] 
[0.61913127798951, 0.04632304674817611, -0.0594908430873069, -3.5636497022782283, 1.9128617072142315, -1.2978686637620616, -2.3587053090176475, 0.14174764701066422, -0.0528570758717084, 0.9190231136919031, 1.77760648719568, 2.0895424719202813, 1.3761535512677363, -0.7554305150545002, -1.7251798764438024, -1.3592201820731642, 2.5122969991092523, -1.2036675317270307, 1.8602210066962623, 0.9398367610316722] 
[0.5121888239764374, -0.06061940726489645, -0.16643329710037946, -3.4567072482651557, 1.805919253201159, -1.190926209748989, -2.46564776303072, 0.2486901010237368, -0.15979952988478097, 0.8120806596788306, 1.519095016928402, 1.8280837687461273, 1.2524765086094678, -0.8826375879357728, -1.626292059171023, -1.2491292592332197, 2.398505744020888, -1.301214547197239, 1.980432675248235, 0.8290803997385421] 
[0.6443200330453074, -0.19275061633376644, -0.03430208803150947, -3.5888384573340257, 1.673788044132289, -1.058795000680119, -2.59777897209959, 0.1165588919548668, -0.29193073895365096, 0.9442118687477006, 1.2560932130038238, 1.5605565935932286, 1.3818801410946417, -0.9886037203672929, -1.7080341753196497, -1.374096286688798, 2.522099619961933, -1.1694388662414439, 1.8357116294189175, 0.7123048596916524] 
[0.5933577018874452, -0.24371294749162864, 0.016660243126352725, -3.639800788491888, 1.7247503752901512, -1.1097573318379812, -2.6487413032574523, 0.167521223112729, -0.24096840779578876, 0.8932495375898384, 1.2799031331136264, 1.5144989799682842, 1.4415416458249581, -0.9342552006839924, -1.7434883845899523, -1.4148870609144506, 2.592595681758926, -1.2345989740591077, 1.7984549687191216, 0.6675873615106269] 
[0.34488491190528237, 0.004759842490534183, -0.2318125468558101, -3.391327998509725, 1.973223165272314, -1.358230121820144, -2.897214093239615, -0.08095156686943383, -0.4894411977779516, 0.6447767476076756, 0.7588987179845106, 1.0122516945020728, 1.2968891559204, -1.1704560412782288, -1.882945873549074, -1.6523676473547193, 2.9468623219696264, -1.60589894704487, 2.1440653709894506, 0.3681345392460449] 
[0.09163574389156537, 0.2580090105042512, 0.0214366211579069, -3.644577166523442, 1.719973997258597, -1.104980953806427, -3.150463261253332, -0.33420073488315083, -0.2361920297642346, 0.39152757959395856, 1.1411469666345537, 1.3938103460410487, 1.0852380586023929, -0.9910653593455603, -1.5990774303307695, -1.9050031157518403, 2.8014707589703574, -1.8813250702439943, 1.7169958829391172, 0.7813278865328097] 
[0.043568986508553564, 0.20994225312123937, 0.0695033785409187, -3.692643923906454, 1.7680407546416088, -1.0569141964234152, -3.1023965038703203, -0.286133977500139, -0.2842587871472464, 0.34346082221094676, 1.186223577835761, 1.3600152281654954, 1.1257192664971505, -1.0460985532600682, -1.5120802677931082, -1.9949127055251963, 2.8616258784820836, -1.841537049221995, 1.6903251824403847, 0.7387106873202088] 
[0.05495792577359637, 0.19855331385619657, 0.058114439275875895, -3.681254984641411, 1.756651815376566, -1.068303135688458, -3.0910075646052775, -0.2747450382350962, -0.2728698478822036, 0.33207188294590395, 1.1741923336075168, 1.3449372433356068, 1.1104256556124852, -1.0327418544669127, -1.5226583025277707, -2.0002162970636346, 2.8514152174371654, -1.856357854500435, 1.6769509451334297, 0.7307098464267123] 
[0.12865685202230992, 0.12485438760748302, 0.13181336552458944, -3.7549539108901246, 1.6829528891278525, -0.9946042094397445, -3.164706490853991, -0.34844396448380976, -0.34656877413091713, 0.2583729566971904, 1.1052711794461232, 1.433659233126302, 1.2057081661003335, -1.1174731113824714, -1.455374792637639, -1.9646363819031782, 2.918180569822302, -1.8060579398762249, 1.593272733781491, 0.8249281694537232] 
[0.1869841457797321, 0.06652709385006084, 0.07348607176716726, -3.6966266171327025, 1.6246255953704303, -0.9362769156823223, -3.223033784611413, -0.2901166707263876, -0.4048960678883393, 0.20004566293976822, 1.1577448491457707, 1.3876775842566913, 1.2519842322961627, -1.0572532271602133, -1.5622772600498587, -1.8636040997649173, 2.967453481577737, -1.7701422814848886, 1.5216488742247383, 0.9053630851761426] 
[0.23278708931826486, 0.020724150311528078, 0.11928901530570002, -3.7424295606712352, 1.670428538908963, -0.9820798592208551, -3.268836728149946, -0.24431372718785482, -0.35909312434980656, 0.15424271940123546, 1.1958083309713154, 1.3459520976016914, 1.206196386566415, -1.101153120738281, -1.5287610344736116, -1.8367132595601576, 3.014944595400385, -1.7084764654379871, 1.5738057736505673, 0.9318714255876666] 
[0.20142280557768188, 0.052088434052111054, 0.150653299046283, -3.7110652769306522, 1.701792822649546, -0.9507155754802721, -3.300201011890529, -0.2756780109284378, -0.3277288406092236, 0.12287843566065249, 1.221432777527227, 1.3210656187743575, 1.2345555375110215, -1.0756097786036374, -1.4743538583256197, -1.8904005400566126, 2.9847917449781614, -1.7551868364531502, 1.514666998990947, 0.9831619926602826] 
[0.3283984493933758, 0.17906407786780498, 0.023677655230589068, -3.5840896331149583, 1.574817178833852, -1.077691219295966, -3.173225368074835, -0.14870236711274387, -0.4547044844249175, -0.004097208155041443, 1.0642083013389845, 1.169664172040195, 1.3730803252551378, -1.2275976224783178, -1.3662629004439664, -1.8296671816128496, 3.1162231712438513, -1.6325479029025949, 1.4520122426254576, 0.8754466531660808] 
[0.2335528000391207, 0.2739097272220601, 0.11852330458484417, -3.6789352824692134, 1.479971529479597, -0.9828455699417109, -3.07837971872058, -0.05385671775848877, -0.3598588350706624, 0.09074844119921366, 0.9870069347637458, 1.2252593870383415, 1.2855716942176985, -1.1310233312187108, -1.3002157320601084, -1.7627331149271566, 3.019816512410247, -1.7219748027006132, 1.5034737310151431, 0.9479401957955672] 
[0.3047961652884297, 0.20266636197275112, 0.18976666983415313, -3.6076919172199045, 1.551214894728906, -0.9116022046924019, -3.007136353471271, -0.12510008300779774, -0.28861546982135344, 0.019505075949904693, 0.9349376508658136, 1.3113160744198071, 1.3866586067902897, -1.2062450613970257, -1.1720707877413163, -1.889953170228395, 3.0839632883016637, -1.7930140413781706, 1.55216812680621, 1.0021315317524995] 
[0.44981760273542903, 0.3476877994197505, 0.04474523238715378, -3.462670479772905, 1.6962363321759053, -0.7665807672454026, -2.8621149160242716, -0.2701215204547971, -0.14359403237435409, -0.12551636149709466, 1.1538018195254252, 1.5625187963550804, 1.6085785680730091, -1.3851645117484908, -0.8559234032427661, -2.2056007456725206, 3.2351777232819305, -1.9284688049214094, 1.7367987620592134, 0.804980147262366] 
[0.5262534421045544, 0.4241236387888758, -0.03169060698197157, -3.3862346404037797, 1.61980049280678, -0.8430166066145279, -2.7856790766551462, -0.19368568108567175, -0.22002987174347943, -0.04908052212796932, 1.005333849975725, 1.3863081038296785, 1.481073299501689, -1.4589276050280378, -0.7946900141183598, -2.1788911128613973, 3.3335173184408964, -2.0544910907035283, 1.615644853195209, 0.8979931220914678] 
[0.7410694164428939, 0.20930766445053628, -0.2465065813203111, -3.6010506147421193, 1.4049845184684404, -0.6282006322761884, -2.5708631023168067, -0.4085016554240113, -0.005213897405139889, 0.16573545221037023, 0.8195993605602963, 1.4498334279460519, 1.294765813749474, -1.247817354784899, -0.9223835560189313, -2.3179254431690293, 3.524100221251495, -1.9269969287001567, 1.365893671451158, 1.166235806115021] 
[0.7621740842030356, 0.18820299669039464, -0.26761124908045275, -3.5799459469819777, 1.3838798507082988, -0.6070959645160467, -2.5919677700769483, -0.4296063231841529, 0.01589077035500175, 0.18684011997051186, 0.829014987872154, 1.4321319787169935, 1.2758341292528537, -1.2253602265065078, -0.8462705836003693, -2.392606418893846, 3.534662403705357, -1.9159120993417296, 1.3485935576099068, 1.1452127827005742] 
[0.6121494546598321, 0.33822762623359814, -0.11758661953724925, -3.729970576525181, 1.5339044802515023, -0.7571205940592503, -2.441943140533745, -0.2795816936409494, 0.16591539989820525, 0.33686474951371537, 0.9478147320139817, 1.386098142548312, 1.4551899191614595, -1.0751079317486876, -1.3978405500431346, -1.8274311182874625, 3.668705208044899, -1.7439461243355066, 1.5576000326997792, 0.9981549468117161] 
[0.4632921515920003, 0.4870849293014299, 0.03127068353058249, -3.5811132734573494, 1.3850471771836705, -0.6082632909914185, -2.5908004436015766, -0.1307243905731177, 0.314772702966037, 0.4857220525815471, 1.0068331859367756, 1.2203658104263027, 1.2739903467169544, -0.9409152524923864, -1.2986501857121446, -1.7407110343323247, 3.554787997884818, -1.81787878565666, 1.6713133466636987, 0.8663342164517635] 
[0.5694729194238164, 0.593265697133246, 0.13745145136239856, -3.4749325056255334, 1.4912279450154866, -0.5020825231596024, -2.6969812114333926, -0.23690515840493376, 0.20859193513422092, 0.37954128474973103, 0.8399213311863504, 1.0665859063794871, 1.3177602399883894, -1.0187941788259263, -0.9243912404695103, -2.1163880108445694, 3.5955317302427487, -1.7435457433962671, 1.5340450640500487, 0.7228912430240514] 
[0.8034433628209392, 0.35929525373612314, -0.09651899203472425, -3.708902949022656, 1.7251983884126094, -0.7360529665567253, -2.9309516548305155, -0.47087560180205656, -0.02537850826290189, 0.14557084135260823, 1.4289424332644196, 1.8607913800431275, 1.9543631732210676, -1.3188746445912172, -0.8378142853508291, -1.947245318983481, 3.788381263793393, -1.615407263000465, 1.3644532264088987, 0.9251525814898578] 
[0.9012171781724554, 0.26152143838460695, -0.19429280738624044, -3.61112913367114, 1.8229722037641256, -0.8338267819082414, -3.0287254701820316, -0.3731017864505404, 0.0723953070886143, 0.047797026001092036, 1.4474560037008324, 1.7431581099285862, 1.8212839890336912, -1.407257738493337, -1.075070018634511, -1.7096253334207727, 3.8545500288192502, -1.5602768396062627, 1.2889040529780453, 1.0246168087529233] 
[0.9996680047470505, 0.1630706118100118, -0.0958419808116453, -3.512678307096545, 1.7245213771895305, -0.7353759553336463, -3.127176296756627, -0.27465095987594523, 0.17084613366320944, 0.14624785257568718, 1.8491460666567447, 2.1435149799886464, 1.8064033357697735, -1.283803581134026, -1.3231297911249416, -1.475403094569943, 3.8991761995168726, -1.4067117582011337, 1.4501820297988914, 1.1339182242394996] 
[0.8643273870435593, 0.02772999410652055, 0.03949863689184596, -3.648018924800036, 1.5891807594860392, -0.8707165730371376, -2.9918356790531355, -0.13931034217245397, 0.03550551595971818, 0.28158847027917844, 1.005363798243046, 1.2901050069452826, 1.6047097734521003, -1.1906091793660927, -0.8817128754210005, -1.9311114349492584, 4.083193296552509, -1.5883983079749722, 1.2838397645038286, 1.2423285156431545] 
[0.8946156303104225, 0.05801823737338374, 0.06978688015870915, -3.6783071680668993, 1.6194690027529024, -0.8404283297702744, -3.0221239223199987, -0.10902209890559078, 0.06579375922658137, 0.25130022701231525, 0.879913053271182, 1.1649515213274118, 1.6338060233338552, -1.221283787357483, -0.95107293026387, -1.861265860245788, 4.048255390484019, -1.549754339169724, 1.3204953346515484, 1.273854603347578] 
[1.0029806979833786, -0.05034683029957243, 0.17815194783166532, -3.569942100393943, 1.7278340704258586, -0.7320632620973182, -3.130488989992955, -0.0006570312326346084, 0.17415882689953754, 0.14293515933935907, 0.9480171344160268, 1.1132457941629523, 1.7340726976945369, -1.1172027354566043, -1.0201564593031769, -1.9343711852873013, 4.167794625051771, -1.6578430281676984, 1.410710440364703, 1.1712004340499866] 
[0.9950628387577005, -0.04242897107389432, 0.18606980705734344, -3.577859959619621, 1.7357519296515367, -0.7399811213229963, -3.1225711307672768, 0.007260827993043506, 0.16624096767385943, 0.13501730011368096, 0.9975120382305925, 1.1626241539649984, 1.7421321894962578, -1.1262519536021656, -1.0227558904248297, -1.941463943619114, 4.176519823455373, -1.6658285764175833, 1.417463779814649, 1.1644408578529497] 
[1.0246636719405942, -0.07202980425678795, 0.1564689738744498, -3.607460792802515, 1.7653527628344303, -0.7103802881401027, -3.1521719639501704, -0.02234000518985013, 0.1366401344909658, 0.1646181332965746, 1.0119080519948518, 1.144480807024199, 1.768874946769443, -1.1067327836809724, -0.9406071314577515, -2.0230707387994076, 4.156368360626922, -1.6954014099209007, 1.4530876071222973, 1.1998827873529674] 
[1.0855784630882788, -0.011115013109103344, 0.2173837650221344, -3.5465460016548302, 1.7044379716867457, -0.6494654969924181, -3.213086755097855, 0.03857478595783448, 0.1975549256386504, 0.10370334214888999, 1.0510735663053996, 1.1189631820298103, 1.7142881919642534, -1.1455180719828406, -1.110213502997206, -1.8545060915497178, 4.1965141609678955, -1.6353230882220942, 1.4007408650308133, 1.2537653006085627] 
[0.8143661848101686, -0.28232729138721346, -0.05382851325597571, -3.27533372337672, 1.9756502499648558, -0.37825321871430795, -3.484299033375965, -0.23263749232027564, 0.4687672039167605, 0.3749156204270001, 1.1903638495366637, 0.9698176721723646, 1.9391216404079763, -0.9077325321696836, -1.32753302888513, -1.9455943089931822, 3.917001410166721, -1.9101225386077687, 1.0745758112802677, 0.9189271150865703] 
[0.7073376083662879, -0.3893558678310942, -0.16085708969985646, -3.382362299820601, 2.0826788264087366, -0.2712246422704272, -3.3772704569320844, -0.3396660687641564, 0.36173862747287977, 0.26788704398311936, 1.5923492668433066, 1.3920912315019207, 1.7586387843800233, -0.7677266557519424, -2.132558497219752, -1.1297559796122871, 3.7176665520839527, -1.846065271237719, 1.165434918365101, 0.8490671868838213] 
[0.6608227332851229, -0.43587074291225925, -0.2073719647810215, -3.428877174901766, 2.0361639513275716, -0.22470976718926217, -3.3307555818509194, -0.29315119368299136, 0.4082535025540448, 0.22137216890195432, 1.4470473774900672, 1.2277683876377337, 1.8655760815631788, -0.6730581276827675, -2.416756704697743, -0.851758896368015, 3.7203720981390287, -1.885368564015042, 1.1873417929375913, 0.8096014942768538] 
[0.7006457640808428, -0.39604771211653933, -0.2471949955767414, -3.389054144106046, 2.0759869821232915, -0.18488673639354225, -3.3705786126466393, -0.3329742244787113, 0.4480765333497647, 0.1815491381062344, 1.4392474491083802, 1.2853244434381288, 1.797905653932095, -0.7237523455208892, -2.4267312917653174, -0.879934877262881, 3.686633400245419, -1.8664659123704659, 1.1297596278967306, 0.7484272812572783] 
[0.41898707113165656, -0.11438901916735311, 0.03446369737244481, -3.670712837055232, 2.3576456750724777, 0.09677195655564397, -3.088919919697453, -0.05131553152952506, 0.7297352262989509, 0.4632078310554206, 1.5041892568854385, 0.9209757164500407, 2.222194192400396, -0.5480722614904617, -0.6968129812457307, -2.6407430202995825, 4.107384521013954, -1.9303926532584919, 1.5794285841022315, 1.2111713253418943] 
[0.4887788671164266, -0.18418081515212315, -0.03532809861232522, -3.7405046330400022, 2.4274374710572477, 0.166563752540414, -3.158711715682223, -0.1211073275142951, 0.799527022283721, 0.3934160350706506, 1.3899859123735414, 0.8110941628361524, 2.1639574115677034, -0.5516193916652997, -0.8774331066268051, -2.455972084611647, 4.186444806452183, -1.8662633397818702, 1.5394840110452603, 1.2571707035919892] 
[0.2877385495697773, -0.38522113269877245, -0.23636841615897453, -3.539464315493353, 2.628477788603897, -0.034476565006235305, -3.3597520332288724, -0.3221476450609444, 0.5984867047370717, 0.5944563526172999, 1.031326484578974, 0.4696363831652818, 2.0083714315854313, -0.8906672182292892, -0.5637443926745682, -2.396565520208488, 4.391746752873912, -2.0560192082837636, 1.632645258315009, 1.117374452900099] 
[0.13070230686092899, -0.22818488998992414, -0.39340465886782283, -3.6965005582022012, 2.7855140313127453, -0.1915128077150836, -3.5167882759377207, -0.4791838877697927, 0.44145046202822336, 0.7514925953261482, 0.8299093963876576, 0.3008798569474963, 1.8906145743592497, -0.9898146517066861, -0.8119275795210794, -2.1230962302746885, 4.24901127827782, -1.947242055306249, 1.558350532558944, 1.2415178858960514] 
[-0.013133990879339308, -0.08434859224965585, -0.24956836112755454, -3.8403368559424695, 2.641677733572477, -0.3353491054553519, -3.3729519781974524, -0.3353475900295244, 0.29761416428795506, 0.8953288930664165, 0.9937795027395588, 0.4586858483608902, 1.923605406819529, -1.2360774079530124, -0.5643971525191995, -2.09344637108129, 4.503151461489006, -1.5863005723780401, 1.9089293610702245, 1.4824714017623974] 
[-0.09004568618249564, -0.007436896946499516, -0.3264800564307109, -3.763425160639313, 2.5647660382693207, -0.25843741015219557, -3.296040282894296, -0.41225928533268075, 0.22070246898479873, 0.9722405883695728, 1.0697451320108573, 0.5309768088550378, 1.9680316386274188, -1.3771584495908205, -0.43179308275142403, -2.0314514906033616, 4.392740002810061, -1.6649012488160908, 1.977130694457031, 1.5711913734513467] 
[-0.31225614565510185, 0.2147735625261067, -0.5486905159033171, -3.541214701166707, 2.786976497741927, -0.48064786962480177, -3.5182507423669023, -0.19004882586007454, -0.0015079904878074757, 1.194451047842179, 1.2733610995182678, 0.7377624919374453, 1.5568409850260276, -2.0965700577544224, 0.4115215159405827, -2.7043820841636883, 4.814671155773594, -1.2445250636146539, 2.3412737853872994, 1.3901339497875904] 
[-0.21723997169080178, 0.11975738856180662, -0.453674341939017, -3.636230875131007, 2.881992671706227, -0.5756640435891018, -3.6132669163312023, -0.09503265189577448, 0.09350818347649259, 1.099434873877879, 1.4001187443426748, 0.6320098641459475, 1.714656624875572, -1.9238100933781506, 0.3997661858731618, -2.5175506788891346, 4.595219242178262, -1.3978560450522812, 2.40940694424143, 1.2950806947807014] 
[-0.22049877172056398, 0.12301618859156882, -0.4504155419092548, -3.6394896751607693, 2.8787338716764648, -0.578922843618864, -3.6165257163609645, -0.09177385186601228, 0.09676698350625479, 1.0961760738481168, 1.4029515370623278, 0.6340006311038678, 1.7083450952359132, -1.9323262238700973, 0.4066531638067315, -2.5181636437786836, 4.600695207206329, -1.3927697721494723, 2.4064333532787736, 1.2916963828472954] 
[-0.28446076910841, 0.059054191203722795, -0.3864535445214088, -3.7034516725486153, 2.942695869064311, -0.514960846231018, -3.6804877137488106, -0.1557358492538583, 0.03280498611840876, 1.1601380712359628, 1.456741654520888, 0.6808619373721577, 1.658019115819496, -1.9097108375467966, 0.46022791475489894, -2.5129421881822576, 4.703924123298375, -1.2833125254374091, 2.4822334136788173, 1.3589911411180629] 
[-0.14961177604558884, -0.07579480185909837, -0.2516045514585876, -3.568602679485794, 2.8078468760014896, -0.6498098392938392, -3.5456387206859894, -0.29058484231667947, 0.16765397918122993, 1.0252890781731416, 1.3554333936285017, 0.5611380546754109, 1.4053721689985432, -2.2599421833359257, 0.7391742134761651, -2.3389252408314753, 4.511433321923658, -1.2505284024721408, 2.353469224867885, 1.4921745230069021] 
[-0.12721940261501885, -0.05340242842852838, -0.22921217802801763, -3.546210306055224, 2.8302392494320596, -0.6722022127244092, -3.5232463472554194, -0.31297721574724946, 0.19004635261179992, 1.0476814516037116, 1.329408719695421, 0.5855772027611942, 1.4304853296605051, -2.240057164275159, 0.7607631705331256, -2.367284587423456, 4.513034666490395, -1.2202263078038704, 2.3820718580490343, 1.4721547628199672] 
[-0.2545095314414567, 0.07388770039790948, -0.10192204920157977, -3.4189201772287863, 2.7029491206056218, -0.5449120838979713, -3.6505364760818573, -0.1856870869208116, 0.06275622378536205, 0.9203913227772738, 1.4759278581397919, 0.43380394722484406, 1.5452968969718144, -2.3374082414099235, 0.7443405350841555, -2.7092015173410675, 4.9097575393041915, -0.9268779020589311, 2.581855573514449, 1.3628029132715365] 
[-0.20629694991839642, 0.02567511887484919, -0.15013463072464006, -3.4671327587518466, 2.751161702128682, -0.5931246654210316, -3.602323894558797, -0.1374745053977513, 0.01454364226230176, 0.968603904300334, 1.410590213739851, 0.5020085115379882, 1.595763605693074, -2.3639812806716627, 0.6765555195654596, -2.6344147867539567, 4.902692549962882, -0.9870216506765599, 2.525686673560556, 1.4089191753576895] 
[-0.3259980072253512, 0.14537617618180398, -0.26983568803159486, -3.3474317014448918, 2.6314606448217273, -0.7128257227279864, -3.482622837251842, -0.2571755627047061, -0.10515741504465304, 0.8489028469933793, 1.2608365667673371, 0.6487716938662941, 1.4507533751503898, -2.5683703186385194, 0.8959089635089441, -2.7678022819346526, 4.7905920095765655, -1.1353214256843307, 2.626215436478631, 1.2900384570185823] 
[-0.2557392670926113, 0.07511743604906407, -0.19957694789885494, -3.277172961312152, 2.5612019046889873, -0.6425669825952465, -3.552881577384582, -0.327434302837446, -0.17541615517739295, 0.9191615871261192, 1.203528181211581, 0.6079028769160659, 1.5356581010325525, -2.490708818210898, 0.9803654632698117, -2.843987057065787, 4.744828267795923, -1.2026706129669174, 2.685398845365568, 1.2158097151692004] 
[-0.2599447507516608, 0.07091195239001458, -0.19537146423980545, -3.2813784449712013, 2.565407388348037, -0.646772466254296, -3.5486760937255326, -0.3232288191783965, -0.17962163883644244, 0.9149561034670697, 1.197997822706484, 0.613155161308287, 1.5307649885461947, -2.4961274385334504, 0.9826641478825092, -2.8382230263420136, 4.7392584977847445, -1.1984359488226162, 2.6913144126575093, 1.2110113764090233] 
[-0.3829529440246162, 0.19392014566297, -0.07236327096685002, -3.158370251698246, 2.6884155816209923, -0.5237642729813405, -3.425667900452577, -0.44623701245135194, -0.05661344556348702, 0.7919479101941143, 1.3608810819092603, 0.45762477872453, 1.668297788609832, -2.3659007859338597, 1.1497835585772682, -2.975342522342891, 4.6146056622554825, -1.4162945922724066, 2.4909388634404994, 1.3547199218258896] 
[-0.541243842170072, 0.03562924751751417, -0.23065416911230585, -3.3166611498437018, 2.846706479766448, -0.3654733748358847, -3.2673770023071214, -0.2879461143058961, -0.21490434370894285, 0.6336570120486584, 1.2600662881823577, 0.30086778979524265, 1.4695628378695251, -2.542080856207806, 1.4018401098329951, -3.2157030994648665, 4.58337755969718, -1.3098041103154938, 2.382229666373693, 1.2003268230125943] 
[-0.5630238716749147, 0.057409277022356875, -0.25243419861714855, -3.3384411793485445, 2.868486509271291, -0.3872534043407274, -3.289157031811964, -0.3097261438107388, -0.23668437321378555, 0.6118769825438157, 1.2145234458155243, 0.34702033373807695, 1.500638499739533, -2.5068599373059612, 1.36208771743348, -3.169842346629334, 4.5437168288968675, -1.3304714623993517, 2.4024589839214667, 1.175213425249032] 
[-0.7646339892216965, 0.2590193945691386, -0.45404431616393026, -3.1368310618017627, 3.0700966268180725, -0.5888635218875091, -3.0875469142651824, -0.10811602626395711, -0.03507425566700384, 0.8134871000905974, 1.3511409523518125, 0.4689882551076816, 1.354984769707559, -2.3014661858151184, 1.1460286702967684, -3.2637769411269586, 4.391487115647118, -1.210219655727598, 2.1922106080484625, 1.4152582435276149] 
[-0.6182064217367333, 0.4054469620541017, -0.6004718836488934, -3.283258629286726, 3.2165241943030356, -0.7352910893724722, -3.2339744817501455, 0.038311541221005996, -0.18150182315196695, 0.6670595326056343, 0.9112772219233398, 0.9074894767908805, 1.3412931816098423, -2.1601871676459914, 1.2997801497437322, -3.3769181254013123, 4.3148050152023165, -1.3704808229594425, 2.031940760123433, 1.2726690289765203] 
[-0.29695247331885355, 0.7267009104719815, -0.27921793523101357, -2.962004680868846, 3.5377781427209154, -0.41403714095459243, -3.5552284301680253, -0.2829424071968738, -0.5027557715698467, 0.34580558418775453, 1.1451456025189664, 1.0715672801210643, 1.2182878219033648, -1.8591585185383528, 0.9296049718259498, -3.630753004404963, 4.183038854109164, -1.071847066829677, 2.394804142614586, 0.8999936484422262] 
[0.09225417162907945, 0.3374942655240485, -0.6684245801789466, -2.572798035920913, 3.1485714977729824, -0.8032437859025254, -3.9444350751159583, 0.1062642377510592, -0.11354912662191374, 0.7350122291356875, 0.9443557381317678, 0.2099818639094062, 0.37291455662928885, -1.5136472426297791, 1.7353369458036325, -2.589956946166712, 3.0898754328879896, -2.0630735236293476, 1.4316379517757691, 1.7084603646380883] 
[0.31331412386910173, 0.1164343132840262, -0.4473646279389243, -2.3517380836808908, 2.92751154553296, -1.0243037381425477, -3.723375122875936, -0.11479571448896309, 0.10751082561810854, 0.9560721813757098, 0.7011497236714591, -0.04478597812248475, 0.3243489753599444, -1.9270749517317336, 1.3368497572874036, -3.2446682024041302, 3.9541363256488955, -1.4269864293659493, 1.6259665981460942, 1.471158755776622] 
[0.1354860602778487, -0.061393750307226824, -0.6251926915301773, -2.1739100200896377, 3.105339609124213, -0.8464756745512947, -3.545547059284683, -0.2926237780802161, -0.07031723797314449, 0.7782441177844568, 0.9573450098740091, 0.21121043605514989, 0.3217420717858631, -1.4320882547098805, 1.8449657390175203, -3.509152644840899, 4.021755379567276, -1.212082130665804, 1.814020345081077, 1.3048919287244958] 
[-0.22821705285851124, -0.42509686344358677, -0.9888958046665373, -2.5376131332259977, 3.469042722260573, -1.2101787876876546, -3.909250172421043, 0.07107933505614383, 0.29338587516321546, 0.41454100464809684, 1.3717640976770658, 0.587392986074004, 1.202001855836492, 0.18288934714279903, 3.2828978673303304, -3.24957767514103, 4.144594049958529, -1.461584057774532, 2.129856309008206, 0.926057745021314] 
[-0.3191355559695026, -0.5160153665545781, -1.0798143077775286, -2.628531636336989, 3.5599612253715645, -1.1192602845766633, -3.8183316693100515, -0.019839168054847534, 0.2024673720522241, 0.5054595077590882, 1.2597688426699707, 0.6896549789759967, 1.2551720251892686, 0.15867220276852823, 3.3958880978820947, -2.9366641484950935, 3.812914534548757, -1.6304876041060674, 2.066810492956982, 1.0003301204177564] 
[-0.15967384727772682, -0.6754770752463539, -0.9203525990857528, -2.4690699276452133, 3.4004995166797887, -1.278721993268439, -3.6588699606182757, 0.13962254063692825, 0.04300566336044831, 0.664921216450864, 1.0656492464426304, 0.8166563939015256, 1.6419346421180068, 0.540777749268573, 3.226486249236203, -3.5241927338353602, 4.439924353512457, -1.2975865997455855, 2.2076224477974256, 0.8656381902164125] 
[0.057275435776453776, -0.4585277921921733, -0.7034033160315722, -2.2521206445910327, 3.6174487997339693, -1.4956712763226196, -3.8758192436724563, 0.35657182369110885, -0.1739436196937323, 0.8818704995050446, 0.8205872685520437, 1.0432217894213522, 1.6975557436009638, 0.38303431819354156, 3.314744035000891, -4.758336358570023, 5.71044802174047, -0.8680803784078986, 1.9311883813471624, 0.6394271800909948] 
[0.001497865958167921, -0.40275022237388747, -0.7591808858498581, -2.196343074772747, 3.673226369552255, -1.5514488461409055, -3.8200416738541705, 0.4123493935093947, -0.22972118951201814, 0.9376480693233304, 0.7704244992656797, 1.152605779199849, 1.5308529655563468, 0.18029334225356283, 3.151293882642357, -4.800658385674191, 5.684620253258348, -0.823489120833296, 1.970250038704969, 0.6911774838974158] 
[0.321286347155862, -0.08296174117619337, -0.439392404652164, -2.516131555970441, 3.993014850749949, -1.2316603649432114, -3.5002531926564764, 0.7321378747070888, 0.09006729168567595, 0.6178595881256363, 1.089595030674478, 0.7041713656982258, 1.9848683329634693, 0.19843790846316278, 3.485863789262916, -3.8282299787982876, 4.714797292892818, -0.6048320225172157, 2.267611715431531, 0.3346834047317126] 
[0.25324154300006185, -0.15100654533199354, -0.37134760049636384, -2.584176360126241, 4.061059654905749, -1.2997051690990116, -3.432208388500676, 0.6640930705512886, 0.02202248752987579, 0.6859043922814365, 1.139619126050595, 0.6469084561619309, 2.0545832776862145, 0.1914413086672359, 3.5920961675610936, -3.6279521664828653, 4.524571565746851, -0.6698918252538352, 2.236320996084491, 0.26493235226431366] 
[0.2780294674943633, -0.17579446982629499, -0.3961355249906653, -2.5593884356319396, 4.036271730411448, -1.324493093593313, -3.4569963129949777, 0.6393051460569872, 0.04681041202417724, 0.6611164677871351, 1.107718621711446, 0.6181930686398548, 2.0252996229899067, 0.16387354906471926, 3.6126261543328426, -3.6059272847968327, 4.536139107277402, -0.6847041969262345, 2.220607463914213, 0.2895094152490102] 
[0.04935954220168881, -0.4044643951189695, -0.1674655996979908, -2.330718510339265, 4.264941655704122, -1.0958231683006385, -3.685666238287652, 0.4106352207643127, -0.18185951326849725, 0.8897863930798096, 1.4383241191769265, 0.9954090790360643, 1.6436956334817796, -0.13364531499256113, 3.7771965840945065, -3.4148934558119666, 4.646683264552447, -0.8150149711680562, 2.058849772578565, 0.056044964848173534] 
[0.22601880522636364, -0.22780513209429465, 0.009193663326684032, -2.1540592473145903, 4.441600918728797, -0.9191639052759637, -3.862325501312327, 0.23397595773963786, -0.3585187762931721, 1.0664456561044844, 1.247389149092242, 0.6806782224189196, 1.9776178605356434, 0.20066805138797453, 4.173015648475618, -3.007258736739033, 4.286561429311991, -1.0419963258484166, 1.9759776214094862, -0.1119625436765822] 
[0.36030783847933634, -0.36209416534726735, 0.14348269657965673, -2.0197702140616176, 4.57588995198177, -0.784874872022991, -3.7280364680593543, 0.09968692448666516, -0.4928078095461448, 1.200734689357457, 1.0664718749201838, 0.467090578407624, 2.158467650585342, 0.29129797153070547, 3.981455997856205, -3.248067602932301, 4.567341437889891, -0.7645704211690029, 1.7686452755436142, 0.05652438169342708] 
[0.4119164535685087, -0.310485550258095, 0.09187408149048437, -1.9681615989724452, 4.524281336892598, -0.7332662569338186, -3.7796450831485267, 0.0480783093974928, -0.4411991944569724, 1.2523433044466294, 1.0959830869741645, 0.40006805323151784, 2.2351065977587092, 0.23889390762731139, 4.011561063889183, -3.297852237032784, 4.65890733498235, -0.6722405139951673, 1.6995027438805625, 0.11990509951872691] 
[0.31521547755626855, -0.21378457424585484, -0.004826894521755776, -1.871460622960205, 4.620982312904838, -0.6365652809215785, -3.876346059160767, 0.14477928540973295, -0.3444982184447323, 1.3490442804588696, 1.0422867193816763, 0.5128750628792083, 2.1039076027670665, 0.32908637188648415, 3.947823432303773, -3.235977503619811, 4.826241879802141, -0.49837757086881185, 1.6080149967351804, 0.035421927351681454] 
[0.12988995617932986, -0.028459052868916146, -0.19015241589869447, -2.056786144337144, 4.806307834281776, -0.8218908022985172, -3.691020537783828, -0.040546235967205746, -0.15917269706779358, 1.5343698018358083, 0.7856708426369547, 0.2775651694410645, 1.9662758037491512, 0.4942378612664984, 3.71863168790729, -3.481658159799247, 4.975292208916107, -0.584919080458448, 1.4167544618126766, 0.23480542031602974] 
[0.4238417905952865, -0.32241088728487277, 0.10379941851726215, -1.7628343099211872, 5.100259668697733, -0.5279389678825606, -3.3970687033678715, -0.33449807038316237, -0.4531245314837502, 1.828321636251765, 0.5264332268640078, 0.5456854094950387, 1.687191614870073, 0.7468970260983702, 3.923283432048393, -3.6987308363924, 5.181595615301279, -0.7958535709555203, 1.701820691598103, 0.5271130968239515] 
[0.5891116453775709, -0.48768074206715717, 0.26906927329954655, -1.9281041647034716, 5.2655295234800175, -0.36266911310027616, -3.562338558150156, -0.16922821560087797, -0.6183943862660346, 1.9935914910340493, 0.6164689866458427, 0.35281436026972857, 1.9055345767947394, 0.8712056506564931, 4.02311859898317, -3.8267008496617505, 5.301275444233814, -0.9025431120385675, 1.8205326493231515, 0.37434562348403655] 
[0.607338542312128, -0.4694538451326, 0.2508423763649894, -1.9463310616380287, 5.24730262654546, -0.344442216165719, -3.580565455084713, -0.15100131866632083, -0.6366212832005917, 2.0118183879686065, 0.6615942644389091, 0.40761403816684527, 1.8671318494331384, 0.8662686488695974, 4.001756754022988, -3.846386793620098, 5.327636063631698, -0.8720375848902766, 1.8393411088798417, 0.3605287599036081] 
[0.4118776803098747, -0.2739929831303467, 0.4463032383672427, -1.7508701996357754, 5.442763488547714, -0.1489813541634657, -3.3851045930824597, 0.044459543335932494, -0.8320821452028451, 2.20727924997086, 1.0419439661162508, 0.7708927946525634, 1.938710765124688, 0.7818841309299716, 3.747320742684848, -4.1754784752517455, 4.954995709430702, -1.1903797961609666, 2.0630630095269327, 0.6121159316295751] 
[0.6375406870992322, -0.048329976340989234, 0.22064023157788526, -1.9765332064251329, 5.668426495337071, -0.37464436095282316, -3.610767599871817, 0.27012255012528996, -1.0577451519922025, 1.9816162431815023, 1.4382248820387498, 1.2135989845428816, 1.6511459584643096, 0.28318054699513584, 4.244630258250772, -4.354506098823072, 4.757506101336644, -0.9998780409082896, 1.6539544802777324, 0.20685231023989697] 
[0.3374002387032853, 0.25181047205495766, -0.07950021681806163, -1.676392758029186, 5.368286046941124, -0.07450391255687627, -3.910908048267764, -0.03001789827065693, -1.3578856003881494, 2.281756691577449, 1.636905727167748, 1.0429426954109473, 1.3511655285106046, 0.3562498529940687, 4.590009782410911, -3.8883650753999404, 5.105654805624551, -1.1879854075882126, 1.9034837996095209, -0.009614291753326565] 
[-0.16074608105262556, 0.7499567918108685, -0.5776465365739725, -2.174539077785097, 5.866432366697035, -0.5726502323127871, -3.412761728511853, -0.5281642180265678, -0.8597392806322386, 1.7836103718215384, 0.8430339777973754, 0.12051630049852036, 0.626795392201355, -0.8819198387526281, 5.804370430891304, -4.276499231030551, 5.377280981715291, -1.4964106221645281, 2.205320479183531, -0.31532777912212306] 
[-0.206526553786059, 0.7957372645443019, -0.531866063840539, -2.2203195505185302, 5.820651893963602, -0.6184307050462206, -3.4585422012452867, -0.4823837452931343, -0.905519753365672, 1.8293908445549718, 0.7995997314587163, 0.10048276876775224, 0.6634492697328992, -0.8723738759184663, 5.729821927276764, -4.39427376580744, 5.256631988748788, -1.592300564169699, 2.12122010832971, -0.3727328080666142] 
[-0.06300542033711665, 0.9392583979932443, -0.3883449303915967, -2.076798417069588, 5.964173027412544, -0.7619518384951629, -3.3150210677963443, -0.338862611844192, -0.7619986199167297, 1.6858697111060295, 0.876980798587352, 0.5614100699840527, 1.2085918102133495, -0.2952899877508911, 5.214460078674348, -4.473270555981606, 5.0351405954480475, -1.7657705583031882, 2.1942833437362865, -0.5032318038329515] 
[-0.04308217781297685, 0.9193351554691045, -0.3684216878674569, -2.0967216595937277, 5.984096269936684, -0.7818750810193027, -3.334944310320484, -0.35878585436833177, -0.7819218624408695, 1.6659464685818897, 0.8574500548559711, 0.5508513521649192, 1.2201787620516409, -0.29957568406743074, 5.195750768565636, -4.492188199767472, 5.039884834156844, -1.7909469730505336, 2.169748642332087, -0.4851427794507967] 
[0.1739857648777523, 0.7022672127783753, -0.585489630558186, -2.313789602284457, 5.767028327245955, -0.5648071383285735, -3.117876367629755, -0.14171791167760261, -0.9989898051315986, 1.4488785258911605, 0.6169757925269865, 1.447138545370315, 2.12814514197265, -0.05679440308405384, 5.291500172548931, -3.864651729637783, 5.645860452622145, -1.9927072592351183, 1.9159574488602376, -0.28398323885452953] 
[0.08996224863010482, 0.7862907290260228, -0.6695131468058335, -2.3978131185321043, 5.683004810998307, -0.648830654576221, -3.2018998838774024, -0.057694395429955136, -0.9149662888839512, 1.532902042138808, 0.5186935444031823, 1.3392389248751153, 2.1076102583771656, -0.22270133024004854, 5.433912906513592, -3.9716485119498017, 5.5101955904426445, -1.8996140667775132, 1.9994433353664838, -0.20841221986842584] 
[0.07849785649771945, 0.7748263368936374, -0.6809775389382189, -2.386348726399719, 5.6944692031306925, -0.6373662624438357, -3.213364276009788, -0.0691587875623405, -0.9264306810163365, 1.5214376500064226, 0.508897142508275, 1.3655187303674656, 2.1355402753987485, -0.2166871238986366, 5.414587776917572, -3.9874278870284994, 5.514384588112958, -1.8875432716529075, 2.010998137228801, -0.1972941906360282] 
[0.2681210007454773, 0.5852031926458796, -0.49135439469046105, -2.575971870647477, 5.504846058882935, -0.8269894066915935, -3.4029874202575456, -0.25878193181009834, -0.7368075367685787, 1.7110607942541805, 0.7328351895216229, 1.9779297437182173, 2.8926089877719914, 0.502608894200903, 4.7785634562586585, -4.380771760104577, 5.52034788731273, -1.704817302172255, 1.8361314976471412, -0.38003615644970357] 
[0.4384767635355189, 0.7555589554359212, -0.6617101574805027, -2.7463276334375184, 5.675201821672976, -0.6566336439015519, -3.232631657467504, -0.42913769460013995, -0.9071632995586203, 1.5407050314641388, 0.8730353042171632, 1.8413783254642804, 2.8986626715822776, 0.2009263664201889, 5.1748295407922145, -4.070818219505894, 5.481939892281155, -1.852351127818412, 1.9962662589085276, -0.19513842701710543] 
[0.6690409823154972, 0.5249947366559429, -0.4311459387005243, -2.51576341465754, 5.905766040452955, -0.42606942512157353, -3.4631958762474824, -0.6597019133801183, -0.676599080778642, 1.7712692502441172, 1.2936608100469504, 2.4563979349600316, 3.418199897470192, 0.17121941219054423, 5.22935485482187, -4.5101622736095015, 5.017906079949943, -2.0698692540806936, 2.166420849880122, 0.03175861567380897] 
[0.8322762572446258, 0.3617594617268143, -0.2679106637713957, -2.6789986895866686, 5.742530765523826, -0.5893047000507021, -3.299960601318354, -0.8229371883092469, -0.5133638058495134, 1.9345045251732458, 1.6259435796594532, 2.7713707872761293, 3.3437264832385245, 0.09022343421352852, 5.018995285253603, -4.830755343744555, 4.743166349408696, -2.04632678072387, 1.9961233459896393, -0.1482550082976483] 
[0.6066101119387497, 0.13609331642093814, -0.49357680907727186, -2.4533325442807925, 5.968196910829702, -0.363638554744826, -3.52562674662423, -1.048603333615123, -0.7390299511553895, 1.7088383798673696, 1.790594343996777, 2.683147804639757, 3.4463129071423357, -0.3737993884249932, 5.726601541386374, -4.019262285231746, 5.412334548618538, -1.3548368475387749, 2.640157008467838, -0.29740076926202463] 
[0.5542020061986186, 0.08368521068080703, -0.44116870333714076, -2.5057406500209236, 5.915788805089571, -0.3112304490046949, -3.578034852364361, -1.1010114393552541, -0.6866218454152584, 1.7612464856075007, 1.6587887054836181, 2.5425750235841775, 3.3065562195402998, -0.5766718450563695, 5.914239543100735, -3.897050669221804, 5.501130675604083, -1.3658920426729326, 2.683668979261432, -0.3477973086556873] 
[0.20986044086333777, -0.2606563546544738, -0.7855102686724216, -2.8500822153562044, 6.260130370424852, 0.033111116330585944, -3.922376417699642, -1.445353004690535, -1.0309634107505392, 1.41690492027222, 1.8625917189224115, 2.274588125392802, 2.8316234417337536, -0.9078218910540542, 5.563493201341232, -4.523595081414538, 4.7841132703234335, -2.5208567702876814, 1.5955984198310282, -0.7512480724725368] 
[0.14739499241184006, -0.3231218031059715, -0.8479757171239193, -2.912547663807702, 6.197664921973354, -0.029354332120911764, -3.859910969248144, -1.5078184531420327, -0.9684979622990415, 1.4793703687237176, 1.781320310158585, 2.181159284044961, 2.913573128679551, -0.9034917685329313, 5.4987024161281735, -4.589105297679775, 4.852804385310654, -2.4676196762512355, 1.553434413299307, -0.8130198844593559] 
[-0.0005819322255717907, -0.47109872774338335, -0.6999987924865074, -3.060524588445114, 6.345641846610766, -0.17733125675832362, -4.007887893885556, -1.3598415285046208, -0.8205210376616296, 1.6273472933611295, 1.8943842991411592, 1.9304588906519102, 3.4837704987972824, -0.36905039451079347, 5.555046821082382, -4.729295559071567, 4.993677418186524, -2.5646512612307473, 1.6594058928116513, -0.6655447246491992] 
[0.02941709425698491, -0.50109775422594, -0.6699997660039507, -3.0305255619625573, 6.315642820128209, -0.14733223027576692, -3.9778888674029993, -1.329842502022064, -0.790522011179073, 1.6573463198436862, 1.924406790837615, 1.885206634369132, 3.5276658834601826, -0.3722179207593093, 5.527279653673239, -4.76254524109659, 4.950257415412694, -2.6259701787084064, 1.6026649752378932, -0.6960349794339593] 
[0.24165622598583525, -0.2888586224970897, -0.8822388977328011, -3.2427646936914076, 6.103403688399359, 0.06490690145308342, -4.19012799913185, -1.1176033702932138, -1.0027611429079233, 1.8695854515725365, 1.7109711492670918, 1.8388243700934432, 3.0723692423753315, -0.8535087411766843, 5.7876349457707645, -4.960794355977041, 5.176990632395743, -2.431950512288914, 1.4761208357932276, -0.9101293031345299] 
[0.05604135201552651, -0.47447349646739845, -1.0678537717031098, -3.4283795676617164, 6.289018562369668, -0.12070797251722531, -4.375742873102158, -0.931988496322905, -0.8171462689376146, 2.0552003255428453, 1.4717773119949407, 1.6052593078595228, 3.032994330295605, -0.7106603659360342, 5.56953841413706, -5.194572039137749, 5.473687825390748, -2.158257025679926, 1.3755196345312641, -0.7354441054967304] 
[0.2708136211874397, -0.6892457656393116, -0.8530815025311966, -3.6431518368336295, 6.503790831541581, -0.3354802416891385, -4.5905151422740715, -0.7172162271509919, -0.6023739997657014, 1.840428056370932, 1.2582616643336164, 1.6304802311831845, 3.8467222696458148, 0.09798352348865491, 5.46370348422913, -4.957631028632941, 6.016259370781025, -1.5883827661210619, 1.6619637976026862, -0.892221048971338] 
[0.31591086163941995, -0.6441485251873313, -0.8079842620792164, -3.5980545963816493, 6.548888071993561, -0.2903830012371582, -4.545417901822091, -0.7623134676029721, -0.5572767593137211, 1.8855252968229124, 1.2080145223082623, 1.6055350353488649, 3.770976982017142, 0.018137981504202816, 5.476222587971457, -4.913790224602348, 6.042163937270727, -1.6179785152696302, 1.6194980589205357, -0.8519541110606176] 
[0.23883843442635921, -0.5670760979742706, -0.8850566892922771, -3.67512702359471, 6.4718156447805, -0.36745542845021895, -4.622490329035152, -0.6852410403899114, -0.6343491865267818, 1.962597724035973, 1.3267924402979143, 1.7734145233089602, 3.615551378623468, -0.005263054183241255, 5.408743235989634, -4.986719140403969, 5.800508292349928, -1.8539348755044767, 1.6836110747197603, -0.7672902020386957] 
[0.10354011028479704, -0.43177777383270843, -0.7497583651507149, -3.810425347736272, 6.336517320638938, -0.5027537525917811, -4.757788653176714, -0.8205393645314736, -0.769647510668344, 1.827299399894411, 1.4670768452387069, 1.798401840103708, 3.215275118546659, -0.4619961882377194, 5.103857855026064, -4.820117188443322, 5.338549538022418, -2.3151768404391215, 1.825876585158809, -0.6070638353531019] 
[0.11887974557107128, -0.4471174091189827, -0.7344187298644407, -3.795085712449998, 6.321177685352664, -0.5180933878780554, -4.773128288462988, -0.8358789998177478, -0.7849871459546183, 1.8119597646081367, 1.4533288169719842, 1.8153573510924994, 3.205734381305159, -0.4394164554920501, 5.13005812716199, -4.837267599284661, 5.377503350514728, -2.276239069065386, 1.8112430351705264, -0.5934856860526686] 
[0.29976613866883994, -0.6280038022167513, -0.9153051229622093, -3.6141993193522293, 6.140291292254895, -0.698979780975824, -4.59224189536522, -1.0167653929155165, -0.6041007528568496, 1.9928461577059053, 1.6150077362825894, 1.6357495952873917, 3.255982714553851, -0.07694850051246344, 5.479287710223646, -5.024297740984285, 5.277436577505182, -2.14690605399614, 1.6030947315536215, -0.7979327872169476] 
[0.26643785854272295, -0.5946755220906343, -0.9486334030883263, -3.6475275994783463, 6.173619572381012, -0.732308061101941, -4.625570175491337, -0.9834371127893995, -0.6374290329829666, 2.0261744378320223, 1.5864717045244827, 1.6558046422981338, 3.274846553822114, -0.09025865956261313, 5.512944178769334, -4.983255235968879, 5.335698016460825, -2.0923838935780164, 1.5780448036416668, -0.7676710514928009] 
[0.14391286973477335, -0.7172005108985839, -0.8261084142803767, -3.770052588286296, 6.296144561188962, -0.8548330499098906, -4.503045186683387, -0.8609121239814499, -0.7599540217909162, 1.9036494490240727, 1.679352364731937, 1.5198817208562803, 3.381692948379861, -0.18960147553780404, 5.371434181517507, -4.858059061844944, 5.556717641371386, -1.8700439715291572, 1.7345305647983067, -0.622448268866381] 
[0.2539398697452988, -0.6071735108880585, -0.9361354142909022, -3.8800795882968213, 6.1861175611784365, -0.9648600499204161, -4.613072186693913, -0.9709391239919754, -0.6499270217803907, 2.013676449034598, 1.8137615263571487, 1.7454633599779303, 3.152534058581882, -0.2335074584738997, 5.242907679768392, -4.711719348625891, 5.7826964598668065, -1.6477632718227049, 1.8894279704564265, -0.48969779871456065] 
[0.04118272332922146, -0.39441636447198114, -0.7233782678748248, -3.667322441880744, 6.398874707594514, -0.7521029035043387, -4.82582933310999, -0.758181977575898, -0.4371698753643134, 2.2264335954506755, 2.1369105801884976, 2.2805218693539224, 2.371822421422741, -1.0366070752921357, 4.7179635217325355, -4.544104540536178, 5.4903349192797934, -1.9390794317395748, 2.1192761654623062, -0.24329210260109166] 
[0.11006302987906835, -0.46329667102182803, -0.654497961324978, -3.598442135330897, 6.329994401044667, -0.8209832100541856, -4.894709639659837, -0.6893016710260511, -0.5060501819141603, 2.1575532889008286, 2.0647491468830523, 2.1941991640216982, 2.422899014830742, -1.1172898121457915, 4.614123746277637, -4.478106717818384, 5.626419301981366, -1.8018906231801182, 2.1672587504171053, -0.3031796936693824] 
[0.21419679665264368, -0.5674304377954034, -0.5503641945514026, -3.4943083685573217, 6.434128167818242, -0.7168494432806103, -4.998843406433412, -0.7934354377996264, -0.6101839486877356, 2.0534195221272533, 1.9801411955389816, 2.392910999935702, 2.1309279774371643, -1.3583396900416478, 4.630661779610865, -4.361791651418197, 5.530943135450077, -1.755342673436528, 2.248621001196081, -0.3904631335175855] 
[0.15394389658811036, -0.50717753773087, -0.4901112944868693, -3.4340554684927884, 6.373875267753709, -0.656596543216077, -5.0590963064979455, -0.7331825377350931, -0.5499310486232023, 2.1136724221917866, 2.0149442180492088, 2.250931884837818, 2.327438869829312, -1.1826785382760683, 4.747723415407793, -4.415143672319328, 5.425488092991882, -1.8637636585591193, 2.2163803714021304, -0.3362241007049011] 
[0.223883454218182, -0.5771170953609417, -0.560050852116941, -3.3641159108627168, 6.303935710123637, -0.7265361008461486, -4.989156748867874, -0.8031220953651648, -0.47999149099313065, 2.043732864561715, 1.9392450826193626, 2.20796099020605, 2.239793306083109, -1.2738030427779508, 4.800410831582952, -4.500049597430443, 5.480419828606937, -1.922562722326785, 2.31575017000756, -0.24634939359786318] 
[0.4153502616965099, -0.3856502878826138, -0.7515176595952688, -3.5555827183410447, 6.112468902645309, -0.5350692933678207, -4.797689941389546, -0.6116552878868369, -0.6714582984714585, 2.235199672040043, 1.6455271739130823, 1.6584000087801436, 2.9130392363567736, -0.7347113796310581, 5.096191500500266, -4.733962476438382, 5.689659414155788, -1.9719809164956643, 2.100337261404605, -0.4692820329199857] 
[0.3082880402957855, -0.2785880664818894, -0.6444554381945444, -3.662644939741769, 6.005406681244585, -0.4280070719670963, -4.90475216279027, -0.7187175092875613, -0.5643960770707341, 2.3422618934407673, 1.5681763987193758, 1.7378691057522961, 2.9077650173314367, -0.8941689763444035, 4.925841972275733, -4.861777269625857, 5.642011765370533, -1.8951078020801442, 2.0155957468004195, -0.3888329702666494] 
[0.17670272926654107, -0.14700275545264496, -0.5128701271653, -3.5310596287125247, 6.136991992273829, -0.5595923829963407, -4.773166851761026, -0.5871321982583169, -0.6959813880999786, 2.210676582411523, 1.7327159407316644, 1.8508308699280989, 3.2258172624759567, -0.47470686444089855, 5.261745167423674, -4.659389298831214, 5.66663383224163, -2.0312713706127163, 2.214247310286527, -0.20148907526376014] 
[0.3934830846418933, -0.3637831108279972, -0.7296504825406522, -3.3142792733371724, 5.920211636898477, -0.3428120276209885, -4.989947207136378, -0.37035184288296463, -0.47920103272462633, 1.9938962270361706, 1.5596296738787916, 2.102107067224332, 2.711705631744547, -1.0665513306267707, 4.821164412730061, -4.9227769844735585, 5.550307335403716, -1.900561336729243, 2.3748781692559473, -0.3670742500012655] 
[0.34708347011448737, -0.4101827253554031, -0.6832508680132463, -3.2678796588097665, 5.873812022371071, -0.29641241309358257, -4.943547592608972, -0.41675145741037056, -0.4328014181972204, 1.9474966125087647, 1.524405399921812, 2.133295532740329, 2.7222777643571985, -1.1124806260603557, 4.770904646167283, -4.917800631757414, 5.839106859708729, -1.6129714549403267, 2.4050980592425506, -0.3153415753519092] 
[0.6741707573464737, -0.0830954381234168, -0.35616358078126, -3.594966946041753, 6.200899309603058, -0.6234997003255689, -4.616460305376986, -0.7438387446423569, -0.7598887054292067, 1.6204093252767784, 1.739604385830606, 1.774610159223247, 3.0617570809573866, -1.2725270359682976, 4.459156332634627, -4.8392074290334985, 7.969156222368217, 0.5106618957156597, 2.6034925581125226, 0.039734891297948105] 
[0.8030601674830429, -0.21198484825998598, -0.2272741706446908, -3.4660775359051836, 6.072009899466488, -0.4946102901889997, -4.745349715513555, -0.6149493345057877, -0.8887781155657759, 1.7492987354133476, 1.392913088980252, 1.424500261229665, 3.1530044012820437, -1.4611440869421826, 4.243498238750058, -4.999258618611493, 7.64216301004154, 0.1925282276688845, 2.7142549700565386, -0.08637011375470066] 
[0.586082196166938, -0.42896281957609084, -0.010296199328585942, -3.249099564589079, 6.288987870782593, -0.7115882615051046, -4.96232768682966, -0.39797136318968285, -0.671800144249671, 1.9662767067294524, 2.2079111415758765, 2.2747102562857426, 2.731704804897978, -1.8600236407566997, 3.9341979595732477, -4.834407757227235, 7.514191037493691, 0.31991135916376506, 2.5176873871693832, 0.10847715975987798] 
[0.48177119939615665, -0.32465182280530946, 0.09401479744219543, -3.1447885678182974, 6.184676874011812, -0.6072772647343232, -4.858016690058879, -0.5022823599604642, -0.5674891474788897, 2.070587703500234, 2.467249985285899, 2.582923445056477, 2.5197040671609443, -1.956146511134458, 4.028907945101857, -4.997429278683388, 7.875111145364388, 0.6603333621687268, 2.6247446471027582, 0.23645209911190557] 
[0.34577211021866106, -0.18865273362781387, 0.23001388661969102, -3.008789478640802, 6.3206759631893075, -0.4712781755568276, -4.722017600881383, -0.6382814491379598, -0.7034882366563853, 2.2065867926777294, 2.5825534805151875, 2.5357964249520206, 2.3838334124993734, -1.8085248676710914, 3.8816961699151253, -5.142048805504579, 7.835440905490522, 0.7788628444634511, 2.441726602533828, 0.05913056927347801] 
[0.1026156775563436, -0.43180916629013133, 0.4731703192820085, -3.2519459113031193, 6.563832395851625, -0.22812174289451015, -4.9651740335437005, -0.8814378818002773, -0.4603318039940678, 1.963430360015412, 2.2273469621491064, 2.199218656442081, 2.239293430404526, -1.9923118325626044, 3.6699113590493937, -5.374464358519948, 6.981507455301789, -0.07614686218291677, 2.6316888548441755, -0.12542239443993347] 
[0.27849998574509627, -0.25592485810137866, 0.2972860110932558, -3.0760616031143666, 6.387948087662872, -0.05223743470575748, -4.789289725354948, -1.05732218998903, -0.28444749580531514, 2.1393146682041646, 2.08243191066404, 2.5321028722416035, 1.7792428884313662, -1.6013954340786607, 3.9436457117054156, -5.602044563725247, 6.582059330962583, -0.46944956224485923, 2.5032912572692156, -0.3151882300191553] 
[0.2176840464154317, -0.3167407974310432, 0.23647007176359125, -3.136877542444031, 6.327132148333208, 0.00857850462390708, -4.850105664684612, -0.9965062506593654, -0.22363155647565058, 2.0784987288745, 2.001364585036711, 2.4559583014959987, 1.7524627743929662, -1.6590952331456763, 4.015217619487945, -5.670785312554161, 6.699045884740808, -0.35516225549534, 2.5616011976848427, -0.25004487631371786] 
[-0.06729283499678473, -0.03176391601882678, -0.04850680964862519, -3.4218544238562476, 6.042155266920991, 0.2935553860361235, -5.135082546096829, -1.2814831320715818, -0.508608437887867, 2.3634756102867165, 2.3514312810814575, 2.773120458253255, 1.88659583337468, -1.4027231780055054, 3.741087871298336, -5.94442552892109, 6.098957083912551, -0.9401913902236191, 2.358369288322566, 0.023028395277022773] 
[-0.27937614984296744, -0.24384723086500948, 0.1635765051975575, -3.6339377387024303, 5.8300719520748086, 0.08147207118994082, -4.922999231250646, -1.0693998172253991, -0.7206917527340497, 2.151392295440534, 2.5792372492356366, 2.5391807411795013, 2.093423818887676, -1.6745445965530248, 3.482527271354806, -5.823961301918374, 5.796660512189245, -1.3581686960920851, 2.738696719110212, 0.272744802872855] 
[-0.5951821201844218, 0.07195873947644493, -0.1522294651438969, -3.318131768360976, 5.514265981733354, 0.39727804153139523, -4.607193260909192, -0.7535938468839447, -1.0364977230755041, 2.467198265781988, 3.041443119231126, 1.992092140357843, 2.5633241477911604, -1.881514084717642, 3.8981404724676394, -5.338662176229661, 6.430337684235966, -0.6954854490472865, 2.3755650242762893, 0.525372299275138] 
[-0.030220154094521945, -0.49300322661345497, -0.7171914312337968, -2.753169802271076, 6.079227947823254, -0.16768392455850467, -4.042231294819292, -0.1886318807940448, -0.47153575698560424, 1.9022362996920883, 1.7866555475132542, 3.2256668193199474, 2.001251497497367, -2.349621773533096, 5.345353758742535, -3.848492639003231, 6.030519914986442, -0.3834696932412013, 2.769708466412668, 0.15362246323717405] 
[-0.0423283576250455, -0.4808950230829314, -0.7050832277032733, -2.7410615987405524, 6.0671197442927305, -0.15557572102798112, -4.054339498349815, -0.20074008432456836, -0.4836439605161278, 1.8901280961615647, 1.7752263642846953, 3.2001563795001005, 2.0396963911007644, -2.3174466216593843, 5.347265881562038, -3.854999462830624, 6.082216842018409, -0.3304420631547511, 2.7859020263552146, 0.14386548053783746] 
[-0.32894145780894846, -0.19428192289902846, -0.9916963278871762, -3.0276746989244554, 5.7805066441088275, 0.13103737915592184, -3.7677263981659124, -0.4873531845084713, -0.7702570607000307, 1.6035149959776618, 1.5131365834956167, 2.5464857349997447, 3.110527761232722, -1.2701264095916225, 4.677979697970365, -4.259621819788302, 6.217542385653322, -0.47906548342781863, 3.103978750544239, 0.47597934731256286] 
[-0.09520753386093972, 0.03945200104898028, -0.7579624039391675, -2.7939407749764467, 6.014240568056836, -0.1026965447920869, -3.5339924742179036, -0.72108710845648, -1.0039909846480395, 1.369781072029653, 1.864541667116887, 2.1752410606766377, 3.371827885430721, -1.2818381371428562, 4.515985561368862, -4.109792323207544, 6.293318314368651, -0.7596866593639342, 2.7889868350003413, 0.23590570596390728] 
[0.2213694315207917, -0.27712496433275113, -0.44138543855743606, -3.110517740358178, 5.697663602675105, -0.4192735101738183, -3.2174155088361722, -0.40451014307474864, -1.320567950029771, 1.6863580374113845, 2.212100895247489, 1.849076934532539, 4.193427544540716, -0.48544320711240585, 4.728885359099375, -3.762568533259839, 6.049567028419903, -0.6157722965585433, 2.4744627037639697, 0.5922743762996536] 
[0.5743860420134048, -0.6301415748253643, -0.7944020490500492, -3.463534350850791, 5.344646992182492, -0.06625689968120518, -3.5704321193287853, -0.7575267535673618, -0.9675513395371578, 1.3333414269187713, 1.9393322469107455, 2.229059518189294, 3.842994081930224, -0.2558666814408759, 3.854095126929374, -4.7861045818302985, 5.372179460738685, -0.2714444661044834, 2.8284193178623425, 0.27560833013049924] 
[0.3328306910677128, -0.8716969257710563, -1.0359573999957412, -3.221978999905099, 5.1030916412368, -0.3078122506268972, -3.8119874702744774, -0.5159714026216697, -0.7259959885914657, 1.5748967778644634, 1.5853663543736034, 1.9729825786956783, 3.43663852341714, -0.7195883584101337, 3.854341886983904, -5.022559233398832, 5.5102267054367005, -0.586907554747659, 2.5025677252609344, 0.07991289286683376] 
[0.3553618313518676, -0.8942280660552111, -1.0134262597115864, -3.1994478596209444, 5.1256227815209545, -0.2852811103427424, -3.834518610558632, -0.4934402623375149, -0.7034648483073109, 1.5974279181486182, 1.6103016955088638, 1.9844173528597813, 3.480950700325281, -0.6724808221633237, 3.862151307238694, -5.040156129544283, 5.488934744929699, -0.5814122250111626, 2.4815719006673778, 0.057332038473461674] 
[0.4883840012688161, -1.0272502359721596, -0.8804040897946379, -3.332470029537893, 5.258644951437903, -0.1522589404257939, -3.7014964406416837, -0.6264624322544634, -0.5704426783903624, 1.7304500880655667, 1.397967073962139, 1.6203415795629788, 3.9588685291179173, -0.28769259503165723, 3.7193433376382243, -5.0566969388873115, 5.209791096944102, -0.849418416709226, 2.538107139057706, -0.07483248137423763] 
[0.468273951772769, -1.0071401864761125, -0.900514139290685, -3.35258007903394, 5.238534901941856, -0.17236898992184102, -3.6813863911456366, -0.6465724817505105, -0.5905527278864096, 1.7505601375616138, 1.3892473180904084, 1.6672813046333141, 3.898732693024131, -0.33221896827965125, 3.705429879950765, -5.045854231452616, 5.243799049791175, -0.8184406477108238, 2.529508882359977, -0.09554050542695605] 
[0.0755420107472844, -0.6144082454506279, -0.5077821982652004, -2.9598481380084554, 5.6312668429673405, 0.22036295110364357, -3.288654450120152, -0.25384054072502593, -0.9832846689118941, 1.3578281965361292, 1.787383692982811, 1.6896927947656322, 3.2176682999293273, -1.0108444344580458, 3.5973073722620903, -5.5938651615175115, 4.361282529527743, -1.930167747365858, 1.6854276698467503, 0.23011865581259885] 
[-0.05290998500907662, -0.4859562496942669, -0.3793302025088394, -2.8313961422520944, 5.7597188387237015, 0.3488149468600046, -3.160202454363791, -0.38229253648138695, -0.8548326731555331, 1.2293762007797682, 1.9317939771154973, 1.9484711027336665, 2.9759393973667208, -0.9680881619537131, 3.5274962152592435, -5.483939060398646, 4.232563209613905, -1.795586749124358, 1.8593263080200262, 0.0720545229826079] 
[-0.12214158973931788, -0.4167246449640256, -0.4485618072390807, -2.762164537521853, 5.828950443453943, 0.2795833421297633, -3.2294340590940322, -0.4515241412116282, -0.9240642778857744, 1.2986078055100094, 1.8688556129217804, 1.8138929010352767, 3.133563132717467, -0.8715949116031171, 3.6166154325623956, -5.386513890321159, 4.272009915539405, -1.8541625445370524, 1.9002393574029501, 0.13169704079591862] 
[-0.18545939142573786, -0.35340684327760563, -0.5118796089255007, -2.825482339208273, 5.765632641767523, 0.21626554044334334, -3.1661162574076123, -0.5148419428980482, -0.8607464761993544, 1.2352900038235894, 1.794375881748479, 1.9140797134901586, 3.054638957711943, -0.8155018323783719, 3.5437683675696943, -5.367896293200523, 4.337442580132101, -1.765674614502294, 1.9773851409260648, 0.18012198550367867] 
[-0.27478241111371204, -0.4427298629655798, -0.6012026286134748, -2.9148053588962473, 5.676309622079549, 0.12694252075536916, -3.2554392770955864, -0.425518923210074, -0.7714234565113802, 1.1459669841356153, 1.8646874414761268, 2.0239712157651284, 2.944265314653479, -0.7890834350082596, 3.606163955371445, -5.412977278302949, 4.253845163773631, -1.8941724981186145, 1.8607313571769475, 0.11614926757444048] 
[-0.21490821621794964, -0.5026040578613422, -0.5413284337177124, -2.854931164000485, 5.616435427183786, 0.06706832585960676, -3.315313471991349, -0.4853931181058364, -0.7115492616156178, 1.2058411790313777, 1.786035241756381, 2.100560908652345, 2.9518180216194296, -0.8418498483619268, 3.5841930199982013, -5.358796021352876, 4.191727785447946, -1.8614855105485504, 1.789949279679189, 0.194548528055456] 
[-0.2416133135130636, -0.5293091551564562, -0.5146233364225985, -2.881636261295599, 5.6431405244789, 0.040363228564492815, -3.342018569286463, -0.5120982154009504, -0.7382543589107318, 1.2325462763264916, 1.8090297587872113, 2.120415856526134, 2.958147256082482, -0.8704041173268467, 3.608299391398679, -5.372373861919993, 4.2137137152541975, -1.8970402007648832, 1.754885157690699, 0.17507163908293827] 
[-0.1313521901315866, -0.6395702785379331, -0.4043622130411215, -2.9918973846770758, 5.753401647860377, -0.06989789481698416, -3.4522796926679398, -0.6223593387824273, -0.6279932355292548, 1.3428073997079686, 1.671310928519985, 2.253365683017168, 2.9716297777438796, -0.9679245652762148, 3.5681508202416468, -5.281144472656661, 4.083761552820884, -1.9939080118988868, 1.8560401236088568, 0.045117983811496454] 
[-0.47468832656123894, -0.2962341421082808, -0.7476983494707738, -3.335233521106728, 6.096737784290029, -0.4132340312466365, -3.1089435562382874, -0.279023202352775, -0.28465709909960246, 1.686143536137621, 1.9857001601585542, 2.5288197999204414, 3.0356815159353583, -1.382609098394552, 4.340177642841762, -4.519566217251253, 4.6659356091505, -1.206386775840183, 2.5238183293170637, 0.31640519845134807] 
[-0.1886615842403323, -0.5822608844291874, -1.0337250917916805, -3.6212602634276347, 5.810711041969123, -0.12720728892572986, -3.394970298559194, 0.0070035399681316335, -0.5706838414205091, 1.9721702784585275, 1.3735319055717663, 3.2748780902890653, 2.0249941314038846, -2.295550142476267, 4.470624356806794, -4.6936083294085185, 4.894770184305115, -1.604815732762619, 2.1232557846327254, 0.017932589860823578] 
[-0.03377571045830763, -0.7371467582112121, -0.8788392180096558, -3.46637438964561, 5.655825168187098, 0.02767858485629482, -3.2400844247771694, -0.14788233381389304, -0.4157979676384844, 2.1270561522405522, 1.2693843932344566, 2.9509633711559484, 2.6956612821807475, -1.626000662680974, 4.887704263071337, -4.390393623885255, 4.723777682360837, -1.8029542544561101, 2.2523333555925538, -0.10971210515437801] 
[0.11055764437070081, -0.5928134033822037, -0.7345058631806474, -3.6107077444746185, 5.800158523016107, 0.17201193968530326, -3.384417779606178, -0.2922156886429015, -0.271464612809476, 2.2713895070695607, 1.4240944371190514, 2.535936074751622, 3.3181617237542174, -1.0702450886634256, 5.343251957556934, -3.9954914910049215, 4.8477831766344766, -1.9214756008294036, 2.3548854095066685, -0.23241236634824114] 
[0.19097231200388975, -0.5123987357490147, -0.8149205308138363, -3.5302930768414296, 5.8805731906492955, 0.2524266073184922, -3.304003111972989, -0.3726303562760904, -0.3518792804426649, 2.3518041747027496, 1.3371844832152653, 2.4649545742246732, 3.275974116042831, -1.0521439820788634, 5.203936800425504, -4.15297209276415, 4.985081515286003, -1.772866522196606, 2.492412933765097, -0.12923196475573073] 
[0.534242617916675, -0.16912842983622944, -0.471650224901051, -3.873563382754215, 6.223843496562081, -0.09084369859429309, -3.647273417885774, -0.029360050363305135, -0.6951495863554502, 2.695074480615535, 1.7816498112835015, 3.076641237449117, 2.685724016637404, -1.128844872123536, 4.896416011665502, -3.9989030182450254, 5.343300109643384, -1.4307850192646765, 2.333998535474222, 0.17823840287098563] 
[0.5577075167628216, -0.1456635309900829, -0.44818532605490446, -3.8970282816003614, 6.200378597715934, -0.11430859744043964, -3.6707383167319207, -0.05282494920945169, -0.6716846875093037, 2.7185393794616814, 1.7990876966363674, 3.064633420138831, 2.6647665926478483, -1.1259697884270008, 4.873519676367047, -4.024854500432788, 5.324610936002808, -1.416617106931975, 2.31954258223101, 0.19335565069308253] 
[-0.06087407729943095, 0.47291806307216966, 0.17039626800734808, -4.515609875662614, 5.581797003653682, -0.7328901915026922, -3.052156722669668, -0.6714065432717042, -0.05310309344705111, 2.099957785399429, 2.2129940491011877, 2.6737615669473467, 2.565905051260917, 0.4002006150408839, 6.397526205976691, -4.599122132147246, 4.847141819737137, -1.0223264201952649, 2.7351067730112706, -0.18974591024327053] 
[0.21756878826650095, 0.7513609286381016, -0.10804659755858381, -4.237167010096682, 5.860239869219614, -0.4544473259367603, -2.7737138571037363, -0.39296367770577234, -0.331545959012983, 1.821514919833497, 1.94413269994522, 2.496847822881765, 2.760004439465043, 0.5721780329715594, 6.261092041564087, -4.438847336999126, 4.64014001794408, -0.8270914300997807, 2.583235781901152, 0.0855109185213534] 
[0.12169517273919439, 0.8472345441654081, -0.20392021308589037, -4.333040625623989, 5.95611348474692, -0.5503209414640668, -2.869587472631043, -0.4888372932330789, -0.23567234348567645, 1.7256413043061904, 1.7932778544225674, 2.1482902637501198, 2.414593133619122, 0.0572816487937573, 5.756733443415109, -4.399859453468315, 4.715686391606493, -0.7102112056337436, 2.712162314112289, -0.0007444712847179125] 
[0.1917653775209196, 0.9173047489471333, -0.2739904178676156, -4.262970420842263, 5.886043279965195, -0.48025073668234164, -2.939657677412768, -0.4187670884513537, -0.16560213870395124, 1.7957115090879157, 1.6977308910054647, 1.8312991334157522, 2.0861880871883196, -0.4947507063724481, 5.216174236146602, -4.350045842675846, 4.788133798366579, -0.6044357208295006, 2.8266437600167005, -0.06717487481428266] 
[0.054509707241304994, 0.7800490786675187, -0.13673474758800097, -4.400226091121878, 5.74878760968558, -0.34299506640272703, -3.0769133476923827, -0.5560227587309683, -0.028346468424336635, 1.9329671793675303, 1.8286471919703, 1.7765894422864736, 2.1759826094170505, -0.5844490420311348, 5.267624072988415, -4.444535976285841, 4.872223913899019, -0.5199679756656266, 2.7270750909621153, 0.06673650039818588] 
[0.05073925887230857, 0.7762786302985223, -0.1405051959569974, -4.396455642752882, 5.745017161316584, -0.34676551477172346, -3.080683796061379, -0.5597932070999647, -0.03211691679333306, 1.9291967309985338, 1.8329466073108218, 1.79024703319748, 2.1899547447970833, -0.5609305931333654, 5.291451531061424, -4.4379137530553185, 4.869944715039989, -0.5118182143348734, 2.735169112342761, 0.07057598465099346] 
[0.2621682017278246, 0.5648496874430062, 0.07092374689851866, -4.1850266998973655, 5.9564461041721, -0.5581944576272395, -3.292112738916895, -0.7712221499554808, 0.179312026062183, 1.7177677881430178, 1.625159857138847, 1.8908927961891997, 2.040908827515972, -0.7975902176037939, 5.265955878830947, -4.742887840423361, 4.561899754118969, -0.3513563778143245, 2.610751983921665, 0.2808174083711198] 
[0.1581853273731042, 0.4608668130882858, 0.17490662125323908, -4.081043825542645, 5.8524632298173795, -0.6621773319819599, -3.3960956132716156, -0.8752050243102012, 0.07532915170746257, 1.8217506624977382, 1.5612044133825016, 2.0737354661120646, 2.220976755322114, -0.19318713576507107, 5.885588495859693, -4.580573063804678, 4.508344204512922, -0.6811076931774893, 2.2850038448538426, 0.18293530959310877] 
[0.05800352206439641, 0.360685007779578, 0.2750884265619469, -4.181225630851353, 5.752281424508672, -0.7623591372906677, -3.4962774185803234, -0.7750232190014934, -0.024852653601245223, 1.921932467806446, 1.4713076882527287, 2.1466320966283012, 2.1872137785954133, -0.5724856229307373, 5.494868247625948, -4.665808529182126, 4.3058612813527715, -1.1229089405541954, 1.8586566446502792, 0.08785963032599438] 
[0.21772083537042874, 0.5204023210856104, 0.4348057398679792, -4.021508317545321, 5.592564111202639, -0.6026418239846354, -3.336560105274291, -0.9347405323075257, -0.18456996690727756, 2.0816497811124783, 1.6166615259852741, 1.8818230320982041, 1.8540251970606447, 0.07752421143961608, 6.120094974314118, -4.663777095617491, 4.3878363845514, -1.5624938404581052, 1.4095901949749086, -0.07459987007513381] 
[0.16662642548848794, 0.46930791120366955, 0.3837113299860384, -4.072602727427261, 5.541469701320699, -0.6537362338665762, -3.387654515156232, -0.9858349421894665, -0.23566437678921837, 2.0305553712305375, 1.6551145256598556, 1.8143697771804843, 1.800506186572146, -0.039599357867289714, 5.974415324436425, -4.757908285015892, 4.401087355491103, -1.5360573696867528, 1.3761868850846797, -0.12747472168475765] 
[0.2208636663563901, 0.4150706703357674, 0.32947408911813625, -4.018365486559359, 5.595706942188601, -0.7079734747344784, -3.3334172742883297, -0.9315977013215644, -0.1814271359213162, 1.9763181303626354, 1.6946061129122696, 1.7146859959322065, 1.6764933021653887, 0.10361946657980303, 6.0915780172881036, -4.806716462766882, 4.327317243131401, -1.5201958099685888, 1.3373969748720007, -0.07545658053616916] 
[0.225177020749463, 0.4107573159426945, 0.33378744351120915, -4.014052132166286, 5.591393587795528, -0.7036601203414055, -3.3377306286814026, -0.9359110557146373, -0.1857404903143891, 1.9720047759695625, 1.689408081761436, 1.7102729932482554, 1.6790246316711301, 0.10435388123517601, 6.086063949494467, -4.811949128288947, 4.328900267150044, -1.521917244070251, 1.3405652221969828, -0.07100869279249762] 
[0.16537870916169695, 0.47055562753046054, 0.2739891319234431, -3.9542538205785203, 5.651191899383294, -0.7634584319291715, -3.3975289402691686, -0.8761127441268712, -0.24553880190215516, 2.0318030875573285, 1.7399090539081088, 1.6648550448228094, 1.6900174058628363, 0.27058779495840773, 6.280865150172825, -4.676482196856231, 4.359079214363816, -1.2521681858248996, 1.6076518559241788, -0.11938265724739469] 
[-0.18366772079340166, 0.12150919757536194, 0.6230355618785417, -3.6052073906234217, 6.0002383293383925, -0.4144120019740729, -3.7465753702242672, -0.5270663141717726, -0.5945852318572538, 1.68275665760223, 2.1872920001642044, 2.335024674951928, 2.283439355402066, 0.5367970921947383, 6.3084590052160765, -3.904644602455498, 5.127450919673418, -1.2285858823086215, 1.999739734449651, 0.25680447171322385] 
[-0.29112578569300496, 0.014051132675758637, 0.5155774969789384, -3.712665455523025, 6.107696394237996, -0.5218700668736762, -3.8540334351238705, -0.41960824927216933, -0.7020432967568571, 1.5752985927026266, 2.0503898832811465, 2.497438582229523, 2.594832475129284, 0.1734878168475954, 6.0373827390226475, -4.066182155416056, 5.1522380823204434, -1.298147148879517, 2.07777345304247, 0.15356738014017804] 
[-0.27380884963196905, -0.003265803385277266, 0.5328944330399743, -3.729982391584061, 6.125013330299032, -0.5045531308126403, -3.8367164990628346, -0.43692518533320523, -0.719360232817893, 1.5579816566415907, 2.0637854024073463, 2.5111019374933843, 2.611140710754542, 0.17630556729875183, 6.020677851712063, -4.071622208097022, 5.189938247713086, -1.2548553401275133, 2.1052355744986095, 0.13632336242205856] 
[-0.16078899511533962, 0.10975405113135217, 0.41987457852334487, -3.8430022461006903, 6.011993475782402, -0.39153327629601087, -3.949736353579464, -0.5499450398498347, -0.6063403783012635, 1.6710015111582202, 2.1525988915741316, 2.6006228804434786, 2.420547711485674, 0.3592961429441572, 5.998282535100542, -4.034694415701543, 4.989392805764434, -1.4538002638810104, 2.170491129938061, 0.022804289669829336] 
[-0.1180297502883576, 0.06699480630437016, 0.4626338233503269, -3.8002430012737083, 6.054752720609384, -0.4342925211229929, -3.906977108752482, -0.5927042846768167, -0.5635811334742815, 1.6282422663312381, 2.202849361026929, 2.5535478686549684, 2.457829134427792, 0.3619779383698816, 5.948015021238796, -4.082436731027196, 5.007209481340457, -1.4762946510474715, 2.2045786500712223, -0.01829822676386019] 
[-0.11259250420263811, 0.07243205239008965, 0.46807106943604637, -3.805680247359428, 6.049315474523665, -0.4288552750372734, -3.9015398626667626, -0.5872670385910972, -0.569018379560001, 1.6228050202455186, 2.1980716686844524, 2.5479342502989386, 2.445428677506316, 0.3808027015594272, 5.964923933505799, -4.073640760656289, 5.009279407867485, -1.4668804475071264, 2.2130888296592843, -0.02351897271859236] 
[-0.2978671187936257, 0.25770666698107725, 0.2827964548450588, -3.9909548619504154, 5.864040859932677, -0.2435806604462858, -3.716265248075775, -0.4019924240001096, -0.7542929941509886, 1.437530405654531, 2.0328196263175164, 2.369257265601466, 2.259680532035033, 0.3497792880230953, 6.130192760224366, -4.094162790631319, 5.4776114103985485, -0.9126031077365806, 2.581787070901701, -0.20019661575006845] 
[-0.06674144947182725, 0.026580997659278793, 0.05167078552326032, -3.759829192628617, 5.632915190610879, -0.012454991124487336, -3.9473909173975734, -0.633118093321908, -0.9854186634727871, 1.6686560749763295, 1.6751936414438147, 2.815010100885485, 2.7432460015103155, -0.48154081611624, 5.34974568403928, -4.101053640023673, 5.291421232971039, -0.8174161641018457, 2.3914608869052745, -0.41538552883705193] 
[0.17628268508178735, -0.2164431368943358, -0.19135334903035428, -3.5168050580750023, 5.389891056057264, -0.25547912567810194, -4.190415051951188, -0.8761422278755227, -1.2284427980264017, 1.911680209529944, 1.9359887073482824, 2.548452870151924, 2.5111632043005687, -0.9093840023732427, 4.927379880893321, -4.065040928976542, 5.48712388506013, -0.8992161425148856, 2.6009138325697725, -0.6446584775224711] 
[0.04216678019787423, -0.08232723201042269, -0.3254692539142674, -3.382689153191089, 5.524006960941177, -0.12136322079418882, -4.056299147067275, -0.7420263229916095, -1.0943268931424885, 2.0457961144138572, 2.053997778586246, 2.4544144236279273, 2.415460697263719, -0.8000619669423353, 4.890782073824574, -3.9611598023619035, 5.429327941829887, -0.7723412723916947, 2.7858980684776222, -0.4732524007632344] 
[0.28746227526518453, -0.327622727077733, -0.0801737588469571, -3.6279846482583995, 5.769302456008488, 0.12393227427312148, -3.8110036519999646, -0.9873218180589198, -1.3396223882097988, 2.2910916094811675, 1.818025708132484, 2.6763399047418046, 2.5883169115220928, -0.9783210084017727, 4.973321513812471, -4.162368489776593, 5.230008024833705, -0.6744492167369436, 2.6174783617321955, -0.27840830638164304] 
[0.3106101561775816, -0.30447484616533593, -0.10332163975935416, -3.6048367673460024, 5.7461545750960905, 0.14708015518551854, -3.8341515329123617, -0.9641739371465228, -1.3164745072974018, 2.2679437285687705, 1.7983583065720896, 2.6893055225072278, 2.6042557985441745, -1.0263683797508187, 4.909323005444439, -4.21189071938985, 5.215519055983316, -0.66124806287106, 2.583923381382181, -0.3134255251283511] 
[0.18407172107632874, -0.4310132812665888, -0.229860074860607, -3.4782983322447496, 5.619616139994838, 0.02054172008426569, -3.707613097811109, -0.8376355020452699, -1.189936072196149, 2.3944821636700233, 1.9080038305508904, 2.6313700747248987, 2.475234089611778, -1.2414521416635966, 4.707207665347923, -4.197391777842227, 5.427427854685262, -0.4202592623741819, 2.8237158505404962, -0.10194130784415636] 
[-0.09329210618149375, -0.15364945400876628, -0.5072239021184295, -3.755662159502572, 5.89697996725266, -0.2568221071735568, -3.4302492705532863, -0.5602716747874474, -1.4672998994539714, 2.117118336412201, 1.531610327203821, 2.0358613564953023, 3.114226838920532, -0.6095208151857402, 5.613666367415547, -3.390566409089047, 5.2366347533740685, -0.14827808978540863, 3.0942748452530413, -0.2559851127925538] 
[-0.1167338847312891, -0.13020767545897094, -0.5306656806682248, -3.7322203809527768, 5.873538188702865, -0.28026388572335215, -3.406807492003491, -0.5837134533372428, -1.443858120904176, 2.140560114961996, 1.5573658666432153, 2.010728000681959, 3.109125580538431, -0.5713061451079389, 5.649619765732568, -3.4084251126197405, 5.21392483111119, -0.12786875709366194, 3.137297158383338, -0.2137098964667156] 
[0.0437640207388732, 0.030290230011191355, -0.37016777519806254, -3.892718286422939, 5.7130402832327025, -0.44076179119351444, -3.5673053974736533, -0.7442113588074051, -1.2833602154340138, 1.9800622094918339, 1.4119298103590716, 1.8803032190904883, 2.9897441952940333, -0.5074628398175463, 5.543174143314586, -3.3268732732278092, 5.029705460377634, -0.3357341920410654, 3.0088597325513504, -0.11055843538684962] 
[-0.05571545112785614, -0.06918924185553799, -0.4696472470647919, -3.7932388145562097, 5.812519755099432, -0.5402412630602438, -3.467825925606924, -0.8436908306741344, -1.1838807435672845, 2.079541681358563, 1.307756275721764, 1.7729612439006799, 2.8725048342866804, -0.5632016590406224, 5.682695948200438, -3.13098337250308, 5.172257425227228, -0.41216977973194363, 2.916673226634613, -0.03695764932981527] 
[-0.11007479062970305, -0.014829902353691082, -0.5240065865666388, -3.738879475054363, 5.758160415597585, -0.4858819235583969, -3.413466586105077, -0.7893314911722875, -1.2382400830691314, 2.0251823418567163, 1.3594865435793044, 1.8202863755199468, 2.940095506479079, -0.5182279330384746, 5.612888491701678, -3.251053494746965, 5.070640721359206, -0.38544829967570937, 2.882693534792346, 0.007213411283109865] 
[0.0358306736465579, -0.16073536662995203, -0.6699120508428997, -3.8847849393306237, 5.612254951321324, -0.33997645928213593, -3.267561121828816, -0.9352369554485485, -1.0923346187928704, 2.1710878061329772, 1.4905955991378184, 1.9549944357106828, 2.6890595723917925, -0.7682077464932181, 5.6123518609590795, -3.3632328763509234, 5.1577901931021835, -0.4756770518409787, 3.066809315095823, 0.20691685529702436] 
[0.12307759946340013, -0.07348844081310979, -0.5826651250260575, -3.972031865147466, 5.699501877138166, -0.42722338509897817, -3.180314196011974, -1.0224838812653907, -1.0050876929760282, 2.2583347319498195, 1.5752372055925685, 1.8813171809889628, 2.6046990588280385, -0.7822801642611784, 5.460107128857375, -3.50029297798761, 5.219121134871349, -0.33916671785493324, 3.1890993667801117, 0.15607250673174466] 
[0.15778947156709222, -0.10820031291680188, -0.5479532529223654, -4.006743737251158, 5.664790005034474, -0.3925115129952861, -3.215026068115666, -1.0571957533690828, -1.0397995650797203, 2.2236228598461274, 1.5447031808822869, 1.9154399555452195, 2.552937691947149, -0.8227299386055433, 5.486202763389339, -3.4642644129088658, 5.197376908537276, -0.3108373971231254, 3.1760096830881053, 0.1871288637595825] 
[-0.17075790048713202, -0.4367476849710261, -0.8765006249765896, -3.678196365196934, 5.993337377088698, -0.06396414094106184, -3.54357344016989, -0.7286483813148585, -1.3683469371339445, 1.8950754877919032, 1.15674741695749, 1.5351449684255465, 2.455638411670369, -0.23729595076584775, 6.0331510255909135, -3.7277842471912135, 4.795330072543938, -0.058289013421934655, 3.033675217939119, 0.4790467896277531] 
[-0.3719608230906246, -0.23554476236753352, -1.0777035475800822, -3.4769934425934412, 6.194540299692191, -0.26516706354455444, -3.3423705175663976, -0.9298513039183511, -1.167144014530452, 1.6938725651884106, 1.3515493181959752, 1.5767158777025436, 2.941689009011845, 0.25717199411763986, 6.040703901227862, -3.508470047965514, 5.083770173644379, 0.19874622386730167, 2.8048829291272375, 0.22456644920558516] 
[-0.15147987473016755, -0.4560257107279906, -0.8572225992196252, -3.256512494232984, 6.415021248052648, -0.4856480119050115, -3.1218895692059405, -1.1503322522788082, -0.9466630661699948, 1.4733916168279535, 1.0067719562011395, 1.9284246085566572, 2.850535047870289, -0.08337203785761305, 5.742131454856039, -3.821359270827627, 4.816679431253041, 0.4892025419382918, 3.1313420566359884, 0.4670861784232174] 
[-0.15381650417424098, -0.45368908128391716, -0.8595592286636986, -3.2588491236770576, 6.4173578774967215, -0.4833113824609381, -3.119552939761867, -1.1526688817228816, -0.9489996956140683, 1.475728246272027, 1.0039265493204987, 1.9321799612982893, 2.8469090285537426, -0.08369728391184808, 5.739216506032617, -3.8165611884006667, 4.821272217889468, 0.4840891310387151, 3.1261973802826204, 0.46958852966387565] 
[-0.3149916547198508, -0.614864231829527, -0.6983840781180888, -3.0976739731314478, 6.578533028042331, -0.32213623191532825, -3.280728090307477, -1.3138440322684914, -1.110174846159678, 1.6369033968176367, 0.8416166499905366, 1.9404200150507702, 2.3267392437121464, -0.6111192045139007, 5.547805698532938, -3.8988466539920017, 4.943709146959729, 0.5916056692845065, 3.0271934341281552, 0.31151517874672596] 
[-0.07628196225690687, -0.37615453936658305, -0.45967438565514485, -3.3363836655943917, 6.817242720505275, -0.5608459243782722, -3.042018397844533, -1.5525537247314354, -0.8714651536967342, 1.8756130892805807, 1.2131133210285034, 1.4157106043646617, 2.7837828266387175, -0.6150752189243053, 5.705199741402404, -3.603585936638124, 5.27697411113676, 0.7707546153859146, 2.861130321564911, 0.07030820611983798] 
[0.02599993234965936, -0.2738726447600168, -0.3573924910485786, -3.2341017709878255, 6.714960825898709, -0.45856402977170596, -2.9397365032379668, -1.6548356193380016, -0.9737470483033004, 1.977894983887147, 1.1139874357329949, 1.3711844222773562, 2.6292404993726075, -0.780270078188168, 5.702862486207032, -3.4145250936059095, 5.465290141126466, 0.8330798210512138, 2.7991895983696082, 0.17233059442870372] 
[-0.1080944089091247, -0.13977830350123277, -0.22329814978979456, -3.3681961122466095, 6.580866484639925, -0.3244696885129219, -2.8056421619791827, -1.5207412780792176, -0.8396527070445163, 1.8438006426283629, 1.2431267374999566, 1.1732054773790546, 2.894224155407416, -0.539498131426978, 5.929511625151372, -3.6115852590396007, 5.520436441566122, 0.7448475460570542, 2.8812342770642214, 0.30416985125017754] 
[-0.04541982791943866, -0.2024528844909188, -0.16062356880010853, -3.4308706932362956, 6.643541065629611, -0.26179510752323587, -2.8683167429688687, -1.4580666970895315, -0.9023272880342024, 1.7811260616386768, 1.1859218526587907, 1.1220063510818916, 2.8545107374887446, -0.46440675426885625, 6.0293076544818645, -3.6905581378969985, 5.557746002146384, 0.9137654305915808, 3.0509068316138532, 0.3685483645704566] 
[-0.33205071479999404, 0.08417800238963657, -0.4472544556806639, -3.14423980635574, 6.356910178749056, 0.02483577935731951, -3.154947629849424, -1.744697583970087, -1.1889581749147577, 1.4944951747581214, 1.4843565691521987, 0.8566139381964961, 2.6804540315726517, -0.06514527363071648, 6.555931256463987, -4.103454506255559, 5.7534804980743415, 0.7298692874574996, 3.2338327320190023, 0.6585508052767546] 
[-0.2905411158220552, 0.1256876013675754, -0.48876405465860273, -3.1027302073778014, 6.315400579771117, 0.06634537833525833, -3.196457228827363, -1.703187984992148, -1.2304677738926966, 1.4529855757801826, 1.5163753969250477, 0.8858317610460367, 2.6540660642454945, -0.03491578494666174, 6.594588641284333, -4.063742903331925, 5.711138222005724, 0.664620368302284, 3.1688768049598615, 0.6992653822467513] 
[-0.46864378568792375, -0.05241506849829314, -0.6668667245244713, -2.924627537511933, 6.137297909905248, 0.24444804820112687, -3.0183545589614944, -1.8812906548580166, -1.408570443758565, 1.6310882456460511, 1.6654243755020488, 0.9880575634241594, 2.3380032824466315, -0.35458662031556826, 6.432638976568318, -4.225440487919968, 5.541795740403488, 0.9329556815847901, 3.438294057204743, 0.8813084912342404] 
[-0.5435728753876568, 0.02251402120143986, -0.7417958142242043, -2.999556627211666, 6.212226999604981, 0.31937713790085986, -3.0932836486612274, -1.8063615651582836, -1.333641354058832, 1.5561591559463182, 1.7131663818414993, 1.0483318072229573, 2.150696333245775, -0.537220511314321, 6.4011003691221315, -4.132321935641886, 5.44697066085638, 0.9942088655865436, 3.3713303532025694, 0.9574541826410515] 
[-0.2980932273809209, -0.22296562680529597, -0.49631616621746844, -3.2450362752184017, 6.457706647611717, 0.5648567859075957, -2.8478040006544916, -1.5608819171515478, -1.579121002065568, 1.3106795079395823, 1.8827686131425028, 1.1950778698131987, 1.3736440767659452, -1.3353438369666226, 6.7188205827189185, -4.295089928257886, 5.250243440375105, 0.791920283217405, 3.569838210488558, 0.7126336742055905] 
[-0.20166508385979398, -0.3193937703264229, -0.3998880226963415, -3.1486081316972747, 6.554134791132844, 0.46842864238646875, -2.9442321441756185, -1.6573100606726747, -1.6755491455866949, 1.2142513644184554, 2.0241405735676996, 1.0381663935853176, 1.4811963363537264, -1.3743996211584322, 6.80483943068242, -4.2476753128343745, 5.322511993076771, 0.8889456721150903, 3.472882257521622, 0.616452748102811] 
[-0.24925631073214305, -0.27180254345407384, -0.44747924956869056, -3.196199358569624, 6.601726018005193, 0.4208374155141197, -2.8966409173032694, -1.7049012875450238, -1.6279579187143458, 1.2618425912908044, 1.9871278374879315, 0.9825401653201986, 1.5343932762726757, -1.4018777811767837, 6.877208145415759, -4.352145983092844, 5.415339063054995, 0.9333927327620701, 3.517400786863188, 0.6653792485226634] 
[-0.14403027841975913, -0.37702857576645776, -0.5527052818810745, -3.09097332625724, 6.496499985692809, 0.31561138320173576, -2.7914148849908855, -1.5996752552326399, -1.5227318864019619, 1.3670686236031884, 1.8352392700272842, 1.1789088140032224, 1.299694778191512, -1.6022995340781938, 6.930343443842661, -4.202459163065117, 5.2569214300381955, 1.0398062989361858, 3.4104243869696673, 0.7662633524238825] 
[0.056026457698774124, -0.577085311884991, -0.7527620179996077, -3.291030062375773, 6.296443249574276, 0.11555464708320251, -2.9914716211094188, -1.3996185191141066, -1.3226751502834286, 1.5671253597217216, 1.656031369028267, 1.0226809590950303, 1.2354786847795913, -1.4230257861552738, 6.680346653876112, -3.9915254604878183, 5.39508143886522, 0.8496360176805179, 3.6007413919439246, 0.567317166384934] 
[0.2275480700265291, -0.40556369955723603, -0.5812404056718528, -3.462551674703528, 6.467964861902031, 0.2870762594109575, -2.819950008781664, -1.5711401314418616, -1.4941967626111836, 1.3956037473939666, 1.8152411956426788, 0.760330481756212, 1.482747890560577, -1.473414756520662, 6.505836467254742, -4.1824224640041034, 5.5849907291593635, 0.9829169964343435, 3.4610061840112087, 0.7389234823114954] 
[0.4268538055596913, -0.6048694350903983, -0.780546141205015, -3.263245939170366, 6.268659126368869, 0.08777052387779527, -3.019255744314826, -1.3718343959086994, -1.2948910270780214, 1.5949094829271289, 1.6490641256054048, 0.9201486815415715, 1.4984390735195607, -1.7496999060401448, 6.179842033389919, -3.8530165333131894, 5.298725847649167, 1.1977959960835025, 3.675924106416653, 0.9382420589038031] 
[0.3483337886464497, -0.5263494181771566, -0.8590661581182566, -3.1847259222571243, 6.34717914328211, 0.1662905407910369, -2.9407357274015844, -1.450354412821941, -1.2163710101647798, 1.5163894660138872, 1.6936604644837687, 0.8205354631112105, 1.5970836019886232, -1.7784400399584581, 6.0998617540324185, -3.782166959001031, 5.373693477456051, 1.0891237023032638, 3.5689584963513914, 1.0162716053274434] 
[0.050224737954156495, -0.22824036748486343, -0.5609571074259634, -3.4828349729494175, 6.6452881939744035, -0.13181850990125632, -2.642626676709291, -1.1522453621296478, -1.514480060857073, 1.218280415321594, 2.16759815744166, 1.4162986966789723, 1.0855091837063284, -1.8238739257479284, 5.782963224998666, -3.5042317283108497, 5.621685763946715, 1.3060665281280468, 3.3459100160103494, 0.7195293307164918] 
[0.19981314807446537, -0.07865195736455455, -0.4113686973056545, -3.6324233830697263, 6.794876604094712, 0.01776990021905256, -2.7922150868296, -1.002656952009339, -1.364891650736764, 1.0686920052012852, 2.0258768026414335, 1.5771737567989998, 0.9903046392316046, -1.6494664402711585, 6.052060384565689, -3.725710255049644, 5.780675753037604, 1.1333211866125024, 3.5119141095901676, 0.5466830850485953] 
[0.3566428145012921, -0.23548162379138127, -0.2545390308788278, -3.4755937166428996, 6.638046937667886, 0.17459956664587928, -2.949044753256427, -1.1594866184361656, -1.5217213171635908, 1.2255216716281119, 2.222873669992616, 1.7801690367625627, 0.8885051620209612, -1.4521830879601347, 6.254457913974035, -3.659128131893577, 5.976936327046858, 0.9139429094772338, 3.3488376873352044, 0.43119083904630695] 
[0.18185845241143994, -0.060697261701529115, -0.07975466878897564, -3.6503780787327518, 6.812831299757738, 0.34938392873573143, -2.7742603911665746, -1.3342709805260178, -1.696505679253443, 1.400306033717964, 1.9312098481397635, 1.4358945784651056, 1.2215697143895763, -1.0828380442268977, 6.649476786866491, -4.000503608320628, 6.220205506458308, 0.729382617883366, 3.5426399545965443, 0.23021315412799875] 
[0.39437837373924367, 0.15182265962627461, -0.29227459011677936, -3.8628980000605555, 6.600311378429934, 0.1368640074079277, -2.9867803124943784, -1.121751059198214, -1.4839857579256392, 1.1877861123901603, 1.7538536711648969, 1.6306809784506051, 0.9813875882948855, -1.3143438860964123, 6.6439758770392485, -3.70861311922269, 5.940598937303743, 0.5600340641643955, 3.357478951718947, 0.024996602982867683] 
[0.48763448543632393, 0.05856654792919436, -0.1990184784196991, -3.9561541117576358, 6.507055266732854, 0.043607895710847444, -3.0800364241914586, -1.2150071708952943, -1.390729646228559, 1.09453000069308, 1.6086923460374918, 1.4940216113929112, 1.06912406747188, -1.2547178595827928, 6.556770685206945, -3.5802670710208644, 5.824581960090324, 0.6553709171122153, 3.2847525842359233, -0.05650543224528043] 
[0.4164562141740795, 0.12974481919143876, -0.1278402071574547, -4.02733238301988, 6.578233537995098, 0.11478616697309185, -3.008858152929214, -1.14382889963305, -1.3195513749663146, 1.1657082719553244, 1.5615597613411116, 1.5454304942586774, 1.1140269980288642, -1.4679712139396792, 6.343679476474267, -3.6220311546797785, 5.895684807243419, 0.741660911900866, 3.384023354749602, -0.14328062217357054] 
[0.2994139557590003, 0.24678707760651797, -0.2448824655725339, -3.910290124604801, 6.6952757964101774, 0.23182842538817106, -3.1259004113442934, -1.260871158048129, -1.4365936333813938, 1.0486660135402452, 1.471918534302708, 1.613741447526797, 1.005177778491256, -1.465767613903056, 6.199257564649809, -3.4633709948473053, 5.755553017737573, 0.8492132058397891, 3.3076996993424936, -0.24825781790006246] 
[0.02355121985016595, 0.5226498135153523, 0.030980270336300464, -4.186152860513635, 6.971138532319012, -0.04403431052066331, -2.850037675435459, -1.5367338939569635, -1.1607308974725594, 1.3245287494490796, 1.692306901741868, 1.4197911765795643, 1.0885320665106653, -2.345024617102082, 5.200093235390336, -2.821251536206281, 5.34562728396867, 0.6127174989244534, 3.6016936670708914, -0.5684366096256326] 
[-0.143085169251286, 0.3560134244139004, -0.1356561187651515, -4.019516471412183, 7.137774921420464, 0.12260207858078864, -2.683401286334007, -1.7033702830584154, -0.9940945083711075, 1.4911651385505316, 1.8613034193126015, 1.5354540751012196, 0.9794264169165157, -2.3330138627886563, 4.966312191555176, -2.58534479458291, 5.185471996609561, 0.7357235415270259, 3.483261148138017, -0.7341712503937032] 
[-0.16525094564325116, 0.37817920080586553, -0.15782189515711664, -3.9973506950202182, 7.115609145028499, 0.10043630218882349, -2.7055670627259722, -1.6812045066664503, -1.0162602847630726, 1.4689993621585664, 1.879040720467924, 1.5685875359998336, 1.018449283150582, -2.26469340772639, 5.052216211974152, -2.6471268223906437, 5.165162007064767, 0.6910392717383226, 3.439236797376495, -0.756725073485895] 
[-0.07767834851318867, 0.29060660367580304, -0.07024929802705415, -4.084923292150281, 7.028036547898436, 0.012863705058760999, -2.7931396598560347, -1.7687771037965128, -0.9286876876330101, 1.556571959288629, 1.9589671127215216, 1.6186032502847014, 0.948001756817203, -2.2737177562328874, 4.873198579804351, -2.4669719212730388, 5.0635612165579165, 0.626086248507115, 3.4968359707228114, -0.6686041839662498] 
[0.011124275271114925, 0.37940922746010664, 0.01855332575724944, -3.996120668365977, 7.11683917168274, -0.07593891872554259, -2.8819422836403383, -1.8575797275808164, -0.8398850638487065, 1.6453745830729325, 2.04334276939612, 1.6781483188675947, 0.8673443605433747, -2.4971916931026086, 4.651721138097453, -2.4669651955519627, 4.987584562903041, 0.8170831339837952, 3.691249320605275, -0.5793659786403966] 
[0.006273757998300766, 0.3842597447329208, 0.01370280848443528, -3.991270151093163, 7.111988654409926, -0.07108840145272843, -2.877091766367524, -1.8527292103080022, -0.8350345465758924, 1.6502251003457467, 2.0481573096549277, 1.6746665410912516, 0.8709064564958664, -2.4972649764004466, 4.661224906669997, -2.4766416722242304, 4.983135503203796, 0.8292127963876663, 3.7035328518738937, -0.574708223076451] 
[-0.17464126391054435, 0.5651747666417659, 0.1946178303932804, -3.810355129184318, 7.292903676318771, -0.25200342336157355, -2.696176744458679, -1.671814188399157, -1.0159495684847375, 1.8311401222545918, 1.8689069875959952, 1.9608836565301488, 1.154620511823182, -1.9626432831360976, 5.362882919270899, -2.990458766259999, 5.149545830631345, 0.9574008721034373, 3.599392529339213, -0.39208899325970403] 
[-0.16673066835837957, 0.5572641710896011, 0.18670723484111562, -3.8182657247364826, 7.3008142718709355, -0.24409282780940877, -2.6882661489065143, -1.6639035928469923, -1.0080389729325727, 1.8390507178067566, 1.8745395706823076, 1.9764083138163415, 1.170932027402814, -1.9655115109592505, 5.384918429147961, -3.0138583229329203, 5.138578190736055, 0.9513310662715363, 3.604259997533736, -0.3842857970982734] 
[-0.018914564089875796, 0.40944806682109736, 0.3345233391096194, -3.670449620467979, 7.152998167602432, -0.39190893207791255, -2.836082253175018, -1.811719697115496, -0.8602228686640689, 1.9868668220752603, 1.7697179573692274, 1.6711591338333767, 0.8349167084621076, -1.706868145297437, 5.600073262215877, -2.9885749840889138, 5.278456642280328, 0.6773911612953196, 3.3285836334310632, -0.5263562114432374] 
[0.17598833836025207, 0.2145451643709695, 0.13962043665949153, -3.475546718017851, 7.3479010700525595, -0.5868118345280404, -3.030985155625146, -1.6168167946653682, -0.6653199662139411, 1.7919639196251325, 1.9670155718293811, 1.5331359013961046, 0.9953102507663084, -1.773716691487468, 6.152363764622449, -3.608364682856071, 4.9034214130935885, 0.15694492491584822, 2.8308675948605915, -0.6848779414597153] 
[0.18743848251719797, 0.22599530852791538, 0.12817029250254564, -3.486996862174797, 7.336450925895614, -0.5982619786849863, -3.042435299782092, -1.628266938822314, -0.6538698220569952, 1.8034140637820784, 1.9567728520940988, 1.5401940865197463, 0.9825930734044113, -1.7524490548502547, 6.204374959145724, -3.6624484174382204, 4.877762657735072, 0.20883161745331522, 2.8827762858632013, -0.6737511800472268] 
[0.4503267790719363, 0.4888836050826537, -0.1347180040521927, -3.749885158729535, 7.073562629340875, -0.8611502752397246, -3.30532359633683, -1.8911552353770524, -0.9167581186117335, 2.0663023603368167, 1.6445108521402754, 1.2683191217391028, 1.2011522390932505, -1.880709255004207, 7.168943617807882, -4.732445400042875, 4.317452297407805, 0.05048946913954261, 3.0186980634832574, -0.4119576107094917] 
[0.4922000228765775, 0.4470103612780125, -0.0928447602475515, -3.708011914924894, 7.031689385536234, -0.9030235190443658, -3.3471968401414713, -1.8492819915724112, -0.9586313624163747, 2.0244291165321755, 1.6285447218767264, 1.3357377320929777, 1.276764575743413, -1.8242752003779619, 7.187022555749886, -4.831053504631107, 4.222757127798937, 0.07727530768007114, 2.9866569255941027, -0.3662768667363271] 
[0.34599534043348257, 0.3008056788349176, -0.23904944269064643, -3.854216597367989, 6.885484703093139, -1.0492282014874608, -3.2009921576983764, -1.9954866740155062, -1.1048360448594696, 1.8782244340890806, 1.68970718794146, 1.1361705220556393, 1.0673733661393405, -1.646901537915572, 7.30437134156719, -4.5546357784662606, 4.528049836296151, -0.020779102142512343, 3.09529840083723, -0.5231929172524091] 
[0.40437289978788726, 0.2424281194805129, -0.18067188333624173, -3.7958390380135842, 6.943862262447544, -1.1076057608418655, -3.259369717052781, -2.053864233369911, -1.046458485505065, 1.8198468747346759, 1.6558893600399096, 1.2119942846744156, 1.1722457950817549, -1.495181697425382, 7.448409891206394, -4.583866290783985, 4.448348044713592, 0.018337742468953318, 3.0457886198822317, -0.45930028576988247] 
[0.3675593780284032, 0.20561459772102886, -0.21748540509572578, -3.7590255162541, 6.980675784207028, -1.1444192826013495, -3.222556195293297, -2.017050711610427, -1.0096449637455809, 1.85666039649416, 1.5984608302274426, 1.1580194287939094, 1.1942292316529863, -1.5176628810705217, 7.472293608963603, -4.573279663117453, 4.418367983635562, 0.04265069208595772, 3.0157358662258087, -0.41950823345453464] 
[0.3947958404473084, 0.17837813530212365, -0.19024894267682058, -3.7862619786730054, 6.953439321788123, -1.1171828201824443, -3.2497926577122023, -1.9898142491915216, -1.036881426164486, 1.8294239340752547, 1.615883371337883, 1.130120715248486, 1.1577271610869837, -1.541324477551622, 7.495053859747785, -4.599947000222522, 4.426273700819102, 0.0968414579668408, 3.072308247816301, -0.45257383350426905] 
[0.5865759882468424, -0.013402012497410354, 0.0015312051227134305, -3.9780421264725394, 7.145219469587657, -0.9254026723829103, -3.0580125099126683, -2.1815943969910556, -0.8451012783649521, 1.6376437862757207, 1.9386216141413426, 1.476097602771809, 1.3569124410410724, -1.8656108592509721, 7.14444046074876, -4.559169496306431, 4.649425165480542, -0.04937094994514618, 3.180201576473118, -0.2704581747100702] 
[0.4576747983315812, 0.11549917741785087, -0.1273699847925478, -4.106943316387801, 7.0163182796723955, -1.0543038622981715, -2.929111319997407, -2.310495586906317, -0.9740024682802133, 1.5087425963604595, 1.6510705973764712, 1.189448173195231, 1.2314279298689388, -2.0773818779695996, 6.97264985197045, -4.753368283759928, 4.421955362676247, 0.022070876756381683, 3.086233765380302, -0.13886412332504056] 
[0.30715581684359705, 0.266018158905835, -0.27788896628053195, -4.257462297875785, 7.16683726116038, -0.9037848808101874, -3.079630301485391, -2.1599766054183327, -0.8234834867922292, 1.6592615778484436, 1.3878111603684673, 0.932589065170652, 1.3212381919301106, -2.5559790239809574, 6.4206679270477665, -4.161020234356771, 4.957105064303205, 0.17153041133127495, 2.991046237104129, -0.2926742829558372] 
[0.4645977551470928, 0.10857622060233929, -0.12044702797703621, -4.100020359572289, 7.324279199463875, -0.7463429425066916, -2.9221883631818955, -2.3174185437218284, -0.6660415484887334, 1.8167035161519394, 1.256678513433577, 1.0227777822674027, 1.2008933434078783, -2.4238708922627628, 6.39997662088155, -4.467297820154426, 4.649149757093131, 0.2577717331337082, 2.876425256859985, -0.13110467002260853] 
[0.6492815613201159, 0.29326002677536245, -0.30513083415005937, -3.915336553399266, 7.139595393290852, -0.5616591363336685, -2.7375045570088723, -2.5021023498948516, -0.48135774231571027, 1.6320197099789162, 1.1411279298075807, 1.1779851902296328, 1.4295673526479293, -2.0005790587790346, 6.943034887388871, -4.974269367014718, 4.27727247115564, 0.09706855434849379, 2.990646717710746, -0.3274568511839211] 
[0.7022172963179614, 0.24032429177751702, -0.25219509915221394, -3.8624008184014205, 7.086659658293007, -0.5087234013358231, -2.7904402920067177, -2.449166614897006, -0.42842200731786484, 1.6849554449767616, 1.1250576038398543, 1.2416778804036843, 1.5209011424531687, -1.8819192441973667, 7.050516023385967, -4.98023467868668, 4.2469107600211355, 0.18877635491424144, 3.087032870818694, -0.27671198650112455] 
[0.5407101910833099, 0.4018313970121685, -0.41370220438686545, -3.700893713166769, 6.925152553058355, -0.6702305065704746, -2.628933186772066, -2.2876595096623547, -0.5899291125525163, 1.5234483397421101, 0.6945214729862048, 0.8128431822745685, 1.5366368940504735, -2.268098689663812, 6.537674394050167, -4.599107638468061, 4.1757927426634485, 0.05637728039257997, 3.17057449040074, -0.1182478328275596] 
[0.4939302429428629, 0.44861134515261547, -0.3669222562464185, -3.654113765026322, 6.971932501198802, -0.7170104547109215, -2.5821532386316193, -2.2408795615219077, -0.5431491644120694, 1.4766683916016632, 0.7861085404764926, 0.9074241234700579, 1.5510077826736737, -2.1657017449452063, 6.669025095011972, -4.71155883172542, 4.144822020262776, -0.058440916488451844, 3.060271097565632, -0.16693596166743638] 
[0.5771840562168151, 0.5318651584265677, -0.4501760695203707, -3.737367578300274, 6.88867868792485, -0.6337566414369693, -2.6654070519055715, -2.1576257482479555, -0.6264029776860216, 1.5599222048756154, 0.7044902043067472, 0.9112526762375045, 1.426000535316634, -2.318758760486218, 6.571153132962823, -4.806095031841357, 4.023550717613352, -0.047844953805054435, 2.9854866489627883, -0.0859382946404392] 
[0.1291985905829307, 0.08387969279268326, -0.8981615351542551, -4.185353043934159, 7.3366641535587345, -0.1857711758030849, -2.217421586271687, -1.709640282614071, -1.074388443319906, 1.111936739241731, 1.5291858130098837, 1.7122703199442948, 1.3350194168954732, -2.1560722513027293, 5.952365668086172, -4.178141676673459, 3.8965944823214644, 0.1931612720055158, 2.683575271979066, 0.36098148428639976] 
[-0.1734774956907188, 0.38655577906633276, -1.2008376214279046, -3.882676957660509, 7.033988067285085, 0.11690491047056462, -2.5200976725453366, -2.0123163688877206, -1.3770645295935555, 1.4146128255153805, 1.1777664292850873, 1.3326096324150365, 0.7194064571556984, -2.9041799764858682, 5.186020840169323, -3.562656863223871, 3.5978481331594128, -0.08267016495720209, 2.8921543290471177, 0.06954805980296908] 
[-0.09618806858909323, 0.3092663519647072, -1.123548194326279, -3.9599663847621347, 6.956698640183459, 0.03961548336893905, -2.597387099646962, -2.089605795989346, -1.454353956695181, 1.491902252617006, 1.1071403289648458, 1.2909306044062758, 0.9005300947977901, -2.732408851027008, 5.068874886161619, -3.421594930072697, 3.522631404430245, -0.034703137668496004, 2.8162888698598825, -0.012689690431181094] 
[-0.06362528275836965, 0.2767035661339836, -1.1561109801570026, -3.927403598931411, 6.924135854352736, 0.007052697538215469, -2.6299498854776857, -2.1221685818200697, -1.4869167425259047, 1.4593394667862825, 1.0772172184513995, 1.2620764614533582, 0.9079423461962921, -2.7688170084311587, 5.035663741279456, -3.4411676388887824, 3.5662652873701397, 0.006435262377563006, 2.785967428933581, -0.04642937749210916] 
[-0.28111274040416134, 0.4941910237797753, -0.938623522511211, -3.7099161412856194, 6.706648396706944, 0.22454015518400716, -2.412462427831894, -2.3396560394658614, -1.269429284880113, 1.2418520091404908, 1.3103023901432314, 1.0070608732086321, 0.6960813755873181, -2.714761800298174, 4.897375909910815, -3.599344323294257, 3.3906664626668683, 0.1667171853540699, 2.5904222340331873, 0.15970438477206372] 
[-0.2120869800128169, 0.5632167841711198, -1.0076492829025554, -3.640890380894275, 6.6376226363156, 0.1555143947926627, -2.4814881882232385, -2.408681799857206, -1.2004035244887685, 1.3108777695318352, 1.2574115868121913, 0.9409967466960193, 0.6591078878237995, -2.6314950182835837, 5.022823380927293, -3.6949490762903476, 3.2864527925722378, 0.05675246325184666, 2.6289190213179294, 0.09893597890505518] 
[-0.24266664076796118, 0.593796444926264, -0.9770696221474111, -3.6103107201391307, 6.668202297070744, 0.186094055547807, -2.5120678489783828, -2.3781021391020616, -1.2309831852439128, 1.280298108776691, 1.2184860667707607, 0.9878869997181186, 0.6927797409307168, -2.6473840307335292, 4.9959392081025165, -3.7198795275579335, 3.3077464698447696, 0.02977480818261469, 2.5976314260938613, 0.12394462980143389] 
[-0.09410320487695856, 0.7423598808172667, -1.1256330580384137, -3.461747284248128, 6.519638861179741, 0.037530619656804376, -2.6606312848693854, -2.229538703211059, -1.0824197493529102, 1.1317346728856883, 0.9993492176724935, 1.342243414384709, 1.2264312859709192, -2.1947443004640625, 4.897778880257584, -3.550974552401329, 3.394185889730348, -0.0628410877433132, 2.704006837521666, -0.003865826539637185] 
[-0.28758932388022274, 0.9358459998205308, -0.9321469390351496, -3.268261165244864, 6.7131249801830055, 0.23101673866006855, -2.467145165866121, -2.423024822214323, -0.888933630349646, 1.3252207918889525, 0.8070509593556876, 1.3250877207659844, 1.788915981549081, -1.602330607626553, 5.2306167336646325, -3.8268716206828115, 3.655649265737064, 0.14584236986294064, 2.525263675809759, -0.23842500116442905] 
[-0.11818047325665049, 1.105254850444103, -0.7627380884115773, -3.0988523146212916, 6.882533830806578, 0.061607888036496306, -2.6365540164896935, -2.5924336728378954, -1.0583424809732183, 1.4946296425125247, 0.9566887533383569, 1.442605855581253, 1.7308656487012424, -1.4810933642058, 4.927523204827341, -3.4741100857791953, 3.2781886900314703, -0.18351505796782885, 2.564668678068228, -0.4022350071796198] 
[-0.4459741616479711, 0.7774611620527825, -0.4349444000202567, -3.4266460030126122, 7.210327519197898, -0.2661858003548243, -2.964347704881014, -2.2646399844465748, -1.3861361693645389, 1.8224233309038453, 1.2383775546226135, 2.313682845119036, 2.6009970405913125, -1.5342179103878624, 4.72979154655051, -3.7029143752938305, 3.5532714033149726, -0.336193418173344, 2.84060612373705, -0.7144196769203688] 
[-0.11103541641736925, 0.44252241682218063, -0.7698831452508585, -3.761584748243214, 6.8753887739672965, 0.06875294487577754, -3.299286450111616, -1.929701239215973, -1.051197424133937, 1.4874845856732435, 1.1913336074491176, 1.3771729789226583, 1.5276534462199851, -2.2313633418651673, 4.384233918530081, -3.8326441458006317, 3.2269397305262735, -0.07176176363093156, 2.5886608282913808, -1.0099252070059774] 
[0.07046900527446809, 0.624026838514018, -0.9513875669426959, -3.5800803265513768, 6.693884352275459, 0.2502573665676149, -3.4807908718034533, -2.1112056609078103, -1.2327018458257744, 1.3059801639814062, 1.4076245002725036, 1.029773122514822, 1.055618923309413, -2.5915195189818214, 4.566242546308131, -4.108811000311259, 3.443146371162035, -0.4198606775634326, 2.251723435628222, -0.8369694268466954] 
[0.10283564629281017, 0.5916601974956759, -0.9190209259243538, -3.5477136855330347, 6.726250993293801, 0.2178907255492728, -3.448424230785111, -2.1435723019261523, -1.2003352048074323, 1.3383468049997482, 1.4355090900481722, 0.9513340482448217, 0.9147543874289393, -2.728510668087821, 4.47618690249331, -4.03248573455803, 3.3851444499604457, -0.36383282425710395, 2.304074238713017, -0.7979524298695537] 
[-0.37413112374669666, 1.0686269675351827, -0.442054155884847, -4.0246804555725415, 6.2492842232542944, -0.259076044490234, -2.9714574607456044, -2.620539071965659, -0.7233684347679255, 1.815313575039255, 1.056772459839289, 2.1042042472487816, 3.0190511934606983, -0.6840442556050017, 5.824398263104479, -5.1471600213380055, 4.0258429808258125, -0.08981967852229966, 1.9573990824412197, -0.36133132445718574] 
[-0.28819170533210325, 1.1545663859497761, -0.5279935742994404, -3.938741037157948, 6.163344804839701, -0.34501546290482743, -3.0573968791601978, -2.7064784903802526, -0.637429016353332, 1.9012529934538485, 0.9678379811691376, 2.1212305275197263, 2.9043934853404094, -0.9998285256616253, 5.516589214498392, -5.216606029523127, 4.116572334461542, 0.06738240091368139, 2.1161593903935194, -0.4693346893725379] 
[0.03405074590522972, 0.8323239347124431, -0.8502360255367734, -4.260983488395281, 6.485587256077034, -0.02277301166749446, -2.735154427922865, -3.0287209416175855, -0.959671467590665, 2.2234954446911814, 1.4615613948460062, 0.6289762959693661, 1.4346904807335144, -1.1199871097579877, 5.136458378695245, -5.015235990035883, 3.8446375023013024, -0.17047255609654516, 2.4239838666688196, -0.8454809203209697] 
[0.09676715379592693, 0.7696075268217459, -0.7875196176460761, -4.198267080504584, 6.422870848186337, 0.039943396223202754, -2.6724380200321676, -3.0914373495082828, -0.8969550596999678, 2.160779036800484, 1.3977254298812816, 0.5801239013349878, 1.4661212202823235, -1.1538090305887838, 5.174214698063539, -4.9549028834230935, 3.889870472454471, -0.21813876771924987, 2.3782676353620364, -0.8856024274389807] 
[-0.15689122727456706, 1.02326590789224, -1.0411779987165701, -3.94460869943409, 6.169212467115843, -0.21371498484729123, -2.9260964011026616, -2.8377789684377888, -1.1506134407704618, 1.9071206557299902, 1.171398204478215, 0.9740115825332609, 1.7851994211371012, -1.6615615450035688, 4.625321449793921, -5.154910761864494, 3.4334710057808153, -0.6831074794638277, 2.185415130527087, -1.0555243367289318] 
[-0.16714202760077868, 1.0130151075660283, -1.0514287990427817, -3.9548594997603015, 6.179463267442054, -0.20346418452107962, -2.936347201428873, -2.827528168111577, -1.1403626404442502, 1.8968698554037786, 1.161369093031743, 0.9712861169605947, 1.8009476716282233, -1.6402217725343555, 4.642421509310979, -5.166010695984048, 3.42293333756796, -0.6730874593131323, 2.201104650089074, -1.0702860820530566] 
[-0.39436638500455246, 0.7857907501622545, -0.824204441639008, -3.7276351423565277, 6.406687624845828, 0.023760172882694164, -3.163571558832647, -3.054752525515351, -1.367586997848024, 1.6696454980000048, 0.9716464460028613, 0.5454098957167008, 1.2823050016806028, -2.0031137647242723, 4.720736847110485, -5.435153842280991, 3.18215439809846, -0.46553500614393617, 2.4074264959899936, -0.9001856575266276] 
[-0.5264357244827913, 0.9178600896404934, -0.9562737811172468, -3.595565802878289, 6.538756964324067, -0.10830916659554468, -3.031502219354408, -2.922683186037112, -1.4996563373262628, 1.537576158521766, 1.01460535215273, 0.8735281826055854, 1.7506212531736598, -1.5618969104415865, 5.007040205081349, -5.335452350327361, 3.3090889882655903, -0.3383128255727884, 2.289204658973436, -1.0208710112373283] 
[-0.3843037181737614, 1.0599920959495233, -1.0984057874262767, -3.453433796569259, 6.396624958015037, 0.03382283971348521, -3.173634225663438, -2.780551179728082, -1.357524331017233, 1.6797081648307959, 0.9266581834620014, 0.6960196508669936, 1.5934787361394143, -1.4379862719446301, 5.219109042165838, -5.510886671659007, 3.449497511243132, -0.18342784422110112, 2.1447014102330675, -1.1676761650438536] 
[0.08507455881064985, 0.590613818965112, -0.6290275104418654, -3.9228120735536702, 6.866003234999448, 0.5032011166978965, -3.6430125026478493, -2.311172902743671, -1.8269026080016442, 1.2103298878463846, 1.3790269910159005, 0.788821804841225, 0.7954428988441895, -2.313608008779354, 4.674193901024598, -5.937334432254516, 3.9183071478329197, 0.3136589715621503, 2.703394506030389, -1.6925801616689808] 
[0.3020802426724458, 0.37360813510331603, -0.4120218265800695, -3.7058063896918743, 6.6489975511376525, 0.2861954328361005, -3.8600181865096452, -2.094167218881875, -2.04390829186344, 1.4273355717081806, 1.1288031898036774, 0.3181611404218725, 0.26944066838837055, -2.5955445919030686, 4.9215559103755515, -6.417483804779395, 4.423765825092876, -0.10503606131271537, 3.05778004302779, -1.3940068511455856] 
[0.6270756402031097, 0.6986035326339799, -0.08702642904940561, -4.030801787222538, 6.973992948668316, 0.6111908303667644, -3.5350227889789814, -2.419162616412539, -1.7189128943327763, 1.7523309692388445, 0.8489768664955889, 0.48123590570196995, 0.005062602303142094, -2.568408693449593, 4.452637471355158, -5.878328458834995, 4.0298150089771925, -0.22560397144362687, 2.7881890911763554, -1.086159382907701] 
[0.19821612279607947, 0.2697440152269497, -0.5158859464564358, -3.601942269815508, 7.4028524660753465, 0.18233131295973415, -3.9638823063860116, -1.9903030990055086, -1.290053376925746, 1.3234714518318142, 2.0209781555616106, 2.135157674569602, 1.3513126732018013, -1.15402231729547, 6.010797612554187, -6.748129771172012, 3.8552411644599816, 0.2032917752976663, 3.244023952427349, -1.5760815166501412] 
[-0.15708241742948914, -0.08555452499861893, -0.1605874062308672, -3.9572408100410765, 7.758151006300915, 0.5376298531853028, -3.608583766160443, -2.3456016392310772, -1.6453519171513147, 1.6787699920573829, 2.453408618560349, 2.5415432018559003, 1.2149593828333418, -0.8568457813798884, 6.010562505537664, -7.132785390609979, 4.404382316394693, -0.38666862640724076, 2.8172528512375363, -1.2616720040485743] 
[-0.1503980853129434, -0.0788701928820732, -0.16727173834741293, -3.950556477924531, 7.751466674184369, 0.530945521068757, -3.6018994340438972, -2.352285971347623, -1.638667585034769, 1.6720856599408371, 2.461254940379347, 2.5340881001807314, 1.2095316351499255, -0.8510259501236357, 6.006610208844596, -7.136764483378272, 4.395487423919288, -0.377853499258484, 2.8230484663377164, -1.2554233849742753] 
[0.0685810733319343, -0.2978493515269509, 0.05170742029746478, -3.731577319279653, 7.532487515539492, 0.7499246797136347, -3.820878592688775, -2.5712651299925007, -1.4196884263898912, 1.4531065012959594, 2.2058497483360022, 2.7779591451262733, 1.382121768104128, -1.0924352721588995, 5.428597516947616, -6.560156543458963, 4.063985729928931, -0.060019938700495934, 2.6048185826768697, -1.4588960033175993] 
[0.3492079807339259, -0.017222444124959324, 0.33233432769945637, -3.4509504118776615, 7.2518606081375, 0.46929777231164316, -3.5402516852867834, -2.290638222590509, -1.7003153337918828, 1.733733408697951, 2.4620413881045464, 2.4049588925149643, 1.7554546536080646, -0.6941210645182161, 6.186247534922229, -7.265832033947416, 3.992198346203032, -0.2941476824245295, 2.9008867585200004, -1.1493409771367138] 
[-0.01825384859039758, -0.3846842734492828, -0.03512750162486711, -3.083488582553338, 7.619322437461824, 0.8367596016359666, -3.907713514611107, -1.9231763932661856, -1.3328535044675593, 2.1011952380222745, 1.9001128938647196, 1.836514039075233, 2.3271862364422673, -1.3235502551646863, 5.668946819057617, -7.198358334841671, 3.6840213449270114, -0.6236726099488998, 3.262943810212303, -0.8202747277265745] 
[-0.010392390601513313, -0.37682281546039853, -0.02726604363598284, -3.0756271245644538, 7.627183895450708, 0.8288981436470824, -3.8998520566222226, -1.9153149352773013, -1.3407149624564436, 2.09333378003339, 1.9078784376396873, 1.8421831090469014, 2.332682649507341, -1.33091362301671, 5.645272174063013, -7.1738930754268955, 3.6743310876739526, -0.6312504455986233, 3.254978937195517, -0.8267847411892292] 
[0.1257913512968507, -0.2406390735620345, 0.10891769826238118, -3.2118108664628178, 7.763367637349072, 0.6927144017487183, -3.7636683147238585, -1.7791311933789373, -1.2045312205580796, 1.9571500381350262, 1.7737483370104363, 1.6296583913261162, 2.543761149112705, -1.460358017621747, 5.550772235449025, -7.2344238386777695, 3.5615681713916723, -0.7340731033328769, 3.3554950736538443, -0.707097639930846] 
[0.5680050495049933, 0.2015746246461081, -0.3332959999457614, -2.769597168254675, 8.205581335557214, 1.134928099956861, -3.321454616515716, -1.3369174951707947, -1.6467449187662222, 1.5149363399268836, 2.293333094851374, 2.2646549237244313, 1.9928994016996207, -1.845895665875303, 5.3391986109026535, -7.539306105569503, 4.081334343945912, -1.4158707500541095, 2.683402655492627, -0.21597760034579716] 
[0.23507484608955664, -0.13135557876932857, -0.6662262033611981, -2.4366669648392385, 7.872651132141778, 0.8019978965414243, -3.6543848199311526, -1.003987291755358, -1.9796751221816589, 1.8478665433423203, 2.020803794519274, 2.3792547540002786, 1.5245754912254355, -2.360512851669645, 4.985498744213675, -7.647916852170965, 4.3864247249769095, -1.1004296237349132, 2.9977734576416917, -0.552963709027646] 
[0.29174572206713023, -0.07468470279175499, -0.7228970793387717, -2.493337840816812, 7.929322008119351, 0.7453270205638507, -3.711055695908726, -0.9473164157777845, -2.0363459981592325, 1.9045374193198938, 1.9459449962947497, 2.3004882204291746, 1.57261000068173, -2.395921005164569, 4.864207783230509, -7.5265057403425555, 4.4309419316033, -1.1745369971163542, 3.0853310215278906, -0.4844929285716285] 
[0.271368012739746, -0.054306993464370734, -0.7432747886661559, -2.472960131489428, 7.949699717446736, 0.7249493112364664, -3.7314334052361104, -0.9269387064504002, -2.015968288831848, 1.924915128647278, 1.9610319388972408, 2.2820421061797354, 1.6173147646236967, -2.3515414447906977, 4.878652577520737, -7.513759585256966, 4.449690836104589, -1.1839464376375128, 3.0637277147223627, -0.508562794981857] 
[0.22314608005101633, -0.006085060775641082, -0.6950528559774263, -2.5211820641781575, 7.997921650135465, 0.7731712439251961, -3.683211472547381, -0.9751606391391299, -2.064190221520578, 1.8766931959585484, 1.9241702167763797, 2.324485674953539, 1.5111418793631644, -2.457758374976481, 4.839644588090458, -7.537443627745844, 4.48256573277101, -1.2403606061368355, 3.121059769941439, -0.5460137794297497] 
[-0.04095199863929366, 0.2580130179146689, -0.4309547772871163, -2.2570839854878475, 7.733823571445155, 1.037269322615506, -3.419113393857071, -1.2392587178294399, -1.8000921428302679, 1.6125951172682385, 2.1409709522186513, 2.1107555455330553, 0.9864961311615, -2.959655476056287, 5.395107779094066, -8.09880209380724, 4.748779779580511, -0.9973407755809611, 3.347837020413856, -0.24817039995774748] 
[-0.1262550337176549, 0.34331605299303014, -0.34565174220875505, -2.3423870205662087, 7.8191266065235165, 1.1225723576938673, -3.504416428935432, -1.1539556827510786, -1.885395177908629, 1.5272920821898772, 2.0512908275071, 2.2213289485443455, 1.0802656269613915, -3.0266471985133787, 5.462626461357082, -8.025574943055602, 4.652807059081176, -1.07233273721828, 3.2768918311111643, -0.33441313507659143] 
[0.14376192568476398, 0.07329909359061126, -0.6156687016111739, -2.6124039799686276, 8.089143565925935, 0.8525553982914484, -3.774433388337851, -0.8839387233486597, -1.6153782185062102, 1.797309041592296, 2.3040324172432505, 2.367024566861056, 0.7799510335580158, -3.368611078468188, 5.681316704958099, -7.829002047963206, 4.9048873662445445, -1.2676835798537933, 3.05396525331711, -0.060663500126045655] 
[0.3760375995537224, -0.15897658027834716, -0.3833930277422155, -2.380128306099669, 8.321419239794894, 1.0848310721604069, -4.006709062206809, -0.6516630494797013, -1.8476538923751686, 1.5650333677233377, 2.5055130188375108, 2.1514973768905112, 0.5764771521853396, -3.2850294014573995, 5.186337005365718, -7.338917042113835, 4.794438769044314, -1.0549736796697058, 2.7771304187954344, -0.33232376610738046] 
[0.22744933446142568, -0.010388315186050434, -0.23480476264991879, -2.528716571191966, 8.172830974702597, 0.9362428070681101, -4.155297327299106, -0.800251314571998, -1.699065627282872, 1.7136216328156344, 2.7333018097224526, 2.3699171811228283, 0.6699641524741563, -3.3795681761999927, 5.287108935519228, -7.270801851820005, 4.600712505536611, -1.276933071374612, 2.950241298247237, -0.48167501414212793] 
[0.33114863873046474, -0.1140876194550895, -0.33850406691895785, -2.632415875461005, 8.276530278971636, 1.0399421113371492, -4.051598023030067, -0.696552010302959, -1.802764931551911, 1.8173209370846735, 2.5992253641673297, 2.235195740726089, 0.7502688945777386, -3.5094720173098057, 5.0505427414879875, -7.031735361467837, 4.798745910230576, -1.098821736544174, 2.84709792159157, -0.388117718781332] 
[0.12488343782094802, -0.3203528203646062, -0.13223886600944113, -2.4261506745514883, 8.07026507806212, 0.8336769104276325, -3.8453328221205503, -0.49028680939344227, -2.0090301324614277, 1.6110557361751567, 2.286691248864153, 1.9062059365367392, 0.9646654394332311, -3.597216733753155, 5.351567342724344, -7.307809201234195, 5.036273125377914, -0.8014163130512633, 2.644772245288215, -0.21871131510511724] 
[0.18108597093861079, -0.26415028724694345, -0.1884413991271039, -2.3699481414338255, 8.126467611179782, 0.8898794435452952, -3.901535355238213, -0.4340842762757795, -1.952827599343765, 1.6672582692928195, 2.3537522634618155, 1.998054121291158, 0.8751734462551243, -3.648477785324488, 5.447561602744575, -7.402546028097533, 5.110840917365145, -0.7236417671374832, 2.690981151784392, -0.16102308093384624] 
[0.24903498379583056, -0.3320993001041632, -0.25639041198432366, -2.3019991285766057, 8.194416624037002, 0.957828456402515, -3.969484368095433, -0.5020332891329993, -2.0207766122009847, 1.7352072821500393, 2.299422401210585, 2.076392119553356, 0.7965512886034288, -3.578350078437987, 5.514659879903584, -7.370839625507421, 5.064103732557918, -0.6819428482704856, 2.76015491255475, -0.08746541179863677] 
[0.5621005362342366, -0.01903374766575716, 0.056675140454082396, -1.9889335761381997, 8.507482176475408, 1.270894008840921, -4.282549920533839, -0.8150988415714053, -1.7077110597625786, 2.0482728345884453, 2.0831505660063296, 2.4918126425005602, 0.2967944747858369, -3.951406749298046, 5.597902564210368, -6.983856648377824, 5.627389272518313, -0.2007475873726447, 3.050384199101216, 0.2630957489352606] 
[0.9131900952521939, 0.3320558113522001, 0.40776469947203964, -2.340023135156157, 8.858571735493365, 0.9198044498229638, -4.633639479551796, -1.1661884005893626, -1.3566215007446214, 1.697183275570488, 2.8308886661115564, 3.236177870689452, 0.6183555803137872, -3.1878146066836277, 6.354885317705634, -6.798327621508146, 5.241256413009769, -0.6348520010024881, 3.3378524006539547, 0.0017541201341755297] 
[0.6433894830363158, 0.6018564235680781, 0.1379640872561616, -2.070222522940279, 8.588771123277487, 0.6500038376070858, -4.363838867335918, -1.4359890128052406, -1.0868208885287434, 1.9669838877863661, 1.7653893242595045, 2.1727274126293747, 0.637937988555284, -2.974225474218136, 6.26307161073993, -7.059704521242029, 5.007673998595039, -0.4245044853028031, 3.0837693902730314, 0.2592349596284413] 
[0.3284481244488795, 0.2869150649806418, -0.17697727133127472, -1.7552811643528425, 8.903712481864924, 0.3350624790196495, -4.048897508748482, -1.1210476542178043, -1.4017622471161797, 2.2819252463738025, 1.1588674256620997, 1.5830777979697928, 0.6941384101195595, -3.0814018109491728, 6.62470813464428, -7.445634254457922, 5.233641013226356, -0.7774762858316926, 2.6979720801073874, -0.07341783146121378] 
[0.2989786487790518, 0.3163845406504695, -0.147507795661447, -1.7258116886830148, 8.933181957534751, 0.30559300334982176, -4.0783669844183095, -1.150517129887632, -1.4312317227860074, 2.2524557707039747, 1.1122232644042354, 1.5275660175554808, 0.650103889567076, -3.07906224534626, 6.594007194014888, -7.408586605104133, 5.261712953880521, -0.8019137894738844, 2.6545853095365537, -0.1150228312999729] 
[0.4353632526522837, 0.45276914452370143, -0.28389239953467893, -1.589427084809783, 9.069566561407983, 0.16920839947658983, -4.214751588291541, -1.286901733760864, -1.2948471189127755, 2.116071166830743, 1.322788707434614, 1.7925685144977572, 0.8870133287258515, -2.0316925981822784, 7.645455089732404, -7.591326445819444, 5.431797162769526, -0.6028257928561351, 2.7793112332135905, -0.2196542564047883] 
[0.13505123954783116, 0.15245713141924888, 0.016419613569773617, -1.8897390979142354, 9.369878574512436, -0.13110361362786271, -3.914439575187089, -1.5872137468653165, -1.595159132017228, 1.8157591537262903, 1.1857267788158086, 2.2230293208770178, 1.3653266998564528, 0.9718480243270173, 10.646921987575329, -7.32585749922219, 5.223836100127629, -0.30463880325140974, 3.166392091271243, 0.13476267615981957] 
[0.22931422808866841, 0.24672011996008614, 0.11068260211061087, -1.9840020864550727, 9.275615585971599, -0.03684062508702546, -4.008702563727926, -1.6814767354061537, -1.6894221205580653, 1.721496165185453, 1.270430208147669, 2.151195803362828, 1.4394785558506877, 2.7999946751747453, 12.476293782573945, -7.443646686647813, 5.1416600751412, -0.3996341123056749, 3.261937925781999, 0.22864537349056038] 
[0.1883814686314409, 0.28765287941731366, 0.1516153615678384, -1.9430693269978452, 9.234682826514371, 0.004092134370202061, -4.049635323185154, -1.7224094948633812, -1.7303548800152928, 1.7624289246426805, 1.3058876813677318, 2.126356294979079, 1.47449681566565, 2.800995140897926, 12.433604089049691, -7.399083070037157, 5.095615942311661, -0.35137929223109804, 3.216646389067394, 0.2703239040468406] 
[0.37166063911743663, 0.10437370893131792, -0.03166380891815734, -2.126348497483841, 9.051403656028375, 0.1873713048561978, -3.866356152699158, -1.5391303243773855, -1.547075709529297, 1.9457080951286763, 1.5280491935987153, 2.3428807838441705, 1.450360258555563, 0.9123412069469057, 10.546200821712459, -7.452235622023881, 5.261298414669004, -0.2046842932442233, 3.391095302554933, 0.08209027545565492] 
[0.4175975670647851, 0.05843678098396943, 0.01427311902919115, -2.0804115695364924, 9.005466728081027, 0.2333082328035463, -3.9122930806465064, -1.585067252324734, -1.5930126374766456, 1.8997711671813278, 1.4963118173686767, 2.382194372651118, 1.5002433580507621, 0.9202820803609346, 10.497098015568728, -7.4022675545843875, 5.220867947366819, -0.2522948417320354, 3.34377458847877, 0.03560487262889081] 
[0.6358448213268844, 0.27668403524606866, 0.23252037329129038, -1.8621643152743932, 9.223713982343126, 0.4515554870656455, -3.694045826384407, -1.3668199980626348, -1.3747653832145463, 1.6815239129192285, 1.346648071438267, 2.5515893343137916, 1.720227245473498, 1.9713033345562638, 11.54360226862703, -7.352342874415154, 5.444621970701901, -0.03965172975816933, 3.559643800307663, -0.18363737824628656] 
[0.6207987931798904, 0.2616380070990747, 0.21747434514429642, -1.8772103434213872, 9.208667954196132, 0.43650945891865156, -3.709091854531401, -1.3517739699156408, -1.3597193550675524, 1.6664778847722346, 1.352751480518682, 2.5359354341131217, 1.7010818902164893, 1.983104589520022, 11.53871461372697, -7.340338002330403, 5.435573240362727, -0.022631807910932257, 3.577131367884637, -0.19829946681990163] 
[0.7118651394778972, 0.1705716608010679, 0.12640799884628962, -1.7861439971233803, 9.117601607898125, 0.5275758052166584, -3.6180255082333943, -1.260707623617634, -1.2686530087695456, 1.5754115384742278, 1.5842089244796738, 2.785791030689423, 1.8409536686126744, 2.0232836398949003, 11.49242256807367, -7.480897893007548, 5.285645508825623, -0.11632414730462182, 3.6539203855787825, -0.10567454534630603] 
[0.5463642961751702, 0.33607250410379486, 0.2919088421490166, -1.6206431538206534, 9.283102451200852, 0.3620749619139314, -3.7835263515361213, -1.426208466920361, -1.1031521654668186, 1.4099106951715008, 1.5175305436564608, 2.939297575805292, 2.08355651663481, -0.14367567748446897, 9.332716053537737, -7.61545127406997, 5.075478890053973, -0.011188650596456184, 3.5151167611300487, 0.05963967640689795] 
[0.4085180559617463, 0.1982262638903709, 0.42975508236244053, -1.7584893940340773, 9.420948691414276, 0.22422872170050745, -3.6456801113226973, -1.288362226706937, -1.2409984056802426, 1.2720644549580769, 1.8355880436754983, 3.306687845959667, 2.356044227866789, -2.766181521080427, 6.712682361099318, -7.786357683883949, 4.896393393866978, 0.07262707075018365, 3.404329431020806, 0.19976847850714086] 
[0.17593120459527611, -0.03436058747609927, 0.19716823099597036, -1.9910762454005475, 9.188361840047806, -0.008358129665962721, -3.8782669626891675, -1.5209490780734072, -1.0084115543137724, 1.504651306324547, 1.4675291492579463, 2.958851462791024, 2.5270729902901796, -2.7083039009967744, 6.53165670760293, -7.6011081443504445, 4.6526107017518825, -0.2874953803718889, 3.0535069534886548, 0.4595797500510413] 
[-0.041287506376448846, 0.1828581234956257, -0.020050479975754598, -1.7738575344288225, 9.405580551019531, 0.20886058130576224, -3.6610482517174425, -1.7381677890451321, -1.2256302652854973, 1.721870017296272, 1.7295328705250186, 3.2148803146165053, 2.738721507308385, -2.744881419767034, 6.259489393637097, -7.359253288236231, 4.8806935765401285, 0.08054825736933763, 3.41651152460643, 0.24134965295391886] 
[0.04713538351787605, 0.2712810133899506, -0.1084733698700795, -1.6854346445344977, 9.494003440913856, 0.29728347120008713, -3.7494711416117674, -1.826590678939457, -1.1372073753911724, 1.8102929071905969, 1.822501604063413, 3.1028795894239503, 2.6296957356710378, -2.809780020244895, 6.283959148356577, -7.250347923350476, 4.995024591456078, 0.002558235322580815, 3.484471242073555, 0.1513233791805737] 
[-0.08186063063578075, 0.4002770275436074, 0.020522644283577307, -1.5564386303808408, 9.622999455067513, 0.42627948535374394, -3.6204751274581106, -1.6975946647858002, -1.0082113612375156, 1.68129689303694, 1.697833495747031, 3.1982189274856894, 2.524479932538967, -2.942974122187091, 6.280972256094482, -7.350257170308001, 5.116377282784056, -0.11557843739025175, 3.5672711406936983, 0.2758097391698522] 
[-0.09049021595032158, 0.4089066128581482, 0.02915222959811814, -1.5650682156953817, 9.614369869752972, 0.4176499000392031, -3.6291047127726515, -1.6889650794712594, -0.9995817759229748, 1.689926478351481, 1.690219468119296, 3.18473311358759, 2.510496434449955, -3.37619533723999, 5.8477683736815536, -7.36211530544369, 5.104304196574896, -0.13108855084306265, 3.5512543676708903, 0.28462825968158095] 
[-0.07430692863813704, 0.42508990017033277, 0.04533551691030269, -1.5488849283831971, 9.630553157065156, 0.43383318735138765, -3.645288000084836, -1.705148366783444, -1.0157650632351594, 1.6737431910392964, 1.6716640227931274, 3.213342083631276, 2.538002291391905, -3.3839213831311103, 5.856379432826837, -7.3743053356675015, 5.115674800179687, -0.12073668934486345, 3.5401705694028176, 0.26857561847844746] 
[0.10648321524340076, 0.24429975628879497, -0.13545462697123511, -1.3680947845016593, 9.811343300946694, 0.25304304346984985, -3.464497856203298, -1.5243582229019061, -0.8349749193536216, 1.8545333349208342, 1.861923505812759, 3.0733282569237392, 2.6685727557860917, 4.690477278304773, 13.930220518391828, -7.131915492193536, 5.377608661272394, -0.014901157268331605, 3.4098829593840696, 0.08930968679582185] 
[-0.3663058359229794, -0.22848929487758518, -0.6082436781376153, -1.8408838356680395, 9.338554249780314, -0.2197460076965303, -2.991708805036918, -1.051569171735526, -1.3077639705200017, 2.3273223860872143, 2.275323259612135, 2.4974390669234188, 2.05703219266432, 4.747904910597797, 14.502102137584387, -7.77791491934383, 4.781011947528581, 1.2643152247433722, 4.691589097926194, -0.37113235061954225] 
[-0.193755771459994, -0.40103935934057056, -0.7807937426006006, -1.668333771205054, 9.166004185317329, -0.047195943233544924, -2.8191587405739327, -1.2241192361985114, -1.1352139060570163, 2.154772321624229, 2.3874415174306467, 2.670665652681464, 1.8277619467532913, 4.568403403767134, 14.53648936892443, -7.924087845174276, 4.654586359459661, 1.0605405447503935, 4.510742061906541, -0.25805983247285585] 
[-0.2991502456872368, -0.29564488511332776, -0.6753992683733578, -1.773728245432297, 9.060609711090086, -0.15259041746078772, -2.71376426634669, -1.3295137104257542, -1.2406083802842591, 2.2601667958514717, 2.5243004501471704, 2.4931694435774556, 2.003572758816939, 4.918884913869533, 14.878864485390595, -7.821553862325697, 4.523696651896031, 1.2563618335030313, 4.71359259385626, -0.11821307164969305] 
[-0.04390879317436358, -0.550886337626201, -0.9306407208862311, -2.02896969794517, 9.315851163602959, 0.1026510350520855, -2.969005718859563, -1.5847551629386274, -0.9853669277713859, 2.515408248364345, 2.693661047311875, 2.797795507674654, 1.556566407744113, 3.877131315646012, 13.853217360886676, -7.451287959647545, 4.196718437864492, 1.5001446175781075, 4.561741524951353, 0.11519622202640098] 
[-0.16990991155831026, -0.4248852192422543, -0.8046396025022844, -1.9029685795612235, 9.441852281986906, 0.22865215343603218, -3.09500683724351, -1.4587540445546807, -0.8593658093874392, 2.3894071299803983, 2.82747149942058, 2.5889950717494865, 1.8056197366737468, 4.068462913962433, 13.834538526759857, -7.564828741523797, 4.311983798402869, 1.7761327741072783, 4.836798400363874, 0.23860447689425013] 
[-0.18653428328027744, -0.40826084752028713, -0.8212639742242516, -1.8863442078392563, 9.425227910264939, 0.24527652515799936, -3.111631208965477, -1.475378416276648, -0.842741437665472, 2.372782758258431, 2.8140475101867337, 2.5682212967867235, 1.8276908094965167, 4.066569600203173, 13.849806071888333, -7.586220185664683, 4.290560817773892, 1.7674336514972935, 4.848858830577173, 0.25597464060147684] 
[-0.28019204855779734, -0.31460308224276723, -0.7276062089467317, -1.7926864425617364, 9.518885675542458, 0.15161875988047946, -3.017973443687957, -1.381720650999128, -0.7490836723879521, 2.279124992980911, 2.6913895176536355, 2.738597981202022, 1.6175978823277104, 3.725318731413157, 13.535151070939746, -7.462394743312261, 4.415028722701686, 1.4944595106378071, 4.578547424756458, 0.3358152554854919] 
[-0.13855190595958078, -0.17296293964455067, -0.5859660663485151, -1.934326585159953, 9.660525818140675, 0.009978617282262903, -3.1596135862861736, -1.2400805084009114, -0.6074435297897356, 2.1374848503826946, 2.8954862962811982, 2.501090854625448, 1.8076127178720323, 3.693935767082445, 13.650713592464465, -7.624678290716121, 4.260857600689059, 0.9843882905570831, 4.057425382697522, 0.150783875871635] 
[-0.1024329570471103, -0.20908188855702114, -0.5498471174360446, -1.9704455340724234, 9.696644767053145, 0.046097566194733375, -3.123494637373703, -1.203961559488441, -0.5713245808772651, 2.101365901470224, 2.8537253228303685, 2.5425615885771675, 1.809934448456852, 3.5498599613879414, 13.50754366415689, -7.600095841739746, 4.297292639807353, 0.9976538879418749, 4.027719140618653, 0.11170920195257728] 
[0.09354046072409261, -0.013108470785818227, -0.7458205352072476, -2.1664189518436263, 9.892618184824348, -0.14987585157646954, -3.319468055144906, -1.007988141717238, -0.767297998648468, 1.9053924836990213, 2.6394742037983465, 2.72528922043964, 2.0069156882574064, 3.7166568595472724, 13.41719459386334, -7.797169574073971, 4.484976180835952, 0.9272410953646417, 4.1892005679234305, 0.32353061316265236] 
[-0.3962901201940596, 0.476722110132334, -1.2356511161253998, -2.6562495327617786, 9.402787603906196, -0.6397064324946218, -2.829637474226754, -1.4978187226353903, -1.2571285795666203, 1.415561902780869, 3.0875667032441028, 2.278395955549321, 1.8934996251921496, 4.694238956161662, 14.395485266731223, -7.965381077675929, 3.8988045395549213, -0.3411606383251995, 2.9810961259335453, 0.6664152549028863] 
[-0.5730013691448015, 0.30001086118159215, -1.058939867174658, -2.4795382838110367, 9.226076354955454, -0.4629951835438799, -3.0063487231774957, -1.6745299715861321, -1.4338398285173621, 1.2388506538301272, 3.4048653246844607, 1.8684739461518822, 1.0000769946880599, 3.8054413278921304, 14.075963414656748, -7.550884272984748, 3.4889531679925017, -0.4691804854819429, 3.1222245840542437, 0.4881906654816889] 
[-0.29575165421900707, 0.022761146255797726, -0.7816901522488635, -2.756787998736831, 8.94882664002966, -0.1857454686180855, -3.28359843810329, -1.3972802566603377, -1.1565901135915677, 1.5161003687559216, 3.1355074091062707, 1.853237050867812, 2.0072419494148015, 4.919363221431851, 14.668957579978905, -7.4571700911905605, 3.7215960461044792, -0.7853533860509885, 2.8113529263672277, 0.755048417192757] 
[-0.17058851316774692, -0.10240199479546241, -0.6565270111976034, -2.8819511397880913, 8.8236634989784, -0.060582327566825356, -3.4087615791545502, -1.2721171156090776, -1.0314269725403076, 1.3909372277046614, 2.958168963430411, 2.0322976779531436, 2.1511765677309764, 4.94388052164404, 14.904260593382434, -7.707148016573583, 3.8853219174700486, -0.8710927417958041, 2.9017947195442004, 0.8794301210234601] 
[-0.31653312745024564, 0.043542619487036305, -0.8024716254801021, -3.02789575407059, 8.969608113260898, 0.08536228671567336, -3.2628169648720515, -1.1261725013265789, -0.8854823582578089, 1.2449926134221627, 2.8281626626930922, 1.9379172325209144, 1.7801164600259547, 4.547427736358662, 14.708915340677281, -7.738471966670781, 3.718385149777194, -1.1612668276971685, 2.62449580307979, 0.7460102520270186] 
[-0.2566170628428779, 0.10345868409440406, -0.7425555608727343, -3.0878118186779577, 8.90969204865353, 0.14527835132304112, -3.3227330294794193, -1.066256436719211, -0.8255662936504411, 1.185076548814795, 2.7803510790314125, 1.8989934140783957, 1.9931440477991937, 4.763510625208716, 14.767054801957372, -7.6992281511335525, 3.7792832032921995, -1.199881830144448, 2.656487230592028, 0.8025164958688639] 
[-0.26549225326523995, 0.094583493672042, -0.7336803704503723, -3.0789366282555957, 8.900816858231169, 0.13640316090067905, -3.3316082199017814, -1.057381246296849, -0.8344414840728032, 1.193951739237157, 2.787528803837956, 1.9057173094920288, 1.988534240348913, 4.769125011994367, 14.762269475058721, -7.707233573495102, 3.76750714463583, -1.2220338780489441, 2.635487909056139, 0.7964481102517906] 
[-0.3301701235601193, 0.15926136396692137, -0.6690025001554929, -3.0142587579607163, 8.83613898793629, 0.07172529060579969, -3.266930349606902, -1.1220591165917284, -0.8991193543676825, 1.2586296095320364, 2.735509432814282, 1.8572565879611398, 2.027376511674516, 4.735222640589052, 14.884791059247418, -7.826921374711754, 3.815948705523531, -1.248127643797888, 2.694902266473175, 0.7238138490836827] 
[-0.19377884879042995, 0.29565263873661074, -0.5326112253858035, -3.1506500327304057, 8.972530262705979, 0.20811656537548906, -3.4033216243765914, -1.2584503913614178, -0.7627280795979932, 1.3950208843017258, 2.6176064985352534, 1.7994987657978019, 2.3748537476402, 5.093938661500275, 15.020795154091427, -7.7721134889842185, 3.699709035308877, -0.935509768656074, 3.0229939126806102, 0.5532039810940216] 
[0.042932473270994365, 0.05894131667518643, -0.2958999033243792, -3.38736135479183, 9.209241584767403, -0.028594756685935252, -3.166610302315167, -1.495161713422842, -0.5260167575365688, 1.63173220636315, 2.3145933395617084, 2.1594176764453152, 2.648448695307546, 4.98736328616043, 15.413791897240262, -8.135908539672815, 3.927758579461752, -0.207385427157031, 3.735770386774663, 0.7634524398521001] 
[0.008662580290923927, 0.09321120965525687, -0.33016979630444965, -3.3530914618117595, 9.174971691787333, -0.06286464966600569, -3.2008801952952375, -1.4608918204427717, -0.5602866505166393, 1.5974623133830796, 2.2788528226576736, 2.125093196520913, 2.6746801933647304, 4.9657371003540085, 15.390754843432328, -8.16636897217053, 3.962410471088087, -0.4553306297175188, 3.487831834206509, 0.7971494859152752] 
[-0.08922595651671728, -0.004677327152384336, -0.23228125949680845, -3.2552029250041183, 9.077083154979691, 0.03502388714163551, -3.1029916584875963, -1.3630032836351305, -0.6581751873242805, 1.6953508501907208, 2.3775400584924125, 2.2176973996978417, 2.6049948049355396, 5.029265373393089, 15.455026368724965, -8.077687188834378, 3.85877607411019, -0.5103701032380534, 3.5396112633596526, 0.8951184956074925] 
[-0.1112039679421315, 0.017300684273029887, -0.25425927092222267, -3.233224913578704, 9.099061166405106, 0.057001898567049736, -3.081013647062182, -1.3849812950605447, -0.6801531987496947, 1.717328861616135, 2.3977269674739414, 2.237798062297559, 2.6223235180427102, 5.009335600095917, 15.473489939625072, -8.06118968740615, 3.8820676585952905, -0.607253373613843, 3.4430133729211443, 0.9155821614350296] 
[-0.19766882208254444, 0.10376553841344283, -0.3407241250626356, -3.146760059438291, 9.185526020545518, 0.14346675270746267, -3.167478501202595, -1.4714461492009576, -0.5936883446092818, 1.6308640074757221, 2.300246039193388, 2.3370792669593006, 2.742516246819784, 5.137415568799909, 15.336258026482085, -7.93538996834586, 3.801838947959771, -0.5587601349064858, 3.392052367985054, 0.8282527664266286] 
[-0.4894755920409253, -0.18804123154493801, -0.6325308950210164, -2.8549532894799103, 9.4773327905039, -0.14834001725091817, -2.875671731244214, -1.1796393792425768, -0.8854951145676626, 1.922670777434103, 2.55242745385406, 2.539945225640252, 2.327961713176424, 4.709675926523787, 14.944908694326784, -7.50234128200915, 4.158003283405269, 1.1045101815246956, 5.0543040435138895, 0.5419829384670816] 
[-0.0937307346635734, 0.20770362583241386, -0.23678603764366457, -2.4592084321025585, 9.873077647881251, 0.2474048401264337, -3.271416588621566, -1.5753842366199287, -1.2812399719450145, 2.318415634811455, 1.7236476525532969, 3.477503524777845, 1.1329112457764083, 3.4987917399850392, 14.288780511670048, -7.194213133959275, 4.54365902393008, 0.7635211597626772, 5.218991149942304, 0.16299276846646588] 
[0.07930341538902042, 0.03466947577982005, -0.06375188759107075, -2.6322425821551523, 10.046111797933845, 0.4204389901790275, -3.44445073867416, -1.7484183866725225, -1.1082058218924207, 2.145381484758861, 1.8793192210803171, 3.6670887207766945, 1.2872745365359133, 3.181575383956027, 13.978030427221977, -7.079117244901591, 4.74201910079615, 0.5218655103229359, 4.9770197016605895, 0.33675027564042814] 
[0.08987187665166729, 0.045237937042466925, -0.05318342632842388, -2.6216741208925054, 10.035543336671198, 0.40987052891638065, -3.433882277411513, -1.7589868479351694, -1.1187742831550676, 2.155949946021508, 1.8890856829753375, 3.6569589760225685, 1.27757361374368, 3.2034657555491473, 14.008007735056003, -7.05595290364033, 4.73787559369632, 0.540840999514958, 4.996596524733385, 0.32449946511037187] 
[0.04553837773238101, 0.08957143596175321, -0.008849927409137592, -2.577340621973219, 9.991209837751912, 0.45420402783566693, -3.4782157763307993, -1.8033203468544556, -1.1631077820743538, 2.200283444940794, 1.937968606275174, 3.707700319788792, 1.3225983031665527, 3.168944623856779, 14.027045699903724, -7.080631755060751, 4.772949117617025, 0.5720965433042402, 4.968987514447893, 0.2827322909540703] 
[0.05863288871879391, 0.10266594694816611, 0.004244583577275307, -2.564246110986806, 9.978115326765499, 0.46729853882207983, -3.4651212653443864, -1.8164148578408685, -1.1762022930607667, 2.1871889339543813, 1.924194503057185, 3.692711567591391, 1.3083885270106999, 3.199028072200239, 14.064929330147702, -7.053110216842716, 4.770060757568981, 0.5634867390593606, 4.980760103414037, 0.26817156707444156] 
[-0.0048056773305873435, 0.16610451299754736, -0.059193982472105944, -2.500807544937425, 9.914676760716118, 0.5307371048714611, -3.5285598313937676, -1.7529762917914873, -1.239640859110148, 2.123750367905, 1.9912156201910987, 3.7541716013833306, 1.2508641350238392, 3.304662393830257, 14.1553614168759, -7.109217475059594, 4.692396284114107, 0.4742045100281608, 4.8925017910054125, 0.21618586969139283] 
[0.2490689302869029, 0.4199791206150376, -0.3130685900895962, -2.2469329373199347, 10.168551368333608, 0.27686249725397083, -3.2746852237762774, -1.499101684173997, -0.9857662514926577, 1.8698757602875098, 1.7383664196907147, 3.537818864767646, 1.470939467747296, 3.3454953092434843, 13.731242305569815, -7.698652517063984, 4.214669153495542, 0.13599376013314657, 4.512558112928375, 0.5042490270971505] 
[0.1869950944847325, 0.3579052848128672, -0.2509947542874258, -2.309006773122105, 10.230625204135778, 0.21478866145180042, -3.212611387974107, -1.5611755199761674, -1.0478400872948281, 1.8078019244853394, 1.824921556741578, 3.646585927295445, 1.5433194340500034, 3.171696948648257, 13.503337107974069, -7.8726566526173105, 4.119149709439994, 0.2723389681216509, 4.650202389143467, 0.5687448555666769] 
[0.3853093468291746, 0.1595910324684251, -0.4493090066318679, -2.110692520777663, 10.032310951791336, 0.41310291379624253, -3.014297135629665, -1.7594897723206095, -0.849525834950386, 2.0061161768297815, 1.6784008382403524, 3.9440331963886845, 1.9171600268577254, 3.659404150712559, 13.968632562100755, -7.819965006564089, 4.324958368879908, -0.12239767405205704, 4.255632157695916, 0.7662869504781917] 
[0.373057867931891, 0.17184251136570872, -0.4615604855291515, -2.0984410418803794, 10.020059472894053, 0.4008514348989589, -3.0265486145269485, -1.747238293423326, -0.8372743560531024, 1.9938646979324979, 1.6879918116704704, 3.9368633697449398, 1.9286396169672415, 3.660216936220525, 13.985237569798679, -7.805684696793348, 4.317514207221782, -0.11605310213267207, 4.24670331829311, 0.7790688210499759] 
[0.6215458393286397, -0.07664546003104, -0.7100484569259002, -2.346929013277128, 9.771571501497304, 0.1523634635022102, -2.7780606431301997, -1.9957262648200746, -1.0857623274498511, 2.2423526693292466, 1.3231856097992019, 3.6129443232838905, 2.3184004027957, 4.508703051761217, 14.787534638664752, -7.765926324921219, 4.565800762181224, -0.8147382737534817, 3.552070262621269, 0.5677654141103159] 
[0.36715116957351057, -0.33104012978616915, -0.4556537871707711, -2.6013236830322573, 9.517176831742175, 0.40675813325733934, -2.5236659733750706, -1.7413315950649455, -1.3401569972049803, 1.9879579995741175, 1.1534814079343105, 3.7588157249336076, 2.5301497053101336, 4.430164766314787, 14.943630189818727, -8.013769629371732, 4.339552056560403, -0.392276967396921, 4.057966523232596, 0.19857150986610023] 
[0.22444345661737586, -0.18833241683003443, -0.3129460742146364, -2.744031395988392, 9.37446911878604, 0.549465846213474, -2.6663736863312053, -1.5986238821088108, -1.1974492842488456, 1.8452502866179827, 0.8959584364274706, 3.420594798461644, 2.9269444302970946, 4.883956616793139, 15.312119250464924, -7.778808272603515, 4.543463442808292, -0.5499984065064693, 3.8759286764099343, 0.35346485686720636] 
[0.18392097003751928, -0.228854903409891, -0.35346856079449296, -2.7845538825682485, 9.414991605365897, 0.5899883327933306, -2.706896172911062, -1.5581013955289542, -1.156926797668989, 1.8047278000381262, 0.9492714015782325, 3.4790980797918736, 2.890522320524396, 4.935098567540307, 15.368588762554651, -7.706272651389217, 4.617304911389864, -0.5796006061335526, 3.907140396659991, 0.31272321998565183] 
[-0.15806824966818311, 0.11313431629581139, -0.011479341088790562, -3.126543102273951, 9.073002385660194, 0.931977552499033, -2.3649069532053595, -1.9000906152346566, -0.8149375779632866, 1.4627385803324238, 1.2174801786333778, 3.0648743962888574, 3.464039598428527, 5.393684974389299, 15.171691079381405, -7.014692835110575, 5.307159366514878, -0.33293165633191557, 3.654194159039476, -0.029947489813485828] 
[-0.10335735556771297, 0.058423422195341246, -0.0661902351892607, -3.181253996374421, 9.018291491559724, 0.9866884465995032, -2.4196178473058296, -1.8453797211341865, -0.8696484720637567, 1.4080276862319536, 1.2636941945203655, 3.119200689314219, 3.5254280127814415, 5.4481650906335926, 15.105795249544963, -6.9564980142374875, 5.288457782961149, -0.29794648600346446, 3.6170436936107038, 0.023820595483739646] 
[-0.21986647023872408, 0.17493253686635235, -0.1826993498602718, -3.06474488170341, 9.134800606230735, 1.1031975612705143, -2.3031087326348185, -1.9618888358051976, -0.9861575867347678, 1.5245368009029647, 1.15876549486595, 3.006766637233635, 3.409256188329045, 5.552034426821772, 15.242698322830035, -7.067431598780067, 5.350020336592888, -0.20842088128347272, 3.5460859770773183, 0.13794735998032184] 
[-0.1434321307600186, 0.09849819738764687, -0.10626501038156633, -3.1411792211821155, 9.21123494570944, 1.1796319007492198, -2.379543072113524, -2.038323175283903, -0.9097232472560624, 1.4481024614242592, 1.0988216349770208, 2.9299848576960517, 3.330096643721469, 5.608649855533793, 15.163932380830163, -7.017414081014251, 5.286131281395965, -0.33411174350022255, 3.425624776688341, 0.05974223973468358] 
[-0.23938969423376477, 0.0025406339139006917, -0.2022225738553125, -3.2371367846558616, 9.115277382235695, 1.0836743372754736, -2.47550063558727, -1.9423656118101569, -0.8137656837823162, 1.5440600248980054, 1.0134085671600064, 2.8558573076104405, 3.4301189473577636, 5.715127435024194, 15.070743015485249, -7.051144879498604, 5.369818679654552, -0.2517060143067644, 3.3664058488161652, 0.15312157028471707] 
[-0.30862348808170736, 0.07177442776184328, -0.2714563677032551, -3.167902990807919, 9.184511176083637, 1.1529081311234162, -2.5447344294352128, -2.0115994056580995, -0.8829994776302588, 1.613293818745948, 1.1041267739194334, 2.7652474506705094, 3.4855560590470445, 5.6472158206871566, 15.180403740869568, -7.293406248242914, 5.131876860691782, -0.3315506381589478, 3.3949814320838323, 0.08408938386195813] 
[0.1520128384808288, 0.5324107543243795, 0.18917995885928107, -3.628539317370455, 9.645147502646173, 0.69227180456088, -3.005370755997749, -2.4722357322206356, -1.343635804192795, 1.1526574921834118, 0.450213312280786, 3.4031986385661392, 3.1695812605542293, 6.031241262965736, 14.860872759375352, -8.85296922656778, 3.5931302927407005, 0.35635281321932655, 4.188899520467998, -0.3876662330722309] 
[0.3349050677582426, 0.7153029836017932, 0.006287729581867296, -3.811431546647869, 9.46225527336876, 0.8751640338382938, -2.822478526720335, -2.289343502943222, -1.1607435749153812, 0.9697652629059981, 0.6821073553745165, 3.778782762885793, 3.49919776389559, 6.299175714983152, 14.566000459482524, -8.797965443366197, 3.456944884277384, 0.5120577513970848, 4.073167575234419, -0.24068101698791652] 
[0.3162925316810252, 0.6966904475245759, -0.01232480649535006, -3.7928190105706516, 9.443642737291542, 0.8565514977610764, -2.8410910627975525, -2.2707309668660045, -1.1421310388381638, 0.9511527268287807, 0.658272805767122, 3.7577363028676016, 3.5048159229888665, 6.287963864487493, 14.554038091582163, -8.814210333825411, 3.460504592675839, 0.4877264615599441, 4.051444373705242, -0.22948476189722347] 
[0.18152991728349122, 0.5619278331270419, 0.12243780790218395, -3.6580563961731176, 9.308880122894008, 0.7217888833635424, -2.7063284484000185, -2.4054935812635385, -1.2768936532356978, 1.0859153412263147, 0.4196245597737297, 3.3222709160186894, 3.10506533633686, 6.362640891857645, 14.648228662021868, -8.337714369919778, 3.9327987793278987, 0.43722118670490207, 4.134649095648065, -0.33593702020333754] 
[0.24149978732283728, 0.5019579630876958, 0.062467937862837886, -3.7180262662124637, 9.368849992933354, 0.7817587534028885, -2.6463585783606725, -2.3455237112241925, -1.2169237831963517, 1.1458852112656608, 0.33901705016833533, 3.187184554504456, 2.984325276044749, 6.257004911302661, 14.76432253800853, -8.399955252438447, 3.943707375262538, 0.38596877787010286, 4.16957011350293, -0.3843615058870041] 
[0.37051586263413583, 0.37294188777639725, 0.19148401317413644, -3.589010190901165, 9.497866068244653, 0.910774828714187, -2.517342503049374, -2.216507635912894, -1.0879077078850532, 1.2749012865769593, 0.5290207411388421, 3.4780768862084277, 3.2460639514843574, 6.32045939341775, 14.862922851197824, -8.521659775807269, 3.9608195313169325, 0.2309224991067836, 4.031573536409837, -0.2926738416294469] 
[0.5046938119093625, 0.23876393850117061, 0.0573060638989098, -3.7231881401763918, 9.63204401751988, 0.7765968794389604, -2.3831645537741473, -2.0823296866376673, -1.2220856571602798, 1.409079235852186, 0.2940469760497389, 3.1791619158206657, 2.98962622029916, 6.461861133182227, 14.942602008135708, -8.387917385497364, 3.9551070472429752, 0.43016081364095793, 4.2518779359667995, -0.12425865139927533] 
[0.2901604550441341, 0.024230581635942272, -0.15722729296631854, -3.5086547833111634, 9.417510660654651, 0.562063522573732, -2.168631196908919, -2.2968630435028956, -1.0075523002950515, 1.6236125927174143, -0.1528731075137466, 2.6845346839607487, 2.650345575989544, 6.946157339251673, 14.469380645365833, -8.377789308762395, 3.6611316217749286, 0.07836769837006524, 3.9436739224296993, -0.3616220880990759] 
[0.2598263233631677, -0.006103550045024164, -0.1268931612853521, -3.53898891499213, 9.387176528973685, 0.5923976542546985, -2.1382970652279525, -2.327197175183862, -0.9772181686140851, 1.6539467243983808, -0.11020783150806573, 2.7276472581872238, 2.675433181276936, 6.903482717209177, 14.514539251252856, -8.325334675562946, 3.735741574819345, 0.13983335309149386, 3.9280382561822824, -0.3914928427956437] 
[-0.108858095378217, 0.3625808686963605, 0.24179125745603258, -3.170304496250745, 9.75586094771507, 0.9610820729960832, -2.506981483969337, -1.9585127564424774, -0.6085337498727004, 1.285262305656996, 0.1836672827424748, 2.4364561436959606, 2.334571081033569, 7.127313286402364, 14.78844253646318, -8.015433125712521, 3.5660065743081377, 0.36062394762719663, 3.6243766662271666, -0.74582903170591] 
[-0.20476521295211825, 0.45848798627026177, 0.33769837502993383, -3.074397378676844, 9.85176806528897, 1.0569891905699844, -2.411074366395436, -1.862605638868576, -0.7044408674466016, 1.1893551880830948, 0.2951205661034666, 2.28341217718742, 2.200737851031634, 7.062671042994272, 14.738541405336004, -7.777336530757296, 3.8086213274481926, 0.345463133022175, 3.7054718809334437, -0.8367992345658268] 
[-0.2042858544648034, 0.45800862778294693, 0.33817773351724867, -3.073918020189529, 9.852247423776285, 1.0574685490572993, -2.410595007908121, -1.863084997355891, -0.7049202259339165, 1.1898345465704097, 0.29469807730270314, 2.283100284178823, 2.2009590212475834, 7.06311183842277, 14.739009598810908, -7.777516667671579, 3.8089670798775175, 0.3451743063816274, 3.7057624002740885, -0.8372584442289646] 
[-0.14332318774150465, 0.5189712945062457, 0.2772150667939499, -3.134880686912828, 9.913210090499584, 0.9965058823340005, -2.47155767463142, -1.8021223306325922, -0.7658828926572152, 1.2507972132937084, 0.22159400697854092, 2.349826217995709, 2.182501977911064, 7.011740877007437, 14.809840591692234, -7.7142509400623895, 3.7884922326278896, 0.37850536879354496, 3.658438793160541, -0.9015063756627145] 
[0.07640628083557743, 0.2992418259291636, 0.05748559821686783, -2.9151512183357458, 9.693480621922502, 0.7767764137569184, -2.2518282060543378, -2.0218517992096743, -0.9856123612342973, 1.0310677447166263, 0.504834284593451, 1.837750345296015, 1.637734635079156, 7.3620907406575755, 15.013888294463202, -7.783606386070286, 3.9577555713081614, 0.2471119353025111, 3.7952734174632026, -1.114395252909807] 
[0.3076284397757014, 0.5304639848692876, -0.17373656072325616, -3.1463733772758697, 9.462258462982378, 0.5455542548167944, -2.4830503649944617, -2.2530739581497983, -1.2168345201744213, 1.2622899036567503, 0.7610769188859249, 2.1807795183407217, 1.9550516165204097, 7.634378238595636, 15.282478051267466, -7.899990375958507, 4.111182356508805, 0.1300514425872587, 4.0416288007065075, -0.8371676711530049] 
[0.19858298870389035, 0.4214185337974765, -0.06469110965144509, -3.255418828347681, 9.57130391405419, 0.6545997058886055, -2.592095816066273, -2.144028507077987, -1.3258799712462324, 1.1532444525849392, 0.8174206724905014, 1.9790013286801822, 1.7288067744301359, 7.491055796557724, 15.397781518680796, -7.725676251943434, 4.261330901180152, 0.03794654778381365, 3.888462746362839, -0.9737205355530074] 
[0.48819494361975657, 0.7110304887133427, 0.22492084526442113, -2.9658068734318146, 9.281691959138323, 0.3649877509727393, -2.3024838611504066, -2.4336404619938534, -1.0362680163303661, 1.4428564075008055, 1.0264263996970378, 1.5312392715044112, 1.2395852803862655, 7.142550787953061, 15.667299188035596, -8.239886240357055, 3.7636909207189757, 0.28759482674057324, 4.302071205340606, -0.5958558600093903] 
[0.47866259616932183, 0.701498141262908, 0.2153884978139864, -2.95627452598138, 9.291224306588758, 0.35545540352230454, -2.292951513699972, -2.443172809444288, -1.0267356688799314, 1.4523887549512402, 1.0473775336429036, 1.5633703741869578, 1.266554885008806, 7.146252468762171, 15.659337641414258, -8.24710074509996, 3.7690868480641897, 0.28298607828330563, 4.311443776017018, -0.5855417513620552] 
[0.7211851553105717, 0.4589755821216581, 0.45791105695523626, -3.1987970851226297, 9.533746865730008, 0.5979779626635544, -2.050428954558722, -2.2006502503030383, -0.7842131097386815, 1.2098661958099903, 1.0099734307675143, 2.146365475248686, 1.8984983002125941, 6.7525263693090665, 15.38019659343409, -8.521126231621704, 3.4806895165735234, 0.31379904664262803, 4.055392433357225, -0.8478849647918583] 
[0.7855964389609014, 0.39456429847132846, 0.3934997733049066, -3.2632083687729594, 9.469335582079678, 0.6623892463138841, -2.1148402382090516, -2.1362389666527086, -0.7198018260883519, 1.1454549121596607, 0.8185430707864076, 1.9317849227349968, 1.7750136015306268, 6.739971389711169, 15.32141818942568, -8.46548640377869, 3.467148186926002, 0.3983150039754737, 4.153700268629347, -0.7690310802059251] 
[0.728662783894368, 0.4514979535378618, 0.33656611823837324, -3.3201420238394928, 9.412401927013144, 0.6054555912473507, -2.171773893275585, -2.0793053115861753, -0.7767354811548852, 1.0885212570931273, 0.8201253802037243, 1.847007899510781, 1.659964333264178, 6.844816848062879, 15.254507938564299, -8.415030558350196, 3.4541137768148307, 0.4753685233613415, 4.2292627629551225, -0.8149517776630201] 
[0.5623753014801771, 0.28521047112367093, 0.5028536006525641, -3.153854541425302, 9.578689409427335, 0.4391681088331598, -2.338061375689776, -1.9130178291719844, -0.9430229635690761, 1.2548087395073182, 0.7749297009032163, 2.04911439152716, 1.864673391393703, 6.925781915772002, 15.406389445555005, -8.331726010124891, 3.200963650612372, 0.13110892892241754, 3.961315673682451, -0.6910758237113159] 
[0.43055965194538715, 0.4170261206584609, 0.6346692501873541, -3.285670190960092, 9.710505058962125, 0.30735245929836985, -2.469877025224566, -1.7812021796371944, -1.074838613103866, 1.3866243890421082, 0.7298121562012477, 2.2185600346197, 2.15578404888311, 6.657727214772939, 15.559203413247936, -8.200894070118306, 3.124895968926604, 0.21155982604832752, 3.8708801619404527, -0.566892975791899] 
[0.5340917983759219, 0.31349397422792613, 0.5311371037568193, -3.182138044529557, 9.81403720539266, 0.20382031286783509, -2.366344878794031, -1.8847343260677292, -0.9713064666733313, 1.2830922426115734, 0.6484190612540668, 2.2765750496956816, 2.107009384231047, 6.587711895380179, 15.492945313024014, -8.089908178604514, 3.235231180858182, 0.0629231678949704, 3.709537527086963, -0.6758526963218575] 
[0.5564907969846935, 0.3358929728366977, 0.5535361023655909, -3.1597390459207855, 9.836436204001432, 0.1814213142590635, -2.3439458801852595, -1.9071333246765008, -0.9489074680645597, 1.2606932440028018, 0.6604514801618311, 2.255167507037453, 2.085882597075442, 6.574892426393935, 15.51124024282397, -8.102076445284276, 3.2609274396582486, 0.0861911578368965, 3.6976151382597098, -0.6543162191795382] 
[0.008169913381429694, -0.21242791076656609, 1.1018569859688547, -2.6114181623175217, 9.288115320398168, 0.7297421978623273, -2.8922667637885233, -2.4554542082797646, -1.4972283516678235, 1.8090141276060656, 1.1957518651020531, 2.2290581792719477, 3.158030789748521, 5.506770732075744, 14.645933799112239, -8.946033703817315, 3.6493843037233407, -0.18239787693939474, 4.1909689175318725, -0.06561129921055187] 
[-0.16216399167803175, -0.04209400570710464, 1.2721908910283162, -2.781752067376983, 9.45844922545763, 0.9000761029217887, -3.0626006688479848, -2.285120303220303, -1.667562256727285, 1.6386802225466042, 1.3648352996793764, 2.072478887950647, 3.027844676722383, 5.473234719522653, 14.81757276363217, -9.047602964729005, 3.7803151888145257, -0.002452050128655736, 3.991116173040928, 0.14111111886949076] 
[0.21236165321873557, 0.3324316391896627, 0.8976652461315489, -2.407226422480216, 9.832974870354397, 0.5255504580250214, -2.6880750239512174, -1.9105946583235358, -1.2930366118305177, 1.2641545776498369, 1.6872753697119858, 2.395367729651685, 2.997037958516847, 5.9223433724537555, 15.27201856507813, -7.340980091296887, 5.47565945834039, -0.3504508318397388, 4.375151468927046, 0.498651201246157] 
[-0.18465087553830983, 0.7294441679467081, 0.5006527173745035, -2.804238951237261, 10.229987399111442, 0.12853792926797603, -2.291062495194172, -1.5135821295664904, -0.8960240830734723, 1.6611671064068823, 2.1715395395226995, 2.8333124288016354, 2.717740500051039, 5.8665352406508475, 15.762273027886646, -6.891192735530808, 5.3012760747339085, -0.061879364846089246, 4.003307206888955, 0.06566181389675346] 
[-0.3305386318536172, 0.8753319242620154, 0.3547649610591961, -2.9501267075525686, 10.084099642796135, -0.017349827047331345, -2.4369502515094794, -1.6594698858817978, -1.0419118393887796, 1.5152793500915749, 2.0296426123902713, 2.804157721186981, 2.8870563882685203, 5.7475382572750915, 16.180071992040357, -6.452710103945034, 5.483830430792355, -0.3193868195352659, 3.750893741890869, -0.0812430884059768] 
[-0.00957865492736687, 0.5543719473357651, 0.6757249379854464, -2.6291667306263182, 10.405059619722385, -0.3383098039735817, -2.7579102284357297, -1.9804298628080481, -1.36287181631503, 1.1943193731653245, 2.6035146810051986, 1.5879679764987518, 1.7476733356614655, 5.7028220849340086, 16.37348514940604, -6.654340753226118, 5.1937246900724805, 0.18183521414166676, 4.265139251307005, 0.241898589540581] 
[0.14950072022850236, 0.3952925721798959, 0.5166455628295772, -2.7882461057821875, 10.245980244566516, -0.4973891791294509, -2.916989603591599, -2.1395092379639173, -1.5219511914708992, 1.3533987483211938, 2.4453534008139224, 1.4752345596601955, 1.8573795879601713, 5.709449976344462, 15.896471830121971, -7.121954217520125, 5.0931692748900685, 0.028209928788956506, 4.376744057523027, 0.09880883241997948] 
[0.305740428778833, 0.23905286362956524, 0.6728852713799078, -2.944485814332518, 10.402219953116846, -0.34114947057912026, -2.7607498950412683, -1.9832695294135867, -1.3657114829205685, 1.5096384568715244, 2.586183620542196, 1.3631316600465582, 1.9322202476296857, 5.812986631207163, 15.795529751026086, -7.065498672957837, 5.215792378275547, -0.12096198327280847, 4.230682419206014, 0.23810240527450194] 
[0.1399877885325438, 0.40480550387585446, 0.5071326311336186, -2.778733174086229, 10.567972593363136, -0.5069021108254095, -2.594997254794979, -2.149022169659876, -1.1999588426742793, 1.3438858166252352, 2.8143202085742987, 1.5764540675127667, 1.8237927661044977, 5.779884278653284, 16.592743585793063, -6.237612611375962, 4.920188281104121, -0.021777141024120955, 4.086001719706902, 0.40038444455207267] 
[0.6241114542437778, 0.8889291695870885, 0.9912562968448526, -2.294609508374995, 11.05209625907437, -0.9910257765366435, -2.110873589083745, -1.664898503948642, -0.7158351769630453, 1.8280094823364692, 2.3776063122062174, 1.9461093905478872, 1.6523131753595868, 5.332714425204275, 16.32372934986665, -5.871023329481897, 4.440261573892131, 0.24898339306607034, 3.7227856029655375, 0.8428849709133746] 
[0.1889114847517277, 0.45372920009503837, 0.5560563273528025, -2.729809477867045, 11.48729622856642, -0.5558258070445934, -2.546073558575795, -1.2296985344565918, -1.1510351464550954, 1.3928095128444191, 3.058040260896888, 2.6119639257788876, 1.5944951160122152, 4.909945376852767, 16.65851564091396, -6.17529596524866, 4.837804668577937, -0.43647459451583215, 3.0294682321610678, 0.41856057900008414] 
[0.2527805034237467, 0.5175982187670574, 0.6199253460248215, -2.665940459195026, 11.551165247238439, -0.6196948257166124, -2.482204539903776, -1.2935675531286108, -1.2149041651271144, 1.4566785315164381, 2.9834520235777524, 2.548457325347426, 1.6299161324486735, 4.9219656142038914, 16.88560560986026, -5.934631583110837, 4.939435183575326, -0.36198813704452343, 3.113812549802507, 0.47786784149116335] 
[-0.058564971500963736, 0.8289436936917678, 0.3085798711001111, -2.3545949842703155, 11.86251072216315, -0.30834935079190195, -2.7935500148284866, -1.6049130280533213, -1.5262496400518248, 1.7680240064411485, 2.6163305454596517, 2.2918234471881864, 1.974855252981288, 4.6241643666176335, 16.029163557850463, -6.916415173816992, 4.345242259681344, -0.03126397310306617, 2.8807720569597994, 0.796020978684963] 
[0.2034138322724317, 1.0909224974651632, 0.04660106732671565, -2.616573788043711, 11.600531918389754, -0.5703281545652974, -2.531571211055091, -1.3429342242799258, -1.7882284438252203, 1.506045202667753, 2.9089186750751725, 1.5178265677971385, 1.261146203967467, 3.9960668320154205, 16.94186096935999, -6.1638621495554125, 4.773978723314278, 0.24698860875711098, 3.156153854668477, 0.5322033703221934] 
[0.29501317279739325, 1.1825218379901248, -0.0449982731982459, -2.7081731285686725, 11.508932577864792, -0.6619274950902589, -2.6231705515800527, -1.2513348837549643, -1.6966291033002587, 1.5976445431927147, 2.8799299144101784, 2.1891584773262984, 1.9322937493957066, 4.159848522407601, 16.644507879037093, -6.429458149763118, 4.790448691600397, 0.32304491416082115, 3.235976586839521, 0.43946475145365693] 
[0.5699081023992143, 0.9076269083883037, -0.31989320280006694, -2.9830680581704936, 11.783827507466613, -0.3870325654884379, -2.3482756219782317, -1.5262298133567853, -1.9715240329020798, 1.8725394727945357, 2.5707900177317957, 1.8780570268216419, 1.9298324396462574, 4.021995950947221, 15.979211148566414, -7.101055667668431, 4.859764058093465, 0.5633147483113328, 3.488321708777208, 0.7164703343679265] 
[0.7437866642434159, 1.0815054702325053, -0.49377176464426853, -2.809189496326292, 11.957706069310815, -0.2131540036442363, -2.5221541838224333, -1.700108375200987, -1.7976454710578782, 1.6986609109503341, 2.1677080138998064, 1.188016406723409, 1.322888595561321, 4.0300864112151515, 16.447505812455763, -6.643082785382801, 4.764765377992195, 0.8050120968131944, 3.250454875076475, 0.8874490139290719] 
[0.7810059454971103, 1.0442861889788109, -0.530991045897963, -2.8464087775799864, 11.92048678805712, -0.25037328489793076, -2.484934902568739, -1.7373276564546813, -1.7604261898041837, 1.7358801922040286, 2.1998981546000467, 1.1722127987255064, 1.3424207704487312, 3.989016287436117, 16.481287764223836, -6.667917997108368, 4.726119282256672, 0.8334735341074243, 3.2831104872266144, 0.8497065175090719] 
[0.7934614063396381, 1.031830728136283, -0.5434465067404908, -2.8588642384225142, 11.908031327214593, -0.26282874574045856, -2.472479441726211, -1.7248721956121535, -1.7728816506467115, 1.7483356530465564, 2.173329131637021, 1.1323181262643813, 1.308349377247771, 3.986992196548704, 16.51215925530932, -6.635636146146934, 4.742727616572346, 0.8242318930800447, 3.2723411774419957, 0.8375391605194492] 
[0.8146151279440623, 1.0529844497407073, -0.5222927851360666, -2.8800179600269384, 11.886877605610168, -0.24167502413603437, -2.451325720121787, -1.7037184740077294, -1.7940353722511357, 1.7271819314421322, 2.150442439910136, 1.1275811125030917, 1.2743492227313695, 3.9461625732748615, 16.57045344343498, -6.583764940770452, 4.728118194826408, 0.8044621357655625, 3.2548123202525767, 0.8168508644667122] 
[0.8253962415474518, 1.0637655633440968, -0.5115116715326771, -2.869236846423549, 11.876096492006779, -0.23089391053264485, -2.4621068337251764, -1.7144995876111189, -1.8048164858545253, 1.7164008178387427, 2.1671295904060313, 1.143983172594181, 1.2735988119084825, 3.9526840869381057, 16.59385884017843, -6.560416293438446, 4.7195695221828124, 0.7908011210227188, 3.267693110723421, 0.8273726959489001] 
[0.9541234504194804, 0.9350383544720682, -0.6402388804047057, -2.7405096375515203, 11.74736928313475, -0.35962111940467345, -2.590834042597205, -1.8432267964831475, -1.6760892769824967, 1.8451280267107713, 1.9013080532081692, 0.7597663122657057, 0.9629068244376473, 4.025593527668492, 16.50921860676915, -6.464480155759147, 4.848803245251961, 0.6462606000041713, 3.419684960715455, 0.9530278570904676] 
[1.3721692853472298, 0.5169925195443188, -0.22219304547695629, -3.1585554724792697, 12.1654151180625, -0.7776669543324228, -3.0088798775249543, -2.261272631410897, -2.094135111910246, 2.2631738616385206, 3.013331697707716, 2.192373055736473, 2.2381242333324205, 5.013312171747116, 15.792638869988739, -6.603217248755105, 4.332628970226241, 0.11734706663499794, 3.916265119394377, 0.49898532834308146] 
[1.1822162567759236, 0.32703949097301255, -0.41214607404826253, -2.9686024439079635, 12.355368146633806, -0.9676199829037291, -2.818926848953648, -2.451225659982203, -1.9041820833389398, 2.453126890209827, 4.4099352522096344, 3.6082679091405216, 2.6137211346419233, 5.279288154759385, 16.06051669556736, -6.337551100021731, 4.334541984901236, 0.47973395488058423, 3.4650616418324014, 0.8478348635197193] 
[1.3399628133318302, 0.1692929344171059, -0.5698926306041692, -3.12634900046387, 12.513114703189713, -0.8098734263478224, -2.9766734055095547, -2.6089722165381097, -1.7464355267830332, 2.2953803336539202, 5.814440400190771, 5.030863694597608, 2.9181122099779504, 5.247172339135887, 15.983450585339494, -5.690494711537829, 4.987048108853738, 0.48400563062591806, 3.1031721144714957, 1.2091841032248543] 
[1.276773496700553, 0.10610361778582877, -0.6330819472354463, -3.1895383170951472, 12.57630401982099, -0.7466841097165453, -2.9134840888782776, -2.672161533169387, -1.8096248434143103, 2.232191017022643, 7.388520945275086, 6.6054314494913395, 2.947528373717409, 5.325218007394222, 16.044795255201834, -5.7135016396802145, 5.040220141755077, 0.5495749890808104, 3.1352288027862523, 1.2543503713780597] 
[1.3272415196943186, 0.1565716407795943, -0.5826139242416808, -3.1390702941013817, 12.626772042814755, -0.6962160867227798, -2.863016065884512, -2.6216935101756214, -1.7591568204205448, 2.2826590400164086, 7.422595041218309, 6.588205571350681, 2.980413748805195, 5.296022013973334, 16.09520303863216, -5.8601383235807445, 4.895413286782733, 0.567635974072892, 3.2404919995130146, 1.1478584005175678] 
[1.1267362200603586, -0.04393365885436573, -0.7831192238756408, -3.3395755937353417, 12.827277342448715, -0.49571078708881977, -3.063521365518472, -2.4211882105416613, -1.5586515207865848, 2.0821537403824486, 12.300141593536154, 11.467159669299832, 3.068210662912793, 5.544610655289, 15.920266490374003, -6.423470670845903, 4.292736890174631, 0.2647796271371647, 3.1509715420340965, 0.9972073944448195] 
[1.283678339687441, -0.2008757784814481, -0.9400613435027232, -3.496517713362424, 12.984219462075798, -0.6526529067159021, -3.2204634851455545, -2.5781303301687437, -1.4017094011595024, 2.239095860009531, 13.939317817607385, 13.110173328681393, 2.522351626634717, 5.01360839861576, 15.943675244036193, -6.144708482182515, 4.569993991013328, 0.12120544394132907, 3.034900465392149, 0.8829500767871078] 
[1.00084821913212, -0.4837058990367691, -1.2228914640580442, -3.779347833917745, 12.701389341520477, -0.9354830272712231, -3.5032936057008754, -2.2953002096134227, -1.6845395217148234, 1.95626573945421, 13.874467303222726, 13.342120971104075, 2.220373815446006, 4.9982201387549665, 15.547861634580055, -5.7804977134647455, 4.5008226773322155, -0.10807174397675162, 3.5917172011816474, 0.3125854290014648] 
[0.6928680004413899, -0.7916861177274992, -1.5308716827487743, -4.087328052608475, 13.009369560211207, -0.627502808580493, -3.8112738243916056, -1.9873199909226926, -1.3765593030240932, 1.64828552076348, 15.129684968475107, 14.612999261174934, 1.9008884328003077, 5.143622164962041, 15.801644313116194, -4.480328786877601, 5.852748579410731, -0.6403290722723245, 4.046112310583626, -0.10789626814213421] 
[0.6320777105686837, -0.8524764076002054, -1.470081392876068, -4.026537762735769, 12.9485792703385, -0.5667125187077868, -3.7504835345188994, -1.9265297010499864, -1.4373495928967994, 1.709075810636186, 15.018106122807819, 14.499837317370073, 2.0058508597654203, 5.24512398370032, 15.719247734298982, -4.359296423079878, 5.957374597659676, -0.6083580343639006, 3.9915631390340836, -0.16701023195872533] 
[0.7125951314159025, -0.7719589867529866, -1.3895639720288493, -4.107055183582988, 12.868061849491282, -0.6472299395550056, -3.6699661136716806, -2.0070471218972052, -1.5178670137440182, 1.6285583897889673, 14.887800215111767, 14.371791172239005, 1.9544652010267485, 5.29651386445892, 15.610956762778917, -4.201314964402057, 6.0941411057734385, -0.5589562359854322, 3.912088941209592, -0.08271146507512414] 
[1.1325999073610333, -0.3519542108078557, -1.8095687479739802, -4.527059959528119, 12.44805707354615, -1.0672347155001365, -4.089970889616811, -1.5870423459520744, -1.0978622377988874, 1.2085536138438364, 14.643136553069821, 14.746070015298626, 1.2302835239510568, 4.626866346364418, 15.899250295729743, -3.9274379659803587, 5.878463998024669, -0.9599769301456225, 3.485455490744891, -0.49232374715649296] 
[1.300793492028351, -0.5201477954751734, -1.6413751633066624, -4.695253544195436, 12.616250658213469, -0.8990411308328188, -4.258164474284129, -1.755235930619392, -0.9296686531315697, 1.3767471985111541, 13.533458980316592, 13.63845596634846, 1.340633252340846, 4.510686279347973, 15.754266216146979, -4.271280643984956, 5.53506047483779, -0.8249666272518055, 3.352244663080073, -0.6612000353115968] 
[1.2614054012814968, -0.5595358862220277, -1.6019870725598082, -4.655865453448582, 12.576862567466614, -0.938429221579673, -4.218776383537275, -1.7946240213662463, -0.9690567438784239, 1.3373591077643, 13.513025406482402, 13.661120498903408, 1.3796961326822919, 4.474472926663965, 15.717411666461, -4.239903505866238, 5.511648348636181, -0.875796459949381, 3.298584321217765, -0.7021089760260935] 
[1.0868729172453335, -0.7340683702581909, -1.427454588523645, -4.830397937484745, 12.751395051502778, -1.1129617056158363, -4.044243899501112, -1.9691565054024096, -0.7945242598422606, 1.5118915918004632, 13.41840073680359, 13.760106781216964, 1.5464893677712674, 4.302324771725316, 15.897199938056096, -3.943317319536946, 5.831184252966064, -1.1498108433316951, 3.0593496119137145, -0.5377024705508214] 
[1.1076370174401262, -0.7548324704529836, -1.4066904883288522, -4.809633837289953, 12.730630951307985, -1.133725805810629, -4.023479799306319, -1.948392405207617, -0.8152883600370533, 1.5326556919952559, 13.42990158385626, 13.746011832710014, 1.5664622023623214, 4.3187240825612045, 15.878289500779706, -3.9885450760258596, 5.786730249436655, -1.1573549977028106, 3.077438657292056, -0.516643619379706] 
[1.1171444845687795, -0.7453250033243304, -1.397183021200199, -4.819141304418606, 12.740138418436638, -1.1432332729392822, -4.032987266434972, -1.9578998723362702, -0.8247958271657065, 1.542163159123909, 13.403041697859548, 13.719383298019203, 1.5588215659327191, 4.311054197405534, 15.886421761854516, -4.010103569858996, 5.765424372411438, -1.1610970456906295, 3.0853335108499, -0.5260702941800453] 
[0.8890141257101014, -0.9734553621830084, -1.169052662341521, -4.591010945559928, 12.51200805957796, -0.9151029140806042, -3.804856907576294, -2.186030231194948, -1.0529261860243846, 1.7702935179825872, 12.741871996170255, 13.063797123543614, 1.3782410819375466, 4.130955716079956, 16.088020775018002, -3.4947864400127635, 6.272650852013937, -1.069889116366991, 2.895019530979562, -0.2994505192933962] 
[0.39857311565974385, -0.48301435213265087, -0.6786116522911634, -4.10056993550957, 13.002449069628318, -1.4055439241309617, -4.295297917626652, -1.6955892211445907, -0.562485175974027, 1.2798525079322296, 11.901825633672662, 12.263256524943522, 1.0996639851886985, 4.908867180999455, 16.8747911849411, -4.783273950600028, 4.987963344895856, -1.1129331969248633, 3.4257301573813574, -0.8426334442338246] 
[0.4885809035376667, -0.393006564254728, -0.7686194401690862, -4.190577723387493, 12.912441281750395, -1.4955517120088846, -4.3853057055045745, -1.7855970090225135, -0.6524929638519499, 1.1898447200543067, 12.059856419183436, 12.461167966200787, 0.9388408624520552, 4.893616464240724, 16.781457352669758, -4.9206591157204675, 4.8468707108486555, -1.0421279046422438, 3.3614884519616393, -0.753848884194154] 
[0.32385627227138514, -0.22828193298844646, -0.6038948089028047, -4.025853092121212, 13.077165913016676, -1.6602763432751662, -4.550030336770856, -1.620872377756232, -0.8172175951182314, 1.3545693513205883, 12.176410028805167, 12.35006965229494, 0.9261299609406488, 5.284165281481826, 17.17359557733139, -4.7989223433587815, 4.720771298153795, -1.1697338934628374, 3.502639348036789, -0.5823322441469472] 
[0.3986680831207394, -0.15347012213909217, -0.5290829980534504, -4.100664902970566, 13.002354102167322, -1.5854645324258119, -4.62484214762021, -1.5460605669068777, -0.7424057842688772, 1.4293811621699426, 12.076757476630888, 12.269930189850868, 0.7813827445506347, 5.044327581173599, 16.9678326298629, -4.717645429214831, 4.807371027504833, -1.0853093902766402, 3.5861966286082856, -0.6564896801614845] 
[0.4763455522159603, -0.23114759123431305, -0.6067604671486713, -4.022987433875345, 13.080031571262543, -1.6631420015210328, -4.5471646785249895, -1.6237380360020985, -0.6647283151736563, 1.5070586312651635, 12.128290569828785, 12.20177997018758, 0.8656000647673329, 5.038223941972068, 17.041901070744384, -4.633015162741791, 4.891781615350723, -1.1583291092099268, 3.658988505086056, -0.5789837640440432] 
[-0.008207547395759462, 0.2534055083774067, -0.1222073675369515, -3.5384343342636253, 13.564584670874263, -1.178588901909313, -5.031717778136709, -2.1082911356138183, -0.1801752155619365, 1.9916117308768833, 12.4439748116809, 11.82343823773317, 1.0730199435552759, 4.074023410909332, 16.040472610092277, -4.0970069061311, 5.454869136335551, -0.7263565288524456, 3.2312834708248004, -0.09531990232793702] 
[-0.4767828055724941, 0.7219807665541413, -0.5907826257136861, -3.0698590760868907, 14.033159929050997, -1.6471641600860476, -5.500293036313444, -1.6397158774370837, -0.6487504737386711, 1.5230364727001486, 12.909463259733558, 12.211943765173666, 0.7660911303582106, 4.671022149973891, 16.819061710222194, -4.724508580826727, 4.998248208642528, -0.25988311241434475, 3.5590023999085463, 0.36097250193737884] 
[-0.8769630454397443, 0.3218005266868911, -0.19060238584643585, -3.470039315954141, 13.632979689183747, -1.2469839202187973, -5.100112796446194, -2.039896117304334, -0.24857023387142085, 1.1228562328328984, 13.077101684096409, 12.887111144416483, 1.4483987646917509, 4.558023483142624, 16.38440864289721, -5.189205359141483, 5.429141752388414, -1.173724497307517, 4.473358957886362, -0.037391442746201764] 
[-0.7067995151196094, 0.49196405700702606, -0.02043885552630087, -3.640202846274276, 13.462816158863612, -1.0768203898986624, -4.929949266126059, -1.869732586984199, -0.41873376419155584, 0.9526927025127634, 13.101125276916344, 13.08748513020881, 1.6887498227426088, 4.736692959054885, 16.172776887227773, -4.928275857805959, 5.227250576262449, -1.2747567314956678, 4.344117369016228, 0.12654641171676037] 
[-0.5127499602815462, 0.29791450216896287, 0.17361069931176232, -3.834252401112339, 13.268766604025549, -0.8827708350605992, -4.7358997112879955, -1.6756830321461358, -0.612783319029619, 1.1467422573508266, 12.510379859643859, 13.780538636326947, 2.136692048679241, 5.052648757301202, 16.557400560892965, -5.224205499920162, 5.031552004209067, -1.0051061032647577, 4.0845356477256285, -0.08551601988011992] 
[-0.6236726371042565, 0.18699182534625258, 0.2845333761344726, -3.9451750779350494, 13.37968928084826, -0.7718481582378889, -4.624977034465285, -1.786605708968846, -0.7237059958523293, 1.0358195805281163, 12.742518777294649, 13.522063048497202, 1.9831294709146494, 4.875755665231585, 16.379345955322158, -5.2805710808712325, 5.15102137556842, -1.1219417939300609, 3.978530646839784, 0.02278029167392097] 
[-0.5102032990232281, 0.3004611634272809, 0.17106403805344428, -3.831705739854021, 13.266219942767231, -0.8853174963189172, -4.511507696384257, -1.9000750470498744, -0.610236657771301, 0.922350242447088, 12.45479050242674, 13.825734893705988, 2.156375550359798, 4.793262800304331, 16.514469293831123, -5.448836963999379, 5.008551956734278, -0.9782875026040799, 4.110069874929996, 0.1457586131049856] 
[-0.4426802886309886, 0.2329381530350414, 0.10354102766120477, -3.8992287502462606, 13.33374295315947, -0.8177944859266777, -4.579030706776496, -1.8325520366576349, -0.6777596681635405, 0.9898732528393275, 12.507691129354873, 13.857081351148446, 2.111190094493957, 4.678746734535258, 16.404733266468764, -5.489352932018039, 4.945087090363499, -1.0223847966357436, 4.17919209020172, 0.2210174353496971] 
[-0.3496454967550022, 0.3259729449110278, 0.010506235785218365, -3.992263542122247, 13.240708161283484, -0.9108292778026641, -4.48599591490051, -1.9255868285336213, -0.7707944600395269, 1.0829080447153139, 12.452486613795061, 13.766316394442287, 2.0112278756615143, 4.515811282719793, 16.247802405250884, -5.536503188731928, 4.82709560046987, -0.8988625402945222, 4.277076392310832, 0.13669932240366672] 
[-0.3987609059131323, 0.37508835406915786, 0.05962164494334843, -3.943148132964117, 13.191592752125354, -0.9599446869607942, -4.43688050574238, -1.9747022376917513, -0.7216790508813968, 1.0337926355571838, 12.494208207499641, 13.789099882168754, 1.9687059743602324, 4.555520307673425, 16.23130676218591, -5.573359855129637, 4.885532470725836, -0.9683722737857956, 4.222333267197544, 0.17960385367733717] 
[-0.5332835023573956, 0.5096109505134212, -0.07490095150091491, -3.8086255365198536, 13.05707015568109, -1.0944672834050575, -4.571403102186643, -2.1092248341360147, -0.8562016473256602, 1.1683152320014472, 12.376778860081508, 13.741787110417023, 2.101593720050306, 4.184465494591422, 15.833357223616206, -5.3692582874333965, 4.756333266082215, -0.822901622256656, 4.131391134651529, 0.30204718306920797] 
[-0.6213271674968581, 0.4215672853739587, 0.013142713638547576, -3.720581871380391, 13.145113820820553, -1.18251094854452, -4.659446767326106, -2.197268499275477, -0.7681579821861977, 1.0802715668619847, 12.34679194496653, 13.610960331623597, 1.9677009392872968, 4.358989934517955, 16.004920341543404, -5.3018446425618775, 4.833458365605963, -0.7441026179684629, 4.241558385844083, 0.406805583077779] 
[-0.6006538804185979, 0.4422405724522189, 0.03381600071680779, -3.699908584302131, 13.124440533742293, -1.2031842356227802, -4.6387734802478455, -2.2179417863537374, -0.7888312692644579, 1.0595982797837245, 12.401292626335442, 13.547273238552664, 1.9254216633018941, 4.400645642176092, 16.049803876384498, -5.331444493801394, 4.805490293075679, -0.716668109745914, 4.259781316849773, 0.38962933927571786] 
[-0.7160112739130753, 0.5575979659466963, -0.08154139277766959, -3.5845511908076535, 13.009083140247816, -1.0878268421283028, -4.523416086753368, -2.10258439285926, -0.6734738757699805, 0.9442408862892471, 12.437409679759678, 13.702400467550463, 2.0904149150577456, 4.5974911381247905, 16.24076184094273, -5.252096768414081, 4.716412002490316, -0.8168999971872506, 4.160053664554551, 0.4841155798879679] 
[-0.4087454926720362, 0.2503321847056572, -0.3888071740187087, -3.8918169720486926, 12.701817359006776, -0.7805610608872637, -4.830681867994407, -2.409850174100299, -0.9807396570110196, 0.636975105048208, 12.735643080356033, 13.718617820016318, 1.7763878552668655, 4.3858775836995685, 16.539361020691086, -5.658316397536768, 4.415191763120148, -1.107046339502958, 3.744806675339256, 0.0998444148968271] 
[-0.6189496645433046, 0.4605363565769256, -0.1786030021474403, -4.102021143919961, 12.491613187135508, -0.5703568890159953, -4.620477696123139, -2.6200543459715675, -0.7705354851397512, 0.8471792769194764, 12.594840750682078, 13.538385957674018, 1.6611217377048135, 4.880350062440031, 17.043630392046314, -5.443924794774152, 3.934182054878097, -0.6247733913026281, 3.2988263490683365, -0.33200070158054634] 
[-0.7400271390371422, 0.33945888208308794, -0.29968047664127795, -3.9809436694261233, 12.612690661629346, -0.4492794145221577, -4.7415551706169765, -2.49897687147773, -0.8916129596335889, 0.968256751413314, 12.72202725561009, 13.526631798427653, 1.4737997761549024, 4.200026614791133, 16.369429143292574, -5.611597683627076, 3.4828800106554882, -0.18177482417482071, 3.1143806598256365, -0.5268297427125354] 
[-0.5692240438393377, 0.16865578688528338, -0.4704835718390825, -4.151746764623928, 12.78349375682715, -0.2784763193243531, -4.570752075419172, -2.3281737762799253, -1.0624160548313935, 0.7974536562155095, 13.140440836017534, 13.137202160459237, 1.6756181124001541, 4.858875475866409, 17.003716600782436, -5.4507255703255835, 2.8711512007620876, 0.42713567911295813, 3.3707408993813686, -0.2655289282023789] 
[-0.14122993839734477, 0.5966498923272763, -0.8984776772810754, -3.723752659181935, 12.355499651385157, 0.14951778611763977, -4.998746180861165, -2.756167881721918, -1.4904101602733864, 1.2254477616575024, 12.220528765547167, 14.063023881649745, 1.747424958819362, 6.471189481878962, 18.587142387160505, -5.149990585773263, 4.114858347481763, -0.8028264934232114, 3.5978072095523155, -0.5983340900017025] 
[0.19160213987724717, 0.26381781405268434, -1.2313097555556674, -3.390920580907343, 12.68833172965975, -0.18331429215695216, -5.331578259135757, -3.08899995999651, -1.1575780819987944, 1.5582798399320943, 12.640819375337525, 13.311923959157733, 0.6813935202025856, 5.596263110400131, 18.689262648784766, -4.789880386617316, 4.3487542321181785, -0.6734135495537122, 3.343031983179246, -0.34516439990800246] 
[-0.02105348597223866, 0.05116218820319851, -1.0186541297061815, -3.603576206756829, 12.900987355509235, -0.395969918006438, -5.544233884985243, -2.8763443341470243, -1.3702337078482802, 1.3456242140826085, 12.870878850698974, 13.40659072367828, -1.19882272528744, 3.6967866408402106, 18.343738710493607, -4.980105019132888, 4.516573333723174, -0.5923576878552512, 3.13178987682205, -0.13492683421724178] 
[-0.06314074762417121, 0.00907492655126596, -0.976566868054249, -3.5614889451048963, 12.858900093857303, -0.35388265635450544, -5.50214662333331, -2.8342570724950917, -1.3281464461963477, 1.303536952430676, 12.913865704660157, 13.363802678202257, -1.1912534904562067, 3.7635326916172565, 18.429316706730734, -5.08610904527187, 4.667731110088949, -0.7266401802527128, 3.1719655155110775, -0.16853114721085705] 
[0.28649912404991795, -0.3405649451228232, -1.3262067397283381, -3.9111288167789855, 13.208539965531392, -0.7035225280285946, -5.152506751659221, -2.4846172008210026, -1.6777863178704369, 1.653176824104765, 13.242771485353265, 13.692413432640834, -1.2457661332529857, 3.227140693327833, 17.763503164584293, -4.280673205940021, 3.4314431025741863, 0.3804315629182099, 3.5738828303023116, 0.2793134488925839] 
[-0.005283439037079063, -0.6323475082098202, -1.6179893028153352, -4.2029113798659825, 12.916757402444395, -0.4117399649415976, -5.444289314746218, -2.7763997639079996, -1.9695688809574339, 1.361394261017768, 13.451021454311908, 13.378811692310192, -0.24961828975557854, 4.262461654078326, 18.424848683495796, -4.981408149248685, 4.301391389020262, -0.3948098911785438, 3.2782223862218296, 0.006685569148990267] 
[-0.034062177216704015, -0.6611262463894452, -1.5892105646357102, -4.174132641686358, 12.88797866426477, -0.38296122676197264, -5.473068052925843, -2.7476210257283746, -1.940790142777809, 1.390172999197393, 13.479925996122516, 13.349292972116938, -0.2717397879048019, 4.281496501134834, 18.452009175036324, -4.975659740981491, 4.376483915342475, -0.46980907571490726, 3.295453161894256, -0.01901003070766633] 
[0.13144625121627485, -0.4956178179564663, -1.4237021362027313, -4.008624213253379, 12.722470235831791, -0.21745279832899378, -5.638576481358822, -2.9131294541613535, -1.77528171434483, 1.2246645707644142, 13.6500423964475, 13.177866206096294, -0.39082622389189164, 4.401031716869603, 18.305052089667974, -5.111014128977854, 4.343481795364771, -0.6300627091239193, 3.1364017304011695, 0.12190022392495772] 
[0.058944159975631294, -0.42311572671582276, -1.496204227443375, -4.081126304494022, 12.649968144591147, -0.28995488956963733, -5.711078572599465, -2.84062736292071, -1.8477838055854736, 1.2971666620050577, 13.586512923994613, 13.255687793635504, -0.5738085383200746, 4.214376366292056, 18.204323242440744, -5.03341160030723, 4.371625291936322, -0.57557579128507, 3.083860930607316, 0.17740214142086946] 
[0.20185123727073773, -0.5660228040109292, -1.6391113047384813, -4.224033381789129, 12.507061067296041, -0.1470478122745309, -5.853985649894572, -2.6977202856256035, -1.7048767282903672, 1.4400737393001641, 13.451420934269592, 13.40117952306303, -0.8959797694047458, 3.8885990353342983, 18.037763177175407, -4.946114872531583, 4.636612681730358, -0.8641650299525215, 2.872802312899826, -0.01789900885830173] 
[0.3394005342417614, -0.4284735070399055, -1.776660601709505, -4.086484084818105, 12.644610364267065, -0.2845971092455546, -5.991534946865595, -2.835269582596627, -1.5673274313193435, 1.5776230362711878, 13.617623030094675, 13.57050624122433, -0.7941132903397513, 3.7829096924323835, 18.17710840315357, -5.1120205547418625, 4.878650523993663, -1.0858771072906885, 2.9842481428002268, -0.14244675981115096] 
[0.5029835991918112, -0.2648904420898557, -1.9402436666595548, -3.922901019868055, 12.481027299317015, -0.12101404429550477, -6.155118011815645, -2.6716865176465774, -1.4037443663692937, 1.414039971321138, 13.733962353715643, 13.414496760284928, -1.139457554891315, 3.458407297438215, 18.06073787758657, -4.966818401458507, 4.96628858583783, -0.945190449748192, 2.8215819686206256, -0.30497105856342055] 
[0.47107265068689586, -0.29680139059477106, -1.9083327181546395, -3.89099007136314, 12.51293824782193, -0.15292499280042016, -6.187028960320561, -2.639775569141662, -1.435655314874209, 1.3821290228162226, 13.76086699177375, 13.403735794088783, -1.035228289647673, 3.5729773222097974, 17.99736223944414, -5.007378333996144, 5.00687356010437, -0.9791200039139792, 2.7871765118019862, -0.34160437193682985] 
[0.312033414759199, -0.45584062652246793, -1.7492934822269426, -4.050029307290837, 12.671977483749627, -0.311964228728117, -6.027989724392864, -2.798814805069359, -1.594694550801906, 1.2230897868885258, 14.069497292848306, 13.748416501576994, -0.4362266572426917, 4.1939638581827765, 17.703242443877503, -4.882995415685659, 5.160699223029083, -1.1428336861843926, 2.6612677848746773, -0.20307916491511133] 
[0.39869631757221313, -0.5425035293354821, -1.6626305794139284, -4.136692210103851, 12.585314580936613, -0.39862713154113116, -6.114652627205878, -2.7121519022563447, -1.5080316479888918, 1.30975268970154, 14.185336554629412, 13.85426306217116, -0.6075903072867257, 4.02360609884509, 17.635539285638153, -4.8058666657684, 5.207125312121307, -1.0656789481049087, 2.7895370125312327, -0.07526389687740351] 

Time 
81.18341112136841 
