Parameters 
 
[-0.5, -0.5, -0.5, -0.5, -0.5, -0.5, -0.5, -0.5, -0.5, -0.5, -0.5, -0.5, -0.5, -0.5] 
[-0.2964939311859499, -0.7035060688140501, -0.7035060688140501, -0.7035060688140501, -0.7035060688140501, -0.7035060688140501, -0.2964939311859499, -0.8511963250288923, -0.14897124468632916, -0.49935521989760795, -0.30161181581233054, -0.4867838186247012, -0.18301884862529993, -0.8205450609564101] 
[-0.642585988309824, -1.0495981259379241, -0.35741401169017595, -0.35741401169017595, -1.0495981259379241, -0.35741401169017595, -0.642585988309824, -0.5478860286610847, 0.04304585179513837, -0.3160152327874822, -0.10978826033171185, -0.26003890342910163, -0.05758735516985658, -0.5336295746177313] 
[-0.7068560614844909, -0.9853280527632573, -0.42168408486484277, -0.29314393851550913, -0.9853280527632573, -0.42168408486484277, -0.5783159151351572, -0.699762018297688, 0.33664404395115877, -0.598942223226712, 0.05999103368200642, -0.6236539106833474, 0.29932581372324335, -0.6476727806117317] 
[-0.5822129671078139, -0.8606849583865803, -0.2970409904881658, -0.16850084413883215, -0.8606849583865803, -0.5463271792415197, -0.45367282075848026, -1.0060578549070636, 0.8428134562596257, -1.0686440255495193, 0.301846329564333, -0.7301121932833099, 0.22594585258963104, -0.5091319414427892] 
[-0.5986294662439827, -0.8771014575227492, -0.28062449135199696, -0.15208434500266332, -0.8442684592504115, -0.5627436783776886, -0.43725632162231143, -1.0034385939348622, 0.8813024116396893, -1.1066402778341962, 0.2926493761557776, -0.7308019936705775, 0.20282949894464294, -0.4856778193039926] 
[-0.5204024572085196, -0.9553284665582122, -0.20239748231653387, -0.07385733596720023, -0.7660414502149484, -0.4845166693422255, -0.35902931258684834, -0.9193586211412161, 0.865057668009751, -1.0014891569203022, 0.19547369085016392, -0.7251828928328301, 0.08369590520241245, -0.36920232566631583] 
[-0.21197811987349258, -1.2637528038932393, -0.5108218196515609, 0.23456700136782682, -0.45761711287992135, -0.7929410066772525, -0.05060497525182128, -0.2166151479803049, -0.5085382621434376, 0.24273626313279206, 0.34590232280857425, -0.45663206599080813, 0.13606008190264252, -0.07723432082716075] 
[-0.47336429576973493, -1.002366627996997, -0.24943564375531857, -0.026819174528415535, -0.196230936983679, -0.5315548307810102, 0.21078120064442107, 0.13490963489616448, -1.9260371057872205, 1.6373908752771482, 0.4785345792326833, -0.06253285537987713, -0.2240385810264276, -0.10876967208285104] 
[-0.5465912221519645, -1.0755935543792265, -0.17620871737308896, 0.04640775185381407, -0.12300401060144939, -0.4583279043987806, 0.2840081270266507, 0.13276822282935893, -2.21570181480119, 1.9358827607440463, 0.36773902962713767, -0.1442342968992077, -0.15679062550207853, -0.06823490648526169] 
[-0.5536282976020716, -1.0685564789291195, -0.18324579282319597, 0.03937067640370706, -0.11596693515134238, -0.45129082894867356, 0.2910452024767577, 0.13334996239047467, -2.189567254245327, 1.909882458806604, 0.36320484488429694, -0.13674866094195975, -0.16274156659639888, -0.07276356671816755] 
[-0.5242406766638376, -1.0391688579908855, -0.15385817188496198, 0.06875829734194105, -0.08657931421310838, -0.42190320801043957, 0.3204328234149917, 0.06522449245270377, -2.036516007735823, 1.7647156456281243, 0.4040294863889989, -0.170231179976252, -0.10829974185327679, -0.12474344568465073] 
[-0.4794248420792123, -1.0839846925755108, -0.10904233730033674, 0.02394246275731582, -0.13139514879773362, -0.37708737342581433, 0.3652486579996169, 0.06577682686439676, -2.215306690009923, 1.9462091727710562, 0.3416326051967805, -0.22218862649611504, -0.07118266450172492, -0.09429926889305745] 
[-0.68867002050158, -1.2932298709978785, 0.10020284112203093, -0.18530271566505185, -0.3406403272201013, -0.586332551848182, 0.5744938364219846, 0.3266509778878519, -2.4545663565741154, 1.912498305212441, 0.5572805734298253, -0.023524301242414197, 0.05748334512303688, 0.07107592247760766] 
[-0.4565183385738142, -1.5253815529256443, 0.33235452304979674, 0.046848966262713954, -0.5727920091478671, -0.3541808699204162, 0.3423421544942188, 0.4118810851054567, -1.610869238702123, 1.0646717485965471, 0.8416564792269741, -0.45797007766311937, 0.6174236294283459, -0.40621577417394894] 
[-0.38666717663813877, -1.5952327148613197, 0.40220568498547216, -0.023002195672961467, -0.6426431710835425, -0.4240320318560916, 0.4121933164298942, 0.33267788967265255, -1.1435740393578002, 0.5976359593110634, 0.7669194879990879, -0.4035532456580767, 0.6423434838672065, -0.34320642726897604] 
[-0.28488457875797024, -1.4934501169811512, 0.30042308710530363, -0.12478479355312999, -0.540860573203374, -0.3222494339759231, 0.5139759143100627, 0.4339578767852959, -1.1981218276085286, 0.543291863823372, 0.6661726999106803, -0.43401861222785665, 0.5148735953582665, -0.2029563907174253] 
[-0.3842122721494715, -1.3941224235896499, 0.20109539371380236, -0.02545710016162872, -0.4415328798118727, -0.22292174058442182, 0.41464822091856146, 0.5349528412305001, -1.274897179782484, 0.5162170464372398, 0.7579615491807244, -0.3660757586606652, 0.560336123770998, -0.11437688742503004] 
[-0.3508012014857024, -1.3607113529258807, 0.16768432305003322, 0.007953970502140417, -0.47494395047564186, -0.18951066992065269, 0.4480592915823306, 0.479748874480026, -0.944092924358817, 0.18772998928521367, 0.7794077027084982, -0.34670611527712203, 0.5928787965433073, -0.15374131097590601] 
[-0.24547758259956687, -1.2553877340397452, 0.27300794193616873, -0.09736964838399509, -0.36962033158950636, -0.2948342888067882, 0.5533829104684661, 0.5827426925727707, -0.9115837154521371, 0.2599866209378324, 0.6751773790293546, -0.5505353713538497, 0.8106063779740064, -0.2919399496255254] 
[-0.1277795347496803, -1.3730857818896318, 0.3907059897860553, -0.21506769623388167, -0.2519222837396198, -0.1771362409569016, 0.4356848626185795, 0.7019436262316076, -0.9315196201571494, 0.40485764699750426, 0.7889339029627805, -0.36723111554378474, 0.591046762302085, -0.12362970951139293] 
[-0.15126955072793968, -1.3965757978678912, 0.4141960057643147, -0.23855771221214106, -0.27541229971787917, -0.15364622497864222, 0.41219484664032013, 0.6845473164078056, -1.174967464615492, 0.6499471419703354, 0.8256377114776859, -0.3426465144078433, 0.5572197944531023, -0.09490641111385914] 
[-0.23407480364596445, -1.479381050785916, 0.49700125868233946, -0.3213629651301658, -0.1926070467998544, -0.07084097206061746, 0.4950000995583449, 0.622337284612865, -1.9634142808921806, 1.4434814888112197, 0.9436116661530197, -0.25319080651773757, 0.4377051232043486, 0.004026097212479998] 
[-0.3277424230360325, -1.573048670175984, 0.5906688780724075, -0.22769534574009775, -0.09893942740978634, 0.02282664732945061, 0.588667718948413, 0.5152761305947344, -1.3308568133483658, 0.8132537713963611, 0.993169618350218, -0.18683382336368665, 0.5139098224791515, 0.0930350219714317] 
[-0.2933379898084575, -1.538644236948409, 0.5562644448448325, -0.19329091251252273, -0.13334386063736137, 0.05723108055702564, 0.5542632857208379, 0.48088556228440366, -1.3117339297822777, 0.8326554246866009, 0.9648365743285525, -0.21950309608351562, 0.5508204242288204, 0.059327830316999425] 
[-0.34524159014111333, -1.4867406366157532, 0.6081680451774883, -0.1413873121798669, -0.1852474609700172, 0.005327480224369796, 0.6061668860534938, 0.4287196103886747, -1.2835093664931188, 0.8623942713066828, 1.0109867109887363, -0.18085379399554988, 0.5952909250847247, 0.009567913264833625] 
[-0.47859463604571395, -1.6200936825203538, 0.47481499927288773, -0.008034266275266266, -0.05189441506541659, 0.13868052612897042, 0.47281384014889316, 0.5605153095015316, -1.228698261211354, 0.9595911818846974, 1.1378181048840195, -0.08287237906165894, 0.7102053925507607, -0.12329061035191864] 
[-0.4247610942173655, -1.5662601406920054, 0.5286485411012362, -0.061867808103614697, 0.001939126762931842, 0.19251406795731885, 0.41898029832054473, 0.5007603000681439, -1.4896268594047297, 1.2205188546941346, 1.0776956791468544, -0.025302526235867734, 0.6458254998502665, -0.18503675570259098] 
[-0.43697988662600273, -1.5540413482833682, 0.5164297486925989, -0.04964901569497748, 0.014157919171569056, 0.18029527554868163, 0.43119909072918194, 0.48864861073096066, -1.546920530582772, 1.2778401885402828, 1.0894254044058478, -0.013690159241530851, 0.656249193554739, -0.1954337177396966] 
[-0.35042604435544156, -1.467487506012807, 0.6029835909631601, -0.13620285796553866, 0.10071176144213023, 0.2668491178192428, 0.34464524845862077, 0.5723104882156147, -1.1390535205556165, 0.8692078620417284, 0.9956294400451773, 0.07589360409688414, 0.5830993760322577, -0.1207952289494861] 
[-0.39221088192912645, -1.5092723435864919, 0.5611987533894752, -0.17798769553922356, 0.14249659901581513, 0.3086339553929277, 0.38643008603230566, 0.6132059129884173, -1.113930751763169, 0.8889803332283766, 0.9493542288831046, 0.12654529899230646, 0.6217924479514166, -0.15302560959142328] 
[-0.3961340119128004, -1.505349213602818, 0.5651218833731492, -0.1819108255228975, 0.13857346903214118, 0.30471082540925376, 0.3825069560486317, 0.6097065472841444, -1.1319620284610221, 0.9071533173323056, 0.9546365158780775, 0.12132951746566992, 0.6179709475865769, -0.15016679333539215] 
[-0.4476946033425041, -1.5569098050325216, 0.5135612919434455, -0.2334714169526012, 0.08701287760243748, 0.25315023397955005, 0.4340675474783354, 0.6555594978605754, -0.9057829093456127, 0.6810622762040751, 0.9927740227633356, 0.15857122630790244, 0.5520105412519434, -0.21991052650307574] 
[-0.37723109809892186, -1.4864462997889394, 0.5840247971870277, -0.16300791170901896, 0.01654937235885523, 0.3236137392231323, 0.3636040422347532, 0.7279961596236126, -1.234033846552976, 1.0088635478629442, 0.9374370404268072, 0.09405810836753806, 0.48898786837451796, -0.16371338931961418] 
[-0.36759500250415733, -1.4768102041941749, 0.5936608927817922, -0.15337181611425443, 0.006913276764090703, 0.3139776436283678, 0.3732401378295177, 0.718528581681668, -1.2394640658256377, 1.003801579718023, 0.945671693781163, 0.10269676159611581, 0.4965631501322407, -0.17109838424831503] 
[-0.37041963335367434, -1.4739855733446579, 0.5964855236313092, -0.15619644696377144, 0.00973790761360771, 0.3168022744778848, 0.3760647686790347, 0.7214232435297099, -1.241540517108223, 1.00270328660388, 0.9481242373017867, 0.10518518079221408, 0.4926159735781008, -0.17505811924520168] 
[-0.43503528059487884, -1.4093699261034534, 0.6611011708725137, -0.22081209420497594, -0.05487773962759679, 0.2521866272366803, 0.4406804159202392, 0.7851595506648801, -1.2164103513483626, 1.0512385483415956, 1.0079589415360175, 0.16256370521845048, 0.5432880521651702, -0.2249917731583132] 
[-0.5807622446690716, -1.2636429620292606, 0.515374206798321, -0.07508513013078322, 0.09084922444659593, 0.10645966316248756, 0.5864073799944319, 0.924804198547974, -1.1266170323634497, 1.1170208946855193, 0.8365293715792452, 0.3481568990800428, 0.34503688875592503, -0.4153933179616171] 
[-0.5628122858187802, -1.281592920879552, 0.5333241656486124, -0.05713517128049184, 0.07289926559630455, 0.08850970431219618, 0.6043573388447233, 0.9549837394328936, -1.200339921866753, 1.1902345099411622, 0.8644169704140047, 0.3626414511012023, 0.3266650440522697, -0.4349625984449271] 
[-0.5449856425574485, -1.2637662776182204, 0.5154975223872807, -0.07496181454182349, 0.0907259088576362, 0.10633634757352783, 0.622183982106055, 0.9839835313626899, -1.2737666698109482, 1.2635629230307293, 0.8937485978913323, 0.3444844091010388, 0.3419638541581782, -0.45167941230101605] 
[-0.556533402588255, -1.2522185175874139, 0.5039497623564743, -0.08650957457262998, 0.07917814882682972, 0.09478858754272135, 0.6106362220752485, 0.988920690193742, -1.2315741863717495, 1.2192628456244448, 0.8747085716352326, 0.35851668377364887, 0.35586665879946827, -0.4389375090817777] 
[-0.5703316559374255, -1.2384202642382434, 0.49015150900730375, -0.10030782792180049, 0.06537989547765921, 0.10858684089189186, 0.624434475424419, 0.9723576033187088, -1.2148637207418342, 1.2190195964304147, 0.859830336056518, 0.37234964405153603, 0.34200411440999334, -0.45380733070107426] 
[-0.4758632802762993, -1.3328886398993696, 0.39568313334617755, -0.005839452260674283, 0.1598482711387854, 0.014118465230765653, 0.7189028510855452, 1.0071852013712395, -0.8763180943794817, 0.8625785801144618, 0.7006881921955727, 0.48802676069113904, 0.4530910468158069, -0.34959274644954297] 
[-0.5452335327960317, -1.2635183873796372, 0.32631288082644516, 0.0635308002590581, 0.09047801861905302, -0.055251787288966736, 0.6495325985658128, 1.076216254476513, -0.8731762457316816, 0.9363143165039433, 0.7763189003242619, 0.5702344233637102, 0.5362813951015404, -0.27934993079528925] 
[-0.6309275923657695, -1.1778243278098994, 0.24061882125670742, -0.02216325931067964, 0.004783959049315278, 0.03044227228077101, 0.7352266581355505, 1.0517315838515786, -1.2633834029198932, 1.3357605715805634, 0.9058190625314451, 0.6563147748428518, 0.4544272734565175, -0.19007079113243425] 
[-0.5748681635966929, -1.233883756578976, 0.29667825002578396, 0.03389616945839691, 0.060843387818391825, 0.08650170104984756, 0.7912860869046271, 1.104508024004189, -1.24884992077054, 1.376625476091104, 0.8546763723747035, 0.601092735801275, 0.39934130182935246, -0.13525490837715076] 
[-0.5542430573025133, -1.2545088628731556, 0.2760531437316044, 0.05452127575257648, 0.0814684941125714, 0.10712680734402713, 0.8119111931988067, 1.128367210547342, -1.2668428719270914, 1.3674890343932564, 0.8325140901662791, 0.5808535904477443, 0.4175577660503047, -0.15477579512726106] 
[-0.5935249986819632, -1.2937908042526054, 0.23677120235215454, 0.09380321713202633, 0.04218655273312155, 0.14640874872347698, 0.7726292518193568, 1.0912633174625639, -1.2801479545803869, 1.3418912251387394, 0.8719594318152202, 0.6254463042693956, 0.45777814559479546, -0.19110835996381265] 
[-0.6018650684228984, -1.2854507345116701, 0.2451112720930898, 0.08546314739109107, 0.050526622474056815, 0.13806867898254171, 0.7642891820784216, 1.0814868467950545, -1.2707567534356, 1.342464289352964, 0.8643241092156987, 0.6327908905382872, 0.45053473583763054, -0.1835243064210384] 
[-0.5554048916071402, -1.238990557695912, 0.291571448908848, 0.13192332420684927, 0.004066445658298612, 0.18452885579829992, 0.8107493588941798, 1.1661986810541896, -1.5107690876546251, 1.577117068115641, 0.9235213218664864, 0.593699117494117, 0.5001449624488982, -0.1321415500220709] 
[-0.5719140523531213, -1.2224813969499309, 0.27506228816286693, 0.11541416346086819, 0.02057560640427969, 0.16801969505231884, 0.8272585196401608, 1.1700314163374568, -1.4369678067963974, 1.5018014860685802, 0.9017479817548113, 0.6074072378775588, 0.4855437362313732, -0.11747814278209419] 
[-0.5399162110149466, -1.1904835556117561, 0.30706012950104167, 0.14741200479904293, 0.05257344774245443, 0.20001753639049358, 0.8592563609783356, 1.178539239194573, -1.309811812466271, 1.3746358851802094, 0.9186317524805758, 0.576688389403825, 0.4561720359070977, -0.08880440176668787] 
[-0.5703523275011698, -1.2209196720979794, 0.3374962459872649, 0.11697588831281969, 0.08300956422867767, 0.23045365287671682, 0.8288202444921123, 1.173365157695191, -1.442194228898015, 1.5102157258635307, 0.9604177219209945, 0.5502434871673771, 0.41983536588557385, -0.12394841364360346] 
[-0.6085225566624243, -1.182749442936725, 0.37566647514851936, 0.15514611747407414, 0.12117979338993212, 0.2686238820379713, 0.7906500153308579, 1.2177216482673392, -1.4756194257482524, 1.492853067029724, 0.9237697106322975, 0.5819482850480702, 0.38935719585016765, -0.09046639291858802] 
[-0.6012443602044283, -1.190027639394721, 0.38294467160651535, 0.16242431393207013, 0.11390159693193613, 0.2613456855799753, 0.7979282117888539, 1.2083852448648789, -1.4661040751708987, 1.4925450043012558, 0.917474609665863, 0.5891339174933783, 0.3963543528384208, -0.09644792918146629] 
[-0.6312195888518887, -1.1600524107472605, 0.41291990025397574, 0.1923995425795305, 0.14387682557939652, 0.2313704569325149, 0.8279034404363143, 1.180597868103844, -1.4765114168154143, 1.47321535507364, 0.9412285763861197, 0.5651620901860962, 0.4190900932045252, -0.12234822438340542] 
[-0.6355231718203481, -1.155748827778801, 0.4172234832224352, 0.19670312554798997, 0.14818040854785597, 0.22706687396405545, 0.8322070234047737, 1.1749300697113847, -1.4707218591794762, 1.472993436801298, 0.9374106273969821, 0.5681651693349349, 0.41442737374947825, -0.12736757510797075] 
[-0.6318846450050221, -1.152110300963475, 0.42086201003776125, 0.1930645987326639, 0.15181893536318203, 0.2307054007793815, 0.8285684965894476, 1.1798198384476697, -1.475949333478045, 1.4736150946635211, 0.9420329848926867, 0.573168794603738, 0.4183136962642186, -0.13042353999956266] 
[-0.6604137122904356, -1.1235812336780615, 0.39233294275234776, 0.16453553144725042, 0.12328986807776854, 0.259234468064795, 0.8570975638748611, 1.1254471866483977, -1.3683312204353864, 1.3754826772130129, 0.95927914007478, 0.6003998037880893, 0.3886685745468379, -0.16348189440660585] 
[-0.6810467120118621, -1.102948233956635, 0.37169994303092124, 0.1439025317258239, 0.14392286779919505, 0.2798674677862215, 0.8777305635962876, 1.1315911000981331, -1.3137146757735876, 1.3213562745197314, 0.9742535553594733, 0.6215063879107583, 0.37352678741158823, -0.14537054174440978] 
[-0.6672673342895682, -1.1167276116789289, 0.35792056530862737, 0.15768190944811777, 0.15770224552148893, 0.26608809006392764, 0.8639511858739938, 1.1032809581576777, -1.2625376832843673, 1.2759134004993178, 0.9828942615466606, 0.6383520145510109, 0.38762775145762124, -0.1566870842972686] 
[-0.6892618116502022, -1.1387220890395628, 0.37991504266926135, 0.17967638680875175, 0.13570776816085495, 0.2880825674245616, 0.8859456632346278, 1.1341687199741834, -1.2953010571207468, 1.279520157913025, 1.0088479887666397, 0.6618414203662668, 0.37242536824338285, -0.13725658788703063] 
[-0.7029607651157076, -1.1524210425050683, 0.3662160892037559, 0.19337534027425718, 0.12200881469534952, 0.2743836139590562, 0.8996446167001332, 1.115423327585312, -1.276351911176972, 1.2791237131606819, 0.9973105956550974, 0.6753545615069967, 0.3858348385163549, -0.14856776731529214] 
[-0.6906231129655581, -1.1647586946552178, 0.3785537413539054, 0.20571299242440666, 0.10967116254520004, 0.2867212661092057, 0.9119822688502827, 1.1311373085953516, -1.2892068040967697, 1.273577519565425, 0.9862731820355243, 0.6871014555263107, 0.3977940869962056, -0.15890523170195558] 
[-0.7029239466166936, -1.1770595283063532, 0.39085457500504084, 0.19341215877327123, 0.12197199619633547, 0.27442043245807024, 0.8996814351991472, 1.1436896966112957, -1.290206605709352, 1.2889906777284916, 1.0034495806307242, 0.701270129053255, 0.38443694797557965, -0.17350469089251977] 
[-0.6977873476377451, -1.1821961272853017, 0.38571797602609237, 0.1985487577522197, 0.12710859517528394, 0.2795570314370187, 0.8945448362201988, 1.153943150173071, -1.3108385985470157, 1.3088735484643306, 1.0125533192403098, 0.70759271425502, 0.380783998677081, -0.16897910308090167] 
[-0.6990078813328137, -1.180975593590233, 0.3844974423310238, 0.19976929144728828, 0.12832912887035253, 0.27833649774195013, 0.8957653699152673, 1.1535224046431323, -1.3141238512242839, 1.312171938837929, 1.0119761386649522, 0.7085989359235244, 0.37986579733225895, -0.1679158610364167] 
[-0.7072119830516187, -1.172771491871428, 0.3927015440498288, 0.2079733931660933, 0.12012502715154749, 0.2701323960231451, 0.9039694716340724, 1.1637208079202732, -1.322279543285781, 1.308298712845914, 1.004659813395066, 0.7164310358908146, 0.3878489132956174, -0.17476052280643428] 
[-0.7048460816030379, -1.1751373933200089, 0.39506744549840966, 0.20560749171751247, 0.12249092860012833, 0.26776649457456425, 0.9016035701854915, 1.1684283372104853, -1.3315780197374825, 1.3171757513655802, 1.0080444018677617, 0.7150071878899595, 0.3905131341111391, -0.1719580574824592] 
[-0.7042374660314498, -1.175746008891597, 0.39567606106999775, 0.20621610728910056, 0.12309954417171642, 0.26715787900297616, 0.9022121857570796, 1.169236302850847, -1.3323763217229647, 1.317157135022452, 1.008541077884438, 0.7144231103323736, 0.38992056557592975, -0.17144597257174976] 
[-0.7276259991176958, -1.199134541977843, 0.41906459415624375, 0.22960464037534656, 0.14648807725796242, 0.24376934591673016, 0.8788236526708336, 1.163486687092959, -1.4031655268614052, 1.3923943585234697, 1.0491931699834747, 0.7482333608816978, 0.4140669887692964, -0.19091304448108856] 
[-0.7438358875949874, -1.1829246535005513, 0.4352744826335354, 0.2133947518980549, 0.13027818878067077, 0.2599792343940218, 0.8950335411481253, 1.1475357355696576, -1.4042375516468986, 1.3746384148523236, 1.0337139171872418, 0.7642084760294291, 0.4354462361586105, -0.17144595178850902] 
[-0.7454068788865705, -1.1813536622089682, 0.4337034913419523, 0.21496574318963801, 0.12870719748908765, 0.26155022568560493, 0.8966045324397084, 1.145411341470222, -1.4020766493754402, 1.3745641743106074, 1.0317220409919525, 0.7620587658591345, 0.43382062255138754, -0.17013412700171696] 
[-0.7652400567045178, -1.2011868400269154, 0.45353666915989954, 0.23479892100758526, 0.1485403753070349, 0.2417170478676577, 0.9164377102576556, 1.1066840957816082, -1.3287076233530004, 1.3039430676467423, 0.9962452147861217, 0.7379120685189837, 0.4544320828563178, -0.14700133174657792] 
[-0.7813219886191537, -1.1851049081122795, 0.46961860107453546, 0.2508808529222212, 0.16462230722167082, 0.22563511595302177, 0.9003557783430197, 1.1281636202519456, -1.3502770750638498, 1.3041290505565641, 1.017219180793615, 0.7614266970453814, 0.4765771570176991, -0.12772855191224558] 
[-0.7971965992243558, -1.2009795187174817, 0.4854932116797376, 0.23500624231701905, 0.18049691782687294, 0.2415097265582239, 0.8844811677378176, 1.1585989697099166, -1.405238411611957, 1.3570151661636316, 1.046146125113766, 0.7812558710335156, 0.4613066161499586, -0.14569718517021127] 
[-0.7899350520440674, -1.20824106589777, 0.4782316644994492, 0.22774469513673068, 0.1877584650071613, 0.23424817937793552, 0.891742714918106, 1.1618936787192888, -1.3898974107996587, 1.341514548837328, 1.0498061303529322, 0.7760288575926593, 0.46893433267137324, -0.1372983685477314] 
[-0.8024186102295666, -1.1957575077122709, 0.46574810631395, 0.24022825332222986, 0.2002420231926605, 0.22176462119243634, 0.9042262731036051, 1.1465702938471931, -1.3786247190879535, 1.3501935912886245, 1.0673029842601898, 0.7944786682147645, 0.48318558010902324, -0.1477409011726788] 
[-0.8042975235289206, -1.1976364210116248, 0.467627019613304, 0.2383493400228759, 0.20212093649201446, 0.21988570789308237, 0.9023473598042512, 1.1442330043839875, -1.3768844260918243, 1.3514989877969783, 1.070006665496312, 0.7974363616711956, 0.4859209141742778, -0.14549743019380962] 
[-0.8082481345568543, -1.2015870320395585, 0.4715776306412377, 0.23439872899494218, 0.20607154751994816, 0.21593509686514867, 0.8983967487763175, 1.1516677113847873, -1.3901517026133416, 1.3642721468285792, 1.0773549308990906, 0.8040136425597861, 0.49174907485474867, -0.14077498990369058] 
[-0.8195842242923125, -1.2129231217750167, 0.4829137203766959, 0.223062639259484, 0.19473545778448997, 0.22727118660060686, 0.8870606590408593, 1.1616893426475616, -1.3851143648310142, 1.3706907871281282, 1.0646464505099604, 0.7921837335811492, 0.5024488901723655, -0.12804116178717362] 
[-0.82844800420147, -1.2217869016841743, 0.49177750028585343, 0.23192641916864154, 0.18587167787533243, 0.2184074066914493, 0.8781968791317017, 1.1777409285241067, -1.4131907933164072, 1.3973666714824808, 1.076724021471493, 0.7868889265667534, 0.5092337090560839, -0.13595749107715244] 
[-0.8326863765135027, -1.226025273996207, 0.49601587259788615, 0.23616479148067426, 0.19011005018736515, 0.22264577900348204, 0.8824352514437345, 1.175596987803933, -1.4215023667280675, 1.4056052407371427, 1.0725615574285579, 0.780768157010504, 0.5032333968064394, -0.141011741484607] 
[-0.8291807036700217, -1.229530946839688, 0.4995215454413672, 0.23967046432415529, 0.19361572303084618, 0.219140106160001, 0.8859409242872155, 1.1786947209127567, -1.4198707304120328, 1.4075793872918865, 1.068579497971512, 0.7768827795239155, 0.5056049616954917, -0.1441907365851911] 
[-0.8158366543222869, -1.2428749961874228, 0.512865594789102, 0.2530145136718901, 0.206959772378581, 0.2057960568122662, 0.8992849736349503, 1.1962417966598937, -1.4369018173127608, 1.4064280192562164, 1.0857665138872066, 0.7965531557950837, 0.5210176169500668, -0.15545495217654307] 
[-0.8283849053833067, -1.230326745126403, 0.5254138458501217, 0.26556276473290985, 0.19441152131756123, 0.21834430787328596, 0.8867367225739305, 1.1809328917267683, -1.4251326966162323, 1.4141589061149695, 1.0977627443210582, 0.7884258748476686, 0.5305696817165336, -0.16681468640081248] 
[-0.821313837084065, -1.2373978134256447, 0.5183427775508801, 0.2726338330321515, 0.20148258961680288, 0.2112732395740443, 0.8938077908731722, 1.1932515742105898, -1.4464598717674875, 1.4345198548702969, 1.107242730372778, 0.7844676971054483, 0.5360699077793132, -0.17314702498823598] 
[-0.8353427058438897, -1.2514266821854694, 0.5043139087910554, 0.28666270179197617, 0.1874537208569782, 0.225302108333869, 0.9078366596329969, 1.1870917272516013, -1.47930697159127, 1.4708117963849046, 1.1321900031089682, 0.8073833308440131, 0.5528900915148524, -0.18501093571276878] 
[-0.8300168152181698, -1.2461007915597495, 0.5096397994167753, 0.29198859241769604, 0.18212783023125834, 0.21997621770814912, 0.9131625502587167, 1.1918038682626988, -1.4766707677912871, 1.4736675258989853, 1.1253183797687505, 0.7993192746264209, 0.5467668644799805, -0.18051219481806566] 
[-0.8389199967297881, -1.2371976100481312, 0.5185429809283936, 0.28308541090607775, 0.19103101174287662, 0.21107303619653084, 0.922065731770335, 1.1877781560134526, -1.4973890452584413, 1.496526856425763, 1.1413446156062148, 0.8143559113664055, 0.5596041189195134, -0.16992512799760554] 
[-0.8489122597120006, -1.2272053470659188, 0.528535243910606, 0.2930776738882902, 0.18103874876066417, 0.2210652991787433, 0.9320579947525475, 1.1833329332743712, -1.5201607236894163, 1.5218035767834492, 1.1592876901453555, 0.831199771246869, 0.574064252506759, -0.1581357928707764] 
[-0.8322063868022579, -1.210499474156176, 0.5452411168203487, 0.3097835467980329, 0.19774462167040685, 0.23777117208848597, 0.9153521218428048, 1.1906281171338007, -1.482941095937272, 1.4801896391079958, 1.1290918031196706, 0.8038064964869114, 0.5545773662748826, -0.14393570192622432] 
[-0.8315788385610937, -1.209871925915012, 0.5446135685791845, 0.3091559985568687, 0.19711707342924267, 0.23839872032965015, 0.915979670083969, 1.1909385301769189, -1.4817245434942468, 1.478945969720309, 1.1293168859094085, 0.8030791245480903, 0.5537120683686457, -0.14468505368242668] 
[-0.8257019776094329, -1.2157487868666728, 0.5504904295308454, 0.31503285950852955, 0.20299393438090352, 0.244275581281311, 0.9101028091323081, 1.1835245930684872, -1.4758346511895366, 1.4825106448062983, 1.134269444835049, 0.7970227891074734, 0.5457501163107454, -0.15168480288335445] 
[-0.8128490051525937, -1.228601759323512, 0.5376374570740062, 0.3021798870516904, 0.19014096192406438, 0.23142260882447185, 0.9229557815891473, 1.2065377454055821, -1.515597408828719, 1.5213225045978278, 1.1597997691214785, 0.8200915985652253, 0.565172540948226, -0.136008401811951] 
[-0.8113961708991962, -1.2300545935769094, 0.5361846228206087, 0.3036327213050879, 0.1886881276706669, 0.23287544307786934, 0.9215029473357498, 1.2083034735502136, -1.5168813577857834, 1.5202452482744249, 1.1577359736747306, 0.8183616562598639, 0.5665443651506178, -0.13436911211475086] 
[-0.8190215700324622, -1.2224291944436434, 0.5438100219538747, 0.3112581204383539, 0.19631352680393288, 0.22525004394460335, 0.9138775482024838, 1.1956316676432823, -1.4960601252728356, 1.5020955842336619, 1.164430527774664, 0.826386319290659, 0.5591321898305912, -0.14301039641368754] 
[-0.8240810007624874, -1.2274886251736685, 0.5488694526838999, 0.30619868970832875, 0.201372957533958, 0.22019061321457822, 0.9189369789325089, 1.2019235415732072, -1.5010025803506601, 1.4990264641389692, 1.1601206211161614, 0.8313098095164134, 0.5645020011793661, -0.14735147766506804] 
[-0.830326868538063, -1.2337344929492442, 0.5551153204594755, 0.31244455748390443, 0.19512708975838233, 0.2264364809901539, 0.9251828467080846, 1.2124159122433316, -1.518192016566255, 1.5143321245698464, 1.158211904301466, 0.8383516593606455, 0.5713631645681928, -0.15270657640395935] 
[-0.8231758111414366, -1.2408855503458707, 0.562266377856102, 0.30529350008727796, 0.18797603236175586, 0.21928542359352743, 0.9323339041047111, 1.2157667060891557, -1.5026247212937878, 1.4972655212749915, 1.1492131718690592, 0.8421875429389567, 0.5657508708242176, -0.1462992572036384] 
[-0.8313526709572397, -1.2327086905300675, 0.5704432376719052, 0.31347035990308114, 0.19615289217755905, 0.21110856377772425, 0.9241570442889079, 1.202485845744206, -1.4811397731728924, 1.478608796477716, 1.1565732101504147, 0.8512191482953595, 0.5600948060241685, -0.1388427375236568] 
[-0.8236727858880916, -1.2250288054609193, 0.5781231227410534, 0.3211502449722293, 0.18847300710841086, 0.21878844884687243, 0.9164771592197597, 1.21254859775789, -1.4908632883921644, 1.4778194198452792, 1.1664788980142202, 0.8604912467003714, 0.5549681976823719, -0.1317976843878381] 
[-0.8260697427574976, -1.2274257623303253, 0.5757261658716474, 0.3235472018416353, 0.18607605023900486, 0.22118540571627843, 0.9188741160891657, 1.2102588169473028, -1.4912943259885896, 1.475211044061951, 1.163962574630805, 0.8617967608791619, 0.5524442770242269, -0.13452214458371994] 
[-0.83328066882519, -1.2346366883980178, 0.5685152398039549, 0.31633627577394285, 0.19328697630669733, 0.2283963317839709, 0.9260850421568582, 1.1976645542485995, -1.4695469113199424, 1.4538802539685542, 1.149703928213861, 0.8490494282884187, 0.5419287082491097, -0.14310858468828813] 
[-0.8375754993904366, -1.2389315189632644, 0.5642204092387083, 0.31204144520869626, 0.18899214574145073, 0.2326911623492175, 0.9303798727221048, 1.1935908773842636, -1.4704527365392552, 1.4494043250402049, 1.1457598987298814, 0.853349370411223, 0.5476639045679723, -0.13804790622554275] 
[-0.8285523453788998, -1.2299083649517275, 0.5551972552271714, 0.3210645992202331, 0.1980152997529876, 0.24171431636075436, 0.9213567187105679, 1.2051742986198068, -1.4810287814591172, 1.4470641357269092, 1.1519608560020658, 0.8437961250300947, 0.5355354070210054, -0.14871247088343686] 
[-0.8210589930022473, -1.222415012575075, 0.547703902850519, 0.3285579515968856, 0.1905219473763351, 0.24920766873740685, 0.9288500710872204, 1.1954913741214859, -1.4721418581693977, 1.448896776621632, 1.1468797030309703, 0.8518047127882135, 0.5457495209627254, -0.13976946553218017] 
[-0.81493896088375, -1.2162949804565777, 0.5538239349690163, 0.33467798371538293, 0.19664197949483242, 0.25532770085590417, 0.9349701032057177, 1.2061857837813403, -1.4904508865899901, 1.466301260378936, 1.1544441111649455, 0.8463183347303865, 0.5376180893902477, -0.14706857675576415] 
[-0.8248961132577798, -1.2262521328306075, 0.5438667825949864, 0.3247208313413531, 0.1866848271208026, 0.265284853229934, 0.9449272555797475, 1.2151272207216648, -1.4864297734427683, 1.4730229238248285, 1.1484389858562316, 0.8565122901992315, 0.5481588599783264, -0.15547526705719306] 
[-0.826135866533943, -1.2250123795544443, 0.5426270293188232, 0.3234810780651899, 0.1879245803969658, 0.2640450999537708, 0.9461670088559108, 1.215692637586101, -1.4837115814280002, 1.4700614403235137, 1.1470142316984901, 0.8576512661957485, 0.5498168191575892, -0.15398529563253752] 
[-0.8256669216153306, -1.2254813244730567, 0.5421580844002108, 0.3230121331465775, 0.18745563547835342, 0.2635761550351584, 0.9466359537745231, 1.2154920002243492, -1.4847881510406067, 1.471265846782382, 1.1479038963390849, 0.8584771540665254, 0.550512946526546, -0.15341197507520227] 
[-0.8198243259793906, -1.2313239201089967, 0.5363154887642708, 0.32885472878251754, 0.19329823111429345, 0.26941875067109844, 0.9524785494104632, 1.2099018487783142, -1.4858028287554006, 1.464976992213792, 1.1418611838819657, 0.8616270752985667, 0.5441923284289999, -0.1602000935574389] 
[-0.8363367459168679, -1.247836340046474, 0.5198030688267935, 0.3123423088450402, 0.20981065105177077, 0.28593117060857576, 0.9359661294729859, 1.2259896434242723, -1.4840584438847917, 1.484598089299594, 1.1671572753793593, 0.8822700668573806, 0.5284359756693142, -0.17909828819312057] 
[-0.8447847958454638, -1.239388290117878, 0.5113550188981976, 0.32079035877363615, 0.20136260112317483, 0.2943792205371717, 0.9444141794015818, 1.2404536513134314, -1.5095981169022488, 1.5094072389045734, 1.18231282965274, 0.8937161727139348, 0.5234120435838395, -0.17147215152065048] 
[-0.8363458958610818, -1.2478271901022602, 0.5029161189138155, 0.32922925875801823, 0.2098015011075569, 0.2859403205527896, 0.9528530793859639, 1.2366541579346435, -1.5286648677906045, 1.5305088238115487, 1.1970334470407582, 0.9051969249337473, 0.5183235070596084, -0.16388126602793057] 
[-0.8301744216398433, -1.2539986643234986, 0.5090875931350539, 0.33540073297925665, 0.21597297532879534, 0.29211179477402804, 0.9466816051647254, 1.2287781756246432, -1.5214289413198803, 1.5319290355194055, 1.1920456551998084, 0.9087270709757636, 0.5116629649504729, -0.1711173001133968] 
[-0.8300366526951465, -1.2538608953788017, 0.5092253620797508, 0.3352629640345598, 0.21583520638409848, 0.2922495637187249, 0.9468193741094223, 1.2286474049718914, -1.5214593791479991, 1.5317910299786377, 1.1919251454613717, 0.9088590306651364, 0.5118075667085081, -0.1712312998382288] 
[-0.8106723999053899, -1.2344966425890451, 0.5285896148695074, 0.3546272168243164, 0.2351994591738551, 0.3116138165084815, 0.9661836268991789, 1.2470287629161736, -1.5171857099029389, 1.5511935788699818, 1.2088692641153123, 0.8903139324912387, 0.49148637593163247, -0.1552083776772697] 
[-0.8193153307541728, -1.2258537117402621, 0.5372325457182904, 0.34598428597553343, 0.22655652832507212, 0.3202567473572645, 0.9748265577479619, 1.2320702163000499, -1.4907787751029977, 1.5259348574940932, 1.1974353284968393, 0.8942613667411214, 0.48494139047468016, -0.14767471484737218] 
[-0.8167477653937966, -1.2232861463798859, 0.5346649803579141, 0.34341672061515716, 0.2291240936854484, 0.3228243127176408, 0.9722589923875856, 1.227534887001773, -1.4828144927216307, 1.5181881249315343, 1.192626023018606, 0.8908073136074015, 0.48732908827651217, -0.1446960093401437] 
[-0.8279139589140073, -1.212119952859675, 0.5458311738781249, 0.3322505270949464, 0.24029028720565915, 0.33399050623785154, 0.9834251859077964, 1.2325165563954108, -1.4579010601168017, 1.4911336445136683, 1.1798340943042178, 0.9007134556782463, 0.49891161050289545, -0.15384596263765443] 
[-0.8195274023601485, -1.220506509413534, 0.5542177304319836, 0.3406370836488052, 0.23190373065180037, 0.32560394968399275, 0.9750386293539376, 1.2405599946075891, -1.4565739479264133, 1.5003328118734125, 1.1887216521739434, 0.8967111156047559, 0.5082170183102236, -0.14381748894494414] 
[-0.8167806995773387, -1.2232532121963438, 0.5569644332147935, 0.3378903808659953, 0.23465043343461023, 0.3228572469011829, 0.9777853321367475, 1.2454300194689576, -1.4650402567639562, 1.5085841642566298, 1.1939455716496914, 0.9005907650122454, 0.5067001218257221, -0.14133577551947155] 
[-0.8087150446189025, -1.23131886715478, 0.5488987782563574, 0.3298247259075592, 0.24271608839304637, 0.33092290185961903, 0.9858509870951836, 1.249095953940311, -1.4473187988140868, 1.4892455308390355, 1.1845813518820207, 0.9078483116734011, 0.5151354234757523, -0.14794672333963768] 
[-0.8191269390601733, -1.2417307615960507, 0.5384868838150866, 0.3194128314662884, 0.25312798283431714, 0.3413347963008898, 0.9962628815364544, 1.2316632099109812, -1.4181731419194716, 1.4630757400084842, 1.1871929766698073, 0.8948035233427214, 0.49963501803244215, -0.16105793688544023] 
[-0.8227536494919389, -1.2453574720278162, 0.5421135942468521, 0.32303954189805395, 0.2567546932660827, 0.33770808586912426, 0.9998895919682199, 1.2281985187021867, -1.4188594206788492, 1.4592498817554254, 1.1835076135100004, 0.896885385674988, 0.49703276129150264, -0.1578895308482035] 
[-0.8121803049159276, -1.234784127451805, 0.5526869388228633, 0.3336128864740652, 0.2673280378420939, 0.3482814304451355, 0.9893162473922087, 1.2155083864032117, -1.4098274108330302, 1.4674286812726451, 1.2000772552448622, 0.9148189926859379, 0.5102459345558299, -0.16617465217507127] 
[-0.8075743689937206, -1.230178191529598, 0.5572928747450704, 0.32900695055185813, 0.2627221019198869, 0.3528873663673425, 0.9847103114700017, 1.221077319736084, -1.413851458233317, 1.4639649559064885, 1.1934610669750378, 0.9094480373989495, 0.5145657448415333, -0.16078771526714958] 
[-0.8123509655992337, -1.234954788135111, 0.5525162781395573, 0.33378354715737124, 0.2674986985254, 0.3481107697618294, 0.9799337148644885, 1.216768958781179, -1.4157911010942612, 1.4607153209439911, 1.1961787711523972, 0.9037248820222038, 0.507341249828262, -0.16689794239887504] 
[-0.8157182097660048, -1.2383220323018822, 0.5558835223063284, 0.3371507913241424, 0.26413145435862884, 0.3447435255950583, 0.9833009590312597, 1.213488630086285, -1.4161544108793978, 1.4567005134501994, 1.1909873260617159, 0.8993817490747406, 0.5091319538466068, -0.16993699844184948] 
[-0.8229085473060395, -1.2455123698419168, 0.5486931847662938, 0.344341128864177, 0.2569411168185942, 0.33755318805502366, 0.9761106214912251, 1.2172989119983186, -1.4019332470051233, 1.442277848262877, 1.1946372543691361, 0.8949716189555397, 0.5168523133416425, -0.1613506280896442] 
[-0.8235144503935005, -1.2461182729293778, 0.5492990878537548, 0.344947031951638, 0.2575470199060552, 0.33694728496756265, 0.9755047184037641, 1.218293355773655, -1.4035916138074105, 1.4437682617860426, 1.1944631948611173, 0.8956823984525343, 0.5175317951915522, -0.16183459701066075] 
[-0.8209914683581595, -1.2486412549647188, 0.5467761058184138, 0.34242404991629705, 0.25502403787071426, 0.3344243029322217, 0.978027700439105, 1.2214968418589178, -1.4064997306445792, 1.4431048112004348, 1.1961339594827636, 0.8929995147404357, 0.5147652654147418, -0.15980758111826796] 
[-0.8177406618615269, -1.2518920614613513, 0.5435252993217813, 0.3456748564129296, 0.2517732313740817, 0.33767510942885426, 0.9812785069357376, 1.2159683041289249, -1.3966693483260082, 1.4335091998270337, 1.1902229096107395, 0.8887754857151496, 0.5177383654888643, -0.1560292406408176] 
[-0.8155370484563872, -1.254095674866491, 0.5413216859166415, 0.34787846981806936, 0.24956961796894195, 0.3354714960237145, 0.9834821203408773, 1.213342725583469, -1.3948246885453626, 1.4352356143385099, 1.1938156522741656, 0.8927837600190511, 0.5213359571209472, -0.15318389052921108] 
[-0.8221189309038593, -1.2606775573139632, 0.5479035683641137, 0.3412965873705972, 0.2429877355214698, 0.34205337847118666, 0.9769002378934052, 1.2216164199677668, -1.4022857412066494, 1.4334498609233517, 1.1979979646316958, 0.8852596502532583, 0.511637854186073, -0.16148015411288297] 
[-0.8283789902591473, -1.2669376166692512, 0.5416435090088257, 0.34755664672588515, 0.24924779487675774, 0.3483134378264746, 0.9831602972486931, 1.2272612885400631, -1.399534018581347, 1.4375096346196616, 1.1934736859541146, 0.889325873625244, 0.507240857521638, -0.15602116750377765] 
[-0.8240480927062642, -1.2626067191163681, 0.5459744065617088, 0.3518875442787682, 0.24491689732387467, 0.3526443353793577, 0.9788293996958101, 1.2323898645367886, -1.4031521875743092, 1.4341747464977366, 1.1865511542072953, 0.8818727241779023, 0.501899760360968, -0.1526696935223762] 
[-0.8270628046398841, -1.2595920071827482, 0.5489891184953287, 0.3488728323451483, 0.24190218539025476, 0.3556590473129776, 0.98184411162943, 1.2274298745420378, -1.3944139721243491, 1.4258238921815514, 1.1831522362912095, 0.8848489078169319, 0.5062665263478606, -0.1488385309742949] 
[-0.8143201984570173, -1.272334613365615, 0.5617317246781955, 0.36161543852801514, 0.2546447915731216, 0.3684016534958444, 0.9691015054465631, 1.2122316309825434, -1.3835170067348854, 1.4354100908439411, 1.2020310191832992, 0.9014382693975496, 0.4991674086182428, -0.1374290996011612] 
[-0.800313879599332, -1.2583282945079297, 0.5757380435358809, 0.3476091196703298, 0.2686511104308069, 0.38240797235352975, 0.9550951865888778, 1.2051631707155475, -1.4159595313087912, 1.4713384158212244, 1.2287179681656755, 0.927035657966751, 0.5167201129087693, -0.14797276540872878] 
[-0.799021323288163, -1.2596208508190987, 0.5744454872247119, 0.3489016759814988, 0.2699436667419759, 0.38111541604236077, 0.9538026302777088, 1.204425231008504, -1.4184737927028293, 1.4738288843545884, 1.227448258274049, 0.9256960168155893, 0.5180275105584309, -0.14640855985114776] 
[-0.7923515731310758, -1.2662906009761858, 0.581115237381799, 0.34223192582441164, 0.27661341689906305, 0.3877851661994479, 0.9471328801206217, 1.1965700621852668, -1.4130715215761431, 1.4791955718705425, 1.238372299182401, 0.938043195958354, 0.5294441240678788, -0.1373708336959803] 
[-0.8039553354720387, -1.2778943633171487, 0.5927189997227619, 0.3538356881653745, 0.2650096545581002, 0.3761814038584851, 0.9355291177796589, 1.2103834785599648, -1.4234224027911317, 1.471691346387232, 1.2274332424358856, 0.9448182815015178, 0.5215633792499241, -0.12744128075484265] 
[-0.8140087231600547, -1.2879477510051647, 0.5826656120347459, 0.34378230047735847, 0.2549562668700842, 0.3862347915465011, 0.9455825054676749, 1.216237773755517, -1.403226453342941, 1.4510745902218858, 1.2311645348648546, 0.9332708914860992, 0.5104965110530042, -0.11971620000641649] 
[-0.8250690930191124, -1.2990081208642223, 0.5937259818938035, 0.3327219306183008, 0.2660166367291419, 0.3751744216874434, 0.9566428753267325, 1.2101261989263654, -1.4276152470697887, 1.4775377825471154, 1.244833192392282, 0.9287989224922913, 0.5235260023928361, -0.10587603492185738] 
[-0.8325170958606812, -1.2915601180226535, 0.5862779790522347, 0.3401699334598697, 0.27346463957071077, 0.3826224245290123, 0.9640908781683014, 1.2187533997673379, -1.4335947955183692, 1.4716867109455036, 1.2332626195624259, 0.9161954337640125, 0.5142986178981965, -0.10030798898978621] 
[-0.8270597079699805, -1.2861027301319528, 0.580820591161534, 0.3456273213505704, 0.2789220274614115, 0.388079812419713, 0.9695482660590021, 1.2135348914043291, -1.4347665931139117, 1.465708435833573, 1.2252462442496057, 0.9098442617438305, 0.5195971166908744, -0.09376460408795424] 
[-0.8206820308646713, -1.292480407237262, 0.5744429140562247, 0.33924964424526116, 0.2852997045667207, 0.39445748952502224, 0.9631705889536929, 1.2078516674085313, -1.4381263132677853, 1.4623153481755142, 1.233242717391622, 0.9175964205217427, 0.5162488510995888, -0.08807594729235957] 
[-0.8255793793334253, -1.287583058768508, 0.5793402625249787, 0.34414699271401517, 0.2901970530354747, 0.39935483799377625, 0.9582732404849389, 1.212286505619392, -1.4358252720801652, 1.4654135936739883, 1.2294573322316806, 0.9201174000132507, 0.5106917854032775, -0.09414327823647221] 
[-0.819842193423498, -1.2933202446784353, 0.5736030766150514, 0.3498841786239425, 0.29593423894540205, 0.3936176520838489, 0.9640104263948662, 1.2210111509324872, -1.4503717360822774, 1.4782927586902517, 1.2240138633537772, 0.9143469888527699, 0.5164919800847824, -0.08716368524220289] 
[-0.8281444549222446, -1.2850179831796886, 0.5819053381137981, 0.3415819171251958, 0.30423650044414874, 0.4019199135825956, 0.9723126878936129, 1.2340976923646476, -1.474262954063487, 1.5018199243806527, 1.2387362029675433, 0.9257287072618113, 0.5126375562759665, -0.0796677480302737] 
[-0.8193409601474863, -1.293821477954447, 0.5907088328885565, 0.3503854118999542, 0.31303999521890713, 0.410723408357354, 0.9811161826683713, 1.2288888002540754, -1.4915719376699441, 1.5195074754920956, 1.2353250903765542, 0.9362540670696061, 0.5227721506467988, -0.0863402500144532] 
[-0.8216994517412574, -1.2961799695482181, 0.5883503412947854, 0.3527439034937253, 0.310681503625136, 0.4083649167635829, 0.9787576910746002, 1.2266644208770243, -1.492243147536904, 1.5172287385422167, 1.2333234037393392, 0.9387712724155913, 0.5254180224309718, -0.08813981921656312] 
[-0.8138734121821835, -1.304006009107292, 0.5961763808538593, 0.3605699430527992, 0.3028554640660621, 0.4161909563226568, 0.9865837306336741, 1.233756957053998, -1.4885494897664995, 1.522224453390402, 1.2275432327798381, 0.9436695622412005, 0.5203053423818447, -0.08139254969848113] 
[-0.8140525590003368, -1.3038268622891387, 0.5959972340357059, 0.36074908987095256, 0.3026763172479088, 0.41601180950450345, 0.9864045838155208, 1.2336529044568973, -1.488941317072072, 1.5226488509113403, 1.2277632977827608, 0.9436054529500603, 0.5205157855999616, -0.08116861436663511] 
[-0.814198383100046, -1.303972686388848, 0.5958514099359967, 0.36060326577124335, 0.302822141347618, 0.41586598540479425, 0.9862587597158116, 1.2334851835616418, -1.4888271579309853, 1.5227653262408867, 1.2280030407862552, 0.9438843979350612, 0.5207755678322756, -0.08096750530096092] 
[-0.8103738617544946, -1.3077972077343993, 0.5996759312815482, 0.3644277871167948, 0.3066466626931694, 0.4120414640592428, 0.990083281061363, 1.23005179684648, -1.4908671488303182, 1.5207103432236369, 1.2327086001360272, 0.9480658525987651, 0.5170352473779337, -0.08558789087528887] 
[-0.8152616759802321, -1.3029093935086618, 0.6045637455072858, 0.3595399728910572, 0.311534476918907, 0.4169292782849804, 0.9851954668356254, 1.2375351985376586, -1.5046466739211541, 1.5343288641724495, 1.2411713697875741, 0.9541549568609392, 0.5124981903437779, -0.09142604864576107] 
[-0.8285387126797933, -1.316186430208223, 0.6178407822068469, 0.37281700959061836, 0.32481151361846816, 0.43020631498454154, 0.9719184301360643, 1.2579819134186487, -1.5418584407770453, 1.5710834186446352, 1.264131701989115, 0.970511780266225, 0.5001218908247926, -0.10733979281120705] 
[-0.813426355868775, -1.3010740733972046, 0.6329531390178652, 0.38792936640163667, 0.30969915680744986, 0.44531867179555984, 0.9870307869470826, 1.2444526407597731, -1.5503874082504143, 1.563446557058304, 1.2856775327495606, 0.9970637376762315, 0.5200276466658127, -0.11801696493524887] 
[-0.8151954928780974, -1.302843210406527, 0.6311840020085427, 0.3861602293923142, 0.3079300197981274, 0.4470878088048823, 0.9852616499377601, 1.24603326736684, -1.549413821449657, 1.5643633987041219, 1.2833987304789616, 0.9948486822049444, 0.5208761546060683, -0.11959423817422253] 
[-0.8224860548323115, -1.3101337723607411, 0.6238934400543287, 0.3934507913465283, 0.31522058175234147, 0.4543783707590964, 0.9925522118919742, 1.2391750445180298, -1.5516573289372586, 1.5573849977863088, 1.2772801471147446, 1.002378765892641, 0.528825220941409, -0.12507485544625968] 
[-0.8205774304042482, -1.3120423967888044, 0.625802064482392, 0.39535941577459155, 0.31712920618040474, 0.4524697463310331, 0.9906435874639109, 1.2369554083261725, -1.5500106139312189, 1.5586615544706135, 1.2790532703829622, 1.0013206490917193, 0.5300922192650351, -0.12669452163681733] 
[-0.8123811495146435, -1.3038461158991996, 0.6176057835927872, 0.38716313488498677, 0.3253254870700095, 0.4442734654414283, 0.9988398683535157, 1.242327547142282, -1.5349230596678012, 1.5438789157354327, 1.2897054512132728, 1.0164952098205624, 0.5448472837180752, -0.11513858098026211] 
[-0.8158240546991927, -1.307289021083749, 0.6210486887773364, 0.39060604006953603, 0.32188258188546026, 0.44083056025687906, 1.0022827735380648, 1.2381325383937458, -1.5309954806475754, 1.5444680558005928, 1.2845481404286632, 1.0103315771566794, 0.5402950155254265, -0.11269917586944955] 
[-0.8180587592475906, -1.3095237256321468, 0.6232833933257343, 0.3883713355211381, 0.3241172864338582, 0.43859585570848114, 1.000048068989667, 1.2414400610577494, -1.5366509207002563, 1.5496594009372675, 1.283931756624082, 1.0133639953324125, 0.5439946667858696, -0.10965822991032773] 
[-0.8165963561589472, -1.3080613225435034, 0.6218209902370909, 0.38983373860978154, 0.32265488334521475, 0.44005825879712457, 1.0015104720783103, 1.2423174528618257, -1.5335477410709246, 1.5462912496188965, 1.2822000382469902, 1.0140525925428105, 0.5429863801320911, -0.10841511529472317] 
[-0.8103202684938954, -1.3017852348784515, 0.6280970779021428, 0.3835576509447297, 0.3163787956801629, 0.43378217113207274, 0.9952343844132585, 1.2498491244992576, -1.5401808310369278, 1.5443028068764444, 1.2873645932768931, 1.011208282414348, 0.5502174249441909, -0.10056429693134693] 
[-0.8070707813102665, -1.2985357476948227, 0.6313465650857716, 0.38680713812835854, 0.31962828286379175, 0.43703165831570157, 0.9984838715968873, 1.247989376833416, -1.5473980660435844, 1.5523485317994525, 1.2936882491765178, 1.0178418107958358, 0.5561925168417845, -0.09601570211508494] 
[-0.8300580886795669, -1.321523055064123, 0.6543338724550719, 0.40979444549765887, 0.34261559023309207, 0.41404435094640124, 1.0214711789661877, 1.262728846360353, -1.5049324059096976, 1.5108016021914588, 1.3227748558713617, 1.060064956026636, 0.5972589992235269, -0.06409175018520322] 
[-0.8352230593511852, -1.3266880257357414, 0.6594988431266903, 0.4046294748260405, 0.34778056090471043, 0.4088793802747829, 1.026636149637806, 1.2675891981312881, -1.5032592011974995, 1.5158255176909445, 1.3280550180484276, 1.0581281680827035, 0.6031292451287508, -0.05776538052939493] 
[-0.8284345899261546, -1.333476495160772, 0.6527103737016596, 0.39784100540100986, 0.3545690303297411, 0.4156678496998135, 1.0198476802127754, 1.2612330595905494, -1.505671748579281, 1.5095351401613353, 1.3225944290946339, 1.065595573096424, 0.6110472137313141, -0.06302168227886627] 
[-0.8133568072676959, -1.3485542778192308, 0.6376325910432009, 0.4129187880594686, 0.33949124767128236, 0.43074563235827223, 1.0047698975543167, 1.2469174800935814, -1.5100714963956123, 1.493830475268402, 1.3003842372400551, 1.0480474647615918, 0.6245044900745917, -0.045276143151930626] 
[-0.8051511580451035, -1.3567599270418231, 0.6294269418206085, 0.42112443728206095, 0.34769689689387473, 0.4389512815808646, 1.012975546776909, 1.2583463660696521, -1.530197289138871, 1.5125678522919537, 1.297840945068724, 1.0592647209415749, 0.6381604532999644, -0.03418712927988728] 
[-0.7956679094160258, -1.3662431756709008, 0.6389101904496862, 0.4306076859111386, 0.3571801455229524, 0.4294680329517869, 1.0034922981478314, 1.2452624513802006, -1.5066836480190782, 1.4905976454547556, 1.3012128365216789, 1.0476634224304084, 0.6269142804048768, -0.027082468380258157] 
[-0.8033541214791925, -1.3739293877340675, 0.6465964025128529, 0.42292147384797196, 0.34949393345978574, 0.4371542450149536, 1.011178510210998, 1.2349189994716172, -1.4883707178616075, 1.4740068596875033, 1.3118291496383823, 1.0628139261621707, 0.6412166773344296, -0.016398068860120355] 
[-0.8135977652922016, -1.3636857439210583, 0.656840046325862, 0.4331651176609811, 0.3392502896467766, 0.4473978888279627, 1.000934866397989, 1.2236290265898147, -1.4809377948893199, 1.4821034163706304, 1.329438265451536, 1.0839184374609405, 0.6604512483599213, -0.002092840672187471] 
[-0.8086389401836599, -1.3587269188125166, 0.6617988714344037, 0.4381239427695228, 0.34420911475531835, 0.442439063719421, 0.9959760412894472, 1.2270399122436917, -1.4705799818049745, 1.4710038567354788, 1.3239378497833645, 1.08622617077331, 0.6570474082628636, 0.002116790373838275] 
[-0.7955921812217895, -1.371773677774387, 0.6487521124725334, 0.42507718380765247, 0.3572558737171887, 0.45548582268129134, 1.0090228002513175, 1.2450878927263238, -1.5034281328394707, 1.5030286025178978, 1.33662412698196, 1.0731753648342117, 0.6425598137507912, 0.011989005306464143] 
[-0.800488128559297, -1.3766696251118944, 0.643856165135026, 0.4299731311451599, 0.3523599263796813, 0.4505898753437839, 1.00412685291381, 1.2504831036969009, -1.5069634706112023, 1.4991459452853995, 1.328175998699403, 1.0630095623820366, 0.6332309750784466, 0.005045068049001453] 
[-0.8064006106739957, -1.3707571429971956, 0.6379436830203272, 0.43588561325985864, 0.34644744426498253, 0.45650235745848267, 0.9982143707991114, 1.2547305230686596, -1.4949370627764125, 1.4868819327928042, 1.3302718332568335, 1.0549376719302455, 0.6232617655390048, -0.003054877274578178] 
[-0.8167719053996539, -1.3603858482715374, 0.6483149777459855, 0.44625690798551687, 0.3360761495393243, 0.4668736521841409, 1.0085856655247696, 1.2646489236725622, -1.4917794082946152, 1.4975098345546582, 1.3487030200355687, 1.07662836064154, 0.6429493184810428, 0.011739089267201634] 
[-0.8259473718080831, -1.3695613146799666, 0.6574904441544146, 0.455432374393946, 0.34525161594775344, 0.45769818577571175, 0.9994101991163404, 1.256197737061834, -1.4965366659349564, 1.4916416173417075, 1.355458552335064, 1.071232920612756, 0.6489194837199704, 0.003915895678403291] 
[-0.8254374752247199, -1.3700712112633298, 0.6569805475710514, 0.4549224778105828, 0.34576151253111664, 0.45718828919234855, 0.9989003025329772, 1.2557170500932255, -1.4967354390522123, 1.4911841736570433, 1.3549841226193515, 1.0714943576313671, 0.6485782751893409, 0.004349065091038665] 
[-0.8370652231023524, -1.3816989591409623, 0.6686082954486839, 0.44329472993295027, 0.3573892604087492, 0.4688160370699811, 1.0105280504106098, 1.263874698772639, -1.473050899654191, 1.466003246819, 1.3450310975547817, 1.0850249886139236, 0.6674703631672743, 0.020223242768700824] 
[-0.8425443011379724, -1.3871780371765823, 0.6740873734843039, 0.4378156518973303, 0.36286833844436917, 0.4742951151056011, 1.0160071284462298, 1.2689414532546104, -1.4700973679272942, 1.4695262663931412, 1.3409292835767548, 1.0882169721990373, 0.6639452562120971, 0.024909393528958497] 
[-0.8375427794149147, -1.39217955889964, 0.6690858517612462, 0.44281717362038797, 0.36786986016742684, 0.47929663682865875, 1.011005606723172, 1.2624392145396282, -1.459084766161269, 1.4595018134328392, 1.3468125134744062, 1.0944057162975103, 0.6617263233378143, 0.029411847698647804] 
[-0.8289325579855412, -1.3835693374702664, 0.6776960731906198, 0.43420695219101446, 0.37648008159680035, 0.47068641539928524, 1.0023953852937986, 1.2705518399093179, -1.455315323096199, 1.4667987852019744, 1.3531813501972072, 1.0849419465697987, 0.6518385906072992, 0.035762780613548414] 
[-0.8181751797900504, -1.3943267156657573, 0.6669386949951289, 0.4449643303865053, 0.3657227034013095, 0.4599290372037944, 0.9916380070983077, 1.2825155309909102, -1.464106362491537, 1.4598221583531414, 1.345950409402986, 1.0989362505641285, 0.6701412946487394, 0.05067514441445855] 
[-0.8288450440109781, -1.404996579886685, 0.6776085592160567, 0.43429446616557754, 0.3550528391803818, 0.47059890142472216, 0.98096814287738, 1.292587522048495, -1.4594404950119353, 1.4687365420402179, 1.3532095850364079, 1.085370338823483, 0.6522032757607918, 0.035935509712754374] 
[-0.8360631689087271, -1.397778454988936, 0.6848266841138057, 0.42707634126782856, 0.3478347142826328, 0.47781702632247114, 0.988186267775129, 1.301872929347887, -1.4764327423263781, 1.4853853849217435, 1.359686581963016, 1.0778748330160408, 0.6441339168302703, 0.041245470514120405] 
[-0.8351038513912677, -1.3968191374714767, 0.6838673665963463, 0.4261170237503692, 0.34879403180009216, 0.4787763438399305, 0.9891455852925883, 1.3027838972032963, -1.4760542458329535, 1.4862934355410762, 1.3611225764864894, 1.079156890830854, 0.6437333207702817, 0.04210950404529842] 
[-0.8441337937282672, -1.4058490798084762, 0.6928973089333458, 0.4351469660873687, 0.33976408946309267, 0.469746401502931, 0.9801156429555888, 1.314525932370598, -1.497187800045031, 1.5069764270535129, 1.3694116415608728, 1.0698557252414862, 0.6337153906964059, 0.04875652015569475] 
[-0.8395029223675746, -1.4012182084477836, 0.6975281802940384, 0.4397778374480613, 0.3443949608237853, 0.4651155301422384, 0.9754847715948962, 1.3181274582063354, -1.4888002227248076, 1.4986495504664799, 1.3750187094195847, 1.0756379804070824, 0.6316252980596445, 0.052890604060356054] 
[-0.8440013782430985, -1.4057166643233074, 0.6930297244185145, 0.4352793815725374, 0.3398965049482614, 0.4606170742667145, 0.9709863157193723, 1.323167409895634, -1.4931109861650154, 1.4970226442969317, 1.3821219253630492, 1.0846382609626564, 0.6401225348345178, 0.059400774856562505] 
[-0.8544962180401762, -1.416211504120385, 0.7035245642155922, 0.4457742213696151, 0.32940166515118374, 0.47111191406379216, 0.9604914759222947, 1.3115340665331665, -1.4838402217397082, 1.5022834401376766, 1.3762463980954642, 1.098104767363606, 0.6577321338771657, 0.07406133070937597] 
[-0.8545778866871253, -1.416129835473436, 0.7036062328625413, 0.4458558900165642, 0.3293199965042346, 0.4711935827107413, 0.9605731445692438, 1.311457832070053, -1.4838870155968782, 1.5022308424082977, 1.376312277084075, 1.0980692085867796, 0.657830623570836, 0.0741672415722662] 
[-0.8562585762032587, -1.4178105249895694, 0.7052869223786747, 0.4441752005004308, 0.3276393069881012, 0.46951289319460787, 0.9588924550531104, 1.313548925058505, -1.487418905205599, 1.5054821108657295, 1.3743501064676082, 1.0962249310355083, 0.6595497014672901, 0.07627109450495026] 
[-0.8548157358106455, -1.4163676845969562, 0.7038440819860615, 0.4427323601078176, 0.3290821473807144, 0.4709557335872211, 0.9603352954457236, 1.3148909707062069, -1.4865433019547882, 1.506319140069965, 1.3723989917398451, 1.0943432065502916, 0.6601885528674325, 0.07498545952309486] 
[-0.8471721877876054, -1.4240112326199963, 0.6962005339630214, 0.43508881208477745, 0.3367256954037545, 0.46331218556418097, 0.9679788434687637, 1.3245175952338337, -1.503631990181752, 1.523162927331099, 1.3807501847091324, 1.0917310221604082, 0.6696042497387776, 0.08494664334431937] 
[-0.8541251219769305, -1.4309641668093214, 0.7031534681523465, 0.44204174627410253, 0.32977276121442944, 0.47026511975350604, 0.9610259092794387, 1.3179243025406882, -1.506913157554777, 1.5172947876541873, 1.3741171934943757, 1.0944143865982086, 0.6612286663090068, 0.07599064712291224] 
[-0.850890503435921, -1.4341987853503309, 0.699918849611337, 0.43880712773309305, 0.3330073797554389, 0.46703050121249656, 0.9577912907384292, 1.3209523309450582, -1.504947311991565, 1.5192105383594559, 1.3699010760987942, 1.0907297993693732, 0.6644927523888761, 0.08002663587465943] 
[-0.8447063009593564, -1.4280145828737663, 0.7061030520879016, 0.43262292525652846, 0.3391915822320035, 0.47321470368906116, 0.9516070882618646, 1.3134137556203285, -1.4917189743205952, 1.506656086044388, 1.372907546259708, 1.0836288996680437, 0.6575288773424606, 0.08450605804580691] 
[-0.8415559738505863, -1.4311649099825363, 0.7092533791966716, 0.4294725981477584, 0.3423419093407736, 0.4700643765802911, 0.9547574153706346, 1.3159588684170234, -1.486031210692358, 1.5010402195629564, 1.3774248258107578, 1.0897376418010825, 0.663477617590783, 0.08914021209052754] 
[-0.8369142589457707, -1.435806624887352, 0.7138950941014873, 0.4341143130525741, 0.34698362424558926, 0.4654226616754754, 0.9593991302754503, 1.3203682817889937, -1.4837928599554375, 1.5049262511901005, 1.381854644219612, 1.0879497676454792, 0.6691200741450918, 0.0951729445894568] 
[-0.828760091150129, -1.4276524570917104, 0.7220492618971289, 0.4259601452569325, 0.33882945644994766, 0.473576829471117, 0.9512449624798087, 1.3138079763796502, -1.4997416128290624, 1.5217724385004623, 1.390510160164117, 1.085121750833964, 0.6790529877497615, 0.1057334966426025] 
[-0.83278804880329, -1.4316804147448714, 0.7180213042439679, 0.4299881029100935, 0.33480149879678667, 0.469548871817956, 0.9472170048266477, 1.3175961665526348, -1.4974613821739593, 1.5244606843912831, 1.3882375725420237, 1.0903347440420734, 0.6859196112328285, 0.11147653492600224] 
[-0.8341838034124479, -1.4302846601357135, 0.7166255496348101, 0.4285923483009356, 0.33619725340594453, 0.4709446264271139, 0.9486127594358056, 1.316466730909668, -1.5000573946733795, 1.527083447068183, 1.3873247818497676, 1.0912300709863016, 0.6850569144004967, 0.11265699956450972] 
[-0.8308668573247758, -1.4269677140480415, 0.713308603547138, 0.4319092943886077, 0.3395141994936166, 0.4676276803394418, 0.9519297055234777, 1.3133599159262144, -1.5020829179157091, 1.5251512018557634, 1.3917325587849996, 1.095464030085482, 0.6836099642410252, 0.11561273838974166] 
[-0.827287919992396, -1.4233887767156617, 0.7097296662147582, 0.4354882317209875, 0.3359352621612368, 0.4712066176718216, 0.9555086428558575, 1.3172778395911477, -1.5052853159129354, 1.5235830739334104, 1.3963688620247743, 1.0994540183797965, 0.6800067016566244, 0.1111453444392026] 
[-0.820488379251869, -1.4165892359751346, 0.7165292069552852, 0.4422877724615145, 0.34273480290176384, 0.4780061584123486, 0.9623081835963845, 1.3227203032415842, -1.4927330281183488, 1.5110972208067772, 1.4043041445619326, 1.106799799579342, 0.6730560282635982, 0.10262636519364367] 
[-0.8150643904082625, -1.4111652471315281, 0.7111052181116787, 0.436863783617908, 0.34815879174537034, 0.4725821695687421, 0.956884194752778, 1.3185336006252213, -1.5037455459373483, 1.5230222218815204, 1.4142384023082941, 1.1180604146904267, 0.6835007548333706, 0.1106371014356683] 
[-0.8270059442534706, -1.39922369328632, 0.7230467719568868, 0.4488053374631161, 0.3362172379001622, 0.4845237234139502, 0.9449426409075699, 1.30723178563915, -1.509275700862344, 1.5130729408561425, 1.4052523835532187, 1.130972649740457, 0.6968648424654406, 0.10198961969285565] 
[-0.8258836790602978, -1.3981014280931472, 0.721924506763714, 0.44992760265628895, 0.33733950309333505, 0.4834014582207774, 0.943820375714397, 1.308095966369112, -1.5072215919301404, 1.510993002506572, 1.4059384503442711, 1.1302416454556148, 0.6975513057088395, 0.10104417085053984] 
[-0.8072427261034169, -1.4167423810500281, 0.740565459720595, 0.4685685556131699, 0.355980456050216, 0.5020424111776584, 0.9251794227575161, 1.3257007178409457, -1.4990189965502032, 1.5273816735111927, 1.4241192575921378, 1.1233069656470047, 0.7206912760682755, 0.12563960070469343] 
[-0.809176987272976, -1.4186766422195873, 0.7424997208901541, 0.4705028167827291, 0.3540461948806568, 0.5001081500080992, 0.9271136839270753, 1.3238688453977834, -1.49994269626571, 1.5257805534004045, 1.4226824987962396, 1.1253727129397315, 0.7228204912765749, 0.12428318967394633] 
[-0.817574018514862, -1.4270736734614733, 0.7508967521320401, 0.46210578554084314, 0.36244322612254276, 0.5085051812499851, 0.9355107151689612, 1.3329400343364532, -1.506089963318271, 1.519324658377229, 1.4101081606308692, 1.1139210061051483, 0.7260831656500868, 0.11676686183873812] 
[-0.8104595491511039, -1.4341881428252314, 0.743782282768282, 0.4692202549046013, 0.3695576954863009, 0.5156196506137433, 0.9426251845327194, 1.3396960827900193, -1.5026595554090996, 1.5253424195811804, 1.4169786073757342, 1.1113930770184293, 0.735074984235963, 0.12631041506177057] 
[-0.8148255568879063, -1.429822135088429, 0.7394162750314796, 0.4648542471677989, 0.3739237032231033, 0.5112536428769409, 0.9469911922695218, 1.3443929545754494, -1.5060124800143757, 1.522403632182281, 1.4138484708008054, 1.1161546895361205, 0.7399519336262863, 0.12326215975970989] 
[-0.8086849264864754, -1.43596276548986, 0.7455569054329104, 0.47099487756922975, 0.36778307282167244, 0.5173942732783717, 0.9531318226709526, 1.3510663840711257, -1.5112240321827604, 1.519192706782321, 1.4175632889815624, 1.1091686927545246, 0.7329608304675514, 0.12754281681005378] 
[-0.8030016970296597, -1.4416459949466756, 0.7398736759760948, 0.4766781070260454, 0.3734663022784881, 0.5117110438215561, 0.947448593214137, 1.3449813301068287, -1.5070917616036086, 1.5234552343218846, 1.425641979971848, 1.1157553201224273, 0.7271795961588492, 0.1203143026212583] 
[-0.8028360941073388, -1.4414803920243546, 0.7400392788984157, 0.47684370994836633, 0.373631905200809, 0.511876646743877, 0.9476141961364579, 1.3451794427165868, -1.507442617010511, 1.5237833231399538, 1.4254347119788087, 1.115543038099622, 0.7272458138302115, 0.12016632313353946] 
[-0.8146798361633011, -1.453324134080317, 0.751883020954378, 0.4886874520043286, 0.3854756472567713, 0.5000329046879147, 0.9357704540804956, 1.3338487215345776, -1.5129731430793347, 1.513438792016817, 1.4084250595243566, 1.10170435258353, 0.7391741587280052, 0.1351847209005492] 
[-0.8322551160904802, -1.470899414007496, 0.7343077410271989, 0.4711121720771495, 0.4030509271839504, 0.5176081846150938, 0.9181951741533165, 1.3506910050325804, -1.5043764872856762, 1.5285943150372328, 1.4347207628460907, 1.1257782758272807, 0.7328018694503391, 0.15108063906342295] 
[-0.8380055074868008, -1.4766498054038166, 0.7400581324235195, 0.4653617806808289, 0.408801318580271, 0.5118577932187732, 0.9239455655496371, 1.356752716178422, -1.508597994473488, 1.5246204670340069, 1.429304687401882, 1.1276205530775705, 0.7254608202400247, 0.14330122229560277] 
[-0.8322455355863799, -1.4708898335033957, 0.7342981605230986, 0.459601808780408, 0.4145612904806919, 0.5176177651191941, 0.929705537450058, 1.3622667478645478, -1.5050783660058618, 1.5283925440739268, 1.424768071082894, 1.1309411381299739, 0.7220383412302886, 0.14813416331488133] 
[-0.8411539813700298, -1.4797982792870457, 0.7253897147394487, 0.4685102545640579, 0.4234697362643418, 0.526526210902844, 0.9386139832337079, 1.3699637183298174, -1.4886521431936048, 1.512131820568992, 1.4383824004775188, 1.1497869199043464, 0.7406361879273023, 0.16208010330783937] 
[-0.8287767510547618, -1.4674210489717776, 0.7377669450547167, 0.4561330242487899, 0.41109250594907376, 0.5389034412181121, 0.9262367529184399, 1.3591711192408062, -1.5120458364568172, 1.535782209330724, 1.4319340202409825, 1.164904573267161, 0.7555475901529783, 0.15373969038827653] 
[-0.8229368201347008, -1.4732609798918386, 0.7319270141346558, 0.4502930933287289, 0.4052525750290128, 0.544743372138173, 0.9320766838385008, 1.3653253557429843, -1.5161780206309987, 1.5314076415823923, 1.4224669003671102, 1.1536771988800945, 0.7472373970295669, 0.15723065287830573] 
[-0.8244570986555314, -1.4747812584126692, 0.7334472926554864, 0.4518133718495595, 0.4037322965081822, 0.5432230936173424, 0.9305564053176703, 1.3669321998152195, -1.5173905192735617, 1.530568503553598, 1.4236727971715695, 1.152785836591536, 0.7481271768049619, 0.15596299235709568] 
[-0.8137124675040796, -1.4640366272612173, 0.7441919238069382, 0.46255800300101135, 0.39298766535673035, 0.5539677247687943, 0.9198117741662184, 1.377291393258464, -1.511914308322751, 1.5396099690382286, 1.441792516919092, 1.1757626636090133, 0.7706943340384041, 0.17311584385547435] 
[-0.8357716706213204, -1.4419774241439764, 0.7662511269241791, 0.4846172061182522, 0.4150468684739712, 0.5319085216515534, 0.8977525710489775, 1.400777509928926, -1.5303379575526928, 1.5287521378713047, 1.4719196431447528, 1.2046808067397141, 0.7628819183472177, 0.19287445403171483] 
[-0.845540794517924, -1.45174654804058, 0.7564820030275755, 0.47484808222164865, 0.40527774457736765, 0.541677645548157, 0.887983447152374, 1.3915676966945798, -1.536207174337302, 1.5224449783150718, 1.4801603607810743, 1.201323509502943, 0.7755013223929172, 0.20629458471951825] 
[-0.858400392148586, -1.464606145671242, 0.7693416006582375, 0.4619884845909866, 0.41813734220802967, 0.528818047917495, 0.875123849521712, 1.40530850041524, -1.5461219324473356, 1.513747365386165, 1.472062179740124, 1.218969292290786, 0.799667135140754, 0.22637886534504764] 
[-0.8615837626172976, -1.4677895161399537, 0.7661582301895259, 0.46517185505969827, 0.4213207126767413, 0.5320014183862066, 0.8719404790530003, 1.4090111857406213, -1.5525960854019105, 1.5201591756855133, 1.4751764428790135, 1.2172868136609605, 0.8015458712639024, 0.22375063578204996] 
[-0.8567213863455593, -1.4629271398682153, 0.7612958539177875, 0.4700342313314366, 0.41645833640500296, 0.5271390421144683, 0.867078102781262, 1.4136396144761845, -1.5495979543351726, 1.5233792844767255, 1.4713660579965788, 1.2201576510994718, 0.7987915523534553, 0.22779276887023284] 
[-0.8636744067593235, -1.455974119454451, 0.7682488743315518, 0.4630812109176724, 0.40950531599123874, 0.5340920625282325, 0.8740311231950262, 1.4217158183956256, -1.5634032840692544, 1.536522396440942, 1.4665742170251348, 1.2244626360555644, 0.7949058659809758, 0.23358906656832573] 
[-0.8606850730285903, -1.4589634531851843, 0.7712382080622849, 0.4660705446484056, 0.40651598226050556, 0.5370813962589657, 0.8770204569257594, 1.4249279945212898, -1.5659617457764567, 1.534991161354421, 1.4703747935697977, 1.227585725482539, 0.7916894354148779, 0.2296358548363747] 
[-0.8510237078677932, -1.4686248183459814, 0.7615768429014879, 0.4564091794876085, 0.41617734742130263, 0.5467427614197627, 0.8673590917649623, 1.415786529596115, -1.5721053213775689, 1.5290837842780511, 1.483327150682437, 1.2400922134741712, 0.7884329959383539, 0.23831866886070635] 
[-0.8435569888144653, -1.4760915373993093, 0.7690435619548158, 0.44894246043428054, 0.4236440664746306, 0.5392760423664348, 0.8598923727116343, 1.407859261857975, -1.566100371543071, 1.5334446681536869, 1.4792785287705055, 1.2508637643688392, 0.8029046585961457, 0.25023676111129284] 
[-0.8513006944171807, -1.4838352430020247, 0.7612998563521004, 0.45668616603699597, 0.431387772077346, 0.5315323367637194, 0.8676360783143497, 1.4145841258967236, -1.5516773518035043, 1.5184010983863374, 1.471841465536257, 1.2550773626601104, 0.7984496898663137, 0.25661966835678107] 
[-0.8580911959663958, -1.4770447414528096, 0.7545093548028853, 0.4634766675862111, 0.4245972705281309, 0.5383228383129345, 0.8608455767651346, 1.407463849670603, -1.5466290859179601, 1.5230454647915268, 1.476549792429521, 1.2470360553133193, 0.7903626519552917, 0.26100247979350316] 
[-0.8448612527866669, -1.4638147982730807, 0.7677392979826142, 0.45024672440648217, 0.411367327348402, 0.5515527814926634, 0.8740755199448635, 1.3960007087369304, -1.5715739862638032, 1.5494549712806318, 1.5000421086345366, 1.2765084538357905, 0.8196622203383407, 0.2831541661718601] 
[-0.8396458814673132, -1.4690301695924344, 0.7625239266632605, 0.4450313530871285, 0.41658269866775566, 0.5567681528120171, 0.8688601486255099, 1.3904859667443477, -1.5678251381522428, 1.553470477266611, 1.5087351759806, 1.287692135106687, 0.8309903101080747, 0.2918609467673029] 
[-0.8326724533523401, -1.4760035977074075, 0.7555504985482874, 0.45200478120210164, 0.4096092705527825, 0.5637415809269902, 0.875833576740483, 1.382406089531468, -1.5531943520962819, 1.5388007793437866, 1.498178543087666, 1.2783685799090108, 0.8331025516964691, 0.28554660965614015] 
[-0.8423626442498681, -1.4856937886049355, 0.7652406894458154, 0.4616949720996296, 0.4192994614503105, 0.5540513900294622, 0.866143385842955, 1.3730940267983083, -1.5585949272179886, 1.5313405555816717, 1.4912696478405139, 1.2893994395401343, 0.8441832552076379, 0.27933432228393323] 
[-0.8347336486679858, -1.4780647930230533, 0.7728696850276976, 0.4540659765177474, 0.42692845703219273, 0.5616803856113445, 0.8737723814248373, 1.3804214237859418, -1.5538399830593101, 1.5363769322774936, 1.485237953910533, 1.2939379406240015, 0.8399230629175796, 0.28563715395133044] 
[-0.857769345753966, -1.5011004901090335, 0.7959053821136778, 0.47710167360372757, 0.4499641541181729, 0.5386446885253643, 0.8968080785108175, 1.406581890207048, -1.5993729479727588, 1.5796340790669583, 1.4582214630447445, 1.271217874933501, 0.8654439746177301, 0.3166153130742008] 
[-0.860472957451475, -1.5038041018065424, 0.7986089938111868, 0.47980528530123656, 0.44726054242066393, 0.5359410768278553, 0.8941044668133085, 1.4036104904036348, -1.594289094634367, 1.574763263430534, 1.4617006291931611, 1.2746428702666897, 0.8645842416664727, 0.31907107815979885] 
[-0.8455193224026843, -1.4888504667577518, 0.8135626288599774, 0.4947589203500272, 0.4323069073718733, 0.550894711876646, 0.8791508317645178, 1.3891568033246706, -1.6041398506428688, 1.5651378809444387, 1.48183689229089, 1.2939004379997032, 0.8599056031867333, 0.33267575312016634] 
[-0.8381873698046495, -1.4961824193557867, 0.8062306762619426, 0.48742696775199235, 0.43963885996990815, 0.5582266644746808, 0.8864827843625527, 1.3826403867876584, -1.6174541236947184, 1.5791899509005514, 1.4947053412128237, 1.3101110194530832, 0.8760354335653636, 0.34489737690291583] 
[-0.8242106468625171, -1.510159142297919, 0.7922539533198102, 0.5014036906941247, 0.4536155829120405, 0.5442499415325485, 0.8725060614204203, 1.3961587795418624, -1.609183839130728, 1.5899274200519953, 1.5068857164456446, 1.3022483132767255, 0.8840006529287645, 0.3333340634660881] 
[-0.8297652533139112, -1.515713748749313, 0.7978085597712042, 0.49584908424273066, 0.44806097646064647, 0.5498045479839425, 0.8669514549690263, 1.4012592028579745, -1.5989731505852673, 1.579670016753786, 1.5110598569058704, 1.2989774090686426, 0.8870949271367964, 0.3287053204212624] 
[-0.8363187134882705, -1.5222672089236724, 0.8043620199455636, 0.48929562406837135, 0.4546144366350058, 0.5563580081583018, 0.8603979947946669, 1.3952012668088516, -1.611172803309043, 1.5921892435933265, 1.5175197886777505, 1.2972157769132466, 0.8958903322077654, 0.3379393720896599] 
[-0.8277234649900443, -1.5136719604254463, 0.7957667714473374, 0.4978908725665975, 0.44601918813677965, 0.5477627596600757, 0.8518027462964408, 1.4032369624204517, -1.5956310713243875, 1.576604387397432, 1.5248519416818496, 1.294544399694972, 0.9073642594665822, 0.3500847833306687] 
[-0.8327518226150489, -1.5187003180504508, 0.800795129072342, 0.502919230191602, 0.4510475457617842, 0.5427344020350712, 0.8467743886714363, 1.398059854504434, -1.59209302958728, 1.5802181013633547, 1.532039454551539, 1.3012766165646144, 0.9059330853516688, 0.35467027253981404] 
[-0.8167555354074904, -1.5027040308428923, 0.7847988418647834, 0.5189155173991605, 0.4670438329693427, 0.5587306892426297, 0.8627706758789948, 1.4152677456035738, -1.6235449183592447, 1.611843046714516, 1.5600324012731475, 1.3375740673522627, 0.942160233131062, 0.3818209954780605] 
[-0.8254378471935738, -1.5113863426289758, 0.7761165300787, 0.527597829185244, 0.4757261447554262, 0.5500483774565462, 0.8714529876650783, 1.4242618183904532, -1.629830920286959, 1.6059611923075905, 1.5543507280397901, 1.3479350452961472, 0.9525933885406856, 0.3763502996873002] 
[-0.8410582051958969, -1.5270067006312988, 0.7604961720763769, 0.5432181871875671, 0.4601057867531031, 0.5656687354588693, 0.8870733456674014, 1.4403685106933035, -1.640977338572615, 1.595246972580782, 1.5410112903398103, 1.356281996878662, 0.9436620928514835, 0.3892990857638124] 
[-0.8448552700995781, -1.5232096357276177, 0.764293236980058, 0.5470152520912482, 0.46390285165678424, 0.5618716705551882, 0.8908704105710825, 1.4439291448101936, -1.633731111952923, 1.5878582626340654, 1.5373310924449057, 1.3571990772316618, 0.9385356770302594, 0.38394686802109895] 
[-0.8336470050913228, -1.534417900735873, 0.7755015019883132, 0.5582235170995035, 0.47511111666503947, 0.5730799355634434, 0.8796621455628273, 1.4559099417907264, -1.6554464120917756, 1.6089185537763695, 1.5180421292560806, 1.331371119954196, 0.9133574644071982, 0.36519596979708857] 
[-0.832072905956683, -1.5328438016012331, 0.777075601122953, 0.5597976162341433, 0.4735370175303997, 0.5715058364288036, 0.8780880464281875, 1.4542524487992599, -1.6523495152858823, 1.6058369007183382, 1.5170198639896713, 1.3332097160779754, 0.9152234343829926, 0.3641953555668259] 
[-0.8330478179116118, -1.5338187135561618, 0.7761006891680243, 0.560772528189072, 0.47256210557547096, 0.5705309244738749, 0.8790629583831162, 1.4532242520341425, -1.6504500584804538, 1.6039697943242524, 1.5178637898516953, 1.3329458894859243, 0.9165363882954728, 0.3655738958915406] 
[-0.8368175204755496, -1.530049010992224, 0.7798703917319622, 0.5570028256251341, 0.4763318081394088, 0.5743006270378127, 0.8752932558191784, 1.449383537204579, -1.6478542619507004, 1.606636047981836, 1.524326349000326, 1.3407410388004204, 0.9222126433263942, 0.3635453627462913] 
[-0.8226731620637872, -1.5159046525804616, 0.7657260333201997, 0.5428584672133717, 0.4904761665511712, 0.5884449854495751, 0.8894376142309408, 1.4355184091155664, -1.6570858928241925, 1.5971933945988084, 1.5370251771850512, 1.3371008340637165, 0.9413769777540993, 0.38361818023474226] 
[-0.8260788589720488, -1.5124989556722, 0.7623203364119381, 0.5462641641216334, 0.49388186345943286, 0.5850392885413135, 0.8928433111392025, 1.4318314747045935, -1.6500922973482561, 1.5901687146580814, 1.531049011511272, 1.3299720455591821, 0.9361310224378294, 0.38540605995560323] 
[-0.8216961082215456, -1.5168817064227031, 0.7579375856614349, 0.5418814133711302, 0.49826461420993606, 0.5894220392918167, 0.8972260618897057, 1.427571829358302, -1.6529658672184975, 1.5874575789668945, 1.538769174044808, 1.340342076587178, 0.9462978654706495, 0.39288939030208136] 
[-0.8354335226478796, -1.5306191208490372, 0.7716750000877689, 0.5556188277974642, 0.5120020286362701, 0.5756846248654827, 0.8834886474633716, 1.41271298558795, -1.6245483831683427, 1.5589189714234146, 1.5145923069468152, 1.311366259890159, 0.9248973792559073, 0.400108481933626] 
[-0.8315770271368937, -1.5267626253380513, 0.767818504576783, 0.5517623322864783, 0.5081455331252842, 0.5795411203764685, 0.8796321519523858, 1.4089327600524413, -1.6271089043469413, 1.556455888630401, 1.5214516461683867, 1.320655227062158, 0.9339819356753061, 0.40670044765705965] 
[-0.8382470150764697, -1.5200926373984753, 0.774488492516359, 0.5450923443469023, 0.5148155210648602, 0.5862111083160445, 0.8863021398919617, 1.401826839539114, -1.613708030131386, 1.543032702061463, 1.5113018581096738, 1.311154125003901, 0.9354613397705283, 0.40048164435156874] 
[-0.8360592430072867, -1.5222804094676583, 0.772300720447176, 0.5429045722777194, 0.5170032931340431, 0.5840233362468615, 0.8884899119611447, 1.4038584175949442, -1.609562821907279, 1.5387722066472982, 1.5082077764365038, 1.3087448035234297, 0.9376753681188643, 0.4033434680136688] 
[-0.8487050839059628, -1.5096345685689823, 0.7596548795485, 0.5555504131763954, 0.5296491340327192, 0.5966691771455376, 0.8758440710624686, 1.416203888783562, -1.601215748146999, 1.546808446359404, 1.4872929654810114, 1.282316753739799, 0.9176958119164187, 0.40995043497240874] 
[-0.8464714468502849, -1.5118682056246602, 0.757421242492822, 0.5533167761207175, 0.5274154969770413, 0.5989028142012155, 0.8780777081181466, 1.4182478600489608, -1.5970807772228128, 1.5426376349492992, 1.4884329443300732, 1.279454781607194, 0.9148667423126919, 0.4113056268023091] 
[-0.8680967556170963, -1.4902428968578487, 0.7790465512596335, 0.531691467353906, 0.5057901882102298, 0.620528122968027, 0.8564523993513351, 1.4392728158381114, -1.583469953849014, 1.5573828424057266, 1.4786081521075156, 1.3136804714961816, 0.9596595213324328, 0.44686584028159215] 
[-0.8631136747865992, -1.4852598160273516, 0.7840296320901307, 0.5267083865234089, 0.5008071073797327, 0.6255112037985241, 0.851469318520838, 1.434469112625894, -1.5863912284148747, 1.5535284046236368, 1.4742896847015394, 1.3163815302764066, 0.9569542807923559, 0.45094744078260107] 
[-0.8711640210224346, -1.4772094697915161, 0.7920799783259661, 0.5347587327592443, 0.5088574536155681, 0.6335615500343595, 0.8595196647566734, 1.4435431975867725, -1.602161087377644, 1.5690760871815113, 1.4793710355908658, 1.3042756826000204, 0.9401860907843267, 0.4372226481227535] 
[-0.8882596052155155, -1.4601138855984352, 0.7749843941328852, 0.5518543169523252, 0.525953037808649, 0.6506571342274404, 0.8766152489497543, 1.461562724215906, -1.6150839257044938, 1.5569484272584044, 1.4644979003290381, 1.313605716681958, 0.9309614077003382, 0.4512048505438134] 
[-0.8895386280946082, -1.4588348627193426, 0.7737053712537926, 0.5505752940732326, 0.5246740149295563, 0.6519361571065331, 0.8778942718288469, 1.4630525423922582, -1.6175432820949955, 1.559298696501164, 1.4640382651453872, 1.315657719494517, 0.9336714728682239, 0.453392106487293] 
[-0.8903857823866489, -1.4579877084273019, 0.7728582169617518, 0.5497281397811918, 0.5255211692215971, 0.6527833113985738, 0.8770471175368062, 1.4637776411250363, -1.6161369173541285, 1.557908969265499, 1.4653460462737984, 1.3173653169949897, 0.9349587811131366, 0.4529767521896769] 
[-0.8757642914793341, -1.4726091993346166, 0.758236726054437, 0.5643496306885066, 0.5401426601289119, 0.6674048023058886, 0.8624256266294914, 1.4777216128324966, -1.6083940098996732, 1.5705527232073428, 1.4875418679960901, 1.3381556856779702, 0.93197798172233, 0.4665967590137047] 
[-0.8844004823048931, -1.4812453901601756, 0.766872916879996, 0.5557134398629476, 0.5315064693033529, 0.6760409931314476, 0.8537894358039324, 1.4702337927073355, -1.6236466704463757, 1.586069822209484, 1.4844350248352216, 1.3521040301821814, 0.9505752133241467, 0.48165566404563576] 
[-0.8695413015051238, -1.496104570959945, 0.7817320976797654, 0.5408542590631783, 0.5463656501031222, 0.6909001739312169, 0.8389302550041631, 1.4858403870271835, -1.6344508393194024, 1.5747731374717704, 1.4588591998584668, 1.3211973655968199, 0.9277325348788655, 0.4884182598726437] 
[-0.8579446733362034, -1.5077011991288654, 0.7933287258486857, 0.5292576308942579, 0.5579622782720426, 0.6793035457622966, 0.8505268831730834, 1.4979507351875971, -1.6434612694677773, 1.5675969592037424, 1.4656548690819324, 1.30685564994942, 0.9135552718786341, 0.49485660824252736] 
[-0.8507718272358112, -1.5005283530284732, 0.8005015719490779, 0.5364304769946501, 0.5507894321716504, 0.6721306996619044, 0.8576997292734756, 1.5053746302860866, -1.648724373253303, 1.5626523973607587, 1.4609777988643264, 1.3158006412577794, 0.9224914445502127, 0.4908251746765425] 
[-0.8608623958931102, -1.5106189216857722, 0.8105921406063769, 0.546521045651949, 0.5608800008289494, 0.6620401310046055, 0.8677902979307746, 1.4956334747087865, -1.6553441429826024, 1.556197440969975, 1.474911297288219, 1.3293949831130265, 0.9204415126979523, 0.5002042353947537] 
[-0.8726425695294936, -1.4988387480493888, 0.8223723142427602, 0.5583012192883324, 0.549099827192566, 0.6502599573682221, 0.8560101242943912, 1.4842047465470993, -1.6630493710328602, 1.5482706567285505, 1.4856282166270054, 1.3268621249732766, 0.9371732951336473, 0.517615297333898] 
[-0.8769099214853558, -1.4945713960935265, 0.8266396661986225, 0.5625685712441947, 0.5448324752367038, 0.6545273093240843, 0.8602774762502534, 1.4880638327149676, -1.6556363476309546, 1.5405734083316733, 1.4812486192090113, 1.3276156080820287, 0.9310223350950437, 0.5112659949493263] 
[-0.8669651756311517, -1.5045161419477306, 0.8365844120528266, 0.5526238253899906, 0.5348877293824996, 0.6445825634698802, 0.8702222221044575, 1.4970338851505136, -1.6389869982183223, 1.5238351532844756, 1.4896436629279428, 1.325167069584196, 0.9451178598114661, 0.5259972449915191] 
[-0.8553057471742925, -1.5161755704045898, 0.8482438405096858, 0.5642832538468497, 0.5232283009256404, 0.632923135013021, 0.8585627936475984, 1.5097651052974368, -1.6602135655028891, 1.5444629204903717, 1.4845055441220194, 1.3438666983245475, 0.9699002587207501, 0.5459153713890571] 
[-0.87191068675616, -1.4995706308227224, 0.8648487800915533, 0.5808881934287172, 0.506623361343773, 0.6495280745948885, 0.8751677332294658, 1.4926590614252444, -1.6480525210202777, 1.5563494670052493, 1.5003789677583625, 1.3401362774471548, 0.9934339567830515, 0.5704004585897091] 
[-0.8679838171362232, -1.5034975004426592, 0.8687756497114901, 0.5769613238087804, 0.5105502309637098, 0.6456012049749517, 0.871240863609529, 1.4964441466551852, -1.6454500855209095, 1.559035370948283, 1.496900157345358, 1.3411849866832362, 0.9878766446856568, 0.5645901262592623] 
[-0.8689644148917343, -1.5044780981981702, 0.8697562474670012, 0.5779419215642915, 0.5115308287192208, 0.6446206072194406, 0.8722214613650401, 1.4954257195076988, -1.6447128441889538, 1.5597452072741227, 1.4977428613145267, 1.3406369059928893, 0.9884071080604337, 0.5637888270563897] 
[-0.8637432385716463, -1.4992569218780822, 0.8645350711469132, 0.5831630978843795, 0.5063096523991328, 0.6498417835395286, 0.8774426376851281, 1.501122275724227, -1.654106309033946, 1.5690926142591624, 1.5030024211594373, 1.3394714610376774, 0.9958511177989002, 0.5715185202356369] 
[-0.8628018162476064, -1.4983154995540424, 0.8635936488228734, 0.5841045202084193, 0.505368230075093, 0.6507832058635684, 0.8765012153610883, 1.5020317396776695, -1.653518228848992, 1.56981536005037, 1.5036327983031825, 1.3383712834868038, 0.9947472395367001, 0.5720866217825944] 
[-0.8390669170992301, -1.5220503987024188, 0.839858749674497, 0.560369621060043, 0.5291031292234694, 0.6745181050119448, 0.8527663162127119, 1.5281057326841228, -1.6960370515625147, 1.6109860453852953, 1.4931406226151607, 1.374582202350958, 1.0438116736305207, 0.6124626677958334] 
[-0.8620522123379545, -1.5450356939411432, 0.8628440449132214, 0.5833549162987673, 0.5520884244621937, 0.6975034002506691, 0.8297810209739875, 1.5505747058353698, -1.6817950916843418, 1.6287830493047004, 1.5307789366800637, 1.4206361820450308, 1.078370751695714, 0.6017351667473386] 
[-0.8525748914764674, -1.5545130148026303, 0.8723213657747085, 0.5928322371602545, 0.5426111036007066, 0.7069807211121563, 0.8392583418354747, 1.5597370251350853, -1.6656864282033452, 1.6126868924364666, 1.5428391250695757, 1.4299672551192155, 1.0669718250060287, 0.5880497720896604] 
[-0.8441150850258542, -1.5629728212532434, 0.8638615593240954, 0.5843724307096413, 0.5510709100513198, 0.7154405275627694, 0.8477181482860878, 1.5514546146852364, -1.6801554239961356, 1.6271296248737261, 1.5294061439965032, 1.4133180336688451, 1.0545141824251762, 0.5918805836176003] 
[-0.8402311487370174, -1.5668567575420802, 0.8677454956129321, 0.588256366998478, 0.5549548463401566, 0.7115565912739327, 0.8438342119972511, 1.5475864756655273, -1.682857151614866, 1.6244423631428968, 1.535622250828206, 1.4210013241427324, 1.060283458740406, 0.5901300448952225] 
[-0.8295458500101159, -1.5775420562689817, 0.8784307943398336, 0.5989416657253795, 0.5442695476132551, 0.7222418900008342, 0.8545195107241526, 1.5368458938354468, -1.6640160342412433, 1.6056113521756559, 1.5288035799616821, 1.4338359712735853, 1.0730212000180157, 0.5841432212361359] 
[-0.820616063473964, -1.5864718428051336, 0.8695010078036817, 0.5900118791892276, 0.553199334149407, 0.7133121034646822, 0.8455897241880006, 1.527993877077137, -1.6483863673733283, 1.5899648325414686, 1.5241565665239953, 1.4475283021295668, 1.0923217973337096, 0.600239859800043] 
[-0.8240959019236901, -1.5899516812548597, 0.8660211693539556, 0.5934917176389537, 0.5497194956996809, 0.7098322650149561, 0.8490695626377267, 1.5315018868565673, -1.6459296806216515, 1.5923825380204604, 1.5223084244360403, 1.452949310670191, 1.0999113901236308, 0.6065224115916382] 
[-0.8266339309942844, -1.5874136521842654, 0.8685591984245499, 0.596029746709548, 0.5522575247702752, 0.7072942359443618, 0.851607591708321, 1.5340649138023539, -1.6441514730512246, 1.5941914535721513, 1.5179078149462721, 1.446991240113846, 1.0936388854490022, 0.6016815252254173] 
[-0.8253339851004345, -1.5861137062904156, 0.8698591443183997, 0.5973296926033979, 0.5509575788764254, 0.705994290050512, 0.8503076458144712, 1.5327363266940415, -1.6464944919778708, 1.5965387020776358, 1.5157815970050459, 1.4443944049992032, 1.091697922479405, 0.6022741375480942] 
[-0.8214273047195392, -1.590020386671311, 0.8737658246992951, 0.6012363729842932, 0.54705089849553, 0.7099009704314073, 0.8542143261953665, 1.5367215734824597, -1.6395135278392166, 1.5896129403394268, 1.5122173560104302, 1.4452855209233877, 1.0858871170812177, 0.5962482503866918] 
[-0.8121083894117341, -1.599339301979116, 0.86444690939149, 0.6105552882920983, 0.5563698138033351, 0.7005820551236023, 0.8448954108875615, 1.5458102097243416, -1.655876211211851, 1.6060167260358287, 1.5178808018263763, 1.434141516808156, 1.074878266075936, 0.6015422307501743] 
[-0.8356058127763227, -1.5758418786145274, 0.8409494860269014, 0.6340527116566869, 0.5798672371679237, 0.7240794784881909, 0.8683928342521501, 1.5689772289608694, -1.671828557117696, 1.5901878827604876, 1.4870620869006532, 1.410081617969461, 1.102619197239013, 0.6351204711512803] 
[-0.82367294641051, -1.5639090122487147, 0.8528823523927141, 0.6459855780224996, 0.5918001035337364, 0.7121466121223782, 0.8564599678863374, 1.5809911505471572, -1.6501692710592342, 1.5685391218586593, 1.4968749546838296, 1.403467218296495, 1.1088974332855612, 0.6254353208219772] 
[-0.8278280533424266, -1.5680641191806313, 0.8570374593246307, 0.6501406849544161, 0.5876449966018198, 0.7079915051904616, 0.8523048609544208, 1.585131840656146, -1.6473160452839206, 1.5714048330687331, 1.493490792860908, 1.4057768842705722, 1.1067228955438821, 0.6288178362145024] 
[-0.8318928798305983, -1.572128945668803, 0.852972632836459, 0.6542055114425879, 0.5917098230899915, 0.7039266787022899, 0.8563696874425926, 1.5810613214529032, -1.6444869025179272, 1.5742134740753657, 1.4915251307591075, 1.4121278332291203, 1.1154758941976104, 0.6360009823512868] 
[-0.8394216513634064, -1.564600174135995, 0.860501404369267, 0.6617342829753959, 0.5992385946227996, 0.7114554502350979, 0.8488409159097845, 1.573527402702341, -1.649712071516452, 1.5689964509204029, 1.4951459635349524, 1.400351846997445, 1.0993231621858615, 0.6227872081555309] 
[-0.8529108160559219, -1.5780893388285104, 0.8739905690617825, 0.6752234476679114, 0.5857494299302841, 0.7249446149276134, 0.8623300806023, 1.5601479150772757, -1.6734954523097447, 1.5927760141817222, 1.4770194504897924, 1.3860697694777373, 1.1147659285472937, 0.6417788480592405] 
[-0.8545698190878789, -1.5764303357965535, 0.8723315660298255, 0.6768824506998684, 0.5874084329622411, 0.7266036179595704, 0.863989083634257, 1.5584824708687828, -1.6746680601280295, 1.5916021347398908, 1.4792832918543501, 1.387863814588903, 1.1128411475666988, 0.6394278269349343] 
[-0.8655759043078878, -1.5654242505765446, 0.8613254808098166, 0.6878885359198773, 0.59841451818225, 0.7376097031795793, 0.8529829984142481, 1.5475569551201063, -1.655708958364344, 1.5726541171076156, 1.460792197119344, 1.365348135571614, 1.096396265731719, 0.6445283975256731] 
[-0.8744137753377402, -1.556586379546692, 0.8701633518396691, 0.6967264069497298, 0.6072523892121025, 0.7464475742094318, 0.8441451273843956, 1.5564204537257171, -1.6619738764546215, 1.5664748657815435, 1.4649956081187137, 1.3518432357911288, 1.0774473474654518, 0.6287651289379046] 
[-0.8642096082425103, -1.5463822124514621, 0.8599591847444391, 0.7069305740449597, 0.6174565563073324, 0.7566517413046617, 0.8339409602891656, 1.5460255596674068, -1.644477666179602, 1.5491139765956985, 1.4743538649260175, 1.3497791136673232, 1.092888086514844, 0.6446897387096573] 
[-0.8688011975968529, -1.5417906230971195, 0.8645507740987818, 0.7023389846906171, 0.6128649669529898, 0.7520601519503191, 0.829349370934823, 1.5414923186689673, -1.6476202332295975, 1.545891055777348, 1.4770442535418653, 1.3444080537067176, 1.087548887631932, 0.6472731524080303] 
[-0.8865939486077278, -1.5239978720862446, 0.8467580230879069, 0.6845462336797422, 0.6306577179638646, 0.7342674009394442, 0.8471421219456978, 1.5586155078936204, -1.6173840048196642, 1.5152806613942318, 1.4680360480599195, 1.371526468185686, 1.1262667608311823, 0.679677978853954] 
[-0.8715799701196482, -1.508983893598165, 0.8617720015759865, 0.6695322551916626, 0.6456716964519442, 0.7492813794275238, 0.8321281434576182, 1.5732563529488537, -1.607091231882093, 1.5253002680342835, 1.442633501015871, 1.3400130405059443, 1.102952660736499, 0.6863382158116297] 
[-0.8841409976449314, -1.5215449211234482, 0.8743330291012698, 0.6820932827169458, 0.633110668926661, 0.761842406952807, 0.8446891709829014, 1.5868944862303163, -1.6298737033420927, 1.5481969594322522, 1.4645784394684576, 1.3664807881705878, 1.1227066522812255, 0.6810126515622115] 
[-0.878588845287326, -1.5270970734810536, 0.8798851814588752, 0.6876454350745512, 0.6386628212842664, 0.7673945593104124, 0.839137018625296, 1.5809809318543075, -1.6203816576728285, 1.5390517215638868, 1.4735333796113692, 1.37773983487974, 1.131093951223427, 0.6785594481915879] 
[-0.8868516054832413, -1.535359833676969, 0.8881479416547905, 0.6793826748786359, 0.6469255814801818, 0.7756573195063278, 0.8473997788212113, 1.57224279687557, -1.606246506709543, 1.525322422526645, 1.4841765080550113, 1.3861696668247654, 1.1211728598357833, 0.666601930502391] 
[-0.8875030576824859, -1.5360112858762136, 0.8874964894555458, 0.6787312226793912, 0.6475770336794264, 0.7750058673070831, 0.8467483266219666, 1.5728822934366677, -1.6058111323146502, 1.525820763042087, 1.4851267753701785, 1.3870807488496406, 1.1210506260075703, 0.667208177326375] 
[-0.8970964367379403, -1.545604664931668, 0.8779031104000915, 0.6883246017348456, 0.6379836546239721, 0.7654124882516288, 0.856341705677421, 1.5829102769382477, -1.621925330720638, 1.541510786148421, 1.4697550565552633, 1.3677600528592668, 1.1065392684633704, 0.6714371169906898] 
[-0.8803159910020327, -1.5623851106675755, 0.861122664664184, 0.671544155998938, 0.6547641003598796, 0.7486320425157212, 0.8731221514133285, 1.5999361914723402, -1.6343947441803282, 1.5298482879875102, 1.479795543400899, 1.347618089168647, 1.08653743457987, 0.6809237652876675] 
[-0.8879068321248206, -1.5547942695447876, 0.8687135057869718, 0.6791349971217259, 0.6471732592370918, 0.7410412013929334, 0.8807129925361163, 1.5922606557939036, -1.621333602374527, 1.5167863172361897, 1.4695964388796623, 1.3397099812341817, 1.0950193173103195, 0.6914564301049794] 
[-0.8738558972853231, -1.568845204384285, 0.8827644406264693, 0.6650840622822284, 0.6331223243975943, 0.7269902665534359, 0.8947639273756138, 1.6064395740303692, -1.631643945502812, 1.5071745081091918, 1.4946212556575587, 1.3739020231931378, 1.1298118428239399, 0.7174357862862308] 
[-0.8759394823066654, -1.5709287894056274, 0.8848480256478116, 0.6630004772608861, 0.6352059094189366, 0.7249066815320936, 0.8968475123969561, 1.6085284279823613, -1.6351656319026606, 1.5106950479371302, 1.495895547696618, 1.3713272023375473, 1.1272423189200573, 0.7186579194364937] 
[-0.8737936804383349, -1.568782987537297, 0.8827022237794812, 0.6651462791292165, 0.6330601075506062, 0.727052483400424, 0.8947017105286257, 1.6063827814309455, -1.6336391838499085, 1.5122216853498613, 1.4972046290266903, 1.368661278482502, 1.1245829799938716, 0.7199179195622313] 
[-0.8701246320071591, -1.565113939106121, 0.886371272210657, 0.6614772306980407, 0.6293910591194303, 0.7233834349692482, 0.8983707589598016, 1.6100422762450108, -1.6274506720663346, 1.5060275561671597, 1.495359390001182, 1.374456897809888, 1.1323740383443766, 0.7261994824450717] 
[-0.8671803593302848, -1.5680582117829953, 0.8834269995337828, 0.6585329580211664, 0.626446786442556, 0.7263277076461224, 0.9013150316366758, 1.6071195152589377, -1.6324031216474495, 1.5109854093122077, 1.4938944228423148, 1.3791139458446668, 1.1386143251315342, 0.7312236435197906] 
[-0.8527444292936178, -1.5824941418196623, 0.8978629295704498, 0.6729688880578334, 0.612010856405889, 0.7407636376827894, 0.9157509616733428, 1.6215341761203519, -1.6222159116208748, 1.5212619384738688, 1.5073712009042215, 1.3760100810608888, 1.1590751875319225, 0.7524911437722255] 
[-0.8349157420150125, -1.564665454541057, 0.9156916168490551, 0.6907975753364387, 0.6298395436844944, 0.7229349504041841, 0.8979222743947375, 1.6034371189381942, -1.6526803199081266, 1.551688871709419, 1.4924711745986026, 1.385904631432781, 1.1494345170178029, 0.7670757794830148] 
[-0.8270851202371209, -1.5724960763189486, 0.9078609950711635, 0.6829669535585471, 0.637670165462386, 0.7307655721820757, 0.8900916526168459, 1.6113280496759441, -1.6659513144257967, 1.564904772723142, 1.481325440316169, 1.3751788822923883, 1.1512007187824378, 0.7598336729936314] 
[-0.8220280383540705, -1.5674389944358982, 0.902803913188113, 0.6880240354415975, 0.6326130835793355, 0.7358226540651261, 0.8850345707337954, 1.6163959913361936, -1.6572700824470923, 1.5562219367714085, 1.489612380522498, 1.3854996870508314, 1.158987098193431, 0.7574045064979212] 
[-0.8019101673800656, -1.587556865409903, 0.9229217841621179, 0.6679061644675927, 0.6527309545533404, 0.755940525039131, 0.9051524417078003, 1.6364792986851349, -1.6432160291278055, 1.5704858358383467, 1.524960250368873, 1.4334193249144402, 1.2079829495558068, 0.7943177569856659] 
[-0.8054924204069857, -1.591139118436823, 0.9193395311351978, 0.6643239114406726, 0.6563132075802605, 0.752358272012211, 0.9087346947347203, 1.6329705795171534, -1.637111097950959, 1.5643725895589808, 1.5220572471497589, 1.4354908666693078, 1.206113285396774, 0.7972707812253085] 
[-0.8211851822937469, -1.5754463565500618, 0.9350322930219591, 0.6800166733274339, 0.6720059694670217, 0.7680510338989722, 0.8930419328479591, 1.6488316790679864, -1.625635853946326, 1.574969232005679, 1.5438031339977776, 1.456384926397951, 1.2025807079063406, 0.8117878391413086] 
[-0.8472782988725552, -1.5493532399712535, 0.9611254096007674, 0.7061097899062422, 0.69809908604583, 0.7941441504777805, 0.9191350494267674, 1.6226748103638304, -1.644366673846614, 1.5565517373870166, 1.5102777909786602, 1.4307659563761093, 1.232077455017839, 0.8479367807829614] 
[-0.8349041042735877, -1.536979045372286, 0.9734996041997349, 0.7184839845052097, 0.7104732806447975, 0.781769955878813, 0.9315092440257349, 1.6351980620970412, -1.6536421863766195, 1.5478445011998416, 1.5216164908300505, 1.4275370756106303, 1.2493416998338533, 0.866032349415989] 
[-0.8359050575963306, -1.5379799986950289, 0.972498650876992, 0.7174830311824668, 0.7094723273220547, 0.7827709092015559, 0.9325101973484777, 1.6361812296131755, -1.6529325049991728, 1.5485511845249347, 1.5203570252165413, 1.4265629035570464, 1.2504329705077237, 0.8673810278944057] 
[-0.8338953764308997, -1.535970317529598, 0.9704889697115612, 0.7194927123478977, 0.7114820084874856, 0.7847805903669868, 0.9305005161830469, 1.638271319653258, -1.6562357777599697, 1.5518435744002026, 1.522113833472865, 1.4254235222840932, 1.2515154924795688, 0.8657164635010097] 
[-0.8371686758293756, -1.5392436169280739, 0.973762269110037, 0.7227660117463736, 0.7082087090890097, 0.7815072909685109, 0.927227216784571, 1.6348606713243838, -1.6509091512835536, 1.5466630335418565, 1.5273689339980696, 1.4328493822865824, 1.259201755596426, 0.8714475445546462] 
[-0.8356591920939643, -1.5407531006634851, 0.9752717528454483, 0.7212565280109623, 0.709718192824421, 0.7799978072330996, 0.9287367005199823, 1.636344936866594, -1.6498329177690538, 1.547722124543848, 1.5250450134525158, 1.4298924844825955, 1.256917480938646, 0.8722237454495979] 
[-0.8424248424533748, -1.5475187510228956, 0.9685061024860379, 0.7144908776515518, 0.7164838431838314, 0.7867634575925101, 0.9219710501605718, 1.643006050400419, -1.6451411437461845, 1.552842370375827, 1.5314134161676252, 1.4281383200663844, 1.266179540170574, 0.8819483037199453] 
[-0.8397703435663634, -1.5448642521358842, 0.9711606013730493, 0.7118363787645404, 0.7191383420708428, 0.7894179564795215, 0.9246255490475832, 1.6456954309535339, -1.6471493525438, 1.5510042249753446, 1.5355016182391183, 1.4333549868271325, 1.270226401702134, 0.8805995334857364] 
[-0.8199538433960772, -1.5646807523061703, 0.9909771015433354, 0.6920198785942543, 0.738954842241129, 0.8092344566498076, 0.9048090488772971, 1.6661322784613843, -1.6792850385960587, 1.5826643029889829, 1.5194454217795024, 1.4450625494900005, 1.2598192946235482, 0.8970688448167907] 
[-0.8224861925685926, -1.5672131014786856, 0.9884447523708201, 0.6945522277667696, 0.7364224930686136, 0.8067021074772923, 0.9022766997047817, 1.6686564557669783, -1.6774573532482975, 1.5845193362616765, 1.5209279266068456, 1.440971572022538, 1.2543931688175434, 0.8927429890984636] 
[-0.8289130040636853, -1.5736399129737784, 0.9948715638659128, 0.7009790392618623, 0.7428493045637063, 0.813128918972385, 0.9087035111998745, 1.6751103125731717, -1.6877567029371396, 1.5948225862346317, 1.5306294863663377, 1.4534372710383705, 1.2642202447750448, 0.8895744078966636] 
[-0.8388428637757802, -1.5637100532616834, 1.0048014235780078, 0.7109088989739573, 0.7527791642758013, 0.8031990592602901, 0.9186333709119694, 1.6850731677141506, -1.6720167219240825, 1.579090095435814, 1.5364666215505083, 1.43750702037094, 1.2430775616149021, 0.8726899640527206] 
[-0.8254190645323377, -1.577133852505126, 0.9913776243345653, 0.7243326982173998, 0.7662029635192438, 0.8166228585037326, 0.9320571701554119, 1.671759151093976, -1.6928435015247625, 1.5999425010662411, 1.528662438658293, 1.459142873801131, 1.271444643336783, 0.8951547418738598] 
[-0.836283145096563, -1.5662697719409007, 1.0022417048987906, 0.7134686176531745, 0.777067044083469, 0.8057587779395073, 0.9429212507196372, 1.6827038586140184, -1.6755303818984606, 1.5827137213725204, 1.5123744590773531, 1.438133934443755, 1.2548889525317841, 0.9008353408051221] 
[-0.8502125648905502, -1.5801991917348879, 0.9883122851048034, 0.6995391978591873, 0.7631376242894818, 0.8196881977334946, 0.9568506705136244, 1.6688085755838387, -1.6856919371919592, 1.572401610057621, 1.4951948790310672, 1.4253153789587325, 1.26966910316099, 0.919230109410125] 
[-0.8380594849344803, -1.568046111778818, 0.9761592051487336, 0.7116922778152571, 0.7752907042455517, 0.8318412776895644, 0.9446975905575545, 1.6567899176129033, -1.6666665561071548, 1.553233231594603, 1.5135007227917143, 1.448903162779356, 1.288368836318679, 0.9127675136093565] 
[-0.8290646809466357, -1.5770409157666627, 0.9851540091365782, 0.7206870818031018, 0.7842855082333964, 0.8228464737017197, 0.9357027865697098, 1.6478084681036056, -1.6731989074319755, 1.5467108807074679, 1.5277687350388773, 1.4691254453620803, 1.309375639192577, 0.9282609974481175] 
[-0.8393352449182377, -1.5667703517950606, 0.9748834451649762, 0.7309576457747039, 0.7740149442617943, 0.8125759097301176, 0.9254322225981078, 1.658044806997854, -1.680632508881387, 1.5392394741426116, 1.5217737014552435, 1.4855710229397883, 1.3307721048021701, 0.9451188053169683] 
[-0.8531419833192214, -1.5805770901960443, 0.9886901835659598, 0.7447643841756876, 0.7602082058608106, 0.7987691713291339, 0.9116254841971241, 1.67191792625289, -1.7027881184654774, 1.561398321642203, 1.540322957134833, 1.5030654542001884, 1.3271884351814576, 0.9578063590500837] 
[-0.8474400108628996, -1.5862790626523662, 0.9943921560222817, 0.7390624117193657, 0.7545062334044887, 0.7930671988728121, 0.9059235117408022, 1.6776860033885852, -1.6938165292525607, 1.5524720860387964, 1.5371182905799265, 1.5121144163127613, 1.3391072488058509, 0.9672986935926731] 
[-0.8616278589069769, -1.5720912146082888, 1.008580004066359, 0.7532502597634431, 0.7403183853604114, 0.8072550469168894, 0.9201113597848796, 1.6637527412991215, -1.671879327353305, 1.5305397655684985, 1.5195718276734298, 1.498771522656932, 1.3546993711883466, 0.9864805216859408] 
[-0.883810914303976, -1.5942742700052879, 0.98639694866936, 0.7754333151604421, 0.7625014407574104, 0.7850719915198904, 0.8979283043878805, 1.6859692149627004, -1.637872566747981, 1.4965415069805224, 1.5325583701451524, 1.4645061192740105, 1.3089137822465151, 0.9495068071516748] 
[-0.8775068779114531, -1.6005783063978107, 0.9927009850618829, 0.7691292787679193, 0.7688054771499333, 0.7787679551273675, 0.9042323407804034, 1.6795771490070206, -1.642722527581244, 1.4920529033842882, 1.524052168509225, 1.4563958795940697, 1.3105454684023832, 0.943722567948203] 
[-0.8500788085323688, -1.5731502370187265, 1.0201290544409671, 0.7965573481470035, 0.741377407770849, 0.8061960245064518, 0.8768042714013191, 1.7060489697189487, -1.6844739786928236, 1.5348249208419376, 1.4810528814913357, 1.4021968330883703, 1.2682895174414401, 0.957960822981048] 
[-0.8419956404695154, -1.565067068955873, 1.0282122225038206, 0.78847418008415, 0.7494605758337025, 0.8142791925693053, 0.8687211033384656, 1.6979763927002316, -1.6784854910527114, 1.5408496940594125, 1.4742942524890752, 1.4070279724819523, 1.2640452982348351, 0.9645991141679312] 
[-0.8606415947057656, -1.5837130231921233, 1.0468581767400709, 0.8071201343204003, 0.7681065300699528, 0.8329251468055555, 0.8500751491022154, 1.716744263733426, -1.7070117003310368, 1.5693488613868867, 1.486978466287668, 1.3844237986392605, 1.2417201510578735, 0.9755694793872552] 
[-0.8743017536144632, -1.5973731821008208, 1.0331980178313733, 0.8207802932290978, 0.7544463711612552, 0.8465853057142531, 0.8364149901935178, 1.7306041360543516, -1.6866202022350123, 1.5491256521343502, 1.4756742569284829, 1.3928867648869263, 1.2347307533742664, 0.9867750643910427] 
[-0.8507655516845504, -1.573836980170908, 1.0567342197612861, 0.797244091299185, 0.777982573091168, 0.8701215076441658, 0.8599511921234306, 1.707773614161248, -1.6520018976220352, 1.5139623890814358, 1.492290522140473, 1.365535610314653, 1.2077310418191531, 1.0004364004634219] 
[-0.836476863814469, -1.5881256680409894, 1.0710229076313675, 0.8115327791692665, 0.7636938852210866, 0.8558328197740844, 0.874239879993512, 1.7220376931559278, -1.6627673333769675, 1.5031968140418583, 1.4747150252354204, 1.3523399677438084, 1.2251191267284391, 1.0209027179928614] 
[-0.8338466817755233, -1.590755850079935, 1.068392725592422, 0.8141629612082121, 0.761063703182141, 0.85846300181303, 0.8716096979545664, 1.7246186848674059, -1.666591594837823, 1.5070192401456415, 1.4781175201335333, 1.3555754572291823, 1.2243214911768188, 1.023253787657052] 
[-0.8433149113844792, -1.5812876204709791, 1.058924495983466, 0.823631190817168, 0.7705319327910969, 0.8679312314219859, 0.8621414683456106, 1.715356001945757, -1.6526840257805868, 1.4928750383621012, 1.4927992704432378, 1.3754682622496432, 1.2459794666184174, 1.0403609805631764] 
[-0.8444405312787361, -1.582413240365236, 1.060050115877723, 0.8247568107114248, 0.7716575526853537, 0.8668056115277291, 0.8632670882398674, 1.7142369717951969, -1.651842992604433, 1.4937218844427116, 1.4935792942320252, 1.3741483067378695, 1.2446869690371096, 1.0410260756624408] 
[-0.8239343701920764, -1.6029194014518957, 1.0805562769643826, 0.8042506496247651, 0.7921637137720134, 0.8462994504410694, 0.8837732493265271, 1.7346109626822925, -1.66706189954966, 1.4779800784303778, 1.5191969689337976, 1.3935929886588954, 1.2197055040853815, 1.0116487517597021] 
[-0.8150805333315788, -1.6117732383123933, 1.071702440103885, 0.8131044864852627, 0.7833098769115159, 0.8374456135805718, 0.8749194124660296, 1.7433102021491622, -1.673621353388482, 1.4714445888728167, 1.5079357765114245, 1.3829467036191299, 1.222424464508267, 1.00370183114923] 
[-0.8188000727007098, -1.6154927776815242, 1.067982900734754, 0.8093849471161317, 0.7870294162806468, 0.8411651529497027, 0.8711998730968986, 1.7468691608748925, -1.6790074594793771, 1.4768495132639758, 1.5112172894241374, 1.381711055285116, 1.22758599134708, 1.0091632467202105] 
[-0.8069958344343541, -1.62729701594788, 1.0561786624683984, 0.8211891853824874, 0.7752251780142911, 0.8529693912160584, 0.8593956348305429, 1.7347548216446478, -1.6885103892340345, 1.4686493739875892, 1.4934827474240289, 1.3567294296467225, 1.2005390736032342, 0.9881942950404758] 
[-0.8203823057485974, -1.6406834872621232, 1.0427921911541551, 0.8345756566967307, 0.7618387067000478, 0.8663558625303017, 0.8727821061447862, 1.7205092101478183, -1.709576111484017, 1.4895328313092115, 1.4834276784318952, 1.3723936747007877, 1.2160504298654302, 0.9802564038125866] 
[-0.8233376704725516, -1.6436388519860774, 1.039836826430201, 0.8316202919727765, 0.7588833419760936, 0.8693112272542559, 0.8757374708687404, 1.7237021895077376, -1.704923781510333, 1.4850573443842512, 1.481591513243977, 1.3758657967948593, 1.2194244288142164, 0.9784965985671613] 
[-0.8338170232420951, -1.6541182047556209, 1.0293574736606574, 0.8211409392032331, 0.7693626947456371, 0.8797905800237994, 0.865258118099197, 1.714037689688247, -1.689657743023736, 1.4696115259400455, 1.4751021681955163, 1.3881552968071054, 1.2313650498677897, 0.9722558899685608] 
[-0.8288460315256739, -1.6491472130391998, 1.0343284653770786, 0.8261119309196542, 0.764391703029216, 0.8847615717402205, 0.8602871263827758, 1.7088131106014441, -1.69377250734187, 1.4661979514346495, 1.4722792470624129, 1.3954703868838554, 1.241656361230854, 0.9809210241384664] 
[-0.8015442973976324, -1.6218454789111583, 1.06163019950512, 0.8534136650476957, 0.7916934371572575, 0.912063305868262, 0.8875888605108173, 1.737351501026482, -1.6723390400440012, 1.488024015261528, 1.4305200349008909, 1.345842414334948, 1.20464188310988, 0.9947395537603958] 
[-0.810592922925898, -1.6308941044394238, 1.0525815739768545, 0.8443650395194301, 0.8007420626855231, 0.9030146803399964, 0.8966374860390829, 1.7459087520906964, -1.6857428276409887, 1.5018116467182785, 1.4236878060143479, 1.355995049372421, 1.2146556980232526, 0.9892033547261015] 
[-0.8018661234831396, -1.6396209038821823, 1.061308373419613, 0.8356382400766716, 0.7920152632427646, 0.9117414797827549, 0.9053642854818413, 1.7543637899430489, -1.6919864314499593, 1.4956033222569618, 1.412397329124205, 1.3452152819680407, 1.2175599059185287, 0.9814675613010492] 
[-0.7824520583952993, -1.6590349689700226, 1.0807224385074532, 0.8550523051645119, 0.8114293283306049, 0.8923274146949146, 0.8859502203940011, 1.7363616343651989, -1.663418039981757, 1.4659178663641204, 1.4274301315257787, 1.3232693456335205, 1.1958323164237354, 0.9934324077462618] 
[-0.7864571415414215, -1.6630400521161448, 1.076717355361331, 0.8590573883106342, 0.8074242451844826, 0.8963324978410369, 0.8899553035401233, 1.740002548889188, -1.66927949826383, 1.4721810985523334, 1.4213704442455013, 1.3161739216733341, 1.190446795104555, 0.9956115639214878] 
[-0.7765974551344862, -1.6728997385230802, 1.0668576689543956, 0.8491977019036988, 0.817283931591418, 0.9061921842479722, 0.880095617133188, 1.7494149341612015, -1.6761396672249538, 1.4650282356053617, 1.4134667809969395, 1.3225266428541516, 1.1852048674432398, 1.0036895703983837] 
[-0.7742085022934518, -1.6752886913641145, 1.06924662179543, 0.8468087490626645, 0.8148949787503836, 0.9085811370890066, 0.8824845699742223, 1.7519490409346938, -1.6741077110262021, 1.4665984407358084, 1.4155445890069709, 1.3216454728882907, 1.1885449137214437, 1.0072245485874889] 
[-0.7664785243822959, -1.6830186692752704, 1.0769765997065859, 0.8545387269738204, 0.8226249566615396, 0.9008511591778506, 0.8747545920630664, 1.759284763632635, -1.6795141696992966, 1.4613667598111078, 1.4048152388119206, 1.3082229809840884, 1.178281464393194, 1.0114276449543687] 
[-0.775634523956266, -1.6921746688492405, 1.0678206001326158, 0.8636947265477904, 0.8317809562355096, 0.8916951596038806, 0.8655985924890963, 1.7495575846457392, -1.6868676734911174, 1.4538274858086104, 1.4183811656507583, 1.324347601493712, 1.1905605922886335, 1.0064700798396342] 
[-0.7726994603317835, -1.695109732473723, 1.0648855365081333, 0.860759662923308, 0.8288458926110271, 0.894630223228363, 0.8685336561135788, 1.7469898738785956, -1.6825344997835672, 1.4490978245015262, 1.4229411484846883, 1.3296100557248565, 1.1945455526496664, 1.0048888195240442] 
[-0.7785014804326814, -1.700911752574621, 1.0706875566090313, 0.8665616830242059, 0.8230438725101292, 0.900432243329261, 0.8627316360126809, 1.740375833842032, -1.6919159180006669, 1.4578309019413296, 1.4271714100756827, 1.3257670556532026, 1.197566826665106, 1.000115384445267] 
[-0.7799800537276668, -1.6994331792796356, 1.0721661299040166, 0.8650831097292205, 0.8215652992151439, 0.9019108166242463, 0.8612530627176955, 1.7390948364822731, -1.6897474035071782, 1.455447995576055, 1.4294809512382163, 1.3284040911240647, 1.1995487729763217, 0.9993236345180849] 
[-0.7795078467402473, -1.699905386267055, 1.0716939229165972, 0.86555531671664, 0.8220375062025633, 0.9014386096368269, 0.861725269705115, 1.7385517541753113, -1.6905330168993613, 1.456232196898205, 1.4288362731373938, 1.3279395320550638, 1.2001174554778453, 0.9999937988635996] 
[-0.8084975646463545, -1.7288951041731622, 1.1006836408227043, 0.8945450346227471, 0.8510272241086705, 0.8724488917307197, 0.8907149876112221, 1.7659485710888998, -1.708133619913027, 1.4298412787835102, 1.4744600985791596, 1.3871909000339222, 1.2644094220945319, 1.051331421361047] 
[-0.8359785542195269, -1.7563760937463346, 1.1281646303958768, 0.9220260241959196, 0.878508213681843, 0.8999298813038922, 0.8632339980380497, 1.7425396491621892, -1.6723727153047443, 1.3944104173944945, 1.439199860791485, 1.340424172675882, 1.2278132449481374, 1.0671929244186116] 
[-0.8383637485128127, -1.7587612880396204, 1.1305498246891625, 0.9244112184892054, 0.8808934079751287, 0.8975446870106064, 0.8608488037447639, 1.7396299462627098, -1.6762039727930154, 1.3981226150575252, 1.4367611273154088, 1.341895071862357, 1.226488578810024, 1.069147639252179] 
[-0.8557762713926199, -1.7413487651598132, 1.1479623475689698, 0.9418237413690126, 0.8983059308549359, 0.9149572098904136, 0.8434362808649567, 1.7251826006515414, -1.654862521898245, 1.3769177630316294, 1.415328619077455, 1.3133573351431103, 1.2041021038578816, 1.0792997133606719] 
[-0.8546591265966733, -1.7402316203638666, 1.1468452027730232, 0.940706596573066, 0.8971887860589893, 0.9160743546863602, 0.8445534256609033, 1.7241648033644086, -1.6540873222929198, 1.3777155019963996, 1.4165791841123552, 1.3143542338258896, 1.2027526139084077, 1.0777395837870332] 
[-0.8440374364402111, -1.7508533105203288, 1.136223512616561, 0.9300849064166038, 0.9078104762154515, 0.9266960448428224, 0.8551751158173655, 1.714395233825753, -1.6473883853514568, 1.3877838782460594, 1.4029990162437054, 1.3044829990170446, 1.215469375794594, 1.0925398807191935] 
[-0.8253825561640057, -1.7695081907965342, 1.1175686323403555, 0.9487397866928092, 0.8891555959392461, 0.9453509251190279, 0.8738299960935709, 1.729984190288446, -1.6702963811242895, 1.4108175779040517, 1.4228347702081767, 1.3209340429493077, 1.19311416757436, 1.0666665600113752] 
[-0.8102288518284347, -1.7543544864609633, 1.1327223366759265, 0.9638934910283802, 0.8740018916036751, 0.9605046294545988, 0.858676291758, 1.7437062724394083, -1.6801658332386076, 1.3995046451683733, 1.4134817356644716, 1.3415876555892217, 1.2217907992776351, 1.091222705732332] 
[-0.8041966031481306, -1.7603867351412674, 1.1387545853562306, 0.957861242348076, 0.867969642923371, 0.9544723807742946, 0.8647085404383041, 1.7368928056712438, -1.686073755550607, 1.3959384287090744, 1.4053402456117978, 1.3306518687436135, 1.2094918335067173, 1.0809638916151971] 
[-0.8274258488994936, -1.7371574893899044, 1.1619838311075936, 0.934631996596713, 0.891198888674734, 0.9312431350229317, 0.8879377861896671, 1.7087916409201058, -1.7219652131362577, 1.426954734270594, 1.4302395653401316, 1.3519887760730367, 1.1803080039595821, 1.0477467181364504] 
[-0.8454107617356045, -1.7191725765537935, 1.1799687439437045, 0.952616909432824, 0.873213975838623, 0.9492280478590426, 0.905922699025778, 1.6887996155397116, -1.7384291606815185, 1.4120360096752531, 1.4446618276674554, 1.3275589789621018, 1.1464323794723372, 1.0189825739317642] 
[-0.8274203736410034, -1.7011821884591924, 1.1979591320383056, 0.970607297527425, 0.8912043639332241, 0.9312376597644415, 0.9239130871203791, 1.6732078814318967, -1.7167443886319291, 1.3903560384827987, 1.4228143114134209, 1.2996058649944848, 1.1247585389729384, 1.0299898634267166] 
[-0.8392792952669293, -1.6893232668332665, 1.1861002104123797, 0.9587483759014991, 0.90306328555915, 0.9430965813903674, 0.9357720087463051, 1.6596859099846297, -1.7341190865837206, 1.4076268384389714, 1.4057794240871608, 1.278459938960648, 1.1016130354016598, 1.0110965459390027] 
[-0.8642450870342938, -1.714289058600631, 1.2110660021797441, 0.9837141676688635, 0.8780974937917856, 0.9680623731577319, 0.9607378005136695, 1.63153190976435, -1.7703500235978606, 1.4429291863741665, 1.3848545867340933, 1.3113954863058002, 1.1467135808388025, 1.0494705161626476] 
[-0.8387036706642633, -1.7398304749706615, 1.2366074185497746, 0.9581727512988331, 0.9036389101618161, 0.9936037895277624, 0.9862792168837, 1.659622694725514, -1.7469112586289817, 1.4657331667994429, 1.3502705904197112, 1.2721156158963418, 1.1166471266385578, 1.065949836785291] 
[-0.8128105967192639, -1.7657235489156609, 1.262500492494774, 0.9322796773538337, 0.9295319841068155, 1.019496863472762, 1.0121722908286994, 1.6374535645101245, -1.7171496845401746, 1.4349984563384044, 1.3328661155413961, 1.3063229548492425, 1.1621014660264262, 1.1048480919671864] 
[-0.8624294310215043, -1.8153423832179012, 1.3121193267970144, 0.981898511656074, 0.9791508184090558, 1.0691156977750023, 0.9625534565264591, 1.5959243775842276, -1.6596399519834062, 1.3678951540935487, 1.3848218799034928, 1.2717138586362204, 1.191829414325016, 1.0632584246631405] 
[-0.8764489987912744, -1.801322815448131, 1.2980997590272443, 0.9959180794258441, 0.9651312506392857, 1.0550961300052322, 0.9765730242962292, 1.607320012661718, -1.67391061833438, 1.3824265083248775, 1.3986096929670162, 1.2856846256355159, 1.18423153465458, 1.0751549276333954] 
[-0.8547859208284806, -1.8229858934109249, 1.319762836990038, 0.9742550014630503, 0.9867943286020795, 1.0334330520424384, 0.9982361022590229, 1.6250578510621194, -1.6962654283505632, 1.4051126128901361, 1.4214074327673083, 1.3155947477969772, 1.2083344529568711, 1.0601752022822464] 
[-0.8212437039933044, -1.7894436765757487, 1.2862206201548618, 1.0077972182982267, 1.0203365454372557, 1.0669752688776146, 1.0317783190941991, 1.5844832473291803, -1.7336222347123578, 1.3808962132707763, 1.3961652323426406, 1.3598267125840084, 1.2648151750751573, 1.1082115705677034] 
[-0.8383962838331599, -1.8065962564156042, 1.3033731999947173, 1.0249497981380822, 1.0031839655974002, 1.0841278487174701, 1.0146257392543436, 1.5633672318264984, -1.7585846220524517, 1.40476607861585, 1.3776598671783271, 1.3702904977919443, 1.2448220567088513, 1.0863579827676015] 
[-0.8536701127064167, -1.821870085288861, 1.2880993711214606, 1.040223627011339, 1.018457794470657, 1.0688540198442134, 0.9993519103810868, 1.5815123727144433, -1.7420556477577407, 1.4158074416467994, 1.3895668117157163, 1.353198212359268, 1.2288773803526238, 1.0976316707399096] 
[-0.8211819613335959, -1.7893819339160402, 1.2556112197486398, 1.0727117783841598, 1.0509459458434778, 1.1013421712170341, 1.0318400617539076, 1.6074032680280408, -1.777287654716943, 1.4585594653038043, 1.3563742413831814, 1.3885051549383014, 1.262694040117741, 1.0735560318505404] 
[-0.761957487865124, -1.7301574604475682, 1.3148356932171117, 1.1319362518526317, 0.9917214723750059, 1.0421176977485622, 1.0910645352223796, 1.6599942785957964, -1.819080338809882, 1.4145010595200087, 1.2898850084486928, 1.3027247919718294, 1.169073152951037, 0.9930449366844987] 
[-0.7653304144570069, -1.7335303870394512, 1.3114627666252288, 1.1353091784445146, 0.9883485457831229, 1.0454906243404452, 1.0876916086304966, 1.6629471186986264, -1.8229150590508028, 1.418843235458394, 1.2856577159541032, 1.2981711300922372, 1.1654465074986067, 0.9956269102221016] 
[-0.7960448466172466, -1.764244819199691, 1.3421771987854685, 1.104594746284275, 1.0190629779433626, 1.0762050565006849, 1.1184060407907364, 1.6276025474337719, -1.8641667472631036, 1.4548466101491602, 1.3195494483642025, 1.3416119399660842, 1.2129471791204134, 1.0368424195454866] 
[-0.8237377026837195, -1.736551963133218, 1.3698700548519414, 1.1322876023507478, 1.0467558340098355, 1.048512200434212, 1.0907131847242635, 1.6039143270224197, -1.8350159894433495, 1.4245594496928937, 1.2964874529600539, 1.361229743607143, 1.1819747168280867, 1.0029035433120117] 
[-0.8648129862384025, -1.695476679578535, 1.4109453384066244, 1.1733628859054308, 1.0878311175645186, 1.089587483988895, 1.1317884682789465, 1.5666145613955584, -1.8038281155402325, 1.4647237549471932, 1.2489919448108868, 1.3207163522964027, 1.2084556175585415, 0.9671321962793229] 
[-0.811139394359924, -1.6418030877000565, 1.464618930285103, 1.2270364777839093, 1.141504709442997, 1.1432610758673736, 1.078114876400468, 1.6161063161453735, -1.848018225901478, 1.417879493318315, 1.200562073693571, 1.3649911586219485, 1.17002140320187, 1.01408073254715] 
[-0.8198596845442666, -1.6330827975157138, 1.4558986401007603, 1.235756767968252, 1.1502249996273397, 1.134540785683031, 1.0868351665848106, 1.6068768330739016, -1.8579166558550138, 1.427540980715829, 1.191284505249631, 1.3571038526299009, 1.179609493551496, 1.0245187376127964] 
[-0.8572836414463446, -1.6705067544177918, 1.4184746831986823, 1.27318072487033, 1.1876489565294177, 1.171964742585109, 1.0494112096827326, 1.6425306763821157, -1.8968158967712592, 1.4672179684972673, 1.2298425872127545, 1.4010093534654737, 1.21727500507343, 0.9935799045919738] 
[-0.8266790755822527, -1.6399021885537, 1.4490792490627742, 1.3037852907344218, 1.2182535223935096, 1.141360176721017, 1.0800157755468245, 1.6754257489926883, -1.8663825093524151, 1.4940049246498868, 1.257927465340619, 1.3687985491825165, 1.1876474007099092, 1.0191006853611568] 
[-0.7777965854658299, -1.591019698437277, 1.4001967589463513, 1.3526677808508447, 1.2671360125099325, 1.19024266683744, 1.1288982656632474, 1.6241186601743278, -1.914111050464461, 1.4481706479992136, 1.3058992009973263, 1.3257785997108154, 1.2256947843448132, 0.975847742003113] 
[-0.7548977705562095, -1.6139185133468974, 1.4230955738559716, 1.3297689659412244, 1.2900348274195528, 1.1673438519278196, 1.1517970805728677, 1.6467323999351475, -1.9342009120736352, 1.4275965967839592, 1.3301878538342438, 1.3520308706711106, 1.25372097639179, 1.0020740294026524] 
[-0.759993701775877, -1.60882258212723, 1.4179996426363042, 1.324673034721557, 1.2951307586392202, 1.1622479207081522, 1.1568930117925351, 1.6418008568716187, -1.928635747757723, 1.4218544508752866, 1.335126137576725, 1.3465738302569772, 1.2475388676189865, 0.9963371315877043] 
[-0.8013951941620093, -1.6502240745133623, 1.3765981502501718, 1.3660745271076893, 1.3365322510253526, 1.2036494130942845, 1.1154915194064028, 1.6842095097263372, -1.8901807354280853, 1.4586566875725873, 1.3744345069222688, 1.302864538387963, 1.205804284558315, 1.033545948823277] 
[-0.8237127025944212, -1.6725415829457742, 1.3989156586825837, 1.3883920355401012, 1.3142147425929407, 1.1813319046618727, 1.093174010973991, 1.6632885168387987, -1.8656783812297368, 1.4334220981811583, 1.3515520453871799, 1.2808779169151674, 1.2246055993306237, 1.013019678809848] 
[-0.8184082745583802, -1.6778460109818152, 1.3936112306465427, 1.3936964635761422, 1.3089103145568997, 1.1866363326979137, 1.0878695829379499, 1.6682658525855256, -1.8700677571060584, 1.4287156887260524, 1.3465650389020676, 1.2863128393340308, 1.2297596865661444, 1.0082714638402563] 
[-0.8410957258028632, -1.6551585597373322, 1.3709237794020597, 1.3710090123316592, 1.3315977658013827, 1.2093237839423967, 1.110557034182433, 1.6926882245840684, -1.8478261538934708, 1.448345027547146, 1.3678498476664893, 1.2631844462345208, 1.2078538832325536, 1.0285171949623877] 
[-0.7735447500768594, -1.722709535463336, 1.4384747551280634, 1.438559988057663, 1.264046790075379, 1.2768747596684005, 1.1781080099084367, 1.621110621144273, -1.9119374301225482, 1.3881784437314557, 1.433203189411475, 1.194128933961337, 1.141601452740742, 1.089546788652471] 
[-0.815059975915866, -1.7642247613023425, 1.47998998096707, 1.3970447622186564, 1.2225315642363723, 1.318389985507407, 1.13659278406943, 1.6581942468689463, -1.9538516229066294, 1.4344764587052568, 1.3891155222405314, 1.1521775299216648, 1.177435856837464, 1.051994747609221] 
[-0.8608295027710654, -1.718455234447143, 1.4342204541118706, 1.4428142890738558, 1.176762037381173, 1.3641595123626065, 1.1823623109246295, 1.6987129199072544, -1.991385977532581, 1.3924192801531885, 1.3461611872496744, 1.1988735193675626, 1.2325278944087736, 1.10542305987383] 
[-0.7858803995768334, -1.6435061312529111, 1.5091695573061026, 1.3678651858796238, 1.251711140575405, 1.4391086155568384, 1.2573114141188615, 1.7668159261394234, -2.0527443500665674, 1.324155936497825, 1.2762916188150433, 1.2723571357194952, 1.3217263897031672, 1.193066104503898] 
[-0.8102577642339214, -1.667883495909999, 1.4847921926490146, 1.3434878212225358, 1.2760885052324928, 1.4147312508997505, 1.2816887787759494, 1.7410614931600104, -2.0795391741635654, 1.34935247127472, 1.299837031710719, 1.2478507635816747, 1.2988607109283206, 1.2152506678980584] 
[-0.8032625598281492, -1.660888291504227, 1.4917873970547868, 1.350483025628308, 1.283083709638265, 1.4217264553055227, 1.2886839831817216, 1.7344983495723583, -2.073386722719521, 1.3558320155068642, 1.3068708833551934, 1.255242039958686, 1.3055763633965625, 1.20880482342823] 
[-0.8253549714135965, -1.6387958799187796, 1.513879808640234, 1.3725754372137553, 1.2609912980528177, 1.44381886689097, 1.2665915715962743, 1.7136731181851346, -2.053814797771176, 1.377307438535944, 1.2838469246536803, 1.231877840501783, 1.2808802709844749, 1.184783193274451] 
[-0.8413649948961578, -1.654805903401341, 1.5298898321227954, 1.356565413731194, 1.2449812745702564, 1.4598288903735313, 1.2826015950788356, 1.7305562078028531, -2.036327874054703, 1.3608387764695133, 1.2677869926202483, 1.2160038414421876, 1.2981048782227345, 1.2023535040022693] 
[-0.8550474389926891, -1.6684883474978722, 1.516207388026264, 1.3702478578277253, 1.2312988304737251, 1.4735113344700626, 1.296284039175367, 1.7434087040203348, -2.0495943071669416, 1.3751269269666868, 1.2540184201972298, 1.2291812760324008, 1.2833587090363423, 1.1873377924308548] 
[-0.8139206782664176, -1.6273615867716007, 1.4750806272999926, 1.3291210971014538, 1.1901720697474536, 1.432384573743791, 1.3374107999016385, 1.781818867233505, -2.086503899288432, 1.3361132891072682, 1.2128883014045835, 1.186483415285856, 1.237386778369385, 1.1420806572426876] 
[-0.7707486793046677, -1.5841895878098509, 1.5182526262617424, 1.285949098139704, 1.2333440687092034, 1.3892125747820412, 1.2942388009398886, 1.7404740082836316, -2.042048115605095, 1.290582994228802, 1.1717281345884991, 1.2270552011696347, 1.1988533308324356, 1.1819736097905316] 
[-0.7952606381058879, -1.608701546611071, 1.4937406674605223, 1.2614371393384838, 1.2578560275104236, 1.364700615980821, 1.3187507597411088, 1.7652085602145753, -2.0181914511814765, 1.3141028960401433, 1.196550592531132, 1.2509587245072527, 1.1774966243431244, 1.2045866418764895] 
[-0.8402158427173213, -1.5637463419996376, 1.4487854628490888, 1.2164819347270504, 1.302811232121857, 1.4096558205922545, 1.3637059643525422, 1.8114826920075249, -1.9694498770099937, 1.2670462687894266, 1.151038863983486, 1.2023257808620706, 1.132784521102837, 1.2461817142985854] 
[-0.7690525162490055, -1.4925830155313218, 1.5199487893174046, 1.2876452611953662, 1.3739745585901728, 1.4808191470605703, 1.434869290820858, 1.739910769815541, -1.8916324176085186, 1.1897404725047962, 1.2241162566745656, 1.271861935715094, 1.0613232048005496, 1.171178141566895] 
[-0.778603594432817, -1.5021340937151333, 1.5103977111335931, 1.2780941830115546, 1.3644234804063613, 1.4712680688767588, 1.4253182126370465, 1.7308719865623154, -1.9010602836916006, 1.1998459245469686, 1.2337995088743783, 1.262626762855916, 1.0704011687451693, 1.1618666492742518] 
[-0.8487869884935905, -1.4319506996543598, 1.4402143170728197, 1.348277577072328, 1.2942400863455878, 1.5414514629375322, 1.49550160669782, 1.8047574666378592, -1.9778947120912553, 1.2719483518227832, 1.1642219580208524, 1.1934778333117735, 1.1366274711261777, 1.093640774358506] 
[-0.893100709091656, -1.4762644202524253, 1.4845280376708851, 1.3925912976703936, 1.2499263657475224, 1.5857651835355977, 1.4511878860997545, 1.8538329882219844, -2.0237402020507425, 1.2301130643784433, 1.1170381048680995, 1.14724431169978, 1.0910967835858938, 1.0483922843112006] 
[-0.895332379632955, -1.4740327497111263, 1.4822963671295861, 1.3948229682116926, 1.2521580362888214, 1.5835335129942987, 1.4489562155584554, 1.8559201020103664, -2.0217743148860428, 1.2322013599412815, 1.1147797897427991, 1.144946390746017, 1.0934215084300056, 1.0507114330288778] 
[-0.9303500033450484, -1.5090503734232197, 1.4472787434174927, 1.429840591923786, 1.2871756600009148, 1.618551136706392, 1.4839738392705488, 1.8939460190177935, -2.061673085206931, 1.2688175490137437, 1.0794002470149489, 1.1090412131962888, 1.0570940749492275, 1.0143107568975362] 
[-1.0038364719203559, -1.582536841998527, 1.5207652119928001, 1.3563541233484786, 1.3606621285762222, 1.5450646681310847, 1.5574603078458562, 1.8236759015793245, -2.1266784380061994, 1.200714145864375, 1.1498909697339301, 1.0384428890803412, 0.9822370419459527, 0.9390099287467553] 
[-0.9654244577765292, -1.6209488561423537, 1.4823531978489735, 1.3947661374923053, 1.3990741427200488, 1.506652653987258, 1.5190482937020295, 1.861721166798893, -2.1637112937486203, 1.1633913812527634, 1.1119575764703218, 1.076263082644295, 0.9439204329278522, 0.9004913648420608] 
[-0.9501747473108368, -1.6056991456766614, 1.4976029083146658, 1.379516427026613, 1.3838244322543565, 1.4914029435215657, 1.5037985832363372, 1.8457827137346727, -2.1804191561277513, 1.1793496441798732, 1.1268469107121581, 1.0614029780918477, 0.9591414828215241, 0.9158753333825673] 
[-1.0062499029943668, -1.5496239899931314, 1.5536780639981957, 1.4355915827101429, 1.4398995879378864, 1.5474780992050956, 1.5598737389198671, 1.7911909016412833, -2.128167178949432, 1.232840317561159, 1.1818184739674302, 1.005228521348445, 0.9029210651418402, 0.9712530566973981] 
[-0.9868375341977336, -1.5690363587897647, 1.573090432794829, 1.455003951506776, 1.4593119567345196, 1.5668904680017288, 1.5792861077165004, 1.7721228542087972, -2.1474183695684532, 1.2524843822519391, 1.2012438776368708, 0.9857985662725745, 0.8834757809500253, 0.9906377113771061] 
[-1.0195913276756245, -1.6017901522676556, 1.540336639316938, 1.487757744984667, 1.4920657502124106, 1.5341366745238378, 1.6120399011943913, 1.7393209578006326, -2.1146577789657477, 1.2197786816125564, 1.2339827230449236, 1.0185293639144342, 0.8507057006097862, 1.0234224561943523] 
[-1.0090564709455991, -1.612325008997681, 1.5508714960469634, 1.4772228882546417, 1.502600606942436, 1.5236018177938124, 1.6225747579244167, 1.7290526796329524, -2.104559811214411, 1.2301797550620774, 1.2233958608796869, 1.0079371085474174, 0.8401044918864705, 1.033991668033362] 
[-1.0346054635104283, -1.6378740015625102, 1.5764204886117925, 1.4516738956898125, 1.5281495995072651, 1.5491508103586416, 1.6481237504892459, 1.7555416742261238, -2.0778072153549325, 1.2044459331170791, 1.197912244479723, 0.9824651426002069, 0.8654517730016665, 1.0594513664913976] 
[-1.0062655260027364, -1.666213939070202, 1.6047604261194843, 1.4800138331975043, 1.4998096619995733, 1.5208108728509497, 1.619783812981554, 1.7287410185057535, -2.0510932289563613, 1.1759549744048219, 1.2264858920354362, 0.954045145113668, 0.8369451766949221, 1.0878851678387724] 
[-1.0413778404775984, -1.63110162459534, 1.5696481116446224, 1.4449015187226424, 1.5349219764744353, 1.5559231873258117, 1.584671498506692, 1.6962971412531576, -2.017940954687609, 1.211971918594482, 1.1911463068294093, 0.9191760835142806, 0.8720221630742977, 1.052651177930345] 
[-0.9878190358883581, -1.5775428200060997, 1.516089307055382, 1.4984603233118827, 1.5884807810636756, 1.5023643827365714, 1.6382303030959324, 1.6398010667101217, -2.0744073539244097, 1.1580373874687666, 1.2451154529056665, 0.9728372832524539, 0.925707775601246, 0.9990656601855127] 
[-0.9862157717208904, -1.575939555838632, 1.5176925712228497, 1.496857059144415, 1.586877516896208, 1.5007611185691037, 1.6366270389284647, 1.641413692218799, -2.0727452176421943, 1.156383310876788, 1.2467179699998905, 0.9744469538042985, 0.9273170897337153, 0.9974643091359735] 
[-0.9936301249519817, -1.5685252026075407, 1.525106924453941, 1.5042714123755063, 1.5794631636651166, 1.508175471800195, 1.644041392159556, 1.6487954201809896, -2.0803516928444914, 1.164023278078314, 1.239307056636794, 0.9670004273587877, 0.919872062936411, 1.0048708061297449] 
[-1.0010915894427486, -1.5610637381167738, 1.532568388944708, 1.5117328768662732, 1.5720016991743497, 1.500714007309428, 1.651502856650323, 1.641347784208258, -2.087617514763196, 1.1567417655293053, 1.2318474276160598, 0.9595727999232356, 0.9272979092335001, 0.9974140420847899] 
[-0.9682720084261307, -1.528244157100156, 1.49974880792809, 1.544552457882891, 1.5391821181577319, 1.533533588326046, 1.618683275633705, 1.6744331189401498, -2.1200451032986245, 1.1245717787719276, 1.199007875399127, 0.9922587764356214, 0.89461025423852, 0.9645912924157556] 
[-0.9926107313881376, -1.5525828800621628, 1.524087530890097, 1.568891180844898, 1.5635208411197388, 1.5578723112880528, 1.643021998595712, 1.6509542278347034, -2.1445777473217924, 1.149869560186971, 1.1747517384880037, 1.0165192970447816, 0.8702583795419745, 0.9889668360707501] 
[-0.9727446028993691, -1.5327167515733944, 1.5439536593788654, 1.5490250523561295, 1.5833869696085072, 1.5777384397768213, 1.6628881270844804, 1.670529450525417, -2.1255045960619654, 1.1692483852859807, 1.1548930280977958, 1.0363791688783692, 0.8901354316280172, 0.9690902726937604] 
[-0.954909184146012, -1.5505521703267515, 1.5261182406255083, 1.5668604711094867, 1.6012223883618644, 1.5955738585301784, 1.6450527083311233, 1.6532466799253376, -2.143069806150938, 1.1873638320261468, 1.172737432559626, 1.0542058612446112, 0.9079888302761088, 0.9869463620806688] 
[-0.9349440738890218, -1.5705172805837417, 1.5460833508824985, 1.586825581366477, 1.6211874986188546, 1.5756087482731882, 1.6650178185881135, 1.6329373952379809, -2.1222402802504, 1.1668629966543294, 1.192728077349083, 1.0342116478649108, 0.9279109451602975, 0.9670262003477647] 
[-0.9375972211346246, -1.5731704278293446, 1.5434302036368956, 1.584172434120874, 1.6185343513732517, 1.5729556010275854, 1.6676709658337163, 1.6302836433264503, -2.1195470234274247, 1.1641703387174211, 1.190071636436862, 1.0368678957065816, 0.9252453698242935, 0.9643604213448485] 
[-0.933642893501589, -1.5771247554623802, 1.5473845312699313, 1.5802181064878384, 1.6224886790062873, 1.5690012733945498, 1.671625293466752, 1.6342305379978854, -2.123430792163162, 1.1602790196411026, 1.194031010029824, 1.0329085132053706, 0.9292179194964902, 0.9683330847160719] 
[-0.9984663398931142, -1.6419482018539053, 1.6122079776614564, 1.6450415528793636, 1.5576652326147622, 1.5041778270030246, 1.6068018470752268, 1.6993900658983507, -2.057360276143797, 1.0945315922267036, 1.129281955668901, 0.9681622806992625, 0.9943813645660255, 1.0334954418961184] 
[-0.9731305449717249, -1.616612406932516, 1.6375437725828457, 1.6197057579579743, 1.5830010275361515, 1.5295136219244139, 1.632137641996616, 1.6755179216082, -2.032869258689123, 1.1205492712240344, 1.1547410386147676, 0.9936100484145468, 0.968907967004165, 1.058843250776389] 
[-0.9898915134851878, -1.633373375445979, 1.6543047410963085, 1.6364667264714372, 1.5662400590226886, 1.512752653410951, 1.6153766734831532, 1.6916426825781323, -2.0496731725780486, 1.1031207177958562, 1.1379274657710863, 0.9768015500474843, 0.9856903281971111, 1.0420948275304778] 
[-0.9905211016023978, -1.632743787328769, 1.6549343292135186, 1.6358371383542272, 1.5668696471398986, 1.513382241528161, 1.6160062616003632, 1.6922394217679608, -2.050301521316854, 1.102464986374008, 1.138554134498307, 0.9774285123792759, 0.986317657222364, 1.041465112247358] 
[-0.9974587255416489, -1.6258061633895178, 1.6479967052742674, 1.628899514414976, 1.5599320232006475, 1.5203198654674122, 1.609068637661112, 1.6988181468350831, -2.057233515180641, 1.095180662080218, 1.131589579597409, 0.9705189645081573, 0.9794045734056913, 1.0484039609886782] 
[-1.030778144525585, -1.6591255823734539, 1.6813161242582035, 1.59558009543104, 1.5932514421845836, 1.5536392844513482, 1.575749218677176, 1.6639466733447479, -2.0908348988526892, 1.1269906632349318, 1.0983434465647466, 1.003964138775574, 0.9459733288081701, 1.0817372593841355] 
[-1.0408718265958052, -1.669219264443674, 1.6712224421879833, 1.5854864133608197, 1.5831577601143634, 1.5637329665215685, 1.5858429007473962, 1.6546088835146069, -2.0808444471884973, 1.1376706054003312, 1.1084353953440864, 0.9938911499064847, 0.956070170140154, 1.0716446999977598] 
[-1.034854534043995, -1.6632019718918638, 1.665205149636173, 1.59150370591263, 1.5891750526661736, 1.5577156739697582, 1.5918601932992065, 1.6480067631013349, -2.0877420824552257, 1.1313140717356254, 1.1144361123475335, 0.9878819175406791, 0.9500523817301143, 1.0656262882526888] 
[-1.0300306455553363, -1.6583780834032051, 1.6603812611475144, 1.5866798174239714, 1.5939989411548323, 1.5625395624584169, 1.5870363048105478, 1.6524567832198689, -2.09245453549233, 1.1262734427017969, 1.1192420698446983, 0.9830650461645913, 0.954879442372631, 1.0704520450237707] 
[-1.0254272186552251, -1.6629815103033163, 1.6649846880476256, 1.5912832443240825, 1.5893955142547211, 1.5579361355583057, 1.5824328779104366, 1.6481911029228413, -2.0879505976270623, 1.1310771341013008, 1.1146357173602675, 0.9784526625653015, 0.9502783538471445, 1.0750537384788068] 
[-0.9876417605238332, -1.7007669684347082, 1.6271992299162337, 1.5534977861926906, 1.627180972386113, 1.5957215936896976, 1.5446474197790447, 1.6070242029988229, -2.130916361293765, 1.091133472116416, 1.0768412130521074, 1.016162074783651, 0.9880620578884385, 1.1128473728200468] 
[-0.9996884615584714, -1.68872026740007, 1.6392459309508718, 1.5655444872273288, 1.6392276734207512, 1.6077682947243357, 1.5566941208136829, 1.5934740053781007, -2.1448137981665436, 1.0786318879435057, 1.0889542674153931, 1.0282420613293948, 1.0001213302981762, 1.1007829085961816] 
[-0.9948876117017891, -1.6839194175433878, 1.6344450810941895, 1.570345337084011, 1.6344268235640689, 1.612569144581018, 1.5614949706703651, 1.5881273933484168, -2.150327664424726, 1.0736256170834384, 1.0937807567803224, 1.0330645546386714, 1.0049166245822172, 1.105579137759925] 
[-1.0042587162906935, -1.6932905221322923, 1.643816185683094, 1.5797164416729155, 1.6437979281529733, 1.6031980399921135, 1.5708660752592696, 1.5777442919280789, -2.161016959497077, 1.063887081118618, 1.0844478967834914, 1.042398088165068, 0.995550878924832, 1.0962135676348599] 
[-1.012607958429613, -1.7016397642712118, 1.6354669435441744, 1.588065683811835, 1.6354486860140538, 1.594848797853194, 1.56251683312035, 1.5683999451936528, -2.1706689899737346, 1.0551536018382972, 1.0760445107243877, 1.0340065381245225, 1.003897745046768, 1.1045628522139046] 
[-1.006213811684046, -1.6952456175256447, 1.6290727967986074, 1.594459830557402, 1.6290545392684868, 1.601242944598761, 1.568910979865917, 1.5741318392558044, -2.17665317756155, 1.048542023754318, 1.069662070159058, 1.0403713928463747, 0.9975096536425014, 1.0981721215330087] 
[-1.0125348490289072, -1.6889245801807835, 1.6227517594537462, 1.5881387932125408, 1.635375576613348, 1.5949219072538998, 1.5752320172107783, 1.5684320105619547, -2.170729293119409, 1.0550278297854212, 1.063381422923251, 1.0466756850054957, 1.003834530741789, 1.104492464887817] 
[-1.0218743829753558, -1.679585046234335, 1.6134122255072976, 1.5974783271589894, 1.6260360426668994, 1.5855823733074512, 1.584571551157227, 1.5599675904522796, -2.1619747268765424, 1.0645874288412618, 1.0540299863461038, 1.037300915907161, 0.9944937551033962, 1.1138293257821454] 
[-1.009597195900306, -1.6918622333093847, 1.6011350384322478, 1.6097555142340392, 1.6137588555918496, 1.5733051862324015, 1.5968487382322767, 1.5487063872786802, -2.1510057439648578, 1.0525881419504044, 1.0663013717860452, 1.0496021199820593, 0.9822120697291716, 1.101542799156447] 
[-1.047721497410813, -1.7299865348198917, 1.6392593399427549, 1.5716312127235321, 1.5756345540813426, 1.6114294877429085, 1.6349730397427837, 1.5911103975636363, -2.10914889592488, 1.014954307706378, 1.0279504331446847, 1.0114316092297246, 1.02029003880064, 1.063461099395521] 
[-1.0408985885677469, -1.736809443662958, 1.6324364310996886, 1.5784541215665984, 1.5688116452382763, 1.6182523965859748, 1.6281501308997175, 1.5990529074486286, -2.1009958319586044, 1.0220514137945533, 1.0211307187872052, 1.018252029428858, 1.0134652452975483, 1.0566360746542132] 
[-1.0515498916085244, -1.7261581406221804, 1.6430877341404662, 1.5678028185258208, 1.5794629482790539, 1.6076010935451972, 1.61749882785894, 1.6115248365617034, -2.0882274648353363, 1.0330813725753736, 1.010494648646944, 1.0076058941343373, 1.0241114706755836, 1.0672861678740655] 
[-1.0444596619898912, -1.7332483702408137, 1.635997504521833, 1.5607125889071876, 1.5865531778976871, 1.600510863926564, 1.6104085982403067, 1.6033672383122985, -2.096172616890317, 1.0398869925845826, 1.0175772991058887, 1.0005208785747643, 1.017024887055199, 1.0743735321976524] 
[-1.0180655740711169, -1.7068542823220394, 1.6096034166030586, 1.5871066768259618, 1.6129472658164614, 1.5741167760077897, 1.5840145103215324, 1.6341787118452058, -2.0645854935222503, 1.0672584467804493, 1.0439539561078102, 1.0269341442828568, 1.0433946112136874, 1.0479958910803662] 
[-1.0005472315238437, -1.7243726248693125, 1.6271217591503317, 1.5695883342786887, 1.5954289232691883, 1.5565984334605165, 1.6015328528688055, 1.6184326839341638, -2.0492329583641795, 1.0500110590941618, 1.0263688056909301, 1.0093880035787715, 1.0609022525500122, 1.0304872998444183] 
[-0.9941253506451035, -1.7307945057480527, 1.633543640029072, 1.5631664533999485, 1.589007042390448, 1.5501765525817763, 1.6079547337475457, 1.6110354980845014, -2.0568070947725783, 1.043360517066999, 1.0328008301590657, 1.0158186928706794, 1.0544853386410142, 1.0369043240921592] 
[-0.9864063193911514, -1.7385135370020048, 1.641262671283024, 1.5708854846539007, 1.581288011136496, 1.5424575213278242, 1.6002357024935936, 1.6021607184642606, -2.065461005956415, 1.0507781101888605, 1.0405020575385524, 1.0081072416121406, 1.0467703116655034, 1.0446181373318169] 
[-0.9809746084241882, -1.7330818260350416, 1.6466943822499873, 1.576317195620864, 1.5867197221034592, 1.537025810360861, 1.5948039915266303, 1.597364251738326, -2.0608984350866777, 1.0455212190936776, 1.0459296811059575, 1.0026795536685007, 1.0413402906308102, 1.0500481720818977] 
[-0.9744275434817569, -1.7396288909774729, 1.6532414471924186, 1.5828642605632952, 1.580172657161028, 1.5304787454184297, 1.588256926584199, 1.6048912048361341, -2.053600786911515, 1.0392720668687403, 1.0393849512364215, 1.0092174964946972, 1.047888639032353, 1.0565977385767449] 

Time 
43.594321966171265 
