Parameters 
 
[-0.5, -0.5, -0.5, -0.5, -0.5, -0.5, -0.5, -0.5, -0.5, -0.5, -0.5, -0.5, -0.5, -0.5, -0.5, -0.5, -0.5, -0.5, -0.5, -0.5, -0.5, -0.5] 
[-0.8508755800021692, -0.8508755800021692, -0.14912441999783077, -0.14912441999783077, -0.14912441999783077, -0.8508755800021692, -0.8508755800021692, -0.8508755800021692, -0.14912441999783077, -0.14912441999783077, -0.14912441999783077, -0.41186725792193213, 0.12448460533451333, -1.3414524482924652, 0.2041633751548123, -0.6153703167045266, 0.0585881101113328, -0.9471854242819417, -0.7977484978615352, -0.19670067177767658, -0.07339893094642547, -1.008389548742421] 
[-1.2357855265130584, -1.2357855265130584, 0.2357855265130584, -0.5340343665087199, -0.5340343665087199, -1.2357855265130584, -1.2357855265130584, -1.2357855265130584, 0.2357855265130584, -0.5340343665087199, 0.2357855265130584, -1.185480722751107, 0.9086055499495596, -1.3735121924718523, 0.5404912902460944, -0.25962195988930137, -0.1448223386686419, -1.387726839426426, -0.3224492127561203, -0.08736716503339423, 0.3661227839133014, -1.457158827399132] 
[-1.2945164430971923, -1.2945164430971923, 0.29451644309719227, -0.5927652830928538, -0.5927652830928538, -1.2945164430971923, -1.1770546099289245, -1.1770546099289245, 0.29451644309719227, -0.47530344992458606, 0.29451644309719227, -1.1482865885313385, 0.9779668419635696, -1.4469751151564063, 0.6344075181567466, -0.3536143877929451, -0.17778332920124504, -1.4334874337796866, -0.36320802863549867, -0.13142185867285136, 0.40198256489541895, -1.4156847963085752] 
[-1.3261840485204, -1.3261840485204, 0.32618404852039995, -0.6244328885160615, -0.6244328885160615, -1.2628488376739846, -1.2087222153521322, -1.1453870045057168, 0.2628488376739846, -0.5069710553477937, 0.2628488376739846, -1.1705723651722661, 0.9422175383678305, -1.4074335383450434, 0.6175984594478267, -0.38126835958194466, -0.1505704649762296, -1.40751807530089, -0.3904465243234624, -0.15188834745625043, 0.4218403677809896, -1.3923385998420073] 
[-1.2445854983430655, -1.4077825986977344, 0.40778259869773437, -0.5428343383387271, -0.5428343383387271, -1.344447387851319, -1.2903207655294666, -1.0637884543283824, 0.18125028749665018, -0.4253725051704593, 0.18125028749665018, -1.0667887601748711, 0.8478013075076976, -1.459407522040212, 0.754344837560448, -0.5112918228156905, -0.24110462786400744, -1.3066301181583544, -0.3433975696348781, -0.07887598165534455, 0.486617825222861, -1.3400681626387743] 
[-1.4822226930690139, -1.6454197934236827, 0.170145403971786, -0.7804715330646754, -0.3051971436127787, -1.1068101931253707, -1.0526835708035183, -0.8261512596024341, -0.05638690722929818, -0.6630096998964077, -0.05638690722929818, -1.2567355916254561, 0.5375876954428761, -1.1087877006022961, 1.1705012459321338, -0.9033641022531845, -0.3875927959473112, -1.5327620038898524, -0.13014992392262278, 0.12307007063189503, 0.6756032914356649, -1.1778836704889224] 
[-1.6721656113390853, -1.835362711693754, 0.3600883222418574, -0.5905286147946041, -0.4951400618828501, -1.296753111395442, -1.2426264890735896, -1.0160941778725054, 0.1335560110407732, -0.4730667816263363, 0.1335560110407732, -1.050164973849353, 0.7614936843908647, -1.3229949176461941, 1.705416883375322, -1.4220318733144246, -0.6499922884235894, -1.243908292138225, -0.08486823870316003, 0.31161809747942487, 0.17501101649988093, -0.6808089504508885] 
[-1.7435592393644685, -1.9067563397191374, 0.2886946942164741, -0.5191349867692208, -0.4237464338574668, -1.2253594833700587, -1.314020117098973, -0.9447005498471222, 0.20494963906615649, -0.5444604096517196, 0.0621623830153899, -1.145296674872351, 0.6702454889540158, -1.2694584454735494, 1.829755035448431, -1.5464393935583256, -0.6874055672433014, -1.3196981478263305, 0.023416378138369276, 0.21342109581261315, 0.21666568739208003, -0.6280574389427783] 
[-2.1179598930183565, -2.2811569933730254, -0.08570595943741388, -0.8935356404231087, -0.7981470875113548, -1.5997601370239467, -1.688420770752861, -0.5702998961932342, 0.5793502927200445, -0.9188610633056076, 0.43656303666927787, -1.723723457844649, 0.04202427307586554, -1.6934649089702611, 1.2391327523849114, -0.9679944014058949, -0.25715995680514697, -1.8970845958440041, 0.5927702294345745, -0.204201150647372, 0.9174956063799011, -1.3571739964689424] 
[-2.4335652730957444, -2.5967623734504133, -0.4013113395148018, -0.5779302603457208, -0.48254170743396685, -1.2841547569465588, -1.372815390675473, -0.8859052762706221, 0.26374491264265654, -0.6032556832282197, 0.12095765659188995, -1.7674870546843453, 0.5301564699981669, -1.1924252491963343, 1.0563989401481149, -1.1808168873056253, 0.031062991260299988, -2.1977204931829144, 0.23624116488509822, -0.8388064771543841, -0.15581022711271975, -0.3945715394686845] 
[-2.548682225221295, -2.7118793255759637, -0.2861943873892514, -0.6930472124712712, -0.36742475530841645, -1.3992717090721092, -1.4879323428010234, -0.7707883241450717, 0.14862796051710614, -0.48813873110266925, 0.005840704466339552, -1.8693135856809073, 0.5540524661540471, -1.287858484451414, 1.0957936936033825, -1.070778453467399, -0.08241943844047925, -2.2798555013294033, 0.15631145841840485, -0.9801309174146144, -0.4353449961997466, -0.1274696311122846] 
[-2.795188314249781, -2.4653732365474776, -0.5327004764177374, -0.9395533014997572, -0.6139308443369025, -1.1527656200436232, -1.7344384318295094, -1.0172944131735577, 0.39513404954559217, -0.24163264207418322, 0.2523467934948256, -1.914791585655784, 0.9497957771058534, -0.7679024052425742, 1.8164522658630027, -1.720258680946603, -0.27822236081177276, -2.543531159753254, 0.4191511511571847, -0.7023667728983417, 0.05758922777292125, -0.6026008087210657] 
[-2.707697937993792, -2.5528636128034665, -0.6201908526737263, -1.0270436777557461, -0.7014212205928914, -1.240255996299612, -1.6469480555735205, -1.1047847894295466, 0.3076436732896033, -0.3291230183301721, 0.1648564172388367, -1.760121338693256, 1.2034913121169382, -0.5209171234749418, 1.948401257974976, -1.6969023847544262, -0.3569893000744092, -2.4453607086144897, 0.32290001135417307, -0.6092609331618898, 0.14883471717715507, -0.5346237639240015] 
[-2.913153916703594, -2.3474076340936647, -0.4147348739639245, -1.232499656465548, -0.9068771993026932, -1.4457119750094138, -1.8524040342833223, -1.3102407681393484, 0.10218769457980148, -0.5345789970399739, 0.3703123959486385, -1.4856164254598148, 1.4009822325281118, -0.774421420498667, 1.432433596686611, -1.2323885586205567, -0.21452677237167653, -2.6757045477347865, 0.547916914774015, -0.8243596219306285, -0.03925355858252069, -0.6829268832466939] 
[-3.079851026276596, -2.1807105245206624, -0.5814319835369268, -1.0658025468925456, -1.0735743088756955, -1.2790148654364115, -2.0191011438563247, -1.143543658566346, 0.2688848041528038, -0.7012761066129762, 0.2036152863756362, -1.3007800280966086, 1.515269830801259, -0.9029807329481265, 1.0639877540488123, -0.87581312724538, -0.026362478070493994, -2.480920771959152, 0.6737086770618133, -0.954981251220743, 0.07015334312031071, -0.5679207992705216] 
[-2.9716424875531824, -2.0725019857972486, -0.4732234448135131, -0.9575940081691319, -1.1817828475991092, -1.1708063267129978, -1.910892605132911, -1.2517521972897598, 0.37709334287621754, -0.80948464533639, 0.31182382509904993, -1.3979637181365145, 1.827208841825696, -0.5999733100276945, 0.9426158793163951, -0.7058804770219982, -0.1848298244370602, -2.629770092450487, 0.759944518805401, -1.0548019699865776, -0.22005709840784735, -0.2829275470310086] 
[-3.1393869186178303, -2.2402464168618965, -0.3054790137488652, -0.789849577104484, -1.0140384165344614, -1.00306189564835, -1.743148174068263, -1.4194966283544077, 0.20934891181156967, -0.6417402142717421, 0.14407939403440206, -1.6331522744646008, 0.9980441427254525, -1.435019244471938, 0.7084667670173892, -0.8468727543546302, -0.0020837018210264624, -2.751917675392847, 0.5488971448125092, -1.2496060683135908, 0.22036506003986886, -0.7328104642112472] 
[-2.9786960048184574, -2.4009373306612694, -0.46616992754823805, -0.9505404909038568, -0.8533475027350885, -0.8423709818489771, -1.903839087867636, -1.2588057145550349, 0.048657998012196835, -0.48104930047236927, 0.3047703078337749, -1.7929126926359187, 1.6778441698636355, -0.7405978286347816, 0.9013228367487219, -0.6818530626604631, -0.23036310902557428, -2.9424346650897055, 0.7039870226106063, -1.375108311062013, 0.5977248828855273, -1.1121640823819505] 
[-3.26416439502095, -2.6864057208637617, -0.7516383177507304, -1.2360088811063492, -1.138815892937581, -1.1278393720514694, -1.6183706976651435, -0.9733373243525425, -0.23681039219029554, -0.7665176906748616, 0.5902386980362673, -1.5859279692561306, 1.0221254873481267, -1.4047374214058408, 0.9601612914596824, -0.47558637846585805, -0.055152575385314956, -3.2549278923816756, 0.9894579394086602, -1.569280987452462, 0.7926580185660973, -0.9126346315245336] 
[-3.0179301943207775, -2.932639921563934, -0.5054041170505581, -0.9897746804061769, -1.3850500936377532, -0.8816051713512971, -1.3721364969649712, -1.2195715250527148, -0.48304459289046786, -0.5202834899746893, 0.8364728987364396, -1.8736047822828765, 1.399508148743921, -1.0924228647128094, 0.6911057920853083, -0.17873253742040657, 0.15679887232280235, -3.050220429240104, 1.1777131795596563, -1.7963064626648642, 0.6662873631261321, -1.0880771285091346] 
[-3.109777681325507, -3.0244874085686635, -0.5972516040552875, -0.8979271934014474, -1.2932026066330238, -0.9734526583560266, -1.4639839839697006, -1.3114190120574443, -0.5748920798951973, -0.4284360029699599, 0.928320385741169, -1.7714869868253267, 1.484622696953237, -1.1982156363102086, 0.5784916663539202, -0.22859985127126015, 0.07876341032393712, -2.9331091316819355, 1.070157297486107, -1.8536465604944292, 0.5447151395771893, -0.9603654443928589] 
[-3.4908965206255895, -3.405606247868746, -0.9783704433553702, -1.27904603270153, -0.9120837673329412, -1.3545714976561092, -1.8451028232697833, -1.6925378513575269, -0.1937732405951147, -0.04731716366987726, 1.3094392250412517, -2.1416046244860594, 1.832852994004405, -1.4177200564032528, 0.9461816942866573, -0.583985194821238, -0.19085269342533717, -2.589367390651025, 1.3761521549132576, -1.5550801306537176, 0.9868785602042991, -1.4338581310200784] 
[-3.099739666332279, -3.0144493935754357, -0.5872135890620598, -1.6702028869948404, -1.3032406216262515, -0.9634146433627988, -2.2362596775630936, -2.0836947056508373, -0.5849300948884251, 0.3438396906234331, 0.9182823707479413, -1.5821160440835564, 1.3233515484933114, -1.903446951697, 0.2327882487579993, 0.05862705742085039, -0.5583776590744232, -2.249804193380039, 1.6921321922581423, -1.8722890265519627, 0.5835628858116273, -1.0378642836232363] 
[-3.0500420400238535, -2.96475176726701, -0.6369112153704855, -1.719900513303266, -1.3529382479346772, -1.0131122696712245, -2.2859573038715193, -2.0339970793424116, -0.6346277211968507, 0.3935373169318588, 0.967979997056367, -1.5304729513988777, 1.3702268245154117, -1.9505295176547883, 0.2754858476065561, 0.10231591286021605, -0.49719457049601173, -2.1819199401368827, 1.7374606917072084, -1.915371141146158, 0.529791082496258, -0.9973431555168021] 
[-3.038103648740193, -2.9766901585506704, -0.6488496066541458, -1.7318389045869265, -1.3409998566510168, -1.0250506609548848, -2.2978956951551797, -2.045935470626072, -0.6465661124805111, 0.40547570821551915, 0.9560416057727066, -1.5197141206729754, 1.357120156491714, -1.9656998435169621, 0.29142304952374515, 0.08672254172293853, -0.5091336067801161, -2.171972119899038, 1.7343528793347043, -1.9004381415848723, 0.5480321724972583, -0.9822111835234068] 
[-2.9772997940676897, -3.037494013223174, -0.5880457519816424, -1.671035049914423, -1.4018037113235202, -1.0858545156273882, -2.2370918404826763, -2.1067393252985753, -0.5857622578080077, 0.34467185354301577, 0.8952377511002032, -1.5755661533793535, 1.4057136483366983, -2.0158078457565725, 0.24565961268802244, 0.029498748849265864, -0.566117747749795, -2.1066215868779814, 1.8015526272900515, -1.911454551050577, 0.6194418049745436, -0.9084403885599897] 
[-2.9463024482864593, -3.0684913590044043, -0.6190430977628729, -1.7020323956956536, -1.4328010571047507, -1.0548571698461577, -2.206094494701446, -2.137736671079806, -0.6167596035892382, 0.37566919932424625, 0.8642404053189727, -1.6026118878233238, 1.4300059371451708, -2.0428389525215187, 0.21135042070270638, 0.06400358095895065, -0.5937266349289366, -2.0870303057496637, 1.7541689839114907, -1.9567376046756169, 0.6446463039472142, -0.8730053334450187] 
[-2.786303399230469, -2.908492309948414, -0.45904404870688253, -1.862031444751644, -1.2728020080487603, -1.2148562189021481, -2.0460954456454554, -2.297735720135796, -0.7767586526452286, 0.21567015026825587, 1.024239454374963, -1.8031670366190864, 1.2204494043502898, -2.2269519185334286, 0.3683011321422418, 0.21698230350929015, -0.43090332027212014, -2.1850274276545543, 1.9906897392683356, -1.7181650096343164, 0.5823229363618555, -0.7251162874056066] 
[-2.627644945898854, -2.749833856616799, -0.6177025020384974, -1.703372991420029, -1.4314604613803752, -1.373514672233763, -2.2047538989770703, -2.1390772668041813, -0.6181001993136137, 0.05701169693664099, 1.182897907706578, -2.032970881717034, 1.0102421931471797, -2.091853410825806, 0.2289361482077832, 0.07412919989878439, -0.6330181784319352, -2.421603372155037, 1.7359071214362354, -1.9125751544804317, 0.6402914818155263, -0.879176319128216] 
[-2.6114180815643624, -2.7336069922823074, -0.6014756377040058, -1.7195998557545207, -1.4152335970458836, -1.3897415365682546, -2.220980763311562, -2.155304131138673, -0.6343270636481053, 0.0732385612711326, 1.1666710433720864, -2.0044573492724913, 1.0372831090877228, -2.0997550869798047, 0.21486295941746453, 0.059920877099536925, -0.6159031988995637, -2.406075204867698, 1.7114406845148487, -1.9360698888553252, 0.6489205599229584, -0.8952516137952332] 
[-2.8857987697609917, -2.459226304085678, -0.8758563259006351, -1.4452191675578914, -1.1408529088492543, -1.1153608483716253, -1.9466000751149326, -2.4296848193353022, -0.359946375451476, 0.3476192494677619, 0.8922903551754571, -2.4957293589588887, 0.570024544013108, -1.9751721359912073, 0.4476686120571902, 0.31307194741972605, -0.3056866982978241, -2.090001711754989, 1.8767497040068801, -2.265775636125358, 0.2731690096422809, -0.6295791918691542] 
[-3.430951022745347, -3.004378557070033, -1.4210085788849902, -0.9000669145735363, -1.6860051618336094, -1.6605131013559804, -2.4917523280992877, -2.9748370723196573, -0.9050986284358311, 0.892771502452117, 1.4374426081598122, -1.8387750307299076, 1.1393992284673091, -2.2433635682547894, 1.1778844650063083, -0.46141323611703405, 0.41258741693347706, -1.1121980736886392, 2.954835372340736, -1.2406959350321236, 1.222433456261844, 0.10552763393774589] 
[-3.762442271143033, -3.3358698054677194, -1.7524998272826764, -0.5685756661758501, -2.0174964102312956, -1.3290218529582942, -2.823243576496974, -3.3063283207173435, -0.5736073800381449, 0.5612802540544308, 1.7689338565574984, -2.3021847159882034, 1.606110388848768, -2.0269060059057464, 0.9739425372563418, -0.776531219642541, 0.7581011198114656, -1.4572635779866867, 2.6195994259310167, -1.5125894224951264, 1.4011837534396583, -0.21453193178175833] 
[-3.8943930468987555, -3.203919029711997, -1.6205490515269538, -0.43662489042012753, -2.149447185987018, -1.1970710772025717, -2.9551943522526964, -3.438279096473066, -0.44165660428242237, 0.42932947829870827, 1.900884632313221, -2.2351630345447124, 1.7198648789034976, -1.3200254529009534, 1.6769661322931988, -0.6869431962825593, 0.8285201740269403, -1.3437201343597742, 2.7500586692482374, -1.437027312108, 1.314417072065142, -0.338846818936092] 
[-3.554541594084433, -2.8640675768976744, -1.2806975987126314, -0.7764763432344499, -1.8095957331726957, -1.536922530016894, -3.295045805067019, -3.7781305492873885, -0.7815080570967448, 0.08947802548438588, 1.5610331794988985, -2.0326739721544245, 1.9211704508727003, -1.4863225179414197, 1.8685949121239713, -0.8603411963615613, 0.21959473068813884, -0.7099306709284545, 2.584331441368397, -1.9495626222920521, 0.7339847802057425, 0.0718028172221285] 
[-3.354860369107857, -3.0637488018742505, -1.0810163737360554, -0.5767951182578739, -2.0092769581492718, -1.73660375499347, -3.494727030043595, -3.5784493243108124, -0.5818268321201687, -0.11020319949219015, 1.3613519545223225, -2.17182497946927, 1.76433874157651, -1.6375674706014973, 1.9593949819313292, -1.0596328316701995, 0.38639596849681657, -0.5491657153309258, 2.571772356428621, -2.399914112001833, 0.280364083856777, 0.27120312364593147] 
[-3.798634748127458, -2.6199744228546495, -0.6372419947164545, -0.13302073923827296, -2.4530513371688727, -2.180378134013071, -3.938501409063196, -3.1346749452912115, -0.1380524531005678, 0.3335711795274108, 1.8051263335419234, -1.6116945200069033, 1.2129240657114462, -1.342361169186272, 1.7846633510094525, -0.5882006402544865, 0.7591420747125525, -0.21809340383304415, 3.2243414123021346, -2.9778201997526716, 0.4466598580643012, -0.17574820666400542] 
[-4.1133954564328405, -2.9347351311600316, -0.32248128641107243, 0.1817399690671091, -2.1382906288634906, -1.865617425707689, -4.253262117368578, -3.4494356535965935, 0.17670825520481426, 0.6483318878327928, 1.4903656252365414, -2.1729114906982936, 1.6783287649399288, -1.804504338466055, 1.2077675211113572, -0.9021424664137712, 0.8931083796067971, -0.06533107537172786, 2.973472803322975, -2.6975565165567676, 0.1905903926472754, -0.4712267143933992] 
[-4.100508333111147, -2.921848007838338, -0.3353684097327658, 0.1946270923888025, -2.151177752185184, -1.8527303023859956, -4.266149240690272, -3.4365485302749, 0.18959537852650765, 0.6354447645110994, 1.5032527485582348, -2.2374905629546973, 1.7422805059152262, -1.8148330843423286, 1.1931295400176418, -0.9173359635101989, 0.8779408377011552, -0.0713899378290554, 2.987053153307975, -2.7141783099902033, 0.2051147173244462, -0.4834201439126228] 
[-3.688500513228284, -2.5098401879554753, 0.07663941015009712, 0.6066349122716654, -2.563185572068047, -1.4407224825031326, -4.678157060573135, -3.024540710392037, -0.2224124413563553, 0.2234369446282365, 1.9152605684410977, -2.3676230983980786, 1.3894447197313182, -2.1936485716847494, 1.4308331810535857, -0.36886513309286817, 1.5800515679771543, -0.7968631244992013, 2.3462826148308062, -2.2714107793075455, 0.5371708554200512, -0.8823644759877036] 
[-3.5050039884529944, -2.693336712730765, -0.10685711462519265, 0.42313838749637567, -2.7466820968433368, -1.6242190072784224, -4.861653585348424, -3.208037235167327, -0.038915916581065524, 0.40693346940352626, 1.731764043665808, -2.808845317247808, 2.00355105017175, -1.705637474695401, 1.5163878912013768, -0.21513808195823142, 1.3920610696558007, -0.9538800846363509, 2.1820994744391498, -2.502692546409808, 0.31648277130169145, -1.0497543917616914] 
[-3.162990327081207, -3.0353503741025523, 0.23515654674659459, 0.08112472612458843, -3.088695758215124, -1.9662326686502096, -4.519639923976637, -2.8660235737955397, 0.3030977447907217, 0.06491980803173902, 2.073777705037595, -3.106142191870985, 1.8639622188153797, -1.4395190911329703, 1.2919254304139376, -0.4651762817626413, 1.786329824329705, -0.5384784779648059, 2.5492853100742083, -2.169649151533599, -0.03675651739656144, -0.6853497999851823] 
[-2.6972540988507134, -2.5696141458720585, -0.23057968148389918, -0.38461150210590533, -2.6229595299846302, -2.4319688968807034, -4.053903695746143, -3.3317598020260335, -0.16263848343977205, -0.40081642019875474, 1.6080414768071014, -3.5628839764458555, 1.441199630416604, -1.1169570618284057, 1.7231890713710638, -0.9736349428251012, 1.3536187535261437, -0.7840311680843601, 2.9445383159772485, -1.7906844978276617, 0.3345953908446891, -1.1621695711920965] 
[-2.853404050301286, -2.413464194421486, -0.3867296329344718, -0.2284615506553327, -2.779109481435203, -2.2758189454301307, -4.210053647196716, -3.487909753476606, -0.3187884348903447, -0.2446664687481821, 1.4518915253565288, -3.4278589504101067, 1.382753154973496, -1.0141827420740281, 1.5796571675501716, -0.9915673160488306, 0.9848239491809145, -0.18797386350346645, 3.474437011548203, -1.9883620410898517, 0.4640704201221253, -1.0041633542619703] 
[-2.9372985141307666, -2.3295697305920053, -0.47062409676395234, -0.3123560144848132, -2.8630039452646834, -2.1919244816006502, -4.293948111026197, -3.5718042173060867, -0.4026828987198252, -0.16077200491870158, 1.5357859891860093, -3.503306302418318, 1.4225708188532287, -1.0616875143794362, 1.6265599678088036, -1.1137636727081814, 0.7726027334950593, 0.10653614675433098, 3.732458943729999, -2.096483129649766, 0.519369570758945, -1.0895667678989167] 
[-3.1545545256461196, -2.1123137190766523, -0.6878801082793053, -0.5296120260001662, -3.0802599567800364, -2.4091804931160032, -4.0766920995108435, -3.3545482057907337, -0.1854268872044722, 0.056484006596651426, 1.3185299776706563, -3.2777105300759146, 1.4823175735650855, -1.3601048483240987, 1.225729676192243, -1.474440146982769, 0.5239466006411345, 0.03247834860739071, 3.8652979251517516, -1.7846058406211527, 0.8474056494263362, -1.3085138471610853] 
[-3.389344505256794, -2.347103698687327, -0.45309012866863085, -0.2948220463894917, -2.845469977169362, -2.6439704727266777, -4.311482079121518, -3.589338185401408, 0.04936309240620229, 0.2912739862073259, 1.5533199572813308, -3.5067989066661402, 0.6288914801179714, -2.2969107495142627, 0.7404687987034305, -1.438245255022171, 0.2812080316584348, 0.05612970300577842, 4.142747759282753, -2.0183473620764154, 1.0434315359218043, -1.0710090428113594] 
[-3.3496988271818964, -2.3867493767622245, -0.49273580674352857, -0.255176368314594, -2.805824299094464, -2.60432479465178, -4.27183640104662, -3.628983863476306, 0.08900877048110001, 0.33091966428222364, 1.513674279206433, -3.54944887660131, 0.6463769146957113, -2.344325252812748, 0.6769419255476241, -1.4781296482186326, 0.3449324798168827, -0.13393527031693903, 3.9520627754507034, -1.9447095306346098, 1.0008461252500536, -1.031576818533994] 
[-3.372771698616294, -2.409822248196622, -0.5158086781779261, -0.2782492397489915, -2.7827514276600667, -2.5812519232173825, -4.294909272481018, -3.6059109920419083, 0.0659358990467025, 0.3078467928478261, 1.5367471506408306, -3.5769420865031285, 0.6757501965004985, -2.340663139259631, 0.7050944103030127, -1.459752356904723, 0.30620836827767334, -0.03355250044879729, 4.053040050493459, -1.9898641749744435, 1.0277085190265975, -1.0080076329774423] 
[-3.2732724484288944, -2.5093214983840215, -0.4163094279905266, -0.17874998956159205, -2.683252177472667, -2.481752673029983, -4.394408522668417, -3.705410242229308, 0.16543514923410196, 0.4073460430352256, 1.437247900453431, -3.5100684615040905, 0.8671392349741044, -2.1581048591719334, 0.6336000378145554, -1.622507479554832, 0.14098288605533366, 0.061466456745837283, 3.998418233684962, -1.8744607687661512, 0.9206947428658712, -1.1086083484469098] 
[-3.517921827263894, -2.7539708772190212, -0.1716600491555269, 0.06589938927340766, -2.4386027986376675, -2.7264020518649827, -4.149759143833418, -3.9500596210643075, 0.4100845280691017, 0.16269666420022588, 1.6818972792884308, -3.208704839745284, 0.3316835452923511, -2.641262417952387, 0.7843736690717049, -1.2026615118121975, 0.5863410419247075, -0.26596684039519625, 3.9885807316763255, -1.5905573179321295, 0.6262351236616245, -1.3685787700516583] 
[-3.36100591108929, -2.9108867933936255, -0.014744132980922586, 0.22281530544801198, -2.595518714812272, -2.5694861356903784, -4.306675060008022, -3.793143704889703, 0.567000444243706, 0.3196125803748302, 1.8388131954630351, -3.438099035962816, 0.5447022450752736, -2.7046258531722387, 0.9096528656104779, -0.7655397381808238, 1.0715382824057766, -0.6939498585439786, 3.6304623883812543, -1.6684697251163843, 0.8017830630187757, -1.2145541413756271] 
[-3.3774644823491045, -2.894428222133811, -0.031202704240737233, 0.23927387670782663, -2.579060143552457, -2.585944706950193, -4.323133631267837, -3.809602276149518, 0.5505418729838913, 0.30315400911501555, 1.8552717667228498, -3.4523892003056025, 0.5344686109751358, -2.6902997406196465, 0.9204587097750856, -0.7345404081154114, 1.1104753099194848, -0.7447570783153196, 3.5861183703150865, -1.6849306596057414, 0.8238693146214708, -1.1996457065800363] 
[-3.4519174198013793, -2.968881159586086, 0.04325023321153765, 0.3137268141601015, -2.5046072061001823, -2.511491769497918, -4.248680693815562, -3.735149338697243, 0.47608893553161646, 0.37760694656729044, 1.9297247041751246, -3.3878779015158704, 0.5783438319489421, -2.7574254271384055, 0.814810520912312, -0.5887046663429238, 1.2245473560715576, -0.5996270282565075, 3.7319615681256018, -1.5942666778195778, 0.7079713426006327, -1.116917153616321] 
[-3.3395518067880197, -2.856515546572726, 0.15561584622489733, 0.4260924271734612, -2.616972819113542, -2.3991261564845585, -4.136315080802202, -3.6227837256838833, 0.3637233225182568, 0.4899725595806501, 2.0420903171884843, -3.2315566187813727, 0.4322266415839048, -2.6762367186937746, 0.9946931461478582, -0.8743825292725569, 0.9429310159971289, -0.4171166933940512, 3.7494589100552713, -1.6866080060386381, 0.6402532897501321, -1.2214877369961123] 
[-3.1103792205571956, -2.627342960341902, 0.38478843245572136, 0.19691984094263715, -2.846145405344366, -2.1699535702537345, -4.365487667033026, -3.3936111394530593, 0.13455073628743275, 0.2607999733498261, 2.2712629034193084, -3.5069437857524464, 0.6770964972500805, -2.8094083143538007, 0.7783768330830497, -0.8597258970606086, 1.4410079790029786, -1.245237179431349, 2.9458124349826003, -1.1735450592959058, 0.3005355079365399, -1.3828210241313996] 
[-3.0823654573467536, -2.655356723552344, 0.35677466924527934, 0.22493360415307917, -2.818131642133924, -2.1979673334641765, -4.393501430243468, -3.4216249026635013, 0.16256449949787477, 0.2888137365602681, 2.2992766666297504, -3.533675006966275, 0.7242974728838586, -2.7657087487936933, 0.7965463977067045, -0.883713053595084, 1.4855884123577636, -1.321296031952325, 2.8755809870274893, -1.1360041767361242, 0.2716399225758662, -1.406075580356923] 
[-3.3139510405378907, -2.886942306743481, 0.5883602524364164, -0.00665197903805792, -2.586546058942787, -1.9663817502730394, -4.161915847052331, -3.6532104858546384, 0.39415008268901186, 0.5203993197514052, 2.5308622498208875, -3.2914108759719842, 0.9283511923304155, -2.8577000910435837, 0.6290992250237449, -1.067653984031693, 1.5651319082256048, -0.8285490202370123, 3.3989675149065466, -1.4623396469938597, 0.6069550713545346, -1.7004026447002312] 
[-3.0286144561639396, -3.172278891117432, 0.8736968368103675, 0.2786846053358931, -2.301209474568836, -2.2517183346469904, -3.87657926267838, -3.3678739014806873, 0.10881349831506082, 0.23506273537745415, 2.8161988341948385, -3.056374542909179, 1.2314096003925945, -2.582894546391859, 0.765195676850568, -1.4175318925953797, 1.244148350758428, -0.9148468678268857, 3.6341944011612584, -1.354937469671373, 1.0279611093677041, -2.144083375843164] 
[-3.071903083591579, -3.128990263689793, 0.9169854642380066, 0.23539597790825395, -2.2579208471411967, -2.2950069620746296, -3.919867890106019, -3.324585274053048, 0.1521021257427, 0.19177410794981498, 2.8594874616224777, -3.0171383204948925, 1.195447338595295, -2.731324220110809, 0.9088545253089133, -1.341237042993658, 1.3549072594867022, -1.000851690562736, 3.633897023038647, -1.3053403947133522, 0.9671445336180537, -2.087452981730359] 
[-2.944100681277387, -3.0011878613756013, 0.7891830619238149, 0.10759357559406224, -2.3857232494553884, -2.4228093643888213, -3.7920654877918274, -3.45238767636724, 0.2799045280568917, 0.3195765102640067, 2.731685059308286, -2.8979674033024487, 1.0714809864675388, -3.314824633039228, 1.498046597830485, -1.4638475636360173, 1.4717728189261232, -1.1490200297803337, 3.6758205504744796, -1.1639536086980045, 0.8375462394761145, -2.1918041746087193] 
[-2.867556317676115, -2.9246434977743294, 0.712638698322543, 0.031049211992790315, -2.4622676130566603, -2.4993537279900933, -3.8686098513930993, -3.528932039968512, 0.3564488916581636, 0.3961208738652786, 2.655140695707014, -2.7976524749033276, 1.1938331752008522, -3.042554710811317, 1.2348567044309529, -1.529202373146215, 1.4653473588927113, -1.0193956354084888, 3.7925019143588123, -1.0950804893138837, 0.7589751307096186, -2.2465902661454114] 
[-2.7509817475110587, -2.808068927609273, 0.5960641281574866, -0.08552535817226614, -2.5788421832217168, -2.6159282981551497, -3.9851844215581558, -3.6455066101335682, 0.4730234618232201, 0.5126954440303351, 2.7717152658720705, -2.87386376997232, 1.3465648772088261, -2.683489870015279, 0.8924185347404463, -1.7092838975601827, 1.326607699369603, -1.2158092430855376, 3.532459644654547, -0.9185957613433033, 0.7887202077985866, -2.139523524976367] 
[-2.840373911806804, -2.897461091905018, 0.6854562924532317, -0.1749175224680113, -2.4894500189259716, -2.5265361338594046, -3.8957922572624106, -3.7348987744293134, 0.38363129752747493, 0.4233032797345899, 2.6823231015763254, -3.040249462682116, 1.1325583219014381, -2.9419736871210205, 1.1109179372497848, -1.8348148182725728, 1.2195984495591001, -1.357944095909798, 3.3858961484501657, -0.9999851351766432, 0.8861656584177563, -2.089804765668825] 
[-2.714282632196504, -3.023552371515318, 0.8115475720635317, -0.30100880207831127, -2.6155412985362716, -2.6526274134697045, -4.021883536872711, -3.8609900540396134, 0.25754001791717496, 0.29721200012428994, 2.5562318219660254, -3.11906076552046, 1.2967894055232578, -2.6015656757507797, 0.8051234117422092, -1.590088256412198, 1.529729316576221, -1.5511816533077565, 3.4646396711999095, -1.111790159108287, 0.7305072912929227, -1.9105648623706013] 
[-2.8815404544108567, -2.8562945493009653, 0.6442897498491789, -0.4682666242926641, -2.7827991207506244, -2.8198852356840574, -3.854625714658358, -4.028247876253966, 0.09028219570282214, 0.46446982233864276, 2.3889739997516726, -2.9826119654041494, 1.2219267061704826, -2.1103518436888815, 0.32617302574600093, -1.4415150408408317, 1.685272107277032, -1.2627892545477957, 3.779866717493817, -1.1126027627401136, 0.9496026440219483, -2.1295397834733016] 
[-2.918221445787367, -2.819613557924455, 0.6809707412256891, -0.4315856329161538, -2.8194801121271347, -2.783204244307547, -3.891306706034868, -4.064928867630476, 0.1269631870793324, 0.4277888309621325, 2.425654991128183, -3.0317990562629054, 1.1712407951976151, -2.118945023369414, 0.39277161397626964, -1.3660501022951062, 1.7400428417972882, -1.243391715131806, 3.767070588334486, -1.1404849028934436, 0.9235209000452356, -2.157727857526062] 
[-2.9209001034375888, -2.816934900274233, 0.6782920835754673, -0.4342642905663756, -2.816801454476913, -2.7805255866573253, -3.8886280483846463, -4.067607525280698, 0.12428452942911061, 0.4304674886123543, 2.422976333477961, -3.0355894016321203, 1.1659504381677699, -2.126516084705658, 0.3994526033131164, -1.3663889879808568, 1.7410828525641824, -1.237037335875036, 3.777278429262424, -1.1492635230083843, 0.9262400432858644, -2.155893448660595] 
[-2.898837483620369, -2.7948722804570134, 0.6562294637582475, -0.4122016707491558, -2.794738834659693, -2.7584629668401055, -3.8665654285674265, -4.089670145097918, 0.10222190961189082, 0.4525301084295741, 2.4009137136607412, -3.0061248707917203, 1.2016274912420184, -2.0955634131376777, 0.3990009575102432, -1.3851202730992687, 1.7539013367572023, -1.2200566980779863, 3.7722183760523205, -1.1673347045959743, 0.9107751885836087, -2.1731359376989685] 
[-3.181938736271743, -2.5117710278056395, 0.37312821110687366, -0.6953029234005297, -3.077840087311067, -2.4753617141887316, -4.1496666812188, -4.3727713977492915, -0.18087934303948305, 0.16942885577820022, 2.684014966312115, -2.5825923038866194, 1.8228027779218787, -1.1683280123809316, -0.5173732441760155, -1.8734295714408327, 1.9904720490339018, -1.5793000013877858, 3.7335020130195877, -0.8483261185284606, 0.6774308198765693, -2.38133247614445] 
[-3.5434222080897797, -2.8732544996236764, 0.011644739288836803, -1.0567863952185665, -2.71635661549303, -2.8368451860067685, -4.511150153036837, -4.011287925931255, 0.1806041287785538, -0.19205461603983665, 3.045498438130152, -2.2219134323690906, 1.8474866921943822, -1.7614436258401784, 0.5664310988136909, -0.8854730818095589, 1.5030868799080657, -1.0811958315172279, 3.6262845692503762, -1.139208122501933, 0.974519927016702, -2.064057304258131] 
[-3.368194443831385, -3.048482263882071, -0.163583024969558, -1.2320141594769614, -2.5411288512346353, -2.6616174217483737, -4.686377917295232, -4.186515690189649, 0.005376364520158994, -0.36728238029823146, 3.220726202388547, -2.326024857491392, 1.6589023908955907, -1.9770944338459986, -0.44626937048553383, -1.942821633203961, 1.0954548894644522, -0.5719661628459183, 4.143321173515156, -1.370714164477945, 0.7862968299325555, -2.2744649667904753] 
[-3.3040083258676383, -2.9842961459183246, -0.22776914293330464, -1.296200277440708, -2.605314969198382, -2.597431303784627, -4.750564035258979, -4.122329572225903, 0.06956248248390562, -0.30309626233448483, 3.1565400844248, -2.275405978846103, 1.7195531924429808, -1.8899719487208353, -0.12124911703598185, -1.6092148870635343, 1.2147738729309214, -0.5282380309550281, 4.100014607629567, -1.433674811053015, 0.6865078935843096, -2.3743706841806707] 
[-3.0116761233360307, -3.276628348449932, -0.5201013454649122, -1.0038680749091005, -2.8976471717299894, -2.3050991012530195, -5.042896237790586, -4.41466177475751, -0.2227697200477019, -0.5954284648660924, 3.4488722869564077, -2.6324720666183223, 2.12488416177722, -1.5182911695301309, 0.18149729755533905, -1.6241798947743809, 1.4960529886003282, -1.0745664732536926, 3.5560257054545614, -1.173527837379584, 1.0922342193348467, -1.9612449781679504] 
[-3.1652530017260645, -3.1230514700598984, -0.3665244670748784, -0.8502911965190667, -2.7440702933399557, -2.151522222862986, -4.889319359400552, -4.261084896367477, -0.06919284165766815, -0.4418515864760586, 3.295295408566374, -2.7680140209214685, 2.265373698382371, -1.5555189955725333, 0.6829772662358655, -1.1205481267053914, 1.4251222421368754, -0.9082773748587446, 3.7135783881264786, -1.2625674454361862, 1.406549067550599, -1.6437898487095337] 
[-3.1003517770613733, -3.058150245395207, -0.30162324241018723, -0.9151924211837579, -2.808971518004647, -2.0866209981982946, -4.954220584065244, -4.196183671702785, -0.13409406632235932, -0.5067528111407498, 3.360196633231065, -2.7015639544764127, 2.199894839794243, -1.498064560320609, 0.656269450060408, -1.0825006680263651, 1.3567734473374669, -0.9729823373109215, 3.7537824288969404, -1.3224146520097426, 1.358910329094561, -1.5989712889300742] 
[-2.777635152266239, -2.7354336206000727, 0.02109338238494729, -0.5924757963886234, -2.4862548932095123, -1.76390437340316, -4.631503959270109, -3.873467046907651, 0.1886225584727752, -0.8294694359358843, 3.6829132580261996, -2.3637041051546253, 2.568471020142579, -1.0958990158516406, 0.9340993142862266, -1.2466972556291394, 0.9469221082898599, -1.3336301850318737, 3.9347219059426175, -1.596283457663159, 1.558244916928995, -1.8280929735809226] 
[-3.0628346523188554, -3.0206331206526893, 0.3062928824375639, -0.87767529644124, -2.771454393262129, -1.4787048733505435, -4.346304459217492, -4.1586665469602675, -0.09657694157984142, -0.5442699358832677, 3.397713757973583, -2.8584977097172724, 1.9275397475786962, -1.6212726448773187, 1.157598627975627, -1.4051672012393304, 1.2334601718836171, -1.5994796844750818, 4.197296126725062, -1.8829751017772582, 1.426242029770829, -1.624855378002764] 
[-3.0537462387459797, -3.029721534225565, 0.3153812960104396, -0.8685868828683643, -2.7623659796892532, -1.4877932869234192, -4.337216045644617, -4.149578133387392, -0.10566535515271713, -0.535181522310392, 3.4068021715464587, -2.8684016949320266, 1.9170973216546117, -1.6263339659312273, 1.1302796046796475, -1.4332442800624583, 1.2479705713250575, -1.6140000353097597, 4.2108064388878, -1.8954027348420464, 1.4436495373137066, -1.6070881208441863] 
[-3.029985619846773, -3.0059609153263582, 0.3391419149096464, -0.8448262639691575, -2.78612659858846, -1.4640326680242124, -4.3609766645438235, -4.173338752286599, -0.08190473625351036, -0.5589421412095987, 3.383041552647252, -2.8940705233560715, 1.895210431767894, -1.5874428355238166, 1.042660488708794, -1.516477104269579, 1.2681207299974222, -1.5984926723724964, 4.245252191786264, -1.9321449077635307, 1.3947741281346326, -1.6547694139016287] 
[-2.946723244824593, -2.9226985403041783, 0.2558795398874665, -0.7615638889469776, -2.86938897361064, -1.3807702930020325, -4.277714289521644, -4.090076377264419, -0.16516711127569028, -0.6422045162317787, 3.299779177625072, -2.798815240292456, 2.0038884872009395, -1.4698301153789568, 0.9486188439853572, -1.4938547569896288, 1.205677387288529, -1.6651120885401027, 4.311320342485806, -1.8621242281773356, 1.5691921191836575, -1.481999015241472] 
[-2.975014763524406, -2.894407021604365, 0.2275880211876533, -0.7898554076467907, -2.8410974549108268, -1.4090618117018456, -4.24942277082183, -4.0617848585646055, -0.19345862997550345, -0.6704960349315918, 3.328070696324885, -2.764998642563169, 2.0331189483178878, -1.4962876387942616, 0.9720544952825071, -1.5087639686120762, 1.2515761910399068, -1.7079414261268449, 4.273828819491773, -1.8221935075594953, 1.5559710296044227, -1.4614211344629975] 
[-2.921852131451171, -2.9475696536776, 0.2807506532608883, -0.7366927755735557, -2.7879348228375918, -1.4622244437750807, -4.302585402895065, -4.0086222264913705, -0.24662126204873847, -0.7236586670048268, 3.38123332839812, -2.702234607983527, 2.0928407462735423, -1.5113102891859462, 0.8155553110184867, -1.6686143946459358, 1.348517077479132, -1.7991827010170502, 4.242477456931372, -1.8619054449920398, 1.5835613552898746, -1.4980513276042706] 
[-3.019068680112589, -3.044786202339018, 0.18353410459947028, -0.8339093242349738, -2.6907182741761737, -1.3650078951136626, -4.3998019515564835, -4.1058387751527885, -0.14940471338732042, -0.6264421183434088, 3.284016779736702, -2.8231214201125363, 1.9821732887321666, -1.4426994670100792, 0.8582439006942315, -1.73584043638571, 1.1996202473383741, -1.6550674938215006, 4.373509729411989, -2.008163862053305, 1.4953485571092018, -1.4558573043646232] 
[-2.7207241092634433, -3.343130773188164, -0.11481046624967561, -1.1322538950841197, -2.392373703327028, -1.6633524659628085, -4.101457380707338, -3.8074942043036426, 0.14893985746182548, -0.3280975474942629, 2.9856722088875562, -2.555141002316891, 1.732561302144767, -1.2716427213811803, 1.708143180272757, -0.862376373636988, 0.8966530226087908, -1.8308959234692161, 4.00876102935566, -1.6643895305348602, 0.8304644305431362, -2.135755709982356] 
[-2.6730126390789763, -3.390842243372631, -0.1625219364341426, -1.0845424248996527, -2.440085173511495, -1.7110639361472755, -4.1491688508918045, -3.7597827341191756, 0.19665132764629245, -0.2803860773097959, 3.033383679072023, -2.640925406675949, 1.6374465392428095, -1.1996604593778366, 1.855165381341319, -0.7167875274886838, 0.9360605072092261, -1.8017362227899718, 3.973981334966849, -1.696336779245033, 0.7980938952705854, -2.0982347832261494] 
[-2.5095392505924394, -3.227368854886094, -0.3259953249206795, -0.9210690364131158, -2.6035585619980317, -1.8745373246338124, -4.3126422393783415, -3.9232561226057125, 0.36012471613282937, -0.116912688823259, 3.19685706755856, -2.3260403809065053, 1.983400779393718, -1.4053219509055115, 2.304802003545257, -0.2647766187547824, 0.6724767918687158, -1.506640972820569, 4.235337576419901, -1.9252048168949554, 0.7071229541496502, -1.9593058816845033] 
[-2.54335615476867, -3.1935519507098635, -0.2921784207444489, -0.9548859405893464, -2.569741657821801, -1.8407204204575818, -4.346459143554572, -3.957073026781943, 0.32630781195659875, -0.08309578464702838, 3.2306739717347908, -2.4118964015710587, 1.8949936958237246, -1.3434301620333844, 2.420255198398299, -0.15718846013743076, 0.6615565604076086, -1.5471573487641443, 4.1832672284545795, -1.8849412374167824, 0.7349550126569178, -1.9224553573285679] 
[-2.2176252904469678, -2.8678210863881612, -0.6179092850661512, -0.6291550762676441, -2.244010793500099, -2.166451284779284, -4.672190007876274, -3.631342162460241, 0.0005769476348964631, -0.40882664896873067, 3.556404836056493, -2.1929856011841586, 1.7050663910859432, -1.6520246882966665, 2.476405426719926, -0.48930735280280097, 0.14224059910868392, -0.9750894105438984, 4.7441367831917045, -2.442107335398953, 1.1597936284775028, -2.214917652280955] 
[-2.0084592561267094, -2.658655052067903, -0.8270753193864095, -0.8383211105879025, -2.453176827820357, -1.9572852504590257, -4.881356042196533, -3.8405081967804993, -0.2085890866853619, -0.1996606146484723, 3.3472388017362347, -1.150397053597847, 2.7898567044261338, -1.0901311208356388, 2.939101539568761, -0.4888447105423969, 0.3431508171780545, -0.5691558377770782, 5.150311965487013, -2.2407734666655594, 1.4884690277588506, -1.8861732870630834] 
[-2.090219239368974, -2.5768950688256385, -0.908835302628674, -0.9200810938301669, -2.5349368110626216, -2.03904523370129, -4.963116025438797, -3.9222681800227637, -0.2903490699276263, -0.11790063140620788, 3.2654788184939703, -1.236587663535059, 2.784333325691972, -1.226301377512976, 2.815955180080689, -0.4426329665826725, 0.42010855295615723, -0.6706019506319844, 5.048561740543624, -2.1570098646689693, 1.5706800789298594, -1.9523173594940282] 
[-2.2238954733043137, -2.4432188348902986, -0.7751590686933341, -0.786404859894827, -2.6686130449979615, -2.17272146763663, -5.096792259374137, -4.055944413958104, -0.15667283599228643, -0.2515768653415478, 3.1318025845586304, -0.6493005496229445, 3.4028940894043673, -0.8943117144484298, 3.0570509156282215, -0.5087928197723839, 0.23178419007876358, -0.9143470756315075, 4.8044837703087095, -2.3643703946511185, 1.4080378110402394, -1.8368311141015896] 
[-2.261016606163654, -2.406097702030958, -0.7380379358339937, -0.7492837270354866, -2.705734177857302, -2.2098426004959704, -5.059671126514797, -4.093065546817444, -0.11955170313294605, -0.2144557324822074, 3.09468145169929, -0.5331698891853263, 3.5327858052324475, -0.8150108377830361, 3.07271081989881, -0.4582344698910642, 0.2668473270923572, -0.9553050732700278, 4.762389813060287, -2.3366014210130848, 1.4405590559548769, -1.865956223324682] 
[-2.3594017781075394, -2.307712530087073, -0.836423107777879, -0.8476688989793719, -2.6073490059134166, -2.111457428552085, -4.961285954570911, -4.191450718761329, -0.21793687507683135, -0.1160705605383221, 3.1930666236431753, -0.5424470623061508, 3.3444905178238646, -1.082716997440415, 2.7720934176215, -0.6868865840338512, 0.305069650970144, -1.0280191814930415, 4.812169118504322, -2.4272191624021353, 1.35290463714554, -1.7860717586819466] 
[-2.572846995405115, -2.5211577473846485, -0.6229778904803034, -0.6342236816817963, -2.820794223210992, -1.8980122112545095, -5.174731171868487, -4.404895936058905, -0.004491657779255753, -0.3295157778358977, 3.406511840940751, -0.36549848889810704, 3.2674372179357714, -0.9333559458267645, 2.660120035449388, -0.5662316608339831, 0.04921609286513112, -1.3764444118354, 4.455810370591979, -2.697632618724409, 1.5154164191740425, -1.981165994005008] 
[-2.5447071620310524, -2.549297580758711, -0.651117723854366, -0.6060838483077338, -2.7926543898369296, -1.926152044628572, -5.2028710052425495, -4.376756102684842, 0.02364817559480681, -0.35765561120996026, 3.4346516743148134, -0.320541905530587, 3.305814193885268, -0.9571412673801197, 2.6315805714873672, -0.5471905570355032, 0.09741473954997384, -1.3302794874377344, 4.4409435997137745, -2.675865537873863, 1.474529095215167, -2.0220746546419823] 
[-2.5506826110079857, -2.543322131781778, -0.6451422748774327, -0.6001083993308005, -2.7866789408599963, -1.9201765956516388, -5.196895556265616, -4.3827315516617755, 0.02962362457174006, -0.3636310601868935, 3.42867622533788, -0.3154577679766547, 3.3039028506891794, -0.952530926100693, 2.629975995126266, -0.5414002028686298, 0.10250982540667203, -1.3337648996096838, 4.444658690890598, -2.6801567019699752, 1.4700885682187104, -2.017587047336777] 
[-2.022495796139296, -3.0715089466504675, -0.11695546000874302, -0.07192158446211083, -3.314865755728686, -1.391989780782949, -5.725082371134306, -3.854544736793086, -0.4985631902969496, 0.16455575468179617, 2.9004894104691905, -1.6567108267554698, 1.5377184605963903, -2.6130466591358354, 1.4782020301762042, -0.4059374834004871, 1.0661072063925587, -0.30512065383979037, 5.515821542071148, -1.6765036728447427, 1.0660254814792776, -1.627171317446028] 
[-2.3100805840881833, -2.78392415870158, 0.1706293279401443, 0.21566320348677648, -3.0272809677797987, -1.6795745687318364, -6.012667159083193, -3.5669599488441985, -0.2109784023480623, 0.4521405426306835, 2.612904622520303, -1.541708532354845, 1.3454255472940067, -2.874019610495183, 1.7576928591081267, -0.09007080469715789, 1.3483988256011827, -0.32330727716738306, 4.992469316390247, -2.163002906178522, 1.2232689254930358, -1.9367248361802696] 
[-2.3414130763684042, -2.815256650981801, 0.20196182022036524, 0.24699569576699743, -2.9959484754995778, -1.7109070610120574, -5.981334666802972, -3.5356274565639776, -0.24231089462828326, 0.48347303491090443, 2.5815721302400823, -1.5149362982335481, 1.3388373584535682, -2.8472918623178747, 1.7774731630706202, -0.05475318783091727, 2.0204520781579722, 0.34949256773619586, 5.063774190938716, -2.10592726202108, 1.2117156668180191, -1.9637955839827865] 
[-2.2788104589405194, -2.7526540335539162, 0.13935920279248037, 0.18439307833911256, -2.933345858071693, -1.7735096784399422, -6.043937284230857, -3.4730248391360927, -0.1797082772003984, 0.42087041748301957, 2.644174747667967, -1.3306007737237273, 1.5179577820746588, -2.887331643375746, 1.8676969071796286, -0.140176754266948, 1.9472243651653824, 0.3399286548860716, 4.968099834735203, -2.1978340386211053, 1.2358873333790645, -1.9104347985567625] 
[-2.428586711624831, -2.902430286238228, -0.010417049891831454, 0.3341693310234244, -3.0831221107560047, -1.923285931124254, -5.894161031546545, -3.6228010918204046, -0.3294845298847102, 0.5706466701673314, 2.4943984949836553, -1.3585504968019808, 1.6912732572649425, -2.710498993258502, 1.9885488648343044, -0.10313394424882391, -0.2831972217225227, -1.8963964806602087, 4.748994598956253, -2.096375304797484, 1.3644485142609708, -1.8060744871592829] 
[-2.218354939013512, -3.1126620588495473, -0.22064882250315065, 0.5444011036347436, -2.8728903381446855, -2.1335177037355733, -6.104392804157865, -3.4125693192090854, -0.5397163024960294, 0.3604148975560122, 2.284166722372336, -1.9143283270455829, 1.1475277905698564, -2.600667401733144, 1.677294074940416, 0.20862873652226818, -0.30291909402869754, -2.1685084070309095, 4.3631741639457395, -2.45173918785894, 1.4109078723223405, -1.614787008473623] 
[-2.1975915270994406, -3.1334254707636187, -0.19988541058907927, 0.5236376917206722, -2.852126926230614, -2.1542811156496446, -6.125156216071936, -3.391805907295014, -0.518952890581958, 0.3811783094700836, 2.2634033104582647, -1.8108155099497358, 1.2513245697538526, -2.570694132800679, 1.717062937451614, 0.1811335227638319, -0.1985565769926263, -2.0601781498162866, 4.40496675270524, -2.402500256159595, 1.4519843959913377, -1.602155657677448] 
[-2.175226228147803, -3.1110601718119812, -0.22225070954071668, 0.5012723927690348, -2.8744922251822516, -2.176646414601282, -6.147521515023573, -3.3694406083433766, -0.5413181895335955, 0.403543608421721, 2.285768609409902, -1.8229055775059269, 1.2640118507437275, -2.5465112827520215, 1.7272869932242283, 0.2158360423556857, -0.0727053614138769, -1.9351437122649862, 4.443824467265481, -2.3742929678707463, 1.446584181310218, -1.6234070415019197] 
[-2.084403184403147, -3.2018832155566375, -0.3130737532853729, 0.592095436513691, -2.9653152689269078, -2.2674694583459383, -6.056698471278917, -3.4602636520880328, -0.45049514578893923, 0.31272056467706477, 2.3765916531545583, -1.3060579375053756, 1.782010965152101, -2.4225012744051138, 1.8536806502044243, 0.19015644265026135, -0.5230500433955612, -2.388483531067995, 4.327429204111091, -2.3302859425401783, 1.3935321776789973, -1.7025250408240629] 
[-2.363084222019264, -3.4805642531727545, -0.59175479090149, 0.8707764741298081, -2.6866342313107907, -1.9887884207298212, -5.7780174336628, -3.1815826144719157, -0.7291761834050563, 0.034039527060947705, 2.6552726907706754, -1.1076133810104358, 1.6897210041057509, -2.9147507058046265, 1.00627252337193, 1.0379091391999917, 0.8274001394285282, -1.0394789306589356, 4.887567211831778, -1.9778501044603143, 1.1896978619949752, -1.383119920710558] 
[-2.687871783981887, -3.8053518151353773, -0.9165423528641128, 1.195564036092431, -2.361846669348168, -2.313575982692444, -6.102804995625423, -3.5063701764345385, -0.4043886214424335, 0.3588270890235705, 2.980060252733298, -1.296260488495227, 1.8952904929616037, -2.9438387250973226, 0.08131106771557417, 2.073169143831202, 2.420326280171973, 0.5601451840104901, 5.552269261567571, -0.9843530965099152, 2.168701631132439, -1.0802979555064083] 
[-2.7399456077086626, -3.857425638862153, -0.9686161765908885, 1.1434902123656552, -2.4139204930749436, -2.3656498064192197, -6.154878819352199, -3.5584440001613142, -0.4564624451692092, 0.41090091275034624, 3.032134076460074, -1.3733875264948219, 1.8227253089589945, -2.962049292234782, 0.1223878716281521, 2.090121364147573, 2.3137000901245033, 0.44854362008193155, 5.5118231171428755, -0.9091062264569806, 2.273952343204968, -1.1659097712838409] 
[-2.830404160811419, -3.9478841919649095, -1.059074729693645, 1.2339487654684116, -2.5043790461777, -2.456108359521976, -6.245337372454955, -3.467985447058558, -0.5469209982719656, 0.3204423596475898, 2.9416755233573175, -1.2280213655171635, 2.0088662596499938, -3.1163784554708776, 0.12167393034245715, 2.2236536157422813, 2.531235275679578, 0.6428853854749073, 5.404623451628828, -1.0005777977724937, 2.375787377589255, -1.292661764820837] 
[-2.9714261534673057, -4.088906184620797, -1.2000967223495316, 1.3749707581242983, -2.6454010388335867, -2.3150863668660895, -6.386359365110842, -3.326963454402671, -0.40589900561607895, 0.17942036699170316, 2.800653530701431, -1.131475226651878, 1.7990137944689573, -2.850974518298605, 0.391285916589009, 2.0199997775122656, 2.777711395612699, 0.9112584962776052, 5.4777824661968495, -1.2757675895808867, 2.045991777596501, -1.064678983388165] 
[-2.741327338448208, -3.858807369601699, -1.430195537368629, 1.6050695731433957, -2.4153022238144892, -2.084987551846992, -6.156260550091744, -3.0968646393835737, -0.1758001905969815, -0.050678448027394296, 2.5705547156823334, -0.9161022863611654, 1.6500805412965616, -3.0575246580434596, 0.20598970711036046, 1.8066356638200394, 2.12168992354726, 0.27010290147432814, 5.316774629208129, -1.126611360843744, 1.9050380910685714, -1.2729973870836544] 
[-2.8529530798805354, -3.747181628169372, -1.5418212788009562, 1.7166953145757229, -2.303676482382162, -2.196613293279319, -6.044634808659417, -2.9852388979512465, -0.06417444916465431, 0.06094729340493288, 2.6821804571146606, -1.0715079496605902, 1.5009994508702582, -3.1539745449410903, 0.10707406855795455, 1.7088060656443964, 1.814468320311828, -0.034499582972448095, 5.403682487858222, -0.9944170655211542, 2.0446612883417115, -1.1555126823623152] 
[-3.0261486179070154, -3.920377166195852, -1.7150168168274362, 1.5434997765492429, -2.476872020408642, -2.3698088313057992, -5.871439270632937, -2.8120433599247665, 0.10902108886182571, 0.2341428314314129, 2.5089849190881806, -1.2110770313501757, 1.6446847780588805, -3.353408123337653, 0.30766707609674454, 1.5226605837843339, 1.9582940832487787, -0.11260564222354608, 5.544931265952153, -0.8535670290405204, 1.870418589579586, -0.9728241101635672] 
[-3.3021903419019054, -3.644335442200962, -1.4389750928325462, 1.8195415005441329, -2.752913744403532, -2.093767107310909, -6.147480994627827, -3.0880850839196565, -0.1670206351330643, 0.5101845554263029, 2.2329431950932905, -1.4682572120761472, 1.87474019065609, -3.6017221653306657, 0.5499470631630867, 1.266309411470919, 1.3195895085195555, -0.8273850581914748, 5.1121956822361065, -0.9800402812192315, 1.6507878289005309, -1.2080140874323781] 
[-3.5761975548572735, -3.370328229245594, -1.7129823057879143, 1.5455342875887648, -2.478906531448164, -2.3677743202662773, -6.421488207583195, -3.3620922968750246, 0.10698657782230381, 0.2361773424709348, 2.5069504080486587, -1.2248477446905235, 2.0931054210905593, -3.2572547542213663, 0.1566336534655176, 1.653446769895568, -0.11313365691265842, -2.2633744386793815, 4.757977550163023, -1.299270701881993, 1.210852114841693, -0.8037603725579359] 
[-3.3415272016762145, -3.604998582426653, -1.4783119526068553, 1.7802046407698238, -2.244236178267105, -2.1331039670852183, -6.186817854402136, -3.1274219436939656, -0.1276837753587552, 0.0015069892898758042, 2.7416207612297177, -1.3946521922740103, 1.9349288003652665, -3.0218958971492613, 0.3742023177825159, 1.4489896224094438, 0.41906206204664664, -1.7139811707591095, 4.5053285135055825, -1.1373180185017113, 1.3914909707566214, -0.6029325742468705] 
[-3.1858408924562376, -3.449312273206676, -1.6339982618268323, 1.6245183315498468, -2.088549869047128, -2.2887902763051953, -6.031131545182159, -3.2831082529139426, -0.28337008457873214, 0.15719329850985275, 2.5859344520097407, -1.5277748972005878, 1.8079239115831405, -3.1462421665939906, 0.2326965049601706, 1.6059605503991523, 0.496258800114434, -1.837535120113648, 4.341339768416785, -0.9968558404720973, 1.2539029738535894, -0.75842945979262] 
[-3.2246654166668876, -3.488136797417326, -1.5951737376161823, 1.5856938073391968, -2.127374393257778, -2.3276148005158452, -5.992307020971509, -3.2442837287032926, -0.3221946087893821, 0.11836877429920278, 2.6247589762203907, -1.490554513980694, 1.8459764108540644, -3.104537626284165, 0.1905445043251149, 1.567595325898887, 0.4384306912767999, -1.8934439235191396, 4.364671400337619, -1.0457475656533939, 1.2058868114140229, -0.7911227619714475] 
[-3.32160703990116, -3.3911951741830535, -1.49823211438191, 1.4887521841049245, -2.0304327700235056, -2.4245564237501176, -5.895365397737237, -3.341225351937565, -0.41913623202365446, 0.21531039753347514, 2.5278173529861183, -1.4006933345828396, 1.9366996605267048, -3.008204092328018, 0.28739434181992973, 1.665267350524417, 0.49791377154248867, -1.9929443774967694, 4.239874227375887, -1.1355536692575412, 1.2658673328163677, -0.7000223561473343] 
[-3.058674140515617, -3.6541280735685966, -1.2352992149963669, 1.7516850834904676, -2.2933656694090487, -2.6874893231356607, -6.15829829712278, -3.078292452552022, -0.6820691314091976, -0.047622501852067955, 2.7907502523716614, -1.0816466503026443, 1.6132684787604497, -2.7161892788180055, 0.5826234807647652, 1.379267161595993, 0.2521840569670229, -1.870531935276597, 3.9742812266856347, -1.3553661394482859, 1.4908169740212667, -0.9988430532968092] 
[-3.033212576359759, -3.6286665094127386, -1.2607607791522248, 1.7262235193346096, -2.3188272335649067, -2.6620277589798027, -6.183759861278638, -3.10375401670788, -0.6566075672533396, -0.02216093769620997, 2.7652886882158034, -1.1050919623460662, 1.6412017461232407, -2.742068755419916, 0.555087686133822, 1.4068403990298302, 0.28340233805819276, -1.8389141764861923, 3.9489543549459776, -1.285635473954783, 1.5592978955876753, -1.0219281347512152] 
[-3.185229749382273, -3.476649336390224, -1.4127779521747392, 1.878240692357124, -2.1668100605423923, -2.5100105859572883, -6.031742688256124, -3.2557711897303943, -0.5045903942308252, 0.12985623532630441, 2.917305861238318, -0.9341392430928159, 1.8392956153024234, -2.951535507672898, 0.7802112861792979, 1.183362923570336, 0.5347594600367043, -1.592854460602085, 4.125618125986923, -1.3860178810923889, 1.652603501728422, -0.8683878940958175] 
[-2.988360306839404, -3.279779893847355, -1.6096473947176086, 2.0751101348999934, -2.3636795030852618, -2.7068800285001577, -6.228612130798993, -3.4526406322732637, -0.7014598367736946, -0.06701320721656501, 2.7204364186954484, -1.139830024435279, 2.0534191250657345, -3.1213811165494127, 0.6452423947366739, 1.0175024560160675, 0.4375680801721636, -1.3867795629654582, 4.328150169196063, -1.753002319641228, 1.2543339968460054, -0.6275040073298279] 
[-2.9433862911884674, -3.324753909498291, -1.654621410368545, 2.12008415055093, -2.408653518736198, -2.751854044151094, -6.273586146449929, -3.4076666166223273, -0.746433852424631, -0.1119872228675014, 2.765410434346385, -1.1788267176076936, 2.09295733128832, -3.03445195067688, 0.557951199017999, 0.9867809506862055, 0.38435395030949476, -1.4458277301496303, 4.367796725868988, -1.7639099032926846, 1.294809544830834, -0.5806404626789891] 
[-3.132943017574398, -3.1351971831123606, -1.4650646839826145, 2.3096408769368604, -2.2190967923502676, -2.9414107705370247, -6.084029420063999, -3.2181098902363967, -0.5568771260387004, -0.301543949253432, 2.575853707960454, -1.3372361475414338, 2.253827701940459, -2.9017242130129066, 0.6737460442846223, 0.8762590166367031, 0.158765178365156, -1.6999022499123373, 4.27221298594961, -1.2657860405178083, 1.797119085691405, -0.7318694353221106] 
[-3.1939340854006986, -3.07420611528606, -1.526055751808915, 2.24864980911056, -2.280087860176568, -3.0024018383633253, -6.023038352237698, -3.2791009580626973, -0.617868193865001, -0.36253501707973257, 2.5148626401341536, -1.2757140136244456, 2.3152272305475243, -3.084955950206831, 0.8563493768310372, 0.8994110022367968, 0.21433988450472813, -1.6424371662232193, 4.220139848118228, -1.3002371219313331, 1.8564426211697567, -0.6582519806144406] 
[-3.0834046012542338, -3.184735599432525, -1.4155262676624503, 2.3591792932570246, -2.390617344323033, -2.8918723542168605, -6.133567836384163, -3.1685714739162325, -0.5073387097185362, -0.47306450122619736, 2.6253921242806184, -1.1707151248929644, 2.4211797797833814, -2.7844139638778955, 0.5528746848883512, 1.1235001792234247, -0.01201292963575784, -1.7594320518577986, 4.2728488339406665, -1.5623325113185567, 1.563343572760867, -0.8374070503153254] 
[-2.9591945912393527, -3.0605255894176437, -1.5397362776773313, 2.2349692832421435, -2.266407334308152, -3.0160823642317416, -6.257777846399044, -3.0443614639013514, -0.38312869970365515, -0.3488544912113163, 2.5011821142657373, -1.3024347207567077, 2.2919294755836077, -3.1768048213882785, 0.9372030473688484, 1.3062747353611606, -0.20222641938865152, -1.6491347752486507, 4.411834964362613, -1.6116160133686228, 1.7291542470081604, -0.6557704180321621] 
[-3.010800367948157, -3.0089198127088395, -1.488130500968527, 2.183363506533339, -2.318013111016956, -2.9644765875229373, -6.20617206969024, -3.0959672406101557, -0.33152292299485087, -0.297248714502512, 2.5527878909745416, -1.3654441120418304, 2.2288538292287368, -3.20843899573788, 0.9044266175742249, 1.344357427992694, -0.17232738927246058, -1.6968675657250953, 4.470640058821295, -1.7049018747525369, 1.6250866102081212, -0.7338320764179217] 
[-2.7777460304320236, -2.775865475192706, -1.7211848384846604, 1.9503091690172059, -2.5510674485330895, -3.1975309250390707, -5.9731177321741065, -2.8629129030940224, -0.09846858547871751, -0.06419437698637864, 2.785842228490675, -1.6329023379990097, 1.9627213763842979, -3.070192159637865, 1.0662754546251687, 1.1850401934265566, -0.3678235425778329, -1.9363343201911911, 4.6943782251233, -1.909575872999947, 1.7473201908240694, -0.938735228121835] 
[-2.961461700225854, -2.9595811449865366, -1.53746916869083, 2.1340248388110363, -2.367351778739259, -3.01381525524524, -6.156833401967937, -3.046628572887853, 0.08524708431511296, 0.11952129280745183, 2.6021265586968445, -1.9107170828609434, 1.6795767395496304, -2.9283752174942164, 1.2302126244751068, 1.4335958891919496, -0.5906404339701662, -2.2096919231494385, 4.354675678537932, -1.6183496589866733, 1.9482304240871346, -1.1104279762780291] 
[-3.2520620410603627, -3.250181485821045, -1.2468688278563214, 2.424625179645545, -2.0767514379047505, -3.3044155960797488, -6.4474337428024455, -3.3372289137223614, -0.20535325651939562, -0.17107904802705676, 2.892726899531353, -1.5577603324339566, 2.0334743832685525, -2.741870748591656, 1.4325644981706864, 0.9554913342300821, -0.09523471749189089, -1.9022892698733682, 4.129862603092372, -1.9121758212033573, 2.236936136425086, -0.8492559190881164] 
[-3.3173770803027764, -3.315496525063459, -1.1815537886139076, 2.359310140403131, -2.1420664771471642, -3.239100556837335, -6.382118703560032, -3.2719138744799476, -0.14003821727698185, -0.23639408726947053, 2.958041938773767, -1.6310970584846145, 2.106667961688373, -2.737237913667136, 1.5144530423590266, 0.7595168243540438, 0.09282510749785805, -1.840825335204213, 4.06210161002378, -1.8733893606860177, 2.1668876362735046, -0.9258861763909484] 
[-3.0240873024954915, -3.608786302870744, -1.4748435664211925, 2.066020362595846, -2.435356254954449, -3.53239033464462, -6.088828925752747, -2.9786240966726627, 0.1532515605303031, 0.0568956905378144, 2.664752160966482, -1.2858757464909063, 1.8051659940148428, -3.5299586003730274, 2.317304992822101, 0.7789626801202104, 0.3584180357163646, -1.5325301517456595, 3.7654172956202707, -1.665232219104169, 1.8165166438735791, -1.2990641426381084] 
[-2.751145014684827, -3.8817285906814085, -1.2019012786105279, 2.338962650406511, -2.1624139671437845, -3.2594480468339553, -5.815886637942082, -2.705681808861998, -0.11969072728036156, 0.32983797834847906, 2.9376944487771466, -1.5338232014302513, 2.0439586193878343, -3.338680412848625, 2.4864337723296255, 1.138017493656767, 0.018399856532538672, -1.6567120682604595, 4.060945057950478, -1.9478735101566114, 1.5718417960651663, -1.0139053467233463] 
[-2.881750985821263, -3.7511226195449723, -1.332507249746964, 2.2083566792700746, -2.0318079960073483, -3.128842075697519, -5.946492609078518, -2.8362877799984343, -0.2502966984167978, 0.4604439494849153, 3.068300419913583, -1.6393655034805439, 2.1331442785716788, -3.2863843074249357, 2.608171690859278, 1.026304447445502, -0.045329912845575124, -1.7061655125343136, 4.251865030910109, -2.1626064641573053, 1.448104589962841, -1.105545106306549] 
[-3.0302031632479753, -3.60267044211826, -1.1840550723202519, 2.356808856696787, -1.883355818580636, -3.2772942531242313, -5.798040431651806, -2.9847399574251465, -0.10184452099008556, 0.31199177205820305, 2.9198482424868706, -1.7648156923785854, 2.242334748009615, -3.1881057967248037, 2.683899380247947, 1.3358187143322742, -0.3594671925427519, -1.8364993885181369, 4.3147095518807195, -2.0005489614264578, 1.594012804098546, -1.019737722055908] 
[-2.884611713650898, -3.7482618917153374, -1.0384636227231745, 2.5024003062938642, -2.0289472681777134, -3.4228857027213087, -5.9436318812488835, -2.839148507828069, -0.24743597058716293, 0.16640032246112568, 3.065439692083948, -1.6313007035887674, 2.1210258402080853, -3.2540109758564952, 2.5825870178769845, 1.2674638593960204, -0.4628042440148971, -1.745651568283765, 4.186424497763503, -1.8248401730867712, 1.7246167089980395, -0.9130515513934353] 
[-3.047205940618472, -3.5856676647477634, -1.2010578496907485, 2.664994533261438, -2.1915414951452874, -3.5854799296888826, -6.1062261082164575, -2.676554280860495, -0.4100301975547369, 0.32899454942869966, 3.228033919051522, -1.503112716244413, 1.9562505370862922, -3.150577167539506, 2.7678918038660334, 0.6590638987222014, 0.14598709999706844, -1.9657194635644175, 4.229001826663725, -1.6309446536478673, 1.9106527076347246, -0.7802460498718701] 
[-2.8957399380291555, -3.434201662158447, -1.049591847101432, 2.8164605358507546, -2.040075492555971, -3.434013927099566, -6.257692110805774, -2.8280202834498116, -0.2585641949654205, 0.17752854683938324, 3.3794999216408383, -1.3453408983447819, 2.0303446336705315, -2.563117712827725, 2.1698261228576756, 0.7325831017770728, -0.1103383954163446, -1.7344346810920035, 4.34717437247399, -1.4675361645087686, 2.087956980832652, -0.6811209541631698] 
[-3.0349444685018128, -3.5734061926311043, -1.1887963775740893, 2.6772560053780974, -2.179280023028628, -3.294809396626909, -6.118487580333117, -2.6888157529771544, -0.11935966449276325, 0.3167330773120405, 3.5187044521134956, -1.232697390533133, 1.9163675959447353, -2.555775965245279, 2.3575872306278405, -0.022769960112187126, 0.6343190510558938, -1.6895814519560706, 4.46334880301891, -1.3867885885752158, 1.9884405677769423, -0.8038138955457876] 
[-3.0144891442431927, -3.552950868372484, -1.2092517018327094, 2.6977113296367174, -2.1997353472872483, -3.315264720885529, -6.138942904591737, -2.6683604287185343, -0.13981498875138332, 0.33718840157066055, 3.4982491278548755, -1.2113418274587244, 1.9256795838611362, -2.470633911280521, 2.269823465957894, 0.010267352443512283, 0.6285167405601098, -1.6628078538998414, 4.503284822358831, -1.4231492752537693, 2.0002948186772675, -0.7867668766469594] 
[-2.8994514169073327, -3.6679885957083442, -1.3242894291685694, 2.5826736023008574, -2.0846976199513882, -3.200226993549669, -6.253980631927597, -2.7833981560543943, -0.25485271608724336, 0.2221506742348005, 3.3832114005190155, -1.3426019754178236, 1.7860561217731437, -2.404095581544921, 2.060602517959965, 0.48771767118189063, 0.15066970122215334, -1.4701772829661215, 4.737541460035765, -1.6357261171631094, 2.0608388783517495, -0.6903155878578169] 
[-2.747830672853919, -3.5163678516549304, -1.4759101732219833, 2.4310528582474435, -1.9330768758979744, -3.048606249496255, -6.102359887874183, -2.935018900107808, -0.1032319720338295, 0.07052993018138665, 3.5348321445724293, -1.468255003774237, 1.9113097364007694, -2.401435533589644, 2.2491718788928456, -0.12289164399407365, 0.7571343722319546, -1.6367040428957493, 4.83119923621097, -1.478208252764398, 2.224355538601055, -0.5725457479658613] 
[-2.82731191493718, -3.436886609571669, -1.396428931138722, 2.510534100330705, -2.0125581179812357, -3.1280874915795165, -6.022878645790922, -2.855537658024547, -0.02375072995056815, 0.150011172264648, 3.455350902489168, -1.413227402501261, 1.84281885416062, -2.1311597067294477, 1.9805949846160824, -0.15477745312029462, 0.6980290719340897, -1.7024214604322674, 4.920651128101225, -1.5852798123237946, 2.1285544410266413, -0.4868617648942438] 
[-2.9377759015668694, -3.3264226229419798, -1.2859649445090326, 2.620998086960394, -2.123022104610925, -3.0176235049498272, -6.133342632420611, -2.7450736713948576, 0.08671325667912111, 0.26047515889433726, 3.3448869158594787, -1.3209279742760809, 1.7814006909680846, -2.5841037811419665, 2.4346629386111216, -0.13260859180271495, 0.7917840548890259, -1.797343856234083, 4.9814804963185955, -1.4891684845897022, 2.22748318873032, -0.3904568425576907] 
[-2.8168381751020455, -3.4473603494068037, -1.4069026709738566, 2.5000603604955702, -2.002084378146101, -3.138561231414651, -6.012404905955787, -2.8660113978596815, -0.034224469785702816, 0.13953743242951333, 3.223949189394655, -1.1625661596904244, 1.9694982751879277, -3.289075305290836, 3.136677405250666, -0.1890120477564633, 0.9635253074763138, -1.649771943438965, 5.095784788190335, -1.4187300220110308, 2.3183301015600373, -0.2923478943074986] 
[-2.792508364202483, -3.4230305385072413, -1.3825728600742941, 2.5243901713951327, -1.9777545672465386, -3.1628910423142136, -5.9880750950562245, -2.841681586960119, -0.05855428068526525, 0.16386724332907576, 3.1996193784950924, -1.1277367680089532, 2.0040050271376075, -3.2800349815704855, 3.1548302665876427, -0.20462951942650248, 0.9505366437282465, -1.6705874055700751, 5.109500228693292, -1.3986692157782679, 2.297627567255019, -0.31380973192772377] 
[-3.0735484970759153, -3.141990405633809, -1.6636129929477264, 2.805430304268565, -2.258794700119971, -3.443931175187646, -6.269115227929657, -3.1227217198335513, 0.22248585218816697, 0.444907376202508, 2.91857924562166, -1.550309355082172, 1.5732662555375385, -3.057865839236783, 3.2586605910622746, -0.059220435182350206, 1.1257409787583932, -2.0470276439535624, 4.771173639728548, -1.5662526255491445, 2.6237355868567724, -0.647868889234017] 
[-3.0159670297779932, -3.199571872931731, -1.6060315256498043, 2.863011771566487, -2.201213232822049, -3.386349707889724, -6.211533760631735, -3.1803031871314733, 0.16490438489024495, 0.50248884350043, 2.976160712919582, -1.6120889949681372, 1.5115208466541115, -2.063882686688657, 2.2624480209887596, -0.2818833802295917, 1.3350789782974504, -2.029775397597913, 4.715073793940131, -1.6341734854875627, 2.68084044384289, -0.6136644967986411] 
[-2.981311262654863, -3.2342276400548613, -1.571375758526674, 2.897667538689617, -2.235868999945179, -3.421005475012854, -6.246189527754865, -3.145647420008343, 0.13024861776711472, 0.5371446106235602, 3.0108164800427124, -1.5724852542258316, 1.5510777639733686, -2.089894379229175, 2.2535201163403333, -0.14590167775511778, 1.2005362471220655, -2.047842929464599, 4.677885846570115, -1.6677418079685498, 2.6634258888583884, -0.6401600002126784] 
[-3.0139452463967302, -3.2668616237967285, -1.538741774784807, 2.86503355494775, -2.203235016203312, -3.388371491270987, -6.213555544012998, -3.113013436266476, 0.0976146340252475, 0.504510626881693, 2.978182496300845, -1.5443259498041173, 1.5229194928452545, -2.0734691315834044, 2.270293694000568, -0.026970273552497426, 1.0829612124146188, -2.0616626892501118, 4.644616754320361, -1.703528885593243, 2.690484363679042, -0.6211369263674349] 
[-3.090775827183311, -3.3436922045833093, -1.461911193998226, 2.9418641357343307, -2.126404435416731, -3.311540910484406, -6.2903861247995785, -3.1898440170530566, 0.1744452148118283, 0.42768004609511223, 2.9013519155142644, -1.4761411228863723, 1.454467295689872, -2.01465264736484, 2.289461932747047, 0.27326508217222595, 0.7859187711920468, -2.1011946767801946, 4.563210903688468, -1.6362296696993772, 2.8293274583919654, -0.763872041375909] 
[-2.9924138019074, -3.2453301793073983, -1.3635491687223151, 3.0402261610102417, -2.02804241014082, -3.213178885208495, -6.3887481500754895, -3.0914819917771457, 0.27280724008773927, 0.32931802081920125, 2.8029898902383534, -1.5796230535400078, 1.3515776712964787, -2.0431945432065826, 2.2186608006804818, 0.24529801379704474, 0.701124991979126, -1.9960000534481694, 4.666425220279159, -1.5183757074271287, 2.7368409260991866, -0.825541400242492] 
[-3.0559003618432214, -3.3088167392432197, -1.4270357286581365, 2.9767396010744203, -2.0915289700766415, -3.2766654451443165, -6.325261590139668, -3.154968551712967, 0.3362938000235607, 0.39280458075502267, 2.866476450174175, -1.65437313081451, 1.2753838388366199, -1.9645463611039704, 2.0735374800342585, 0.8412462387602255, 0.10460677515754169, -1.9192015602222172, 4.718055327789682, -1.4392556829347076, 2.66571975662127, -0.8681358009358116] 
[-2.911093806909978, -3.1640101843099764, -1.57184228359138, 3.1215461560076636, -2.236335525009885, -3.42147200007756, -6.470068145072911, -3.2997751066462104, 0.19148724509031734, 0.537611135688266, 3.011283005107418, -1.503761668033399, 1.344167615037342, 1.7702588662242145, -1.6574545131724339, 0.061715931667253754, 0.9046601539492853, -1.8337909360231344, 4.8582391503888545, -1.523525712830503, 2.472930735025717, -0.656286776119437] 
[-2.785148669596694, -3.0380650469966923, -1.4458971462780958, 2.9956010186943796, -2.362280662323169, -3.547417137390844, -6.344123007759627, -3.1738299693329264, 0.3174323824036014, 0.41166599837498197, 3.1372281424207022, -1.3390041424309664, 1.5140949465007447, 279.992363138865, -279.8795561585937, 0.16788741116069156, 0.9260562264008794, -1.68879392356444, 4.729861061174935, -1.371270025734412, 2.189107342957101, -0.3888660211791461] 
[-2.876667449441623, -3.129583826841621, -1.5374159261230247, 2.9040822388494507, -2.27076188247824, -3.6389359172357727, -6.2526042279146985, -3.2653487491778552, 0.22591360255867254, 0.5031847782199108, 3.0457093625757734, -1.1985650946057838, 1.6550448236925575, 280.04939949088873, -280.02996042655775, 0.4157305037540131, 0.6843906954267738, -1.7179924923302867, 4.826846345067001, -1.2458441928257882, 2.0808792550820168, -0.4392427337209337] 
[-2.847975732685182, -3.10089211008518, -1.5661076428794658, 2.932773955605892, -2.299453599234681, -3.667627633992214, -6.28129594467114, -3.236657032421414, 0.19722188580223143, 0.5318764949763519, 3.0170176458193323, -1.1598048205458178, 1.6935011158798643, 279.05773288625414, -279.0385317997979, 0.5114127686027115, 0.5741778458633252, -1.6561139072941304, 4.801722219399375, -1.2298979105589372, 2.130816213250896, -0.4912952643800007] 
[-2.6634147303589586, -3.2854531124114033, -1.750668645205689, 3.117334957932115, -2.114892596908458, -3.4830666316659906, -6.096734942344916, -3.4212180347476373, 0.012660883476008244, 0.34731549265012873, 3.2015786481455555, -1.0166379507167995, 1.5503562748751452, 279.14347993684794, -278.9374655073388, 0.0181843592727568, 1.0631002884028375, -1.6353013150158637, 4.627550410858205, -1.1186470722497486, 2.4704537174731303, -0.8434559219401179] 
[-2.524024035749605, -3.424843807020757, -1.6112779505963353, 2.9779442633227613, -2.2542832915178117, -3.343675937056637, -6.23612563695427, -3.560608729356991, -0.12672981113334547, 0.48670618725948245, 3.340969342754909, -1.0423676023913504, 1.7999365684484987, 284.4969392722807, -284.28808824258135, -0.019906267116228143, 0.9224987521851867, -1.4479713930884173, 4.770438900123502, -1.221718632498647, 2.6829003463569205, -1.0550222539390353] 
[-2.36232380052191, -3.263143571793062, -1.4495777153686404, 2.8162440280950665, -2.4159835267455065, -3.181975701828942, -6.074425401726575, -3.398908494129296, 0.03497042409434936, 0.3250059520317876, 3.502669577982604, -1.3842814742730825, 1.4757998741285194, 287.4965673797305, -287.2894341973537, -0.10513216812213323, 0.8037831823251906, -1.282992473638636, 4.491288557219968, -1.5302756034667222, 2.346626366842151, -0.7403929579332824] 
[-2.594870919032232, -3.0305964532827403, -1.6821248338789623, 2.5836969095847446, -2.1834364082351847, -2.9494285833186202, -6.306972520236897, -3.631455612639618, 0.2675175426046712, 0.5575530705421095, 3.270122459472282, -0.6651091643560052, 2.1733960553599787, 291.0079499772143, -290.8090877203742, 0.19631938615917643, 0.8560955491413001, -1.5929137392106578, 4.1126386686795, -1.8680372158386456, 2.6900272964258365, -1.0754594721331552] 
[-2.6707078003991143, -2.954759571915858, -1.7579617152458447, 2.659533790951627, -2.259273289602067, -2.873591701951738, -6.231135638870015, -3.5556187312727356, 0.19168066123778882, 0.6333899519089918, 3.1942855781054, -0.6152606233971836, 2.1230983471992957, 291.02860054731, -290.74259646904244, 0.4316213832495943, 0.625337690911836, -1.5438083221054495, 4.180426782741944, -1.8835497615956263, 2.5406133699139644, -0.924006921743179] 
[-2.5763685834377306, -3.0490987888772416, -1.663622498284461, 2.7538730079130107, -2.353612506563451, -2.779252484990354, -6.3254748558313985, -3.6499579482341193, 0.09734144427640512, 0.7277291688703755, 3.2886247950667835, -0.4569553156360139, 2.2665908903346597, 291.72389369499393, -291.45028990703275, 0.09248379382346578, 0.9375735950429545, -1.578702306245248, 4.332478922549231, -1.7331535888190246, 2.5684390020413232, -0.8458130841391402] 
[-2.279891322097267, -3.345576050217705, -1.3671452369439976, 3.050350269253474, -2.650089767903914, -3.0757297463308175, -6.028997594490935, -3.353480686893656, -0.19913581706405825, 0.43125190752991216, 2.99214753372632, -0.26339105644037175, 2.073622595541145, 291.6854238868639, -291.72987041895425, -0.6524674465052012, 1.6570905553155626, -1.7153584482311874, 4.908571500821593, -1.1652009417583553, 2.68455240648158, -0.6253766028683323] 
[-2.181165567782685, -3.2468502959031227, -1.2684194826294153, 2.9516245149388918, -2.551364013589332, -2.9770039920162352, -5.930271840176353, -3.2547549325790737, -0.29786157137864055, 0.5299776618444945, 2.893421779411738, -0.6523414842098016, 1.6831244175921607, 291.7865616989076, -291.9282348365263, -0.46486460838053045, 1.474446647770314, -1.6430328490566692, 4.842763442421423, -1.089140451428667, 2.630281911540398, -0.7021130065179092] 
[-2.2633745100186644, -3.164641353667143, -1.3506284248653948, 2.8694155727029123, -2.6335729558253114, -2.8947950497802557, -6.012480782412332, -3.172545990343094, -0.21565262914266103, 0.612186604080474, 2.8112128371757583, -0.20817797340079452, 2.127294250619476, 291.7859218500512, -291.8479108104355, -0.4117489674041723, 1.5214477363684018, -1.6944700767051, 4.91587241448134, -1.006945360454076, 2.6007924439557257, -0.7705076346293294] 
[-2.494428023569462, -3.395694867217941, -1.1195749113145972, 2.6383620591521146, -2.4025194422745138, -2.663741536229458, -6.24353429596313, -3.4035995038938918, 0.015400884408136584, 0.8432401176312716, 3.042266350726556, -1.1876190771469437, 1.1546017586648163, 288.07043739520464, -288.136510592518, -0.19636687021979982, 1.1369190038363994, -1.9648867830527186, 5.069139668436077, -1.2712276106340716, 2.385450250961497, -0.8872167322910974] 
[-2.685503601169664, -3.204619289617739, -0.9284993337143952, 2.8294376367523166, -2.2114438646743118, -2.85481711382966, -6.434609873563332, -3.5946750814940938, -0.1756746931920654, 0.6521645400310696, 3.233341928326758, -0.7032220307490545, 1.6572377170035513, 287.7401689764249, -288.011698261143, -0.607365079708031, 1.519599509228397, -2.0348374292437534, 4.809088862926135, -1.528572274860931, 2.281511491989235, -1.0010623925437965] 
[-3.0981680313430573, -2.7919548594443455, -1.3411637638877885, 3.24210206692571, -2.624108294847705, -3.2674815440030534, -6.021945443389939, -3.1820106513207005, -0.5883391233654587, 0.23950010985767634, 3.646006358500151, -1.016112295028631, 1.8842211748714959, 289.1614883510974, -289.34809025073633, -2.036995137454329, 3.1100708454877646, -1.2474876162528283, 3.9722590991870113, -2.2837087785123473, 2.3942183110271986, -0.6554645776542509] 
[-3.153270469857752, -2.736852420929651, -1.396266202402483, 3.1869996284110154, -2.5690058563330105, -3.212379105488359, -6.077047881904633, -3.126908212806006, -0.6434415618801532, 0.2946025483723709, 3.5909039199854567, -0.9606481542200418, 1.8930898017805047, 288.53894292249373, -288.72391696194296, -1.9151396129444287, 2.9987387465657496, -1.2785349875401486, 4.020375499777671, -2.254056818848419, 2.344073515588057, -0.591699321909869] 
[-3.2976153513357076, -2.592507539451695, -1.2519213209245272, 3.331344509888971, -2.7133507378109663, -3.3567239869663146, -6.221392763382589, -3.2712530942839617, -0.49909668040219746, 0.1502576668944151, 3.446559038507501, -1.1033549580277704, 1.740484199346357, 288.3957214351053, -288.7366975312676, -1.6059894553243066, 2.6933271330606416, -1.3789274581777686, 4.148622596474876, -2.6364346109515626, 1.9319821436112394, -0.361127778092673] 
[-3.330541910243639, -2.6254340983596265, -1.218994762016596, 3.3642710687969024, -2.680424178903035, -3.389650545874246, -6.188466204474658, -3.2383265353760304, -0.5320232393101287, 0.1831842258023464, 3.4136324795995696, -1.1455777738555772, 1.8106189961281745, 288.59130234542914, -288.92692452846507, -1.6380229180550734, 2.665402703858069, -1.3388889807215678, 4.177029456450503, -2.6974621167682202, 1.865240455385669, -0.31983394966229106] 
[-3.2364995997634587, -2.5313917878794463, -1.1249524515364158, 3.4583133792770826, -2.586381868422855, -3.483692856354426, -6.0944238939944775, -3.1442842248958502, -0.43798092882994855, 0.2772265362825266, 3.3195901691193894, -1.2113998690625778, 1.637867351728758, 288.0557400510301, -288.4086958826967, -1.6714700626883978, 2.6053209065756073, -1.4297509262640637, 4.0677654495924545, -2.781098821831284, 1.9044366269601658, -0.2317185095361997] 
[-3.320177003215388, -2.6150691913313757, -1.0412750480844863, 3.541990782729012, -2.5027044649709254, -3.4000154529024966, -6.010746490542548, -3.2279616283477797, -0.3543035253780191, 0.360903939734456, 3.23591276566746, -1.2899047429081283, 1.571264819087262, 288.1003676784018, -288.37643745439806, -1.847248601543429, 2.808303012499115, -1.5595977409124604, 4.12811573599097, -2.9374384745885247, 1.725952428148589, -0.10450175853321422] 
[-3.060703014042705, -2.3555952021586926, -0.7818010589118032, 3.801464771901695, -2.243230475798242, -3.1405414637298135, -5.751272501369865, -3.487435617520463, -0.6137775145507023, 0.10142995056177284, 2.976438776494777, -1.035961505495772, 1.6072776166056044, 287.36193614150653, -287.66631537641456, -2.2063544590361954, 3.2073755026339072, -1.3012135528232287, 4.4281444423165865, -3.2764067693352192, 1.407832982113185, -0.2590869511624566] 
[-2.7119327143376744, -2.704365501863723, -0.4330307592067726, 4.150235071606726, -1.8944601760932116, -2.791771164024783, -5.402502201664834, -3.1386653178154322, -0.9625478142557329, 0.45020025026680344, 2.6276684767897462, -0.7101587109353293, 1.2050516957032205, 287.2179483618084, -286.9253892389101, -0.9681703264163875, 2.0932074536831067, -1.4842846205816176, 4.776729131803965, -2.9114308899126526, 1.2834583862076359, -0.5977022693148131] 
[-2.6342676463983743, -2.626700433924423, -0.5106958271460726, 4.227900139546026, -1.9721252440325117, -2.714106096085483, -5.480167269604134, -3.2163303857547323, -1.040212882195033, 0.3725351823275034, 2.550003408850446, -0.5598189707264721, 1.3976309450905773, 287.38445587195565, -287.0317590497892, -0.9475628978881199, 2.1586675258492862, -1.519187921590815, 4.829484346385251, -3.264813782135911, 0.9103766614647992, -0.4392519585549707] 
[-2.956092959858232, -2.9485257473842807, -0.8325211406059303, 3.9060748260861686, -2.2939505574923693, -2.392280782625625, -5.801992583063992, -2.8945050722948746, -1.3620381956548906, 0.050709868867645724, 2.2281780953905885, -0.8238605810672317, 1.5342840307802037, 287.18865609314616, -287.40883282833863, -1.2594035981682603, 1.8416195234497013, -2.5583822965803336, 3.7853388793332776, -4.935591013974477, -0.7392773872346996, -0.5088703791978715] 
[-2.629643281011951, -3.2749754262305615, -1.158970819452211, 4.232524504932449, -2.62040023633865, -2.0658311037793444, -6.128442261910273, -2.568055393448594, -1.6884878745011713, 0.37715954771392646, 1.9017284165443078, -1.1131748174336453, 1.7394398662401482, 286.64557972776214, -286.94564789572604, -1.7388061091866365, 2.58810346992567, -1.9824779860907777, 3.636792033444043, -4.683512147077311, -0.8248262127277745, -0.8347709232734033] 
[-2.7727436471039937, -3.131875060138519, -1.3020711855442535, 4.375624871024492, -2.7635006024306925, -1.922730737687302, -5.98534189581823, -2.7111557595406364, -1.5453875084091289, 0.5202599138059689, 2.0448287826363503, -0.8365382699204622, 2.0144736985028127, 286.6968831126365, -286.7571604816635, -1.52155273489335, 2.440557226379196, -1.95690977336707, 3.5346446825547426, -4.057944580537717, -0.1944345027935228, -0.6828129807594293] 
[-2.9846187238956254, -3.3437501369301508, -1.0901961087526217, 4.587499947816124, -2.5516255256390608, -2.1346058144789337, -6.197216972609862, -2.923030836332268, -1.333512431617497, 0.30838483701433717, 1.8329537058447185, -0.5050357445263571, 2.3462882091216475, 286.87326663737156, -286.64324156237177, -1.7008963926601104, 2.2978432385374417, -1.8830245268130616, 3.328331210484078, -3.9364940725842894, -0.3117969984818578, -0.4702612985630256] 
[-2.738764015778333, -3.0978954288128584, -0.8443414006353294, 4.833354655933416, -2.797480233756353, -1.8887511063616413, -6.443071680727154, -2.6771761282149757, -1.0876577235002047, 0.5542395451316295, 2.078808413962011, -0.7987476223045245, 2.033795479296362, 287.10948313161305, -286.28938759094586, -1.3505042497828401, 3.117110412380398, -1.045031294568791, 3.749215302920221, -6.6441191390869285, -3.0110698107162692, -0.174495686984741] 
[-3.2819005408247257, -2.5547589037664657, -0.3012048755889367, 5.376491180979809, -2.2543437087099605, -1.3456145813152487, -5.899935155680762, -3.2203126532613684, -0.5445211984538121, 1.0973760701780222, 2.6219449390084035, -1.6866674913327369, 1.1534554334485452, 287.50465994467214, -287.67045245449737, -2.757820067692091, 2.5724204198911056, -1.0265021925601652, 4.732653153341991, -8.791517459274205, -5.093945078348134, 0.6163642673875178] 
[-3.252978760501449, -2.525837123443189, -0.33012665591221335, 5.405412961303085, -2.225421928386684, -1.3745363616385253, -5.928856936004038, -3.1913908729380918, -0.5155994181305354, 1.0684542898547456, 2.593023158685127, -1.7227436619342855, 1.214892271067418, 287.558735284202, -287.71652353956637, -2.811265102274318, 2.5971851803571853, -1.043771432042713, 4.7625291793792925, -8.799262262754839, -5.011917133002266, 0.5332383686714776] 
[-3.2300816721322505, -2.5487342118123877, -0.3072295675430148, 5.382515872933887, -2.2025248400174853, -1.3516392732693268, -5.90595984763484, -3.2142879613072903, -0.4927023297613369, 1.0913513782239441, 2.5701260703159283, -1.7501168078227827, 1.2642202590132865, 287.6028365539592, -287.74953516621866, -2.850916963368623, 2.618705921079225, -1.0532255074382944, 4.741963122108357, -8.757599616250308, -4.929248707453692, 0.45655450244139106] 
[-3.1908885222174206, -2.5095410618975578, -0.3464227174578447, 5.343322723019057, -2.1633316901026554, -1.3908324231841567, -5.94515299754967, -3.2534811112221202, -0.45350917984650696, 1.0521582283091142, 2.5309329204010984, -1.7826255934748905, 1.1730188816513676, 287.50030657725034, -287.845543298535, -2.9434988427551514, 2.7199622909311554, -0.9562375269482161, 4.697730801723539, -8.712096304399585, -4.888159510125115, 0.4687310500168277] 
[-2.961453914939039, -2.7389756691759395, -0.5758573247362264, 5.5727573302974385, -2.392766297381037, -1.161397815905775, -5.715718390271288, -3.0240465039437385, -0.6829437871248887, 1.281592835587496, 2.76036752767948, -2.0175637652043434, 1.3114501937886487, 287.31951654809745, -288.01998025846035, -2.7449576338097175, 2.227938408644532, -1.4292728923536935, 4.503773045070755, -8.632118029032203, -5.49557168895262, 1.0866706229032108] 
[-2.7939941973184297, -2.5715159515553303, -0.7433170423568356, 5.405297612676829, -2.5602260150016463, -1.3288575335263841, -5.548258672650679, -3.1915062215643477, -0.5154840695042795, 1.449052553208105, 2.9278272453000893, -1.8806295201657757, 1.1262674488994298, 287.1948862258913, -287.7495741702702, -2.3698697462384652, 1.7446271320071687, -1.8507002547524642, 4.410142957120431, -8.427271036766241, -5.326581078396384, 1.1375053107333233] 
[-2.7979693242455106, -2.575491078482411, -0.7393419154297547, 5.40927273960391, -2.564201141928727, -1.3248824065993032, -5.55223379957776, -3.187531094637267, -0.5194591964313604, 1.4450774262810242, 2.93180237222717, -1.8749113580477332, 1.1323455754055205, 287.1961261122482, -287.7414834886742, -2.3621290790194767, 1.7453944062409996, -1.8549486498510634, 4.414724591936054, -8.429604433322293, -5.3015912849711535, 1.1124398552740944] 
[-2.779477652173945, -2.5569994064108457, -0.7578335875013202, 5.427764411675476, -2.5826928140002927, -1.3063907345277377, -5.533742127506194, -3.2060227667088323, -0.537950868502926, 1.4635690983525897, 2.9133107001556047, -1.8892917629965775, 1.1468043697191912, 287.19627645588776, -287.70519101781565, -2.3247515160179963, 1.725987692747315, -1.8511924420145955, 4.433160397800229, -8.410941223362231, -5.307632794608942, 1.0990372710877818] 
[-2.8612956795659485, -2.475181379018842, -0.6760155601093167, 5.509582439067479, -2.500874786608289, -1.3882087619197412, -5.451924100114191, -3.124204739316829, -0.6197688958949295, 1.3817510709605862, 2.831492672763601, -2.0396972624122824, 0.9146385004847656, 286.9137151752238, -288.00766210884365, -2.5708992424487507, 1.9870560258598318, -1.5893395661857785, 4.300169936977234, -8.525857522262784, -5.814106796960456, 1.6020781207188863] 
[-3.170583356107379, -2.7844690555602725, -0.36672788356788644, 5.200294762526049, -2.8101624631497195, -1.6974964384611715, -5.761211776655621, -2.8149170627753985, -0.31048121935349915, 1.072463394419156, 2.522204996222171, -1.5752441888155757, 1.628198935923929, 287.56817844892214, -287.9664118256, -2.295656626124062, 2.6576254575406213, -0.8691144515959373, 3.8925971715289314, -8.349129802917476, -7.064348193203842, 2.863269780733] 
[-3.461203174502991, -3.0750888739558846, -0.07610806517227431, 5.490914580921661, -3.1007822815453316, -1.4068766200655594, -5.470591958260009, -3.1055368811710107, -0.01986140095788702, 1.363083212814768, 2.812824814617783, -1.2762472097787676, 1.319736124772891, 287.5383717400645, -289.3621779658912, -3.7070258066799866, 0.9734264803998356, -2.5495832445386073, 3.550036712214918, -8.531616610974115, -6.938531192469496, 3.068206842694804] 
[-3.338546261213338, -2.9524319606662317, -0.1987649784619272, 5.368257667632008, -2.9781253682556788, -1.5295335333552122, -5.347935044970356, -2.982879967881358, 0.10279551233176587, 1.485740126104421, 2.69016790132813, -1.457379810393629, 1.5062600878309267, 287.6509442330137, -289.7717079106141, -4.119927815175612, 0.9234777103410501, -2.4451660600516374, 3.418142951403772, -8.657796036546815, -8.597765314512474, 4.7271728090653555] 
[-3.578450507982833, -2.712527713896737, 0.041139268307567534, 5.608161914401503, -3.2180296150251735, -1.769437780124707, -5.108030798200861, -3.2227842146508525, 0.3426997591012606, 1.7256443728739157, 2.4502636545586354, -1.7704229030157452, 1.886810559209627, 288.09616362325204, -288.617388238375, -2.995735077089157, 1.0612526506939972, -2.611820180460415, 3.6431755575351454, -8.439905459300585, -8.48012152551182, 4.862157540226132] 
[-3.758098085869225, -2.532880136010345, -0.13850830957882465, 5.787809492287895, -3.3976771929115657, -1.9490853580110992, -5.287678376087253, -3.0431366367644603, 0.16305218121486842, 1.9052919507603079, 2.6299112324450276, -1.4220858904216294, 1.4483636974812102, 287.76486092317106, -289.0789919362215, -3.4641680590039607, 1.1809098503084936, -2.78569323412117, 3.4266245510649944, -8.621520330318585, -8.394790057918181, 4.980629324398841] 
[-3.44066881484828, -2.8503094070312898, -0.45593758059976963, 6.10523876330884, -3.7151064639325106, -2.266514629032044, -5.605107647108198, -2.7257073657435154, 0.4804814522358134, 1.587862679739363, 2.9473405034659725, -0.6039793045594144, 0.3928312536013441, 287.00731014331063, -288.6011856266608, -2.946296256747129, 1.3896160920406542, -2.920833598775099, 3.6867124257379422, -8.324644477122822, -8.523539722715523, 4.767831452575994] 
[-3.4494733332139838, -2.841504888665586, -0.46474209896547336, 6.114043281674544, -3.7239109822982144, -2.275319147397748, -5.596303128742495, -2.734511884109219, 0.48928597060151713, 1.5790581613736592, 2.9561450218316763, -0.6093746493069152, 0.3807516763005402, 286.9878386591023, -288.6197127656247, -2.9585814859390442, 1.3925592434540663, -2.9058123579752078, 3.6995972170885847, -8.319467713996797, -8.528094487361638, 4.762989432053174] 
[-3.564573619819253, -2.7264046020603168, -0.5798423855707426, 6.229143568279813, -3.8390112689034837, -2.1602188607924786, -5.481202842137225, -2.61941159750395, 0.6043862572067864, 1.46395787476839, 3.0712453084369455, -0.7591168513847303, 0.5004141190722302, 286.8338125124069, -288.78334149340105, -2.82746649933596, 1.288376215061862, -2.7900637489741094, 3.8372388212259825, -8.241337673415487, -8.46533539658103, 4.823645914739358] 
[-3.4345164275533726, -2.5963474097944363, -0.4497851933048622, 6.099086376013933, -3.969068461169364, -2.290276053058359, -5.611260034403106, -2.7494687897698302, 0.474329064940906, 1.5940150670342703, 3.201302500702826, -0.8602671606798988, 0.42345352725961616, 286.8828999426371, -288.89778042791716, -3.0860291199932037, 1.6377332152517285, -2.5031056876681337, 3.8433965299325115, -8.370457493402064, -8.51663890317098, 4.735459345021806] 
[-3.5916436177262625, -2.4392202196215464, -0.6069123834777521, 6.256213566186823, -3.811941270996474, -2.447403243231249, -5.454132844230216, -2.90659597994272, 0.6314562551137959, 1.4368878768613804, 3.358429690875716, -0.7828880348574727, 0.746472429547802, 287.2966200762039, -288.59088432858357, -3.098797901893788, 1.4068580831698059, -2.703522598252395, 3.9718165108298957, -8.548113126115979, -7.124751904249341, 3.342650161530214] 
[-3.329843149607189, -2.7010206877406198, -0.8687128515968254, 5.994413098067749, -3.550140802877401, -2.1856027751121756, -5.192332376111143, -3.1683964480617934, 0.36965578699472257, 1.6986883449804537, 3.0966292227566425, -1.1872502828236902, 1.175811629724702, 287.3662502927667, -288.3006970541741, -3.2091273457017913, 1.1000678375750799, -2.9918509094163435, 4.112222310415117, -8.843458326728223, -6.919685580181121, 3.444250715303298] 
[-3.330214888794064, -2.700648948553745, -0.8683411124099507, 5.9940413588808745, -3.549769063690526, -2.1859745142990503, -5.192704115298017, -3.1680247088749187, 0.36928404780784785, 1.6990600841673285, 3.096257483569768, -1.18761713524587, 1.1757827601038258, 287.367288098001, -288.29967910735263, -3.2093691776701285, 1.1002585692562887, -2.9925273139706228, 4.111497538824919, -8.844072351426425, -6.924763758377386, 3.449314191812885] 
[-3.7733344193346205, -2.2575294180131884, -0.42522158186939407, 5.550921828340318, -3.9928885942310828, -2.629094044839607, -5.635823645838574, -3.6111442394154754, -0.07383548273270879, 2.142179614707885, 3.5393770141103245, -0.6320051573249846, 0.5123871708448577, 286.90187523905706, -288.0617820589331, -2.6020263915781183, 0.5355133019366997, -2.9586740681781656, 3.6938731734716037, -8.126244603805013, -0.8696658438695799, -2.5885640041842226] 
[-3.6149465390842472, -2.099141537762815, -0.5836094621197674, 5.392533948089945, -3.8345007139807095, -2.7874819250899803, -5.477435765588201, -3.7695321196658487, 0.08455239751766452, 1.9837917344575118, 3.6977648943606978, -0.8997875541941566, 0.804559424118697, 286.96084116582466, -287.7982610126883, -2.3686525623725827, 0.5986507527864237, -2.8868540533722715, 3.474459336099142, -8.389302904590258, -0.14751317811076492, -3.3054393745280284] 
[-3.5328053593285986, -2.1812827175184637, -0.665750641875416, 5.310392768334296, -3.752359534225061, -2.7053407453343317, -5.559576945343849, -3.6873909399102, 0.002411217762015916, 1.9016505547018632, 3.7799060741163464, -1.050999916432998, 1.1051194418537655, 287.2471763525937, -287.7330026422468, -2.1735763563291384, 0.385385082596892, -3.198690928264912, 3.1269143353115845, -8.622802767446801, -0.5287869812391741, -2.927773668316384] 
[-3.2726556506086624, -2.4414324262384, -0.40560093315547974, 5.570542477054232, -4.012509242944997, -2.965490454054268, -5.299427236623913, -3.9475406486301363, 0.2625609264819522, 1.641500845981927, 3.51975636539641, -0.9406349851791266, 1.7903449240998106, 288.0012357514045, -287.30302081080134, -2.1369254041041414, 0.15352254494007647, -3.0483040429452926, 3.0301810615912816, -8.401008705219157, -1.6103355162522992, -1.8461407433834942] 
[-3.1823738042164997, -2.5317142726305626, -0.49588277954764237, 5.660824323446395, -4.10279108933716, -3.0557723004464306, -5.20914539023175, -4.037822495022299, 0.3528427728741148, 1.7317826923740895, 3.6100382117885728, -0.8674160422324336, 1.961072505049573, 288.150751541349, -287.4825152372646, -2.4556701244698633, 0.4325634555556601, -2.934177263260908, 3.0414627538096197, -8.305690655075109, -1.55660364336566, -1.8039624478810128] 
[-3.08869216583156, -2.6253959110155023, -0.40220114116270267, 5.754505961831335, -4.00910945095222, -2.962090662061491, -5.30282702861669, -4.131504133407239, 0.4465244112590545, 1.6381010539891498, 3.516356573403633, -0.9576096912372218, 1.8567034477209414, 288.123531040937, -287.69825245833636, -2.8420605367609455, 0.7781646920097991, -3.127818948204809, 2.8439614674703986, -8.299643858295608, -2.0958190443483273, -1.264632514461593] 
[-3.0118150210192596, -2.548518766203202, -0.4790782859750031, 5.677628817019034, -3.9322323061399196, -2.8852135172491904, -5.22594988380439, -4.054626988594938, 0.523401556071355, 1.5612239091768494, 3.4394794285913326, -0.8789245856120284, 1.8960187044235925, 288.0327363085627, -287.80625699379425, -2.8568428176286345, 0.8695819831060093, -3.050643193287869, 2.8315255043999743, -8.228593436994915, -2.1338667325902225, -1.3096465422037862] 
[-3.4587513023548624, -2.9954550475388046, -0.03214200463940031, 5.230692535683431, -3.4852960248043168, -2.4382772359135876, -4.779013602468787, -3.6076907072593354, 0.9703378374069578, 1.1142876278412466, 3.8864157099269354, -0.5126112822364104, 1.1447322680396375, 287.33398301193904, -287.43180521449835, -2.4427943279209923, 1.1631088568027481, -2.130199118843158, 3.700880191962511, -8.382077923869605, -2.376941898934742, -1.5553309342462556] 
[-2.9983204202317637, -3.4558859296619033, 0.42828887748369837, 5.69112341780653, -3.024865142681218, -2.8987081180366863, -5.2394444845918855, -3.1472598251362367, 1.4307687195300565, 1.5747185099643453, 4.346846592050034, -1.2030263400692556, 1.89011774289945, 287.854153521977, -290.1830812120933, -5.255303344537218, 1.972793405851458, -2.3485390556995194, 4.008701675381943, -8.629041533760008, -3.0179291243176345, -0.8558959517755296] 
[-2.4572244892030035, -2.914789998633143, 0.9693848085124586, 6.23221934883529, -3.5659610737099783, -3.4398040490654465, -5.780540415620646, -3.688355756164997, 0.8896727885012963, 2.1158144409931054, 3.805750661021274, -1.6628394272030498, 2.48871711279472, 287.4232397931914, -291.0276339907362, -6.137245687765079, 2.8788107332551727, 1.3772917938211489, 7.675220317256284, -9.166475060624087, -2.4505129145596225, -1.425300219444221] 
[-2.5418707482463976, -2.999436257676537, 0.8847385494690645, 6.147573089791896, -3.481314814666584, -3.5244503081088405, -5.695894156577252, -3.603709497121603, 0.8050265294579022, 2.2004607000364995, 3.72110440197788, -1.7182888584634157, 2.536115055019235, 287.39187604250424, -291.0882164294297, -6.179189922673677, 2.7661224947565213, 1.5670724421756073, 7.875281813433378, -9.024380037330307, -2.450356269680816, -1.5100128937546353] 
[-2.4003168187644963, -3.1409901871584385, 1.0262924789509658, 6.006019160309995, -3.6228687441484855, -3.666004237590742, -5.837448086059153, -3.745263426603504, 0.6634725999760009, 2.0589067705545983, 3.862658331459781, -1.3568458441071474, 2.929673997142759, 288.0675412875142, -291.75358034819925, -6.315899557966216, 2.574870385081432, 1.8793693861571805, 8.124514806039032, -9.164338718431031, -2.614887592134331, -1.5744485433722302] 
[-2.139980482242848, -2.88065385063679, 1.2866288154726142, 5.745682823788346, -3.883205080670134, -3.9263405741123902, -5.577111749537504, -4.0055997631251525, 0.9238089364976494, 1.7985704340329498, 4.1229946679814296, -2.1584477187004847, 2.1280715566866135, 288.06342313279094, -292.06522587308575, -6.751255258011654, 2.927389354555651, 2.0681724070145546, 8.35117531744739, -9.391530511727579, -2.8601831841624796, -1.7065794752981367] 
[-2.07548616743828, -2.816159535832222, 1.3511231302771822, 5.810177138592914, -3.947699395474702, -3.861846259307822, -5.512617434732936, -4.0700940779297206, 0.8593146216930814, 1.7340761192283818, 4.187488982785998, -2.189183384994958, 2.169552954843747, 288.11474441396774, -292.04666008388403, -6.798915089663841, 2.891171152390663, 2.046206177859854, 8.44565412027074, -9.286788415355675, -2.7978432258934407, -1.662433462551654] 
[-2.529876255071377, -2.3617694481991247, 1.8055132179102795, 6.264567226226012, -4.402089483107799, -4.3162363469409195, -5.058227347099839, -4.524484165562818, 1.3137047093261787, 1.2796860315952845, 4.641879070419095, 0.4938836870735699, 4.85671077879948, 288.33688668747465, -292.7585185925132, -7.884345298067113, 4.09680892988602, 1.3528505305393828, 8.943227065261812, -8.592026923468953, -2.0695953498600104, -2.3519469482356783] 
[-2.677437407315283, -2.2142082959552187, 1.6579520656663735, 6.412128378469918, -4.549650635351705, -4.1686751946970135, -4.910666194855933, -4.672045317806724, 1.1661435570822727, 1.1321248793513785, 4.789440222663001, 0.7416604195779679, 5.102138589480503, 288.3615964182766, -292.62836014055074, -7.64391522521309, 3.843553264012283, 1.5347045542510085, 9.092302184698609, -8.719786193404087, -2.2080404628640906, -2.4971323934948404] 
[-2.539598201939439, -2.3520475013310627, 1.5201128602905296, 6.549967583845762, -4.411811429975861, -4.3065144000728575, -5.048505400231777, -4.53420611243088, 1.0283043517064288, 1.2699640847272224, 4.927279428038845, 0.62706147139165, 5.188672365481021, 288.6912376760246, -292.9610648364229, -7.362902156878241, 3.5595459631060615, 1.677740775536291, 8.96715712731874, -8.593725588373685, -2.0758685934123484, -2.63134537685559] 
[-2.147157278624096, -1.9596065780157197, 1.1276719369751866, 6.157526660530419, -4.019370506660518, -3.9140734767575145, -4.656064476916434, -4.926647035746223, 1.4207452750217717, 0.8775231614118795, 4.534838504723502, 0.34998755189128394, 5.477985523069901, 288.9394397293467, -292.73579996868466, -7.666528215935089, 3.3129527940601227, 1.2832300061158763, 8.600936217789775, -8.281744281096415, -1.6515050733973586, -2.194284377216471] 
[-2.071516252404118, -1.8839655517957414, 1.0520309107552084, 6.233167686750397, -3.94372948044054, -3.8384324505375362, -4.731705503136412, -5.002288061966201, 1.3451042488017935, 0.9531641876318577, 4.4591974785035235, 0.24638951565011413, 5.390027978688737, 289.0347649970537, -292.84970786814415, -7.837743885121025, 3.4806426297062827, 1.221768616801004, 8.53535524799884, -8.36879103099543, -1.7404137124632697, -2.116837817726418] 
[-2.012974083657566, -1.8254233830491895, 0.9934887420086564, 6.174625518003845, -4.002271649187092, -3.896974619284088, -4.790247671882964, -5.060830230712753, 1.2865620800552415, 0.8946220188853058, 4.5177396472500755, 0.17041565263231506, 5.325527082857132, 289.09912470276186, -292.9261394030676, -7.877897694998544, 3.444851792208582, 1.1470699815720355, 8.610477647835353, -8.318524108422066, -1.7936321961815336, -2.0558635766554234] 
[-2.0836558252464776, -1.896105124638101, 1.064170483597568, 6.103943776414933, -4.072953390776004, -3.8262928776951766, -4.719565930294053, -4.9901484891238415, 1.3572438216441531, 0.8239402772963942, 4.588421388838987, 0.23058687552017196, 5.2793592147338915, 289.1469782494925, -292.8670707571155, -7.918687766675287, 3.3945326887128364, 1.2052506542480301, 8.667981746198828, -8.258022297596538, -1.8490138800122262, -2.1242023556294356] 
[-2.140552998262681, -1.8392079516218978, 1.0072733105813647, 6.160840949431137, -4.129850563792207, -3.7693957046789732, -4.662668757277849, -4.933251316107638, 1.4141409946603565, 0.8808374503125975, 4.531524215822784, 0.14480699663028215, 5.175644815221661, 289.0453430763218, -292.78946478920204, -8.058908661962805, 3.53731898735939, 1.157931626208193, 8.621064625020313, -8.306018421884293, -1.7997417099972397, -2.182047052218401] 
[-2.1090073232571402, -1.807662276616357, 0.975727635575824, 6.129295274425596, -4.161396238797748, -3.7378500296734325, -4.631123082272309, -4.901705641102097, 1.4456866696658972, 0.9123831253181383, 4.499978540817243, 0.1004335975854575, 5.118200518715209, 288.98779029913055, -292.7443112198806, -8.036565209363955, 3.5534516961927545, 1.1314501742919085, 8.593929161751912, -8.269126282539721, -1.7624144941628777, -2.2144006768234656] 
[-2.1951071319817164, -1.8937620853409332, 1.0618274443004, 6.215395083150172, -4.247496047522324, -3.8239498383980086, -4.717222890996885, -4.9878054498266735, 1.359586860941321, 0.9984829340427144, 4.586078349541819, -0.016197211244537324, 4.966669173959429, 288.8376688087964, -292.6313290041434, -8.079796635057185, 3.499212612137209, 1.2045008032504592, 8.669668206613713, -8.367307088739683, -1.8615654246530449, -2.1262377882708865] 
[-2.5348719316021544, -2.233526884961371, 0.7220626446799621, 6.55515988277061, -4.587260847142762, -4.163714638018447, -5.056987690617323, -4.6480406502062355, 1.6993516605617591, 1.3382477336631524, 4.246313549921381, -0.3015402142624326, 5.178006353456046, 288.634235704305, -292.9179257466006, -8.288218913667942, 3.3033188966189364, 1.4853978805808041, 8.94986057916149, -8.662891763506677, -1.5566736954173743, -2.4727715975742828] 
[-3.1271918182354153, -1.6412069983281103, 0.1297427580467012, 5.962839996137349, -5.179580733776023, -4.7560345246517075, -4.464667803984062, -4.055720763572975, 2.29167154719502, 1.9305676202964133, 4.838633436554642, 0.8803134079806565, 6.858482672806247, 290.0201294565227, -292.8588510732353, -8.670506048763356, 2.8789718041511594, 2.1131400118290053, 9.58843797301178, -9.274699823911003, -2.108530183836063, -1.9113892880587842] 
[-3.185900288131558, -1.5824985284319677, 0.07103428815055857, 5.904131526241207, -5.12087226387988, -4.81474299454785, -4.523376273880205, -4.114429233469117, 2.3503800170911626, 1.8718591504002706, 4.897341906450785, 0.8161311454241252, 1.455468715602482, 284.61664334590785, -292.7426173650436, -8.747616401942722, 2.823368217805953, 2.059154839433766, 9.643087584430402, -9.317240449781613, -2.051780268216937, -1.9745120443623763] 
[-2.7905545311412254, -1.1871527714416352, 0.46638004514089104, 6.299477283231539, -4.725526506889548, -5.210088751538183, -4.918722030870537, -4.50977499045945, 1.9550342601008301, 1.4765133934099381, 5.292687663441117, 1.1540517026480082, 112.24746634106276, 395.40889369730996, -293.1695319384511, -9.11535628038548, 2.421741074734409, 1.7122718088300928, 9.313064514396514, -8.898376441878018, -1.5502481965212374, -2.431779012543519] 
[-2.9541753214744944, -1.0235319811083663, 0.3027592548076221, 6.463098073564808, -4.8891472972228165, -5.046467961204914, -4.755101240537268, -4.673395780792719, 1.7914134697675612, 1.3128926030766692, 5.456308453774386, 1.0958425920117711, 111.42849412250673, 394.5566479701024, -293.47651268394236, -8.802134627567323, 2.7352948290812624, 1.8949125071039583, 9.118677482062452, -8.717688953598412, -1.6893892481797188, -2.5669302738045565] 
[-2.674988554385438, -0.7443452140193099, 0.5819460218966785, 6.183911306475752, -4.60996053013376, -5.32565472829397, -4.475914473448212, -4.394209013703662, 1.5122267026785048, 1.0337058359876128, 5.17712168668533, 0.9662384125713979, 109.88566222588864, 392.96305329382045, -293.99308155398336, -8.606791329139659, 2.5201405418725136, 2.1762185090665804, 8.833236785616203, -8.432648017502974, -2.018093920718858, -2.240644442801996] 
[-2.9472423579947833, -1.0165990176286552, 0.3096922182873332, 6.456165110085097, -4.337706726524415, -5.053400924684625, -4.203660669838866, -4.121955210094317, 1.7844805062878502, 1.3059596395969582, 4.904867883075984, 1.498433552889931, 109.10006407854323, 392.2958528045869, -293.9877381613735, -8.429496686706823, 2.353380070215886, 2.405298527562808, 9.061224175118891, -8.11264627902398, -2.3355037876766613, -1.9755454061928692] 
[-3.091247864506739, -1.160604524140611, 0.45369772479928905, 6.312159603573141, -4.481712233036371, -4.909395418172669, -4.0596551633269105, -3.977949703582361, 1.6404749997758943, 1.449965146108914, 5.04887338958794, 1.4337525146427725, 108.31959028935881, 391.4866118380348, -294.27289276929446, -8.207893744917019, 2.5506758057959953, 2.318080128401748, 8.915827551220557, -8.29415697472807, -2.159742171242002, -2.1264322473568535] 
[-2.9658737919864038, -1.2859785966609465, 0.5790717973196244, 6.186785531052806, -4.356338160516035, -4.7840213456523335, -4.185029235847246, -3.8525756310620256, 1.7658490722962297, 1.3245910735885786, 4.923499317067605, 1.3224570157559419, 107.61805657803879, 390.784017553025, -294.27117653804186, -8.055575062062772, 2.6921932986603636, 2.223581391690963, 8.80447792812183, -8.1610737534546, -2.29877409726642, -1.9978855163629445] 
[-2.660491162414921, -1.5913612262324293, 0.27368916774814167, 5.881402901481323, -4.050955530944552, -5.089403975223816, -4.490411865418729, -4.157958260633508, 1.460466442724747, 1.6299737031600614, 4.618116687496122, 1.6432605094722517, 107.30411540415125, 390.79312054527395, -294.58472157183587, -8.395865385375748, 2.3012576139088514, 1.8644861369819783, 8.491007840674563, -8.552508561730754, -1.9339363919241714, -1.7068734981331009] 
[-2.6026646669906253, -1.649187721656725, 0.3315156631724374, 5.939229396905619, -4.108782026368848, -5.147230470648112, -4.548238360843024, -4.215784756057804, 1.4026399473004512, 1.5721472077357657, 4.675943182920418, 1.700820471667386, 107.27610602988243, 390.827421525772, -294.658064968215, -8.462201786830786, 2.3328687665996792, 1.79705300036405, 8.56284393712457, -8.61368242613005, -1.9942607910567, -1.648422859236499] 
[-2.6101077510869946, -1.6566308057530943, 0.3389587472688067, 5.946672481001988, -4.101338942272479, -5.154673554744481, -4.555681444939394, -4.208341671961435, 1.4100830313968205, 1.5647041236393964, 4.668500098824048, 1.7081197033176692, 107.27252676878115, 390.83183476241385, -294.6524764292982, -8.471863579646188, 2.3229758490558985, 1.8054317423331718, 8.553915696064365, -8.620915575250487, -2.001754134420707, -1.6409340777671422] 
[-2.28182467873628, -1.984913878103809, 0.01067567491809207, 6.274955553352703, -3.7730558699217642, -5.482956627095196, -4.883964517290108, -4.5366247443121495, 1.0817999590461058, 1.892987195990111, 4.340217026473334, 1.3015723258199077, 105.47122367163199, 389.03512684688314, -294.30510310508066, -8.635595078042464, 2.6327073927765463, 2.2456746274981927, 8.128339579890726, -8.282376198335172, -2.328731775032516, -1.966921499874005] 
[-2.4226006142383927, -1.8441379426016962, -0.1301002605840207, 6.13417961785059, -3.6322799344196515, -5.623732562597309, -4.7431885817879955, -4.677400679814262, 1.2225758945482186, 1.7522112604879982, 4.4809929619754465, 1.0121860266131917, 104.98378713104736, 388.6025429777065, -294.1640156560502, -8.868441636766123, 2.406506669807785, 2.141352209117527, 8.010962147262191, -8.144609343387836, -2.2006692809478796, -1.8468950904107637] 
[-2.2194892896300207, -1.6410266179933242, 0.07301106402435131, 5.931068293242218, -3.8353912590280235, -5.420621237988937, -4.9462999063963675, -4.47428935520589, 1.0194645699398466, 1.9553225850963702, 4.6841042865838185, 0.7746394639585196, 104.79010938050892, 388.6744635762498, -293.9344850179614, -8.684138519641653, 2.2745259472641033, 1.9459598517908996, 7.811108806724651, -8.34852120000711, -1.9818374493176345, -2.066850181486042] 
[-2.4088598709674773, -1.8303971993307808, 0.26238164536180797, 5.741697711904761, -3.646020677690567, -5.609991819326393, -5.135670487733824, -4.663659936543347, 1.2088351512773032, 1.7659520037589136, 4.873474867921275, 0.6109682564805948, 105.24969393106173, 389.13926019195344, -293.7664218443676, -8.756266372043257, 2.4609767626083205, 1.7594589008648924, 7.622794206926249, -8.57547857202055, -2.185750607372947, -2.2534205485622563] 
[-2.588752162259224, -1.650504908039034, 0.08248935407006108, 5.561805420613014, -3.8259129689823137, -5.4300995280346465, -4.955778196442077, -4.4837676452516, 1.0289428599855563, 1.5860597124671667, 4.693582576629528, 0.6887170384898287, 104.65481282395136, 388.52192662667494, -293.33384675093345, -8.257247496593372, 2.8643663568300046, 1.483323884697267, 7.78988336492852, -8.729603093902838, -2.01671820079301, -2.4238947821589925] 
[-2.579529702360654, -1.6412824481404638, 0.0732668941714909, 5.5710278805115845, -3.8166905090837435, -5.439321987933217, -4.9650006563406475, -4.49299010515017, 1.0197204000869862, 1.5952821723657369, 4.684360116730958, 0.7004932716282201, 104.71589150702252, 388.58267990880427, -293.31189713309465, -8.231704770547282, 2.88078738198265, 1.4888351458779585, 7.799570287649655, -8.719180319105593, -2.007374541189762, -2.4332078496569802] 
[-2.6952239029809153, -1.756976648760725, 0.18896109479175216, 5.455333679891323, -3.9323847097040048, -5.323627787312955, -5.080694856960909, -4.608684305770431, 0.9040261994667249, 1.4795879717454756, 4.568665916110697, 0.6119417193446609, 105.43905374744793, 389.308264987238, -293.60370006643956, -8.572292925707146, 2.63766631450821, 1.6283984236371538, 7.882221060412892, -8.824852827919473, -2.125271045192067, -2.315784141528887] 
[-2.5741822607423313, -1.878018290999309, 0.3100027370303362, 5.576375322129907, -4.053426351942589, -5.202586145074371, -4.959653214722325, -4.487642663531847, 0.7829845572281409, 1.6006296139840597, 4.447624273872113, 0.41088860969062635, 104.43777400000977, 388.3157095437389, -293.6145058208549, -8.401495546539735, 2.8378718480998346, 1.4739475335489942, 7.735975714940783, -8.977307978350932, -2.256884531067472, -2.183132636244816] 
[-2.653631050791967, -1.7985695009496734, 0.3894515270799719, 5.496926532080272, -3.973977561892953, -5.282034935124007, -5.03910200477196, -4.567091453581483, 0.8624333472777765, 1.521180823934424, 4.5270730639217485, 0.5581166369984849, 104.85479677252101, 388.7254377569529, -293.7720268531526, -8.531760071660214, 2.8690815968915717, 1.5599215867341703, 7.631271884569625, -9.074923874568025, -2.354889707331992, -2.085513610462996] 
[-2.9173792952516013, -2.062317745409308, 0.12570328262033748, 5.760674776539906, -3.7102293174333187, -5.018286690664373, -4.775353760312326, -4.303343209121849, 1.126181591737411, 1.7849290683940584, 4.263324819462114, 0.9793588945883667, 106.3424825361027, 390.20694633195467, -294.32509532434443, -8.984635395455088, 3.0628789669571983, 1.2429213736278981, 7.87462641977724, -9.287118127077235, -2.589262326078324, -2.321200763169146] 
[-3.2042530943305554, -1.7754439463303537, 0.4125770816992915, 5.473800977460952, -3.997103116512273, -4.731412891585419, -4.488479961233372, -4.590217008200803, 1.413055390816365, 1.4980552693151044, 4.550198618541068, 1.2577377213129872, 106.26152951332213, 390.4141643220946, -294.11794752864853, -9.150262652659777, 3.310685495011517, 1.5552692085876256, 7.556715070946721, -9.033384258257085, -2.9201324950362424, -1.9739577011884473] 
[-3.172530069199709, -1.7437209211995075, 0.44430010683013776, 5.505524002591798, -3.9653800913814266, -4.763135916716265, -4.456756936102526, -4.5584939830699565, 1.4447784159472112, 1.5297782944459506, 4.518475593410222, 1.2260134042409303, 106.26163103587017, 390.4492630148467, -294.1763738035989, -9.207126417215845, 3.337811448283909, 1.5275647759847348, 7.526125713956675, -9.064321278979286, -2.8889214605409315, -1.943024298255656] 
[-3.04036739119859, -1.6115582431983881, 0.5764627848312571, 5.373361324590679, -4.097542769382546, -4.895298594717384, -4.588919614103645, -4.426331305068837, 1.5769410939483306, 1.66194097244707, 4.3863129154091025, 1.3575484359398133, 106.37955717092011, 390.434036735074, -294.4059366030919, -9.435277698624061, 3.444201702624993, 1.4126235321115237, 7.663465748250426, -9.201647016604163, -2.7526243886224924, -2.0784852438983914] 
[-2.925750519615068, -1.4969413716148665, 0.4618459132477355, 5.4879781961742005, -4.2121596409660675, -5.009915466300906, -4.703536485687167, -4.3117144334853155, 1.6915579655318522, 1.5473241008635483, 4.500929786992624, 1.2432118042002336, 106.44761037438658, 390.3787305120135, -294.59620171387195, -9.635408000485485, 3.303021157272697, 1.293669615634541, 7.554988751851623, -9.089973120722727, -2.8641489658095596, -1.9640869783855994] 
[-2.4323174677886836, -1.003508319788482, -0.03158713857864903, 5.981411248000585, -4.705592692792452, -4.516482414474521, -5.196969537513551, -4.8051474853117, 2.1849910173582368, 1.0538910490371638, 4.994362838819009, 1.7404061800288, 106.20959930395533, 390.6806302319212, -293.89985689987515, -8.996218877471227, 2.9269621174078897, 1.8493132967496355, 6.997543884892174, -9.579393606187237, -3.3659278626250555, -2.4702038716421573] 
[-2.786322832922126, -0.6495029546550395, -0.3855925037120915, 6.3354166131340275, -4.35158732765901, -4.870487779607964, -5.550974902646994, -5.1591528504451425, 1.8309856522247943, 1.4078964141706063, 5.348368203952451, 1.386353558322656, 106.20973433609909, 391.04056687179445, -294.2605743267093, -9.431999707747224, 3.363039266390211, 1.5016408240763461, 6.515725475358595, -9.08049407083249, -2.9355443384586697, -2.884207566459322] 
[-2.7218440194254097, -0.585024141158323, -0.450071317208808, 6.399895426630744, -4.416066141155726, -4.93496659310468, -5.486496089150277, -5.094674036948426, 1.7665068387280778, 1.4723752276673228, 5.283889390455735, 1.4415577808534632, 106.24321455275809, 391.01067271560487, -294.31738961921246, -9.357141990089762, 3.4269988307014323, 1.546116013400292, 6.440498446398902, -9.006481670098843, -2.9864466602884825, -2.9410111907874796] 
[-2.803921959176483, -0.6671020809093964, -0.36799337745773464, 6.481973366381817, -4.498144080906799, -5.017044532855754, -5.568574028901351, -5.176751976699499, 1.8485847784791511, 1.3902972879162494, 5.201811450704661, 1.2715433271180394, 106.50203556206117, 391.2727048699523, -294.4907103604218, -9.459880373460743, 3.303162445397438, 1.6476510589629185, 6.3522101228343155, -8.909845194847467, -2.8912595607170646, -3.0330528637771645] 
[-2.754369573691468, -0.6175496954243815, -0.3184409919727198, 6.531525751866832, -4.547696466391814, -4.967492147370739, -5.618126414386365, -5.226304362184514, 1.7990323929941363, 1.4398496734012642, 5.1522590652196465, 1.3565193601627215, 106.36593081785699, 391.15440657833983, -294.51016112031334, -9.391634559471482, 3.36556861679969, 1.6917478241805928, 6.398837941849859, -8.873092885209038, -2.945121224847521, -2.976669453100646] 
[-2.476770059293381, -0.3399501810262944, -0.040841477574632634, 6.809125266264919, -4.825295980789901, -4.689892632972652, -5.340526899988278, -4.948704847786427, 1.5214328785960491, 1.162250159003177, 4.874659550821559, 1.7554409412094387, 105.97186462429646, 391.1668772763701, -294.249618311664, -9.026586578042181, 3.7693083713372064, 1.3868900237394306, 6.70113913660705, -9.182940805369242, -2.7112776091003727, -2.7214070287021834] 
[-2.1960170209382195, -0.6207032193814559, 0.2399115607805289, 6.528372227909758, -4.54454294243474, -4.970645671327813, -5.62127993834344, -4.6679518094312655, 1.2406798402408876, 1.4430031973583386, 4.593906512466398, 2.402040523702659, 105.34284513438546, 391.27291902832667, -293.9559131260162, -8.734938778878035, 4.064381462069559, 1.6884079208601204, 6.411622048632801, -9.44825323624195, -2.457211857778171, -3.0003013735358808] 
[-2.290658407103871, -0.5260618332158042, 0.33455294694618054, 6.433730841744106, -4.6391843286003915, -4.8760042851621614, -5.715921324509091, -4.762593195596917, 1.3353212264065393, 1.348361811192687, 4.6885478986320495, 2.4883961222201925, 105.3554071839487, 391.1969473623611, -293.8784994903942, -8.659232436580906, 3.999349454202943, 1.6011603344666496, 6.539529576482108, -9.320407685951427, -2.55627781046747, -2.9018950623583577] 
[-1.995890698067198, -0.2312941241791311, 0.6293206559828537, 6.138963132707433, -4.933952037637065, -5.170771994198835, -5.421153615472418, -5.05736090463359, 1.0405535173698661, 1.0535941021560138, 4.393780189595376, 3.5543195704274413, 104.169440058669, 390.5634155689479, -293.76423728560957, -8.403674746140911, 3.762592610947023, 1.3224045809200478, 6.904481253807708, -8.957035288930753, -2.8455432560913483, -3.19509359480824] 
[-2.2634198641023016, -0.49882329021423466, 0.8968498220179573, 6.406492298742537, -4.666422871601961, -5.438301160233938, -5.153624449437315, -5.324890070668694, 0.7730243513347625, 1.3211232681911174, 4.126251023560273, 3.631278784329907, 104.38435070647776, 390.76784760903087, -293.90449479434443, -8.848745936367315, 3.338615069400481, 1.5850196376284535, 7.339952336780197, -8.511225347042812, -2.544844217670215, -2.968971025150413] 
[-2.22707679757845, -0.4624802236903829, 0.933192888541809, 6.442835365266388, -4.702765938125813, -5.47464422675779, -5.1899675159611665, -5.288547004144842, 0.8093674178586143, 1.2847802016672656, 4.1625940900841245, 3.7599049456370524, 104.24779642063731, 390.6981575801892, -293.91523550389866, -8.95397475638302, 3.2338809441027707, 1.5265485923425866, 7.271375376627292, -8.559427614152465, -2.491484427674025, -3.0257865005079547] 
[-2.445187053798046, -0.6805904799099789, 1.151303144761405, 6.660945621485984, -4.920876194345409, -5.692754482977386, -5.4080777721807625, -5.506657260364438, 1.0274776740782103, 1.5028904578868616, 4.3807043463037205, 2.9137212412866482, 105.1336064685292, 391.11605279952613, -293.83603052410723, -9.637962748388777, 2.5506220506558392, 1.165807469633507, 6.83795280181385, -8.915839879345617, -2.6985870122486273, -3.172267180537732] 
[-2.448968296134252, -0.6843717222461851, 1.1475219024251988, 6.664726863822191, -4.924657436681615, -5.68897324064118, -5.411859014516969, -5.502876018028232, 1.023696431742004, 1.5066717002230678, 4.376923103967514, 2.9061351150090986, 105.14123841564384, 391.11640203227415, -293.8320444026552, -9.638783911407183, 2.554376479552811, 1.1738437909993185, 6.846697676311367, -8.910206375888666, -2.702891362115701, -3.1677629824810567] 
[-2.420534684785375, -0.6559381108973081, 1.1190882910763218, 6.693160475171068, -4.953091048030492, -5.717406851990057, -5.440292625865846, -5.474442406679355, 1.052130043090881, 1.5351053115719449, 4.348489492618637, 2.884940785947875, 105.12660668578276, 391.13299400579547, -293.8456459585975, -9.516080547100826, 2.6803603022929536, 1.2437471798769553, 6.91749898378019, -8.864074505312816, -2.6767596901935375, -3.143795450297024] 
[-2.321514390688323, -0.5569178168002562, 1.2181085851733737, 6.7921807692681195, -4.85407075393344, -5.618386557893005, -5.539312919962898, -5.375422112582303, 1.151150337187933, 1.436085017474893, 4.447509786715689, 2.833425976314554, 105.03580468718974, 391.03931151924724, -293.8097160229717, -9.560219018310114, 2.751369652705049, 1.30463348058772, 6.815983598778072, -8.985571585181832, -2.5952650387359624, -3.059144752173316] 
[-2.144748743826886, -0.3801521699388193, 1.0413429383119368, 6.615415122406683, -4.677305107072003, -5.441620911031568, -5.716078566824335, -5.198656465720866, 1.32791598404937, 1.6128506643363298, 4.270744139854252, 2.8070174601174807, 104.79356920206982, 390.38204910466294, -294.45706125518285, -10.1220603817724, 2.2080165904394025, 1.5492607786892525, 7.129038570176272, -8.748388404306501, -2.7748146697307763, -2.863401120448488] 
[-2.064182362701361, -0.46071855106434434, 0.9607765571864118, 6.534848741281158, -4.757871488197528, -5.361054529906043, -5.6355121856988095, -5.118090084595341, 1.408482365174895, 1.693417045461855, 4.190177758728727, 2.3500036628990317, 105.27631202622761, 390.8320797880811, -294.034244433239, -10.3451819138435, 1.9854308424634253, 1.6204256771528374, 7.043476509705064, -8.842621580651521, -2.862786484122087, -2.7737995876219896] 
[-1.8363426556137679, -0.23287884397675107, 0.7329368500988185, 6.307009034193564, -4.985711195285122, -5.588894236993636, -5.863351892786403, -5.345929791682934, 1.6363220722624883, 1.9212567525494482, 4.4180174658163205, 2.506648773752318, 105.36655708730959, 390.71588115782305, -293.8925453887962, -10.887528903445803, 1.445768423419465, 1.7994463230222806, 6.8125015947339636, -9.0865715929496, -3.098742571901783, -2.527083019007433] 
[-2.167323143077704, 0.09810164348718509, 0.4019563626348823, 6.6379895216575004, -5.316691682749058, -5.2579137495297, -6.194332380250339, -5.014949304218998, 1.3053415847985521, 1.590276265085512, 4.087036978352384, 1.9947476737761698, 105.55925101446165, 391.6722722644852, -292.9449002859317, -12.093709919249301, 0.25657554924706316, 2.015560018911302, 7.204457025544506, -9.52023554565455, -2.6855822563206306, -2.8506914282073907] 
[-2.2443965937170685, 0.021028192847820648, 0.3248829119955179, 6.715062972296865, -5.239618232109693, -5.334987200169064, -6.1172589296109745, -4.937875853579634, 1.2282681341591877, 1.5132028144461476, 4.164110428991749, 1.547715804646876, 106.00860375744222, 391.5887033301539, -292.90036750430227, -12.104888084515318, 0.4009519347656243, 2.16392308740109, 7.30941629062912, -9.416603153734554, -2.752991117209068, -2.9174145916056786] 
[-1.5104472930530637, -0.7129211078161841, 1.0588322126595227, 5.98111367163286, -5.973567532773698, -6.068936500833069, -6.851208230274979, -5.671825154243638, 1.9622174348231924, 2.2471521151101523, 4.8980597296557535, 1.1519804321184564, 105.57577750865765, 392.240958786445, -293.20080361483355, -10.879987795687942, 1.604645400791955, 1.9384925742724377, 8.390699655757881, -8.325800156864094, -2.114592379188637, -2.295039041459252] 
[-1.287013340166057, -0.4894871549291775, 1.2822661655465293, 6.204547624519867, -5.7501335798866915, -6.292370453720076, -6.627774277387973, -5.895259107130645, 2.185651387710199, 2.470586067997159, 5.12149368254276, 0.21944760610797487, 106.51488494240287, 391.6438519857763, -293.76548198799526, -11.12994881417144, 1.23556217082768, 1.5014874856989888, 8.740488619742555, -7.991248413736895, -2.485386238654376, -2.4981076732726835] 
[-1.1667157281616927, -0.3691895429248131, 1.1619685535421649, 6.324845236524231, -5.629835967882327, -6.41266806572444, -6.507476665383608, -5.774961495126281, 2.0653537757058347, 2.3502884559927946, 5.241791294547125, 1.0278706169443212, 105.70272088212413, 391.82834362303936, -293.72544324458556, -11.375226886802452, 0.9903658547675326, 1.588469248589468, 8.852870973470548, -8.085143369140562, -2.568941115907029, -2.3658890788716596] 
[-1.2469362437629439, -0.2889690273235619, 1.0817480379409137, 6.24462472092298, -5.710056483483578, -6.492888581325691, -6.5876971809848595, -5.6947409795250294, 1.9851332601045835, 2.4305089715940458, 5.161570778945873, 1.062639511259131, 105.75572501629071, 391.7822759526949, -293.68200275477926, -11.176799528192046, 1.1856968588681331, 1.6323864106074477, 8.93994838389628, -8.153169933451554, -2.627780889065872, -2.2756367678507137] 
[-1.4109872728416892, -0.12491799824481653, 1.245799067019659, 6.408675750001725, -5.874107512562324, -6.328837552246946, -6.423646151906114, -5.530689950446284, 2.149184289183329, 2.2664579425153004, 4.997519749867128, -0.5472355327308911, 107.3468021164179, 392.6244865015073, -292.7998044770047, -11.57217933431758, 0.7745482665037631, 1.857428422466694, 8.971157184340042, -7.787532161184765, -2.988747983674782, -2.3985040947215306] 
[-1.2579552212520877, -0.27795004983441807, 1.0927670154300575, 6.255643698412124, -6.027139564151925, -6.4818696038365475, -6.576678203495716, -5.683722002035886, 2.3022163407729304, 2.419489994104902, 5.1505518014567295, -0.4720344814300175, 107.42625678367435, 392.61075612927965, -292.64993990933107, -11.309240998509265, 1.0394004062915072, 1.6605232623942403, 9.293347273810241, -8.190437833304943, -2.6551677204857103, -2.590911517753532] 
[-1.1859585920432725, -0.20595342062560285, 1.1647636446388727, 6.327640327620939, -6.09913619336074, -6.553866233045363, -6.648674832704531, -5.61172537282707, 2.230219711564115, 2.491486623313717, 5.078555172247914, -0.546199387832074, 107.58600562783326, 392.09861668732265, -293.1583595217847, -11.365450187041004, 1.077906898739155, 1.7674283050226052, 9.114207767160787, -7.962814940412095, -2.852531912941391, -2.481947030819251] 
[-1.5875785938512461, -0.6075734224335765, 0.7631436428308991, 5.926020325812965, -6.500756195168714, -6.152246231237389, -6.247054830896557, -6.013345374635044, 2.6318397133720888, 2.0898666215057435, 4.676935170439941, -5.024091359457843, 112.07889646312586, 391.15518490202646, -293.6098081980996, -11.684050893011364, 1.5933607045091813, 1.0751393928446467, 9.722895242644814, -8.020137078832049, -2.360684303572707, -2.9488696102334524] 
[-1.9064728798742632, -0.2886791364105594, 0.444249356807882, 6.244914611835982, -6.181861909145697, -6.471140517260406, -5.92816054487354, -6.332239660658061, 2.3129454273490717, 1.7709723354827265, 4.995829456462958, -4.851006561951495, 112.25651361455299, 391.2724206242549, -293.99140418848935, -11.177228716259135, 1.1256040863276504, 0.7043339594290416, 9.94547485302894, -7.6609835482307425, -2.755088666871217, -2.6405708115533475] 
[-1.9935717521874867, -0.20158026409733587, 0.35715048449465847, 6.157815739522759, -6.0947630368324734, -6.55823938957363, -5.841061672560317, -6.2451407883448375, 2.225846555035848, 1.85807120779595, 4.908730584149734, -4.829444166431568, 112.13646155257798, 391.1137357685102, -294.14059378535836, -11.271466168893431, 1.0020716648011456, 0.8596766007857224, 10.082428120002477, -7.76170896411938, -2.632919867821201, -2.750300324878759] 
[-2.24512168708541, -0.4531301989952592, 0.6087004193925818, 6.409365674420682, -6.346312971730397, -6.306689454675706, -6.09261160745824, -5.993590853446914, 1.9742966201379248, 2.1096211426938734, 5.1602805190476575, -5.09678993308885, 112.15414039429017, 391.5081861743347, -293.7241024603214, -11.539910716718737, 1.1755886602478327, 0.9841720517905155, 9.875338895131764, -7.438617185492956, -2.932231827242476, -2.9677365326311915] 
[-2.0077174002024396, -0.6905344858782296, 0.37129613250961135, 6.171961387537712, -6.583717258613367, -6.069285167792736, -6.33001589434121, -6.230995140329885, 2.2117009070208953, 1.872216855810903, 4.922876232164687, -5.811853093472619, 112.83427762410373, 391.2430542860036, -294.0775168747376, -11.353477749609748, 1.4082432744642013, 0.6839244010865715, 9.55858897436961, -7.21285200285325, -2.829391878879232, -2.7453413837249796] 
[-1.9758463830141597, -0.6586634686899497, 0.33942511532133146, 6.203832404725992, -6.551846241425087, -6.037414150604456, -6.2981448771529305, -6.262866157518165, 2.243571924209175, 1.9040878729991828, 4.954747249352967, -5.785545865977666, 112.84224312462433, 391.2210353086124, -294.0492717481783, -11.378730154570393, 1.3755153405849232, 0.6438483843835583, 9.593095502053021, -7.2386779472132154, -2.859354097507066, -2.709896018807014] 
[-2.117825649340686, -0.800642735016476, 0.19744584899480522, 6.345811671052518, -6.409866975098561, -6.179393416930982, -6.156165610826404, -6.404845423844691, 2.3855511905357014, 1.7621086066726566, 5.096726515679493, -6.277639305671547, 113.32394953466978, 391.14216931951705, -294.22621323209637, -11.180821481458118, 1.2072810143593617, 0.748469884105718, 9.448221425763617, -7.129898905165308, -2.7224016801677737, -2.871229917076626] 
[-2.4428407586495258, -0.47562762570763617, 0.522460958303645, 6.020796561743678, -6.084851865789721, -5.8543783076221425, -6.481180720135244, -6.729860533153531, 2.0605360812268616, 1.4370934973638168, 5.421741624988333, -6.60870820661658, 113.33413005152048, 391.51999580542326, -293.86612523922014, -11.45069438616636, 0.9423972282269142, 1.0062960845329347, 9.126912003240516, -7.455746734755271, -2.933306908218216, -3.1397609977491885] 
[-2.648241689327401, -0.6810285563855114, 0.7278618889815203, 5.815395631065803, -6.2902527964675965, -5.648977376944267, -6.275779789457369, -6.935261463831406, 2.265937011904737, 1.2316925666859415, 5.216340694310458, -7.177443955345832, 113.96948186783338, 391.8646497564165, -293.9916427787442, -11.143126851681082, 1.372906568443002, 1.4363490874638765, 8.80096193362591, -7.7125539426927165, -2.8057622643808955, -2.9730895935044113] 
[-2.7527700485888023, -0.7855569156469127, 0.8323902482429215, 5.710867271804402, -6.394781155728998, -5.544449017682866, -6.171251430195968, -6.830733104570005, 2.370465371166138, 1.1271642074245403, 5.1118123350490565, -7.29944685292611, 114.01697524303606, 392.1234241170466, -293.6999193624038, -11.344562403315068, 1.1171418524370584, 1.1793740071561403, 8.610318791054514, -7.930984559133007, -3.0018083377794404, -2.811379539175638] 
[-2.9263652067780317, -0.6119617574576832, 1.005985406432151, 5.884462429993631, -6.221185997539768, -5.7180441758720955, -6.344846588385197, -6.657137946380775, 2.5440605293553675, 0.9535690492353108, 4.938217176859827, -7.20398195421326, 114.30848318322705, 392.4491866915377, -293.6458683410995, -11.577705178329667, 1.6945725792377417, 1.7623991246239603, 8.971283001193738, -7.536746776800263, -2.6622511870775347, -3.0705039935003127] 
[-2.7304882525220595, -0.8078387117136554, 1.2018623606881231, 6.080339384249603, -6.025309043283796, -5.522167221616123, -6.148969634129225, -6.461260992124803, 2.7399374836113397, 0.7576920949793386, 5.134094131115799, -6.919027434998714, 113.79891987019899, 391.57077068849713, -294.47684600198755, -11.214140800956496, 1.5978261659041115, 1.9153523478063672, 8.791911136668494, -7.457408286714505, -2.868345185468164, -2.8435152897028932] 
[-2.82815603865499, -0.9055064978465861, 1.1041945745551924, 5.9826715981166725, -6.122976829416727, -5.424499435483193, -6.051301847996294, -6.558928778257734, 2.642269697478409, 0.8553598811122693, 5.23176191724873, -6.7760260007085105, 113.63476484463204, 391.4577895425545, -294.4389754626436, -11.378317740146358, 1.244851553017479, 1.573963667047566, 8.68228080300584, -7.329945721565964, -2.698369561560316, -2.98519219755991] 
[-2.5522357194826046, -0.6295861786742005, 0.8282742553828069, 5.706751278944287, -5.847056510244341, -5.700419754655578, -5.7753815288239085, -6.834849097430119, 2.9181900166507946, 0.5794395619398838, 5.5076822364211155, -6.949226897137209, 113.09506778881281, 390.57639808099634, -295.24371179029123, -10.886285519322488, 2.35289372357526, 2.65074492994511, 8.64763146558791, -6.961611003154739, -2.365917074785533, -2.818614546206773] 
[-2.362331031352708, -0.43968149054430405, 1.0181789435127033, 5.896655967074183, -5.657151822114445, -5.510515066525682, -5.965286216953805, -6.644944409300223, 2.728285328520898, 0.7693442500697802, 5.317777548291219, -6.79077454554191, 113.16507721108655, 390.42922221388915, -295.20453819852906, -10.655021181959231, 2.5370061939315636, 2.480557883013758, 8.472565619516285, -6.7966171317761574, -2.028506719264597, -3.1371655753003673] 
[-2.2501227836687274, -0.3274732428603233, 1.130387191196684, 6.008864214758164, -5.544943574430464, -5.622723314209662, -5.853077969269824, -6.532736161616242, 2.6160770808369174, 0.881552497753761, 5.205569300607238, -7.202931544448346, 113.63675894543817, 391.04182587573547, -294.60819196899166, -10.948881199065431, 2.3156373522475255, 2.4899279083466226, 8.549521502292995, -6.917488696995362, -2.148411605064139, -3.205901723011477] 
[-2.0825501137486757, -0.1599005729402716, 1.2979598611167358, 6.176436884678216, -5.712516244350516, -5.455150644289611, -6.020650639189876, -6.36516349169619, 2.4485044109168657, 0.7139798278337093, 5.037996630687187, -7.2659081225118625, 113.49477044902258, 390.80029852949144, -294.68305401052436, -10.44196494927531, 2.9664455080057572, 3.032802452717958, 8.884498432322449, -6.947450125122709, -1.9136917099534134, -3.4476597222571472] 
[-1.9237330748840886, -0.3187176118048587, 1.1391428222521487, 6.017619845813629, -5.871333283215103, -5.296333605425024, -6.179467678054463, -6.206346452831603, 2.2896873720522786, 0.5551627889691222, 5.196813669551774, -8.221009705368104, 114.41986040319627, 388.14235374759454, -297.34731694276195, -10.73772286791071, 2.4122766425463875, 2.5518590293316534, 8.9395005935157, -7.270953867235656, -2.2628531690383737, -3.232577237677335] 
[-2.1668153091808637, -0.5617998461016338, 1.3822250565489238, 5.774537611516854, -6.114415517511878, -5.539415839721799, -5.936385443757688, -6.449428687128378, 2.0466051377555035, 0.3120805546723471, 4.953731435254999, -10.564977612498831, 116.77748180227621, 388.71215586283625, -297.0831249013254, -11.065982564354988, 2.1371370309155804, 2.6016325264346754, 9.219127956754345, -7.941437803169797, -2.911100743502022, -3.3708709984419944] 
[-1.8890251556258466, -0.2840096925466167, 1.660015210103941, 5.4967474579618365, -6.392205671066895, -5.261625686166782, -6.214175597312705, -6.171638533573361, 1.7688149842004863, 0.5898707082273642, 4.6759412816999815, -9.619605797558625, 115.82430629505915, 388.47544401168375, -296.9529561434419, -11.335389638150794, 2.323286534666386, 2.5019776057297016, 9.467572191711753, -8.008248262390442, -2.67945253433897, -3.6564478363074064] 
[-1.519641159453771, -0.6533936887186922, 2.0293992062760164, 5.127363461789761, -6.761589667238971, -5.631009682338857, -6.583559593484781, -6.541022529745437, 2.138198980372562, 0.9592547043994397, 4.306557285527906, -9.434573044912796, 116.02650299841406, 388.28152201315544, -296.6908187753767, -10.956987569325548, 2.508136997953097, 2.301761189048859, 9.825755554173217, -7.823403730248523, -2.8976966799219452, -3.287934109218719] 
[-1.4324591092382004, -0.7405757389342629, 1.9422171560604458, 5.04018141157419, -6.6744076170234, -5.718191732554428, -6.670741643700351, -6.453840479529866, 2.2253810305881325, 0.872072654183869, 4.393739335743477, -9.857329422105634, 116.44968074386865, 388.3364270647899, -296.8235499364513, -11.127462078194197, 2.749183948574327, 2.551866520250041, 9.654820737718264, -8.028769872031782, -3.1023440629032075, -3.410667517626256] 
[-1.3577915038306312, -0.6659081335266936, 1.8675495506528765, 4.965513806166621, -6.599740011615831, -5.643524127146859, -6.7454092491079205, -6.528508084937435, 2.3000486359957018, 0.9467402595914383, 4.319071730335907, -9.574269249070792, 116.16461333582079, 388.2335316435257, -296.90755885263746, -11.08514463276017, 2.8038140595245133, 2.5177154336758, 9.60560126581061, -7.875150777356998, -2.935973047533516, -3.31170302846097] 
[-1.572445992025811, -0.4512536453315139, 1.6528950624576968, 5.180168294361801, -6.385085523420651, -5.858178615342038, -6.9600637373031, -6.3138535967422555, 2.085394147800522, 1.161394747786618, 4.104417242140728, -9.433049071032391, 116.26015820711392, 387.9567471629289, -297.25685107722984, -11.39184965335609, 2.773108127216024, 2.84222486601568, 9.244153959145438, -8.111037956586255, -2.86234366936589, -3.511098984197985] 
[-1.736356501799202, -0.615164155104905, 1.4889845526843057, 5.344078804135192, -6.22117501364726, -6.022089125115429, -6.796153227529709, -6.1499430869688645, 1.921483638027131, 1.325305257560009, 4.268327751914119, -11.07054871776487, 117.89766163736743, 387.8349035936395, -297.15258997774976, -11.53433626871645, 2.4421004350428617, 2.301024435529172, 9.720070289656997, -7.828755492291811, -2.536735057954445, -3.263212587584081] 
[-1.5202440866142641, -0.3990517399199671, 1.7050969678692436, 5.56019121932013, -6.005062598462322, -6.238201540300367, -7.012265642714647, -5.933830671783927, 2.137596053212069, 1.541417672744947, 4.484440167099057, -10.958467852127377, 118.02681129516328, 388.26202336686094, -296.7156681915885, -11.770071166249993, 2.7005599665081843, 2.526793554910477, 9.822985709436631, -7.650171236269816, -2.6845382284672086, -3.0682603781593216] 
[-1.5539282321861396, -0.36536759434809163, 1.738781113441119, 5.526507073748254, -6.0387467440341975, -6.204517394728492, -6.9785814971427715, -5.967514817355802, 2.1039119076401933, 1.5077335271730714, 4.450756021527181, -10.53426813811499, 117.60245442484074, 388.1472286294993, -296.83250168795524, -11.82348642338459, 2.6530126544699515, 2.437551473140299, 9.909382355345265, -7.627617339350787, -2.6539645557818137, -3.09823642216687] 
[-1.5706463215777884, -0.3820856837397404, 1.7554992028327678, 5.5097889843566055, -6.055464833425846, -6.2212354841201405, -6.99529958653442, -5.950796727964153, 2.0871938182485446, 1.5244516165647202, 4.46747411091883, -10.542971431602147, 117.59387198290524, 388.1551613832406, -296.8456097233859, -11.838763887235423, 2.6695463426952037, 2.48017975625385, 9.868301435261529, -7.640155257498022, -2.669401917552486, -3.0835436182371003] 
[-1.7654595433177906, -0.18727246199973813, 1.95031242457277, 5.704602206096608, -6.250278055165849, -6.416048705860143, -7.190112808274423, -6.145609949704156, 2.282007039988547, 1.7192648383047224, 4.272660889178828, -10.441884604520746, 117.69488233691654, 387.61830207608597, -297.36969886963954, -11.669896074640139, 2.9148926739647716, 2.990675646667312, 9.374402719217748, -7.7682953736372955, -2.5003489496219173, -3.2581392878469724] 
[-1.7483594987810225, -0.2043725065365063, 1.933212380036002, 5.721702250633376, -6.23317801062908, -6.433148750396911, -7.173012763737654, -6.1285099051673875, 2.299107084525315, 1.7021647937679543, 4.255560844642059, -10.434862312414584, 117.66985809664973, 387.7048698005699, -297.2792175185, -11.634150098646787, 2.9268122171698314, 3.066140019468233, 9.29767052027696, -7.745165584632629, -2.516539941033296, -3.2454887719062273] 
[-1.5024838330886308, -0.450248172228898, 2.1790880457283937, 5.475826584940984, -6.479053676321472, -6.187273084704519, -6.927137098045263, -6.374385570859779, 2.5449827502177067, 1.948040459460346, 4.501436510334451, -10.314974651837465, 117.80057914729252, 387.6740068222044, -296.9996418915031, -11.328532111666556, 3.0949188440859725, 4.030130166925854, 8.33082321993647, -7.911930394908181, -2.6893836834373155, -3.0499232864967727] 
[-1.5032692055676957, -0.451033544707963, 2.1798734182074586, 5.476611957420049, -6.479839048800537, -6.186487712225454, -6.926351725566198, -6.373600198380714, 2.5441973777386417, 1.948825831939411, 4.500651137855386, -10.307302562053483, 117.79291223917038, 387.67458623631785, -296.99979028638154, -11.327690100099224, 3.0940473171852463, 4.030484613290066, 8.331437309223816, -7.911272257084281, -2.68858681283339, -3.0490095876907684] 
[-1.5952970077370363, -0.5430613468773036, 2.271901220376799, 5.56863975958939, -6.571866850969878, -6.094459910056114, -6.834323923396857, -6.281572396211374, 2.452169575569301, 2.0408536341087515, 4.408623335686046, -10.362741594708673, 117.75216505175094, 387.76368994106156, -297.0041726201031, -11.223674112696791, 2.9917733547680765, 4.079998355889613, 8.389915741193734, -7.980137049597344, -2.7837187627694773, -3.15640042328553] 
[-1.4208970700791017, -0.7174612845352382, 2.0975012827188646, 5.743039697247324, -6.397466913311943, -5.920059972398179, -6.6599239857389225, -6.455972333869308, 2.6265695132272358, 1.866453696450817, 4.234223398028111, -10.269371121220763, 117.84683960209014, 387.740674384033, -296.69626937666794, -10.86613126644815, 2.715395898792712, 3.9073463476407118, 8.304191785718032, -7.85835456088195, -2.600773271266976, -2.9443559199958353] 
[-1.3317739089820204, -0.8065844456323195, 2.186624443815946, 5.832162858344406, -6.308343752214862, -5.830936811301098, -6.749047146836004, -6.5450954949663895, 2.5374463521301545, 1.7773305353537356, 4.14510023693103, -10.212669787042548, 117.89035720333264, 387.672568834645, -296.66249057229584, -10.933487432892484, 2.5721938488135, 3.7237722797868997, 8.444287748663418, -7.9389846962278225, -2.522975368836275, -3.003675841661226] 
[-1.0464430884691271, -0.5212536251194262, 2.471955264328839, 6.117493678857299, -6.0230129317019685, -6.116267631813991, -6.4637163263231106, -6.830426315479283, 2.8227771726430477, 1.4919997148408424, 3.8597694164181364, -10.36466846197001, 117.69203348505421, 387.5188044703836, -296.3651722864314, -10.575303176138755, 2.669547393523898, 3.260835504131895, 8.996753631829199, -7.484791068617805, -3.088941673234248, -3.533974803999573] 
[-1.0700451399909294, -0.5448556766412285, 2.4955573158506414, 6.141095730379101, -6.046614983223771, -6.139869683335793, -6.487318377844913, -6.8068242639574805, 2.7991751211212454, 1.46839766331904, 3.8833714679399387, -10.347497888979857, 117.70060095259188, 387.50783156503564, -296.3445384463916, -10.552438400253092, 2.656294792122651, 3.2901418845247585, 8.945182886859378, -7.533214113903104, -3.0772364891741892, -3.5492329089873946] 
[-1.3570471180991373, -0.25785369853302065, 2.7825592939588493, 5.854093752270893, -5.759613005115563, -5.8528677052275855, -6.774320355953121, -6.519822285849273, 3.0861770992294533, 1.755399641427248, 4.1703734460481465, -11.536306033437617, 118.90268501440332, 387.62478039388793, -296.0205623520042, -10.758312420098989, 2.854505749995487, 2.984795498531245, 9.205860269368964, -7.705320897171427, -3.2567625855942115, -3.3862527018739845] 
[-1.0574842967504967, 0.04170912281561989, 2.4829964726102087, 6.153656573619534, -5.460050183766922, -5.553304883878945, -6.47475753460448, -6.220259464500632, 3.385739920578094, 2.0549624627758885, 4.469936267396787, -17.224386682513323, 124.60521625147365, 388.1797411287463, -296.12867359767966, -10.699038771065661, 2.36123794893716, 2.2998749541743413, 9.75355439292082, -7.885862511645557, -3.861159000117306, -3.9918336968737966] 
[-0.8452258281535538, -0.17054934578132297, 2.270738004013266, 5.941398105022591, -5.672308652363865, -5.765563352475888, -6.262499066007537, -6.008000995903689, 3.5979983891750367, 1.8427039941789456, 4.257677798799844, -15.576862066514469, 122.95617736163592, 388.3546417387413, -296.2343241681513, -10.691027008681925, 1.9978726628717303, 1.9506055901983936, 9.579062131059024, -7.690606598304998, -4.105650609276996, -4.254503451733369] 
[-0.676091991492088, -0.33968318244278883, 2.4398718406747317, 5.772264268361125, -5.841442489025331, -5.596429515814422, -6.093365229346071, -5.838867159242223, 3.7671322258365025, 1.6735701575174797, 4.088543962138378, -15.736944238247975, 122.94390003890823, 388.8899160162723, -295.7175111638329, -10.87457757860241, 1.7725374215669194, 2.0246272346883654, 9.359530565152134, -7.478688265585939, -4.200024301233068, -4.121209211965862] 
[-0.6932995759993315, -0.32247559793554537, 2.457079425181975, 5.755056683853882, -5.824234904518088, -5.613637100321665, -6.110572813853315, -5.856074743749467, 3.784339810343746, 1.6563625730102363, 4.071336377631135, -15.78132863669784, 122.9899628792372, 388.903361075861, -295.6769972785204, -10.826686748747075, 1.8315067973425334, 2.0742847824085935, 9.353895311904745, -7.493388631255291, -4.189351512573976, -4.133389387891502] 
[-0.2548545359928003, 0.1159694420709858, 2.8955244651885064, 6.193501723860413, -6.262679944524619, -6.052082140328197, -6.549017853859846, -6.294519783755998, 4.222784850350277, 2.0948076130167674, 4.509781417637666, -15.966301116659038, 122.571785459373, 388.4169704792877, -295.6171050412318, -11.188415815560917, 2.017330631254734, 1.8114140758473427, 9.955291911784157, -8.090881226632646, -3.3871641874768166, -3.3123406540964706] 
[0.014716769867566981, -0.15360186378938145, 2.625953159328139, 6.46307302972078, -5.993108638664252, -5.782510834467829, -6.279446547999479, -6.024948477895631, 3.95321354448991, 1.8252363071564002, 4.240210111777299, -15.615738053818024, 122.24835051861484, 388.10461778754075, -295.9403889784425, -10.94017161673395, 2.3568528131084507, 2.105658753372758, 10.15218247241259, -7.592902647811252, -2.8721681312972325, -3.000573990026159] 
[-0.38105856280095374, 0.24217346887913926, 3.02172849199666, 6.858848362389301, -5.597333305995731, -6.17828616713635, -5.883671215330958, -6.4207238105641515, 4.348988877158431, 1.4294609744878795, 4.6359854444458195, -16.01703840761954, 121.86844057045947, 388.26767539337925, -296.32033571731154, -10.522177258188943, 2.2173013738387395, 2.4383697692739754, 10.506556122764607, -7.351369587963517, -3.393037869157245, -3.554167259509794] 
[-0.6092883117750194, 0.013943719905073593, 2.793498743022594, 6.630618613415235, -5.369103557021665, -6.406515916110416, -6.111900964305024, -6.648953559538217, 4.120759128184365, 1.6576907234619451, 4.864215193419885, -16.207351966434352, 121.76342435541684, 388.02108223824683, -296.7472638822048, -10.104539283394711, 2.2378124565514312, 2.8146136424544057, 10.888838998180503, -7.131216698780643, -3.1995118599976546, -3.7771987027500638] 
[-0.7705955463757856, 0.17525095450583983, 2.9548059776233604, 6.791925848016001, -5.530410791622431, -6.567823150711182, -6.27320819890579, -6.810260794138983, 4.282066362785131, 1.8189979580627114, 4.702907958819119, -16.586648436395684, 122.14437233886652, 387.77950795543376, -296.9847874207267, -10.110962765949035, 2.384587693823348, 2.9468315462970627, 10.773451065810995, -7.003855867544453, -3.3669893030906244, -3.601817918883008] 
[-0.9548981578748883, -0.009051656993262824, 2.7705033661242577, 6.607623236516899, -5.346108180123329, -6.383520539212079, -6.088905587406687, -6.625958182639881, 4.0977637512860285, 1.6346953465636087, 4.887210570318222, -16.661163564104985, 121.98430737509159, 387.9981141575394, -296.89319171358284, -9.745590967877499, 2.756384136431127, 3.0536350496957696, 10.615243534961735, -6.883703268921343, -3.527402621092481, -3.4181303130353324] 
[-1.016410297272257, -0.0705637963906316, 2.8320155055216265, 6.54611109711953, -5.4076203195206975, -6.3220083998147105, -6.0273934480093185, -6.68747032203725, 4.03625161188866, 1.57318320716624, 4.94872270971559, -16.627799791757838, 122.01879356296322, 388.04044387450983, -296.9494924789909, -9.692512162404343, 2.7322543712361766, 3.104407324946111, 10.548116980544515, -6.961528959425757, -3.599619191867062, -3.3493897378236133] 
[-0.664129608790029, 0.28171689209159645, 2.4797348170393985, 6.193830408637302, -5.759901008002926, -6.674289088296939, -5.6751127595270905, -7.039751010519478, 4.388532300370888, 1.220902518684012, 4.596442021233362, -16.854278603972006, 121.8704611760167, 388.37621341533617, -296.9878884086752, -11.050578716524745, 1.3666220723679479, 3.3988806092937156, 10.158099020390223, -7.4074004390100425, -4.013157473912355, -2.9365171075773917] 
[-0.6949865382380711, 0.25085996264355437, 2.4488778875913564, 6.224687338085344, -5.790757937450968, -6.705146017744981, -5.705969688975133, -7.07060793996752, 4.357675370922846, 1.251759448132054, 4.56558509178532, -16.84873366751361, 121.91321241571595, 388.28832692388534, -297.07232149168595, -11.081719838219838, 1.3771926285546237, 3.4208606852215713, 10.142445189835362, -7.369687835440967, -4.0540428184263755, -2.9687880152389146] 
[-0.6012729686991616, 0.3445735321824639, 2.355164318052447, 6.1309737685464345, -5.697044367912058, -6.611432448206071, -5.799683258514042, -7.164321509506429, 4.451388940461755, 1.1580458785931445, 4.65929866132423, -16.602091174123345, 121.66668444129427, 388.2870621850866, -296.98119335059954, -11.127233526691612, 1.4807486357780446, 3.3235166878375915, 10.221257315486973, -7.276118058468608, -3.975045588301839, -2.8712635000989093] 
[-0.6079964212938744, 0.35129698477717675, 2.3618877706471597, 6.124250315951722, -5.703767820506771, -6.618155900800784, -5.792959805919329, -7.171044962101142, 4.444665487867042, 1.1513224259984316, 4.666022113918943, -16.586351623705518, 121.64975092600619, 388.2963611092755, -296.9823419949988, -11.13338380448304, 1.4820541085199945, 3.3329151336240948, 10.231919500856822, -7.268701700674729, -3.970234477743119, -2.877926605006105] 
[-0.4869380032668449, 0.4723554028042063, 2.4829461886741893, 6.003191897924692, -5.8248262385338005, -6.7392143188278135, -5.914018223946359, -7.0499865440741125, 4.323607069840013, 1.2723808440254611, 4.787080531945972, -16.525400852288207, 121.76182142363442, 388.17835413031577, -296.9431261082092, -11.185671144895142, 1.6095109848637033, 3.196543266282111, 10.28757910862634, -7.4185662569236035, -3.813365496963406, -2.997228352978723] 
[-0.39656415210628815, 0.38198155164364955, 2.3925723375136325, 6.093565749085249, -5.734452387373244, -6.82958816998837, -6.0043920751069155, -7.140360395234669, 4.41398092100057, 1.1820069928649044, 4.696706680785415, -16.5684599372139, 121.6482707358665, 388.30766247262716, -296.9377301639704, -11.042610275810045, 1.7447413201457507, 3.2230489074028266, 10.227313409285053, -7.321029700169956, -3.925374251765285, -2.903826208811094] 
[-0.2648305146370884, 0.5137151891128493, 2.2608387000444328, 6.225299386554449, -5.866186024842444, -6.6978545325191705, -5.872658437637716, -7.0086267577654695, 4.28224728353137, 1.3137406303341042, 4.564973043316216, -16.820885511700926, 121.98501016427049, 387.85281791426223, -297.3217906434578, -10.788614405047822, 2.127434024461811, 2.8950619313295123, 10.011958350815403, -7.47612812318846, -4.020888025884308, -3.0359673378080188] 
[-0.3259457675951669, 0.4525999361547708, 2.3219539530025113, 6.16418413359637, -5.805070771884365, -6.758969785477249, -5.811543184679637, -6.947511504807391, 4.343362536489448, 1.3748558832921827, 4.626088296274294, -16.78975027164909, 122.11652404738196, 387.5961354879248, -297.5542288701291, -10.765000736502198, 2.0472472146281824, 2.9774004024435556, 9.990515120974244, -7.408446887442022, -4.090328173499434, -2.9789655436676363] 
[-0.3637037834507648, 0.4903579520103687, 2.359711968858109, 6.201942149451968, -5.767312756028767, -6.796727801332847, -5.773785168824039, -6.985269520662989, 4.381120552345046, 1.4126138991477806, 4.588330280418696, -16.820568633911435, 122.09242505628389, 387.57921383919063, -297.53274350152617, -10.837681377424008, 1.957448472531882, 3.039575133363076, 9.964995487600893, -7.4464705233918425, -4.123832732099844, -3.0177453066736355] 
[-0.2755206523570646, 0.40217482091666845, 2.4478950999518094, 6.113759018358268, -5.855495887122467, -6.884910932426547, -5.86196829991774, -7.073452651756689, 4.4693036834387465, 1.5007970302414808, 4.500147149324996, -16.71289253262597, 122.03030983228696, 387.3875526071366, -297.7310816446494, -10.666275222470388, 2.1749823162491255, 2.889615740962222, 10.024758388454385, -7.336254682921829, -4.2211998112878115, -2.9334318659786023] 
[-0.15140036530971024, 0.2780545338693141, 2.323774812904455, 5.989638731310913, -5.979616174169822, -7.0090312194739015, -5.737848012870385, -6.949332364709335, 4.345183396391392, 1.6249173172888352, 4.62426743637235, -16.817555140240938, 121.95258537858052, 387.3178222671037, -297.6761102301601, -10.909635661412066, 1.8019369568964585, 3.244694105427195, 10.259211423009512, -7.168913958484907, -4.359946553433948, -3.0645698811895574] 
[-0.03940806756506454, 0.3900468316139598, 2.2117825151598094, 6.101631029055559, -5.867623876425176, -7.121023517218547, -5.62585571512574, -7.0613246624539805, 4.2331910986467465, 1.7369096150334808, 4.512275138627705, -16.732022925379447, 122.1350313147573, 386.8712672887128, -298.12385018917354, -11.099418703750603, 1.8334713502140856, 3.3182642449774526, 10.189232044172591, -7.065722689227749, -4.2472792712164065, -3.1730076150169295] 
[0.26874025739654606, 0.6981951565755704, 2.51993084012142, 6.40977935401717, -6.175772201386787, -6.812875192256937, -5.317707390164129, -7.369472987415591, 4.541339423608357, 1.4287612900718702, 4.820423463589315, -17.026195321695994, 121.75148547332446, 387.25030781863427, -298.14613475691897, -11.003279392514909, 1.043731962613552, 4.2604294982287625, 10.906809747377634, -6.538385682359269, -3.9091140298158624, -3.4505892408126466] 
[0.5204047198615296, 0.9498596190405539, 2.2682663776564365, 6.158114891552186, -5.924107738921803, -7.06453965472192, -5.066042927699145, -7.117808524950608, 4.793003886073341, 1.6804257525368538, 4.568759001124332, -16.812789064558903, 121.5633800917049, 387.21030281654816, -297.8820014627294, -11.298963391422808, 0.8577729212016632, 3.9356387639648496, 10.524746061106816, -6.807278419504304, -4.147959316911065, -3.1945852699399424] 
[0.5213443665288455, 0.948919972373238, 2.2692060243237524, 6.15717524488487, -5.925047385589119, -7.063600008054604, -5.066982574366461, -7.1187481716179235, 4.792064239406025, 1.6794861058695378, 4.567819354457016, -16.811437546833083, 121.56480383311967, 387.2100973659866, -297.88313111203746, -11.300284553393288, 0.8565740022791425, 3.93534198761174, 10.525571420091147, -6.808170303141154, -4.147074096887622, -3.195535058800473] 
[0.7004579431450377, 0.7698063957570458, 2.4483196009399446, 5.978061668268678, -5.745933808972927, -6.884486431438412, -4.887868997750269, -6.939634595001731, 4.6129506627898325, 1.85859968248573, 4.746932931073208, -16.553297953499815, 121.83717348997286, 387.1695873780878, -298.10044262882144, -11.5680747929295, 0.5642872092351452, 4.14075912789562, 10.434815729156918, -6.639152119922183, -4.31190844770554, -3.372769731948492] 
[0.30905088007176396, 0.378399332683772, 2.8397266640132184, 5.586654605195404, -5.354526745899653, -6.493079368365138, -4.496461934676995, -6.5482275319284575, 4.221543599716559, 1.4671926194124563, 4.355525867999934, -16.40917144713278, 121.30289290740207, 387.68164842156557, -298.3243966907605, -11.853522284808696, 0.9379768596943332, 2.9954282838846424, 9.31194444432366, -6.1477338694890316, -3.811831689903288, -2.9830067366223303] 
[0.5734171049964285, 0.11403310775910747, 2.575360439088554, 5.851020830120069, -5.618892970824318, -6.228713143440474, -4.232095709752331, -6.812593756853122, 4.485909824641223, 1.2028263944877917, 4.619892092924599, -16.051485784287266, 121.63306607576811, 387.78666840965553, -298.5527959554085, -11.816148071425834, 0.6996277094494516, 3.128677242113504, 9.176643717248698, -6.382562068116091, -4.106737551833691, -3.295673956561038] 
[0.8074737932853413, -0.12002358052980533, 2.8094171273774666, 5.616964141831156, -5.85294965911323, -6.4627698317293865, -3.998039021463418, -7.046650445142035, 4.25185313635231, 1.4368830827767045, 4.385835404635686, -15.524769013552552, 122.17605249261788, 387.47627628308913, -298.62001861693153, -12.358929134041514, 0.1808075346965553, 2.1872483246429284, 8.23770477053687, -6.662527993691278, -3.7923890482150315, -3.52364736798516] 
[0.6553005773347618, 0.0321496354207742, 2.961590343328046, 5.4647909258805765, -5.700776443162651, -6.614943047679966, -4.150212237413998, -6.894477229191455, 4.40402635230289, 1.589056298727284, 4.5380086205862655, -15.467092541334198, 122.04432124517226, 387.20877995582117, -299.0326128081054, -12.72115032341319, 0.20881720413527466, 2.1185866252530885, 8.387660320632, -6.8346798621227824, -3.9105456714987565, -3.3881682163792908] 
[0.21313372250347307, 0.4743164902520629, 3.403757198159335, 5.022624071049288, -6.14294329799394, -7.057109902511255, -4.592379092245286, -7.336644084022744, 3.9618594974716013, 2.0312231535585727, 4.095841765754977, -16.60999460836853, 120.89384490326273, 387.69484359001757, -298.90954439253886, -13.352210935432172, -0.5304030635201342, 1.6166359289285614, 8.460008849015178, -6.393155890275471, -3.4841856468845673, -3.8078882166997206] 
[0.4928553229792332, 0.1945948897763028, 3.1240355976835747, 4.742902470573528, -6.4226648984697, -6.777388302035495, -4.872100692721046, -7.056922483546984, 4.241581097947361, 2.310944754034333, 3.8161201652792167, -16.91602779790252, 120.75401802094619, 387.2368013886695, -295.5195846917461, -9.972374894591828, -0.10782417059268729, 2.095877621546982, 8.9284768832302, -6.681412371924344, -3.3304216076909885, -4.0332858342920535] 
[0.7339153571235588, 0.43565492392062843, 3.3650956318279004, 4.501842436429202, -6.181604864325374, -6.536328267891169, -5.113160726865372, -7.29798251769131, 4.482641132091687, 2.069884719890007, 4.057180199423542, -16.7795483817221, 120.52873229500246, 387.51615027362715, -295.6791722321604, -9.890200748430086, 0.1455461551525981, 1.9269777312965979, 9.074989911285387, -6.4739532612329045, -3.4257586688158637, -3.8171640692846482] 
[0.5969366780274594, 0.5726336030167278, 3.502074310924, 4.364863757333103, -6.318583543421473, -6.673306946987268, -5.250139405961471, -7.16100383859521, 4.619619811187786, 1.9329060407939078, 4.194158878519642, -17.0783586046525, 120.26222024921836, 387.34626909964305, -298.40180863859786, -12.608219703911317, 0.05471897625879238, 2.025907815734495, 8.97535319183168, -6.595906360796461, -3.334106129022347, -3.9429761353724] 
[0.16143747709013745, 1.0081328039540498, 3.066575109986678, 4.800362958270425, -5.8830843424841515, -6.237807746049946, -5.685638606898793, -7.596503039532532, 5.055119012125108, 2.36840524173123, 4.629658079456964, -17.47538185401802, 120.3436608711561, 387.743295647233, -298.4446108629942, -12.207177303869349, 0.3396695142623214, 2.822225752497647, 9.79572144149768, -7.122330490406368, -3.870525256679371, -3.5304952317833993] 
[-0.17723244416107597, 0.6694628827028364, 3.4052450312378912, 5.139032879521638, -6.221754263735365, -6.57647766730116, -5.34696868564758, -7.935172960783746, 4.716449090873895, 2.707075162982443, 4.29098815820575, -17.838686068119234, 120.05635967996986, 387.64417169079553, -298.339196559774, -12.461754460733376, -0.02153390990349824, 2.42181323203816, 9.451484922038027, -7.314909934310917, -3.5582245658547484, -3.8752224396632124] 
[0.0021740535409566775, 0.49005638500080373, 3.2258385335358586, 5.318439377223671, -6.042347766033332, -6.397071169599127, -5.167562187945547, -7.755766463081713, 4.895855588575928, 2.886481660684476, 4.470394655907783, -18.056134548289965, 120.33152516605956, 387.5327719221532, -296.8193173417007, -10.944443355306767, 0.16759717301062682, 2.580678414208032, 9.262545347216136, -7.4815763056275, -3.725244907585018, -4.054512169082011] 
[0.34803191726168414, 0.14419852128007626, 2.879980669815131, 4.972581513502943, -6.38820562975406, -6.742929033319855, -4.82170432422482, -7.4099085993609854, 4.5499977248552, 2.5406237969637484, 4.81625251962851, -18.402440688481946, 120.09782627006787, 387.29221331849584, -296.7174803690445, -11.264043033469598, -0.23791570589334327, 2.921057801633436, 8.975099058742513, -7.840238481407361, -4.108425250348651, -3.7044267691198423] 
[0.3725438988229879, 0.16871050284138, 2.8554686882538274, 4.997093495064247, -6.363693648192756, -6.767441014881158, -4.797192342663516, -7.434420580922289, 4.574509706416504, 2.565135778525052, 4.791740538067207, -18.385551425236713, 120.07524102524557, 387.3211320634569, -296.69531323873423, -11.268620243938217, -0.211295951892147, 2.8795732389537063, 8.934099604457828, -7.878583723958056, -4.14611702220767, -3.7285815036202963] 
[0.6413810531775734, -0.10012665151320554, 2.586631533899242, 5.2659306494188325, -6.09485649383817, -7.036278169235744, -5.066029497018102, -7.703257735276875, 4.8433468607710894, 2.2962986241704666, 5.060577692421792, -18.826185973520257, 119.596454253783, 387.6666639620956, -296.63312425788473, -10.937347273509442, -0.47952771341149064, 2.695681165240089, 9.141217362131169, -7.470425869062283, -3.740786816677475, -3.4621513288558137] 
[0.8501072403639345, -0.3088528386995666, 2.795357721085603, 5.4746568366051935, -5.886130306651809, -7.245004356422105, -4.857303309831741, -7.911983922463236, 4.634620673584728, 2.5050248113568276, 4.851851505235431, -18.664843646221925, 119.51685845182676, 388.1526398529999, -295.60751937705265, -9.975755896999885, -0.13883863494152587, 2.4252603669308934, 9.312172423489121, -7.247210927584366, -3.5167211833882153, -3.6634084454056097] 
[1.200456460971731, -0.6592020593073631, 2.4450085004778064, 5.124307615997397, -6.236479527259606, -6.8946551358143084, -4.506954089223944, -8.262333143071032, 4.284271452976932, 2.154675590749031, 4.501502284627635, -19.925830290965617, 118.24466207211512, 388.05070428172866, -296.55816513220316, -10.896250183152496, 0.03340275975150514, 2.768527043373098, 8.954631113487158, -6.88369335226268, -3.8862292660497273, -3.3106870601775804] 
[1.288535261628697, -0.5711232586503971, 2.3569296998208404, 5.036228815340431, -6.14840072660264, -6.8065763351573425, -4.418875288566978, -8.174254342414066, 4.372350253633898, 2.242754391405997, 4.589581085284601, -19.964898533869732, 118.31117207230996, 388.0931670654307, -296.83850666638284, -11.182365456770677, -0.045340424263758075, 2.8857688312533654, 8.834074049283368, -6.945972747505321, -3.9687251823372494, -3.4047473630994305] 
[1.2197689407465813, -0.5023569377682815, 2.288163378938725, 5.104995136222547, -6.217167047484756, -6.875342656039458, -4.487641609449094, -8.243020663296182, 4.303583932751782, 2.1739880705238814, 4.658347406166716, -19.58822505617249, 118.69224401081553, 388.16780662810874, -297.0220978410815, -11.376335544991003, -0.13065518357737527, 2.8204167603009322, 8.774156932712268, -6.8563441250066575, -4.0519378860484006, -3.3386417212112023] 
[1.3949107865414465, -0.6774987835631467, 2.1130215331438595, 5.280136982017412, -6.04202520168989, -7.050484501834323, -4.662783455243959, -8.418162509091047, 4.128442086956917, 1.9988462247290162, 4.483205560371851, -20.632389895329773, 117.63632833124431, 387.97099523849715, -296.65301409204824, -10.97427605766902, 0.023587236099076064, 2.5841947090698603, 9.035641574151223, -7.025538768997356, -4.190620983798063, -3.1659521584956956] 
[1.650655164889903, -0.9332431619116033, 2.368765911492316, 5.0243926036689555, -5.786280823341434, -6.794740123485867, -4.918527833592416, -8.16241813074259, 4.3841864653053735, 1.7431018463805596, 4.2274611820233945, -20.79970311573377, 117.75160479664162, 387.75690237518444, -296.55513464644434, -11.16607144245084, 0.26802268240304405, 2.7762825332295744, 9.222489294374984, -7.239586425734945, -4.439096044877256, -3.45001025951584] 
[1.7555659957106169, -0.8283323310908894, 2.2638550806716022, 4.919481772848242, -5.891191654162148, -6.899650954306581, -4.813617002771702, -8.267328961563305, 4.27927563448466, 1.8480126772012735, 4.122550351202681, -20.53639296823282, 118.01856961706828, 387.6300197792633, -296.631329070882, -11.091105855154645, 0.3910086564131877, 2.679672084447853, 9.148645801854174, -7.1435818745336945, -4.352549053871506, -3.542109284488305] 
[1.7202812463943946, -0.8636170804071117, 2.2991398299878245, 4.954766522164464, -5.92647640347837, -6.864366204990358, -4.848901752087924, -8.232044212247082, 4.314560383800882, 1.8127279278850512, 4.087265601886458, -20.43369546956423, 118.12000361549939, 387.6543388485815, -296.65183689887374, -11.070033263155441, 0.35414956847028517, 2.733843558074164, 9.096825623739205, -7.114545560411262, -4.310098718904885, -3.4972929527536207] 
[1.6483705721666322, -0.9355277546348741, 2.227229155760062, 5.026677196392226, -5.998387077706132, -6.792455530762596, -4.9208124263156865, -8.16013353801932, 4.2426497095731195, 1.7408172536572888, 4.159176276114221, -20.628217289216497, 117.92915328900712, 387.5743198559428, -296.84510710589785, -11.255082685161852, 0.4096343971085877, 2.783309638904659, 9.157549518675411, -7.034293826206947, -4.375912255367703, -3.439868693989803] 
[1.9005676956083501, -0.6833306311931562, 2.47942627920178, 5.278874319833944, -6.25058420114785, -7.044652654204314, -4.6686153028739685, -7.907936414577602, 4.4948468330148375, 1.4886201302155708, 3.906979152672503, -20.001563927151434, 118.56209859509293, 387.3112621442268, -296.7540311881385, -11.475710352933872, 0.15695723477497453, 2.61545446196623, 8.924966888899515, -7.298549978289202, -4.5675036753023495, -3.232581678678619] 
[1.9595492734309818, -0.6243490533705245, 2.4204447013791484, 5.337855897656576, -6.191602623325219, -6.985671076381682, -4.7275968806966, -7.966917992400234, 4.435865255192206, 1.5476017080382025, 3.847997574849871, -20.25528560382818, 118.29667257340404, 387.43710373860836, -296.6599983008196, -11.471422906732352, 0.21433298743925233, 2.5604428106896338, 8.867566412151588, -7.238724173522087, -4.497428676265678, -3.1627305423902334] 
[2.3223002625527247, -0.2615980642487816, 2.0576937122574055, 4.975104908534833, -6.5543536124469615, -6.622920087259939, -4.364845891574857, -7.604167003278491, 4.798616244313949, 1.9103526971599454, 4.210748563971614, -19.819887885171298, 118.39343124036587, 386.64021315461406, -297.9928906460984, -12.659271064018533, -0.20027159052908594, 2.898682039273181, 9.199741289712884, -7.598956097858087, -4.040572922440469, -2.7051247420455904] 
[2.573106871983901, -0.010791454817605128, 1.806887102826229, 5.22591151796601, -6.303547003015785, -6.372113477828763, -4.615652501006034, -7.353360393847314, 5.049422853745125, 2.161159306591122, 4.4615551734027905, -20.661925193356076, 117.55576170182205, 386.55003015949177, -297.58056506729076, -12.242305961847826, 0.0030548906714590596, 2.714571597597317, 9.402620474548337, -7.865596025169499, -4.30386183194795, -2.94565051691588] 
[2.787204488698018, 0.20330616189651174, 2.020984719540346, 5.4400091346801265, -6.089449386301668, -6.158015861114646, -4.401554884291917, -7.139262777133197, 4.835325237031008, 1.947061689877005, 4.247457556688674, -21.12585027485001, 117.09167895746275, 386.6640517810985, -297.7921742822137, -12.497433626531192, -0.20504072758777, 3.1180542690152073, 9.804373485955942, -8.020388844276576, -4.113310382456914, -3.172741425126684] 
[2.641157923471715, 0.34935272712281495, 1.8749381543140426, 5.58605569990643, -6.235495951527971, -6.304062426340949, -4.54760144951822, -6.993216211906894, 4.689278671804705, 1.8010151246507018, 4.10141099146237, -21.22363867154117, 117.233669206302, 387.0181745756567, -297.45734333058994, -12.556727895860714, -0.3625630390168654, 3.2232773826278884, 9.728901802614422, -7.828713977821197, -3.913460819356927, -3.3290072688755106] 
[2.261529833341557, -0.030275363007342904, 2.2545662444442005, 5.9656837900365876, -5.8558678613978135, -5.924434336210791, -4.167973359388062, -7.372844302037052, 5.068906761934863, 1.421387034520544, 4.481039081592528, -20.454615318055204, 118.09741039654556, 388.54612065789996, -295.89963322947875, -11.89073673784947, -0.7127179485087662, 4.725110979937517, 11.230967300259522, -7.50803724980734, -4.232765201434689, -2.953500354254969] 
[2.2482452342707706, -0.04355996207812929, 2.241281645373414, 5.952399190965801, -5.842583262327027, -5.937718935281578, -4.181257958458849, -7.359559702966266, 5.0556221628640765, 1.4346716335913303, 4.494323680663315, -20.397036536681274, 118.1549035243878, 388.5585676931768, -295.8998195057231, -11.868807980143652, -0.6891792045396208, 4.711998138753789, 11.241939708543581, -7.492133039800926, -4.246108806663737, -2.965729017215268] 
[1.8239980945901753, 0.38068717760246606, 2.6655287850540095, 5.528152051285206, -6.266830402007622, -6.361966074962173, -3.7570108187782534, -6.93531256328567, 5.479869302544672, 1.8589187732719257, 4.91857082034391, -18.42411533886917, 120.1443743144794, 386.8231923109387, -297.6252233027059, -11.958586482725993, -1.2137067841683256, 5.13875048183724, 11.03706910938994, -7.1249942173805385, -3.8112599874930404, -3.421342900760919] 
[1.8522146485108575, 0.35247062368178383, 2.6937453389746917, 5.556368605205888, -6.23861384808694, -6.390182628882855, -3.728794264857571, -6.907096009364988, 5.45165274862399, 1.887135327192608, 4.890354266423228, -18.11818295277684, 120.45335686540534, 386.89320131923796, -297.5728399846395, -11.954523728468207, -1.1820067464775794, 5.192215766273705, 11.087815376463007, -7.130591863816291, -3.7795181493774175, -3.3888003931015342] 
[1.9989901494229638, 0.2056951227696775, 2.5469698380625854, 5.703144106117994, -6.091838347174834, -6.243407127970749, -3.8755697657696775, -6.760320508452882, 5.304877247711883, 2.0339108281047142, 4.7435787655111215, -16.579763740570353, 121.9968775315227, 387.005456840144, -297.1591392890918, -11.565410569838475, -1.339302373326602, 4.928725250112753, 10.858004000137448, -7.024493836896048, -3.593925424614347, -3.220987403790555] 
[1.8364363436724798, 0.04314131701919344, 2.7095236438130694, 5.54059030036751, -5.92928454142435, -6.080853322220265, -4.0381235715201615, -6.597766702702398, 5.467431053462367, 1.8713570223542302, 4.9061325712616055, -15.143995811778291, 123.42658824289177, 386.8424537753564, -297.3790911286538, -11.52643781087325, -1.500030594155354, 5.079440397950903, 10.830255065272146, -6.7871340254147015, -3.3506405899676923, -3.054643207016088] 
[1.791865083791036, -0.0014299428622503996, 2.6649523839316256, 5.4960190404860665, -5.973855801305794, -6.036282062338821, -3.9935523116387177, -6.553195442820954, 5.4228597935809235, 1.8267857624727863, 4.950703831143049, -15.160952102414052, 123.45523367809774, 386.88335103343684, -297.39196703799087, -11.493295288739844, -1.5160722618732068, 4.907453230704821, 10.652561280714181, -6.847345808021106, -3.312185730797289, -3.005225403715413] 
[1.902749558956403, -0.11231441802761744, 2.7758368590969926, 5.6069035156514335, -6.084740276471161, -6.147166537504188, -4.104436786804085, -6.664079917986321, 5.3119753184155565, 1.7159012873074193, 5.061588306308416, -15.216441991724247, 123.51201004980979, 386.7709690713587, -297.39654229799356, -11.625174348100577, -1.6036685376244433, 4.576300816952499, 10.320279900705334, -6.746910011248756, -3.1628946331251724, -2.8721051171326364] 
[2.0500203310723446, -0.2595851901435591, 2.628566086981051, 5.754174287767375, -5.937469504355219, -5.9998957653882465, -3.957166014688143, -6.8113506901022625, 5.164704546299615, 1.863172059423361, 5.208859078424358, -17.730172549111153, 120.99302828151616, 387.0695526956701, -297.16062224202545, -11.614899132319108, -1.4569008729761381, 4.603540363072068, 10.17605051358816, -6.893152224401871, -2.99766453091188, -2.693268119755816] 
[1.45094209788771, -0.8586634233281938, 3.2276443201656857, 6.35325252095201, -6.536547737539854, -5.400817532203612, -3.3580877815035084, -6.212272456917628, 4.56562631311498, 2.4622502926079957, 4.609780845239723, -13.678166637153346, 125.01918579763587, 387.5352076047221, -296.4726634158609, -11.861020277257085, -1.2135528965873676, 6.193469174501663, 11.889630355858106, -5.87010841394993, -2.259602790470489, -3.1452190649214815] 
[1.3135900568276089, -0.9960154643882948, 3.0902922791055847, 6.215900479891909, -6.673899778599955, -5.263465491143511, -3.2207357404434074, -6.074920415857527, 4.702978354175081, 2.5996023336680967, 4.747132886299824, -14.086101920945147, 124.60210951616405, 387.36807166939093, -296.61234781216257, -11.68781005493311, -1.3799014521032609, 6.195496657500932, 12.021282742301935, -6.460618698184316, -2.851627643777036, -3.288142566952547] 
[1.268599017820323, -1.0410065033955807, 3.045301240098299, 6.170909440884623, -6.718890817607241, -5.308456530150797, -3.2657267794506932, -6.029929376850241, 4.657987315167795, 2.6445933726753825, 4.7021418472925385, -14.107296628107527, 124.64736972505739, 387.42159617028994, -296.6525090706891, -11.633996377213974, -1.4367766234845385, 6.196995713779926, 12.066382583372887, -6.435826850386566, -2.8758321909880626, -3.3331295244851202] 
[0.9875678943793478, -0.7599753799546054, 2.7642701166573236, 6.451940564325598, -6.437859694166265, -5.027425406709821, -2.984695656009718, -6.310960500291216, 4.37695619172682, 2.3635622492344073, 4.983172970733514, -13.492218693839451, 125.33976377581577, 387.86996956027787, -296.85246795907153, -11.046225672916941, -2.8254545582628587, 7.498957643844756, 11.874894147538804, -6.292979765559682, -3.035408759789395, -3.052140793540923] 
[1.2585955484527585, -0.48894772588119473, 3.0352977707307343, 6.722968218399009, -6.166832040092855, -4.756397752636411, -3.2557233100831287, -6.0399328462178055, 4.105928537653409, 2.0925345951609966, 5.254200624806924, -12.545416634193398, 126.45669673531928, 388.64417003783154, -296.43758471880017, -10.657540654959368, -6.685960718498309, 11.347655320882126, 11.96736184828186, -7.1462694162908, -3.9001899215715765, -2.727668891712581] 
[1.3239896739712353, -0.5543418513996716, 3.100691896249211, 6.657574092880532, -6.101437914574378, -4.821791878154888, -3.3211174356016055, -6.105326971736282, 4.0405344121349325, 2.0271404696425197, 5.1888064992884475, -12.545486592530708, 126.37877736670568, 388.5572684511312, -296.559465996192, -10.540716000685233, -6.646543931624204, 11.37455393679646, 12.041887671365405, -7.080274836371596, -3.924253063064176, -2.7869312909506307] 
[1.2397969058484382, -0.6385346195224688, 3.016499128126414, 6.573381324757735, -6.185630682697175, -4.73759911003209, -3.4053102037244027, -6.021134203613485, 3.9563416440121353, 1.9429477015197225, 5.272999267411245, -12.01537770850188, 126.91962102288457, 388.70969286885037, -296.5984901032569, -10.652677115954061, -8.921853697791413, 13.650233251355127, 12.186844275756748, -6.92248999631263, -3.753729247808117, -2.914818955722217] 
[1.3027357326379612, -0.5755957927329458, 3.079437954915937, 6.510442497968212, -6.122691855907652, -4.8005379368216134, -3.4682490305139257, -6.084073030403008, 4.019280470801658, 2.0058865283092455, 5.210060440621722, -12.318342670282725, 126.60354064069526, 388.58962650967953, -296.5607943129078, -10.604130024221782, -10.511886308752548, 15.24019384221877, 12.146600749041204, -6.849030597393563, -3.6855323805615106, -2.875053807127938] 
[1.3076792876401075, -0.5706522377307994, 3.0843815099180834, 6.5054989429660655, -6.117748300905506, -4.795594381819467, -3.4633054755117794, -6.079129475400862, 4.014336915799512, 2.000942973307099, 5.205116885619575, -12.289475370204144, 126.63311595923936, 388.598527030919, -296.5666796380859, -10.597851937867063, -10.509836192173857, 15.243393059189094, 12.15255855883351, -6.841297191179707, -3.678998379515451, -2.8719175314308374] 
[1.0843711244089196, -0.34734407449961147, 3.3076896731492713, 6.728807106197253, -5.894440137674318, -5.018902545050655, -3.2399973122805914, -5.855821312169674, 4.2376450790307, 1.7776348100759112, 4.981808722388387, -13.623641468558569, 125.2660509673279, 388.1733934306976, -296.7812673986764, -10.729917911811162, -7.165188200472878, 11.894238770863339, 11.882660626814843, -6.520849110969015, -3.2618834976595537, -3.2104886946409357] 
[0.8032051366071808, -0.6285100623013502, 3.0265236853475326, 6.447641118395515, -6.175606125476056, -4.737736557248916, -3.52116330008233, -6.136987299971413, 4.518811066832439, 1.4964688222741724, 4.700642734586649, -11.707630836291331, 127.23286026938307, 388.7661361746232, -296.80202083328504, -10.173773561739084, -4.579719000423263, 9.33507522865908, 11.586451951158846, -6.234448698151137, -2.8944191764989045, -3.535411138413273] 
[0.8917033926344491, -0.540011806274082, 2.9380254293202643, 6.536139374422783, -6.264104381503325, -4.8262348132761845, -3.432665044055062, -6.048489043944144, 4.43031281080517, 1.5849670783014407, 4.789140990613917, -11.705438690289169, 127.38866540204262, 388.92894703484325, -296.680618851989, -10.285014013478797, -5.739065247959208, 10.494735706854604, 11.683641352388245, -6.31446715701577, -2.9769495274728626, -3.4470988520479744] 
[0.5588841075936717, -0.8728310913148594, 2.605206144279487, 6.2033200893820055, -5.931285096462547, -5.159054098316962, -3.7654843290958393, -6.381308328984922, 4.097493525764393, 1.2521477932606633, 4.4563217055731394, -11.732358297079406, 126.84966215470865, 388.3338134531127, -297.22773206851076, -9.818242929869667, -5.796200479428565, 10.20604778113926, 11.360800311627726, -6.005925695691565, -3.298728512648759, -3.773051103895493] 
[0.645641479907324, -0.9595884636285117, 2.6919635165931393, 6.116562717068353, -5.844527724148895, -5.245811470630614, -3.8522417014094916, -6.468065701298574, 4.184250898078045, 1.3389051655743156, 4.369564333259487, -11.636401749859964, 126.87665786256422, 388.47898057033655, -297.09535556348914, -9.847832463072383, -5.468427220492652, 9.848899127872556, 11.180943603650755, -5.931661817882838, -3.21727780043592, -3.6749921113529416] 
[0.39283641711452866, -1.212393526421307, 2.9447685793859346, 5.863757654275558, -6.09733278694169, -5.49861653342341, -4.105046764202287, -6.720870764091369, 4.437055960870841, 1.591710228367111, 4.6223693960522825, -11.232773433844772, 127.31345187611014, 388.554719554922, -296.80575982403815, -9.713526272331709, -6.208703691959901, 10.722345323197462, 11.742981671577875, -6.279904541758204, -2.9304034168379425, -3.880503067321298] 
[0.722410505559262, -0.8828194379765737, 2.6151944909412013, 6.193331742720291, -5.767758698496957, -5.828190621868143, -3.7754726757575536, -6.391296675646636, 4.766630049315574, 1.2621361399223776, 4.292795307607549, -11.907374220909752, 124.74402934874341, 386.0214735913165, -297.18431802483946, -9.433967015195835, -5.383420529420717, 9.555632347034814, 10.773836270438744, -5.892628585978113, -3.261169009200135, -4.218159415665219] 
[0.9449443040714716, -1.1053532364887833, 2.837728289453411, 6.415865541232501, -5.990292497009166, -5.605656823355933, -3.552938877245344, -6.613830474158846, 4.544096250803364, 1.039602341410168, 4.07026150909534, -11.508436746114688, 125.16419550450746, 386.0816234992124, -296.95728707763385, -9.650465972939758, -5.404489702906469, 10.036450739008691, 11.249894500750864, -6.0595549340342645, -3.4381247704164246, -3.9919020022894167] 
[0.7531507135103315, -0.9135596459276432, 2.6459346988922707, 6.224071950671361, -5.798498906448026, -5.7974504139170735, -3.744732467806484, -6.4220368835977055, 4.7358898413645045, 1.2313959319713081, 3.8784679185341995, -11.212820276318824, 125.44961795671898, 386.0537909953109, -296.79655685566365, -9.424090569242072, -5.162278377365622, 10.036556364410542, 11.05154106858449, -5.927320736454062, -3.2911041711649562, -3.787392259807853] 
[0.24256116192444388, -0.40297009434175557, 3.1565242504781583, 5.713482399085473, -5.287909354862139, -6.308039965502961, -3.2341429162205966, -5.911447332011818, 4.225300289778617, 1.7419854835571957, 4.389057470120087, -11.771031212198412, 125.33564783029253, 385.2835691362934, -297.4920352744826, -8.586394762019538, -4.289263452621556, 9.984040157878745, 10.515894301246622, -5.5418594960113845, -2.9158504665770817, -3.282960524737963] 
[0.27966316816695347, -0.365868088099246, 3.193626256720668, 5.6763803928429635, -5.250807348619629, -6.345141971745471, -3.197040909978087, -5.9485493382543275, 4.2624022960211265, 1.7048834773146861, 4.426159476362597, -11.803975172419454, 125.35446673420762, 385.25465885735616, -297.5809777892898, -8.764139996350913, -4.451449977125257, 10.016577973823908, 10.488247698188955, -5.50254996288816, -2.8667434693667433, -3.2386623749795476] 
[0.43874549007111163, -0.20678576619508782, 3.352708578624826, 5.835462714747122, -5.091725026715471, -6.504224293649629, -3.356123231882245, -6.107631660158486, 4.421484617925285, 1.545801155410528, 4.585241798266755, -11.663275582728206, 125.28315014131354, 385.4046279944785, -297.9663833164129, -9.518692063294498, -5.137522191976439, 10.147139611988846, 10.358637001826539, -5.343744936883561, -2.7065934663991555, -3.3782542444279073] 
[-0.02625000420379031, -0.6717812604699898, 3.817704072899728, 6.300458209022024, -4.626729532440569, -6.039228799374727, -3.821118726157147, -5.642636165883584, 4.886480112200187, 2.01079664968543, 5.050237292541657, -11.957355505920235, 125.69424793996355, 385.7808050793354, -297.08181618491494, -6.398338851843845, -2.0570299596051798, 10.982047875219319, 10.972527508462042, -5.790317406999269, -2.213511808406646, -2.8953309670736567] 
[0.2558778581843324, -0.9539091228581125, 3.5355762105116053, 6.018330346633901, -4.908857394828692, -5.757100936986604, -3.5389908637690244, -5.9247640282717065, 4.604352249812064, 2.2929245120735526, 5.3323651549297795, -11.686102443603085, 126.22359258145335, 386.30170074576847, -297.0448118406838, 2.2518700277617816, 6.59937295966199, 11.742514086148992, 11.666260508221846, -6.28444865525204, -2.6777446446407254, -3.2015730992826845] 
[0.12474599671628006, -0.8227772613900601, 3.6667080719796576, 5.8871984851658485, -5.039989256296744, -5.8882327984546565, -3.6701227252370767, -5.793632166803654, 4.735484111280116, 2.424056373541605, 5.201233293461727, -11.547007365720582, 126.27798054274587, 386.1684309543346, -296.84992669855563, 2.997673896263117, 7.339049728799976, 11.764055714785243, 11.529909686662796, -6.627664346074826, -3.0146610310928064, -3.3168658948499115] 
[0.40222883505849616, -1.1002600997322762, 3.9441909103218737, 6.164681323508065, -5.31747209463896, -6.165715636796873, -3.947605563579293, -5.516149328461438, 5.012966949622332, 2.146573535199389, 4.923750455119511, -11.764367053796535, 126.98839716777125, 386.8855731939354, -296.8262871960386, 2.7348007979208337, 7.354020688175252, 12.236941936772562, 12.009501726974172, -7.465832479115404, -3.8513417843161184, -3.60031483936118] 
[0.2439085925504596, -0.9419398572242397, 4.10251115282991, 6.006361081000028, -5.475792337146997, -6.007395394288836, -4.105925806087329, -5.674469570969475, 5.171287192130369, 1.9882532926913523, 4.7654302126114745, -11.62665860243347, 126.87226042808673, 386.91670702533344, -296.63787403932946, 3.594501045476471, 8.207936706897417, 12.273148901478804, 11.849204751194925, -7.3206410459577596, -3.9473088921498696, -3.446994368637143] 
[0.2639995492670213, -0.921848900507678, 4.122602109546472, 6.02645203771659, -5.4958832938635584, -6.027486351005398, -4.085834849370768, -5.694560527686036, 5.151196235413807, 2.008344249407914, 4.785521169328036, -11.605434590535795, 126.88023667527581, 386.8830472175193, -296.60088951294244, 3.6063423030495736, 8.189614370909297, 12.330459785626015, 11.903557627505672, -7.300480685425161, -3.9207625431934097, -3.426333530591647] 
[0.22647352529288334, -0.88432287653354, 4.085076085572334, 5.988926013742452, -5.4583572698894205, -6.065012374979536, -4.04830882539663, -5.732086551660174, 5.188722259387945, 1.970818225433776, 4.823047193302174, -11.55633831896854, 126.95360503357882, 386.94873619216884, -296.594257237341, 3.6165471897849604, 8.147405948795946, 12.439834179442677, 12.00700734026111, -7.261665629792349, -3.8718701855852182, -3.4624847613813103] 
[0.2593416256380632, -0.9171909768787199, 4.052207985227154, 5.956057913397272, -5.425489169544241, -6.032144274634356, -4.01544072505145, -5.764954652005354, 5.221590359733125, 1.9379501250885962, 4.855915293647354, -11.510187391317716, 127.04693702985256, 387.070556445936, -296.6913081650758, 3.578820973304152, 8.156667150194329, 12.41464175924504, 12.020006224702167, -7.238903096335847, -3.899620054429583, -3.4966470696600696] 
[0.3636508811231973, -0.8128817213935857, 4.156517240712288, 5.851748657912138, -5.529798425029375, -6.13645353011949, -3.9111314695663157, -5.869263907490488, 5.117281104247991, 2.0422593805737304, 4.75160603816222, -11.571580677333278, 127.3221600733757, 387.45409487176613, -297.0204799741919, 3.1876803983283155, 7.804396048707491, 12.19028414897547, 11.77700585605237, -7.278088733702529, -3.7987642567082314, -3.385774200147285] 
[0.271940601288291, -0.7211714415586794, 4.248227520547195, 5.943458937747044, -5.4380881451944685, -6.228163809954396, -3.8194211897314094, -5.9609741873253945, 5.208991384082897, 1.950549100738824, 4.843316317997126, -11.492092906684025, 127.27217095806985, 387.51631547023527, -296.9986389617854, 2.9586180062569007, 7.575249221126452, 12.146168054678776, 11.824678914507997, -7.1354149707446055, -3.6512325569157538, -3.2920339583776754] 
[-0.40694165666885773, -1.4000536995158281, 3.569345262590046, 6.622341195704193, -6.116970403151617, -6.907046067911545, -3.1405389317742607, -5.282091929368246, 4.5301091261257485, 2.6294313586959728, 5.522198575954275, -10.478529956069053, 128.93123736687866, 390.2408099824076, -299.4832736215223, 2.1441574301688937, 7.732031124220738, 10.336214129026489, 9.927800009623697, -5.918516903880473, -2.6319738491725033, -3.9120339820395698] 
[-0.5769404109019618, -1.5700524537489322, 3.399346508356942, 6.452342441471089, -5.946971648918513, -7.077044822144649, -3.3105376860073648, -5.45209068360135, 4.360110371892644, 2.4594326044628687, 5.692197330187379, -10.65432521192095, 129.01742750635606, 390.12467414901784, -299.2258671193243, 1.877234417677133, 7.573487916406218, 10.414769373096954, 10.151806428155153, -5.564460682178467, -2.307860234841432, -3.7628854992574046] 
[-0.5310657667830814, -1.6159270978678126, 3.4452211524758223, 6.406467797352208, -5.901097004799633, -7.12291946626353, -3.356412330126245, -5.406216039482469, 4.405985016011525, 2.4135579603439883, 5.738071974306259, -10.700101669422702, 128.77544225346068, 389.88267302804474, -299.1715408899538, 1.8225324723455185, 7.571388423946021, 10.361266779577239, 10.073343635460363, -5.677248139006937, -2.403972923399958, -3.79139835272544] 
[-0.30860618896612557, -1.3934675200508568, 3.667680730292778, 6.628927375169164, -5.678637426982677, -7.345379044080485, -3.578871907943201, -5.183756461665514, 4.628444593828481, 2.636017538160944, 5.515612396489304, -10.474309596079076, 128.92129192306993, 389.7831959189409, -298.9402784937738, 1.7294562552810913, 8.197017108391698, 10.992711465206987, 9.927724043829043, -5.591759179696483, -2.632430717578881, -3.529731225957464] 
[-0.254836966701383, -1.4472367423155994, 3.7214499525575206, 6.575158152904422, -5.624868204717934, -7.399148266345228, -3.6326411302079435, -5.237525683930256, 4.574675371563738, 2.5822483158962015, 5.569381618754046, -10.529440519763302, 128.94670703443688, 389.74459197581217, -298.874925033995, 1.6947562741423734, 8.33076217093267, 11.129441899669832, 9.883864797030542, -5.634521948897726, -2.597132146387138, -3.4769934644126526] 
[-0.45013582625333726, -1.6425356018675537, 3.5261510930055664, 6.379859293352467, -5.820167064269889, -7.594447125897182, -3.827939989759898, -5.042226824378302, 4.769974231115692, 2.7775471754481558, 5.764680478306, -10.72733909493858, 129.0303835272086, 389.5979928311266, -298.5885118168165, 1.2661680166568758, 7.6363482183553195, 10.508986705418101, 9.98005095269576, -5.96556512911165, -2.9435731240491796, -3.262619105241411] 
[-0.3918223826790772, -1.5842221582932936, 3.4678376494313063, 6.438172736926727, -5.761853620695629, -7.536133682322922, -3.7696265461856377, -5.100540267952562, 4.828287674689952, 2.835860619022416, 5.82299392188026, -10.667965179285579, 129.0643881448799, 389.56656811475546, -298.6415472525056, 1.1897302540793353, 7.4402735963504565, 10.316082851408487, 9.914954919027505, -6.045774107348965, -3.0251105534955207, -3.205756933423209] 
[-0.6257789336516701, -1.3502656073207007, 3.7017942004038993, 6.67212928789932, -5.9958101716682215, -7.770090233295515, -3.535669995213045, -5.334496818925155, 5.062244225662545, 2.601904068049823, 5.5890373709076675, -10.434606223206536, 128.94782549430644, 389.6993067581931, -298.44880458266994, 1.5192107349532027, 8.220363885221053, 11.059420204431014, 9.762688262176598, -6.392485343473034, -3.376410532514842, -2.9827558325252874] 
[-0.9387094652847665, -1.663196138953797, 4.014724732036996, 6.359198756266224, -5.682879640035125, -7.457159701662419, -3.2227394635799484, -5.021566287292059, 5.375174757295642, 2.9148345996829192, 5.276106839274571, -10.773248814253671, 129.14850229083123, 389.46700067011, -297.94832723289665, 0.9915394463166444, 5.4647958018822855, 8.304298083566866, 9.188959677571436, -5.579318870917044, -2.625459656972746, -2.5681638895809016] 
[-0.6716315121391041, -1.9302740920994594, 4.281802685182658, 6.092120803120562, -5.415801686889463, -7.724237654808081, -2.955661510434286, -5.288644240437721, 5.642252710441304, 2.647756646537257, 5.5431847924202335, -11.055898048287983, 128.93932837950084, 389.67587891572555, -297.65250521932023, 0.6433469278949013, 5.146893743129675, 8.337224235123182, 9.92216659427171, -6.376659646158247, -3.061528380456912, -2.3333187822400694] 
[-0.3009217268573714, -1.5595643068177267, 3.9110928999009253, 6.462830588402294, -5.786511472171195, -8.094947440089815, -3.3263712957160187, -4.917934455155988, 6.012962495723037, 2.277046861255524, 5.913894577701966, -10.545767294970387, 129.57623474609048, 390.18109890112106, -297.84461394464154, 1.034087852682979, 5.4553415628939055, 8.178395538867283, 8.582708942267738, -4.906866735336157, -2.314350706295382, -2.4943930502250335] 
[-0.6544832583542259, -1.9131258383145813, 3.557531368404071, 6.10926905690544, -6.14007300366805, -7.74138590859296, -2.972809764219164, -4.564372923659134, 5.659400964226182, 2.6306083927523787, 5.560333046205112, -10.895578522765947, 128.4497156306721, 389.0525411449438, -297.54906818258246, 1.6251730806713143, 3.0343289376018134, 5.793708654866824, 8.506817455976613, -5.183273313515886, -2.122722954652019, -2.716926609944721] 
[-0.6868558015648141, -1.9454983815251694, 3.589903911614659, 6.076896513694852, -6.107700460457462, -7.709013365382372, -3.0051823074297523, -4.532000380448546, 5.627028421015594, 2.5982358495417905, 5.527960502994524, -10.906382123302091, 128.55526650611955, 389.1628176734032, -297.50603616764937, 1.5991824022113104, 3.0115257986495223, 5.804001872151802, 8.51726693396115, -5.155535165074104, -2.171103021882851, -2.763700559303157] 
[-0.6967916554730067, -1.9355625276169768, 3.5799680577064663, 6.066960659786659, -6.1176363143656545, -7.699077511474179, -3.015118161337945, -4.541936234356738, 5.636964274923787, 2.608171703449983, 5.537896356902716, -10.897471933946745, 128.55084707985483, 389.16813553094113, -297.5173198301074, 1.5872236353385014, 3.0126569713932874, 5.795186172703058, 8.525289434266181, -5.153097749429368, -2.157194523248051, -2.7496161625439632] 
[-0.5357481932296722, -2.0966059898603113, 3.4189245954631318, 5.9059171975433244, -6.278679776608989, -7.860120973717514, -3.1761616235812795, -4.380892772113404, 5.798007737167121, 2.7692151656933177, 5.376852894659382, -11.105734346119414, 128.3445929616588, 389.1719401465495, -297.67581877851427, 1.5975671509453644, -1.832920622125786, 0.9491899747791841, 8.353707759147978, -5.160092214485674, -2.3860345845013007, -2.978930060931369] 
[-0.2850988093449587, -1.8459566059755979, 3.1682752115784183, 6.156566581428038, -6.0280303927242755, -8.110770357602227, -2.925512239696566, -4.631542155998117, 5.547358353282408, 2.5185657818086042, 5.627502278544095, -11.642681065785464, 127.2272001688416, 388.15257192813294, -297.4365574475398, 1.9329908472995418, -1.9673690346750643, 1.065472413963375, 8.313827486061202, -5.412219251391511, -2.139784417769966, -3.1807086914652603] 
[0.01618916301938711, -1.544668633611252, 2.8669872392140725, 5.855278609063692, -5.72674242035993, -8.412058329966573, -2.6242242673322203, -4.330254183633771, 5.848646325646754, 2.81985375417295, 5.928790250908441, -11.945151900371004, 127.21172103773193, 387.83449173649325, -297.7844750742561, 1.5699710721701927, -1.664894416754004, 1.041518032916303, 8.124688713143971, -5.567474993758751, -2.356406138239302, -2.953686921776309] 
[0.17306630331859196, -1.701545773910457, 3.0238643795132774, 6.012155749362897, -5.883619560659135, -8.568935470265778, -2.4673471270330154, -4.1733770433345665, 6.005523465945958, 2.976730894472155, 5.771913110609236, -11.788231500569047, 127.31400898036978, 387.77768180894384, -297.52719704994183, 1.8670765174001591, -1.8730440915082633, 1.0803879539353907, 7.998738928269906, -5.614945002390113, -2.472406988294734, -2.828014513597842] 
[0.543323658532934, -1.331288418696115, 3.3941217347276194, 5.641898394148555, -6.253876915873477, -8.198678115051436, -2.8376044822473574, -3.8031196881202245, 6.3757808211603, 3.346988249686497, 5.401655755394894, -11.408859910208365, 126.90805563281005, 387.74965958736226, -297.2189362340016, 1.6122667150708017, -2.035608376228731, 1.3473638518661586, 8.06985733883566, -5.237969040127664, -2.8511962371397144, -2.5098964639894303] 
[0.43765659309449845, -1.4369554841345504, 3.288454669289184, 5.5362313287101195, -6.359543981311912, -8.304345180489872, -2.943271547685793, -3.697452622681789, 6.481447886598736, 3.2413211842480614, 5.2959886899564586, -11.30940893561474, 126.85737049731574, 387.80279650970175, -296.97219519474856, 1.8602745919758847, -1.9696420779478268, 1.305328222628465, 8.01450745057098, -5.3184328854334755, -2.9506216371657397, -2.6027223847626373] 
[0.7197940517699415, -1.1548180254591074, 3.006317210613741, 5.254093870034676, -6.641681439987355, -8.586482639165315, -3.225409006361236, -3.415315164006346, 6.763585345274179, 2.9591837255726183, 5.578126148631902, -11.028520355988146, 126.83528792763244, 388.07776686120866, -297.84053907309635, 0.9913947249005961, -2.1680803643438322, 1.4244888846694088, 7.854416229448022, -5.576177588005765, -3.2918314074481545, -2.302232015792827] 
[0.7078366275226031, -1.142860601211769, 2.9943597863664024, 5.242136445787338, -6.629724015740017, -8.574525214917976, -3.2373664306085743, -3.4272725882536843, 6.751627921026841, 2.9711411498199567, 5.59008357287924, -11.05321496056815, 126.78747297563187, 388.03480599739186, -297.7841637044787, 1.0487827092330202, -2.1630335161308456, 1.4389912449087332, 7.836670137036866, -5.5486725753065675, -3.265986392506635, -2.2871082765127784] 
[0.5673773026282412, -1.002401276317407, 2.8539004614720405, 5.101677120892976, -6.489264690845655, -8.434065890023614, -3.0969071057142123, -3.5677319131480463, 6.892087245921203, 2.8306818249255947, 5.730542897773602, -10.92549710586784, 126.74025179822168, 388.12076456823473, -298.50618108363557, 0.3211268201255776, -2.2294508852205848, 1.2620598286320925, 8.006070713727853, -5.70709187649316, -3.2087373152091683, -2.4209019981088464] 
[0.3888205440892136, -0.8238445177783795, 2.675343702933013, 5.280233879432004, -6.667821449384682, -8.255509131484587, -3.27546386425324, -3.746288671687074, 7.07064400446023, 3.0092385834646223, 5.551986139234574, -10.942959856723748, 127.29712390832326, 388.6832935612935, -298.42923289485776, 0.1665682062943246, -3.235487637279784, 0.2583919917381916, 8.107999281478827, -5.41481141572245, -2.90975277689288, -2.5355991093994046] 
[0.41677136245358426, -0.7958936994140089, 2.6473928845686423, 5.308184697796374, -6.639870631020312, -8.283459949848957, -3.2475130458888692, -3.7742394900514444, 7.098594822824601, 3.037189401828993, 5.579936957598945, -10.938120420773274, 127.2073921112216, 388.5793766770732, -298.56038002857974, 0.04318609047266851, -3.284733142011418, 0.24471647480565456, 8.108338252340312, -5.346837754603359, -2.840254088455707, -2.502830757138646] 
[0.5008746671108284, -0.7117903947567648, 2.7314961892258864, 5.392288002453618, -6.555767326363068, -8.199356645191713, -3.163409741231625, -3.8583427947086886, 7.014491518167357, 2.9530860971717487, 5.664040262256189, -10.85575996403492, 127.20123851114288, 388.6743475838377, -298.48301923133727, 0.007408711546644492, -3.3398418241513315, 0.2823868062001706, 8.11549868508748, -5.152638824060551, -2.646763703996878, -2.5763898086490014] 
[0.3839638562747112, -0.828701205592882, 2.6145853783897692, 5.275377191617501, -6.43885651552695, -8.082445834355596, -3.2803205520677423, -3.975253605544806, 6.897580707331239, 2.8361752863356315, 5.780951073092306, -10.562654279200816, 127.68582415644647, 389.1712619674111, -297.82244257160863, 0.6616497513862869, -1.8804380100307532, 1.722799643886511, 8.347827125497759, -5.372334441941778, -2.6249527370037677, -2.4570015745083067] 
[0.2775625265175172, -0.722299875835688, 2.720986708146963, 5.168975861860307, -6.545257845284144, -8.18884716411279, -3.3867218818249363, -4.081654935302, 6.791179377574045, 2.9425766160928255, 5.8873524028495, -10.718671713134377, 127.48984193384744, 389.08647154003387, -298.23824244861044, 0.25447153626639285, -1.9089877912185211, 1.5891993414787593, 8.348243377934654, -5.555300507763514, -2.831461548991065, -2.607876561564713] 
[0.19956297822336566, -0.8002994241298396, 2.6429871598528116, 5.246975410154459, -6.467258296989993, -8.110847615818638, -3.3087223335307847, -4.159654483596151, 6.713179829279894, 2.864577067798674, 5.809352854555349, -10.847854287650705, 127.24088262521963, 388.837672092329, -298.43300321042375, 0.14939039292153222, -2.680320316770995, 0.8101738037689818, 7.956075301160888, -5.149867024207758, -2.6216931610586505, -2.4964436694620775] 
[0.3537193208707379, -0.6461430814824674, 2.797143502500184, 5.401131752801831, -6.313101954342621, -8.26500395846601, -3.462878676178157, -4.005498140948779, 6.867336171927266, 3.018733410446046, 5.655196511907977, -10.684901814296175, 127.3045888883406, 389.1539504495418, -297.7095048344074, 0.8434786428886678, -2.5786295412148483, 0.7366785641753573, 7.294263806234275, -4.48652087785455, -2.60109597084535, -2.337731185436307] 
[0.5128598800295414, -0.4870025223236638, 2.6380029433413803, 5.5602723119606345, -6.153961395183817, -8.424144517624814, -3.6220192353369605, -3.8463575817899756, 7.02647673108607, 2.8595928512872426, 5.496055952749173, -10.642189682362234, 126.88360299100617, 388.63922484943663, -298.4784711190668, 0.12535328933765066, -2.63515853052487, 0.8609762667167669, 7.46882372365534, -4.4952171477421805, -2.777701347064901, -2.511481414844834] 
[0.36614020415225923, -0.3402828464463816, 2.491283267464098, 5.706991987837917, -6.300681071061099, -8.570864193502096, -3.7687389112142426, -3.9930772576672577, 6.879757055208787, 2.7128731754099604, 5.642775628626455, -10.599234217072954, 126.64430849021159, 388.32786599706526, -298.72604835449016, 0.12311755072360622, -2.5068031595861147, 0.8360119585695934, 7.609511629460115, -4.492172492081814, -2.947687574262292, -2.682784686026774] 
[0.09499378247097923, -0.06913642476510162, 2.762429689145378, 5.435845566156637, -6.571827492742379, -8.842010615183376, -3.4975924895329626, -3.7219308359859777, 6.608610633527507, 2.9840195970912404, 5.913922050307735, -10.820823456002653, 126.79115079570147, 388.12820602726123, -298.65277664250937, -0.11288602250120325, -2.1566913750978167, 0.9691250802558328, 8.359715184678103, -5.37577075288884, -3.6440257514300196, -3.1459509735781745] 
[0.11375910791442934, -0.08790175020855173, 2.7811950145888282, 5.454610891600087, -6.553062167298929, -8.860775940626826, -3.5163578149764128, -3.7031655105425276, 6.589845308084057, 2.9652542716477903, 5.895156724864285, -10.80381184148284, 126.77261740219816, 388.1066396093483, -298.65939203280396, -0.1430126292643714, -2.2008380028408228, 0.9273821926880267, 8.354999993555825, -5.348412741666128, -3.6201799650728876, -3.1614097625237383] 
[-0.37365636610107344, -0.5753172242240545, 2.2937795405733254, 4.967195417584584, -7.040477641314432, -9.34819141464233, -4.0037732889919155, -4.19058098455803, 7.07726078209956, 3.452669745663293, 5.407741250848782, -11.355377852144604, 126.20529330379901, 387.89173616562954, -297.3166871662634, 1.2205638467220485, -2.3077527689505297, 1.2878430245075034, 8.06592847981822, -5.568457853032309, -3.1001993639469108, -2.5934968679040016] 
[-0.43647066096225373, -0.5125029293628742, 2.3565938354345057, 5.030009712445764, -6.977663346453252, -9.41100570950351, -4.066587583853096, -4.12776668969685, 7.01444648723838, 3.389855450802113, 5.470555545709963, -11.442327333008318, 126.28409934371678, 387.85999685406273, -297.2872813217599, 1.1595780155976037, -2.3764103881705494, 1.4173359609514744, 8.249217239593197, -5.749542355041687, -3.23548962103722, -2.5120867278006793] 
[-0.2207723812499296, -0.2968046496505501, 2.1408955557221816, 5.2457079921580885, -7.193361626165576, -9.626703989215834, -4.28228586356542, -4.343464969409174, 6.798748207526056, 3.1741571710897887, 5.2548572659976385, -11.2547479280055, 126.36042025396219, 387.63646788895005, -297.45269246196693, 1.340247406775839, -2.1243095508573435, 1.4636994071524052, 7.861335982612935, -5.233934784998166, -2.801600524790711, -2.7823504238095684] 
[-0.2717820790389034, -0.3478143474395239, 2.1919052535111554, 5.194698294369115, -7.142351928376602, -9.677713687004807, -4.333295561354394, -4.394474667198148, 6.8497579053150295, 3.123147473300815, 5.305866963786612, -11.295250286213827, 126.31024396756827, 387.58681031128543, -297.4305066592827, 1.3104411018111235, -2.0864828099809207, 1.4921678622883463, 7.797182535389814, -5.168071768368049, -2.8401689028474304, -2.8327961107052197] 
[-0.14580710907796757, -0.22183937747858806, 2.0659302835502196, 5.3206732643300505, -7.268326898337538, -9.551738717043872, -4.207320591393458, -4.520449637159084, 6.723782935354094, 3.2491224432617507, 5.179891993825676, -11.452933092275694, 126.43588234548089, 387.3767732399086, -297.7352554783303, 1.0006858399150922, -2.325174085756666, 1.6141081976361062, 7.73148508367832, -5.255709029659772, -2.727790194788769, -2.705843097668977] 
[-0.13750705044201794, -0.2301394361145377, 2.05763022491427, 5.312373205694101, -7.276626956973487, -9.543438658407922, -4.215620650029408, -4.5287496957950335, 6.732082993990043, 3.240822384625801, 5.188192052461626, -11.445900846761331, 126.44482757909933, 387.3926465649003, -297.7217021702883, 0.9889344135587821, -2.338663844467693, 1.6034305802607673, 7.714369283682417, -5.2393049332716375, -2.718508600727924, -2.697949079127543] 
[0.25010937625597407, 0.15747699058345432, 2.445246651612262, 5.699989632392093, -6.889010530275495, -9.931055085105914, -3.8280042233314155, -4.9163661224930255, 7.119699420688035, 2.853205957927809, 5.575808479159618, -11.108826520250725, 126.82353324615453, 387.7339095561563, -297.89949921437, 1.197756747721738, -2.639492334137139, 1.9708013918537162, 7.5292499729557285, -5.580262924706059, -3.11783293204473, -3.0692402876487006] 
[0.364451636992591, 0.043134729846837416, 2.330904390875645, 5.585647371655476, -6.7746682695388785, -10.045397345842531, -3.9423464840680325, -4.802023861756409, 7.005357159951418, 2.738863697191192, 5.461466218423001, -11.209279970840386, 126.88035044882406, 388.0167331604853, -297.56834560586435, 1.3914293437346779, -2.7253226288966466, 2.139430000273812, 7.281456375781308, -5.354636692306624, -3.017346299125795, -2.9403430959825823] 
[0.24731677664687624, 0.16026959019255216, 2.44803925122136, 5.468512511309761, -6.657533409193164, -9.928262485496816, -3.8252116237223177, -4.684889001410694, 6.888222299605704, 2.6217288368454774, 5.344331358077286, -11.126132893088647, 126.78490742282041, 388.3019465742224, -297.27025329242974, 1.4495447343146637, -2.5250179591395145, 1.954324397193195, 7.214056733227855, -5.431629623243372, -3.110570604142639, -2.841877980413994] 
[0.5716550105417184, -0.16406864370229002, 2.1237010173265176, 5.792850745204603, -6.981871643088006, -9.603924251601974, -4.14954985761716, -5.009227235305536, 7.212560533500546, 2.2973906029506352, 5.668669591972129, -11.546737477514064, 126.3865627012757, 388.0696504780751, -297.1671424309326, 1.217841257690791, -2.3477916442802265, 2.2306199173151686, 8.112049493146973, -6.324996423516641, -2.862168626741056, -3.106263906066753] 
[0.16617081230491237, -0.569552841939096, 2.5291852155633237, 6.1983349434414095, -7.387355841324812, -9.198440053365168, -3.744065659380354, -4.60374303706873, 6.80707633526374, 2.7028748011874413, 5.263185393735323, -11.803069240792153, 126.66600038980866, 388.21898699581334, -296.445261530563, 2.304598033654539, -1.3724525280572115, 2.7378944088606953, 7.40217774586035, -5.732446040233846, -2.6716707574266993, -3.442139732458816] 
[0.05111592952847488, -0.6846077247155335, 2.644240098339761, 6.313389826217847, -7.502410724101249, -9.313494936141606, -3.6290107766039164, -4.7187979198451675, 6.692021452487302, 2.587819918411004, 5.148130510958885, -11.919224625356113, 126.6580999530191, 387.97362615249244, -296.70827938243485, 1.3554176008146672, -2.3248711629087655, 2.566561455329415, 7.785380285643823, -6.124998019556487, -2.788171694257794, -3.3495110347630455] 
[-0.14194766546518522, -0.49154412972187345, 2.8373036933334213, 6.120326231224187, -7.309347129107589, -9.506558531135266, -3.4359471816102563, -4.911861514838828, 6.885085047480962, 2.3947563234173437, 5.341194105952545, -12.096031798659787, 127.06881695640925, 388.3783811247658, -296.7523187744533, 1.4104077884692543, -2.4733548801519807, 2.3681610758295686, 7.892486201714298, -6.018240380044103, -3.0308575308663137, -3.5920046719234016] 
[-0.5931041855806214, -0.04038760960643728, 3.2884602134488574, 6.571482751339623, -7.7605036492230255, -9.957715051250702, -3.8871037017256924, -4.460704994723391, 6.433928527365526, 1.9435998033019075, 4.890037585837109, -11.53681855321913, 126.20243603876119, 387.60337657666986, -296.51305412696473, 1.2870160931651364, -2.10650203036065, 1.8869487796174031, 8.157721529391386, -5.7421131816137585, -3.395741081585684, -3.2610201870823423] 
[-0.6070886811156839, -0.054372105141499816, 3.30244470898392, 6.5574982558045605, -7.746519153687963, -9.971699546785764, -3.901088197260755, -4.446720499188329, 6.419944031830464, 1.929615307766845, 4.8760530903020465, -11.528299549195195, 126.21222237410659, 387.6202710653083, -296.5315000777184, 1.36674252922814, -2.027129175806684, 1.8915411431281763, 8.112180381033813, -5.696308208252246, -3.411802287757286, -3.2776180129129258] 
[-0.3129116280895019, -0.34854915816768184, 3.008267655957738, 6.2633212027783784, -7.452342100661781, -10.265876599811946, -4.195265250286937, -4.740897552214511, 6.714121084856646, 2.223792360793027, 5.1702301433282285, -12.203538998286044, 126.88118040919377, 387.39648732238123, -296.79731310377014, 1.5789535329951108, -2.136724957597792, 1.616909494180509, 8.210049599499426, -5.474295203988818, -3.7554989714633757, -3.623739007474339] 
[-0.11105934162364406, -0.5504014446335397, 2.80641536949188, 6.061468916312521, -7.250489814195923, -10.064024313346088, -3.993412963821079, -4.539045265748653, 6.915973371322504, 2.425644647258885, 5.372082429794086, -11.929396166016536, 126.63131687295542, 387.49368403543014, -296.99091222761564, 1.073766890301599, -2.628750883317634, 1.479849178586751, 8.57861315708783, -5.840547017761874, -3.905586022061632, -3.4697613449254137] 
[0.03849586088487911, -0.6999566471420628, 2.656860166983357, 6.211024118821044, -7.1009346116874, -10.213579515854612, -3.843857761312556, -4.688600468257176, 7.065528573831027, 2.575199849767408, 5.222527227285563, -11.804847143931509, 126.89603609072276, 387.7522585311628, -297.0674267843297, 1.0934680259754725, -2.816208056144799, 1.7067695701151244, 8.920050450872544, -6.16215839928062, -3.820320956832933, -3.591659379049321] 
[0.2518790434850686, -0.48657346454187334, 2.4434769843831674, 5.997640936220854, -6.88755142908721, -10.000196333254422, -4.0572409439127455, -4.475217285656987, 7.278911756431216, 2.7885830323675975, 5.009144044685374, -11.592123638416055, 126.87362634439776, 388.07656868288717, -296.7194736178827, 1.5355042767889833, -2.399929852542675, 1.7709907234354367, 9.384334182310056, -6.624401236476651, -3.6471526137654746, -3.772861161070737] 
[0.19487259975428017, -0.5435799082726618, 2.386470540652379, 6.054647379951643, -6.830544985356422, -10.05720277698521, -4.000234500181957, -4.418210841926198, 7.335918200162005, 2.731576588636809, 5.066150488416162, -11.528836814496197, 126.90213474684883, 387.9542291631315, -296.85745430914244, 1.4550883942857986, -2.3975463613604737, 1.8363736872518748, 9.442084794474283, -6.59498343090644, -3.6957289502614845, -3.718525708331852] 
[0.3461033600687067, -0.3923491479582353, 2.5377013009668055, 6.205878140266069, -6.9817757456708485, -10.208433537299637, -3.8490037398675305, -4.569441602240625, 7.184687439847578, 2.5803458283223826, 5.217381248730589, -11.748221646039285, 126.4909005754924, 387.34895405309624, -297.3862077462749, 1.230013228871008, -2.3959767385273234, 2.011115652190036, 9.577815824865661, -6.445045534747067, -3.5193757124815326, -3.8576966604723046] 
[0.2979745105511782, -0.44047799747576377, 2.585830150484334, 6.157749290748541, -6.93364689615332, -10.256562386817166, -3.800874890350002, -4.617570451758153, 7.232816289365107, 2.628474677839911, 5.16925239921306, -11.677987439441527, 126.56142163879055, 387.35022663851123, -297.33168578279276, 1.347668869361262, -2.248744589111417, 1.8999624355348836, 9.53911231184044, -6.4808562920509765, -3.580131595510298, -3.9155319214210276] 
[0.1898910547562771, -0.3323945416808627, 2.693913606279235, 6.04966583495364, -7.041730351948221, -10.148478931022265, -3.908958346144903, -4.725653907553054, 7.340899745160008, 2.736558133634812, 5.277335855007961, -11.78396736418618, 126.56934271313685, 387.14222646005095, -297.54850356304837, 1.2264776363246805, -2.235820523442546, 1.9991517735982873, 9.465249952323266, -6.547122049301335, -3.4609787313133875, -3.7924317003066093] 
[0.22768340471253268, -0.2946021917246071, 2.6561212563229795, 6.011873484997384, -7.0039380019919655, -10.110686581066009, -3.9467506961011587, -4.76344625750931, 7.378692095116263, 2.7743504835910677, 5.239543505051706, -11.81365430479363, 126.61477144572139, 387.1869988992879, -297.5639344074874, 1.2564542869819277, -2.2467470819880933, 1.9649436042732602, 9.493592026923437, -6.519702573799035, -3.4270270991850404, -3.8267082106061663] 
[0.37014793797404266, -0.4370667249861171, 2.7985857895844894, 5.869408951735874, -7.1464025352534755, -9.968222047804499, -4.089215229362669, -4.6209817242478, 7.236227561854753, 2.6318859503295577, 5.097078971790196, -12.004534814766279, 126.39062001697731, 387.02528725058556, -297.4783172217157, 1.3278767948622154, -2.422125018524006, 2.171312758820584, 9.28039807891321, -6.314922882304585, -3.3041714316286797, -3.9590182706041013] 
[0.41955889359461906, -0.3876557693655407, 2.847996745205066, 5.9188199073564505, -7.195813490874052, -10.017633003425075, -4.039804273742092, -4.571570768627224, 7.186816606234177, 2.5824749947089813, 5.146489927410772, -11.983278083624745, 126.30471784153261, 386.90834789412, -297.60593665912836, 1.1426683997247347, -2.5974007703520976, 2.2506452713001854, 9.21010290901946, -6.237930464823621, -3.2438408958383596, -3.9032089981448075] 
[0.626748467526042, -0.1804661954341178, 3.0551863191364887, 6.126009481287873, -6.988623916942629, -9.810443429493652, -4.246993847673515, -4.364381194695801, 6.979627032302754, 2.3752854207775584, 4.939300353479349, -12.31359975757301, 125.97822077226607, 386.9242862077488, -297.93892052159924, 0.5206346475571557, -3.1607751678292013, 2.1325520752218154, 8.871209550302451, -5.9210375124317975, -3.454017698695608, -4.139412529335863] 
[0.5486524842323917, -0.2585621787277681, 2.9770903358428384, 6.047913497994223, -7.066719900236279, -9.732347446200002, -4.168897864379865, -4.442477177989451, 7.057723015596404, 2.297189437483908, 4.861204370185699, -12.274594965970891, 125.9104704952598, 386.84032938937236, -297.8917942112131, 0.31907889071178464, -3.3782813363409843, 2.286756489412128, 9.041741247810132, -6.072113177930781, -3.566888831167556, -4.231017045718185] 
[0.29562835773641183, -0.005538052231788271, 3.2301144623388183, 5.794889371498243, -6.813695773740299, -9.479323319704022, -3.915873737883885, -4.189453051493471, 7.310747142092384, 2.0441653109879283, 5.114228496681679, -11.702863636168955, 126.54257356705146, 387.26228072740025, -297.6781773046553, -0.3215799049290119, -4.0240724154357554, 2.049527538715638, 8.78507612321949, -6.206744161364674, -3.349219405909035, -4.466796831854039] 
[0.6059456584889524, 0.30477924852075233, 2.9197971615862777, 6.105206672250784, -7.12401307449284, -9.789640620456563, -3.6055564371313444, -4.499770352246012, 7.000429841339844, 1.7338480102353877, 5.424545797434219, -11.942732826137558, 126.78438364354751, 387.52292612037843, -297.0256119081644, 0.5780408653663532, -3.2927875554751225, 1.4672173170851521, 8.075521410886404, -5.5939373464034725, -2.9627890228410387, -4.707580717943442] 
[0.7613847108099243, 0.4602183008417242, 3.0752362139072495, 6.260645724571756, -6.968574022171868, -9.945079672777535, -3.7609954894523163, -4.655209404566984, 6.844990789018872, 1.5784089579144158, 5.269106745113247, -11.88967663360975, 126.59593438124728, 387.7799142220329, -296.7534686215519, 1.1305339499262854, -2.7590139365176394, 1.468171916334371, 7.611851988344173, -5.125925513891856, -2.6466215887839253, -4.3985049981045075] 
[0.8130187513217457, 0.5118523413535456, 3.023602173395428, 6.209011684059934, -7.02020806268369, -9.893445632265713, -3.8126295299641377, -4.603575364055162, 6.896624829530693, 1.5267749174025944, 5.217472704601426, -12.062802778022983, 126.39939027155518, 387.8980364513651, -296.69560254023855, 1.0855200507536868, -2.7487917673585094, 1.5214500173033754, 7.7802409342071135, -5.293410735479039, -2.6823493950199153, -4.362847404564371] 
[0.4048118596761121, 0.10364544970791201, 2.6153952817497945, 6.617218575705568, -6.612001171038056, -9.48523874062008, -4.220836421609771, -5.011782255700796, 6.4884179378850595, 1.934981809048228, 4.809265812955792, -13.540854319885566, 124.71000201733854, 388.93055868209836, -296.11371129434536, 2.333560316901175, -1.3973376887338338, 0.7695486997710348, 7.951510137671693, -4.992373142688443, -3.358357487397694, -5.0382618957735] 
[0.5180093994812367, 0.2168429895130366, 2.728592821554919, 6.504021035900443, -6.7251987108431805, -9.372041200814955, -4.334033961414896, -4.898584715895671, 6.375220398079935, 2.0481793488533526, 4.696068273150668, -13.725544647141014, 124.52749782650615, 388.89356014559723, -295.9840532997417, 2.207136202724938, -1.326527896929035, 0.9136485288668603, 7.825082717154485, -5.0471152073145795, -3.4813623567732117, -5.162343493813842] 
[0.36807082720632067, 0.3667815617879526, 2.578654249280003, 6.653959608175359, -6.875137283118097, -9.22210262854004, -4.483972533689812, -4.748646143620755, 6.225281825805019, 1.8982407765784366, 4.546129700875752, -13.798781273746952, 124.68611843801442, 388.635997992519, -296.1944568139754, 1.9973864319885486, -1.5615783014420268, 1.0449047995925116, 7.909752450292082, -4.928930485164987, -3.3344812598681286, -5.014525013025127] 
[0.1839654655624834, 0.5508869234317899, 2.394548887636166, 6.469854246531522, -6.691031921474259, -9.037997266896202, -4.668077895333649, -4.9327515052645925, 6.041176464161182, 1.7141354149345993, 4.730235062519589, -13.673727108840476, 124.51030984795284, 388.7551189856001, -296.44155074660245, 2.462604593060208, -1.1330918103408922, 1.2402683924824747, 8.0528463323756, -4.777298260333312, -3.5526241191219454, -4.796293687356104] 
[0.3724613516378845, 0.739382809507191, 2.583044773711567, 6.658350132606923, -6.87952780754966, -8.8495013808208, -4.479582009258248, -5.121247391339994, 5.8526805780857805, 1.9026313010100004, 4.541739176444188, -13.481018121420915, 124.53733994129817, 388.2638487268665, -296.9558265936141, 2.833007822866216, -0.8072184336939359, 1.480165106110265, 7.823401267123187, -4.957610536740625, -3.7457582934761344, -4.988101327001387] 
[0.32841111725225147, 0.695332575121558, 2.538994539325934, 6.61429989822129, -6.835477573164027, -8.893551615206434, -4.435531774872615, -5.165297625725627, 5.8967308124714135, 1.9466815353956335, 4.497688942058555, -13.432013886327324, 124.55576405140897, 388.1712267124194, -297.0622259530356, 2.944259328979915, -0.7163396388767211, 1.4613946115442664, 7.7745941485255825, -4.901214834909217, -3.6910681994718106, -5.040131292450477] 
[0.42795973186267844, 0.595783960511131, 2.638543153936361, 6.514751283610863, -6.935026187774454, -8.99310022981686, -4.535080389483042, -5.264846240336054, 5.9962794270818405, 2.0462301500060605, 4.597237556668982, -13.547809672546034, 124.49016103912852, 388.04587806636675, -297.2045498574544, 2.9056072521810803, -0.6498444169625599, 1.3212597799025954, 7.908028494043156, -4.826667442512157, -3.602288195754624, -4.956879494847456] 
[0.6097600413510698, 0.7775842699995223, 2.4567428444479695, 6.332950974122472, -6.753225878286063, -9.174900539305252, -4.716880698971433, -5.446646549824445, 5.814479117593449, 1.8644298405176691, 4.4154372471805905, -13.836305781397867, 124.17955812950964, 388.1122780166338, -296.92321360246876, 2.4442401391615447, -1.0872860212489903, 1.1812556796721627, 7.764243310461123, -4.634519968649675, -3.754677718629178, -5.1237488765543775] 
[0.6848589591467729, 0.8526831877952255, 2.3816439266522664, 6.408049891918175, -6.67812696049036, -9.249999457100955, -4.7919796167671365, -5.521745467620148, 5.739380199797746, 1.789330922721966, 4.490536164976294, -13.922570379948077, 124.15219737669118, 388.26326369316774, -296.781725702374, 2.490413131252227, -1.1421916527186258, 1.226614733269104, 7.8101356546549665, -4.553356439146554, -3.6870088530978835, -5.065558836933196] 
[0.8348280692982186, 0.7027140776437797, 2.531613036803712, 6.558019002069621, -6.828096070641806, -9.10003034694951, -4.941948726918582, -5.371776357468702, 5.889349309949192, 1.6393618125705203, 4.640505275127739, -13.751559148496142, 124.20275451014157, 387.95730816042595, -297.08104138585537, 2.6314049561438515, -1.232413183235578, 0.6982345397746864, 8.344309960864477, -4.366752231464388, -3.544645212664749, -4.941758692271445] 
[0.6874189944762605, 0.5553050028218216, 2.6790221116256703, 6.410609927247663, -6.680686995819848, -9.247439421771467, -4.794539652096624, -5.51918543229066, 5.741940235127234, 1.7867708873924784, 4.493096200305781, -13.638899613029784, 124.14131490309917, 387.8947392690782, -296.93132300597557, 2.4808810224116224, -1.1787641672685698, 1.0620752475557473, 7.955610868872225, -4.58099868885666, -3.6863717998840912, -5.079790062716656] 
[0.5576871034000881, 0.42557311174564916, 2.8087540027018427, 6.28087803617149, -6.550955104743675, -9.117707530695295, -4.664807761020452, -5.389453541214488, 5.871672126203406, 1.657038996316306, 4.622828091381954, -13.599008436600018, 123.97469563136679, 388.0548852206375, -297.0119963558339, 2.587462019184116, -1.2623987349615486, 0.6264463499643687, 8.38902930490242, -4.681554398970153, -3.5849177466002855, -4.968534427399489] 
[0.6318282061565625, 0.3514320089891747, 2.882895105458317, 6.355019138927965, -6.476814001987201, -9.04356642793882, -4.590666658263977, -5.463594643970962, 5.945813228959881, 1.5828978935598315, 4.548686988625479, -13.428984170934571, 124.17361531346126, 387.925534329506, -296.9762228747875, 2.6469104370341374, -1.3209540686326333, 0.6691897513663834, 8.440302626135294, -4.758953458654188, -3.6551428804047004, -5.036940265547726] 
[0.4794563249103412, 0.5038038902353961, 3.0352669867045385, 6.507391020174186, -6.324442120740979, -9.195938309185042, -4.743038539510199, -5.615966525217184, 6.098185110206102, 1.43052601231361, 4.396315107379258, -13.491351978300065, 124.33592440743617, 387.75974474835067, -296.8502903878346, 2.4518920297608258, -1.5122122127086954, 0.5757041471031142, 8.333176771266693, -4.597248504479404, -3.522626135818647, -4.90494594414413] 
[0.23316634334736364, 0.7500938717983736, 2.788977005141561, 6.753681001737164, -6.570732102303957, -8.949648327622064, -4.989328521073176, -5.862256506780161, 6.3444750917690795, 1.6768159938765876, 4.6426050889422354, -13.09199083456187, 124.71483039512951, 387.8271739957349, -297.04321507486844, 2.2379590582783995, -1.7741283936457584, 1.6191633493474678, 7.2931058062332665, -4.3740646568290735, -3.338503756525898, -4.714358946206157] 
[0.1752671535455903, 0.807993061600147, 2.7310778153397877, 6.69578181193539, -6.62863129210573, -9.007547517423838, -4.931429331271403, -5.920155696581935, 6.286575901967306, 1.6189168040748143, 4.584705899140462, -13.145650866840068, 124.73990693236279, 387.8653319718402, -297.06156323256107, 2.1620775691620335, -1.887426556843172, 1.9388428936380795, 6.9751915429488625, -4.467737831652713, -3.2837953302835663, -4.660245884400964] 

Time 
104.11360383033752 
