Parameters 
 
[-0.5, -0.5, -0.5, -0.5, -0.5, -0.5, -0.5, -0.5, -0.5, -0.5, -0.5, -0.5, -0.5, -0.5, -0.5, -0.5] 
[-0.6696961585651389, -0.6696961585651389, -0.6696961585651389, -0.33030384143486113, -0.6696961585651389, -0.33030384143486113, -0.6696961585651389, -0.6696961585651389, -0.3807124510700448, -0.3801893100409358, -0.5008207267092788, -0.1579933277814392, -0.9658543873876698, -0.039910083356352266, -0.8206300662360241, -0.5513098771094221] 
[-0.4785203098307269, -0.8608720072995508, -0.4785203098307269, -0.5214796901692731, -0.8608720072995508, -0.13912799270044918, -0.4785203098307269, -0.4785203098307269, -0.84733356364957, 0.18578711970907524, -0.8879426219253173, -0.20144988844830963, -0.8128720204884067, 0.04444808984823431, -0.7110605574311134, -0.4105759976394598] 
[-0.4551983900825505, -0.8841939270477273, -0.5018422295789033, -0.49815777042109666, -0.8375500875513744, -0.1624499124486256, -0.4551983900825505, -0.5018422295789033, -0.8443365865005215, 0.2535096167014805, -0.9637451354259481, -0.15530134420082276, -0.8236295642945941, 0.07635356433494156, -0.7307238284729689, -0.42593830830663093] 
[-0.4416635219804017, -0.897728795149876, -0.5153770976810521, -0.4846229023189479, -0.8510849556535232, -0.17598478055077438, -0.4416635219804017, -0.4883073614767546, -0.815371354083105, 0.1981429051028631, -0.9083109143775238, -0.18584162508161173, -0.8159400359411642, 0.0566952076520041, -0.7186839238690135, -0.416982905832205] 
[-0.3667643613589875, -0.8228296345284618, -0.4404779370596379, -0.40972374169753367, -0.9259841162749374, -0.10108561992936016, -0.3667643613589875, -0.5632065220981688, -0.7246890881299786, 0.13891106567712896, -0.9730698153118442, -0.08913554725361277, -0.831663043350712, 0.1555802422049687, -0.8498553335247182, -0.2933329261828319] 
[-0.8677236918311899, -0.3218703040562594, -0.9414372675318403, 0.09123558877466875, -1.4269434467471398, 0.39987371054284226, -0.8677236918311899, -1.0641658525703712, -0.3261728469647549, 0.5589327606737711, -0.9993384952219461, 0.9155306109094842, -3.1251637901028264, 2.31506161290851, -0.5995045950088669, 0.13210488561550943] 
[-0.4789092693794852, -0.7106847265079641, -1.330251689983545, 0.4800500112263735, -1.038129024295435, 0.011059288091137542, -0.4789092693794852, -0.6753514301186665, -0.0816607891905532, 0.7583327733330433, -0.8958022494900637, 1.2576432259769184, 1.085065905975389, -1.8915539605895506, -0.48131386528441034, 0.4806206729767416] 
[-0.441672649330497, -0.7479213465569523, -1.2930150699345568, 0.5172866312753617, -1.0753656443444233, 0.04829590814012574, -0.5161458894284734, -0.6381148100696783, -0.02434497164793431, 0.7008414380834833, -0.8940852668360545, 1.2101255994821876, 0.9211205643382746, -1.7291883967626567, -0.5077715708250001, 0.4528991823266624] 
[-0.1619495840735108, -0.4681982812999661, -1.0132920046775706, 0.23756356601837547, -1.3550887096014095, -0.23142715711686046, -0.7958689546854596, -0.3583917448126921, -0.48293081229268486, 1.2716187652355473, -1.76800755654681, 2.0227781939641236, 0.8811497872958969, -1.9744990702257108, -0.3131972782836089, 0.6555800796046585] 
[-0.25407407533264026, -0.37607379004083663, -1.1054164959367, 0.145439074759246, -1.447213200860539, -0.139302665857731, -0.7037444634263301, -0.45051623607182156, -0.5618197492782254, 1.1796350000457636, -1.720431203485004, 1.8624138084135353, -0.3655519388708326, -0.7296890215098719, -0.33165283114758504, 0.7597235341047087] 
[-0.4288552900673497, -0.2012925753061272, -0.9306352812019907, 0.3202202894939554, -1.6219944155952484, -0.3140838805924404, -0.8785256781610395, -0.625297450806531, -0.4246733453543636, 1.340616491182573, -1.8349128381221447, 2.182908787670187, 6.065880791921, -7.161384676748467, -0.09501821280114528, 0.7979972078567079] 
[-0.5658498110891226, -0.06429805428435431, -1.0676298022237636, 0.4572148105157283, -1.7589889366170213, -0.4510784016142133, -0.7415311571392667, -0.7622919718283039, -0.15959030169616056, 1.0262379015662095, -1.196121245738344, 1.5559125626093997, 7.474298892651282, -8.564957102159603, 0.2202126181479593, 0.4738781748027902] 
[-0.6957694766866207, 0.06562161131314381, -1.1975494678212617, 0.5871344761132264, -1.6290692710195231, -0.3211587360167152, -0.6116114915417685, -0.6323723062308058, 0.12262191727487731, 0.7415924868765356, -1.053312751385629, 1.5489724222389973, 8.097875494970168, -9.18690804966594, 0.2640893740875012, 0.5845079301609462] 
[-0.7252142735114453, 0.03617681448831922, -1.1681046709964371, 0.616579272938051, -1.6585140678443477, -0.3506035328415398, -0.5821666947169439, -0.6618171030556304, 0.03832277753827425, 0.8273564477540166, -0.922452230381606, 1.4199016043727561, 7.961869076279208, -9.049859019500332, 0.2871012172565337, 0.603839607969192] 
[-0.863533273534205, -0.10214218553444043, -1.3064236710191968, 0.4782602729152914, -1.520195067821588, -0.21228453281878013, -0.7204856947397036, -0.5234981030328707, -0.37906455820069423, 1.2483617484205687, -0.35529304825988206, 0.8541513411074282, 8.062615976938465, -8.985919870626184, 0.38731016386827655, 0.7013369857696437] 
[-0.8636910621067364, -0.10229997410697189, -1.3065814595917282, 0.47841806148782284, -1.5200372792490566, -0.21212674424624867, -0.720643483312235, -0.5233403144603392, -0.37841806031970254, 1.2477154624550115, -0.35531454568283966, 0.8540045905803744, 8.061417807132962, -8.98472058566108, 0.3869387580471693, 0.7017022292592852] 
[-0.7356107511177536, 0.025780336882010868, -1.434661770580711, 0.6064983724768056, -1.6481175902380394, -0.0840464332572659, -0.5925631723232523, -0.3952600034713565, -0.44911804366069263, 1.1718427516137533, -0.2825454923961558, 0.9204325908009576, 8.123519077113212, -8.908127073568624, 0.09578655454685991, 0.9924600299861228] 
[-0.6423808694684605, 0.119010218531304, -1.3414318889314178, 0.6997282541260987, -1.7413474718873325, -0.17727631490655904, -0.6857930539725454, -0.4884898851206496, -0.16745631012949813, 0.890943761679786, 0.20878755849126757, 0.4303327524061329, 7.62725260791293, -8.410805141239038, -0.0922563749075179, 1.1822703020423289] 
[-0.5952017052082819, 0.16618938279148265, -1.2942527246712392, 0.7469074183862774, -1.7885266361475112, -0.2244554791667377, -0.6386138897123668, -0.44131072086047096, -0.20060781424735954, 0.8673625419243115, 0.38817799111236434, 0.250910477636385, 7.608972932248478, -8.443739406183722, -0.06292167615205507, 1.2133020327448045] 
[-0.6419191543828737, 0.11947193361689079, -1.2475352754966473, 0.7001899692116855, -1.835244085322103, -0.17773802999214583, -0.5918964405377749, -0.3945932716858791, -0.1716661489058717, 0.8995096672033542, 0.4264940120906534, 0.2647052096329427, 7.76489563464561, -8.60087405477292, -0.10192663844920695, 1.1870798964727989] 
[-0.5759547746991802, 0.05350755393319728, -1.1815708958129538, 0.766154348895379, -1.9012084650057965, -0.11177365030845232, -0.6578608202214684, -0.3286288920021856, -0.12428762791260978, 0.930774477622076, 0.21100586617649067, 0.4737107556521429, 7.9910195895626295, -8.83671685685865, -0.24788717878693722, 1.3270383833978285] 
[-0.6962324634624646, 0.17378524269648166, -1.0612932070496695, 0.6458766601320947, -2.021486153769081, 0.008504038454832052, -0.537583131458184, -0.20835120323890122, 0.1380694537487797, 0.6695301171838827, 0.3119342437700293, 0.49609625591305095, 8.350672733810285, -9.192936944733612, 0.01994069422155964, 1.0527344073650533] 
[-0.4732490443456867, -0.049198176420296225, -1.2842766261664473, 0.4228932410153168, -2.244469572885859, -0.21447938066194583, -0.31459971234140616, -0.4313346223556791, 0.2632888582700098, 0.8243004909512084, 0.4801421044979485, 0.5904546909496929, 8.453321495845424, -9.042314384370064, -0.42753210034297173, 1.4998879158505742] 
[-0.2790777938406701, -0.24336942692531283, -1.0901053756614307, 0.6170644915203334, -2.4386408233908754, -0.020308130156929227, -0.5087709628464228, -0.6255058728606957, -0.08222734254758785, 1.1567593228839321, 2.016110523373388, -0.9500670324053416, 8.514385877147985, -9.248767804891102, -0.18803227674095208, 1.23993718459201] 
[-0.13897976244354338, -0.1032713955281861, -0.950007344264304, 0.47696646012320665, -2.578738854788002, 0.1197899012401975, -0.6488689942435495, -0.7656039042578224, 0.02817145921394533, 1.2678461134668435, 2.0114047292061303, -1.1599297435951197, 8.87232866208155, -9.5807565957611, -0.424843351028361, 1.47352773676774] 
[-0.21634326268760118, -0.02590789528412829, -1.0273708445083618, 0.5543299603672645, -2.5013753545439443, 0.1971534014842553, -0.5715054939994917, -0.8429674045018802, -0.04181974778117674, 1.2143441117463303, 1.7720023489593846, -0.9300751152114257, 8.959059674156526, -9.71095748318679, -0.27561093279803267, 1.3316143369075253] 
[-0.4526746436779976, 0.21042348570626812, -0.7910394635179654, 0.7906613413576609, -2.7377067355343407, -0.0391779795061411, -0.8078368749898881, -1.0792987854922766, -0.3421937346904599, 1.5127892490032826, 1.9510782612146695, -0.856742705893557, 9.108949832302471, -9.569543962848282, -0.12226256117365875, 1.5138348295480233] 
[-0.530067914280719, 0.2878167563089895, -0.8684327341206868, 0.8680546119603822, -2.6603134649316194, 0.038215291096580284, -0.7304436043871667, -1.156692056094998, -0.2048006560693815, 1.3725126607201723, 1.9199062267819744, -0.6726614727965786, 8.90997898490949, -9.435662382175277, -0.06077303923883983, 1.570268875248691] 
[-0.59252465635601, 0.22536001423369845, -0.9308894761959778, 0.9305113540356733, -2.5978567228563283, -0.024241450978710777, -0.7929003464624578, -1.219148798170289, -0.334328935380938, 1.5108630065755635, 2.002698263833062, -0.6693767477119767, 8.955766225665826, -9.384706478709322, -0.1475124927998513, 1.6559948078473283] 
[-0.46473046453064937, 0.3531542060590591, -1.0586836680213385, 1.058305545861034, -2.4700625310309676, 0.1035527408466499, -0.6651061546370971, -1.3469429899956498, -0.05940665117718674, 1.2405737915912423, 2.0673410361972633, -0.5982274009666175, 9.020311235761373, -9.274365399311518, 0.02352945489162206, 1.4862427185561993] 
[-0.40743387176378887, 0.2958576132921986, -1.001387075254478, 1.0010089530941735, -2.527359123797828, 0.046256148079789394, -0.7224027474039576, -1.4042395827625103, -0.15281578374808957, 1.3264490972942167, 1.9967025447698261, -0.5325214497548443, 9.079895513571357, -9.35429719379156, 0.09505121267383902, 1.4192002368238033] 
[-0.6118302317242796, 0.09146125333170785, -1.2057834352149688, 0.7966125931336827, -2.3229627638373374, -0.15814021188070138, -0.9267991073644484, -1.608635942723001, 0.01727588748667766, 1.4169536472418376, 1.6542717727623075, -0.18485242765694326, 9.094847908389038, -9.159608841493961, 0.2736888737047526, 1.6040358080395731] 
[-0.6119459375826106, 0.09157695919003883, -1.2056677293566378, 0.7967282989920137, -2.3230784696956683, -0.1580245060223704, -0.9269148132227794, -1.608751648581332, 0.017554788034918768, 1.4166683248727374, 1.6538935236691077, -0.18446043730206876, 9.094674187352235, -9.15962934787681, 0.27380681691995234, 1.6041550375341744] 
[-0.528640587504341, 0.1748823092683085, -1.2889730794349075, 0.713422948913744, -2.2397731196173987, -0.07471915594410072, -0.8436094631445097, -1.5254462985030623, 0.21840615420387952, 1.2111877769179893, 1.3816205256924192, 0.09770937367438412, 8.969585489016213, -9.174403177302542, 0.3587314578556441, 1.6900055932959048] 
[-0.4534441512779952, 0.25007874549465425, -1.2137766432085617, 0.6382265126873983, -2.164576683391053, 0.0004772802822450295, -0.7684130269181639, -1.4502498622767166, 0.07530812945507942, 1.3479023004102841, 1.15296454208982, 0.3202593175377899, 9.112980651951807, -9.332171317590493, 0.431695128607372, 1.6123449902990736] 
[-0.32194986329066344, 0.1185844575073225, -1.08228235522123, 0.76972080067473, -2.2960709713783847, -0.13101700770508673, -0.6369187389308322, -1.5817441502640484, -0.012755315236493356, 1.2455766095433891, 1.047384714452903, 0.27380444611825017, 9.043783257301019, -9.417625660358892, 0.5530637633697185, 1.7336957211555657] 
[-0.4777815808910577, -0.03724726009307178, -0.9264506376208357, 0.9255525182751243, -2.451902688978779, 0.02481470989530754, -0.7927504565312264, -1.425912432663654, -0.12320215398407215, 1.1011283351473125, 0.6046611995434876, 0.717354139682086, 9.002452529243584, -9.22792638145084, 0.7231246485287752, 1.8906251769635745] 
[-0.5549526110929714, -0.11441829029498551, -0.849279607418922, 1.002723548477038, -2.374731658776865, 0.10198574009722128, -0.8699214867331402, -1.3487414024617403, 0.02033243061741556, 0.9567000481630119, 0.6703270096482314, 0.747270434691283, 9.04486969684502, -9.166030503789301, 0.6523072510451617, 1.8207346362328811] 
[-0.4330300415140509, 0.007504279283935045, -0.9712021769978425, 1.1246461180559586, -2.4966542283557858, 0.22390830967614184, -0.7479989171542196, -1.2268188328828198, -0.07222810776751036, 0.9006075965154746, 0.39918465543755965, 1.1280720220017462, 8.670568769392537, -8.897561843935847, 0.49280446420334534, 1.9693652925435332] 
[-0.560129947043229, -0.11959562624524311, -0.8441022714686643, 0.9975462125267804, -2.3695543228266076, 0.35100821520532, -0.6208990116250415, -1.0997189273536416, 0.14641062092054236, 0.6824561096282952, 0.5791345851119174, 0.9773536172350248, 8.571057511243508, -8.764213879258062, 0.638261132282621, 1.809733745828354] 
[-0.5375278879119203, -0.14219768537655186, -0.8667043305999731, 0.9749441533954717, -2.346952263695299, 0.32840615607401125, -0.6435010707563502, -1.1223209864849504, 0.19555430805766955, 0.6321403437847953, 0.6057938869439234, 0.9756684592073752, 8.604957741924816, -8.794117382335703, 0.6145923591951947, 1.8382040937894122] 
[-0.3471943616451685, -0.3325312116433037, -0.6763708043332213, 1.1652776796622235, -2.5372857899620507, 0.13807262980725943, -0.4531675444895984, -1.3126545127517022, -0.1705816875240716, 0.978995942275093, 0.9744671203081722, 0.489949039480974, 8.976020862852714, -8.789948282153125, 0.8663062220506428, 1.585885535280414] 
[-0.4739760894201761, -0.20574948386829606, -0.8031525321082289, 1.0384959518872159, -2.6640675177370583, 0.26485435758226705, -0.32638581671459077, -1.1858727849766946, 0.015079321057208134, 0.7959256234694574, 0.9601639645574397, 0.1958145671578319, 9.265480640670754, -8.741438866771265, 1.0038694839442404, 1.4438750328015382] 
[-0.04889282669769868, 0.21933377885418137, -0.37806926938575147, 0.6134126891647385, -3.0891507804595357, -0.16022890514021038, 0.09869744600788666, -1.610956047699172, 0.31125208876300636, 1.0844446043842693, 0.9937051738287166, 1.1892132324684719, 8.173499264592738, -8.124051979845206, 1.2468861636699757, 1.8407217513638796] 
[0.011580044643299647, 0.15886090751318305, -0.31759639804475315, 0.5529398178237401, -3.0286779091185374, -0.09975603379921205, 0.038224574666888333, -1.5504831763581737, 0.2545056306794236, 1.0063267814224595, 0.8929392852141709, 1.2724292338165906, 8.18649349731162, -8.052709973709225, 1.318907547205964, 1.7799676011647214] 
[0.08460201794140021, 0.2318828808112836, -0.3906183713428537, 0.6259617911218407, -3.101699882416638, -0.02673406050111149, 0.1112465479649889, -1.4774612030600731, 0.32817575962927886, 1.0630136008260218, 0.7786299467011203, 1.4622361158171966, 8.011425219062325, -7.969385490876266, 1.2541814075708022, 1.8529395825749855] 
[0.06561531911767249, 0.25086957963501133, -0.371631672519126, 0.606975092298113, -3.1206865812403657, -0.007747361677383768, 0.09225984914126117, -1.4584745042363454, 0.3072532024286719, 1.0394743217948035, 0.7652554092710847, 1.4269513108399685, 8.048953536164689, -7.952097944361765, 1.2358480175715276, 1.8717366578307417] 
[-0.006081825549926645, 0.1791724349674122, -0.29993452785152686, 0.5352779476305138, -3.192383725907965, -0.0794445063449829, 0.02056270447366204, -1.5301716489039445, 0.38262005310455444, 1.0972506299505684, 0.6841998425504372, 1.5054926317389639, 8.08014983393496, -8.023776249223156, 1.3077403461510382, 1.9441761658754768] 
[-0.010741971848776455, 0.183832581266262, -0.29527438155267705, 0.530617801331664, -3.1970438722068146, -0.07478436004613309, 0.01590255817481223, -1.5255115026050947, 0.3872595595258983, 1.1006995607513872, 0.677248830909636, 1.5170020041362549, 8.069647983226936, -8.029297182778175, 1.3026465864952406, 1.9488320719718955] 
[-0.15783833047527507, 0.3309289398927606, -0.14817802292617843, 0.6777141599581626, -3.049947513580316, -0.2218807186726317, 0.16299891680131084, -1.6726078612315933, 0.5330225780413516, 1.2269536228979492, 0.5668692588450499, 1.4576818934485423, 7.944417308846998, -8.172178162926928, 1.4391910599121123, 2.0960264498724737] 
[0.0035176313751361654, 0.1695729780423494, -0.30953398477658967, 0.8390701218085739, -3.2113034754307273, -0.06052475682222047, 0.3243548786517221, -1.511251899381182, 0.7321364386590861, 0.9729570143312627, 0.368230239406241, 1.0593450512600011, 8.36315379413063, -8.335977398017134, 1.5625635516731602, 2.2553974807430945] 
[0.03479904644308407, 0.13829156297440148, -0.34081539984453757, 0.8703515368765218, -3.1800220603627793, -0.09180617189016838, 0.2930734635837742, -1.54253331444913, 0.7007762227175401, 0.9502292966774047, 0.4221211090335124, 0.9284312006923372, 8.488795481292849, -8.296975822943956, 1.5954952651134913, 2.2247394865142045] 
[-0.110622449865168, -0.007129933333850591, -0.1953939035362855, 0.7249300405682697, -3.0346005640545273, -0.23722766819842045, 0.43849495989202625, -1.397111818140878, 0.8513062213996179, 1.09847429928003, 0.4039166266433113, 0.42246458246495844, 8.994914093034858, -8.443905373115609, 1.435994788752935, 2.0780213145346225] 
[-0.1470022898920358, 0.02924990669301719, -0.23177374356315328, 0.6885502005414019, -2.9982207240276595, -0.27360750822528823, 0.40211511986515847, -1.4334916581677457, 0.8921693493769154, 1.0578626591620532, 0.36374505196792734, 0.45049789370372895, 9.016846369429272, -8.491305734290144, 1.391957539719331, 2.111260533326451] 
[0.038902791203839104, 0.21515498778889208, -0.41767882465902817, 0.502645119445527, -2.8123156429317846, -0.08770242712941334, 0.5880202009610334, -1.2475865770718708, 1.1095327862937907, 0.8429989753652506, 0.46552335463040834, 0.8908780274200913, 8.571612582677481, -8.587519342542175, 1.5642305359744, 2.3060506034356045] 
[-0.13670241752202683, 0.390760196514758, -0.24207361593316223, 0.3270399107196611, -2.6367104342059187, -0.2633076358552793, 0.7636254096868993, -1.4231917857977368, 0.9431619413161385, 1.086032620377955, 0.8437331562461718, 0.4439253874316297, 8.907620776526414, -8.496009296210842, 1.7201287344879241, 2.157806589034744] 
[0.1309582325327736, 0.12309954645995758, 0.025587034121638208, 0.059379260664860656, -2.904371084260719, -0.5309682859100797, 0.49596475963209885, -1.6908524358525372, 1.2421746774212583, 0.8372153257358398, 0.9980185643295629, 0.5498075846576155, 9.381656943145288, -9.027975073079965, 1.3880153956513352, 2.3928538520147464] 
[-0.2744509615391233, 0.5285087405318545, 0.4309962281935351, -0.34602993340703625, -2.498961890188822, -0.1255590918381828, 0.9013739537039958, -1.2854432417806403, 0.8907551445286852, 1.253814835603015, 1.4641978314206616, 0.947146277560751, 9.726523617757707, -8.841952106888895, 1.0423726067761625, 2.815250677128694] 
[-0.1960284584183607, 0.6069312436526171, 0.3525737250727725, -0.26760743028627365, -2.577384393309585, -0.2039815949589454, 0.9797964568247584, -1.2070207386598777, 1.020876945292264, 1.0329161092257577, 1.210171122863001, 0.7167603252344461, 9.459987198510296, -8.607243890009048, 1.1581225824550432, 2.919023128396071] 
[-0.22380790314786436, 0.5791517989231134, 0.3803531698022762, -0.2953868750157773, -2.549604948580081, -0.23176103968844908, 1.007575901554262, -1.179241293930374, 1.0011531302785637, 0.9825649400900186, 1.161168029193032, 0.7358116895218996, 9.482288475197302, -8.588485888267646, 1.1816207601774988, 2.898042401175098] 
[-0.13508839306572495, 0.490432288840974, 0.4690726798844156, -0.3841063850979167, -2.6383244586622205, -0.14304152960630967, 1.0962954116364014, -1.2679608040125134, 1.1275754765098502, 0.7795899005244858, 0.9779835918271031, 0.7563809984810692, 9.421218792074173, -8.632822410654624, 1.305953772034045, 3.0258090531032003] 
[-0.2928974364512018, 0.33262324545549715, 0.31126363649893873, -0.22629734171243987, -2.4805154152767437, 0.014767513779167185, 1.2541044550218783, -1.4257698473979903, 1.2466334301382886, 1.1057683954642805, 1.4163974438231408, 1.1480720016549386, 9.66640285012506, -8.571101463698492, 1.523734983318034, 3.2408010456049263] 
[-0.11177725233604674, 0.15150306134034208, 0.4923838206140938, -0.40741752582759494, -2.6616355993918988, 0.19588769789432225, 1.0729842709067232, -1.2446496632828352, 1.5263331687724544, 0.7445415121475838, 1.0676820296509868, 0.9350379101534612, 10.060589057370976, -8.987286413248063, 1.3153249208034985, 3.0310626444584323] 
[-0.156246822419138, 0.10703349125725081, 0.44791425053100253, -0.4518870959106862, -2.70610516947499, 0.24035726797741352, 1.028514700823632, -1.200180093199744, 1.5759067155458142, 0.6982540478037869, 1.0952869951380075, 0.9099902717507373, 10.085055420677703, -8.957838709248794, 1.3741295541999303, 3.091769637075834] 
[-0.16155263113952456, 0.10172768253686426, 0.4532200592513891, -0.45719290463107276, -2.7114109781953766, 0.23505145925702697, 1.0232088921032454, -1.2054859019201305, 1.5805222920443702, 0.7027151789685133, 1.0939144934745102, 0.9190483612739457, 10.097060295871286, -8.967243684787547, 1.3712044844984068, 3.096194094167535] 
[-0.03786652285027925, -0.02195842575238105, 0.5769061675406344, -0.33350679634182745, -2.5877248699061313, 0.3587375675462723, 0.8995227838140001, -1.3291720102093758, 1.4299879147888694, 0.8704966766902805, 1.3159407118023645, 1.1319659128234336, 10.103852685052699, -9.114744582021478, 1.5648725929983487, 3.277325631590561] 
[0.12163196886556493, 0.13754006596346313, 0.7364046592564786, -0.49300528805767163, -2.7472233616219754, 0.1992390758304281, 0.7400242920981559, -1.48867050192522, 1.5960161720674972, 0.6979722213737581, 1.6825592291400704, 1.5277834447155783, 10.307046727946341, -9.01015666286735, 1.3513972903529738, 3.0803758640086576] 
[0.2323107496733674, 0.026861285155660664, 0.6257258784486761, -0.6036840688654741, -2.636544580814173, 0.30991785663823057, 0.6293455112903534, -1.3779917211174175, 1.7262352321924552, 0.8605552686108324, 2.0421107627531394, 1.92446547901821, 10.539601279864245, -8.990440102574695, 1.4537152110589417, 2.975244905108027] 
[0.11986242368260536, 0.1393096111464227, 0.5132775524579141, -0.49123574287471206, -2.748992906804935, 0.19746953064746853, 0.7417938372811155, -1.2655433951266555, 1.8732753080625082, 1.010860234277382, 2.2316950607211496, 2.077895082668252, 10.414447681237242, -8.794083628964655, 1.2848729199806084, 2.8446607670033277] 
[0.11821780128397252, 0.14095423354505554, 0.5116329300592812, -0.4928803652733449, -2.750637529203568, 0.19911415304610136, 0.7401492148824826, -1.2638987727280226, 1.8746998857645114, 1.0090020183323192, 2.228511928636609, 2.074827416092449, 10.414294404845567, -8.792169417349555, 1.2832350027536965, 2.8459792823998753] 
[0.13083086852865522, 0.15356730078973824, 0.5242459973039639, -0.5054934325180276, -2.738024461958885, 0.18650108580141866, 0.7527622821271653, -1.2765118399727053, 1.8635148923398663, 1.0212315124578673, 2.2360958562982005, 2.0595673893311552, 10.398864453467894, -8.801297755346264, 1.2950322175035187, 2.8357222607169073] 
[0.2795775156756197, 0.004820653642773731, 0.6729926444509284, -0.3567467853710631, -2.8867711091058497, 0.03775443865445416, 0.6040156349802008, -1.1277651928257408, 1.6910848473661957, 0.8375291831608812, 2.139168807370864, 2.235022858315788, 10.576955014669718, -8.687862047936907, 1.0956116715167061, 2.648116596757466] 
[0.3042525772371154, 0.029495715204269413, 0.6483175828894328, -0.3320717238095674, -2.862096047544354, 0.06242950021594984, 0.6286906965416965, -1.1030901312642452, 1.656995712441447, 0.8034135947104177, 2.1298528783073327, 2.261530948021368, 10.60448145161857, -8.670263895416067, 1.114895806506297, 2.628133291771796] 
[0.6375919824089142, 0.36283512037606824, 0.3149781777176339, 0.001267681362231432, -3.195435452716153, -0.270909904955849, 0.2953512913698977, -1.436429536436044, 2.1336355082382, 1.2819591250932327, 2.240268865159526, 1.8520453741744967, 10.04737297701316, -8.203517205338697, 1.354142526609663, 2.358102476263117] 
[0.5656634415195261, 0.2909065794866801, 0.24304963682824576, 0.07319622225161959, -3.267363993605541, -0.34283844584523715, 0.22342275048050952, -1.5083580773254321, 2.1046110549540553, 1.3590544078049358, 2.3188894974189975, 1.802970533953496, 9.978312439955562, -8.14934698215743, 1.298686751755025, 2.4279474779330332] 
[0.5083134171580537, 0.23355655512520768, 0.18569961246677336, 0.130546246613092, -3.2100139692440686, -0.40018847020670956, 0.16607272611903712, -1.4510080529639597, 2.076874667289196, 1.4167294615537387, 2.380867390229653, 1.7641451261625558, 9.917623741543702, -8.200888349317486, 1.3385346575068127, 2.3711163048091937] 
[0.30249246748506353, 0.027735605452217538, 0.3915205621397635, 0.33636719628608214, -3.4158349189170587, -0.19436752053371942, 0.37189367579202726, -1.2451871032909696, 1.96255448911804, 1.6099768712036022, 2.5900051022487034, 1.567159281932371, 10.140212204440783, -8.335045002425858, 1.4892341421556878, 2.168037187373983] 
[0.23809042757100274, -0.036666434461843256, 0.4559226020538243, 0.40076923620014293, -3.351432879002998, -0.12996548061965862, 0.43629571570608805, -1.1807850633769088, 1.9132514999521384, 1.6606812629913443, 2.630221529956803, 1.4965445498426702, 10.210673996382361, -8.39356589865195, 1.421154797645499, 2.2246746764314493] 
[0.34472322684478174, 0.06996636481193574, 0.3492898027800453, 0.29413643692636393, -3.458065678276777, -0.23659827989343762, 0.32966291643230905, -1.0741522641031298, 2.051479115956733, 1.7947343552728408, 2.791496108122198, 1.6420027214546415, 10.288059645442813, -8.285321774628592, 1.3070741978085867, 2.0998675418576154] 
[0.5606108879122051, 0.28585402587935915, 0.5651774638474687, 0.07824877585894052, -3.6739533393442003, -0.45248594096086103, 0.5455505774997325, -0.8582646030357064, 1.7170213896459767, 1.4430085680257947, 2.4180245235421647, 1.2262513211149042, 10.588735829109282, -8.364205155496444, 1.5440367779213842, 2.351287776905671] 
[0.5660490154936721, 0.29129215346082615, 0.5597393362660017, 0.08368690344040752, -3.6685152117627333, -0.44704781337939403, 0.5401124499182655, -0.8637027306171734, 1.7220961498658023, 1.4422962614603447, 2.428620865775461, 1.2366012656306424, 10.597812742150323, -8.354915893922012, 1.543168209805333, 2.3564609166002763] 
[0.4024504755917069, 0.4548906933627914, 0.39614079636403643, -0.07991163646155774, -3.8321137516646986, -0.28344927347742876, 0.3765139100163002, -0.7001041907152081, 2.023551098492072, 1.7106512958781435, 2.184694659423761, 0.9693471790942502, 10.271629985908072, -8.750930158045445, 1.2778639097666291, 2.4401417569149615] 
[0.4084764131783776, 0.4488647557761207, 0.39011485877736574, -0.08593757404822844, -3.826087814078028, -0.28947521106409946, 0.3825398476029709, -0.7061301283018788, 2.035235305603339, 1.7267330299773331, 2.2006343744881742, 0.9806810574948709, 10.268116233267522, -8.747864530026266, 1.2737819487979405, 2.4450656771858643] 
[0.49334544374779954, 0.36399572520669876, 0.4749838893467877, -0.0010685434788064718, -3.741218783508606, -0.3743442416335214, 0.2976708170335489, -0.6212610977324569, 1.9535334174127468, 1.7355831609059609, 2.0736230825608226, 0.8476773264593508, 10.190421003752402, -8.722433568648233, 1.2127066569471976, 2.513309874403155] 
[0.6248497282206498, 0.23249144073384853, 0.34347960487393747, -0.1325728279516567, -3.6097144990357557, -0.5058485261063717, 0.42917510150639915, -0.4897568132596066, 1.8517528444669333, 1.8027482195347386, 2.004422023258685, 0.9496390492684093, 10.23026761503473, -8.89708810291945, 0.9906666846011352, 2.332518329465645] 
[0.37110860622404873, 0.48623256273044957, 0.08973848287733643, 0.12116829404494434, -3.3559733770391547, -0.2521074041097706, 0.1754339795097981, -0.2360156912630056, 2.516359057951547, 2.5245305204299737, 2.5143468045154753, 1.3473366612541642, 10.035063267143286, -8.8603763763934, 0.6329447656471967, 1.963870725994973] 
[0.5901532612192253, 0.7052772177256261, 0.308783137872513, -0.09787636095023222, -3.136928722043978, -0.4711520591049472, -0.04361067548537845, -0.01697103626782903, 2.1260974594230695, 1.990508351447613, 2.0766309877098306, 1.5120280100668828, 10.204465719131095, -9.008388968055192, 0.7845656718609859, 1.7697423254698266] 
[0.5799591833825635, 0.715471295562288, 0.2985890600358512, -0.0876822831135704, -3.14712279988064, -0.46095798126828536, -0.03341659764871663, -0.02716511410449085, 2.1239029630290074, 2.0093874007219346, 2.0953688265728063, 1.5070623932219347, 10.214275870297929, -9.027335218874251, 0.7653549800927287, 1.780682569722983] 
[0.6128863922357088, 0.6825440867091426, 0.2656618511827058, -0.12060949196671578, -3.1800500087337853, -0.49388519012143073, -0.000489388795571255, -0.060092322957636224, 2.1230552634894058, 2.0869464477318664, 2.181142393840567, 1.562093030824359, 10.251694842454608, -9.05043413943384, 0.7870480212503019, 1.8129608922021967] 
[0.6982354951299823, 0.5971949838148691, 0.18031274828843236, -0.20595859486098922, -3.2653991116280587, -0.5792342930157042, 0.08485971409870219, 0.02525677993663722, 2.0318159618209433, 2.073750440783222, 2.0650073732067393, 1.4423591544894787, 10.157767848837949, -8.892358329657252, 0.9472409210021917, 1.8982410916572463] 
[0.5747926991461552, 0.473752187831042, 0.3037555442722595, -0.32940139084481634, -3.1419563156442316, -0.45579149703187705, -0.03858308188512494, -0.0981860160471899, 2.14113316239969, 2.0471784525249803, 2.156472869279312, 1.2996396907234318, 9.99471237171324, -9.002267633639986, 1.0027222053914022, 1.7787324592754912] 
[0.4026298710170306, 0.30158935970191747, 0.13159271614313495, -0.5015642189739409, -3.314119143773356, -0.2836286689027525, 0.1335797462439996, -0.27034884417631444, 2.172474558845382, 1.7560948637497744, 1.789508611960785, 0.9484674378009473, 9.714189845137128, -8.886123400184784, 0.8755595647029469, 1.955278435389479] 
[0.4987938242033576, 0.39775331288824445, 0.03542876295680797, -0.4054002657876139, -3.217955190587029, -0.18746471571642553, 0.03741579305767262, -0.17418489098998746, 2.0933943416348795, 1.8017545216208666, 1.7123052111671775, 1.0084563501706136, 9.655212786072058, -8.823719268651873, 0.7831949284682735, 1.8477335445881058] 
[0.5456487935136072, 0.3508983435779949, 0.08228373226705754, -0.35854529647736433, -3.2648101598972787, -0.14060974640617596, 0.08427076236792219, -0.1273299216797379, 2.172991084771504, 1.8759951537843038, 1.6896004053569984, 0.9722271380851859, 9.68398475163301, -8.879547681562533, 0.7241996434933912, 1.7987432075473075] 
[0.37433046616138244, 0.17958001622577013, -0.0890345950851672, -0.5298636238295891, -3.093491832545054, -0.3119280737584007, 0.25558908972014693, 0.04398840567248685, 2.1055283129531395, 2.089098281421988, 1.944567264068343, 1.266175147566154, 9.984215312477861, -8.64357034428053, 0.9438856407721942, 1.9882220241323152] 
[0.375818752623609, 0.1780917297635436, -0.08754630862294066, -0.5313519102918156, -3.0920035460828275, -0.31043978729617416, 0.2570773761823735, 0.04250011921026031, 2.1077795189125488, 2.09121886084808, 1.943494597416386, 1.2653210687070227, 9.98531554475814, -8.644618882451159, 0.9455148508440884, 1.9901019445019064] 
[0.3741949567721723, 0.1764679339121069, -0.08592251277150398, -0.5297281144403789, -3.0903797502313908, -0.31206358314761085, 0.25870117203381016, 0.044123915061696994, 2.1053054476663062, 2.088865021011398, 1.9444915860066003, 1.2685616385933631, 9.988669262753668, -8.646983661167466, 0.9434661726812759, 1.9912302001757862] 
[0.1836524570224367, 0.3670104336618425, 0.1046199869782316, -0.33918561469064334, -3.2809222499811264, -0.12152108339787526, 0.06815867228407457, -0.1464185846880386, 2.41767057058342, 2.4274053604974646, 2.1631260107037367, 1.6392267458618064, 10.378629623533055, -8.95755779574472, 0.5938330461970631, 1.71564561146795] 
[0.08324572931050556, 0.26660370594991134, 0.20502671469016276, -0.2387788869787122, -3.180515522269195, -0.02111435568594411, 0.16856539999600573, -0.24682531239996974, 2.301227767700915, 2.3333300529265912, 2.237742699214243, 1.7177454866712492, 10.290904808713737, -9.057927547729188, 0.6893611403706725, 1.822441286186786] 
[0.0038855597217666293, 0.34596387553865027, 0.12566654510142383, -0.15941871738997326, -3.1011553526804563, -0.10047452527468304, 0.24792556958474465, -0.32618548198870867, 2.2130527809095577, 2.223436115330248, 2.146470631395029, 1.803350433430141, 10.393166561633077, -8.976085082599658, 0.622851378657315, 1.8909838135966053] 
[-0.0031117657294106316, 0.338966550087473, 0.11866921965024657, -0.16641604284115052, -3.1081526781316335, -0.1074718507258603, 0.2409282441335674, -0.33318280743988593, 2.2200325312312033, 2.218628029000915, 2.1529021181957684, 1.812384790600981, 10.401353404631656, -8.970238969874423, 0.6143488919831425, 1.8820200166895338] 
[-0.07845038314739439, 0.26362793266948925, 0.19400783706823033, -0.09107742542316677, -3.1834912955496173, -0.03213323330787654, 0.16558962671558364, -0.4085214248578697, 2.1443505575025466, 2.335626893553106, 2.2784066500296007, 1.9171520409026335, 10.496303910550205, -9.043114828693978, 0.6679024340847056, 1.818687111572817] 
[0.09849624986977235, 0.08668129965232252, 0.37095447008539706, 0.08586920759399996, -3.0065446625324506, 0.1448133997092902, -0.011357006301583095, -0.23157479184070295, 2.3398678088053706, 2.090186156435035, 2.06774062409996, 2.0727719496801025, 10.695060316390757, -8.85282014152209, 0.8277755689593919, 1.6659119400572906] 
[0.16193935721499075, 0.02323819230710411, 0.30751136274017865, 0.022426100248781555, -3.069987769877669, 0.2082565070545086, 0.05208610104363531, -0.29501789918592136, 2.410605976495981, 2.164649966590827, 2.1186868522170714, 2.021423634399076, 10.77379965465465, -8.93741794400492, 0.9026298817509126, 1.7285362978949097] 
[0.10313721509255602, 0.08204033442953884, 0.24870922061774392, 0.08122824237121629, -3.1287899120001037, 0.14945436493207387, -0.006716041078799417, -0.3538200413083561, 2.3408018648074367, 2.096394860603554, 2.200982799863457, 2.1040125462528945, 10.825879437608217, -8.866515548927623, 0.8261783198189678, 1.66600813834309] 
[0.20266033742417067, -0.017482787902075803, 0.34823234294935856, 0.18075136470283093, -3.2283130343317183, 0.049931242600459225, -0.10623916341041406, -0.45334316363997074, 2.249531727060484, 2.1768268917950824, 2.077875991137316, 1.9815740721165571, 10.73449285446202, -8.748308834092482, 0.7084316487725753, 1.7662647925227652] 
[0.28374447384704427, 0.0636013485207978, 0.26714820652648497, 0.09966722827995733, -3.1472288979088447, -0.031152893822414374, -0.025155026987540463, -0.5344273000628443, 2.1475759334136337, 2.073114306483039, 2.2089830820441225, 2.1256437050029997, 10.621732374334265, -8.835542975473217, 0.6387489017480655, 1.6918151054930075] 
[0.19152067721702482, -0.028622448109221654, 0.17492440989646552, 0.007443431649937882, -3.0550051012788253, -0.12337669045243382, -0.11737882361755991, -0.6266510966928638, 2.273411034015646, 2.1934183505420957, 2.088744425441164, 1.9917649836259692, 10.727341927009869, -8.73969909442434, 0.7359977842091024, 1.597487364636458] 
[0.09437992709899534, -0.12576319822725113, 0.07778365977843604, 0.10458418176796735, -3.1521458513968548, -0.2205174405704633, -0.2145195737355894, -0.5295103465748343, 2.1922632278643497, 2.277470518735654, 2.003741460126663, 2.074907180417887, 10.61938185607354, -8.620703172818342, 0.8393991576676036, 1.6848942032672931] 
[0.1577136353900639, -0.06242948993618258, 0.014449951487367496, 0.1679178900590359, -3.2154795596879233, -0.28385114886153184, -0.15118586544452084, -0.46617663828376577, 2.1351384202055685, 2.3438790064647286, 1.9361434033271334, 2.127121014753854, 10.676429843513331, -8.703868588193295, 0.7438676335397654, 1.7653544525887663] 
[0.14791994162500943, -0.052635796171128124, 0.00465625772231304, 0.17771158382409036, -3.2252732534529778, -0.2740574550964774, -0.1609795592095753, -0.4759703320488202, 2.1236127421288167, 2.3328299934317633, 1.9271935476129514, 2.1385940014420526, 10.66558990501639, -8.691476783036169, 0.7560205789430672, 1.7735785242378508] 
[0.10248701326133558, -0.007202867807454272, -0.04077667064136081, 0.1322786554604165, -3.179840325089304, -0.31949038346015124, -0.20641248757324915, -0.43053740368514637, 2.083669562023695, 2.3701303084339216, 1.9705073836367932, 2.0996743535938043, 10.629740942217978, -8.657030929212382, 0.7254128138105016, 1.7323435241565663] 
[0.012875748250668284, 0.08240839720321302, 0.04883459436930648, 0.2218899204710838, -3.269451590099971, -0.40910164847081854, -0.11680122256258185, -0.5201486686958137, 1.9839140986632393, 2.270973919353722, 1.8782657965537752, 2.182335511873926, 10.710822637751834, -8.591565550446239, 0.6373121581236405, 1.8375328861867817] 
[-0.056639583915472524, 0.012893065037072216, -0.020680737796834325, 0.152374588304943, -3.338966922266112, -0.47861698063695934, -0.047285890396441044, -0.45063333652967286, 1.9152067881657586, 2.333944671541289, 1.8093820308874544, 2.086558463762478, 10.816285596143242, -8.459541654658768, 0.7661193447901621, 1.756067008197866] 
[0.05103326032778499, -0.0947797792061853, 0.08699210644642319, 0.2600474325482005, -3.4466397665093695, -0.37094413639370183, 0.06038695384681647, -0.34296049228641534, 1.8133805435635688, 2.2306562526059466, 1.7021958891089952, 1.9977066493677849, 10.704527557139976, -8.560137865308823, 0.8244292312224148, 1.8615375830304326] 
[0.21621028197911984, 0.07039724244514955, -0.07818491520491166, 0.09487041089686565, -3.6118167881607044, -0.20576711474236697, -0.10479006780451838, -0.1777834706350805, 1.657162523398718, 2.4070765007934916, 1.4985334048290064, 1.7360046910592004, 11.02991749687203, -8.20423428827602, 1.122023637978395, 2.042478182984654] 
[0.35947809954966603, -0.07287057512539663, 0.06508290236563452, -0.04839740667368053, -3.468548970590158, -0.34903493231291316, 0.0384777497660278, -0.0345156530645343, 1.477065244410627, 2.2349748692265208, 1.6402545460819913, 1.6039696313453016, 10.765929926574357, -8.502820089120004, 0.9080575644812401, 2.207309062622323] 
[0.16460749145606401, 0.12200003296820539, -0.1297877057279675, -0.24326801476728255, -3.273678362496556, -0.15416432421931114, 0.23334835785962982, 0.16035495502906771, 1.7835313171799672, 2.5530446529563666, 1.4097687502343623, 1.3881305676511735, 10.633912701671338, -8.261576827718342, 1.174310099800424, 2.0220574164543184] 
[0.20023094211573822, 0.08637658230853118, -0.1654111563876417, -0.27889146542695675, -3.3093018131562304, -0.18978777487898535, 0.268971808519304, 0.12473150436939351, 1.814757549983591, 2.5260093351964503, 1.4392478292296154, 1.4115988665857668, 10.598098411002649, -8.307079916699282, 1.1381432360228083, 2.049522976018028] 
[0.16079942750887044, 0.12580809691539896, -0.12597964178077392, -0.31832298003382453, -3.348733327763098, -0.15035626027211757, 0.22954029391243624, 0.1641630189762613, 1.7647157093481927, 2.4724635182937518, 1.3889034024020124, 1.452482900594182, 10.57386785188922, -8.280077675969462, 1.0901234436906777, 1.9976571510708734] 
[-0.07270304495415614, 0.35931056937842554, 0.10752283068225266, -0.5518254524968511, -3.1152308553000716, -0.38385873273514415, -0.003962178550590334, -0.06933945348676529, 2.04830904376875, 2.787813795129817, 1.688402177607202, 1.222337050479788, 10.70160793419248, -8.465609211385953, 1.2533598255980913, 1.8003830901690532] 
[-0.055430054133832396, 0.3420375785581018, 0.09024983986192892, -0.5690984433171749, -3.1325038461203953, -0.4011317235554679, 0.013310812269733407, -0.05206646266644155, 2.032848489078162, 2.7611604197657864, 1.6584840173182216, 1.1831578432975782, 10.664476585972372, -8.492291908792481, 1.2261606239823701, 1.7832097843911112] 
[-0.18897104396834719, 0.208496588723587, -0.043291149972585874, -0.43555745348266006, -3.26604483595491, -0.5346727133899827, 0.1468518021042482, -0.18560745250095634, 2.172151230408794, 2.650766034074602, 1.7496818692657512, 1.105933941869444, 10.757262446277155, -8.58985410783147, 1.3199922584650385, 1.6508170336803918] 
[-0.12204244479661908, 0.2754251878953151, 0.023637449199142235, -0.5024860526543882, -3.199116236783182, -0.6016013125617108, 0.2137804012759763, -0.11867885332922823, 2.1189602976265016, 2.576015494535761, 1.6630439236683012, 1.2238497716233419, 10.871214018819238, -8.6135703196933, 1.3843253884658469, 1.7257062377935426] 
[-0.059411497618302445, 0.21279424071699848, -0.038993497979174396, -0.43985510547607154, -3.1364852896048654, -0.6642322597400274, 0.27641134845429294, -0.0560479061509116, 2.0612239936033503, 2.5342349669781252, 1.7152437489493448, 1.2661759127452594, 10.826807074375346, -8.66463331793058, 1.4086162702926046, 1.667294066228937] 
[0.15499445348831076, 0.4272001918236117, 0.1754124531274388, -0.6542610565826847, -3.3508912407114786, -0.4498263086334142, 0.49081729956090614, -0.2704538572575248, 1.8620498453652239, 2.2717864189908132, 1.4323120627314845, 1.6501551501872425, 11.202427286461694, -8.070765796029466, 2.0507716093517665, 2.0194714340521998] 
[0.15276892499258965, 0.4249746633278906, 0.1776379816231599, -0.6564865850784058, -3.3486657122157575, -0.4520518371291353, 0.48859177106518503, -0.2726793857532459, 1.8592353465031712, 2.2675944850731056, 1.428414616923164, 1.6502959844477445, 11.199708744993643, -8.074642497347051, 2.0474457665758097, 2.0203365952684287] 
[0.2708025699183101, 0.30694101840217014, 0.059604336697439475, -0.5384529401526854, -3.466699357141478, -0.3340181922034149, 0.6066254159909055, -0.15464574082752547, 2.0055275042674254, 2.4714221177184617, 1.5917525737052791, 1.3644877659588284, 10.878898549646005, -8.311840046808449, 1.856262993592365, 2.060628774873826] 
[0.3348749473742534, 0.37101339585811344, -0.004468040758503822, -0.6025253176086287, -3.530771734597421, -0.2699458147474716, 0.5425530385349622, -0.09057336337158217, 1.9227914785444484, 2.398231994069923, 1.6329758183680356, 1.332099649709991, 10.940072893267613, -8.262380760269213, 1.7369198929045893, 1.933046420001605] 
[0.45420608341544666, 0.4903445318993067, 0.11486309528268945, -0.48319418156743543, -3.6501028706386145, -0.15061467870627832, 0.4232219024937689, -0.20990449941277545, 2.0259015762828083, 2.3452722178213063, 1.73457648624453, 1.2143835331228696, 10.943817765017144, -8.441153366341506, 1.4502724162534317, 1.6716568560516134] 
[0.45713300017178726, 0.4874176151429661, 0.11779001203903006, -0.48026726481109483, -3.647175953882274, -0.15354159546261892, 0.4202949857374283, -0.21283141616911605, 2.0232331317760885, 2.345940015865102, 1.7316594737658597, 1.2113585087906458, 10.944222220092984, -8.444210042358277, 1.4477438181956088, 1.673579569896921] 
[0.38486863547593986, 0.5596819798388135, 0.04552564734318265, -0.5525316295069422, -3.5749115891864265, -0.08127723076677151, 0.3480306210415809, -0.28509578086496346, 2.084968598514099, 2.318941236993426, 1.7824332875767195, 1.100345309827356, 10.836043516875796, -8.423836963508556, 1.398855609053645, 1.726575556113309] 
[0.35022574749966795, 0.5943248678150854, 0.010882759366910744, -0.5178887415306703, -3.6095544771626984, -0.11592011874304342, 0.313387733065309, -0.31973866884123536, 2.0994096794947805, 2.2554444216858256, 1.7143890952421317, 1.0336868512567976, 10.77345592721706, -8.413241883021309, 1.3735549697818537, 1.752965368299533] 
[0.2475830534182113, 0.49168217373362877, 0.1135254534483674, -0.4152460474492137, -3.712197171244155, -0.013277424661586767, 0.21074503898385233, -0.2170959747597787, 1.9144016893067493, 1.965707032222765, 1.4586473776600344, 0.9419895262659479, 10.802765432211359, -8.497553565612941, 1.444036669805643, 1.67081131710461] 
[0.36627742036842337, 0.3729878067834167, -0.005168913501844674, -0.5339404143994257, -3.593502804293943, -0.13197179161179884, 0.3294394059340644, -0.3357903417099908, 1.9881853232903393, 1.7578172285981568, 1.2274631828252467, 0.7455662304239863, 10.634958761343686, -8.46286095322406, 1.3458701819863164, 1.7694541735425644] 
[0.40047817433571753, 0.40718856075071086, 0.029031840465449488, -0.5681411683667199, -3.559302050326649, -0.166172545579093, 0.29523865196677024, -0.3015895877426966, 2.0074842052537387, 1.7131362845295137, 1.1777408132699758, 0.822825304700102, 10.728556640161623, -8.398386578480192, 1.3047675012296907, 1.7228080017254017] 
[0.26960775391705427, 0.2763181403320476, -0.10183857995321377, -0.43727074794805665, -3.4284316299079856, -0.29704296599775626, 0.4261090723854335, -0.17071916732403336, 1.9392295132991149, 1.8880488389449765, 1.3655836091591158, 0.5205963546015555, 10.371396088204138, -8.628840233088306, 1.4489918379634978, 1.8931970915623795] 
[0.2423424198907509, 0.303583474358351, -0.12910391397951715, -0.41000541392175327, -3.455696963934289, -0.2697776319714529, 0.3988437383591301, -0.14345383329772998, 1.9584492461111056, 1.8566513272677463, 1.3309608584538197, 0.5109342755864025, 10.407369605539387, -8.577377857041764, 1.5091593032308614, 1.9438966953086716] 
[0.2971128550541562, 0.24881303919494568, -0.18387434914292244, -0.355234978758348, -3.5104673990976942, -0.3245480671348582, 0.4536141735225354, -0.08868339813432469, 1.9097960373490142, 1.8833637071204665, 1.2721810373043618, 0.6147453347722543, 10.520195389728064, -8.507709835689926, 1.4410201922970314, 1.8638833354708775] 
[0.39140339359899246, 0.15452250065010942, -0.2781648876877587, -0.2609444402135117, -3.6047579376425305, -0.41883860567969444, 0.35932363497769915, 0.00560714041051158, 1.7820148363681036, 1.7653329991151945, 1.3262519672653104, 0.6923646475254462, 10.496092277011984, -8.365917650336405, 1.6475815807475247, 2.0436299124930826] 
[0.4025136568063563, 0.16563276385747328, -0.28927515089512257, -0.24983417700614785, -3.5936476744351666, -0.4299488688870583, 0.370433898185063, 0.016717403617875437, 1.7631014068149555, 1.7446316887696394, 1.3082563433180585, 0.7078277487741026, 10.494450205614799, -8.35061046732305, 1.661804334782124, 2.0370885796024734] 
[0.2944500078603842, 0.27369641280344537, -0.18121150194915048, -0.14177052806017576, -3.4855840254891945, -0.3218852199410862, 0.4784975471310351, -0.09134624532809665, 1.6970294021009131, 1.8533138224019383, 1.4880874558402073, 0.5025391803908406, 10.268338352555478, -8.54369926140927, 1.6674328787966586, 1.930876864905732] 
[0.3002174008809324, 0.27946380582399355, -0.1754441089286023, -0.13600313503962758, -3.4913514185097427, -0.3276526129616344, 0.4727301541104869, -0.08557885230754847, 1.6884242335282151, 1.8431575579405002, 1.480287523977288, 0.49932877982169205, 10.27764113060832, -8.53121039190712, 1.6817124342116994, 1.9428555321295897] 
[0.25576864101669416, 0.3239125656882318, -0.21989286879284053, -0.18045189490386582, -3.535800178373981, -0.37210137282587263, 0.42828139424624867, -0.1300276121717867, 1.620289685229378, 1.759831617203237, 1.4050936633230988, 0.554227772481541, 10.261305427439728, -8.4651723274427, 1.781424246731378, 2.0301323383687673] 
[0.46010977513779894, 0.11957143156712702, -0.015551734671735762, -0.3847930290249706, -3.7401413124950857, -0.16776023870476786, 0.2239402601251439, 0.07431352194931806, 1.7593355727858695, 1.4875786767538353, 1.0681341075582662, 0.8039705675010985, 10.118191746166408, -8.405966597266048, 1.4711052055523233, 1.7067464215990942] 
[0.5621927786011125, 0.22165443503044058, 0.0865312687915778, -0.28271002556165703, -3.638058309031772, -0.2698432421680814, 0.12185725666183034, 0.17639652541263162, 1.8235591971774363, 1.4017055813672532, 0.9548663969358856, 0.9442529294009857, 10.23615844178706, -8.459595635543556, 1.3797430359816447, 1.7888803802506135] 
[0.5379065820945894, 0.24594063153696366, 0.062245072285054714, -0.3069962220681801, -3.6623445055382953, -0.24555704566155834, 0.14614345316835342, 0.15211032890610854, 1.8360666216028916, 1.3790541796608584, 0.9285912192115374, 0.9715321098106866, 10.257112012091989, -8.482275522288584, 1.3469426784016751, 1.760811019153511] 
[0.43654326069296845, 0.3473039529385846, 0.16360839368667568, -0.20563290066655915, -3.7637078269399162, -0.3469203670631793, 0.24750677456997439, 0.050747007504487573, 1.9155062727331025, 1.3349352773676155, 1.0137403129945273, 0.849690025244081, 10.160121078788569, -8.403478391127349, 1.4526530981155181, 1.6742074486701948] 
[0.4821417729890567, 0.39290246523467287, 0.20920690598276392, -0.1600343883704709, -3.718109314643828, -0.30132185476709106, 0.29310528686606263, 0.09634551980057582, 1.9533472459549037, 1.3154226503165682, 1.0500226713477672, 0.8271593931398923, 10.26779619377228, -8.280894405983595, 1.5243961036002538, 1.6451166840081053] 
[0.44048029299654745, 0.4345639452271821, 0.25086838597527317, -0.20169586836298015, -3.6764478346513187, -0.3429833347596003, 0.2514438068735534, 0.13800699979308506, 1.9879834916914298, 1.2990218249096268, 1.0814374801822657, 0.8017939491470651, 10.346963892497309, -8.201459889347381, 1.5121758145841366, 1.6834221143206423] 
[0.21126104577435756, 0.663783192449372, 0.021649138753083275, 0.027523378859209746, -3.447228587429129, -0.11376408753741041, 0.4806630540957433, 0.36722624701527495, 1.8987699734550536, 1.6610331243202077, 1.5349256015980808, 1.213024686878933, 10.837917661073526, -7.790919208992436, 1.3352775253890006, 1.4131477006117774] 
[0.2922036321841337, 0.5828406060395959, -0.059293447656692866, -0.053419207550566394, -3.3662860010193527, -0.19470667394718655, 0.5616056405055194, 0.4481688334250511, 1.9484278238734016, 1.4716218919989659, 1.341205130645649, 1.2891413998841241, 10.896000559689975, -7.860730517252646, 1.2704142170506036, 1.4662801336157039] 
[0.4496703380489646, 0.42537390017476495, 0.09817325820813805, -0.2108859134153973, -3.5237527068841836, -0.35217337981201746, 0.7190723463703503, 0.2907021275602202, 2.1451336446158153, 1.6347751353085258, 1.2620968090185523, 1.440609262548021, 10.70533203543996, -8.048888240543928, 1.3388737737108047, 1.3410499248235195] 
[0.6687099777787435, 0.20633426044498604, 0.31721289793791696, -0.4299255531451762, -3.3047130671544047, -0.13313374008223855, 0.5000327066405714, 0.5097417672899991, 1.8059621185069807, 1.331360414367302, 1.3970547142234295, 1.7628894763145035, 11.17849724421159, -7.488439433018644, 2.0840639655311914, 2.001480466341838] 
[0.7291778647665521, 0.2668021474327946, 0.37768078492572554, -0.4903934401329848, -3.244245180166596, -0.19360162707004713, 0.43956481965276284, 0.4492738803021905, 1.6605603437929424, 1.1913957388061371, 1.4542573982718618, 1.8281509089773786, 11.150138197971623, -7.4432769812543285, 1.987005587875138, 1.9007529512319916] 
[0.6738432529316651, 0.3221367592676816, 0.4330153967606125, -0.43505882829809783, -3.299579792001483, -0.13826701523516016, 0.4948994314876498, 0.5046084921370775, 1.6450270715677588, 1.2533256230565182, 1.5449719990291086, 1.9048318794505703, 11.13378932665616, -7.38022594194701, 2.0399345832417914, 1.8653278170024592] 
[0.8038645285003772, 0.19211548369896958, 0.3029941211919005, -0.3050375527293858, -3.429601067570195, -0.2682882908038722, 0.3648781559189378, 0.6346297677057895, 1.593067898318525, 1.3852103929852309, 1.6902230871807875, 1.8649741518305873, 11.233671569263198, -7.48694492938077, 2.116639190420145, 1.7668919870049755] 
[0.8022034766313948, 0.19377653556795194, 0.30465517306088286, -0.3066986045983682, -3.4279400157012128, -0.26994934267285453, 0.36653920778792015, 0.6362908195747718, 1.5917017474876702, 1.3856276293045704, 1.6880229895672463, 1.862855770376617, 11.234243931660696, -7.488883657681362, 2.114839931686232, 1.7680545063624307] 
[0.7982614056900954, 0.18983446462665254, 0.30071310211958346, -0.3027565336570688, -3.4239979447599134, -0.2738914136141539, 0.37048127872921954, 0.6402328905160712, 1.6047784835867427, 1.3985766152170322, 1.6863167952755775, 1.8649311365300436, 11.229220375638535, -7.4952603743571595, 2.1101045926776885, 1.7706810381256775] 
[0.6233962833204072, 0.014969342256964335, 0.4755782244892717, -0.477621656026757, -3.5988630671296016, -0.44875653598384213, 0.5453464010989078, 0.46536776814638303, 2.165680448848679, 1.9474869256900718, 1.523943427692642, 1.6612351789196387, 11.288645073148622, -7.728514281164968, 1.8061245998709425, 1.510842339130773] 
[0.673285806106446, 0.06485886504300309, 0.4256887017032329, -0.5275111788127957, -3.6487525899156403, -0.3988670131978034, 0.495456878312869, 0.5152572909324218, 2.1978733976254072, 1.9171705858046089, 1.5962443005868043, 1.7171639388017035, 11.224947809898167, -7.82565035505414, 1.7317747893178765, 1.5296793037206502] 
[0.6994670579185116, 0.09104011685506874, 0.39950744989116727, -0.5536924306248614, -3.6225713381035747, -0.3726857613857377, 0.5216381301249347, 0.48907603912035613, 2.1306046483115733, 1.8511397396168872, 1.6397608643183814, 1.7744079912663306, 11.263795192138017, -7.852218197230852, 1.680178708233959, 1.4838280312229362] 
[0.7027457571569262, 0.08776141761665412, 0.39622875065275265, -0.5504137313864468, -3.61929263886516, -0.37596446062415234, 0.51835943088652, 0.4857973398819415, 2.1322960031891385, 1.8486639386784613, 1.6353684286699275, 1.7715092712469378, 11.268049800256394, -7.846158851030906, 1.6845424473315318, 1.4823370995629161] 
[0.592718684591564, -0.022265654948708136, 0.5062558232181149, -0.4403866588210845, -3.7293197114305223, -0.2659373880587901, 0.4083323583211578, 0.5958244124473038, 2.0628266356811777, 1.9116585718506482, 1.5979923309229027, 1.981363715966768, 11.529600257053161, -7.677144751503531, 1.556237033605741, 1.3200215787888852] 
[0.5369754325048643, -0.07800890703540775, 0.5619990753048145, -0.3846434067343849, -3.785062963517222, -0.21019413597209047, 0.35258910623445816, 0.6515676645340034, 1.93633604139482, 1.784980092287987, 1.6161234426961366, 1.8909300113068492, 11.392162478797886, -7.7879788290089005, 1.6131294501484952, 1.3938056233211173] 
[0.4373793592460875, 0.021587166223369092, 0.6615951485635914, -0.28504733347560807, -3.685466890258445, -0.11059806271331363, 0.452185179493235, 0.7511637377927802, 1.722707679783525, 1.5613802573128805, 1.8818499119166563, 2.2025628844013396, 11.711755189873344, -7.5290392626407785, 1.520685621486429, 1.2693847539518455] 
[0.34193666065974115, -0.07385553236297726, 0.566152449977245, -0.3804900320619544, -3.5900241916720987, -0.015155364126967275, 0.5476278780795814, 0.8466064363791266, 1.886615927846452, 1.7230583604523635, 1.67608499846491, 2.0111691897546375, 11.845205234744409, -7.3784030757142975, 1.3950941486864759, 1.1340792700995885] 
[0.25038958196707783, -0.16540261105564058, 0.4746053712845817, -0.47203711075461774, -3.4984771129794354, -0.1067024428196306, 0.6391749567722447, 0.7550593576864633, 2.0263924107918827, 1.867285835666706, 1.574851006769441, 2.008702581890565, 11.690362885404005, -7.533927562058659, 1.2532875990498533, 0.9936209912159053] 
[0.13268705099548272, -0.04770008008404547, 0.5923079022561768, -0.35433457978302263, -3.6161796439510305, -0.2244049737912257, 0.5214724258006496, 0.6373568267148682, 1.9419844053107604, 2.0035156340650553, 1.2988757739108034, 1.6626047365637533, 11.380033101145164, -7.732612756673741, 1.440927174867881, 1.1923732064041013] 
[0.12983688440407848, -0.044849913492641225, 0.595158068847581, -0.3514844131916184, -3.6190298105424348, -0.22155480719982146, 0.5243225923920538, 0.6402069933062724, 1.9444698861365852, 2.0007559482878667, 1.304944588433212, 1.6685520300671977, 11.379732906941024, -7.730154431318192, 1.4393749017608293, 1.1946174949508666] 
[0.1624051095210466, -0.012281688375673117, 0.6277262939645492, -0.3840526383085865, -3.5864615854254667, -0.25412303231678957, 0.4917543672750857, 0.6076387681893043, 1.915763335499734, 2.030612207963427, 1.2777533740386764, 1.6808679306564585, 11.356218186330286, -7.716052694700891, 1.388651646642331, 1.1421822354811395] 
[0.2321619486418851, -0.08203852749651164, 0.5579694548437106, -0.31429579918774797, -3.516704746304628, -0.3238798714376281, 0.5615112063959242, 0.5378819290684658, 1.8326363757190565, 1.947917219491919, 1.2265966715197976, 1.713539271316224, 11.322493862936826, -7.645905699348877, 1.4557075023253345, 1.0975849906430908] 
[0.225917769209659, -0.07579434806428553, 0.5517252754114845, -0.30805161975552187, -3.5229489257368543, -0.3301240508698542, 0.5552670269636981, 0.5316377496362397, 1.8276466409004637, 1.9533877815482454, 1.2211191495921472, 1.7158044704883135, 11.317452673830006, -7.643937182056387, 1.4452926225636644, 1.0868259136166425] 
[0.20609673233409298, -0.05597331118871951, 0.5715463122870506, -0.3278726566310879, -3.5031278888612882, -0.3499450877454202, 0.5354459900881321, 0.5514587865118057, 1.802246747923355, 1.928410564461691, 1.2128915723598375, 1.7359303964317707, 11.335822677870457, -7.6626385991033805, 1.425565297822784, 1.0981667258485661] 
[0.1586440927931254, -0.008520671647751943, 0.6189989518280181, -0.37532529617205546, -3.550580528402256, -0.30249244820445265, 0.5828986296290997, 0.5989114260527733, 1.7417155157311979, 1.8644003241044627, 1.3038625765665492, 1.8152752547035078, 11.278102957861135, -7.759176725542226, 1.3134246247105317, 1.0049326868897046] 
[0.1721197189953263, 0.004954954554448943, 0.632474578030219, -0.38880092237425634, -3.537104902200055, -0.31596807440665353, 0.5694230034268988, 0.6123870522549741, 1.7301156632603911, 1.8762742834373582, 1.2701807523878637, 1.7779939655581634, 11.257573167159293, -7.750234041877054, 1.325336116375937, 0.9966266344498288] 
[0.30338033934238284, 0.1362155749015055, 0.5012139576831625, -0.5200615427213129, -3.6683655225471115, -0.4472286947537101, 0.43816238307984223, 0.4811264319079176, 1.8423792154440628, 1.765354822866155, 1.5530782190675145, 2.055999997301163, 11.229205604507632, -7.678071641024927, 1.120430739545465, 0.7794426683082665] 
[0.17516838038992733, 0.00800361594904997, 0.37300199873070694, -0.39184958376885737, -3.540153563594656, -0.31901673580125456, 0.5663743420322978, 0.3529144729554621, 1.6612408912538568, 1.5865377972797752, 1.579547828108586, 1.858907668807739, 11.0173427141443, -7.701968844426093, 0.9172880952171923, 0.5823411563668384] 
[0.3742236579183147, 0.20705889347743733, 0.5720572762590943, -0.19279430624047, -3.3410982860662686, -0.1199614582728672, 0.7654296195606851, 0.5519697504838494, 1.902519438795509, 1.828826584139715, 1.7411870770428404, 1.7425287006349974, 11.1035002534452, -7.921456476763846, 0.7132184611127348, 0.683830386300492] 
[0.4719795748299913, 0.30481481038911395, 0.4743013593474177, -0.09503838932879338, -3.438854202977945, -0.21771737518454382, 0.6676737026490085, 0.6497256673955261, 1.9584634929711056, 1.7119493762227032, 1.4979456067262522, 1.4989030545844295, 10.980713845810088, -7.851869008087942, 0.6605302542346113, 0.7507260510575503] 
[0.4557013671433876, 0.32109301807571766, 0.4905795670340214, -0.11131659701539709, -3.4225759952913415, -0.23399558287114752, 0.6513954949624048, 0.6660038750821298, 1.9246666000211372, 1.6715550844854405, 1.4581695945503297, 1.4668711882159151, 10.999261210336993, -7.834816920894516, 0.6327429837692043, 0.7210719307514105] 
[0.4834415852813234, 0.3488332362136535, 0.5183197851719572, -0.1390568151533329, -3.3948357771534057, -0.2062553647332117, 0.623655276824469, 0.6937440932200656, 1.8677997189599873, 1.601807253951042, 1.3851217223550218, 1.4041362759153322, 10.972278825115177, -7.809958631977362, 0.657304977569127, 0.7047220257261899] 
[0.4414499276082293, 0.39082489388674757, 0.4763281274988631, -0.0970651574802388, -3.4368274348264998, -0.2482470224063058, 0.5816636191513749, 0.7357357508931597, 1.9592170723607591, 1.714952655192915, 1.503880892696273, 1.5061202456815215, 11.017179636429992, -7.846926940130819, 0.6207598937765553, 0.7306521042357587] 
[0.38855376264306374, 0.44372105885191315, 0.5292242924640287, -0.1499613224454044, -3.4897235997916654, -0.19535085744114022, 0.6345597841165405, 0.7886319158583253, 2.0678218489247575, 1.8559749594562132, 1.6516267468915085, 1.6286093302777973, 11.105187223427754, -7.75780348435671, 0.6794212221948747, 0.70091634570139] 
[0.45574146788848013, 0.37653335360649676, 0.5964119977094451, -0.08277361719998799, -3.422535894546249, -0.12816315219572383, 0.7017474893619569, 0.7214442106129089, 1.9773015076055664, 1.787783314743759, 1.7390117435905776, 1.7252780991733006, 11.023381467475012, -7.837395587368042, 0.7792188490504527, 0.8090095159224227] 
[0.43860401930739856, 0.3593959050254152, 0.6135494462905267, -0.09991106578106956, -3.4396733431273305, -0.1453006007768054, 0.7188849379430384, 0.7385816591939904, 1.952283910492094, 1.7685303345003704, 1.768751857068977, 1.7595923376359563, 11.049184319618316, -7.814004810549891, 0.7704983741086576, 0.8219546842044403] 
[0.47214165162906285, 0.3929335373470795, 0.5800118139688624, -0.13344869810273385, -3.473210975448995, -0.1788382330984697, 0.7524225702647027, 0.7721192915156547, 1.9192092629221038, 1.7696949492880591, 1.6949087995840386, 1.6838721900647375, 11.016081409453259, -7.792086287975348, 0.750838670344386, 0.8460200041199847] 
[0.3671298065863877, 0.4979453823897546, 0.47499996892618723, -0.02843685306005872, -3.3681991304063197, -0.2838500781411448, 0.6474107252220276, 0.8771311365583299, 1.975857088300415, 1.654579433583564, 1.5760493843790107, 1.721714289986286, 10.944523062867598, -7.69927248865251, 0.8365478066294298, 0.7823035582601561] 
[0.3961222059811971, 0.46895298299494526, 0.4460075695313779, 0.000555546334750634, -3.397191529801129, -0.3128424775359542, 0.6184183258272182, 0.8481387371635205, 2.025265467642073, 1.7193200070662586, 1.6269200537015154, 1.712284096031229, 10.909234855256809, -7.727396862927504, 0.8754867287339594, 0.8257104470912917] 
[0.46235195880025204, 0.4027232301758903, 0.3797778167123229, -0.06567420648430433, -3.463421282620184, -0.2466127247168992, 0.6846480786462732, 0.9143684899825755, 1.9712728914895536, 1.7548736806159302, 1.594773607367213, 1.7661024820967333, 10.99480474558359, -7.646889844498558, 0.8494917578485451, 0.882456649624126] 
[0.5419236898089506, 0.32315149916719177, 0.45934954772102143, -0.14524593749300285, -3.3838495516114855, -0.1670409937082007, 0.6050763476375747, 0.834796758973877, 1.9417450784800148, 1.876822347999201, 1.7620459103706763, 1.9070634955650012, 11.071991460244577, -7.681311958663924, 0.9694771215073893, 1.0069354664439771] 
[0.5262525209541491, 0.3074803303123903, 0.4750207165758229, -0.1295747686382014, -3.368178382756684, -0.18271216256300216, 0.6207475164923761, 0.8504679278286784, 1.9561963384291667, 1.8743280937752211, 1.787097576308753, 1.9310754841687976, 11.055472974026706, -7.697852244620989, 0.9920548931372692, 1.031108364085815] 
[0.4818663924587665, 0.3518664588077729, 0.4306345880804403, -0.17396089713358398, -3.4125645112520666, -0.13832603406761956, 0.6651336449877587, 0.894854056324061, 1.9902553235689042, 1.8527565117288292, 1.815066277910544, 1.904708852852919, 11.108433553332071, -7.645233413225576, 0.9686636565940299, 1.0666693547400115] 
[0.43606496016010654, 0.39766789110643286, 0.38483315578178034, -0.21976232943224394, -3.3667630789534067, -0.0925246017689596, 0.7109350772864187, 0.849052624025401, 1.909459977057896, 1.7723180834199996, 1.8169118648275364, 1.848660103867644, 11.03611341430886, -7.714265241859309, 0.9270801892764746, 1.0965680205616546] 
[0.41554244904140036, 0.3771453799877267, 0.36431064466307417, -0.24028484055095012, -3.387285590072113, -0.07200209065025343, 0.6904125661677125, 0.8285301129066949, 1.9504721802978384, 1.8249344730448906, 1.866467111195588, 1.8839301280341763, 11.026001522484266, -7.698299554128508, 0.8924564534916135, 1.0611819801507612] 
[0.5078976022445016, 0.46950053319082796, 0.2719554914599729, -0.14792968734784884, -3.2949304368690115, 0.020353062552847856, 0.7827677193708138, 0.9208852661097962, 1.7734421009087258, 1.5993242290506062, 1.654237441322895, 1.7321055590053334, 11.066870864274279, -7.777830876895241, 0.9518229855799717, 0.9943172203361853] 
[0.46801940751580107, 0.5093787279195285, 0.31183368618867346, -0.10805149261914826, -3.255052242140311, -0.019525132175852722, 0.8226459140995144, 0.9607634608384967, 1.8425278593925458, 1.6666667608013805, 1.6476741633018437, 1.7644813664294874, 11.024483200765598, -7.824521409087493, 0.9805889540338835, 0.966712485139691] 
[0.4347587805286435, 0.5426393549066861, 0.34509431317583106, -0.14131211960630585, -3.2883128691274686, 0.013735494811304871, 0.7893852871123568, 0.9940240878256543, 1.8570688876892625, 1.6191368571712867, 1.5993983112387464, 1.782026121687726, 10.996435078133727, -7.794101597671077, 1.0045021905344467, 0.9434911603638185] 
[0.44606080889818545, 0.5539413832762281, 0.3337922848062891, -0.13001009123676388, -3.2996148974970105, 0.0024334664417628993, 0.7780832587428148, 0.9827220594561124, 1.8477177034035268, 1.6245455482521334, 1.5936796212161195, 1.7931818109999262, 11.007828129240758, -7.803579343054307, 0.986168679778396, 0.9250922637791458] 
[0.4034562861637139, 0.5965459060106997, 0.2911877620718175, -0.17261461397123545, -3.257010374762539, -0.04017105629270867, 0.7354787360083432, 0.9401175367216408, 1.9380055976666648, 1.7545082741464806, 1.7146299530782798, 1.8658367818609047, 10.980001148564192, -7.765197292871407, 0.9163171505758286, 0.8552880193675241] 
[0.41974422024513247, 0.5802579719292811, 0.2748998279903989, -0.15632667988981686, -3.2407224406811204, -0.023883122211290075, 0.7191908019269246, 0.9564054708030594, 1.921730305882787, 1.7545471986651326, 1.6924795064227713, 1.8406982650416497, 10.957558164288924, -7.783251235064004, 0.9426211029093176, 0.8819747162238762] 
[0.46053947375570603, 0.6210532254398546, 0.3156950815009725, -0.19712193340039041, -3.281517694191694, -0.06467837572186363, 0.7599860554374982, 0.9972007243136329, 1.8599359890858593, 1.6929344588377149, 1.6929847722547007, 1.7934216579660067, 10.913331138349935, -7.7462359410978525, 0.9729635903670146, 0.852698998614487] 
[0.4549975569925775, 0.6155113086767261, 0.31015316473784393, -0.19158001663726187, -3.2759757774285654, -0.07022029248499218, 0.7655279722006267, 0.9916588075505044, 1.8685754461429085, 1.7015044337624499, 1.6927938646564697, 1.7978824364413886, 10.907722949965054, -7.752746795955098, 0.9685765305652491, 0.8566042788968344] 
[0.2843672879402388, 0.4448810396243874, 0.13952289568550524, -0.020949747584923184, -3.446606046480904, -0.24085056153733087, 0.9361582412529654, 0.8210285384981657, 1.5984883089583026, 1.4243188469342611, 1.6732643029646084, 1.5801658593972256, 10.672269498920588, -7.94863771532379, 1.080913468897058, 0.7284711736299576] 
[0.2441938247661679, 0.4047075764503165, 0.17969635885957613, -0.06112321075899407, -3.486779509654975, -0.28102402471140175, 0.9763317044270363, 0.8612020016722366, 1.5464737878465487, 1.3775609661777801, 1.6893693962045293, 1.5407901093021086, 10.610432532910421, -8.020264084513052, 0.9814058009093924, 0.6352663613527905] 
[0.16568606940490982, 0.32619982108905843, 0.2582041142208342, -0.13963096612025216, -3.408271754293717, -0.35953178007265985, 1.0548394597882944, 0.9397097570334947, 1.598504194603104, 1.2584240605521742, 1.550528546951582, 1.445979518900095, 10.724744815102822, -7.893399015886086, 1.0584684323875937, 0.5967219148894439] 
[0.09175833221025842, 0.25227208389440703, 0.18427637702618282, -0.06570322892560077, -3.3343440170990655, -0.43345951726731125, 0.980911722593643, 1.013637494228146, 1.514755162397768, 1.1955604618354063, 1.629553376999032, 1.5474591449487334, 10.791177402183209, -7.978006997566444, 0.8977722362817151, 0.44559575058810996] 
[0.04545518413007388, 0.2059689358142225, 0.23057952510636737, -0.11200637700578531, -3.288040869018881, -0.3871563691871267, 0.9346085745134585, 1.0599406423083306, 1.4733818935038379, 1.2511213266490244, 1.6824648842376986, 1.5081050588931035, 10.752991257062048, -7.916843096379732, 0.9914650783562906, 0.5292615549519547] 
[0.2158248216802261, 0.3763385733643747, 0.06020988755621515, -0.2823760145559375, -3.458410506569033, -0.21678673163697448, 0.7642389369633062, 1.2303102798584828, 1.6500441661663832, 1.3925953338915127, 1.497679091879766, 1.3166827523463316, 10.939029794145288, -7.646691931145331, 1.3285295156821435, 0.8223787362331655] 
[0.191816962515301, 0.3523307141994496, 0.08421774672114024, -0.25836815539101243, -3.4824183657339582, -0.1927788724720494, 0.7882467961282313, 1.254318139023408, 1.6169757481874782, 1.3471028357918091, 1.4561026594229716, 1.2931135245799585, 10.949144394811068, -7.672920710572833, 1.2934468199075804, 0.7904535136748275] 
[0.21377209148331788, 0.33037558523143273, 0.06226261775312336, -0.23641302642299555, -3.4604632367659414, -0.21473400144006627, 0.7662916671602145, 1.2762732679914248, 1.5910506588382554, 1.3249158378966719, 1.4691581150562414, 1.274637190191338, 10.959489200025272, -7.695547553548656, 1.2623986481954121, 0.7617732049638847] 
[0.2108613703990767, 0.3332863063156739, 0.05935189666888219, -0.23932374750723673, -3.4575525156817, -0.21764472252430744, 0.7692023882444556, 1.2733625469071836, 1.588881730565106, 1.3286123298508778, 1.4730172181925734, 1.270771639779542, 10.954192988837685, -7.700677000576385, 1.2579973870296846, 0.7579968479088197] 
[0.21194288347072332, 0.3343678193873205, 0.058270383597235575, -0.24040526057888334, -3.4564710026100536, -0.21872623559595405, 0.768120875172809, 1.272281033835537, 1.5898400047861898, 1.3279892343592494, 1.4738592194566627, 1.270027325427485, 10.955488355478636, -7.69938349953126, 1.2568457261601007, 0.756686110766029] 
[0.25079503029251926, 0.2955156725655246, 0.09712253041903152, -0.2792574074006793, -3.4176188557882576, -0.25757838241775, 0.806973021994605, 1.233428887013741, 1.6187245728744977, 1.277827687403625, 1.4206282761816267, 1.3016043844589982, 10.935882857145838, -7.658140633165, 1.3117522050990424, 0.8064903914545596] 
[0.24465232420946537, 0.2893729664824707, 0.10326523650208541, -0.2854001134837332, -3.4114761497052037, -0.2637210885008039, 0.8008303159115511, 1.239571593096795, 1.6144101483277669, 1.2855284267962837, 1.4298249173340045, 1.3116032351070654, 10.947384898673912, -7.647403578496197, 1.3216648367512998, 0.8149245385514009] 
[0.26994037533383564, 0.31466101760684095, 0.12855328762645568, -0.31068816460810345, -3.3861880985808335, -0.23843303737643362, 0.8261183670359213, 1.2648596442211653, 1.5926610822003058, 1.3007729295213275, 1.4116879605695327, 1.3427539605662155, 10.975476487528626, -7.670093596640076, 1.2968476292843791, 0.8346187582065548] 
[0.31203921932712264, 0.35675986160012796, 0.08645444363316868, -0.26858932061481644, -3.4282869425741205, -0.2805318813697206, 0.7840195230426343, 1.3069584882144523, 1.6536728781625911, 1.3753565099516236, 1.469199408782395, 1.2854509386150716, 10.901098798235695, -7.738928266931622, 1.2319955728189502, 0.7785638225795375] 
[0.27102533271377327, 0.3157459749867786, 0.12746833024651805, -0.22757543400146707, -3.387273055960771, -0.32154576798307, 0.743005636429285, 1.3479723748278016, 1.5981467597211516, 1.3249088797788433, 1.4889479723130017, 1.2269907169950238, 10.826226223927973, -7.811580192096626, 1.1680606625534937, 0.7262365600166502] 
[0.22749805021944214, 0.27221869249244746, 0.17099561274084918, -0.18404815150713594, -3.34374577346644, -0.36507305047740113, 0.6994783539349538, 1.3914996573221328, 1.662442062927598, 1.4065169884712465, 1.5621331069243822, 1.2731971063826806, 10.798877402955267, -7.784228801282486, 1.1236406717147225, 0.6764089651541904] 
[0.2824311573071552, 0.21728558540473442, 0.22592871982856222, -0.23898125859484898, -3.288812666378727, -0.3101399433896881, 0.7544114610226669, 1.3365665502344197, 1.622384348183409, 1.4749928383379824, 1.6483124266338471, 1.3574222229835382, 10.886079722973758, -7.6899168657007335, 1.2107065331739595, 0.7406799149912768] 
[0.23433068538512858, 0.265386057326761, 0.17782824790653562, -0.19088078667282238, -3.3369131383007535, -0.3582404153117147, 0.7063109891006403, 1.3846670221564463, 1.5828281051924273, 1.506389490103735, 1.6188786923681449, 1.415445845942603, 10.9569758851258, -7.619517696935864, 1.2683328835514185, 0.7013022478475854] 
[0.26840880580920556, 0.299464177750838, 0.14375012748245863, -0.1568026662487454, -3.3028350178766765, -0.3923185357357917, 0.7403891095247173, 1.3505889017323693, 1.6256808628262178, 1.5455509147757713, 1.6008834914294618, 1.452736289421657, 10.990976679405215, -7.65822828873218, 1.2274411255398694, 0.7307807606127388] 
[0.3223074842066578, 0.3533628561482902, 0.19764880587991085, -0.2107013446461976, -3.3567336962741288, -0.4462172141332439, 0.7942877879221695, 1.4044875801298216, 1.695541555875268, 1.6085435694399781, 1.5703043949971915, 1.494055859367446, 10.935617483971217, -7.711212503159449, 1.2598416491263682, 0.68129354396855] 
[0.33139369209589065, 0.34427664825905735, 0.18856259799067798, -0.20161513675696474, -3.347647488384896, -0.437131006244011, 0.8033739958114023, 1.3954013722405887, 1.6808105376783185, 1.5895493098954205, 1.5531215505056428, 1.483046447684157, 10.941469431104151, -7.716674220345959, 1.2683789790298814, 0.6912892312619908] 
[0.2784203779593679, 0.2913033341225346, 0.2415359121272007, -0.2545884508934875, -3.294674174248373, -0.3841576921074883, 0.7504006816748796, 1.4483746863771114, 1.6089955146060013, 1.5280291706586813, 1.5960182754404377, 1.5363202345964655, 10.904515078288469, -7.684948772734143, 1.2178518783137056, 0.6325670882730728] 
[0.31998618159365977, 0.33286913775682647, 0.28310171576149257, -0.2961542545277793, -3.336239977882665, -0.42572349574178014, 0.7088348780405878, 1.4068088827428196, 1.5743424836994147, 1.5542876773138157, 1.5729521964176298, 1.5880004712511153, 10.967528648689568, -7.619473932543704, 1.274282945462422, 0.5953580628809629] 
[0.27415189808764895, 0.28703485425081565, 0.23726743225548175, -0.34198853803379015, -3.382074261388676, -0.47155777924779096, 0.6630005945345769, 1.3609745992368087, 1.6147362928992985, 1.5359872788412599, 1.6250815436313089, 1.6345150156072576, 10.9221256505872, -7.692816001240013, 1.2097212788910665, 0.6349437993757583] 
[0.2341379379505324, 0.2470208941136991, 0.2772813923925983, -0.3019745778966736, -3.3420603012515593, -0.4315438191106744, 0.6229866343974604, 1.4009885593739253, 1.672263644953048, 1.6034361458470572, 1.6722601298268687, 1.584120126089515, 10.857686347895141, -7.735194656337978, 1.2399630312757344, 0.6784115303067759] 
[0.26406095626218873, 0.21709787580204276, 0.30720441070425464, -0.27205155958501726, -3.3719833195632156, -0.46146683742233074, 0.593063616085804, 1.4309115776855816, 1.6977965138477795, 1.5839210810109379, 1.6926484460165803, 1.5641122304045985, 10.874625261815302, -7.777904964111309, 1.1927634749186125, 0.6442612487249194] 
[0.14046112406149236, 0.34069770800273913, 0.18360457850355827, -0.3956513917857136, -3.495583151763912, -0.3378670052216344, 0.7166634482865004, 1.3073117454848853, 1.5958727650030904, 1.6689665910985354, 1.6291941165131014, 1.716307424329698, 11.061680213145426, -7.648412848210171, 1.1066686266112047, 0.514654040889404] 
[0.18907692267571408, 0.38931350661696085, 0.23222037711777999, -0.44426719039993534, -3.4469673531496903, -0.3864828038358561, 0.6680476496722787, 1.355927544099107, 1.6353321303306767, 1.5995748463550177, 1.5493192912981104, 1.6616027159765654, 11.08023247489799, -7.683602349555327, 1.140057617774035, 0.47142748972904897] 
[0.17625435026573344, 0.4021360790269415, 0.24504294952776062, -0.4314446179899547, -3.4341447807397096, -0.37366023142587546, 0.6808702220822593, 1.3431049716891263, 1.6207389710365951, 1.5893924963929404, 1.5635917399744332, 1.6883589637037015, 11.10828354968622, -7.665486026889115, 1.1338231060921622, 0.4834873476163226] 
[0.2056839816359255, 0.37270644765674943, 0.2744725808979527, -0.40201498661976265, -3.4635744121099017, -0.3442306000556834, 0.7102998534524514, 1.3725346030593184, 1.6423694037209333, 1.541057012255242, 1.5036789292205048, 1.6271379508653365, 11.057719456525831, -7.65463262440549, 1.1108318388972063, 0.5098755787847717] 
[0.1327034021410367, 0.29972586816186064, 0.2014920014030639, -0.47499556611465144, -3.390593832615013, -0.2712500205607946, 0.6373192739575626, 1.2995540235644296, 1.5775927515029442, 1.5841867845680992, 1.452590758134936, 1.6576742592692957, 10.972137231845927, -7.740398833597089, 1.1548155693696127, 0.44221258766181804] 
[0.07256133838332035, 0.23958380440414428, 0.26163406516078025, -0.4148535023569351, -3.3304517688572965, -0.21110795680307826, 0.5771772101998462, 1.2394119598067133, 1.52711087864399, 1.6606030647675691, 1.531602338939842, 1.639783281745866, 11.038493034985258, -7.674172436664596, 1.1168365432892946, 0.4965210816242118] 
[0.07679499074989282, 0.24381745677071676, 0.2574004127942078, -0.41908715472350755, -3.334685421223869, -0.21534160916965073, 0.5814108625664187, 1.2436456121732857, 1.5224489928665252, 1.6545225286365701, 1.524960031090541, 1.6353540843982162, 11.041975891453855, -7.6685593017098785, 1.1214421915766406, 0.4930869267511758] 
[0.1641541260921895, 0.1564583214284201, 0.34475954813650445, -0.3317280193812109, -3.4220445565661657, -0.3027007445119474, 0.6687699979087154, 1.156286476830989, 1.615235111679822, 1.7274164422154117, 1.4331380430989817, 1.5403872267021566, 11.075928665542925, -7.766255350854582, 1.0292836642870073, 0.564557169886696] 
[0.18349978046088156, 0.13711266705972802, 0.3254138937678124, -0.3123823650125188, -3.4413902109348578, -0.32204639888063946, 0.6881156522774075, 1.136940822462297, 1.5989526494927984, 1.7463927657570841, 1.4487518693448842, 1.519866066093787, 11.055205107182381, -7.747575075402886, 1.04935693252677, 0.5499960841622067] 
[0.2431509212270453, 0.19676380782589176, 0.26576275300164864, -0.2527312242463551, -3.5010413517010215, -0.3816975396468032, 0.6284645115112437, 1.0772896816961333, 1.5508622251500492, 1.810349224997938, 1.5508292657423193, 1.6336196279459683, 11.139095230690051, -7.775364574557977, 1.0900183428807408, 0.5006422861916486] 
[0.1801646745141281, 0.25975005453880895, 0.20277650628873145, -0.3157174709592723, -3.5640275984139387, -0.318711292933886, 0.5654782647983265, 1.014303434983216, 1.469680102952928, 1.7332860658279394, 1.578638940719556, 1.549145154653906, 11.01324332841409, -7.913898815099226, 0.9632058773584335, 0.40488044435842924] 
[0.15119997815513075, 0.2307853581798116, 0.2317412026477288, -0.3446821673182696, -3.5350629020549413, -0.34767598929288335, 0.5365135684393292, 0.9853387386242187, 1.4953409916180977, 1.7142088114905725, 1.6006323711669415, 1.5369863100490209, 11.059157916971335, -7.858986134381726, 1.000317447400308, 0.38589033388576943] 
[0.1327537955284055, 0.24923154080653687, 0.21329502002100353, -0.32623598469154436, -3.5535090846816666, -0.3292298066661581, 0.5180673858126039, 1.003784921250944, 1.5117321537361197, 1.7001939025089996, 1.6098460758975166, 1.5077704512093328, 11.017316946392594, -7.901788518026601, 0.9627471031926002, 0.3574674254330934] 
[0.24928685608626866, 0.36576460136440003, 0.3298280805788667, -0.4427690452494075, -3.4369760241238034, -0.21269674610829492, 0.6346004463704671, 1.1203179818088072, 1.6112103333474677, 1.5672377228058447, 1.4877125619911418, 1.642440704066721, 11.16319708901318, -7.927718487164783, 1.1113507267194123, 0.5114031847306979] 
[0.21261712872960858, 0.32909487400773996, 0.2931583532222066, -0.40609931789274745, -3.4003062967671434, -0.17602701875163485, 0.6712701737271272, 1.083648254452147, 1.5852073033047378, 1.6135355583785964, 1.5353424700369158, 1.626991806733196, 11.18435283800678, -7.964757449476147, 1.0756356633882969, 0.5390616329787837] 
[0.22083877766343507, 0.32087322507391347, 0.3013800021560331, -0.41432096682657393, -3.392084647833317, -0.18424866768546133, 0.6630485247933007, 1.0918699033859736, 1.5966098460934703, 1.6294643553037134, 1.5532973754365647, 1.6465592800573452, 11.203048809739085, -7.950407022159164, 1.0892337600866353, 0.5511812435370681] 
[0.2549590151037191, 0.28675298763362944, 0.2672597647157491, -0.44844120426685796, -3.357964410393033, -0.21836890512574536, 0.6971687622335847, 1.1259901408262576, 1.5541450021959433, 1.5893205738778429, 1.5628375856767995, 1.5969841146642092, 11.154945551832535, -7.930323054086521, 1.0655995962713054, 0.5787111394935942] 
[0.2713933747814221, 0.2703186279559264, 0.25082540503804607, -0.43200684458915495, -3.374398770070736, -0.20193454544804235, 0.6807344025558817, 1.1095557811485546, 1.5331388638830532, 1.5704217036961239, 1.5727513590571798, 1.5902739037038902, 11.173214133956215, -7.906100564144528, 1.0923407328489743, 0.6023576464198266] 
[0.24217288134218906, 0.24109813451669337, 0.2800458984772791, -0.461227338028388, -3.403619263509969, -0.2311550388872754, 0.7099548959951147, 1.1387762745877876, 1.5714028754603475, 1.6054280768024014, 1.5563027944535004, 1.6089090912988497, 11.155445436066543, -7.886138114173624, 1.0553431996166445, 0.5629845602929981] 
[0.31168267901546587, 0.3106079321899702, 0.2105361008040023, -0.3917175403551112, -3.334109465836692, -0.3006648365605522, 0.6404450983218379, 1.2082860722610644, 1.5210207873585249, 1.6875648184714556, 1.6656514530055382, 1.6985299108678782, 11.14050539906686, -7.808430541112486, 1.1242942271642815, 0.5117918547230756] 
[0.27087026118049495, 0.3514203500249411, 0.25134851863897323, -0.3509051225201403, -3.374921883671663, -0.2598524187255813, 0.6812575161568089, 1.2490984900960354, 1.5841294101578616, 1.7639252595649044, 1.725833850412189, 1.685732213181793, 11.18675047437862, -7.748501043476977, 1.1728016864473798, 0.48079731647248547] 
[0.22237561540582762, 0.30292570425027376, 0.29984316441364056, -0.3993997682948076, -3.4234165294463303, -0.3083470645002486, 0.6327628703821415, 1.200603844321368, 1.6283208871678734, 1.7467960006519982, 1.7889099242085056, 1.7773241705465377, 11.277098540407108, -7.690434719273178, 1.1244599537778783, 0.42300005275507624] 
[0.18512823748449536, 0.340173082171606, 0.2625957864923083, -0.36215239037347535, -3.4606639073676626, -0.3455944424215809, 0.5955154924608093, 1.1633564664000358, 1.6741906789154792, 1.7877565445433155, 1.767532347732056, 1.7945855141533227, 11.236652375894359, -7.728768607735294, 1.1618431778559, 0.46786858069645326] 
[0.20741338480891303, 0.31788793484718836, 0.24031063916789064, -0.3398672430490577, -3.4829490546920803, -0.36787958974599855, 0.5732303451363916, 1.141071319075618, 1.6910640778108672, 1.7565693431984128, 1.7301791686009966, 1.7719022745468413, 11.261738466289403, -7.691919540212715, 1.190535093120418, 0.4515838916638934] 
[0.18724853544958764, 0.33805278420651375, 0.22014578980856525, -0.3600320924083831, -3.462784205332755, -0.34771474038667316, 0.593395194495717, 1.1209064697162927, 1.7182784416681978, 1.7926076178992922, 1.7656922776647808, 1.793681881437985, 11.24222103227835, -7.71228480894939, 1.2100191716287814, 0.4758566806840851] 
[0.19596593552940478, 0.3467701842863309, 0.2288631898883824, -0.3687494924882002, -3.4540668052529377, -0.338997340306856, 0.5846777944158998, 1.1296238697961098, 1.7117760210534148, 1.8052199446409611, 1.7815320687564964, 1.8098216107706915, 11.25561186474326, -7.7144148207966925, 1.2207177120672807, 0.48701993258842696] 
[0.1637282133137643, 0.37900790650197136, 0.26110091210402286, -0.33651177027255974, -3.4218290830372973, -0.30675961809121555, 0.5524400722002594, 1.1618615920117503, 1.754811346824544, 1.8641833609386431, 1.8395762554990438, 1.8433006939254784, 11.224745970796345, -7.7506974245796565, 1.2370215626703125, 0.4584059340018424] 
[0.1842666870054228, 0.39954638019362987, 0.24056243841236435, -0.31597329658090123, -3.442367556728956, -0.32729809178287406, 0.5319015985086009, 1.1413231183200918, 1.7283872700485055, 1.8253165610849174, 1.7989529927444419, 1.8151289384753375, 11.229843605512535, -7.778037596862117, 1.2043510518474976, 0.4313685527336149] 
[0.22925084961373843, 0.35456221758531425, 0.28554660102067997, -0.2709891339725856, -3.39738339412064, -0.28231392917455844, 0.5768857611169165, 1.0963389557117762, 1.7816597636262805, 1.8744196827350101, 1.78583210399182, 1.8804455128745696, 11.30987845130367, -7.7171946377065295, 1.183635057655889, 0.4722100959015006] 
[0.22778432548411987, 0.3530956934556957, 0.28701312515029853, -0.2724556581022042, -3.3959168699910216, -0.2808474050449399, 0.578352285246535, 1.0948724315821576, 1.7796548056967245, 1.8718931635001508, 1.7838817326020249, 1.8817647427862114, 11.311283408476227, -7.7188577548963835, 1.1813086464156841, 0.4701868323075498] 
[0.21259154635481936, 0.3379029143263952, 0.30220590427959904, -0.2876484372315047, -3.411109649120322, -0.2656546259156394, 0.5631595061172345, 1.0796796524528571, 1.7587541432758083, 1.8449549644723264, 1.7612354635368792, 1.8866509346397096, 11.2932157390039, -7.736448365977511, 1.1893603904565562, 0.45693161148956957] 
[0.24759076757859733, 0.3029036931026172, 0.26720668305582107, -0.2526492160077267, -3.4461088703441, -0.2306554046918614, 0.5281602848934566, 1.114678873676635, 1.8002523134933115, 1.8776027427214814, 1.726931953550114, 1.8517246474626843, 11.328875527553711, -7.6967577014140325, 1.1702278811853675, 0.48728273577724035] 
[0.27331230558292363, 0.2771821550982909, 0.24148514505149477, -0.278370754012053, -3.4718304083484264, -0.2049338666875351, 0.5024387468891303, 1.1404004116809614, 1.7812476757063556, 1.9063182447122506, 1.753602718093923, 1.8227902161439833, 11.286611453243582, -7.731741999472241, 1.1844657539893189, 0.4646378898068783] 
[0.32770290805408964, 0.2227915526271249, 0.29587574752266077, -0.22398015154088702, -3.4174398058772604, -0.1505432642163691, 0.5568293493602963, 1.0860098092097954, 1.8267082463730357, 1.8719216214772092, 1.7856204199785362, 1.7614201683502155, 11.230903778372785, -7.685313974056157, 1.2380639369549422, 0.42079106584465975] 
[0.28426848505983715, 0.2662259756213774, 0.2524413245284083, -0.18054572854663453, -3.460874228871513, -0.10710884122211661, 0.6002637723545488, 1.042575386215543, 1.7665692711324508, 1.8187078120320483, 1.83109196390802, 1.807171793279185, 11.180565432461849, -7.747231830414381, 1.1950714693159585, 0.453756634508015] 
[0.3414827068983297, 0.20901175378288483, 0.19522710268991572, -0.2377599503851271, -3.4036600070330203, -0.16432306306060918, 0.6574779941930413, 1.0997896080540355, 1.7164919304837905, 1.8450845212068328, 1.760393671181055, 1.7230809658553035, 11.119280548783895, -7.715273244702039, 1.1181783961110767, 0.37477731434074507] 
[0.2983418145051471, 0.1658708613897022, 0.23836799508309836, -0.28090084277830973, -3.3605191146398377, -0.20746395545379182, 0.6143371017998587, 1.0566487156608528, 1.752630635501253, 1.8237100799004387, 1.8121539866187855, 1.7920452504392999, 11.192219551601934, -7.6572701895231114, 1.0921455666249598, 0.41079609994344946] 
[0.27697078750839355, 0.18724188838645572, 0.2597390220798519, -0.2595298157815562, -3.339148087643084, -0.1860929284570383, 0.6357081287966122, 1.0780197426576064, 1.7705518214745553, 1.8118100299973157, 1.8400343622031947, 1.8292936046522548, 11.228876763395398, -7.630376183012545, 1.080202484773281, 0.4288541284525691] 
[0.2951960615200062, 0.2054671623980684, 0.24151374806823922, -0.2777550897931689, -3.3209228136314715, -0.16786765444542562, 0.6174828547849995, 1.096245016669219, 1.7461908087592035, 1.7889720439996737, 1.8512000265041544, 1.8165520721361814, 11.240228039265046, -7.650627443145255, 1.0518280263180535, 0.4027964585571258] 
[0.28827577030394425, 0.21238745361413036, 0.23459345685217725, -0.28467538100923084, -3.3140025224154095, -0.1747879456614876, 0.6105625635689376, 1.089324725453157, 1.741453147423909, 1.7966355571239052, 1.8622404921383442, 1.828399564325637, 11.249546824405936, -7.654797143232206, 1.0605907037917506, 0.4120024244532463] 
[0.2542906303846064, 0.2463725935334682, 0.20060831693283943, -0.250690241089893, -3.3479876623347473, -0.2087730855808254, 0.6445477034882754, 1.0553395855338192, 1.6912084064022972, 1.7381291543391888, 1.8085283777669132, 1.7906750815835155, 11.279179161347619, -7.619032616044066, 1.0390379963877805, 0.4403525242226004] 
[0.24974819438992713, 0.2418301575387889, 0.20515075292751872, -0.2552326770845723, -3.3525300983294266, -0.2133155215755047, 0.6400052674935961, 1.05079714953914, 1.6976819401238152, 1.7460446989851837, 1.816283338685098, 1.7980549723703416, 11.285002800834352, -7.621477082865755, 1.0450007341812868, 0.44662260888057] 
[0.21691124954685792, 0.2746671023818581, 0.23798769777058792, -0.2223957322415031, -3.3196931534863574, -0.2461524664185739, 0.6071683226505269, 1.0836340943822091, 1.6733435955450653, 1.7814602638129502, 1.853341598480561, 1.7780709461774962, 11.308837230816822, -7.6425497202915285, 1.0874304238156391, 0.49176460998142735] 
[0.2736124996649889, 0.2179658522637271, 0.18128644765245694, -0.2790969823596341, -3.3763944036044884, -0.18945121630044293, 0.6638695727686579, 1.0269328442640782, 1.714906109576421, 1.7083782045136147, 1.7562559324437637, 1.6805990150750512, 11.217428897169954, -7.726949490009793, 1.0245762161738727, 0.5321845729034453] 
[0.28253410967869685, 0.20904424225001916, 0.172364837638749, -0.28801859237334204, -3.3853160136181963, -0.18052960628673498, 0.6549479627549499, 1.0180112342503702, 1.7021396761476533, 1.6938044286916576, 1.745102201724744, 1.6850454519879772, 11.207609565680011, -7.736371580169355, 1.0360580740162038, 0.5447014918335421] 
[0.295912656043829, 0.19566569588488703, 0.18574338400388113, -0.2746400460082099, -3.371937467253064, -0.16715105992160284, 0.6415694163898178, 1.004632687885238, 1.7118053701303593, 1.6801903152177935, 1.7304768263198007, 1.693911241134745, 11.199655890601303, -7.723116174631762, 1.0482677741355364, 0.5351644307240891] 
[0.27845650609000616, 0.1782095459310642, 0.20319953395770396, -0.2571838960543871, -3.3544813172992414, -0.14969490996778, 0.624113266435995, 0.9871765379314152, 1.6857449490200969, 1.650110555818796, 1.7021951187354891, 1.6633552903482274, 11.16817760052154, -7.751234169771571, 1.0186718802171468, 0.508340131519779] 
[0.22884780625428336, 0.1286008460953414, 0.15359083412198116, -0.3067925958901099, -3.404090017134964, -0.1993036098035028, 0.6737219662717178, 1.036785237767138, 1.6448142731418833, 1.682189758007749, 1.6635150031763295, 1.692372525171305, 11.1141246004467, -7.808200381547555, 1.0488004843175374, 0.46832495497265564] 
[0.27556179003175574, 0.17531482987281377, 0.20030481789945354, -0.2600786121126375, -3.4508040009124366, -0.2460175935809752, 0.6270079824942454, 0.9900712539896657, 1.704034746211284, 1.7377785487039823, 1.6274731335105463, 1.7187182151943627, 11.061543284109636, -7.8637134393273564, 1.0752402912076229, 0.42984094917130056] 
[0.25608298794292184, 0.19479363196164767, 0.18082601581061963, -0.2795574142014714, -3.4313251988236027, -0.2654963956698091, 0.6075291804054115, 0.9705924519008318, 1.720421714380948, 1.7262382778518135, 1.6490450033650839, 1.7397991151655368, 11.051203940200562, -7.849413137728491, 1.063372596373319, 0.44561462638493565] 
[0.2734424818653065, 0.21215312588403235, 0.1981855097330043, -0.29691690812385607, -3.413965704901218, -0.24813690174742442, 0.6248886743277962, 0.9532329579784471, 1.7073575077992045, 1.7435229378230739, 1.6662636742052117, 1.7201952735872077, 11.03134957760411, -7.839584406886301, 1.0523790796205215, 0.4595538160300096] 
[0.22186198966589332, 0.26373361808344553, 0.14660501753359112, -0.34849740032326926, -3.465546197100631, -0.2997173939468376, 0.573308182128383, 1.0048134501778603, 1.6403684162238676, 1.6851555042676751, 1.7210884638012147, 1.8008573771791363, 11.100089396027181, -7.8601378027042434, 1.1247588015737204, 0.5349018679687824] 
[0.20221443896374725, 0.2833811687855916, 0.12695746683144504, -0.3288498496211232, -3.445898646398485, -0.3193649446489837, 0.5536606314262369, 1.0244610008800064, 1.6550195288953753, 1.6616359815662696, 1.693325054294585, 1.7842671216995911, 11.121127241203775, -7.836686810020622, 1.1153597225683436, 0.5519374105953943] 
[0.20813565523950617, 0.2774599525098327, 0.13287868310720397, -0.3347710658968821, -3.451819862674244, -0.3252861609247426, 0.547739415150478, 1.0185397846042474, 1.6627746822489569, 1.671146683679732, 1.7010322833072962, 1.777330601595448, 11.114904040194403, -7.829934111653387, 1.1251992022030848, 0.5604107225626319] 
[0.2184002663206681, 0.28772456359099463, 0.12261407202604202, -0.32450645481572016, -3.441555251593082, -0.31502154984358066, 0.537474804069316, 1.0082751735230855, 1.6706257403037932, 1.659001994465889, 1.688081104173777, 1.7818138010370757, 11.101287072933847, -7.847293234207974, 1.1122114771507476, 0.567313220720267] 
[0.21557198678731426, 0.2848962840576408, 0.12544235155939587, -0.327334734349074, -3.438726972059728, -0.3178498293769345, 0.5403030836026699, 1.0111034530564393, 1.668158276417631, 1.6607386773658257, 1.6859754403919698, 1.7840188935154606, 11.099999930746746, -7.844009104721359, 1.1153522352832126, 0.565300303271273] 
[0.22990231140518746, 0.2705659594397676, 0.13977267617726907, -0.3130044097312008, -3.4530572966776014, -0.3321801539948077, 0.5546334082205431, 0.9967731284385661, 1.679060228724696, 1.6440380321967172, 1.6690576918001916, 1.8012734216486643, 11.115893108699687, -7.858059100311232, 1.1001134899739529, 0.5756772988294115] 
[0.2773596648492185, 0.3180233128837986, 0.1872300296213001, -0.2655470562871698, -3.4055999432335704, -0.37963750743883873, 0.6020907616645741, 1.0442304818825972, 1.6200730243391066, 1.5915322432407064, 1.699730894836668, 1.7758044486838322, 11.17815294567549, -7.777533956467456, 1.1603960397234843, 0.5445164847636582] 
[0.21966608159737122, 0.37571689613564585, 0.24492361287314734, -0.32324063953901705, -3.347906359981723, -0.32194392418699147, 0.5443971784127268, 0.9865368986307499, 1.5687777345265643, 1.6161328592263975, 1.6328853495213052, 1.6795538460182557, 11.069069490840938, -7.8948247960109335, 1.0447883570955254, 0.4562595818701426] 
[0.23447507869324768, 0.3609078990397694, 0.23011461577727088, -0.3084316424431406, -3.3330973628858467, -0.33675292128286793, 0.5295881813168504, 1.0013458957266264, 1.558404494644929, 1.638015807257307, 1.659297965711171, 1.698258839842154, 11.063256698780357, -7.876621087817727, 1.0616448556514793, 0.4460185055930038] 
[0.2593134701079376, 0.3360695076250795, 0.20527622436258097, -0.2835932510284507, -3.3579357543005366, -0.311914529868178, 0.5047497899021605, 1.0261842871413163, 1.5370322893152568, 1.653962206336986, 1.6465996061561279, 1.7317394191353785, 11.101939140155629, -7.85249664610287, 1.0354430019601746, 0.4144442003430239] 
[0.22182306128087648, 0.29857909879801836, 0.16778581553551986, -0.3210836598555118, -3.3954261631275977, -0.2744241210411169, 0.5422401987292216, 1.0636746959683774, 1.483488840522362, 1.5876472227479992, 1.5957660353670218, 1.7715296032302148, 11.14563680640053, -7.875125681408294, 1.0594203678849918, 0.38267122823582406] 
[0.24891113571770918, 0.32566717323485106, 0.19487388997235255, -0.2939955854186791, -3.368338088690765, -0.3015121954779496, 0.5151521242923889, 1.09076277040521, 1.446381549672552, 1.5399988844312855, 1.5506744034117559, 1.7416680605431314, 11.159102711459727, -7.895303404079181, 1.0764298225859663, 0.3596867059909388] 
[0.23451400233860342, 0.3112700398557453, 0.2092710233514583, -0.27959845203957334, -3.3539409553116593, -0.28711506209884385, 0.5295492576714946, 1.0763656370261043, 1.4336127221920127, 1.546975342457572, 1.536077885883306, 1.7284459623289403, 11.17259675655537, -7.881871521434005, 1.0615865202609691, 0.34206479909286974] 
[0.2588731221143914, 0.28691092007995733, 0.23363014312724628, -0.25523933226378537, -3.3295818355358713, -0.31147418187463183, 0.5539083774472826, 1.1007247568018923, 1.3992088676925027, 1.5015659391682672, 1.489953354896445, 1.683551179968687, 11.128001118346369, -7.92505389709317, 1.0190632597090747, 0.30792983490547376] 
[0.26396561391125006, 0.292003411876816, 0.22853765133038761, -0.2501468404669267, -3.3244893437390126, -0.30638169007777316, 0.5488158856504239, 1.0956322650050336, 1.4064329262283628, 1.510247532639156, 1.496774849729091, 1.680845041314711, 11.13181698417932, -7.928677125136705, 1.022236295396358, 0.30355696954231276] 
[0.2514210002686892, 0.3045480255193769, 0.21599303768782674, -0.2626914541094876, -3.3370339573815735, -0.31892630372033404, 0.5362712720078631, 1.1081768786475945, 1.3973806793200818, 1.5242244771434923, 1.510422904094333, 1.6680970404365278, 11.118858301612793, -7.91315241585668, 1.04261886313933, 0.3207395374053863] 
[0.25307476703035237, 0.3028942587577137, 0.21433927092616356, -0.2610376873478244, -3.3353801906199103, -0.31727253695867086, 0.5379250387695262, 1.1098306454092577, 1.3953320786301822, 1.5225608437665037, 1.512101988713942, 1.6706155976662895, 11.121001516356198, -7.9139229322934606, 1.0445159350931934, 0.32280407331135874] 
[0.25997798649314463, 0.30979747822050596, 0.22124249038895583, -0.25413446788503213, -3.3422834100827026, -0.3241757564214631, 0.5448282582323185, 1.11673386487205, 1.4039039059570155, 1.5295429378126977, 1.5051217218461435, 1.6601781400062523, 11.112252048340082, -7.909756000156513, 1.039990791572316, 0.3287274738288111] 
[0.2893700428445283, 0.3391895345718896, 0.25063454674033947, -0.2247424115336485, -3.371675466434086, -0.2947837000700795, 0.5154362018809349, 1.0873418085206663, 1.43012361854768, 1.5165851847130367, 1.5399642946111674, 1.705535859797518, 11.149353582123924, -7.927211823816205, 1.0592855582511005, 0.3034931234583649] 
[0.2733010222656742, 0.35525855515074367, 0.26670356731919354, -0.20867339095479442, -3.355606445855232, -0.2787146794912254, 0.5315052224597889, 1.0712727879418122, 1.4435632306189927, 1.5068137258650611, 1.548643032960647, 1.6863625577296306, 11.125171781648529, -7.946402532844842, 1.0675032526389372, 0.28922577682085665] 
[0.2944082496725753, 0.3341513277438426, 0.2878107947260946, -0.18756616354789335, -3.3767136732621332, -0.25760745208432434, 0.55261244986669, 1.0923800153487133, 1.4159227963248413, 1.4809966124073068, 1.55571469513088, 1.6628057114147974, 11.103873581793666, -7.924329944061991, 1.0900263772173193, 0.27337560984631426] 
[0.25027576922191885, 0.29001884729318617, 0.24367831427543818, -0.23169864399854978, -3.4208461537127897, -0.2134749716336679, 0.5084799694160336, 1.0482475348980569, 1.4755185446092043, 1.5374064060762478, 1.5422262606199144, 1.71468531923458, 11.168865109009532, -7.870841133428683, 1.0661846942777782, 0.3119367191095334] 
[0.22139181915607908, 0.2611348972273464, 0.27256226434127795, -0.20281469393271, -3.39196220364695, -0.24235892169950768, 0.5373639194818733, 1.0771314849638967, 1.5113214088756473, 1.5665597866319165, 1.5116262471427286, 1.6722237589722315, 11.137625367268562, -7.845133562506268, 1.0943721778354494, 0.28974635672401233] 
[0.2013631512499825, 0.2411062293212498, 0.25253359643518136, -0.2228433618388066, -3.4119908715530465, -0.26238758960560427, 0.5173352515757768, 1.0971601528699932, 1.4940575178640545, 1.5795923880049114, 1.4978836308642771, 1.6844895966897897, 11.114948276894559, -7.866160233214974, 1.116122978558166, 0.31489659008261434] 
[0.25651339469265766, 0.29625647276392497, 0.1973833529925062, -0.27799360528148176, -3.3568406281103713, -0.2072373461629291, 0.4621850081331016, 1.1523103963126684, 1.427058521372777, 1.5185854810356696, 1.5294724109306213, 1.643322404277125, 11.146507841362224, -7.926182558116159, 1.0571487810918534, 0.3571985394355044] 
[0.18794668630914346, 0.22768976438041078, 0.128816644608992, -0.34656031366499596, -3.4254073364938855, -0.2758040545464433, 0.5307517165166158, 1.0837436879291542, 1.5238598660425018, 1.634941643019345, 1.6172274226977799, 1.571069950679285, 11.07228145018362, -7.859839299934691, 1.12771197103452, 0.3011446948789883] 
[0.20335086796679436, 0.21228558272275988, 0.1442208262666429, -0.36196449532264685, -3.4408115181515364, -0.2603998728887924, 0.5461558981742667, 1.0683395062715033, 1.5362111749225573, 1.6181694441389864, 1.600783805495781, 1.5935756033431665, 11.100227274279566, -7.839067721359461, 1.1201072192318828, 0.31481536261298193] 
[0.2797735675635775, 0.28870828231954304, 0.22064352586342606, -0.2855417957258637, -3.3643888185547532, -0.18397717329200924, 0.4697331985774835, 1.1447622058682865, 1.4766538716541397, 1.7035989622222691, 1.7024655986422796, 1.653042459000778, 11.009695351983789, -7.9667898834413124, 0.990807294045579, 0.20714049490880743] 
[0.2680969473835657, 0.30038490249955485, 0.20896690568341425, -0.2738651755458519, -3.3527121983747414, -0.19565379347202105, 0.4580565783974717, 1.1330855856882747, 1.4865359499115842, 1.6968196704271137, 1.7110100365172038, 1.646475079883399, 11.022339034905903, -7.953704214992476, 0.9830992345859761, 0.21739955824594215] 
[0.26848800419911756, 0.299993845684003, 0.2085758488678624, -0.27347411873030003, -3.3523211415591896, -0.1960448502875729, 0.45766552158191987, 1.1326945288727228, 1.4859578083789704, 1.6960803088136165, 1.710286258091972, 1.6458127426717772, 11.021824141584979, -7.953464149663588, 0.9828112732815654, 0.21773767038362757] 
[0.25020798389502064, 0.2817138253799061, 0.19029582856376548, -0.29175413903439695, -3.3706011618632865, -0.21432487059166982, 0.43938550127782294, 1.1509745491768197, 1.4597021259043097, 1.6646089850569628, 1.6868337643218785, 1.6647147020533823, 11.041519498653274, -7.971022731642727, 0.9642647948813359, 0.23260785052640348] 
[0.21548826822835965, 0.31643354104656707, 0.22501554423042647, -0.32647385470105794, -3.3358814461966255, -0.2490445862583308, 0.47410521694448393, 1.1162548335101588, 1.4894767953290393, 1.6438179362930565, 1.7127216285244922, 1.6455613918097127, 11.08173352223046, -7.920361232456762, 1.0037321674721726, 0.20457462956069225] 
[0.21793607374938917, 0.31398573552553755, 0.22256773870939695, -0.3240260491800284, -3.333433640675596, -0.25149239177936034, 0.4716574114234544, 1.1138070279891292, 1.4865416439054564, 1.641419678640059, 1.7149016944648547, 1.6477666406992912, 11.079515317927283, -7.92288245598443, 1.0052180511763713, 0.20241547347913139] 
[0.27039852531534025, 0.26152328395958646, 0.27503019027534803, -0.27156359761407733, -3.385896092241547, -0.19902994021340925, 0.4191949598575033, 1.0613445764231781, 1.4142088294315747, 1.5447947435298277, 1.6153205080187683, 1.5538025369036095, 11.008384463695853, -7.865900384392869, 1.0832083904342524, 0.2700221035132466] 
[0.2852992395432463, 0.2764239981874925, 0.2899309045032541, -0.25666288338617127, -3.370995378013641, -0.21393065444131532, 0.4340956740854094, 1.0762452906510842, 1.4244522034306968, 1.5267453347419855, 1.591167148902504, 1.534317079022683, 11.014450447255287, -7.883209993902357, 1.0615550278020667, 0.2509079275373757] 
[0.269067890640724, 0.29265534709001484, 0.2736995556007318, -0.24043153448364896, -3.3547640291111187, -0.23016200334383763, 0.4503270229879317, 1.060013941748562, 1.4035704310994923, 1.509569907574959, 1.6099349593917271, 1.5600543410156984, 11.03350274775459, -7.898451275941028, 1.0450013461840202, 0.263910038446901] 
[0.2527798423747396, 0.27636729882403044, 0.2574115073347474, -0.22414348621766456, -3.371052077377103, -0.21387395507785323, 0.4666150712539161, 1.0763019900145463, 1.3801327681549846, 1.4814804390853653, 1.5881402173803698, 1.5680693290404049, 11.021029917060103, -7.888357595587598, 1.0265742506447486, 0.24380444877223012] 
[0.23939993783870905, 0.2629873942879999, 0.27079141187077793, -0.2375233907536951, -3.3576721728410726, -0.22725385961388378, 0.47999497578994665, 1.0896818945505768, 1.3967901870709571, 1.4951023526613163, 1.573400251412109, 1.547799391564137, 11.00492846653635, -7.881337863385325, 1.011021590396049, 0.22717970091070555] 
[0.2550665977850781, 0.27865405423436895, 0.286458071817147, -0.22185673080732604, -3.3733388327874416, -0.24292051956025285, 0.4643283158435776, 1.0740152346042078, 1.4188348632220584, 1.5229579670215787, 1.6027467761077703, 1.5752893849059808, 11.025050580469223, -7.889377262249947, 1.0291673600265017, 0.2466243089786846] 
[0.26196280966727103, 0.28555026611656187, 0.2795618599349541, -0.21496051892513313, -3.3664426209052487, -0.23602430767805993, 0.4574321039613847, 1.0809114464864007, 1.4274042538360476, 1.5298554720419901, 1.5946100300216912, 1.563962618503318, 11.013979644807836, -7.897874267633878, 1.033021733971316, 0.24052658806849547] 
[0.25229063062505874, 0.29522244515877416, 0.2892340389771664, -0.22463269796734542, -3.376114799947461, -0.24569648672027222, 0.4477599249191724, 1.090583625528613, 1.4355909046112512, 1.5238772527003028, 1.6009564134464707, 1.5571491739289025, 11.020069367764982, -7.908359576485936, 1.0227396023164348, 0.24812132717311577] 
[0.22728813196328845, 0.32022494382054445, 0.2642315403153961, -0.2496351966291157, -3.4011172986092313, -0.2706989853820425, 0.47276242358094267, 1.1155861241903833, 1.4182683244730598, 1.556034562863145, 1.6427720039665996, 1.5877080147488183, 10.993257290115267, -7.945472976220769, 0.9935754770801816, 0.2674659517969971] 
[0.21366576165516138, 0.3066025735124174, 0.250609170007269, -0.23601282632098863, -3.4147396689173584, -0.25707661507391544, 0.48638479388906974, 1.1292084944985104, 1.4060140662161018, 1.5624311613230017, 1.6272173102008374, 1.5717801941680758, 10.999465349834928, -7.961094555492014, 0.9784224894199105, 0.27816525331485736] 
[0.2217674897833004, 0.29850084538427835, 0.25871089813540804, -0.24411455444912766, -3.4228413970454974, -0.2489748869457764, 0.4944865220172088, 1.1373102226266494, 1.396128818342123, 1.5536086233050783, 1.6316882419704184, 1.5669523036857027, 11.009762562535744, -7.948288036986912, 0.9880916382383357, 0.2719316480558794] 
[0.21029488060849078, 0.2870282362094687, 0.2472382889605984, -0.2555871636239373, -3.434314006220307, -0.26044749612058604, 0.48301391284239914, 1.1258376134518397, 1.4047742370835572, 1.5401603777585893, 1.6180112891510317, 1.5733810895747105, 11.001749709705674, -7.940561999851636, 0.9801489070556162, 0.28186976539558695] 
[0.22217426312979827, 0.2751488536881612, 0.2591176714819059, -0.2674665461452448, -3.4224346236989995, -0.24856811359927855, 0.47113453032109165, 1.1139582309305323, 1.4135159449252417, 1.5244883252764037, 1.5973635486837496, 1.5532955470007215, 10.986763466592869, -7.934604346251951, 0.9715440191841694, 0.2920869670071118] 
[0.18272274059670623, 0.2356973311550692, 0.21966614894881387, -0.22801502361215276, -3.3829831011659075, -0.20911659106618652, 0.5105860528541837, 1.0745067083974402, 1.4434850202093668, 1.4797729642161133, 1.5520054981946572, 1.5766238917231903, 10.965024294830528, -7.888342266855327, 1.0306206575897199, 0.3430032749340722] 
[0.18623307445235726, 0.23218699729941816, 0.21615581509316284, -0.23152535746780378, -3.3864934350215585, -0.2056062572105355, 0.5140963867098347, 1.0780170422530913, 1.4479794828936172, 1.485342965944008, 1.5576524486180998, 1.5809277377842572, 10.963287775969162, -7.884602630661663, 1.0341737224619172, 0.3403017166265383] 
[0.2217523656256586, 0.2677062884727195, 0.25167510626646417, -0.2670446486411051, -3.42201272619486, -0.24112554838383682, 0.4785770955365334, 1.04249775107979, 1.4162855652312762, 1.5065726567055235, 1.518811228606263, 1.5414950205562477, 10.981579401130587, -7.922060881883775, 0.9984293161202772, 0.3676807711522924] 
[0.20950981117883716, 0.25546373402589806, 0.2639176607132856, -0.2548020941942837, -3.4097701717480384, -0.2288829939370154, 0.46633454108971195, 1.0302551966329685, 1.399856656891875, 1.486835499475535, 1.502765909428122, 1.5463724273150703, 10.96672373372705, -7.936762054428729, 1.0052651107974877, 0.35697910430154645] 
[0.2145843906070266, 0.2503891545977086, 0.25884308128509614, -0.24972751476609423, -3.414844751176228, -0.22380841450882594, 0.4714091205179014, 1.035329776061158, 1.393189681517612, 1.4789222142414726, 1.4964916397289512, 1.5491912736823115, 10.963641222452424, -7.931433603571098, 1.0105034638854324, 0.35308492459505925] 
[0.21068671671506367, 0.24649148070574567, 0.2549454073931332, -0.25362518865805717, -3.418742425068191, -0.219910740616863, 0.47530679440986434, 1.0392274499531209, 1.3966669910402199, 1.4768845880182921, 1.5013741771208784, 1.5552745371499368, 10.968042025751478, -7.934948836202228, 1.0066188286054565, 0.3561048914442114] 
[0.21151327261737807, 0.24566492480343127, 0.2541188514908188, -0.25445174456037156, -3.419568980970505, -0.2207372965191774, 0.47448023850754995, 1.0384008940508065, 1.3956490983306675, 1.4759411608910356, 1.5017620936094975, 1.5543418629936112, 10.967194390070421, -7.934187720022654, 1.0074424772660022, 0.35546478543815646] 
[0.20019530263351415, 0.2569828947872952, 0.2654368214746827, -0.2657697145442355, -3.430886950954369, -0.2320552665030413, 0.48579820849141386, 1.0497188640346704, 1.404202865695396, 1.4623669555487535, 1.4843900382198398, 1.5419260548412361, 10.980007551986542, -7.917192626987553, 1.0200266799832187, 0.3469944034357239] 
[0.2066079319465115, 0.25057026547429784, 0.2590241921616854, -0.2593570852312381, -3.4372995802673665, -0.22564263719004396, 0.4793855791784165, 1.043306234721673, 1.4127223527125299, 1.4733213225673967, 1.4964683124826017, 1.5543137450127522, 10.9924321451147, -7.905983471639829, 1.027559037552126, 0.3422856433836783] 
[0.21502944109531485, 0.2589917746231012, 0.250602683012882, -0.2509355760824348, -3.44572108941617, -0.2340641463388473, 0.47096407002961316, 1.0517277438704764, 1.4239710097989413, 1.4875470511703819, 1.5116810747518294, 1.568715368703178, 11.002263695996225, -7.913287657947503, 1.019229636525227, 0.34882234008781177] 
[0.20859928971203034, 0.2654219260063857, 0.2441725316295975, -0.2573657274657193, -3.4392909380328853, -0.24049429772213182, 0.47739422141289767, 1.058157895253761, 1.415310966088819, 1.4767359664477082, 1.5009764666165506, 1.5615927722743055, 11.010076992902976, -7.9025924899965405, 1.0296776250037536, 0.35754010484508103] 
[0.23038432212037607, 0.28720695841473143, 0.26595756403794324, -0.23558069505737356, -3.4175059056245396, -0.26227933013047755, 0.45560918900455194, 1.0363728628454152, 1.4341228984681171, 1.4618584057911368, 1.5136186815023227, 1.537488419959576, 10.98817518762382, -7.882357177050755, 1.0518491855546992, 0.34060781698219894] 
[0.23471592777544403, 0.28287535275966347, 0.2616259583828753, -0.2312490894023056, -3.4218375112796076, -0.2579477244754096, 0.4599407946596199, 1.0320412571903472, 1.428724910059808, 1.4569890370448635, 1.5160403329731773, 1.5349823692951752, 10.993860881490482, -7.874942017877873, 1.059120235794939, 0.3465132570810759] 
[0.23287959765756883, 0.28103902264178826, 0.2634622885007505, -0.2330854195201808, -3.4236738413974828, -0.2561113943575344, 0.4617771247774951, 1.030204927072472, 1.4271492148388922, 1.4581561089084383, 1.5148300524075404, 1.5363060431504234, 10.992826564753203, -7.87294297769264, 1.0610866688588396, 0.34510996174494374] 
[0.19666638118647173, 0.24482580617069116, 0.2272490720296534, -0.2692986359912779, -3.3874606249263857, -0.21989817788643728, 0.425563908306398, 1.0664181435435691, 1.4013607613039598, 1.5051724626251428, 1.5782374269541202, 1.5976915721022658, 11.038281546253765, -7.8878547905156875, 1.1042058953943044, 0.3908876684435093] 
[0.19153885879350385, 0.2396982837777233, 0.23237659442262126, -0.26417111359831, -3.382333102533418, -0.2147706554934694, 0.42043638591343013, 1.071545665936537, 1.4074554422385104, 1.5102742061830676, 1.573137444004853, 1.5922144374757146, 11.041165022004451, -7.891641163679903, 1.1077393920073755, 0.3864481300969716] 
[0.16049274362479027, 0.2086521686090097, 0.26342270959133485, -0.2952172287670236, -3.4133792177021314, -0.245816770662183, 0.4514825010821437, 1.0404995507678234, 1.4447008837638486, 1.543797288969277, 1.5536901060097217, 1.6107173099685832, 11.007352638741931, -7.924248122479044, 1.1397174662462413, 0.423599619497137] 
[0.16877424821867182, 0.21693367320289125, 0.2551412049974533, -0.30349873336090516, -3.40509771310825, -0.23753526606830144, 0.44320099648826217, 1.0322180461739419, 1.437830869162684, 1.5528257035067619, 1.5629136147640497, 1.6072689198773678, 11.016906122979805, -7.915396455373558, 1.131137343433682, 0.41348160715609755] 
[0.1824981331587776, 0.23065755814299704, 0.2688650899375591, -0.31722261830101095, -3.4188215980483556, -0.25125915100840723, 0.45692488142836796, 1.0459419311140477, 1.4206509162417706, 1.531756892924186, 1.540865050617644, 1.5902662990051974, 11.02373674674998, -7.924279784293195, 1.1466823673287092, 0.4305286975533074] 
[0.19155767790977452, 0.22159801339200014, 0.2598055451865622, -0.32628216305200786, -3.4278811427993525, -0.26031869575940414, 0.46598442617936486, 1.0368823863630507, 1.432252397209463, 1.5461440977078282, 1.5559884518050944, 1.6022545838549942, 11.021015571313114, -7.912881559982179, 1.1607740556667565, 0.44260573960589467] 
[0.21074923192240336, 0.2024064593793713, 0.24061399117393334, -0.307090609039379, -3.4470726968119814, -0.279510249772033, 0.4851759801919937, 1.0560739403756796, 1.4476969808349724, 1.5259701183691634, 1.5375208989539182, 1.6230256919088524, 11.041084115773414, -7.933367785334207, 1.1313886034603526, 0.4169214948539093] 
[0.21604153750557886, 0.1971141537961958, 0.23532168559075783, -0.3123829146225545, -3.441780391228806, -0.2848025553552085, 0.4798836746088182, 1.061366245958855, 1.4517445738665862, 1.5198960411481688, 1.529081532110718, 1.614094006196695, 11.034792714750791, -7.927918220872284, 1.1395128116669693, 0.4240066320572158] 
[0.22885422125880384, 0.20992683754942076, 0.22250900183753286, -0.29957023086932955, -3.454593074982031, -0.29761523910843346, 0.4926963583620432, 1.07417892971208, 1.461582259316976, 1.5057437956902766, 1.5107627492107096, 1.6008868258916058, 11.04737176854532, -7.914821124639257, 1.126439397642272, 0.4083690403287179] 
[0.1905372856400942, 0.2482437731681304, 0.2608259374562425, -0.2612532952506199, -3.416276139363321, -0.2592983034897238, 0.45437942274333354, 1.1124958653307897, 1.4131883090011907, 1.460327550486398, 1.5291430156231918, 1.5478054666748182, 10.979616277466892, -7.967803579675035, 1.1443064613875322, 0.3739016900377669] 
[0.205230697704327, 0.2335503611038976, 0.2755193495204753, -0.2465598831863871, -3.430969551427554, -0.2739917155539566, 0.43968601067910074, 1.1271892773950225, 1.4309067896723353, 1.47680567125338, 1.5228448827677337, 1.5666645591968633, 11.00329082889015, -7.9502292850764, 1.1302573994447647, 0.3565713985224666] 
[0.2224391579653653, 0.2163419008428593, 0.2927278097815136, -0.2637683434474254, -3.4137610911665157, -0.2912001758149949, 0.456894470940139, 1.1099808171339842, 1.4520077945368268, 1.4964391846480178, 1.5147797901832973, 1.585610710593147, 11.020206303866546, -7.967337728527925, 1.111479994367062, 0.3704773508677715] 
[0.20914811792483023, 0.22963294088339437, 0.27943676974097853, -0.25047730340689034, -3.4004700511259807, -0.30449121585552996, 0.47018551098067407, 1.0966897770934492, 1.4339674243413676, 1.4743971302087346, 1.4905163919922735, 1.5615241166361669, 11.00276455223496, -7.960737963944075, 1.1019892787264678, 0.3819849250975317] 
[0.2431636479388044, 0.1956174108694202, 0.24542123972700436, -0.2844928334208645, -3.3664545211120065, -0.2704756858415558, 0.5042010409946482, 1.1307053071074233, 1.4781913837730278, 1.5248898009676202, 1.5257280012954817, 1.524588021786661, 10.950303809671668, -8.002743101283126, 1.119106458430126, 0.35134701305271543] 
[0.23064123903334321, 0.20813981977488138, 0.25794364863246555, -0.2719704245154033, -3.3789769300174677, -0.2579532769360946, 0.49167863208918705, 1.1432277160128845, 1.4942974394207031, 1.5400630230027827, 1.519426655980553, 1.5396452079275793, 10.965285436469541, -8.010196253630667, 1.1277870261851932, 0.3405462381386636] 
[0.25341375692447743, 0.2309123376660156, 0.23517113074133134, -0.2491979066242691, -3.401749447908602, -0.2807257948272288, 0.46890611419805284, 1.1660002339040187, 1.4660770994961565, 1.515706279527877, 1.543732268639927, 1.5657286379030015, 10.955254182822156, -7.982088330138224, 1.1622485383176517, 0.3698418511027789] 
[0.26035804331501256, 0.23785662405655073, 0.2282268443507962, -0.25614219301480423, -3.3948051615180668, -0.2737815084366937, 0.4619618278075177, 1.1729445202945539, 1.4710686238183188, 1.5077049858861853, 1.53317234714336, 1.5571229251746301, 10.958101166606069, -7.990867171997505, 1.1517119051648852, 0.36109569877989794] 
[0.2744945394038507, 0.2519931201453889, 0.21409034826195805, -0.24200569692596607, -3.3806686654292286, -0.28791800452553185, 0.47609832389635587, 1.1588080242057157, 1.4895412212306016, 1.5250369981290894, 1.5267427074450526, 1.5752842675537215, 10.980672163838664, -7.973313551826418, 1.1438206022618889, 0.37392025039006377] 
[0.2963479563589684, 0.23013970319027122, 0.23594376521707572, -0.26385911388108374, -3.4025220823843463, -0.2660645875704142, 0.4542449069412382, 1.136954607250598, 1.5178317601206046, 1.5495594011519307, 1.5064576515941073, 1.5543451259278354, 11.00250017648912, -7.9518173680642885, 1.1227397231451894, 0.3483572394189646] 
[0.2796015388911042, 0.24688612065813542, 0.2526901826849399, -0.28060553134894795, -3.4192684998522105, -0.2828110050382784, 0.4709913244091024, 1.1537010247184623, 1.5064054507869038, 1.568270446102653, 1.5310349498637659, 1.5719210634222145, 10.983844488068291, -7.9776837412843244, 1.1024254715864985, 0.3614885943451539] 
[0.2698026596167691, 0.23708724138380033, 0.24289130341060483, -0.27080665207461285, -3.4290673791265456, -0.2730121257639433, 0.4807902036834375, 1.1634999039927973, 1.4933838532457289, 1.5562276134090112, 1.5364900626615419, 1.565031951976831, 10.990200422229703, -7.984272113382681, 1.1091278876487072, 0.3528728432510032] 
[0.2533737714311681, 0.22065835319819938, 0.2593201915962058, -0.2872355402602138, -3.4454962673121465, -0.25658323757834234, 0.49721909186903845, 1.1470710158071964, 1.5075301668274883, 1.5474174779777863, 1.5544832497802767, 1.5805701049823717, 10.970345412199777, -8.012001853479196, 1.0826184706776245, 0.33176726421076247] 
[0.26149200187176946, 0.2287765836388007, 0.2674384220368071, -0.29535377070081514, -3.437378036871545, -0.248465007137741, 0.5053373223096398, 1.138952785366595, 1.4960188191373747, 1.533545005419786, 1.5401343843320807, 1.566444316797999, 10.96053045002388, -8.00481837040933, 1.0910281639180706, 0.32524431649618313] 
[0.25184089299894596, 0.2191254747659772, 0.2770895309096306, -0.28570266182799164, -3.4277269279987217, -0.2581161160105645, 0.5149884311824633, 1.1486038942394186, 1.4833404044902845, 1.5215216873834612, 1.54401552420318, 1.5533283066562216, 10.944068964358157, -8.016983149881618, 1.100433564690311, 0.3367426169657192] 
[0.2567418136228139, 0.21422455414210928, 0.2721886102857627, -0.2808017412041237, -3.4326278486225896, -0.26301703663443243, 0.5100875105585954, 1.1535048148632865, 1.4796372330897456, 1.526446063573465, 1.5485795900840584, 1.5481213321883875, 10.938395915638033, -8.014760376120833, 1.0948369350717637, 0.3307496152358127] 
[0.26177974717170516, 0.20918662059321802, 0.26715067673687143, -0.27576380765523245, -3.437665782171481, -0.2680549701833237, 0.5151254441074866, 1.1484668813143952, 1.4862141955685932, 1.532648672719063, 1.5462204062441673, 1.5538672846332895, 10.943493675943603, -8.020054438981704, 1.0874146790522266, 0.32429345843603763] 
[0.2437044492160152, 0.22726191854890798, 0.24907537878118147, -0.2938391056109224, -3.419590484215791, -0.24997967222763373, 0.5332007420631766, 1.1303915833587053, 1.499029126445115, 1.511869706775031, 1.5154778903221753, 1.51906658352579, 10.907319912093048, -8.05461694394377, 1.0570489432390695, 0.3003054424428378] 
[0.25917889041907616, 0.24273635975196894, 0.26454981998424243, -0.27836466440786145, -3.435064925418852, -0.2654541134306947, 0.5486751832662375, 1.1149171421556443, 1.5184186270609377, 1.5285228215677966, 1.499528817931628, 1.5016505672419054, 10.913709814329202, -8.071841430466515, 1.0405682526981603, 0.31231971845023715] 
[0.2523932902709416, 0.23595075960383438, 0.271335420132377, -0.285150264555996, -3.4282793252707173, -0.27223971357882926, 0.5554607834143721, 1.1081315420075097, 1.5241473494525217, 1.5242744701535023, 1.504488007718429, 1.4980703172878653, 10.921568167698746, -8.06445796195618, 1.0335149043997618, 0.3039712802516152] 
[0.2550163316073548, 0.23332771826742116, 0.2739584614687902, -0.28777330589240924, -3.4309023666071305, -0.26961667224241603, 0.5528377420779589, 1.110754583343923, 1.5207727124759605, 1.5211789740432005, 1.5060787904907136, 1.496641935614354, 10.924633592167245, -8.061344710842658, 1.0320958095918982, 0.306272613776195] 
[0.23629682135124996, 0.252047228523526, 0.25523895121268536, -0.2690537956363044, -3.4121828563510257, -0.2883361824985209, 0.5715572523340637, 1.092035073087818, 1.4970814591414219, 1.500921329677234, 1.52593211747315, 1.518422593631472, 10.917188822600531, -8.04021705159834, 1.0522149744307747, 0.29207420465967854] 
[0.2584364191079982, 0.22990763076677778, 0.2773785489694336, -0.24691419787955615, -3.3900432585942775, -0.26619658474177266, 0.5494176545773155, 1.0698954753310699, 1.5167359066481614, 1.4899593914873444, 1.5545842725687808, 1.5569636912861438, 10.9561162086054, -8.010929267111873, 1.0415030418069686, 0.311654572319745] 
[0.23747697885964358, 0.2508670710151324, 0.256419108721079, -0.22595475763120154, -3.369083818345923, -0.28715602499012727, 0.5284582143289609, 1.0489360350827153, 1.501768643193811, 1.5140393933995255, 1.5868879063602606, 1.5811054078099906, 10.933427787081946, -8.042356599295362, 1.0173675013098564, 0.32677485399264994] 
[0.23602211105669513, 0.25232193881808085, 0.2549642409181305, -0.22740962543415, -3.3676289505429744, -0.2857011571871788, 0.5299130821319094, 1.0503909028856637, 1.5006639641256836, 1.5155760689767934, 1.5883170703127456, 1.5795001844659111, 10.931094862326086, -8.044914219030971, 1.01480350616053, 0.32470193486345045] 
[0.2413363608179151, 0.24700768905686088, 0.2602784906793505, -0.22209537567293003, -3.3729432003041944, -0.2910154069483988, 0.5352273318931293, 1.0450766531244438, 1.5045347632537223, 1.5092013192791465, 1.580070577667048, 1.5734695403329504, 10.936953998535143, -8.036192781774297, 1.024000982807958, 0.33223408425197365] 
[0.26853258667000945, 0.21981146320476652, 0.28747471653144485, -0.2492916015250244, -3.4001394261562887, -0.2638191810963044, 0.5624235577452237, 1.0722728789765381, 1.4813652254950187, 1.5265767248482753, 1.5606679909537384, 1.5891113042517842, 10.903979966210219, -8.078285044343183, 0.991401640667169, 0.35143719856400685] 
[0.25804968617395874, 0.2093285627087158, 0.27699181603539413, -0.23880870102897367, -3.4106223266523394, -0.2533362806002537, 0.551940657249173, 1.0827557794725888, 1.4948041604448539, 1.5379929386303948, 1.5480369321393277, 1.572517532958376, 10.892071637094167, -8.068376787353206, 1.0020633747593222, 0.34357852879776996] 
[0.2820791094468089, 0.23335798598156599, 0.25296239276254395, -0.26283812430182385, -3.3865929033794893, -0.2773657038731039, 0.5279112339763228, 1.106785202745439, 1.5280784770656823, 1.5750281305919471, 1.572354351569611, 1.5460861828069201, 10.852307297446776, -8.108124597240373, 0.9739848615157454, 0.3609248780453237] 
[0.27466266476855283, 0.24077443065982207, 0.24554594808428787, -0.25542167962356777, -3.379176458701233, -0.28478214855135997, 0.5353276786545789, 1.114201647423695, 1.5390296221853244, 1.5880805277388494, 1.5847720946474004, 1.5554195713629422, 10.84819813131622, -8.103554409871029, 0.96561568556587, 0.3516938081736413] 
[0.2706082365290752, 0.24482885889929973, 0.2414915198448102, -0.2594761078630454, -3.3751220304617555, -0.28883657679083763, 0.5393821068940565, 1.1182560756631728, 1.533067821518545, 1.5808391326504856, 1.5775106257809297, 1.548437221467389, 10.84286923112577, -8.101776035663079, 0.9608832732750341, 0.34661788169091245] 
[0.28034709669869473, 0.2545677190689193, 0.23175265967519065, -0.24973724769342587, -3.365383170292136, -0.2790977166212181, 0.5491209670636761, 1.1085172154935532, 1.5192379037632042, 1.5650646084528907, 1.5667124705286446, 1.559666693931872, 10.85901058153406, -8.084607993001224, 0.9775740634056388, 0.3599498039923346] 
[0.2735130822422076, 0.24773370461243216, 0.22491864521870353, -0.256571262149913, -3.358549155835649, -0.27226370216473095, 0.542286952607189, 1.1153512299500403, 1.5281360623456475, 1.572773192816457, 1.5603093158593528, 1.5532377082518407, 10.86661759860409, -8.073574391251789, 0.989039547936223, 0.36934946159187604] 
[0.26738618657376323, 0.24160680894398778, 0.21879174955025915, -0.2504443664814686, -3.364676051504093, -0.26613680649628657, 0.5484138482756333, 1.1214781256184847, 1.523933585680431, 1.5801219742707724, 1.5704002365242926, 1.5641047245159079, 10.877503266492898, -8.062935368894067, 0.9993941693547134, 0.3777403859438063] 
[0.2678053439201986, 0.24202596629042317, 0.21837259220382377, -0.250863523827904, -3.3650952088505286, -0.2657176491498512, 0.5488330056220687, 1.1210589682720493, 1.5236295046317476, 1.5805705495202593, 1.5708771354426416, 1.5638926266473379, 10.877968191784541, -8.062472055387447, 0.9991566570927317, 0.37810765392501106] 
[0.26655356825564924, 0.24327774195497254, 0.21962436786837314, -0.25211529949245337, -3.366346984515078, -0.26696942481440056, 0.5475812299575193, 1.1198071926075, 1.5227501049237626, 1.5820200287626125, 1.5727545879758908, 1.5653582913335111, 10.87725461893158, -8.061546062732585, 0.998342100058528, 0.3791811758967587] 
[0.24645724211633224, 0.26337406809428954, 0.19952804172905614, -0.27221162563177037, -3.386443310654395, -0.28706575095371756, 0.5676775560968363, 1.099710866468183, 1.5513169293283928, 1.6151529694283484, 1.59803477600129, 1.5539765336631586, 10.892162139353388, -8.073495030099041, 1.0213139485357179, 0.4043055424701619] 
[0.2344220638686818, 0.2513388898466391, 0.21156321997670657, -0.26017644738411994, -3.3744081324067445, -0.299100929201368, 0.5556423778491859, 1.1117460447158334, 1.5663749150678477, 1.6279855641138843, 1.5869236755624896, 1.5417615746821776, 10.899469575465007, -8.080661379757661, 1.0352705189144598, 0.4196071184736999] 
[0.23002727612909668, 0.24694410210705398, 0.2159580077162917, -0.26457123512370506, -3.3788029201463297, -0.29470614146178287, 0.5512475901096008, 1.1161408324554185, 1.5603017595559814, 1.6205255782353984, 1.579740567468403, 1.5365516165964153, 10.901907521212758, -8.083861553185576, 1.0380425118001595, 0.4158314599809504] 
[0.2167742725899413, 0.26019710564620935, 0.22921101125544707, -0.27782423866286043, -3.3655499166071743, -0.30795914500093824, 0.5379945865704454, 1.1028878289162631, 1.571686788375217, 1.6120765428460402, 1.589577682768835, 1.5293131300905092, 10.91818687007535, -8.061637501778408, 1.0606525896670875, 0.43406072314503896] 
[0.21293500661681408, 0.2640363716193366, 0.2330502772285743, -0.2739849726897332, -3.3693891825803015, -0.304119879027811, 0.5341553205973182, 1.1067270948893904, 1.5688528742984411, 1.6169136688345187, 1.5960631782016768, 1.5362406359234406, 10.924787266973732, -8.056935073967823, 1.058760554050907, 0.4374832930261756] 
[0.1918968123817888, 0.2429981773843113, 0.2540884714635996, -0.2529467784547079, -3.390427376815327, -0.2830816847927857, 0.5551935148323435, 1.085688900654365, 1.5875470536552465, 1.6054237254384176, 1.6191686692180702, 1.5591593362696279, 10.91278296202336, -8.041719042468893, 1.04548956833005, 0.4556361388217914] 
[0.19540297344751822, 0.23949201631858186, 0.25058231039787016, -0.25645293952043735, -3.3939335378810562, -0.28658784585851516, 0.551687353766614, 1.0891950617200945, 1.5906096357587263, 1.6030275299683883, 1.6215439725210448, 1.556691010924662, 10.914813753989028, -8.045632152022725, 1.0416995729103153, 0.4582478252597665] 
[0.20067799050589885, 0.24476703337696248, 0.2558573274562508, -0.2511779224620567, -3.3886585208226756, -0.2918628629168958, 0.5569623708249947, 1.0944700787784751, 1.584342351849014, 1.5977668694946794, 1.6268516348973348, 1.561920524850704, 10.909424926605848, -8.051494972405262, 1.0445331137302545, 0.45363266147171805] 
[0.22047670402465913, 0.26456574689572276, 0.2360586139374905, -0.23137920894329644, -3.408457234341436, -0.2720641493981355, 0.576761084343755, 1.0746713652597149, 1.6021095109122796, 1.5872620375392816, 1.6523497198426278, 1.596032368213865, 10.94480518293889, -8.017870625701205, 1.069018717706644, 0.43951771110722343] 
[0.2326021835288583, 0.2524402673915236, 0.22393313443329133, -0.24350468844749562, -3.3963317548372367, -0.2599386698939363, 0.5646356048395558, 1.086796844763914, 1.611015274950471, 1.5720089088614413, 1.632164917808806, 1.5765745341224655, 10.931333363223281, -8.006390172105453, 1.0813796305530126, 0.4304828582761234] 
[0.21358424519312225, 0.23342232905578753, 0.2429510727690274, -0.2625226267832317, -3.4153496931729728, -0.2789566082296724, 0.5836535431752918, 1.067778906428178, 1.6344905264237308, 1.5919785412987133, 1.614069652079596, 1.558319268411936, 10.951284549609246, -7.9848693332550695, 1.0708503148375383, 0.4469670941100467] 
[0.22294261313503627, 0.2240639611138735, 0.2523094407109414, -0.2718809947251457, -3.424708061114887, -0.26959824028775836, 0.5742951752333778, 1.077137274370092, 1.6219145092725182, 1.5763752224184613, 1.5974272239150613, 1.5412394238800045, 10.934956277823256, -7.996135564551499, 1.0807523050062962, 0.4588543179727568] 
[0.2431019981804181, 0.24422334615925534, 0.23215005566555957, -0.29204037977052755, -3.404548676069505, -0.2897576253331402, 0.554135790187996, 1.0972966594154738, 1.594638745347664, 1.5433638279323127, 1.5642005576605196, 1.5150499802077677, 10.942006087047602, -8.02146782931882, 1.0481443982645666, 0.43060432286059397] 
[0.224869093834013, 0.26245625050566046, 0.2503829600119647, -0.2738074754241224, -3.42278158041591, -0.3079905296795453, 0.5359028858415908, 1.0790637550690687, 1.5695705439003795, 1.5140995631426721, 1.541537626659264, 1.5255922607165497, 10.931488715505983, -8.00108117964355, 1.0680184763008143, 0.4169414664573547] 
[0.21733487657969564, 0.2699904677599778, 0.25791717726628205, -0.26627325816980507, -3.4152473631615927, -0.30045631242522797, 0.5434371030959082, 1.086597972323386, 1.5796394861814467, 1.5258702045719443, 1.5499778556711488, 1.5170054225322473, 10.919580492416252, -8.00977313376821, 1.0755021077948954, 0.4261950142714538] 
[0.2256363279883442, 0.2782919191686264, 0.2662186286749306, -0.27457470957845365, -3.406945911752944, -0.2921548610165794, 0.5517385545045568, 1.0782965209147375, 1.5898503309182443, 1.535058085649976, 1.545071619089174, 1.5215651567469277, 10.909056049743759, -8.023184119296602, 1.0652991016739277, 0.4321506143138806] 
[0.22479718373228907, 0.27745277491257125, 0.26705777293098576, -0.2737355653223985, -3.406106767496889, -0.29299400527263453, 0.5508994102485016, 1.0774573766586824, 1.5908642347102124, 1.535870471187784, 1.544123684487908, 1.52025648847934, 10.908110388280683, -8.022258165898721, 1.066631639102055, 0.4333060236160054] 
[0.24052859787005731, 0.261721360774803, 0.282789187068754, -0.25800415118463027, -3.3903753533591208, -0.30872541941040277, 0.5351679961107334, 1.0617259625209141, 1.612648315589813, 1.564103327145452, 1.5745305756043977, 1.550557405859447, 10.936477957239111, -8.00146769487254, 1.059150747441347, 0.4472620174368112] 
[0.24129904407452019, 0.26095091457034014, 0.28201874086429113, -0.25877459738909314, -3.389604907154658, -0.3079549732059399, 0.5343975499062705, 1.0609555163164512, 1.6132978820338837, 1.5635780001336972, 1.5749269535274666, 1.549608485781291, 10.935291405697853, -8.002308727205707, 1.0599345375889144, 0.4482180639338731] 
[0.23021201149729764, 0.2498638819931176, 0.2709317082870686, -0.2476875648118706, -3.3785178745774354, -0.29686794062871735, 0.523310517329048, 1.0498684837392287, 1.6039550146813069, 1.5711326156789698, 1.5692111127201753, 1.5632793231539146, 10.952370900558948, -7.9902137644755395, 1.0486463117411078, 0.43445713107483286] 
[0.23478787611877694, 0.2452880173716383, 0.2755075729085479, -0.2431117001903913, -3.373942009955956, -0.29229207600723806, 0.5278863819505273, 1.054444348360708, 1.609535669256423, 1.575677162501, 1.563756924419409, 1.55559248068887, 10.944794186144197, -7.995893002596146, 1.0508603056420833, 0.4304078399323961] 
[0.2250915624573122, 0.25498433103310303, 0.26581125924708315, -0.23341538652892657, -3.383638323617421, -0.3019883896687028, 0.537582695611992, 1.0641406620221727, 1.6227194797994355, 1.5911309061279273, 1.57599892486165, 1.5518193129424749, 10.957160260267912, -7.97944401763327, 1.067811497064359, 0.4441408876873955] 
[0.24665298089138732, 0.23342291259902792, 0.24424984081300805, -0.2549768049630017, -3.405199742051496, -0.2804269712346277, 0.5591441140460671, 1.0857020804562478, 1.5957026670137995, 1.5658720052728583, 1.5850094290110022, 1.5252987135868832, 10.923987963342169, -8.00578554590357, 1.07831570409704, 0.42507144670025027] 
[0.24030887145376711, 0.22707880316140772, 0.23790573137538784, -0.2613209144006219, -3.3988556326138757, -0.27408286179700747, 0.5654882234836873, 1.0793579710186276, 1.5903666419661386, 1.5701158905518025, 1.5811835054328744, 1.5323024703051666, 10.93046609989373, -8.012062452386768, 1.071682994159859, 0.4298390446661702] 
[0.24999512229544907, 0.21739255231972576, 0.2475919822170698, -0.27100716524230384, -3.3891693817721937, -0.2837691126386894, 0.5558019726420054, 1.0890442218603096, 1.6026600301887646, 1.5813587525034358, 1.5750935718002341, 1.5377445013281354, 10.918550380803344, -8.027069039331504, 1.0603674958282037, 0.43677091926110345] 
[0.23834091326648066, 0.22904676134869417, 0.2592461912460382, -0.25935295621333543, -3.400823590801162, -0.29542332166765783, 0.5674561816709738, 1.0773900128313412, 1.6128348139732942, 1.5752347012619667, 1.5902568017924197, 1.558344925457147, 10.940209848662473, -8.00579709326391, 1.080786384897193, 0.45321721296969375] 
[0.24742711169552623, 0.23813295977773974, 0.25015999281699264, -0.25026675778428986, -3.3917373923721166, -0.28633712323861227, 0.5765423801000193, 1.0864762112603867, 1.6015261715730522, 1.565568743022018, 1.5997306642129354, 1.5684938380802909, 10.935103903063295, -7.999264004362241, 1.0751278025183082, 0.4609253100692855] 
[0.2591840083312431, 0.22637606314202285, 0.23840309618127575, -0.26202365442000675, -3.3799804957363997, -0.29809401987432915, 0.5647854834643025, 1.0747193146246699, 1.5912947636108437, 1.5719783891153627, 1.586588193183828, 1.556455551235251, 10.947069536217, -7.986191926075519, 1.0688609011534316, 0.471156332880914] 
[0.25536608954808004, 0.23019398192518592, 0.2345851773981127, -0.2658415732031698, -3.3761625769532366, -0.3019119386574922, 0.5686034022474655, 1.0709013958415068, 1.5962789604846936, 1.5766481167803126, 1.584723954893857, 1.560816137125786, 10.95098233162933, -7.9906488206355775, 1.0626717444680078, 0.4658311993647938] 
[0.24610059964860342, 0.23945947182466254, 0.2438506672975893, -0.2565760833036932, -3.3854280668527132, -0.31117742855696884, 0.5778688921469421, 1.0616359059420302, 1.5894113453039764, 1.5863980874492525, 1.5948463159036113, 1.5551527535682097, 10.956582519255392, -8.001193506679895, 1.052502239725216, 0.4725906603902339] 
[0.24817569007523987, 0.2373843813980261, 0.24592575772422576, -0.25865117373032964, -3.3875031572793497, -0.3091023381303324, 0.5799439825735786, 1.0637109963686666, 1.587925092292116, 1.5888860723470106, 1.5982717666340118, 1.558656805235981, 10.959310036441153, -8.002025524280095, 1.055060613815733, 0.47531423235913506] 
[0.24756405460324205, 0.23677274592602826, 0.2465373931962236, -0.2580395382583318, -3.3881147927513475, -0.30849070265833456, 0.5793323471015808, 1.0630993608966688, 1.5884427094976605, 1.588492274327377, 1.5986980835403957, 1.5582273046838584, 10.959661683063079, -8.002724237950524, 1.0543883806614265, 0.4757554547712604] 
[0.25298433602958115, 0.24219302735236736, 0.2519576746225627, -0.2526192568319927, -3.3826945113250084, -0.30307042123199546, 0.5847526285279199, 1.068519642323008, 1.583887371507509, 1.5921233427043737, 1.595505437451364, 1.5644476276174653, 10.966046941300934, -8.00507205916957, 1.0610319692246717, 0.48286051332663565] 
[0.25275925507577, 0.24196794639855623, 0.25173259366875156, -0.2523941758781816, -3.3829195922788196, -0.3032955021858066, 0.584977709481731, 1.068744723276819, 1.584178751461085, 1.5923961899866437, 1.5954029950254067, 1.5647091428738809, 10.966304084049439, -8.00520532851988, 1.0611770916633358, 0.48267223984990065] 
[0.24940936965098048, 0.24531783182334577, 0.24838270824396202, -0.24904429045339205, -3.37956970685403, -0.3066453876105961, 0.5816278240569415, 1.0653948378520295, 1.5865776877575604, 1.5884794558439448, 1.5902879510140404, 1.5609292565726818, 10.969573322420004, -8.001551215334175, 1.0594491222105293, 0.48558392103358866] 
[0.24414360655021428, 0.250583594924112, 0.25364847134472823, -0.24377852735262584, -3.374303943753264, -0.3013796245098299, 0.5763620609561753, 1.0601290747512633, 1.5819402501779012, 1.5911035848367623, 1.5835757427639754, 1.5520806486424406, 10.960823547740116, -8.00811454602263, 1.0619303442428258, 0.48094734991120375] 
[0.2560357559105779, 0.2624757442844756, 0.2655406207050919, -0.2318863779922622, -3.3861960931136275, -0.28948747514946627, 0.5644699115958116, 1.0482369253908996, 1.5987286890930477, 1.6120121893249255, 1.6054076048050212, 1.5735706120420696, 10.980385497667486, -7.995087332774662, 1.0493545869850265, 0.46585646501365374] 
[0.2551079509624441, 0.26340354923260945, 0.26461281575695805, -0.23095857304412837, -3.3871238980617613, -0.28855967020133244, 0.5653977165439454, 1.0491647303390335, 1.5998908840322694, 1.6129705497444455, 1.6043602459036375, 1.572144822980413, 10.97927169659251, -7.994552658043501, 1.0487497055134527, 0.46662948536020354] 
[0.25226467545426745, 0.2662468247407861, 0.2617695402487814, -0.22811529753595172, -3.389967173569938, -0.2914029457095091, 0.5682409920521221, 1.05200800584721, 1.6019946615894902, 1.6099354191001716, 1.6014634037960864, 1.5749294675628396, 10.982320651476906, -7.996276896376262, 1.0505835443308815, 0.46425553498742567] 
[0.25094359516603193, 0.2675679050290216, 0.2604484599605459, -0.2267942172477162, -3.3912882538581735, -0.29008186542127357, 0.5669199117638866, 1.0533290861354456, 1.6008364316517738, 1.6106116993015183, 1.599976662243877, 1.5735639576472813, 10.983818522023615, -7.994245564877265, 1.0521458193150983, 0.463333742559722] 
[0.25317487145032347, 0.2653366287447301, 0.25821718367625435, -0.22456294096342466, -3.393519530142465, -0.2923131417055651, 0.5691511880481781, 1.0555603624197372, 1.602717890835217, 1.6091509762185605, 1.6012696648521962, 1.5711804360552728, 10.981609181556053, -7.991975523278364, 1.0544918630914264, 0.4616996804379776] 
[0.2508668799493461, 0.26764462024570745, 0.2605251751772317, -0.22687093246440204, -3.3912115386414876, -0.2946211332065425, 0.5714591795491555, 1.0578683539207145, 1.6056791043323149, 1.6118534435263117, 1.5999607292756517, 1.5725778843637386, 10.978750244976196, -7.995595223109985, 1.0517420365873345, 0.46330844143757866] 
[0.25908778986172054, 0.259423710333333, 0.2523042652648573, -0.2350918423767765, -3.382990628729113, -0.28640022329416803, 0.563238269636781, 1.04964744400834, 1.6128914295307697, 1.607640570580545, 1.6091769783576217, 1.5809983433286905, 10.969105308742744, -8.00947687933926, 1.0372104271196954, 0.451396789221013] 
[0.26512638280409506, 0.2533851173909585, 0.2583428582072318, -0.24113043531915102, -3.3769520357867386, -0.2803616303517935, 0.5692768625791556, 1.0556860369507146, 1.6044286171957682, 1.5978507270646556, 1.6022816834874785, 1.5873651807239038, 10.977991334932137, -8.002961682953377, 1.0307211254335502, 0.443703412242337] 
[0.25041025087811564, 0.2681012493169379, 0.24362672628125237, -0.25584656724513044, -3.391668167712718, -0.29507776227777294, 0.5545607306531761, 1.070402168876694, 1.5916109332790935, 1.6053348197436126, 1.5852627348244577, 1.5704880523352742, 10.986571652623718, -8.013746012959166, 1.0398311444165849, 0.431311897766736] 
[0.24146654560541636, 0.25915754404423863, 0.25257043155395165, -0.2647902725178297, -3.382724462440019, -0.3040214675504722, 0.5635044359258754, 1.0793458741493933, 1.5788223502952359, 1.5892440237426484, 1.5688358959606576, 1.5550435273603822, 10.974786880978389, -8.010105312734124, 1.0289627149442866, 0.41974113806437835] 
[0.2434020057615851, 0.2610930042004074, 0.2545058917101204, -0.26285481236166097, -3.38078900228385, -0.30595692770664096, 0.5654398960820441, 1.0774104139932246, 1.5761577227135963, 1.5860893875944795, 1.5663320468008377, 1.55586572706879, 10.972634921796923, -8.01200982364935, 1.031014305182826, 0.4221700248085516] 
[0.24601053791079552, 0.2637015363496178, 0.25189735956091, -0.26024628021245055, -3.3781804701346396, -0.30334839555743054, 0.5628313639328337, 1.0748018818440142, 1.5742849965886654, 1.5892495549792593, 1.5704056498120817, 1.5588411371785484, 10.970220234074223, -8.014453333958265, 1.0338142066247278, 0.4254560491431794] 
[0.249682304159347, 0.26737330259816927, 0.2482255933123585, -0.26391804646100203, -3.381852236383191, -0.29967662930887906, 0.5665031301813852, 1.0784736480925656, 1.5696136137739214, 1.5849980010686637, 1.5725236044278141, 1.5566353159626878, 10.974238589695007, -8.01037768673868, 1.0319221270852215, 0.4286692863664168] 
[0.254070363092755, 0.27176136153157726, 0.2438375343789505, -0.25952998752759404, -3.386240295316599, -0.29528857037547107, 0.5621150712479772, 1.0828617070259736, 1.5727308032852199, 1.5796653019379534, 1.5657234804818376, 1.5518759615844646, 10.979060273001865, -8.003076030907485, 1.0395907662037482, 0.434916001377641] 
[0.24698650684836965, 0.2646775052871919, 0.25092139062333585, -0.2524461312832087, -3.3791564390722137, -0.2882047141310857, 0.5550312150035919, 1.0757778507815883, 1.5677561394377837, 1.5883766089444384, 1.576955663919758, 1.56055995537788, 10.97523348801245, -7.997901911087014, 1.0351846228708907, 0.4409465842947282] 
[0.2511111725988653, 0.2605528395366963, 0.2467967248728402, -0.24832146553271306, -3.3832811048227094, -0.2840800483805901, 0.5509065492530962, 1.079902516532084, 1.5736213006637068, 1.5957525468920144, 1.5845549850001897, 1.5677232378761412, 10.9806561083348, -7.999671126813219, 1.0401711275558143, 0.44626806594909696] 
[0.2526549749387539, 0.2590090371968077, 0.2452529225329516, -0.24986526787260166, -3.381737302482821, -0.2825362460407015, 0.5524503515929848, 1.0814463188719725, 1.575826401992293, 1.5985068845728627, 1.5873697659722215, 1.5703651356538857, 10.982618214953566, -8.000537931309392, 1.0412063428622964, 0.4449694813342478] 
[0.24498561735141466, 0.25133967960946846, 0.25292228012029083, -0.24219591028526244, -3.38940666007016, -0.27486688845336227, 0.560119709180324, 1.0891156764593117, 1.5701370274174768, 1.6067009099121876, 1.5952653031967903, 1.5626916472644947, 10.974893911125365, -7.992708069571923, 1.0493190141901327, 0.4392219453853507] 
[0.24235662024269944, 0.24871068250075323, 0.2502932830115756, -0.24482490739397766, -3.3920356571788752, -0.2774958855620775, 0.5574907120716088, 1.091744673568027, 1.5737435881265, 1.6108621412047406, 1.5981975628639302, 1.5598492968483957, 10.970881189153182, -7.995953798605714, 1.05067795265202, 0.4369148670115698] 
[0.24494765398680274, 0.24611964875664993, 0.2477022492674723, -0.24223387364987436, -3.3946266909229785, -0.2749048518179742, 0.5600817458157121, 1.0891536398239237, 1.5701012227626516, 1.6063423582064307, 1.5935261048926284, 1.5554096547816398, 10.967538054487367, -7.994838308672819, 1.047558892173206, 0.43359230769486556] 
[0.2436487853266951, 0.2448207800965423, 0.24900111792757995, -0.243532742309982, -3.393327822262871, -0.27620372047808184, 0.5587828771556045, 1.0904525084840313, 1.56843515047303, 1.6047811028242125, 1.5940910912442978, 1.5537803782490838, 10.965491232558177, -7.99646770520907, 1.0482246703842368, 0.4324511324492839] 
[0.23872756715790588, 0.2497419982653315, 0.24407989975879074, -0.24845396047877122, -3.39824904043166, -0.28112493864687105, 0.5637040953243937, 1.085531290315242, 1.5745484706691766, 1.6098744350694523, 1.5885696485030696, 1.5461894324845138, 10.959356065860772, -7.994300160039955, 1.0422998389608333, 0.42613348576407534] 
[0.24011921703755634, 0.25113364814498196, 0.24268824987914028, -0.24706231059912076, -3.3968573905520096, -0.2825165885265215, 0.5623124454447432, 1.0841396404355916, 1.5764864948889499, 1.6122589914977161, 1.5909249418246532, 1.5479868833295811, 10.958798035732299, -7.992528684456872, 1.0445558884869703, 0.4280653384339461] 
[0.23791939378019267, 0.24893382488761828, 0.24488807313650396, -0.24926213385648444, -3.394657567294646, -0.2847164117838852, 0.5645122687021069, 1.081939817178228, 1.5780660494195415, 1.6095663664908304, 1.5872686549080923, 1.544329107934935, 10.956043525504523, -7.99131447362694, 1.0430749994038293, 0.4299105587322507] 
[0.24294939169335494, 0.25396382280078056, 0.23985807522334168, -0.2542921317696467, -3.3996875652078082, -0.2796864138707229, 0.5594822707889446, 1.0869698150913902, 1.571829572405554, 1.6042844384846422, 1.5923166482051636, 1.5497961733187122, 10.95296883947325, -7.988357589024859, 1.0371679850298487, 0.42345619155293013] 
[0.24227624607685216, 0.2532906771842778, 0.2391849296068389, -0.2549652773861495, -3.3990144195913055, -0.2803595594872257, 0.5601554164054474, 1.0862966694748875, 1.5727721875116805, 1.6054417045694356, 1.5934337930872706, 1.5505594298805763, 10.95229794156757, -7.989107627782934, 1.0375322376902927, 0.42286948097691174] 
[0.23462955115585915, 0.2609373721052708, 0.24683162452783192, -0.2626119723071425, -3.3913677246703124, -0.27271286456623267, 0.5678021113264404, 1.0939433643958805, 1.5782891337236957, 1.5962719553985025, 1.5815681324168267, 1.5413148096360045, 10.956667947507292, -7.993695397798537, 1.046462395073866, 0.43263983355678703] 
[0.23421431818510685, 0.2613526050760231, 0.24724685749858422, -0.2621967393363902, -3.3917829576410647, -0.27229763159548037, 0.5673868783556881, 1.0943585973666328, 1.577726025888683, 1.5956136009171116, 1.5810887481382414, 1.5417360725566764, 10.957140695430413, -7.9938921928235125, 1.046961218911461, 0.43317364260797075] 
[0.23771555246507292, 0.257851370796057, 0.24374562321861815, -0.25869550505642414, -3.395284191921031, -0.27579886587544644, 0.5708881126356542, 1.0908573630866667, 1.5746442507238334, 1.5974845345947606, 1.577233953460119, 1.5381910415526938, 10.960575761082453, -7.990431594893826, 1.0431759331526806, 0.4287738073773876] 
[0.24665746482341833, 0.2667932831544024, 0.25268753557696355, -0.24975359269807873, -3.404226104279376, -0.26685695351710104, 0.5619462002773088, 1.099799275445012, 1.5813414063297655, 1.5876260519025827, 1.5670824734912596, 1.5433394794037567, 10.954319939402763, -7.984225513738536, 1.0374258517673136, 0.4363352551896389] 
[0.2556044717472443, 0.25784627623057643, 0.24374052865313756, -0.24080658577425273, -3.3952790973555502, -0.27580396044092703, 0.5529991933534828, 1.108746282368838, 1.5927286474367204, 1.5979868476678787, 1.5619592928246977, 1.5487276234010707, 10.94410108291078, -7.994598268665485, 1.0423169143813769, 0.42852898411533685] 
[0.2441578790949035, 0.2463996835782356, 0.23229393600079673, -0.25225317842659356, -3.406725690007891, -0.2643573677885862, 0.5644457860058236, 1.0972996897164973, 1.578288713582176, 1.5857427450108317, 1.5733728473992925, 1.561517436382524, 10.93855113513002, -7.981672559799561, 1.0547132911203994, 0.41987523707086094] 
[0.23710624485872644, 0.23934804934205856, 0.23934557023697378, -0.2593048126627706, -3.399674055771714, -0.27140900202476326, 0.5714974202420007, 1.1043513239526743, 1.587098647445635, 1.5932428079115981, 1.566352462705338, 1.553671692817868, 10.941638393013942, -7.990350007594661, 1.0435326904418112, 0.410190991159342] 
[0.2430728147211494, 0.2333814794796356, 0.24531214009939672, -0.25333824280034767, -3.393707485909291, -0.2773755718871862, 0.5655308503795777, 1.0983847540902514, 1.5826087053175704, 1.5997137187631476, 1.573182046103249, 1.551041013448144, 10.94917655449329, -7.981071365271801, 1.0505069695134184, 0.405858790934125] 
[0.23659040429350542, 0.23986388990727958, 0.23882972967175276, -0.25982065322799164, -3.400189896336935, -0.28385798231483017, 0.5720132608072217, 1.1048671645178954, 1.57434593416605, 1.5921105779683786, 1.5769206964890725, 1.5462836093823542, 10.952871019969958, -7.988252233609158, 1.0435547144318689, 0.4107107803217132] 
[0.23814970765007049, 0.23830458655071451, 0.24038903302831782, -0.25826134987142657, -3.4017491996935, -0.28541728567139524, 0.5735725641637868, 1.1064264678744604, 1.5730286791873895, 1.5931736909329812, 1.576045999712204, 1.5482921061706563, 10.955537433462252, -7.985628733757837, 1.0454505506003557, 0.40959407946623655] 
[0.24380292116561408, 0.23265137303517092, 0.24604224654386142, -0.252608136355883, -3.3960959861779565, -0.27976407215585164, 0.5792257776793304, 1.1007732543589168, 1.577971367866672, 1.5900741862639503, 1.5824224592274017, 1.554612783317397, 10.952371843646253, -7.981553543655036, 1.0418512500142663, 0.41440796100156463] 
[0.24527535592626437, 0.23117893827452063, 0.24456981178321113, -0.2511357015952327, -3.397568420938607, -0.27829163739520135, 0.5777533429186801, 1.0993008195982665, 1.5790879032418756, 1.5885590198629806, 1.5810169591376344, 1.5563372137161735, 10.954820892724616, -7.97911189217595, 1.043619285414852, 0.4133567992399518] 
[0.24263401735576595, 0.23382027684501905, 0.24721115035370955, -0.24849436302473427, -3.400209759509105, -0.27565029882470293, 0.5803946814891785, 1.0966594810277681, 1.5757695098653044, 1.5856945568245475, 1.5836193904483369, 1.5588725371367707, 10.951819173944232, -7.983147962168165, 1.0405338929095724, 0.4152621958659895] 
[0.2372245593520259, 0.2392297348487591, 0.2418016923499695, -0.24308490502099422, -3.394800301505365, -0.281059756828443, 0.5749852234854385, 1.091250023024028, 1.580516026691291, 1.582858110423145, 1.5903311597212435, 1.5671976595365507, 10.95774903611816, -7.98901241044371, 1.0320377590357521, 0.4078059275017926] 
[0.23789176327404649, 0.23856253092673851, 0.24113448842794893, -0.2437521089430148, -3.3941330975833446, -0.28172696075046355, 0.5743180195634179, 1.0919172269460486, 1.5814247516836828, 1.5839159609480795, 1.591150293141853, 1.5668228713186532, 10.958224013259033, -7.989472302880892, 1.032465335523838, 0.40724179598035287] 
[0.24317237975500605, 0.24384314740769808, 0.2464151049089085, -0.24903272542397437, -3.388852481102385, -0.2870075772314231, 0.5690374030824583, 1.086636610465089, 1.5881445933264913, 1.590201329215589, 1.5887559289616926, 1.5734156454315606, 10.966382181184965, -7.983541233376519, 1.0269356921359154, 0.40063153111607674] 
[0.25224838875996314, 0.25291915641265517, 0.2554911139138656, -0.23995671641901728, -3.379776472097428, -0.2960835862363802, 0.5599613940775012, 1.0957126194700462, 1.5802091920847134, 1.5950828169412923, 1.578457519733389, 1.5632516440643207, 10.971881897471482, -7.9889073333741605, 1.0375693905058003, 0.41226540602986844] 
[0.24189797394295853, 0.26326957122965977, 0.24514069909686098, -0.2503071312360219, -3.3901268869144325, -0.2857331714193756, 0.5703118088945058, 1.0853622046530416, 1.5714291106850569, 1.6015814210787946, 1.571077690083588, 1.5693399513188873, 10.96065747774882, -7.999100781529232, 1.0484646224258005, 0.4251477046750895] 
[0.2411069745166583, 0.26406057065596, 0.2459316985231612, -0.24951613180972165, -3.3909178863407328, -0.28652417084567583, 0.5695208094682056, 1.0861532040793418, 1.572539253784016, 1.602961250936967, 1.5724324514620445, 1.5703334597298855, 10.960206407995289, -7.998626141459356, 1.0475374253966807, 0.42413260449112006] 
[0.2488748218739656, 0.2718284180132673, 0.2536995458804685, -0.25728397916702894, -3.39868573369804, -0.2942920182029831, 0.5617529621108983, 1.0783853567220345, 1.5791690284966522, 1.5980238691062034, 1.5777300633055003, 1.564816300173859, 10.964705312692182, -8.007295511818741, 1.039155100914765, 0.429880472944761] 
[0.24767303851328082, 0.27303020137395206, 0.25249776251978373, -0.2584857625277137, -3.399887517058725, -0.29309023484229835, 0.5629547454715831, 1.0771835733613497, 1.5800535792861354, 1.5966868546193158, 1.5763599969819602, 1.5655369594291624, 10.964030354520204, -8.005786332413749, 1.0411188663551543, 0.4315555132199755] 
[0.247604611436135, 0.2730986284510979, 0.25256618959692956, -0.2584173354505679, -3.399819089981579, -0.2930218077651525, 0.5628863183944373, 1.0772520004384956, 1.5799953002599196, 1.5967298424620515, 1.5763138496075157, 1.5655859670584078, 10.963994054543054, -8.005700045669071, 1.0412308012300315, 0.4316510378599142] 
[0.2545049873260834, 0.2661982525611495, 0.25946656548687796, -0.2653177113405163, -3.3929187140916306, -0.2861214318752041, 0.5697866942843857, 1.084152376328444, 1.5858893348769265, 1.592465675893662, 1.5812318807398922, 1.56170578713181, 10.971835881396043, -7.997789594071861, 1.0376596554872117, 0.43768708487207825] 
[0.2573921166551725, 0.2633111232320604, 0.2565794361577889, -0.26820484066960537, -3.3900315847625415, -0.2890085612042932, 0.5726738236134747, 1.087039505657533, 1.5879982939880088, 1.589261993139397, 1.5778636612582797, 1.5629920217502837, 10.968591832350585, -8.00071127807445, 1.0407543047305496, 0.4413231971452129] 
[0.25576040849894754, 0.26494283138828534, 0.25494772800156396, -0.26657313251338044, -3.3883998766063166, -0.2906402693605181, 0.5710421154572498, 1.0854077975013081, 1.5891301810214382, 1.5872284281434303, 1.5750704091078729, 1.560171298991826, 10.966462430564526, -7.9998174760043, 1.039660468703348, 0.44269065553429116] 
[0.25115778505605535, 0.26954545483117753, 0.25034510455867176, -0.26197050907048824, -3.393002500049209, -0.2860376459176259, 0.575644738900142, 1.080805174058416, 1.5929956418464537, 1.5842091755053065, 1.5776794623201593, 1.5548330653885707, 10.961008231644525, -7.9977449366422615, 1.0341061933049056, 0.4367461217299118] 
[0.25809816851454714, 0.26260507137268574, 0.25728548801716355, -0.26891089252898004, -3.3999428835077006, -0.27909726245913413, 0.5825851223586338, 1.0877455575169077, 1.5833659028207245, 1.5729825631620715, 1.5697585935911627, 1.5627457189969256, 10.972526418826574, -7.986228127093417, 1.042487160286344, 0.4318656440663766] 
[0.2641679819658376, 0.2565352579213953, 0.2512156745658731, -0.2628410790776896, -3.406012696958991, -0.28516707591042456, 0.5765153089073434, 1.0938153709681981, 1.57568634090748, 1.5664519237064725, 1.5756584916284844, 1.5687199819090956, 10.966515198021906, -7.992248537434341, 1.049108713787796, 0.4395621260270358] 
[0.2658080834948149, 0.254895156392418, 0.25285577609485044, -0.2612009775487123, -3.4043725954300137, -0.2868071774394019, 0.5748752073783661, 1.0954554724971755, 1.577760007374727, 1.5681685946212893, 1.573773659894641, 1.5659119462434097, 10.963508900264898, -7.995073119010036, 1.0471038405924296, 0.4407207554581144] 
[0.2618904370695927, 0.2509775099671958, 0.2567734225200726, -0.2651186239739345, -3.4004549490047915, -0.2828895310141797, 0.5709575609531439, 1.0993731189223976, 1.5722254155373308, 1.5618077140646416, 1.5693740812504233, 1.570257807928727, 10.969544066653077, -7.99063518667866, 1.043036994382432, 0.43583247846974377] 
[0.26455718625308267, 0.2536442591506858, 0.25410667333658266, -0.2624518747904445, -3.4031216981882815, -0.2802227818306897, 0.5682908117696539, 1.0967063697389077, 1.5756241446128358, 1.5647263469438073, 1.5667859114526597, 1.5677364419269713, 10.972645587539805, -7.986198432666674, 1.0475926012977266, 0.43957292417924865] 
[0.26016017511634404, 0.2580412702874244, 0.2585036844733213, -0.2580548636537059, -3.40751870932502, -0.2758257706939511, 0.5638938006329153, 1.1011033808756463, 1.5818303634354285, 1.571874099177337, 1.5718188579970016, 1.563312372691719, 10.96765823405587, -7.984186285118, 1.042316304932001, 0.4339300921798709] 
[0.2559067386772651, 0.26229470672650335, 0.2627571209124002, -0.25380142721462695, -3.403265272885941, -0.28007920713303003, 0.5596403641938363, 1.1053568173147252, 1.5763154311286054, 1.5668021209873562, 1.574138953497751, 1.5602822833105698, 10.970468063659512, -7.987140517385488, 1.0450729358826603, 0.4303183132082389] 
[0.258735268882877, 0.25946617652089143, 0.26558565111801213, -0.25662995742023886, -3.4004367426803292, -0.2772506769274181, 0.5568118339882244, 1.1081853475203371, 1.5799904060081718, 1.5702645538595421, 1.5730470713285123, 1.5639800130543633, 10.975311226027978, -7.982367753784749, 1.048514230099761, 0.42827778234678227] 
[0.25383641304466353, 0.25456732068267796, 0.26068679527979866, -0.26152881325845234, -3.4053355985185427, -0.2821495327656316, 0.5617106898264379, 1.1032864916821237, 1.5738456361676385, 1.5652263604880579, 1.5788141437715988, 1.5724321940230244, 10.984342157565191, -7.9734191091015205, 1.056969584083893, 0.435094713624679] 
[0.2552174183603282, 0.2531863153670133, 0.259305789964134, -0.262909818574117, -3.4067166038342074, -0.28076852744996694, 0.5603296845107733, 1.101905486366459, 1.5750502325466318, 1.5645004763265604, 1.5803527408107294, 1.5737957345971985, 10.982732598810985, -7.975723687788001, 1.0546210887282907, 0.43317226656307933] 
[0.25020497299646793, 0.24817387000315305, 0.25429334460027375, -0.25789737321025674, -3.4117290491980676, -0.2757560820861067, 0.555317239146913, 1.0968930410025988, 1.582030817221427, 1.572553179061293, 1.586047596034341, 1.5687723887414662, 10.977056690482017, -7.973443611865022, 1.0486504918169652, 0.4267820258293653] 
[0.25277206187839285, 0.25074095888507797, 0.25172625571834883, -0.2553302843283318, -3.4142961380799925, -0.2783231709680316, 0.5527501502649881, 1.0943259521206739, 1.5801977125910764, 1.5756112345489854, 1.5900893324899357, 1.572039193017633, 10.975991996224435, -7.9705226499212705, 1.051423167992748, 0.42485684035915744] 
[0.25569073398398645, 0.25365963099067157, 0.24880758361275523, -0.2582489564339254, -3.417214810185586, -0.275404498862438, 0.5556688223705817, 1.0914072800150803, 1.577648311026863, 1.5771354558769115, 1.586750589613376, 1.568720897066783, 10.977604515665186, -7.972615731452867, 1.0532950744545657, 0.42237158180064527] 
[0.25327548138831846, 0.2512443783950036, 0.24639233101708724, -0.2606642090295934, -3.414799557589918, -0.27298924626677, 0.5580840749662497, 1.0889920274194123, 1.5741810233881308, 1.5728382894172812, 1.5823604830107771, 1.564539446604468, 10.974437026773959, -7.971653245000088, 1.0503678047974405, 0.41927094128794956] 
[0.25615722862942336, 0.2541261256361085, 0.24927407825819214, -0.2577824617884885, -3.4119178103488133, -0.2758709935078749, 0.5552023277251448, 1.0918737746605172, 1.578304545280963, 1.5779545971610867, 1.5876462379730032, 1.5698394109959155, 10.979471525851908, -7.968159081558416, 1.0474093939578861, 0.4156901188919523] 
[0.2640408821043718, 0.24624247216116002, 0.24139042478324368, -0.24989880831354006, -3.404034156873865, -0.2837546469828234, 0.5473186742501963, 1.0997574281354656, 1.5716219890784648, 1.582852480728205, 1.5819307692240476, 1.5742305169511837, 10.970344889398048, -7.977369680753958, 1.051626249545032, 0.408792038282315] 
[0.25976526365260044, 0.24196685370938864, 0.24566604323501506, -0.25417442676531143, -3.408309775325636, -0.279479028531052, 0.5515942927019677, 1.0954818096836942, 1.5680614049710777, 1.5856774640505007, 1.5795262447204461, 1.579686396050802, 10.977763239872596, -7.969590054467511, 1.0590489374537198, 0.41475052654509736] 
[0.25519507182546564, 0.23739666188225383, 0.25023623506214987, -0.25874461859244624, -3.4037395834985014, -0.2840492203581868, 0.5470241008748329, 1.100052001510829, 1.5738385685551803, 1.5905175251398538, 1.5743139552031, 1.5721194877738829, 10.97008898815943, -7.974988791283455, 1.0636959630223066, 0.4203918945538774] 
[0.25261338472247674, 0.23481497477926494, 0.24765454795916098, -0.25616293148945735, -3.4011578963955125, -0.2814675332551979, 0.544442413771844, 1.0974703144078402, 1.5701676288539295, 1.5860780157618604, 1.5699725729843907, 1.5687632286916622, 10.971072837225774, -7.978291451748599, 1.0595537102091233, 0.41687215460769717] 
[0.2533450944335667, 0.23554668449035487, 0.24692283824807104, -0.2554312217783674, -3.4018896061066024, -0.28219924296628784, 0.5437107040607541, 1.0967386046967502, 1.571178757132698, 1.5872275250915575, 1.5707601817745076, 1.5679170032731478, 10.969825394281585, -7.979611407925169, 1.0582877938311128, 0.41585331971348294] 
[0.2526278688335535, 0.23626391009036807, 0.24620561264805785, -0.2547139961783542, -3.401172380506589, -0.28148201736627465, 0.5444279296607673, 1.0974558302967634, 1.5705510453690854, 1.5875948025917328, 1.569861116821568, 1.5667763742223528, 10.968910262275626, -7.97930980728127, 1.057433391436333, 0.41494230411548033] 
[0.25715464846713987, 0.24079068972395445, 0.25073239228164423, -0.2592407758119406, -3.4056991601401756, -0.27695523773268826, 0.5489547092943536, 1.092929050663177, 1.576960227380931, 1.5953411389813814, 1.5774226821982804, 1.572585469258766, 10.966998086032623, -7.974102342062112, 1.0623840624807996, 0.41153839689011035] 
[0.25354391263839604, 0.24440142555269828, 0.2471216564529004, -0.2556300399831968, -3.4093098959689194, -0.27334450190394444, 0.5453439734656098, 1.0893183148344332, 1.5722536286854534, 1.5909043090872697, 1.5789283814871553, 1.567803362435132, 10.960648798469945, -7.980662404648785, 1.056129554046944, 0.40648398136895064] 
[0.2516686345576713, 0.24252614747197354, 0.24899693453362515, -0.25375476190247204, -3.4074346178881947, -0.2752197799846692, 0.5434686953848851, 1.091193592915158, 1.5746091129964188, 1.5928773657416646, 1.5768347903843032, 1.564901151839655, 10.958338792788059, -7.979641962736897, 1.054846499099756, 0.40806249901205516] 
[0.2519079130070705, 0.24276542592137274, 0.24875765608422595, -0.25399404035187123, -3.407673896337594, -0.27498050153527, 0.5432294169354859, 1.0909543144657587, 1.5742784606818665, 1.5924993701876609, 1.5765739955567075, 1.565176201541497, 10.958748420523136, -7.979209741089942, 1.055259504383626, 0.40839661487684087] 
[0.2510230053597309, 0.24188051827403312, 0.24787274843688634, -0.2531091327045316, -3.4067889886902543, -0.27409559388793037, 0.5423445092881463, 1.0918392221130984, 1.5755306648734557, 1.5940174803987974, 1.5780375986642847, 1.566197139279893, 10.957886508754035, -7.980095175700291, 1.0561986006876218, 0.409497193277441] 

Time 
39.02003502845764 
