Parameters 
 
[-0.5, -0.5, -0.5, -0.5, -0.5, -0.5, -0.5, -0.5, -0.5, -0.5, -0.5, -0.5, -0.5, -0.5] 
[-0.7453060677564238, -0.7453060677564238, -0.7453060677564238, -0.25469393224357617, -0.25469393224357617, -0.7453060677564238, -0.25469393224357617, -0.46147025042401424, -0.008536070967094522, -1.2105831084568035, 0.26866356668260605, -1.2068459000604541, -0.01865769452790733, -0.4324200148942754] 
[-0.6465288511798559, -0.6465288511798559, -0.8440832843329917, -0.15591671566700827, -0.3534711488201441, -0.6465288511798559, -0.15591671566700827, -0.43066561092603634, 0.1278472870376133, -1.3551772030242524, 0.2600906848658818, -1.3210573173643965, 0.07605334448605101, -0.39379812750093757] 
[-0.5495344836921454, -0.7435232186675664, -0.7470889168452812, -0.2529110831547188, -0.25647678133243357, -0.7435232186675664, -0.2529110831547188, -0.31244175899757026, 0.08369636310967321, -1.0913129984898957, 0.0008571022211797952, -1.2513662564932921, 0.26802001332388775, -0.597971350933278] 
[-0.536960088911485, -0.730948823886906, -0.7345145220646208, -0.2403366883740583, -0.2439023865517731, -0.7560976134482269, -0.2403366883740583, -0.31337878802981667, 0.05342633722451995, -1.0486774633372564, -0.034747346022475846, -1.2379457538039624, 0.29831213241658794, -0.6297483967566475] 
[-0.5269015721473922, -0.7208903071228132, -0.724456005300528, -0.23027817160996555, -0.23384386978768035, -0.7460390966841342, -0.25039520513815106, -0.32713197963494134, 0.06312740368458233, -1.0355341345382865, -0.049633292198008716, -1.2469451364203523, 0.30705988327341077, -0.6253465736993874] 
[-0.30279325809464064, -0.9449986211755648, -0.9485643193532796, -0.4543864856627171, -0.009735555734928791, -0.5219307826313826, -0.0262868910853995, -0.15334895689954256, 0.19634914290555353, -0.9764605642791313, 0.17341912990362765, -1.4128024847922, -0.26838588498808674, -0.03314200063572692] 
[-0.3384519295700499, -0.9093399497001555, -0.9129056478778703, -0.49004515713812635, -0.045394227210338034, -0.5575894541067918, 0.009371780390009743, -0.18835772897589098, 0.1926282362084321, -1.0337297206134715, 0.22787323854883273, -1.390532849110014, -0.3396945857887936, 0.03805399806401348] 
[-0.35921015103355414, -0.8885817282366513, -0.9336638693413746, -0.5108033786016306, -0.024636005746833778, -0.5783476755702961, 0.030130001853514, -0.20198731479172843, 0.1576759403993521, -0.9964344737653207, 0.22640542589557763, -1.368856558171945, -0.35429665206235067, 0.025014049249604216] 
[-0.5018083027178561, -0.7459835765523493, -1.0762620210256766, -0.6534015302859326, -0.1672341574311358, -0.4357495238859941, -0.11246814983078801, -0.38958716169399166, 0.3607086609918756, -1.040049432731758, 0.4490790812973208, -1.57795126835824, -0.25671089075013254, 0.11430820651798501] 
[-0.3815714774121681, -0.8662204018580373, -0.9560251957199886, -0.7736383555916206, -0.046997332125447766, -0.5559863491916821, -0.23270497513647603, -0.2917522795544404, 0.42412266067188886, -0.9612236382829935, 0.4948676451049937, -1.4584802550252918, -0.35903823723944134, 0.036391094879096] 
[-0.5649970234226731, -0.6827948558475323, -1.1394507417304935, -0.5902128095811157, -0.23042287813595275, -0.3725608031811771, -0.416130521146981, -0.01289642725540463, 0.028465023204471862, -0.6057482838941941, 0.4666296761570192, -1.26693588770125, -0.24522497167660806, 0.16143173822961812] 
[-0.6953006956659515, -0.5524911836042539, -1.009147069487215, -0.7205164818243941, -0.3607265503792312, -0.2422571309378987, -0.5464341933902594, -0.08819416566022271, -0.10395806920675282, -0.45585626205790947, 0.4835651505976282, -1.153915814289605, -0.16913802960562935, 0.26707272350673517] 
[-0.7791496935798077, -0.46864218569039773, -0.925298071573359, -0.636667483910538, -0.27687755246537504, -0.15840813302404255, -0.6302831913041156, -0.2711452411673396, 0.07777879585316194, -0.44711373798202436, 0.550248347731821, -1.116100080908535, -0.07550282792212953, 0.16526725482666368] 
[-0.6698081216583813, -0.5779837576118241, -0.8159564996519326, -0.7460090558319643, -0.1675359805439487, -0.0490665611026162, -0.5209416193826892, -0.13349549770411218, 0.03262400163943579, -0.09435115025020213, 0.14070061323431193, -0.8310859322119316, -0.23570962815412852, 0.07556440101441769] 
[-0.5175195201235412, -0.42569515607698394, -0.9682451011867728, -0.5937204542971242, -0.015247379009108553, -0.20135516263745634, -0.6732302209175294, 0.2518998035874055, -0.4156661240813392, 0.23142020209797676, 0.047115767743736534, -0.6131774530263182, -0.42136652909214356, 0.2356404226418398] 
[-0.5430650699574735, -0.45124070591091625, -0.9937906510207051, -0.6192660041310565, 0.01029817082482376, -0.22690071247138865, -0.6987757707514617, 0.2692084512895531, -0.39738516027665405, 0.2287936672819887, 0.08643394081800013, -0.6514675484066038, -0.3987888442446602, 0.25765613108527496] 
[-0.41296605771019257, -0.3211416936636353, -0.8636916387734241, -0.7493650163783374, -0.11980084142245717, -0.09680170022410772, -0.8288747829987426, 0.31012912194207093, -0.20561947972253233, -0.1674278081988353, 0.4561539489614179, -0.6397132848079807, -0.5558571967743461, 0.41480641429141274] 
[-0.5108814362952647, -0.4190570722487075, -0.765776260188352, -0.6514496377932653, -0.21771622000752933, 0.0011136783609644318, -0.7309594044136705, 0.38030604366240456, -0.1327788416662411, -0.17620937070943654, 0.632275042546842, -0.8071629792988495, -0.645916850275142, 0.5185611939822308] 
[-0.4050432972574094, -0.5248952112865628, -0.6599381211504967, -0.5456114987554099, -0.111878080969674, -0.1047244606768909, -0.8367975434515258, 0.3575514634216253, -0.3187982153036253, 0.17689210777975317, 0.2356861241801867, -0.5424311599962424, -0.5856359055152618, 0.41277185824746837] 
[-0.2301767464344704, -0.3500286604636238, -0.48507157032755766, -0.3707449479324709, 0.062988469853265, -0.2795910114998299, -1.0116640942744648, 0.2468042925456444, -0.5068266269569642, 0.316854161720987, 0.46351519121375667, -0.8282231673357296, -0.3948883833471414, 0.5743655958010941] 
[-0.15950174554865493, -0.27935365957780833, -0.4143965694417422, -0.4414199488182864, -0.007686531032550459, -0.35026601238564536, -0.9409890933886493, 0.34363288422044685, -0.6288598812572538, 0.4204766442524577, 0.4711009660193873, -0.7632409978482492, -0.4528099605514154, 0.5121526048328859] 
[-0.20208183862712525, -0.32193375265627866, -0.4569766625202125, -0.39883985573981606, -0.050266624111020786, -0.3928461054641157, -0.898409000310179, 0.39361277821519564, -0.6773293843176218, 0.4134901485872701, 0.40390088096123333, -0.6940307663702392, -0.5066464670288949, 0.5656132837960232] 
[-0.35563602512377424, -0.16837956615962968, -0.6105308490168615, -0.24528566924316708, 0.1032875623856282, -0.2392919189674667, -0.74485481381353, 0.5343799002259787, -0.6101696816801015, 0.6277307497993756, 0.19813444895649723, -0.7814401436952397, -0.3786627129501329, 0.688689433283396] 
[-0.27757874820263106, -0.24643684308077285, -0.6885881259380047, -0.32334294616431025, 0.025230285464485025, -0.3173491958886099, -0.8229120907346732, 0.6459150554524922, -0.7076981936252011, 0.4815612146972572, 0.34526056638229985, -0.725490787493051, -0.30653108828555564, 0.7542447578633655] 
[-0.23216081282245016, -0.29185477846095376, -0.7340060613181856, -0.27792501078412934, 0.07064822084466593, -0.3627671312687908, -0.7774941553544923, 0.680343345597462, -0.6663447008739617, 0.45349211148527374, 0.30274887738125256, -0.6704681279759094, -0.34269050933777456, 0.7164981791873679] 
[-0.3498773162940467, -0.1741382749893572, -0.8517225647897821, -0.16020850731253278, 0.1883647243162625, -0.24505062779719422, -0.8952106588260889, 0.7931849501870656, -0.6442213869245677, 0.7936856852881424, -0.06534095592681266, -0.4711312462546072, -0.235177737137545, 0.8070923970239543] 
[-0.21249642825230675, -0.03675738694761721, -0.7143416767480422, -0.0228276192707928, 0.3257456123580025, -0.3824315158389342, -1.0325915468678288, 1.0070448138792396, -0.8707597197427326, 0.9518681398553144, -0.06057632853692663, -0.3074160626745329, -0.08558902058656942, 0.9221799545350373] 
[-0.08254499197463838, -0.16670882322528557, -0.5843902404703738, -0.15277905554846116, 0.19579417608033411, -0.5123829521166026, -1.1625429831454972, 1.1166202587944116, -0.77408032779995, 1.3268853697766805, -0.43901333862855135, -0.12171063157537151, 0.0814176536930683, 1.0218648385474371] 
[-0.009706352000368401, -0.0938701832510156, -0.6572288804446438, -0.07994041557419118, 0.2686328160546041, -0.5852215920908725, -1.0897043431712272, 1.036511265316089, -0.6846631038254405, 1.2539125006690763, -0.4617004619941752, -0.20936676478249094, -0.02385409679658257, 1.1148015412900327] 
[-0.05607316717407551, -0.04750336807730848, -0.7035956956183509, -0.1263072307478983, 0.22226600088089699, -0.5388547769171654, -1.1360711583449343, 0.9905728006047991, -0.7289898911749811, 1.2324026442754197, -0.49727361524631253, -0.17249218032952404, -0.07672683536679292, 1.1741986665085422] 
[0.1492669814036005, -0.2528435166549845, -0.9089358441960269, 0.07903291782977773, 0.427606149458573, -0.3335146283394894, -1.3414113069226103, 0.7718870193755323, -0.4905922903810619, 0.6566274076723627, 0.06710727175380105, -0.06490036183565126, -0.31578209676944113, 1.4299325739290778] 
[0.3403568066140408, -0.44393334186542477, -0.7178460189855866, 0.270122743040218, 0.6186959746690133, -0.5246044535499297, -1.5325011321330506, 0.6094534779614688, -0.2915695417453382, 0.450614814497331, 0.04696574319229497, 0.25429552673611056, 0.014450336946396691, 1.2164748138499821] 
[0.15692526921312, -0.260501804464504, -0.9012775563865074, 0.45355428044113877, 0.4352644372680925, -0.7080359909508505, -1.3490695947321298, 0.9373020616201766, 0.18748011601334613, -0.19468490890621204, 0.5985837612398742, 0.24680807352327525, 0.19143730328792163, 1.3971415218837224] 
[0.11906508321106335, -0.22264161846244734, -0.8634173703844508, 0.4156940944390821, 0.39740425126603585, -0.7458961769529071, -1.3869297807341865, 0.9689011692307208, 0.14601854099081485, -0.14165113350020925, 0.585916033165044, 0.18837241941322896, 0.1308231181132009, 1.442862424818493] 
[-0.01300636977966585, -0.09057016547171814, -0.7313459173937216, 0.2836226414483529, 0.529475704256765, -0.6138247239621779, -1.5190012337249157, 1.1191568140388222, 0.30297896105028654, -0.19416271277481176, 0.435626396583942, -0.03409204133893698, -0.07693015573724468, 1.5987021354500566] 
[-0.21111204550366347, -0.28867584119571577, -0.533240241669724, 0.0855169657243553, 0.7275813799807627, -0.8119303996861755, -1.320895558000918, 0.9182699207311252, 0.5177001007429353, -0.4023508784541589, 0.4287818038308371, 0.2903486575113785, 0.24489294953003174, 1.7885249613894818] 
[-0.167236275776681, -0.24480007146873328, -0.48936447194274146, 0.12939273545133778, 0.7714571497077451, -0.768054629959193, -1.2770197882739356, 0.9556236895653483, 0.5501677884324467, -0.3860625203276468, 0.4695725285195016, 0.3781550163585051, 0.33632667068122524, 1.7323960561440883] 
[-0.27800899032125104, -0.35557278601330333, -0.3785917573981714, 0.24016544999590783, 0.6606844351631751, -0.657281915414623, -1.1662470737293655, 0.8641559523551872, 0.4306286352937229, -0.27447209753157775, 0.5235196871879725, 0.3002558914759937, 0.3935779598712093, 1.8349119305787396] 
[-0.2857676399165663, -0.3478141364179881, -0.38635040699348666, 0.23240680040059258, 0.6529257855678599, -0.6650405650099382, -1.1584884241340503, 0.875486324943126, 0.41674571141468675, -0.26415476132258264, 0.5287482683155821, 0.30565500161341275, 0.3866437677077552, 1.8439872164182725] 
[-0.3348807074174567, -0.2987010689170977, -0.33723733949259627, 0.1832937328997022, 0.6038127180669695, -0.6159274975090478, -1.10937535663316, 0.9159121471069006, 0.4495260094794968, -0.24560392552252075, 0.5886008026414843, 0.40676609080524667, 0.4766176470313878, 1.8754276245396022] 
[-0.3023396734937944, -0.33124210284075994, -0.304696305568934, 0.15075269897603993, 0.5712716841433072, -0.6484685314327101, -1.1419163905568221, 0.8890842524135923, 0.43133729076705385, -0.26819680648305877, 0.5719486979829759, 0.4693706089210264, 0.5477660695524456, 1.8278223158301372] 
[-0.2600637260935277, -0.2889661554404932, -0.26242035816866727, 0.19302864637630668, 0.613547631543574, -0.6907444788329768, -1.184192337957089, 0.825312036948625, 0.5076820450830712, -0.32260063178836584, 0.5345736814574982, 0.3834227291839317, 0.45583562465144717, 1.8895213388529362] 
[-0.27662794897547416, -0.2724019325585467, -0.27898458105061374, 0.1764644234943602, 0.6301118544255204, -0.7073087017149233, -1.2007565608390354, 0.8046302142487909, 0.524387607631514, -0.30396441048169354, 0.5078783029059561, 0.34656447925750117, 0.41852534694643717, 1.9134135310004343] 
[-0.16241241673786933, -0.1581864003209419, -0.1647690488130089, 0.29067995573196503, 0.5158963221879156, -0.5930931694773185, -1.0865410286014305, 0.6585595633234889, 0.6454899463853128, -0.17721686312825785, 0.34448358569333287, 0.22860256695287995, 0.4605571262997954, 2.0196485046124444] 
[-0.1760015568460802, -0.17177554042915277, -0.15117990870479803, 0.3042690958401759, 0.5294854622961265, -0.6066823095855294, -1.1001301687096414, 0.6705526570703529, 0.6554851977106767, -0.16626911815704268, 0.3516276891751665, 0.2093034763190802, 0.44150430815055985, 2.0103718351657056] 
[-0.19343389534302924, -0.15434320193220374, -0.133747570207849, 0.2868367573432269, 0.5469178007930755, -0.6241146480824784, -1.0826978302126924, 0.6499858926649664, 0.6736539483452736, -0.14936895018159624, 0.33403525702330933, 0.21803707027797892, 0.43089100617085474, 1.995307807018157] 
[-0.18311012871857146, -0.14401943530774597, -0.14407133683230677, 0.2765129907187691, 0.5572415674175333, -0.6137908814580206, -1.0723740635882346, 0.65825602028519, 0.6844657167433941, -0.16313911384335075, 0.34851419600644823, 0.22812044002828397, 0.4217303626137799, 2.0077757938520358] 
[0.012469233561652526, -0.33959879758796996, 0.051508025447917216, 0.4720923529989931, 0.3616622051373093, -0.8093702437382446, -1.2679534258684586, 0.49754831750392414, 0.4909529883969578, 0.029423731479901044, 0.5683013622389596, 0.4484815039072866, 0.3601381887768677, 1.8265894974044687] 
[-0.05025245816599844, -0.276877105860319, 0.11422971717556818, 0.5348140447266441, 0.2989405134096583, -0.7466485520105937, -1.3306751175961096, 0.5608101655173063, 0.5368971829768712, 0.08209686482392536, 0.6893694539193214, 0.5804805465157589, 0.44224252629574606, 1.8727332533541206] 
[-0.08526040107407917, -0.24186916295223826, 0.14923766008364892, 0.5698219876347248, 0.2639325705015776, -0.7116406091025129, -1.3656830605041903, 0.5281478598269771, 0.48835154752931026, 0.13782796740995867, 0.7694727709837478, 0.6628076268777686, 0.4882538136545332, 1.9006389050183952] 
[-0.032714503904867076, -0.18932326578302616, 0.09669176291443682, 0.5172760904655127, 0.3164784676707897, -0.764186506271725, -1.4182289576734024, 0.5867660448398795, 0.41490686331480825, 0.20584772213101932, 0.7541805841844307, 0.7190899568242816, 0.5580606192345784, 1.8391290270552338] 
[-0.21350202306483412, -0.008535746623059115, 0.27747928207440387, 0.33648857130554566, 0.13569094851082264, -0.583398987111758, -1.2374414385134354, 0.7627833490371526, 0.5633996302818634, 0.34814578122760975, 0.6244728247480662, 0.8032202011354916, 0.3737950756141213, 2.038331561691988] 
[-0.18839608930477825, -0.03364168038311499, 0.252373348314348, 0.3113826375454898, 0.11058501475076676, -0.6085049208718138, -1.2625473722734912, 0.7420009239149467, 0.5429937844439041, 0.3111521147210781, 0.5778630875346522, 0.7652745556684668, 0.3909196344052094, 2.0603791500255557] 
[-0.1012080664087347, 0.05354634251292856, 0.16518532541830444, 0.22419461464944623, 0.1977730376468103, -0.5213168979757703, -1.1753593493774477, 0.6350980993462175, 0.6483204792576315, 0.3696372016717532, 0.47122424341370617, 0.6521876187743797, 0.4552424475895537, 2.1364797691466433] 
[-0.054969353255622355, 0.0997850556660409, 0.21142403857141678, 0.1779559014963339, 0.15153432449369797, -0.47507818482265796, -1.1291206362243353, 0.6868490532703926, 0.5936846388693127, 0.30916845787949787, 0.40026144547396514, 0.5822237689713818, 0.40427555031457213, 2.099828148639486] 
[-0.0325991436486075, 0.07741484605902604, 0.23379424817843164, 0.15558569188931903, 0.17390453410071283, -0.4974483944296728, -1.1514908458313502, 0.7103680676610397, 0.5726705730547658, 0.33633324800591813, 0.43353600512114765, 0.6133278110850496, 0.42729123680113584, 2.1177498690608725] 
[0.09384275279938903, -0.04902705038897048, 0.36023614462642817, 0.28202758833731556, 0.30034643054870935, -0.3710064979816763, -1.2779327422793467, 0.5794150098293208, 0.7114936845400681, 0.44439831815209985, 0.30725576363911256, 0.44832856439442637, 0.29542892668762255, 2.0165390480977416] 
[0.08634871602857386, -0.04153301361815531, 0.36773018139724334, 0.2745335515665004, 0.3078404673195245, -0.37850053475249146, -1.2704387055085316, 0.5725108758141333, 0.7177965706791479, 0.45633382977965276, 0.3212409504498067, 0.4581966941999945, 0.2912558125546003, 2.0094622472342984] 
[0.08037403171957846, -0.03555832930915992, 0.36175549708824795, 0.268558867257505, 0.3138151516285199, -0.37252585044349606, -1.2644640211995362, 0.565954598020936, 0.7110469687885131, 0.461773663898062, 0.3189403869041628, 0.46563553136552693, 0.2987048675140031, 2.014660817830575] 
[0.061530124569187716, -0.05440223645955067, 0.3429115899378572, 0.24971496010711425, 0.29497124447812917, -0.3536819432931053, -1.2456201140491454, 0.5863729164588574, 0.7306690355281077, 0.4877264236782233, 0.34169360246097547, 0.4447035711763639, 0.2717978342848262, 2.036313806849851] 
[0.027301516569806505, -0.020173628460169457, 0.3771401979372384, 0.28394356810649546, 0.26074263647874796, -0.3879105512924865, -1.2798487220485266, 0.5497278809316368, 0.6913137526453588, 0.5440070533056529, 0.4032959761863357, 0.4854088131718772, 0.2443949318066692, 2.0734436362470006] 
[0.10421431195475561, 0.05673916692477965, 0.4540529933221875, 0.20703077272154635, 0.18382984109379885, -0.46482334667743563, -1.3567615174334757, 0.6287424084895205, 0.7683212363921621, 0.6539849467597824, 0.5009314657848081, 0.41329139387947333, 0.1580755595048458, 2.0055804470360856] 
[0.16540840786918265, -0.004454928989647389, 0.3928588974077605, 0.14583667680711931, 0.2450239370082259, -0.4036292507630086, -1.2955674215190487, 0.6847819802645109, 0.7186909181684578, 0.7673014860569811, 0.6284252483052037, 0.5109561541146694, 0.2413454487889981, 1.9365915274492205] 
[0.18103780570030592, 0.011174468841475882, 0.40848829523888375, 0.16146607463824258, 0.22939453917710262, -0.41925864859413187, -1.311196819350172, 0.6713791642226662, 0.7322137475581224, 0.7426048005056821, 0.6046309937619182, 0.5200881221024587, 0.2259481034599877, 1.9538153322599379] 
[0.19787029342987195, -0.005658018888090144, 0.3916558075093177, 0.14463358690867656, 0.24622702690666864, -0.4360911363236979, -1.328029307079738, 0.6855880114289238, 0.7176411464688501, 0.7130364103524537, 0.5725189937484206, 0.4944202601965901, 0.20535348836632764, 1.939078518072808] 
[0.20840217876635547, 0.0048738664483933825, 0.40218769284580125, 0.13410170157219303, 0.25675891224315217, -0.42555925098721437, -1.3385611924162215, 0.6767676761204575, 0.726347847320771, 0.7308416012510307, 0.5918926039434994, 0.5107998358890317, 0.22065191745682283, 1.927040076330753] 
[0.13181700382554196, 0.0814590413892069, 0.32560251790498773, 0.057516526631379516, 0.18017373730233865, -0.34897407604640085, -1.415146367357035, 0.7401074371455818, 0.6623276990132256, 0.6078629033444476, 0.47301915927090243, 0.5563198956002541, 0.14683934676244909, 2.0104085868488126] 
[0.12756796632434897, 0.08570807889039989, 0.32135348040379474, 0.061765564132572504, 0.18442277480353164, -0.34472503854520786, -1.419395404858228, 0.743895052721779, 0.6588053879250451, 0.6108795859964847, 0.4699931227631083, 0.5612247448094975, 0.15170463723385985, 2.0144039028345913] 
[0.10152176193913887, 0.11175428327560999, 0.34739968478900485, 0.0357193597473624, 0.15837657041832154, -0.37077124293041797, -1.4454416092434381, 0.7205888469838296, 0.6804218378206581, 0.5925634141232387, 0.489059499326754, 0.539914995326173, 0.1728279876149218, 2.0393917312176666] 
[0.14144722987471736, 0.15167975121118848, 0.30747421685342635, -0.0042061081882160956, 0.11845110248274304, -0.41069671086599646, -1.4055161413078596, 0.6758199567022019, 0.6323315814091283, 0.5575184728856049, 0.5183315093119443, 0.5759767889270633, 0.13992035105996747, 2.0009383698677703] 
[0.11675775353360107, 0.1269902748700722, 0.28278474051231006, 0.020483368152900194, 0.09376162614162675, -0.38600723452488017, -1.3808266649667433, 0.6546139506457929, 0.6573282386449094, 0.580400565937182, 0.5003779194933575, 0.6035742967120313, 0.1661008710060001, 2.023920156187938] 
[0.09048330806567462, 0.10071582940214574, 0.2565102950443836, 0.04675781362082665, 0.0674871806737003, -0.3597327890569537, -1.4071011104346698, 0.6846753596562293, 0.6901003084168505, 0.6054346425895277, 0.4815905993444522, 0.6321488068534793, 0.19686707035214768, 1.9954680648688239] 
[0.07269352664272644, 0.08292604797919756, 0.23872051362143543, 0.02896803219787847, 0.08527696209664848, -0.34194300763400554, -1.424890891857618, 0.6682440969434644, 0.705211417235719, 0.5930302080317423, 0.49714400654824736, 0.6519087429873847, 0.21698687395792515, 1.976526684884551] 
[0.11121494437853086, 0.12144746571500198, 0.200199095885631, 0.06748944993368289, 0.1237983798324529, -0.38046442536980996, -1.4634123095934224, 0.632042506830823, 0.7372621169712356, 0.5450611912411167, 0.44611286486240126, 0.608731329756724, 0.17677852305198655, 1.9399583553780084] 
[0.11026198908776363, 0.12049451042423476, 0.20115205117639823, 0.06653649464291567, 0.12475133512322012, -0.37951147007904273, -1.4643652648841896, 0.6309858290666109, 0.7363206261704088, 0.5461449314644614, 0.4473409767848151, 0.6096722954431806, 0.1759695822462684, 1.9390373500463198] 
[0.10860745563658325, 0.12214904387541514, 0.19949751772521784, 0.06819102809409605, 0.1264058685744005, -0.37785693662786235, -1.46601979833537, 0.6328736859547557, 0.738456488751008, 0.5484949061689885, 0.4495915274124299, 0.6116978351559431, 0.177925288135408, 1.9373064483696585] 
[0.08190626322867756, 0.14885023628332084, 0.17279632531731215, 0.09489222050200175, 0.1531070609823062, -0.35115574421995666, -1.4927209907432757, 0.6566454159843035, 0.71122756823498, 0.5225084783428036, 0.46970700528418274, 0.5892680936094749, 0.2030632166845883, 1.9096430613350732] 
[0.05046731701761287, 0.11741129007225615, 0.20423527152837684, 0.06345327429093706, 0.12166811477124151, -0.31971679800889197, -1.461282044532211, 0.6220438814131597, 0.672139849638308, 0.4892044593471928, 0.4923110014590807, 0.554605386821139, 0.16582300405480077, 1.942069449712447] 
[0.08193181895128587, 0.08594678813858314, 0.17277076959470383, 0.03198877235726405, 0.15313261670491451, -0.28825229607521896, -1.429817542598538, 0.5890522327548237, 0.6416570195658547, 0.5122009933602472, 0.46755771430514287, 0.5884914831707113, 0.20015098234532658, 1.9723634572351185] 
[0.0956228875382048, 0.07225571955166421, 0.1590797010077849, 0.04567984094418298, 0.13944154811799558, -0.3019433646621379, -1.416126474011619, 0.6016224578769169, 0.6279107650956365, 0.4993848291730452, 0.479435895751996, 0.6007308932523872, 0.18768900543583592, 1.9865464871040714] 
[0.0873259631743859, 0.06395879518784531, 0.150782776643966, 0.053976765308001884, 0.1477384724818145, -0.293646440298319, -1.4078295496478002, 0.6108644016144545, 0.6378345100714793, 0.5099086927371876, 0.4890841199591829, 0.5937947577000806, 0.19470447928585638, 1.9945251383286107] 
[0.08001821881454019, 0.07126653954769102, 0.1580905210038117, 0.04666902094815617, 0.1550462168416602, -0.2863386959384733, -1.4151372940076459, 0.60290439855089, 0.6303404441169322, 0.5179547137630718, 0.49716782351667066, 0.5856741409528111, 0.18589575293485697, 2.002242045825947] 
[0.06142931403212115, 0.08985544433011006, 0.13950161622139268, 0.0652579257305752, 0.13645731205924116, -0.3049276007208923, -1.433726198790065, 0.6230202940349518, 0.6494924769805653, 0.5031071909978875, 0.5124612028936582, 0.5644404124101333, 0.1633182959281391, 2.021807697680116] 
[0.06560567815838736, 0.09403180845637626, 0.14367798034765888, 0.06943428985684141, 0.13228094793297496, -0.3091039648471585, -1.4295498346637987, 0.6274907377274478, 0.6543021767598668, 0.5071660250586202, 0.5085237807717295, 0.5594079815378511, 0.15865234710373927, 2.0178209655222523] 
[0.06736028111713521, 0.09227720549762841, 0.14543258330640674, 0.07118889281558927, 0.1305263449742271, -0.31085856780590637, -1.4277952317050508, 0.6293782658083766, 0.6563387501886168, 0.50887831211253, 0.5068982825139882, 0.5577272574297446, 0.1601244532667624, 2.0195130760299516] 
[0.05676613005741826, 0.10287135655734536, 0.1560267343661237, 0.06059474175587232, 0.14112049603394405, -0.3002644167461894, -1.4383893827647678, 0.6393785385971351, 0.6474779349805206, 0.5205648617074526, 0.52008752484376, 0.570810637235011, 0.17281736135611384, 2.0083703261886474] 
[0.07648479246821038, 0.12259001896813748, 0.13630807195533157, 0.040876079345080196, 0.16083915844473617, -0.31998307915698154, -1.45810804517556, 0.6581687379400921, 0.6310262402019571, 0.5423514644982016, 0.5442898246220191, 0.5897579434627331, 0.15637752798163387, 1.9892872255579952] 
[0.11160455039949069, 0.1577097768994178, 0.10118831402405126, 0.0759958372763605, 0.12571940051345587, -0.28486332122570124, -1.4229882872442796, 0.6258500149258154, 0.6679612745786626, 0.5776694273222082, 0.5126517538928639, 0.5577897994834705, 0.1854508696942632, 2.0233918977702117] 
[0.09592801966122932, 0.17338630763767915, 0.0855117832857899, 0.06031930653809914, 0.11004286977519451, -0.3005398519639626, -1.438664817982541, 0.6438240335681501, 0.6888492706279865, 0.5984992842929671, 0.5318508169917561, 0.5771457513512342, 0.20412504819086114, 2.006948601073683] 
[0.10175679102772817, 0.179215079004178, 0.07968301191929106, 0.06614807790459798, 0.10421409840869567, -0.30636862333046144, -1.4328360466160421, 0.6374602339665505, 0.6831782851734866, 0.6029305258700176, 0.5267631221421029, 0.5833261940821367, 0.21038440716412618, 2.012534721854596] 
[0.13457835281501884, 0.14639351721688731, 0.11250457370658173, 0.09896963969188866, 0.13703566019598634, -0.27354706154317077, -1.4656576084033328, 0.6083720894086394, 0.7205295114387392, 0.6450023999974661, 0.5606409914149325, 0.5492711420940766, 0.17548715751839805, 1.9811527310103387] 
[0.13611778468890234, 0.1448540853430038, 0.11404400558046524, 0.09743020781800515, 0.13857509206986984, -0.27508649341705427, -1.4641181765294493, 0.6065571816759223, 0.7184541655668688, 0.6429485753694975, 0.5586839922290378, 0.5473117916780541, 0.17373312879713396, 1.9796625609755918] 
[0.1548733633706969, 0.16360966402479837, 0.09528842689867068, 0.0786746291362106, 0.11981951338807528, -0.2938420720988488, -1.4453625978476548, 0.5851696616181008, 0.6988532826710796, 0.6572115670127593, 0.5434470784185604, 0.5673728015143295, 0.19462283005323255, 1.9978197578515553] 
[0.15779987048355038, 0.1606831569119449, 0.0923619197858172, 0.08160113624906407, 0.12274602050092875, -0.2967685792117023, -1.4424360907348013, 0.5877671511638893, 0.6966914671199836, 0.6595172095691796, 0.5405134447683332, 0.5645032378111102, 0.19711999885543688, 2.000656430299159] 
[0.15161825458229528, 0.1545015410106898, 0.0985435356870723, 0.07541952034780897, 0.11656440459967365, -0.2905869633104472, -1.4486177066360564, 0.5826133713469238, 0.7033174747404368, 0.6674231617248475, 0.5480278906768455, 0.5721435566625752, 0.20443296399959587, 1.99420312349068] 
[0.149836659854365, 0.15628313573862007, 0.09676194095914203, 0.07720111507573924, 0.11478280987174339, -0.29236855803837747, -1.446836111908126, 0.5842049992280078, 0.7020445704543605, 0.6692143505174835, 0.5501147512456623, 0.5739110997600555, 0.20290771216452555, 1.9924744275113133] 
[0.1489782407305813, 0.15542471661483637, 0.09762036008292574, 0.07634269595195553, 0.11392439074795968, -0.29151013891459376, -1.4476945310319098, 0.585238205485956, 0.7032299108425062, 0.6703539447913125, 0.5511615285633755, 0.5749591994303617, 0.20391238365260533, 1.9915804409901616] 
[0.15684953825322223, 0.14755341909219544, 0.08974906256028481, 0.08421399347459646, 0.10605309322531875, -0.28363884139195283, -1.4555658285545507, 0.5922804573323186, 0.6975762448410825, 0.6781315455596998, 0.5591572970306, 0.5667079200269375, 0.1948581778982648, 1.9997691905421027] 
[0.15977550689922593, 0.14462745044619174, 0.08682309391428111, 0.08713996212060016, 0.10312712457931505, -0.28071287274594914, -1.452639859908547, 0.5887456766265962, 0.6936359638947865, 0.6748946235838524, 0.5620883083932786, 0.5702010253118605, 0.1980475224993173, 2.002593115245988] 
[0.15028185382276815, 0.13513379736973397, 0.09631674699073889, 0.07764630904414238, 0.09363347150285728, -0.27121921966949136, -1.4621335129850048, 0.59671788383496, 0.6839720359425828, 0.664839156268946, 0.5715412591974381, 0.5796961400836877, 0.18978919729327276, 1.993367729956622] 
[0.1535625741662865, 0.1384145177132523, 0.09959746733425723, 0.08092702938766072, 0.09035275115933894, -0.267938499325973, -1.4654142333285232, 0.5929159136214655, 0.680458431533578, 0.6673367264597311, 0.5682014883329662, 0.5758412219511243, 0.18625421945657372, 1.9901892656553368] 
[0.1657638345814756, 0.1506157781284414, 0.08739620691906813, 0.09312828980284982, 0.10255401157452804, -0.2557372389107839, -1.4776154937437123, 0.5787823219904271, 0.6677035039285526, 0.6790377992213535, 0.5807353614644448, 0.5656557283839087, 0.1979195004594228, 1.9776644793883194] 
[0.18669432871927638, 0.1296852839906406, 0.10832670105686892, 0.07219779566504902, 0.12348450571232883, -0.2766677330485847, -1.4566849996059115, 0.5531870476142247, 0.6391093747425254, 0.6553778245088301, 0.5980301750785204, 0.5482633115925111, 0.21763568704308825, 1.9562723672677562] 
[0.17783479851743733, 0.12082575378880156, 0.11718623125870797, 0.08105732586688807, 0.13234403591416788, -0.28552726325042377, -1.4655445298077505, 0.5608904673093561, 0.6328279760850466, 0.6645624495960236, 0.6084916647981572, 0.5569734542125244, 0.2100717514958614, 1.9476462999443545] 
[0.15031432297251213, 0.14834622933372676, 0.14470670680363318, 0.10857780141181328, 0.10482356036924267, -0.313047738795349, -1.4380240542628253, 0.5849091180923994, 0.6128869713876774, 0.6930945029315566, 0.637544560351839, 0.5347892774726263, 0.23400594772285205, 1.9744647349787126] 
[0.13120339480045784, 0.12923530116167248, 0.1255957786315789, 0.12768872958386757, 0.12393448854129696, -0.2939368106232947, -1.4571349824348796, 0.5678117096740296, 0.6264822622608014, 0.6724633893824229, 0.6129556309059582, 0.5108501336651351, 0.21171450280963822, 1.9944794631427742] 
[0.13759916470550548, 0.12283953125662483, 0.13199154853662654, 0.12129295967881992, 0.1303302584463446, -0.30033258052834233, -1.4635307523399272, 0.5603200970889746, 0.618035568444582, 0.6639514401520382, 0.6044704266136862, 0.5025492785996457, 0.2045455346084921, 1.9883174542860027] 
[0.13754323468068774, 0.12289546128144258, 0.13204747856144428, 0.12134888970363766, 0.13038618847116235, -0.3002766505035246, -1.4634748223151095, 0.5603858294206995, 0.6181075744546995, 0.6640106813877485, 0.6044291459893318, 0.5026078725006553, 0.20460698948041878, 1.9883714543947428] 
[0.12685607855862768, 0.11220830515938252, 0.12136032243938422, 0.13203604582569772, 0.11969903234910229, -0.31096380662558465, -1.4741619784371696, 0.5725760707027815, 0.6291535095318433, 0.6532106281275815, 0.593308094170948, 0.5107352005287404, 0.19457619239259397, 1.9993737199816237] 
[0.1409939132193858, 0.12634613982014065, 0.10722248777862609, 0.11789821116493959, 0.10556119768834415, -0.3251016412863428, -1.4600241437764114, 0.5849387889532437, 0.6150339617697679, 0.6392798110241596, 0.6080982358866134, 0.5285666263331739, 0.21032270943870618, 2.0130500149470163] 
[0.13599381584984682, 0.12134604245060165, 0.1022223904090871, 0.1128981137954006, 0.11056129505788315, -0.33010173865588177, -1.4650242411459504, 0.579197847657011, 0.6097197129519094, 0.6431992181899207, 0.6041002808230247, 0.5336305699679229, 0.2156559216523299, 2.017862850735067] 
[0.14265318091540236, 0.11468667738504612, 0.09556302534353156, 0.11955747886095613, 0.11722066012343868, -0.32344237359032624, -1.471683606211506, 0.5867865463250306, 0.6166252476437228, 0.6367023877930417, 0.5975296529614037, 0.5402978139190732, 0.2227885294948335, 2.024279621169659] 
[0.126436307556403, 0.13090355074404547, 0.11177989870253091, 0.10334060550195678, 0.10100378676443933, -0.3396592469493256, -1.4879004795705053, 0.5675754519042859, 0.5954251038520872, 0.6165706829066557, 0.5813324720391132, 0.5565331434162117, 0.24030342681523909, 2.039949436793919] 
[0.13254601560702595, 0.12479384269342253, 0.11788960675315385, 0.09723089745133384, 0.10711349481506227, -0.34576895499994853, -1.4940101876211282, 0.5620639949012769, 0.6002103143906371, 0.6116324581596, 0.5863843625370819, 0.5514875913944293, 0.24610806475005192, 2.0336804155324115] 
[0.13444553290897998, 0.12669335999537656, 0.11978912405510789, 0.09913041475328788, 0.10521397751310824, -0.3438694376979945, -1.4921106703191742, 0.5599018447987992, 0.5982074790914684, 0.6131032614886041, 0.5848060487564933, 0.5530563569877355, 0.24431529071951638, 2.0356262756944714] 
[0.13885586131553707, 0.13110368840193365, 0.12419945246166497, 0.10354074315984496, 0.10962430591966532, -0.3394591092914374, -1.4877003419126171, 0.5638525696026434, 0.5947509435074878, 0.6165499186360444, 0.5802795078728045, 0.5477062293945155, 0.23925884278156226, 2.0401698596331945] 
[0.14274376565856484, 0.13499159274496142, 0.1203115481186372, 0.10742864750287273, 0.11351221026269309, -0.3433470136344652, -1.491588246255645, 0.5671811085622271, 0.5906745981058807, 0.6115279194966862, 0.5752828042921191, 0.5428475432357562, 0.23476219320982633, 2.044181292926708] 
[0.13450838327644687, 0.12675621036284346, 0.12854693050075516, 0.09919326512075477, 0.12174759264481105, -0.35158239601658314, -1.4998236286377629, 0.5598376471982641, 0.5970018364184839, 0.6049270175748948, 0.5820290386355053, 0.5361473007628649, 0.2425104438030228, 2.0357408502925947] 
[0.13326191250378683, 0.1280026811355035, 0.1297934012734152, 0.09794679434809472, 0.120501121872151, -0.3503359252439231, -1.4985771578651028, 0.5587590349317588, 0.5982636717644995, 0.6062055706154464, 0.5810436547665838, 0.5371658946706347, 0.24134864234508135, 2.0370154837913033] 
[0.1427803738451483, 0.13752114247686498, 0.13931186261477668, 0.08842833300673325, 0.13001958321351248, -0.3408174639025616, -1.5080956192064643, 0.5669658162902446, 0.5883101750096513, 0.5941175484440969, 0.5707049619897254, 0.5446876186735313, 0.23243596939762468, 2.0467530672874537] 
[0.13110114016029284, 0.14920037616172044, 0.15099109629963214, 0.10010756669158871, 0.14169881689836794, -0.32913823021770616, -1.5197748528913197, 0.5535972180480162, 0.5763248121928461, 0.6058620307399176, 0.5829360693444585, 0.5324956934986557, 0.21950972637894176, 2.035342281637037] 
[0.1212357847522827, 0.1393350207537103, 0.141125740891622, 0.10997292209959886, 0.1515641723063781, -0.3390035856257163, -1.52964020829933, 0.5447152971311903, 0.5839322017569119, 0.598244972287802, 0.5906382351823792, 0.5219056197621567, 0.2083941878810014, 2.0256583227201688] 
[0.13008427541681966, 0.13048653008917332, 0.13227725022708503, 0.11882141276413583, 0.14271568164184112, -0.33015509496117934, -1.5384886989638669, 0.5546154044975559, 0.5927127274121541, 0.5890602071416231, 0.5795531206415672, 0.5129220683868395, 0.21585290761686, 2.0344059293630976] 
[0.12122035930163078, 0.1393504462043622, 0.12341333411189614, 0.1276853288793247, 0.13385176552665223, -0.3390190110763682, -1.5473526150790557, 0.5466478338610791, 0.5996819449269317, 0.5822578830564513, 0.5885659144000397, 0.521796055468805, 0.20808185424471767, 2.0433503964510895] 
[0.11398882072310057, 0.132118907625832, 0.13064487269042635, 0.1204537903007945, 0.12662022694812203, -0.331787472497838, -1.5401210765005255, 0.5532288082669707, 0.5942493276143361, 0.589645337334492, 0.5960031566961264, 0.516306208107269, 0.2145726007620063, 2.0505317872342044] 
[0.11828217535906616, 0.1364122622617976, 0.12635151805446077, 0.12474714493676009, 0.12232687231215644, -0.32749411786187244, -1.5444144311364911, 0.5571550130233198, 0.5909930343831239, 0.5942257727299234, 0.6015384026763879, 0.5218455614988152, 0.21956557325401954, 2.0461889501871613] 
[0.11580266744514445, 0.13393275434787588, 0.12883102596838247, 0.12226763702283838, 0.12480638022607815, -0.32501460994795073, -1.5468939390504128, 0.5542959038346703, 0.5877460900202751, 0.5909922126416521, 0.5989625591902454, 0.5243288034010831, 0.2223508370339031, 2.0436859850379387] 
[0.11662524513940964, 0.1331101766536107, 0.12965360366264767, 0.12144505932857319, 0.12398380253181296, -0.32419203225368554, -1.5460713613561476, 0.5552119466021309, 0.5885623129162143, 0.5901464554696089, 0.5979295548563145, 0.5234660120668223, 0.2230662070336242, 2.044503145603996] 
[0.11794170625626021, 0.13442663777046127, 0.13097006477949824, 0.12276152044542377, 0.12266734141496238, -0.32287557113683496, -1.544754900239297, 0.5566852642531018, 0.5899223598551874, 0.5891799274716673, 0.599282997014486, 0.5248075886685771, 0.22189549387549728, 2.0458287555064887] 
[0.1156314283077573, 0.13211635982195835, 0.13328034272800116, 0.12507179839392668, 0.12035706346645947, -0.32056529318833205, -1.5470651781878, 0.5587915299064784, 0.5881727867308989, 0.5915679285361097, 0.6016854599042805, 0.5230270699978831, 0.22398191672219847, 2.0481219252149643] 
[0.1102857462084681, 0.12677067772266915, 0.13862602482729036, 0.11972611629463747, 0.12570274556574867, -0.31521961108904284, -1.5524108602870892, 0.5647690928644262, 0.5936977432475196, 0.5876789478090629, 0.6073485279903893, 0.5297537861821225, 0.2300487754489286, 2.053422573225278] 
[0.10903189392562451, 0.12802453000551273, 0.13737217254444678, 0.11847226401179389, 0.1244488932829051, -0.31396575880619926, -1.5536647125699328, 0.5659131742161958, 0.5926923225513799, 0.588671427463484, 0.6063474413983413, 0.5307566467248057, 0.2289206571404069, 2.052175100075632] 
[0.11680754666944848, 0.1358001827493367, 0.1295965198006228, 0.11069661126796992, 0.13222454602672906, -0.3217414115500232, -1.5614403653137567, 0.5570575395854546, 0.5826855828013506, 0.5785272536540677, 0.5981137403277228, 0.5385902002544125, 0.23757407624610577, 2.059905325550967] 
[0.12267281519349238, 0.1299349142252928, 0.12373125127657891, 0.10483134274392603, 0.12635927750268516, -0.3276066800740671, -1.5673056338378006, 0.5638082405513123, 0.5903537132888729, 0.5862025015402694, 0.6043023364837806, 0.5325727027073603, 0.2309435214976934, 2.0657900392775477] 
[0.12272010104974695, 0.12998220008154737, 0.12377853713283349, 0.10478405688767145, 0.12640656335893974, -0.32755939421781255, -1.5673529196940552, 0.5637654967326992, 0.5903911474992461, 0.5861659427229289, 0.6043512253734005, 0.5326314570034244, 0.23099772685278103, 2.065837264734375] 
[0.12022263040112646, 0.12748472943292688, 0.12627600778145398, 0.10228658623905096, 0.12890403400756023, -0.32506192356919206, -1.5648554490454347, 0.5660231257033631, 0.588415184745945, 0.5881045495979474, 0.6018328024045789, 0.5301356621302231, 0.23319617362832648, 2.0683323192530647] 
[0.11764527073622544, 0.12490736976802586, 0.12369864811655296, 0.09970922657414993, 0.1263266743426592, -0.3276392832340931, -1.5622780893805337, 0.5637588566828944, 0.5910470842512725, 0.5906912369301505, 0.5992558182099038, 0.5269395895757649, 0.23022665788831398, 2.070915266271565] 
[0.11650549553960898, 0.1237675945714094, 0.12483842331316941, 0.10084900177076639, 0.12518689914604275, -0.32877905843070954, -1.5611383141839172, 0.5624857962022847, 0.5899026081234421, 0.5918605114826003, 0.600651501505297, 0.5280975304996296, 0.22922741810546252, 2.0697782083745255] 
[0.11861098127067704, 0.12587308030247746, 0.12694390904423747, 0.10295448750183445, 0.1272923848771108, -0.3266735726996415, -1.5590328284528492, 0.564335011465536, 0.5876809871875316, 0.5891525912411508, 0.5979496445584792, 0.5254391947297135, 0.22680284921859306, 2.0718911957258133] 
[0.11106779050389148, 0.13341627106926301, 0.11940071827745191, 0.11049767826862, 0.13483557564389637, -0.3191303819328559, -1.5665760192196347, 0.5730279906198668, 0.5974750170889723, 0.5991020673401884, 0.6075160739282132, 0.5331545671990797, 0.2201540692980116, 2.079459280933907] 
[0.11283761563295114, 0.13164644594020336, 0.11763089314839226, 0.10872785313956035, 0.1330657505148367, -0.3209002070619156, -1.5683458443486944, 0.5710119205194416, 0.5952334629133326, 0.5971955106055531, 0.6088582972571474, 0.5312753030067788, 0.21814351227063505, 2.0812317440372015] 
[0.11357254212360202, 0.13238137243085424, 0.11836581963904313, 0.10799292664890947, 0.13233082402418583, -0.32163513355256645, -1.5690807708393453, 0.5703421616737642, 0.5958172767282226, 0.5966060620419277, 0.6094622911870582, 0.5306877379038415, 0.21880546415674904, 2.0804963104253207] 
[0.11525912573571828, 0.13069478881873797, 0.11667923602692687, 0.10967951026102574, 0.13064424041206957, -0.3233217171646827, -1.567394187227229, 0.5722235081564722, 0.597551014846572, 0.5953452622829299, 0.6111809178055024, 0.5323727455825027, 0.21732767188391303, 2.082183688464343] 
[0.10323854596638737, 0.11867420904940706, 0.12869981579625778, 0.12170009003035664, 0.11862366064273866, -0.33534229693401363, -1.57941476699656, 0.5612516783796979, 0.6067486966198004, 0.583120368939035, 0.5990920585477869, 0.5447511998310541, 0.23085521924278227, 2.0941897706639176] 
[0.10968706350893553, 0.1122256915068589, 0.13514833333880594, 0.1281486075729048, 0.12507217818528682, -0.32889377939146547, -1.585863284539108, 0.5685143481288539, 0.6147048084481094, 0.5896653856648547, 0.5925093684295578, 0.5367033900915457, 0.22353208544590877, 2.10061766409025] 
[0.10875201170346882, 0.11316074331232562, 0.13608338514427265, 0.12908365937837152, 0.12600722999075353, -0.3298288311969322, -1.5867983363445748, 0.5695550746689862, 0.6156762744375687, 0.5889691654035946, 0.5935009709796002, 0.5378893085814312, 0.22461053862760405, 2.101557923071537] 
[0.10724873341877794, 0.11165746502763474, 0.13458010685958177, 0.1305869376630624, 0.12450395170606265, -0.3283255529122413, -1.5883016146292657, 0.5708941536729777, 0.6141537055270154, 0.5874972199865238, 0.5950021134712377, 0.5394275586055742, 0.22329633077881814, 2.10305444443817] 
[0.11123041075894546, 0.10767578768746722, 0.13059842951941425, 0.12660526032289487, 0.12848562904623018, -0.3243438755720738, -1.5922832919694332, 0.5664737606227886, 0.6100295332283364, 0.5904824711160925, 0.590889817005434, 0.5353250890222753, 0.2267776810900347, 2.0990922652664334] 
[0.10534272441851256, 0.11356347402790012, 0.12471074317898134, 0.13249294666332778, 0.12259794270579727, -0.3184561892316409, -1.598170978309866, 0.5717084397832297, 0.6041123799889815, 0.5847488482099285, 0.5969679367483799, 0.5427899910508684, 0.23360503123901702, 2.105026313740042] 
[0.10801799641931664, 0.11623874602870421, 0.12738601517978543, 0.1298176746625237, 0.11992267070499318, -0.32113146123244496, -1.6008462503106702, 0.569253550140795, 0.6062218935742729, 0.5819827508941328, 0.5943010460163621, 0.5454590807272617, 0.23656503970747736, 2.102376218475228] 
[0.10490056076997645, 0.11312131037936402, 0.13050345082912562, 0.1267002390131835, 0.12304010635433338, -0.32424889688178515, -1.6039636859600104, 0.565723179064904, 0.6023655873910232, 0.5788276755335633, 0.5975250360989712, 0.549391597521321, 0.24015480670225353, 2.105527453324714] 
[0.09944803962426674, 0.11857383152507373, 0.13595597197483533, 0.1321527601588932, 0.11758758520862367, -0.31879637573607544, -1.60941620710572, 0.5597024614006347, 0.5969042096934765, 0.5843757874589337, 0.6030095344026704, 0.543925512382825, 0.23412799682326316, 2.1109167821027817] 
[0.09892082006893288, 0.11910105108040758, 0.13542875241950147, 0.13267997971422707, 0.11811480476395753, -0.3193235952914093, -1.609943426661054, 0.5601761325466157, 0.5963610510964282, 0.5838387101922311, 0.6034104600328445, 0.5435040639151693, 0.23461508043164336, 2.111449855339173] 
[0.0961910400737227, 0.12183083107561776, 0.13815853241471165, 0.1299501997190169, 0.11538502476874735, -0.3220533752866195, -1.6126732066562641, 0.5571088399066257, 0.5929191497865454, 0.5803276460329211, 0.6005654643875222, 0.5462031935027747, 0.23767795429537567, 2.1142170038943315] 
[0.09837080550265354, 0.1240105965045486, 0.13597876698578082, 0.12777043429008605, 0.11320525933981651, -0.3242331407155503, -1.614852972085195, 0.5591251056566687, 0.5912040740953621, 0.5826017928461785, 0.6027778015191428, 0.5440409395529255, 0.23523492516407263, 2.1120050816606657] 
[0.10204514907245921, 0.12033625293474293, 0.13230442341597515, 0.12409609072028038, 0.10953091577001084, -0.327907484285356, -1.6185273156550006, 0.5631636567390546, 0.5949411451104766, 0.579888893621383, 0.6065678353985768, 0.5478487916359049, 0.2320155933240486, 2.115634543554015] 
[0.09435037865538787, 0.12803102335181427, 0.12460965299890381, 0.11640132030320904, 0.11722568618708218, -0.32021271386828465, -1.626222086072072, 0.5702261926044164, 0.5886895341420246, 0.58604642048183, 0.6004335973274744, 0.5540828807222961, 0.22507692782413016, 2.1232233296638] 
[0.09450288885575686, 0.12818353355218326, 0.1247621631992728, 0.11624881010284005, 0.11707317598671318, -0.32006020366791565, -1.626374596272441, 0.5700886002595893, 0.58884918693529, 0.5862049826452552, 0.6003185598277416, 0.5542406738215915, 0.22524424551348304, 2.1230737170170544] 
[0.09720930334654865, 0.12547711906139147, 0.1274685776900646, 0.11354239561204826, 0.11977959047750497, -0.32276661815870744, -1.6236681817816492, 0.5675807274496794, 0.5909706281355669, 0.5834311069944252, 0.5975829656658205, 0.5569603703109813, 0.22820408360297043, 2.1204186782247345] 
[0.09721732485032275, 0.12546909755761737, 0.1274765991938387, 0.11353437410827416, 0.11978761198127907, -0.32277463966248154, -1.623660160277875, 0.5675733083990373, 0.5909768845790444, 0.5834226028764008, 0.5975729460648985, 0.5569520132871392, 0.22821103258853562, 2.1204107723700587] 
[0.09491203865042008, 0.12777438375752004, 0.12978188539374136, 0.1112290879083715, 0.1174823257813764, -0.3250799258623842, -1.6259654464777777, 0.5654982383550814, 0.593367467953042, 0.5857306174553643, 0.5952381184495842, 0.5540946738393456, 0.2256216524126647, 2.122672970124712] 
[0.08745027998311228, 0.13523614242482784, 0.12232012672643355, 0.1186908465756793, 0.12494408444868421, -0.332541684529692, -1.61850368781047, 0.5573522639753947, 0.5860883479745861, 0.5932698607443126, 0.6030228931963987, 0.5482509648497444, 0.23257097276703012, 2.1302562712244515] 
[0.08693158353824115, 0.13471744597995672, 0.12283882317130468, 0.11920954302055042, 0.12442538800381309, -0.33306038097456314, -1.6179849913655988, 0.5567766266537935, 0.5854303869547218, 0.5925988601849588, 0.6024848349576579, 0.5487757184094851, 0.2331591986098866, 2.1307840537802827] 
[0.08979655635799189, 0.13185247316020599, 0.1257037959910554, 0.11634457020079969, 0.12156041518406235, -0.3359253537943139, -1.615120018545848, 0.5598857752514592, 0.5882684697868228, 0.5903820053666513, 0.6047346615829613, 0.5458053477273048, 0.22999141978229923, 2.1336005508448355] 
[0.09683383870738949, 0.12481519081080839, 0.11866651364165781, 0.10930728785140209, 0.11452313283466475, -0.3429626361437115, -1.6221573008952457, 0.5535294629373021, 0.5959286367773858, 0.5995265240631241, 0.6137437272729664, 0.5531791066401949, 0.22389335142549005, 2.1405494208143536] 
[0.10039286716185414, 0.12125616235634373, 0.12222554209612246, 0.11286631630586674, 0.1180821612891294, -0.3465216645981761, -1.6257163293497103, 0.5503351940478217, 0.599730970123223, 0.603994559224632, 0.617522047150546, 0.5503688144259516, 0.22709164704822912, 2.1370452460637965] 
[0.10339421899905288, 0.11825481051914499, 0.11922419025892372, 0.11586766814306548, 0.12108351312632815, -0.3435203127609774, -1.6227149775125116, 0.5537141152880755, 0.6035260794079819, 0.6078253245488398, 0.6206493602427762, 0.5473536132960868, 0.22381276117948598, 2.1399858952682016] 
[0.10238808124259391, 0.11724867276268602, 0.12023032801538269, 0.11687380589952445, 0.12007737536986918, -0.34452645051743636, -1.6217088397560526, 0.5546365560376766, 0.6027094378537703, 0.6086402828068355, 0.6198308465460415, 0.5481611233816723, 0.22288010857121815, 2.1389635754549166] 
[0.10311352386258177, 0.11652323014269816, 0.11950488539539483, 0.11759924851951231, 0.11935193274988132, -0.3452518931374242, -1.6209833971360648, 0.5553021092270725, 0.6021194380116669, 0.6092278839991168, 0.6192418576047143, 0.5487435315746053, 0.22220730904103578, 2.1382266518088384] 
[0.10911977119203398, 0.12252947747215037, 0.11349863806594263, 0.1115930011900601, 0.11334568542042911, -0.3512581404668764, -1.626989644465517, 0.5606627995004777, 0.5958048659555202, 0.6017694022615653, 0.6130577883462646, 0.5547891484191266, 0.22898941932358627, 2.144347225762191] 
[0.11957124441487776, 0.13298095069499416, 0.12395011128878641, 0.10114152796721632, 0.1237971586432729, -0.34080666724403264, -1.6374411176883608, 0.5490494114744, 0.5850550415176887, 0.6096964021813898, 0.6020753435130449, 0.5419045251425002, 0.2173745414848482, 2.1545756841940245] 
[0.11649742124940188, 0.12990712752951827, 0.1270239344542623, 0.1042153511326922, 0.12687098180874878, -0.33773284407855675, -1.6405149408538366, 0.5463494850264535, 0.5882174040625018, 0.6128178315556323, 0.5990773432979583, 0.53883971996829, 0.2200269042693471, 2.151560449107042] 
[0.11454582431455362, 0.13185872446436653, 0.12507233751941405, 0.10226375419784395, 0.12491938487390053, -0.339684441013405, -1.642466537788685, 0.5485855727350584, 0.5906857701349665, 0.6148475646300433, 0.5971811770729546, 0.5369038802472653, 0.22179426100361535, 2.153552513124305] 
[0.11660520444995681, 0.13391810459976972, 0.12713171765481723, 0.10432313433324714, 0.12286000473849734, -0.3417438211488082, -1.644525917924088, 0.550467716263755, 0.5891215035718121, 0.617022496330684, 0.5997683919123423, 0.5394937585460526, 0.2241088431969211, 2.1515479270434454] 
[0.1119048818234698, 0.1292177819732827, 0.12243139502833023, 0.10902345695973414, 0.11815968211201033, -0.3464441437752952, -1.649226240550575, 0.5463285215713062, 0.593988203797144, 0.6219154435647977, 0.5961871867263677, 0.5444456206953133, 0.22949621477107945, 2.1563802433817623] 
[0.11886617724167747, 0.12225648655507504, 0.1293926904465379, 0.11598475237794181, 0.125120977530218, -0.33948284835708753, -1.6422649451323674, 0.5540553077541096, 0.6009006795088276, 0.6147987603251636, 0.5875989798705509, 0.5372641285932661, 0.23585429201910355, 2.163509509673962] 
[0.1153628145661183, 0.1257598492306342, 0.12588932777097872, 0.11948811505350099, 0.12161761485465883, -0.3429862110326467, -1.6457683078079266, 0.5501368940408173, 0.5973743723846271, 0.6184484971087678, 0.5920783294502502, 0.5417583158535259, 0.2399678872742419, 2.1671099238709153] 
[0.1202111357134501, 0.12091152808330241, 0.13073764891831052, 0.11463979390616919, 0.12646593600199063, -0.3478345321799785, -1.6506166289552584, 0.5555588558783662, 0.6023975812088098, 0.6148541782890979, 0.5971972059761161, 0.5478500486195442, 0.2456320032902893, 2.1720998675808856] 
[0.12037726033821228, 0.12107765270806459, 0.13057152429354835, 0.11480591853093136, 0.1266320606267528, -0.34766840755521633, -1.6504505043304962, 0.5557450233267782, 0.6025659428140817, 0.6146863484045604, 0.5970284658674607, 0.54801858441582, 0.24581363398413286, 2.1719386400531593] 
[0.122012908051079, 0.11944200499519786, 0.12893587658068162, 0.11644156624379809, 0.12826770833961953, -0.34930405526808306, -1.652086152043363, 0.5576330592228208, 0.6046831584042073, 0.6168438511544662, 0.5991324514788686, 0.5497166638094018, 0.24433322693363524, 2.170263179835128] 
[0.11926935663451799, 0.11669845357863684, 0.13167942799724264, 0.11369801482723707, 0.13101125975618055, -0.3520476066846441, -1.654829703459924, 0.5551546320653984, 0.6068771102678766, 0.6147115542616267, 0.6019236913335139, 0.5525001275216841, 0.24199580106510263, 2.172942307063251] 
[0.11714111152111384, 0.11457020846523269, 0.1295511828838385, 0.11582625994064122, 0.1331395048695847, -0.3541758517980482, -1.6527014583465198, 0.5527105601757448, 0.6042046320452757, 0.6124830552976805, 0.6035138494642984, 0.5502639187668539, 0.23965425269736196, 2.1750033630462746] 
[0.1181459852980633, 0.11356533468828323, 0.12854630910688902, 0.11683113371759068, 0.13213463109263524, -0.35317097802109876, -1.6516965845695704, 0.5536212294770511, 0.6033932741070029, 0.6132627393600678, 0.6024639529524097, 0.5489924583280237, 0.2384629309661447, 2.1739649854069634] 
[0.1163310858997586, 0.11175043528997852, 0.12673140970858432, 0.11501623431928598, 0.13394953049093994, -0.35135607862279405, -1.653511483967875, 0.5552222165265999, 0.6015667125480176, 0.6114782252881515, 0.604315633930134, 0.5512832878446988, 0.24061102456348216, 2.175839402461831] 
[0.1185767153791093, 0.10950480581062783, 0.12448578022923362, 0.11726186379863668, 0.13619515997029064, -0.35360170810214475, -1.6557571134472258, 0.5577897679271939, 0.6043576634025731, 0.6137459409492856, 0.6020349360137325, 0.5484645209446002, 0.23807555461052618, 2.1780135798269353] 
[0.1137697701716216, 0.10469786060314012, 0.12929272543672132, 0.12206880900612438, 0.13138821476280294, -0.34879476289465705, -1.6605640586547135, 0.5534223646256716, 0.6080955676822098, 0.6085873090336199, 0.5958820413640094, 0.5422596627797666, 0.2326190153202215, 2.1826616707773536] 
[0.11510468243400096, 0.10603277286551949, 0.13062763769910068, 0.12073389674374502, 0.1327231270251823, -0.3474598506322777, -1.6618989709170928, 0.5522105854322865, 0.6091861784110477, 0.6075433737794913, 0.5972859794050295, 0.5439461734855362, 0.23412086727113304, 2.1813723761333397] 
[0.11778441131831441, 0.10335304398120604, 0.12794790881478724, 0.12341362562805847, 0.13540285590949575, -0.35013957951659114, -1.6592192420327794, 0.5546419013028212, 0.6070110407827426, 0.6097203234935843, 0.5951391257043087, 0.5460832894333355, 0.23178519640675865, 2.183980385747222] 
[0.11617534238624883, 0.10496211291327162, 0.12633883988272165, 0.12180455669599288, 0.13379378697743016, -0.34853051058452555, -1.6576101731007138, 0.5527998588124434, 0.6050178579806621, 0.6080591188848614, 0.5963332648545593, 0.5443829944615428, 0.22991218825082738, 2.1823150987661437] 
[0.1125941733793776, 0.10854328192014284, 0.12275767087585043, 0.1253857257028641, 0.13021261797055894, -0.3521116795913968, -1.661191342107585, 0.5495422221848233, 0.607824440923487, 0.6041935471973408, 0.5917173152466563, 0.539745577480304, 0.22585551352406008, 2.1857772183905806] 
[0.11457861894904608, 0.11052772748981132, 0.12077322530618195, 0.12340128013319562, 0.12822817240089046, -0.35409612516106526, -1.6592068965379165, 0.5513521433559792, 0.6062619351298032, 0.6062507547812913, 0.5937019518288292, 0.5377282406414798, 0.2235636853488191, 2.183722025246884] 
[0.11101002378245495, 0.11409632265640246, 0.11720463013959082, 0.12696987529978676, 0.12465957723429932, -0.3505275299944741, -1.6627754917045077, 0.5545110061871904, 0.6026561030441137, 0.6026087714877651, 0.5963851819145807, 0.5339937844260833, 0.2194384102637488, 2.180028168393018] 
[0.11569592932196882, 0.11878222819591633, 0.11251872460007695, 0.12228396976027289, 0.1293454827738132, -0.355213435533988, -1.6674613972440215, 0.5502295000981655, 0.6063303951832325, 0.5977998924882848, 0.591735267325438, 0.5387233101037437, 0.22482408996610695, 2.1848826228715903] 
[0.1148903995568129, 0.11797669843076042, 0.11171319483492104, 0.12147843999511698, 0.12853995300865728, -0.3544079057688321, -1.6666558674788656, 0.5509633418240346, 0.6057049792461638, 0.5986206190161413, 0.5925336704843869, 0.5379084186971901, 0.22394658990380445, 2.1856589437666347] 
[0.11629207744295966, 0.11937837631690718, 0.1131148727210678, 0.12007676210897023, 0.12713827512251052, -0.3530062278826853, -1.6652541895927189, 0.5493959741791666, 0.6042495296110322, 0.5996934296935518, 0.5910799803364571, 0.5364858096919312, 0.22522606446805318, 2.187102769691153] 
[0.1188983417567111, 0.12198464063065861, 0.11572113703481923, 0.11747049779521879, 0.12974453943626196, -0.3503999635689339, -1.6626479252789674, 0.5523867999890892, 0.607587611502023, 0.6029882999235112, 0.5937427184101398, 0.5338590167527092, 0.22239085295604216, 2.189617331149754] 
[0.11780721838933017, 0.12089351726327768, 0.1146300136674383, 0.11856162116259972, 0.1308356628036429, -0.3514910869363148, -1.6637390486463484, 0.5533467934328875, 0.6064738582088959, 0.6018579707672017, 0.5945726732838315, 0.5327110442471233, 0.22112589114365677, 2.1884867140769977] 
[0.1151514295092464, 0.12354930614336146, 0.11728580254752208, 0.1212174100426835, 0.13349145168372667, -0.34883529805623104, -1.6663948375264321, 0.5510070755185578, 0.6091827967341916, 0.604599173247815, 0.5924716124047316, 0.534819694649459, 0.21863993706060414, 2.185752168061318] 
[0.11750402919416159, 0.12119670645844627, 0.11963840223243727, 0.12357000972759868, 0.13113885199881148, -0.34648269837131584, -1.664042237841517, 0.5483776153833331, 0.6067546502223617, 0.6064438125666485, 0.590625985137332, 0.5372926509483908, 0.22137851931598782, 2.188193322236981] 
[0.11955913314404354, 0.12325181040832822, 0.12169350618231922, 0.12562511367748064, 0.12908374804892953, -0.3485378023211978, -1.661987133891635, 0.5501887309472385, 0.6046580593479575, 0.6043277394254228, 0.5922331543564225, 0.5356512695834865, 0.223170622492309, 2.1861943974337015] 
[0.12291465431029236, 0.1198962892420794, 0.12504902734856804, 0.12226959251123182, 0.1257282268826807, -0.3518933234874466, -1.6653426550578838, 0.5471503039279414, 0.6073369050229248, 0.6017112098212322, 0.595700463494311, 0.5390933460267516, 0.2203290494070273, 2.189462278963687] 
[0.12611707969268293, 0.11669386385968883, 0.12825145273095861, 0.11906716712884124, 0.12893065226507128, -0.34869089810505605, -1.6685450804402744, 0.5507616311376984, 0.6106961255707728, 0.5993101692573297, 0.5990017194098095, 0.5423744951979682, 0.21761052389296626, 2.192576943680729] 
[0.12411351751647315, 0.11469030168347905, 0.1302550149071684, 0.11706360495263146, 0.13093421444128106, -0.34668733592884626, -1.6705486426164842, 0.5484946821893629, 0.6085878097202999, 0.6008679310901555, 0.5973821290492449, 0.5439792687896859, 0.21586384685530904, 2.194522747299887] 
[0.12435353822770123, 0.11445028097225096, 0.13001499419594031, 0.11682358424140338, 0.13069419373005298, -0.3464473152176182, -1.670308621905256, 0.5487111536571706, 0.6083963241520273, 0.6010625467029549, 0.5971960631929247, 0.54423197590582, 0.21614305229650863, 2.1947721349143587] 
[0.12536041559911792, 0.11545715834366765, 0.12900811682452362, 0.11783046161282007, 0.13170107110146967, -0.3454404378462015, -1.6713154992766728, 0.5475737871911409, 0.6073373470484551, 0.601846160332601, 0.596380926647133, 0.5450304732114183, 0.21519865373558508, 2.1937336704419117] 
[0.1294620093658092, 0.11955875211035893, 0.1331097105912149, 0.12193205537951135, 0.13580266486816095, -0.34954203161289277, -1.675417093043364, 0.5428308707921436, 0.6021737142558948, 0.5976734043462721, 0.6004320529837988, 0.549175858619805, 0.21173996394607555, 2.197718757014255] 
[0.12893186265635803, 0.11902860540090776, 0.13363985730066608, 0.12140190867006018, 0.13527251815870978, -0.35007217832234394, -1.6748869463339129, 0.5434304972160143, 0.6027157662030211, 0.5971193270234543, 0.5997632375294322, 0.5486216227964702, 0.2121819052930232, 2.1972042703262264] 
[0.12993803125129189, 0.11802243680597391, 0.13263368870573222, 0.12240807726499403, 0.13627868675364363, -0.3490660097274101, -1.673880777738979, 0.5443392433194219, 0.6019526570210845, 0.5982078531702131, 0.601068552027459, 0.5499349780219271, 0.2133902600770151, 2.19825310536195] 
[0.1258145527496235, 0.1221459153076423, 0.12851021020406383, 0.11828459876332564, 0.14040216525531202, -0.3531894882290785, -1.6780042562406474, 0.547928950669008, 0.5978043264424489, 0.5940020104811654, 0.6041199299479024, 0.545565793940987, 0.208563520664719, 2.193961326876391] 
[0.13076519374823503, 0.12709655630625383, 0.1235595692054523, 0.12323523976193718, 0.13545152425670048, -0.35814012922769, -1.6730536152420359, 0.5522366652914611, 0.5926422482732797, 0.5877629522394976, 0.5988190232782282, 0.5493437832202931, 0.20428115189334228, 2.1987550310903594] 
[0.1255006905202687, 0.13236105953422017, 0.11829506597748596, 0.12849974298990352, 0.13018702102873414, -0.36340463245565635, -1.6783181184700022, 0.5476645779682416, 0.5979956577736937, 0.5932175366693061, 0.5948827437107237, 0.5548576059902585, 0.21005831007062284, 2.193695353356278] 
[0.12528438359258898, 0.13257736646189988, 0.11851137290516567, 0.1282834360622238, 0.12997071410105443, -0.36318832552797664, -1.6781018115423225, 0.5478598730844777, 0.5978263123391022, 0.5933923528957991, 0.5947149134438485, 0.5550810596779211, 0.21029366290359058, 2.193487948211185] 
[0.12237709423626653, 0.12967007710557743, 0.12141866226148812, 0.13119072541854626, 0.13287800345737688, -0.3660956148842991, -1.681009100898645, 0.5452229075423478, 0.6000088013537739, 0.5903348791900651, 0.5909774640944294, 0.5513118687956582, 0.20703853523834798, 2.196272431574647] 
[0.1233341631461573, 0.12871300819568665, 0.12046159335159734, 0.13023365650865548, 0.13383507236726766, -0.3651385459744083, -1.6800520319887542, 0.5441493367735173, 0.5990463501206764, 0.5913127052168824, 0.5921815181561257, 0.5523262181203213, 0.20624200846904003, 2.197198415044929] 
[0.11860005446096222, 0.13344711688088173, 0.12519570203679242, 0.13496776519385056, 0.12910096368207258, -0.3698726546596034, -1.6847861406739493, 0.5484467500227846, 0.5954669988916829, 0.5962981282746534, 0.5981388272093698, 0.5572888702916997, 0.20193210891352614, 2.192297999677069] 
[0.11866500745600517, 0.1333821638858388, 0.12526065503183537, 0.13490281219880762, 0.12916591667711552, -0.36993760765464634, -1.6847211876789063, 0.5485035656152709, 0.5953976087077788, 0.5962134491645337, 0.5980521438189553, 0.5572031722394284, 0.2018541845442329, 2.1922298692705957] 
[0.12143626710243494, 0.13061090423940902, 0.1224893953854056, 0.1376740718452374, 0.12639465703068575, -0.3727088673010761, -1.687492447325336, 0.5454083648702274, 0.5926367903354807, 0.5990651145666103, 0.6016554467617886, 0.5608467349986028, 0.205177510489478, 2.1951365841278503] 
[0.1172360245913171, 0.12641066172829118, 0.11828915287428776, 0.14187431435635522, 0.12219441451956792, -0.3685086247899583, -1.6832922048142183, 0.5492252911080228, 0.5894453133229414, 0.603354100851564, 0.6058076468167535, 0.5566823955350256, 0.20066165494127858, 2.199146893848902] 
[0.11889147732627192, 0.12475520899333636, 0.11994460560924258, 0.1402188616214004, 0.1205389617846131, -0.3701640775249131, -1.6816367520792634, 0.5511230842057528, 0.5915338359757945, 0.6050661097465325, 0.6040550519945573, 0.5545616411349812, 0.19869787115883006, 2.19741262104982] 
[0.11776831354435258, 0.1258783727752557, 0.12106776939116193, 0.13909569783948106, 0.12166212556653244, -0.37128724130683244, -1.680513588297344, 0.5501008228077059, 0.5923911951066781, 0.6038800006816356, 0.6026250500445883, 0.5533464093408479, 0.19964301386006666, 2.1963270041458833] 
[0.12162087606381133, 0.12973093529471447, 0.12492033191062069, 0.1352431353200223, 0.1255146880859912, -0.3674346787873737, -1.6843661508168029, 0.5465928751253027, 0.5953475718802875, 0.5999428605190228, 0.5988287180812905, 0.5571776714739625, 0.2040835049883532, 2.200354671336013] 
[0.11929578513502959, 0.12740584436593272, 0.12724542283940243, 0.13756822624880405, 0.12783977901477295, -0.36975976971615543, -1.682041059888021, 0.5439858621616951, 0.5930041148892825, 0.6022602583225094, 0.6012048668933317, 0.5554249228260357, 0.20630322195868056, 2.2027694143046315] 
[0.11770988547936723, 0.12581994471027036, 0.1288313224950648, 0.1359823265931417, 0.1294256786704353, -0.3713456693718178, -1.6804551602323587, 0.5454225105972347, 0.5917397927171195, 0.6034747808275746, 0.5994952575584594, 0.5533855658442328, 0.20441108044890918, 2.2011082213606596] 
[0.11725573217606522, 0.12536579140696835, 0.1292854757983668, 0.1364364798964437, 0.1289715253671333, -0.3708915160685158, -1.6800010069290567, 0.5458343476857587, 0.5913765943106897, 0.6038224852837751, 0.5990077637033913, 0.5528061164881901, 0.20390498120992231, 2.2015424444650056] 
[0.11818615060748128, 0.1262962098383844, 0.13021589422978286, 0.13550606146502764, 0.12804110693571724, -0.37182193449993184, -1.6790705884976407, 0.5450181617429601, 0.5923607707873756, 0.6050283383543493, 0.6002248901901708, 0.5538071479263731, 0.20312869747174908, 2.202442452641845] 
[0.11760258081515529, 0.12571264004605842, 0.13079946402210885, 0.13608963125735363, 0.12745753714339125, -0.37123836470760585, -1.6796541582899667, 0.5444891109798543, 0.592826856658093, 0.6045800366517732, 0.6008318067218511, 0.5544135760405029, 0.20263859131615036, 2.2030069380478885] 
[0.12315572440359146, 0.12015949645762225, 0.13635260761054502, 0.13053648766891746, 0.13301068073182742, -0.376791508296042, -1.6852073018784028, 0.55088166920206, 0.6000379650064583, 0.6119823726879298, 0.6083119713209996, 0.5617440617566059, 0.20927926501141467, 2.2088196833347538] 
[0.11995870400000852, 0.12335651686120519, 0.13954962801412796, 0.12733946726533452, 0.12981366032824448, -0.37998852869962496, -1.68201028147482, 0.5544866254054639, 0.6033828287605049, 0.6095064114085934, 0.6107546702002541, 0.5584344377588414, 0.2058046689116196, 2.211872044299488] 
[0.12002965266858423, 0.1234274655297809, 0.13962057668270367, 0.12741041593391023, 0.12974271165966877, -0.37991758003104925, -1.6820812301433956, 0.5544071706529179, 0.6033112057292996, 0.6095788399274202, 0.610828757659743, 0.5583800821446898, 0.20586634280093002, 2.2118036130974974] 
[0.11822958575977749, 0.12522753243858764, 0.1414206435915104, 0.12921048284271697, 0.12794264475086203, -0.3781175131222425, -1.6838812970522024, 0.5523910494128716, 0.6014930366012204, 0.6114086197992272, 0.612652131343718, 0.5565579307492957, 0.2037721084702145, 2.2099180217280945] 
[0.11520615070715534, 0.1222040973859655, 0.13839720853888826, 0.13223391789533911, 0.13096607980348418, -0.38114094817486466, -1.6869047321048245, 0.5558729146111151, 0.6054102161390821, 0.6153686985835346, 0.6159377613984793, 0.5542896373321922, 0.20665866092603735, 2.213060724334951] 
[0.11709469096222547, 0.12409263764103562, 0.1402857487939584, 0.13412245815040924, 0.12907753954841406, -0.3830294884299348, -1.6887932723598946, 0.5580311360740264, 0.6077738874417693, 0.6172771647070434, 0.6139959932781378, 0.5518777475974166, 0.20439548485003156, 2.2110754922285367] 
[0.11882926922525483, 0.12582721590406498, 0.13855117053092902, 0.13238787988737988, 0.13081211781144342, -0.3812949101669054, -1.690527850622924, 0.5565011140581857, 0.6095383843756985, 0.6189802032705662, 0.6122046888162203, 0.5496622885740533, 0.20231914008263702, 2.2092503210095638] 
[0.11843277221014104, 0.1254307188889512, 0.13894766754604282, 0.13278437690249367, 0.1312086148265572, -0.3808984131517916, -1.6909243476380378, 0.556153984786914, 0.6099581332064333, 0.6194994099047515, 0.6127267552201595, 0.5500870087155751, 0.20199044945062533, 2.209632333060628] 
[0.1204921324323247, 0.12749007911113486, 0.13688830732385915, 0.13072501668031, 0.13326797504874088, -0.37883905292960796, -1.6929837078602215, 0.5542781405224392, 0.6115235969642242, 0.6172723220213779, 0.6100812661602028, 0.5479115424197957, 0.20388256124070128, 2.2117752638527364] 
[0.12171843226940338, 0.1262637792740562, 0.13811460716093782, 0.12949871684323133, 0.13449427488581955, -0.3800653527666866, -1.6942100076973001, 0.5528609986210926, 0.609922912053859, 0.615629471223567, 0.6084687517759128, 0.5466165368136127, 0.20500738751530823, 2.2130518186427426] 
[0.12155459800885593, 0.12642761353460363, 0.13795077290039037, 0.12966255110377878, 0.134658109146367, -0.3802291870272341, -1.6940461734367527, 0.5527127962127327, 0.6100526891670678, 0.6154985739584943, 0.608593310231543, 0.5464465393341302, 0.20482961263238034, 2.2132076075941547] 
[0.12067229542333235, 0.1273099161201272, 0.13883307548591395, 0.1287802485182552, 0.13554041173189058, -0.38111148961275765, -1.693163870851229, 0.553706043325906, 0.6109750156183064, 0.6148576891853511, 0.6095327244822283, 0.5475796474635134, 0.2058940542092194, 2.21413803715933] 
[0.1227596722370623, 0.12522253930639726, 0.1409204522996439, 0.12669287170452526, 0.13345303491816063, -0.3831988664264876, -1.695251247664959, 0.5555947848378453, 0.609311478782734, 0.6164463591506314, 0.6073947290641233, 0.5454618837975015, 0.20781578752988078, 2.216311863150283] 
[0.12395035143392219, 0.12403186010953737, 0.14211113149650378, 0.12550219250766537, 0.13464371411502052, -0.3820081872296277, -1.696441926861819, 0.5569318199095169, 0.6105161256073839, 0.6152365796195813, 0.6061870793320178, 0.5466738168279676, 0.20921255545416048, 2.217566793173449] 
[0.11586796933362065, 0.13211424220983892, 0.13402874939620224, 0.1335845746079669, 0.14272609621532206, -0.37392580512932616, -1.7045243089621205, 0.5639700643995843, 0.6020052982587705, 0.6046058782279674, 0.5953292017401312, 0.5361423743423972, 0.20018348877524217, 2.2252311945243903] 
[0.11911464053819953, 0.12886757100526003, 0.13078207819162335, 0.13033790340338802, 0.13947942501074317, -0.37717247633390505, -1.7012776377575416, 0.5669219142486894, 0.5994327179408235, 0.6071954955150584, 0.5928653797914288, 0.5395321370229108, 0.20372673362604984, 2.2221553308473783] 
[0.12085495334018459, 0.13060788380724508, 0.1325223909936084, 0.13207821620537308, 0.14121973781272823, -0.3789127891358901, -1.6995373249555565, 0.5649764871451322, 0.5976922163490428, 0.609006213233081, 0.5951315768939216, 0.5418336696670645, 0.20584937279205454, 2.223996370869533] 
[0.11725557677886611, 0.1270085072459266, 0.12892301443228993, 0.13567759276669156, 0.13762036125140975, -0.3753134125745716, -1.703136701516875, 0.5608309199079945, 0.5931228884776586, 0.6053042834898831, 0.5988508905046203, 0.5464816061606877, 0.21023017417802656, 2.227801725896513] 
[0.11631733479421014, 0.12607026526127063, 0.1298612564169459, 0.13661583475134753, 0.13855860323606572, -0.3762516545592276, -1.702198459532219, 0.5616578383053583, 0.5921635726421719, 0.6043661666033388, 0.5997990108930585, 0.5474480895334081, 0.20945733707578876, 2.2287029393758426] 
[0.11698100126434907, 0.12673393173140957, 0.13052492288708484, 0.13727950122148647, 0.1378949367659268, -0.37558798808908866, -1.702862126002358, 0.5608976586135984, 0.5913253052304117, 0.603662988848034, 0.6003041963186083, 0.5469323050068864, 0.21008844579648547, 2.2293966982278057] 
[0.11761914627846748, 0.12609578671729116, 0.12988677787296643, 0.13791764623560487, 0.1385330817800452, -0.37622613310320707, -1.7035002710164764, 0.56031857611791, 0.5918354397180887, 0.6031731631515515, 0.6009674401284412, 0.5475851901881353, 0.20950112735297077, 2.228730452902194] 
[0.12140979967161014, 0.1223051333241485, 0.12609612447982377, 0.1341269928424622, 0.13474242838690254, -0.38001678649634973, -1.707290924409619, 0.5560862761568903, 0.5880417612612727, 0.6071273013348133, 0.6059433228550642, 0.5526362129773709, 0.2141275735657545, 2.2327438625416063] 
[0.121406882584711, 0.12230805041104764, 0.12609320739292462, 0.13412990992936136, 0.13474534547380168, -0.3800197035832489, -1.7072938414965182, 0.5560829055032054, 0.58803798804842, 0.6071235478279627, 0.6059402258655577, 0.5526383764518676, 0.21412477103876734, 2.232740805282946] 
[0.12178125901395331, 0.12193367398180532, 0.1257188309636823, 0.13450428635860368, 0.135119721903044, -0.3803940800124912, -1.7076682179257605, 0.555650131110591, 0.587552164791003, 0.6066289276453675, 0.6054400179692006, 0.5521466247590976, 0.2137072786207048, 2.2330942997385193] 
[0.12404610954688122, 0.12419852451473323, 0.1234539804307544, 0.13223943582567577, 0.1328548713701161, -0.3781292294795633, -1.7099330684586884, 0.5535947777122717, 0.589289598235661, 0.6042947308110279, 0.6031903921847332, 0.5544458907361534, 0.2163775437757379, 2.2354931932905275] 
[0.1268304834286229, 0.12698289839647492, 0.12066960654901271, 0.13502380970741745, 0.1300704974883744, -0.3753448555978216, -1.71271744234043, 0.5560308742221816, 0.5864528900321426, 0.6014139972726577, 0.6052518624201331, 0.5515624634511829, 0.21337487348172338, 2.2381251814213203] 
[0.12816705523271876, 0.12831947020057077, 0.11933303474491685, 0.1336872379033216, 0.12873392568427855, -0.37400828379372575, -1.714054014144526, 0.5548207948420215, 0.5874610204267622, 0.5999978453880255, 0.6035167067355653, 0.549818971276989, 0.21189462875317464, 2.239385646659634] 
[0.12156934615680326, 0.13491717927648628, 0.12593074382083236, 0.1270895288274061, 0.12213621660836305, -0.36741057471781025, -1.7206517232204415, 0.5624875527543889, 0.5958942938123505, 0.606851637136693, 0.5966233938021597, 0.5414559298907246, 0.2046282684025776, 2.2456074765311533] 
[0.12066867746336696, 0.13401651058304997, 0.12683141251426866, 0.1279901975208424, 0.12123554791492674, -0.36650990602437394, -1.7215523919138778, 0.5635264502839877, 0.5970445896533331, 0.6077937064494299, 0.5957245457044082, 0.5405386699240473, 0.20547582562774194, 2.2465532584388623] 
[0.12330958862800001, 0.13137559941841692, 0.1294723236789017, 0.13063110868547545, 0.1238764590795598, -0.3638689948597409, -1.7241933030785108, 0.5604729414799828, 0.5935860047559702, 0.6043478564829251, 0.5929106065322783, 0.5425707239538224, 0.2031970573518225, 2.2490724255196324] 
[0.12191314095906902, 0.1327720470873479, 0.1308687713478327, 0.13202755635440644, 0.12248001141062881, -0.3652654425286719, -1.7255897507474418, 0.5592104118091952, 0.594684256610751, 0.6032289336413622, 0.5939818053833842, 0.5411411009104702, 0.20170795692396956, 2.2503885179119796] 
[0.12095153827235405, 0.13181044440063294, 0.12990716866111773, 0.1329891590411214, 0.12344161409734378, -0.3643038398419569, -1.7265513534341568, 0.5602879942572372, 0.5956464165974509, 0.602236153011258, 0.5927610690033496, 0.5401233674807672, 0.20260968657271733, 2.2513994079552377] 
[0.11969277955507307, 0.13306920311791393, 0.13116592737839872, 0.13173040032384042, 0.1221828553800628, -0.3655625985592379, -1.7278101121514378, 0.5617026638035535, 0.5969499074682846, 0.6012739732637153, 0.5937662735885976, 0.5391187395075466, 0.20368808645590947, 2.2501998001862917] 
[0.11754086782196849, 0.1352211148510185, 0.12901401564529413, 0.133882312056945, 0.12433476711316738, -0.3634106868261333, -1.7299620238845423, 0.5636627902967724, 0.5953294366393, 0.6035669744144637, 0.5965109197647852, 0.5414247949219431, 0.20191030755069433, 2.252253078251354] 
[0.11636798212733934, 0.13639400054564765, 0.127841129950665, 0.13270942636231586, 0.12550765280779652, -0.36458357252076246, -1.7311349095791715, 0.5623539860760741, 0.5941597409441495, 0.6047364924667596, 0.5977134483917909, 0.5405255638906411, 0.20291746985085923, 2.2511364971700316] 
[0.1180248628686793, 0.13805088128698761, 0.12618424920932503, 0.13436630710365582, 0.12716453354913648, -0.3662404532621024, -1.7327917903205114, 0.564199686829019, 0.5958012654639967, 0.6030368852535823, 0.5956159122609671, 0.5387755414504161, 0.20447001331260303, 2.252881062397141] 
[0.1200649773302831, 0.13601076682538382, 0.12822436367092882, 0.13640642156525962, 0.12920464801074028, -0.3682805677237062, -1.7348319047821152, 0.5619236356585862, 0.5937783283942512, 0.6051216915380957, 0.598197815008255, 0.5409318584444935, 0.20255977715432757, 2.2507315065641498] 
[0.12547711936909733, 0.14142290886419806, 0.13363650570974306, 0.13099427952644538, 0.1346167900495545, -0.37369270976252045, -1.7402440468209295, 0.5680013847024966, 0.5993871924792943, 0.6011929546024272, 0.6040501803013008, 0.5479104569997088, 0.20914089477029085, 2.256527329278734] 
[0.12222576359156845, 0.14467426464172695, 0.13038514993221417, 0.13424563530397426, 0.13136543427202563, -0.37694406554004933, -1.7434954025984584, 0.5717740623997196, 0.6035948391643506, 0.6047201684807976, 0.6017003425733535, 0.5513421621062914, 0.21303018659819078, 2.2600159525216053] 
[0.12113419819151217, 0.14576583004178323, 0.13147671533227046, 0.13533720070403055, 0.13027386887196934, -0.3780356309401056, -1.7445869679985146, 0.5705127252280328, 0.602187672407163, 0.6035683241245665, 0.6027934376892636, 0.5524700606857705, 0.2121397009804616, 2.261051678485175] 
[0.12098788555759254, 0.1456195174078636, 0.13162302796619008, 0.13548351333795017, 0.13012755623804972, -0.377889318306186, -1.744440655364595, 0.5703483551021091, 0.6020366353233415, 0.6036727522026167, 0.6026355260461987, 0.5522814083479273, 0.21196084478315103, 2.2608940474516417] 
[0.12551828122963782, 0.14108912173581833, 0.1270926322941448, 0.1309531176659049, 0.134657951910095, -0.3733589226341407, -1.7489710510366403, 0.5652812331453394, 0.597542025295001, 0.6081607387939774, 0.6072942818811983, 0.5488989664349444, 0.21639109155876404, 2.265704467047763] 
[0.1271661189108495, 0.13944128405460665, 0.1287404699753565, 0.13260095534711658, 0.13630578959130668, -0.37171108495292904, -1.750618888717852, 0.5667171529556799, 0.5958322519115061, 0.6064271536893346, 0.6085068836622072, 0.5471884648047378, 0.214629599327042, 2.2672394638568454] 
[0.12402015463864613, 0.14258724832681002, 0.13188643424755986, 0.1294549910749132, 0.1331598253191033, -0.3748570492251324, -1.7537648529900554, 0.563863864846253, 0.5981626119068808, 0.6030828727126799, 0.6044049394710553, 0.5430736532822225, 0.21115533744868056, 2.2701618266504746] 
[0.1244064620249854, 0.14220094094047075, 0.13227274163389913, 0.12906868368857394, 0.13354613270544258, -0.3752433566114717, -1.7541511603763946, 0.5642133482776777, 0.5978618783190542, 0.6033889105086253, 0.6041087642760715, 0.5434728076911763, 0.21156683318470218, 2.2698026899527344] 
[0.1260934365833779, 0.14051396638207825, 0.13395971619229163, 0.13075565824696644, 0.13523310726383508, -0.3735563820530792, -1.7558381349347871, 0.5661673894897497, 0.6000360978891645, 0.6051624135616948, 0.6024361450954535, 0.5417704748102732, 0.21316339736846038, 2.271595402499892] 
[0.12978667333298644, 0.13682072963246972, 0.13765295294190016, 0.13444889499657497, 0.13153987051422655, -0.3772496188026877, -1.7595313716843957, 0.570455603330757, 0.6048142590961102, 0.6091636795528081, 0.5997674696048199, 0.5456751606196313, 0.2176079607225543, 2.2755843332888244] 
[0.13149252215512375, 0.13852657845460703, 0.13594710411976285, 0.13274304617443766, 0.13324571933636387, -0.3755437699805504, -1.7578255228622583, 0.571998595970914, 0.6035440599734728, 0.6109388662058265, 0.6015453958878345, 0.5444060116559888, 0.2192851972834878, 2.277405096807153] 
[0.1275749901967127, 0.13460904649619598, 0.1320295721613518, 0.1366605781328487, 0.12932818737795282, -0.37946130193896144, -1.7539079909038473, 0.5764476826298514, 0.6076374158988314, 0.6079754472269958, 0.6045437952114561, 0.5403677644160382, 0.21511872356421746, 2.28104099793432] 
[0.12612314026645732, 0.1331571965659406, 0.13348142209160718, 0.1381124280631041, 0.12787633744769744, -0.37800945200870606, -1.752456140973592, 0.574805015332145, 0.6061239326888811, 0.6090778893309942, 0.6033854926926215, 0.5414957992549794, 0.213697276733344, 2.279494072331044] 
[0.12587514413293688, 0.13290920043242016, 0.13323342595808674, 0.13786443192958364, 0.1281243335812179, -0.3782574481422265, -1.7522081448400715, 0.5750286214472211, 0.6059283047003114, 0.6092654972280865, 0.6031187414611242, 0.5411761014537371, 0.21339402232829818, 2.2792260211239634] 
[0.12848211441956492, 0.1355161707190482, 0.1306264556714587, 0.1352574616429556, 0.13073130386784593, -0.37565047785559846, -1.7548151151266995, 0.5726640236655591, 0.6078760764621156, 0.6064646917027955, 0.5996864205996832, 0.5377705165066836, 0.21054634409462344, 2.2816448092029273] 
[0.12955993968000312, 0.1365939959794864, 0.1317042809318969, 0.1363352869033938, 0.12965347860740772, -0.37672830311603667, -1.7537372898662613, 0.5736401810828629, 0.6070752534354378, 0.6076169595211641, 0.6011004491523689, 0.5391951896596213, 0.21187297663553084, 2.282810934014121] 
[0.12970446126894286, 0.13644947439054667, 0.13184880252083664, 0.13619076531445407, 0.12950895701846799, -0.3768728247049764, -1.7535927682773216, 0.5734718309443232, 0.6068890847103611, 0.6074668069653694, 0.6012501029366559, 0.5393784597452181, 0.21203042963503416, 2.2826768616147435] 
[0.1294449815660239, 0.1361899946876277, 0.1315893228179177, 0.1359312856115351, 0.12976843672138694, -0.37713230440789536, -1.7533332885744026, 0.5732382162842345, 0.6070909363278084, 0.6072596997014466, 0.601446804701544, 0.5391083281985295, 0.21172023360802752, 2.282396804284176] 
[0.13017694994152818, 0.13545802631212345, 0.13085735444241342, 0.13666325398703938, 0.1305004050968912, -0.3778642727833996, -1.754065256949907, 0.5740907135534237, 0.6080333890382168, 0.6080198710053767, 0.6006891263953877, 0.5381803572339618, 0.21092266498264403, 2.2830759053737566] 
[0.1334229708269521, 0.13870404719754736, 0.13410337532783734, 0.13341723310161546, 0.1272543842114673, -0.3746182518979757, -1.7573112778353308, 0.57701162553633, 0.6055057287119838, 0.6106010691883064, 0.5981184681170871, 0.5407545895014289, 0.2081893434398035, 2.2861397094709655] 
[0.13218398162954115, 0.1399430363949583, 0.1328643861304264, 0.13217824390420452, 0.12601539501405634, -0.37585724109538665, -1.7560722886379199, 0.5784691803036578, 0.6071646720685391, 0.6122794233573003, 0.5997496623548634, 0.5420694738653513, 0.20701556670960028, 2.2848217188038222] 
[0.13774987959101592, 0.13437713843348353, 0.12729848816895162, 0.12661234594272974, 0.13158129297553112, -0.3814231390568614, -1.7616381865993946, 0.5736796265255095, 0.6131131724994229, 0.6196320854514336, 0.6072208699971795, 0.549393834010599, 0.21383434993270636, 2.290845052361393] 
[0.13925145208353795, 0.13587871092600556, 0.12880006066147365, 0.12811391843525177, 0.13308286546805315, -0.38292471154938346, -1.7601366141068726, 0.5723863536881766, 0.6146439236112802, 0.6211907165318595, 0.6060635731573532, 0.5505998691584365, 0.21257741373131464, 2.292258641201895] 
[0.13610504907605359, 0.1327323079185212, 0.12565365765398928, 0.13126032144273614, 0.1362292684755375, -0.3860711145568678, -1.7569902110993882, 0.5686748144348047, 0.6105345133989448, 0.6177887913204276, 0.6083706066676963, 0.5473352497585118, 0.20923556343351232, 2.295172115933557] 
[0.13448098131115271, 0.13435637568342207, 0.12727772541889015, 0.12963625367783527, 0.13785333624043838, -0.38444704679196695, -1.7586142788642891, 0.5672734206839255, 0.6121901840174667, 0.6194805951623452, 0.6071717479448825, 0.549020920269204, 0.210965977585622, 2.293667552953366] 
[0.13335712601806504, 0.13548023097650974, 0.12840158071197783, 0.13076010897092294, 0.1367294809473507, -0.3833231914988793, -1.7574904235712014, 0.5685489980332348, 0.6133320875050794, 0.6183304806625991, 0.6057558420435976, 0.5478510150329052, 0.2120251026021923, 2.294864872068474] 
[0.13418972114578365, 0.13464763584879114, 0.12756898558425922, 0.12992751384320433, 0.1358968858196321, -0.3841557866265979, -1.75832301869892, 0.5676013934911662, 0.6124591097978562, 0.618966631148953, 0.6051155510348804, 0.5487274749381315, 0.213029556342289, 2.2957665451292097] 
[0.13584302041413165, 0.13630093511713914, 0.1259156863159112, 0.13158081311155234, 0.1342435865512841, -0.3825024873582499, -1.759976317967268, 0.5690237103110569, 0.6107168507637417, 0.6168634217591678, 0.6033555728763396, 0.5499545857254671, 0.21140686252829768, 2.294000914493854] 
[0.13414739803012976, 0.13799655750114104, 0.1276113086999131, 0.12988519072755045, 0.1325479641672822, -0.380806864974248, -1.7582806955832662, 0.5709515856144287, 0.6124478906460615, 0.615191948641743, 0.6016769097055127, 0.5516843386963741, 0.21344320621276763, 2.2958381813339837] 
[0.13356331708480296, 0.13741247655581423, 0.1270272277545863, 0.12930110978222364, 0.1319638832219554, -0.3802227840289212, -1.7576966146379394, 0.5702860206760406, 0.6118327963091412, 0.6156146590850824, 0.6010512718027771, 0.5509430723124353, 0.21280604604588774, 2.296378510345406] 
[0.13142205304882948, 0.1395537405917877, 0.12916849179055978, 0.13144237381819712, 0.13410514725792888, -0.38236404806489466, -1.7598378786739128, 0.5684449550864089, 0.6141085561954628, 0.618416787976402, 0.6038991035922572, 0.5537655249108941, 0.21544801536138364, 2.2987003822966074] 
[0.129887682029437, 0.14108811161118018, 0.13070286280995225, 0.12990800279880466, 0.13563951827732135, -0.3808296770455022, -1.7613722496933053, 0.5667017342964474, 0.6124991730765583, 0.6195224744875023, 0.6022495568489746, 0.5517858131210214, 0.2135544242177997, 2.297034434503857] 
[0.12883924077577147, 0.14213655286484572, 0.1317513040636178, 0.1288595615451391, 0.1366879595309869, -0.37978123579183665, -1.7624206909469708, 0.5655184883922041, 0.6114479481153373, 0.6205999019828473, 0.6036119351378694, 0.5531694679242324, 0.21485456758001703, 2.298173574582861] 
[0.12614152775819987, 0.13943883984727412, 0.1290535910460462, 0.1315572745627107, 0.1339902465134153, -0.38247894880940825, -1.7651184039645424, 0.5631759593926228, 0.6142405515880742, 0.6234206076098294, 0.6015499861931773, 0.5553246332226491, 0.21260502520599822, 2.300713941191165] 
[0.12494709300619133, 0.1382444050952656, 0.12785915629403766, 0.13036283981070218, 0.13279581176140676, -0.3812845140573997, -1.763923969212534, 0.5642109757854834, 0.6129609688466731, 0.6218548461575284, 0.5999958241626561, 0.5540688222492925, 0.21373624526818266, 2.301989171762754] 
[0.12619616910671239, 0.13699532899474454, 0.1266100801935166, 0.12911376371018113, 0.1315467356608857, -0.38253359015792077, -1.765173045313055, 0.5653397631272906, 0.6119864442768007, 0.622851952111236, 0.5990390432473635, 0.5553789772238207, 0.21524093312805814, 2.3033447656188986] 
[0.1277791821456371, 0.13857834203366926, 0.12819309323244132, 0.13069677674910585, 0.13312974869981042, -0.3841166031968455, -1.7667560583519797, 0.5634960793564914, 0.6098957640731587, 0.6207849939063185, 0.5974028638711073, 0.5569840427160702, 0.2171404890209854, 2.305063552197832] 
[0.12679927537096303, 0.13759843525899518, 0.1291730000071154, 0.12971686997443177, 0.13214984192513635, -0.3831366964221714, -1.7677359651266538, 0.5643792108098099, 0.6091289845805875, 0.6215331801994681, 0.5963870122972595, 0.5559703215498374, 0.21792996979468546, 2.304140740103021] 
[0.12631719001875963, 0.13808052061119858, 0.1296550853593188, 0.12923478462222837, 0.13263192727733975, -0.382654611069968, -1.7672538797744504, 0.5639422664059088, 0.6094893496262958, 0.6210367246700015, 0.5958891312073307, 0.5563400847586186, 0.21752552365792036, 2.304593499271661] 
[0.1233349893844351, 0.13509831997687405, 0.13263728599364333, 0.1322169852565529, 0.13561412791166427, -0.3796724104356435, -1.770236080408775, 0.5612503358525761, 0.6118155588420093, 0.6186727135430562, 0.5982768273529709, 0.5540168253003891, 0.22045582256370289, 2.3077873938545563] 
[0.12017852712489896, 0.1382547822364102, 0.1294808237341072, 0.12906052299701676, 0.13245766565212813, -0.3828288726951796, -1.773392542668311, 0.5641048579810798, 0.6093386413863446, 0.6211753369668398, 0.5957697395065708, 0.5565214427265155, 0.21782684737286248, 2.310752591853599] 
[0.11985050345014825, 0.13792675856165948, 0.1298088474088579, 0.12938854667176747, 0.13212964197737742, -0.3825008490204289, -1.7737205663430617, 0.5637365139446133, 0.6089990885339459, 0.6214127418473065, 0.5954184658111771, 0.5560996598453632, 0.21742088822168545, 2.3103943226109345] 
[0.11951462939952462, 0.1382626326122831, 0.12947297335823427, 0.1297244207223911, 0.1317937679267538, -0.3821649749698053, -1.7740564403936854, 0.5634303948748292, 0.6092503374230133, 0.6210553708406662, 0.59498191367124, 0.5556641008021422, 0.21705523460128293, 2.3107029315514467] 
[0.12162279080560578, 0.14037079401836428, 0.13158113476431543, 0.13183258212847226, 0.13390192933283496, -0.3800568135637241, -1.7761646017997665, 0.5652708360426404, 0.6069832987986428, 0.6182828139694366, 0.5921683654067399, 0.552881801624061, 0.2144387712915049, 2.3083995084860236] 
[0.12312363337908705, 0.138869951444883, 0.13008029219083417, 0.130331739554991, 0.13540277190631622, -0.37855597099024285, -1.7776654443732478, 0.5635378890050964, 0.6050511857610756, 0.6166624055554734, 0.5933054651834845, 0.5516811649592046, 0.21568654445665478, 2.306992217114763] 
[0.12164915519592823, 0.1373954732617242, 0.12860581400767535, 0.13180621773814982, 0.13687725008947504, -0.37708149280708403, -1.776190966190089, 0.5648198369886823, 0.6034682749208804, 0.6147216824786667, 0.5913378346875398, 0.5497549350834015, 0.21407428696482775, 2.3083454284691673] 
[0.1223275934496395, 0.1367170350080129, 0.12928425226138662, 0.13112777948443854, 0.13755568834318632, -0.37640305455337275, -1.7755125279363777, 0.565411266972794, 0.6027444470883592, 0.6138577501267569, 0.5906398782202069, 0.55044643110177, 0.21489470316883535, 2.3090849016224264] 
[0.12231823303081368, 0.1367076745891871, 0.12929361268021244, 0.13111841906561272, 0.13756504876201214, -0.3764124149721986, -1.7755218883552035, 0.5654027519925082, 0.6027514408819293, 0.6138477810030206, 0.5906276619715661, 0.5504340242524346, 0.21488301730608203, 2.3090746762303374] 
[0.119436483193478, 0.13958942442652278, 0.13217536251754813, 0.12823666922827703, 0.13468329892467645, -0.3735306651348629, -1.7784036381925392, 0.5686445096883794, 0.6057297876204023, 0.6116466344543146, 0.592847460997164, 0.5474501476120543, 0.2118205344469926, 2.3117297295390533] 
[0.12007457302336944, 0.14022751425641422, 0.1315372726876567, 0.12887475905816848, 0.134045209094785, -0.37289257530497144, -1.7790417280224307, 0.5680655151864915, 0.6062306220123893, 0.6111432203767412, 0.5933580657370954, 0.5469540200789222, 0.21244815408315784, 2.312414597590633] 
[0.11873623955301182, 0.14156584772677183, 0.13019893921729908, 0.12753642558781086, 0.1327068756244274, -0.37423090877532905, -1.777703394552073, 0.5668522883736681, 0.6072853912930495, 0.6101279583746119, 0.5947399164856446, 0.5483342644872251, 0.21137409422840206, 2.3136727597626687] 
[0.11902303759126154, 0.14185264576502155, 0.1304857372555488, 0.12724962754956115, 0.1324200775861777, -0.37394411073707934, -1.7779901925903228, 0.5665320764596837, 0.6070004660358473, 0.6104117651635306, 0.5950269139394483, 0.5480464153442339, 0.21107180621461702, 2.3139370562504373] 
[0.12042184398270761, 0.14325145215646762, 0.12908693086410272, 0.12864843394100722, 0.13381888397762376, -0.3753429171285254, -1.7793889989817688, 0.5681486584708264, 0.6088530944677975, 0.6123070545896825, 0.5968945828201688, 0.549864049305391, 0.21259647585047026, 2.3126518187920944] 
[0.12050968827115538, 0.1433392964449154, 0.1291747751525505, 0.12856058965255945, 0.133731039689176, -0.3754307614169732, -1.779301154693321, 0.5682468824078116, 0.6089403913893654, 0.6122200653636389, 0.5968042482705328, 0.5499314735924923, 0.21252312575038407, 2.312734144491777] 
[0.11948688730960155, 0.14231649548336156, 0.13019757611410432, 0.12753778869100563, 0.13475384065072982, -0.37440796045541935, -1.780323955654875, 0.5670984409155151, 0.6078844583200967, 0.6129561423948502, 0.5957110523181317, 0.5486341556353274, 0.21141137263462514, 2.313673316367619] 
[0.12080615455138455, 0.14099722824157856, 0.12887830887232132, 0.12885705593278862, 0.1360731078925128, -0.37572722769720235, -1.779004688413092, 0.5682501939546477, 0.6064648180334482, 0.6112640167393428, 0.5943411280306033, 0.5499548017172018, 0.2128028923205402, 2.3124589414627374] 
[0.11747864198399993, 0.13766971567419395, 0.13220582143970594, 0.13218456850017324, 0.1327455953251282, -0.37905474026458696, -1.7756771758457073, 0.5719880730709189, 0.6099041261026084, 0.6088484248179983, 0.5977969450687625, 0.5533853542782673, 0.21013971592112313, 2.315586316547009] 
[0.11633976768942089, 0.1365308413796149, 0.13334469573428498, 0.1310456942055942, 0.13388446961970724, -0.3779158659700079, -1.7768160501402863, 0.5730227967186753, 0.6090070461990167, 0.6097489677314206, 0.5968919647543851, 0.5542913936709669, 0.2091909801176539, 2.316654393344278] 
[0.11449134511226644, 0.13468241880246046, 0.13149627315713053, 0.13289411678274865, 0.13203604704255278, -0.3797642885471624, -1.7749676275631319, 0.5709629822002253, 0.6071688122710871, 0.611592892256042, 0.5987436653218017, 0.552440951486694, 0.20724231817388328, 2.318357044479007] 
[0.11718836957533041, 0.1319853943393965, 0.12879924869406656, 0.13019709231968468, 0.12933902257948882, -0.3770672640840984, -1.7776646520261958, 0.5678682390436628, 0.6036556076434126, 0.6080703802891105, 0.5959414342589837, 0.5551168029493944, 0.21007843686980993, 2.3158713325665903] 
[0.11681638251805238, 0.13161340728211846, 0.12842726163678853, 0.12982510526240665, 0.12896703552221078, -0.37743925114137644, -1.7772926649689178, 0.5682965732609372, 0.6041417637902324, 0.6085681818239628, 0.5964388671481203, 0.5556070886612425, 0.21053920858120137, 2.316277874820375] 
[0.11919446267478717, 0.13399148743885325, 0.13080534179352332, 0.12744702510567185, 0.13134511567894558, -0.37981733129811124, -1.7796707451256526, 0.5662117963235035, 0.6066802430252346, 0.6116724808917645, 0.5996007819833445, 0.5586936653313422, 0.21311949274697425, 2.3140931487331953] 
[0.12033010748224582, 0.1351271322463119, 0.13194098660098197, 0.1263113802982132, 0.13020947087148693, -0.3809529761055699, -1.778535100318194, 0.5672098159199908, 0.6055124090993605, 0.6105333856845909, 0.600771714801604, 0.5601451641214955, 0.21452497629589481, 2.3153359143038847] 
[0.12173996553217448, 0.13371727419638324, 0.13335084465091063, 0.12490152224828455, 0.1316193289214156, -0.38236283415549854, -1.7799449583681226, 0.5655861450021823, 0.6037148417100371, 0.6090657351819729, 0.6021676902459866, 0.5615658535219934, 0.21316996266904573, 2.31382302795605] 
[0.1203785291781645, 0.13507871055039322, 0.13198940829690065, 0.12354008589427456, 0.13298076527542557, -0.38100139780148856, -1.7813063947221326, 0.5668239516792754, 0.6026876367013914, 0.610478193589233, 0.6035884035656401, 0.5605414386466951, 0.21452015536177993, 2.3152881570696424] 
[0.120048181151311, 0.13540905857724672, 0.13231975632375415, 0.12387043392112806, 0.13265041724857207, -0.38067104977463506, -1.781636742748986, 0.5671936478536994, 0.6030183098200352, 0.6101487113689179, 0.603256455974366, 0.5608803997386628, 0.21491971709889213, 2.3156492774787085] 
[0.12205984852848628, 0.13339739120007144, 0.13030808894657886, 0.12588210129830335, 0.1306387498713968, -0.38268271715181035, -1.7836484101261614, 0.5654276598633422, 0.6050886920690145, 0.6121680464680013, 0.6011952614455214, 0.5583145839212224, 0.2124255332496148, 2.3134453729088342] 
[0.12512795415781452, 0.13646549682939968, 0.1333761945759071, 0.1289502069276316, 0.12757064424206854, -0.3796146115224821, -1.7867165157554896, 0.5681142224754021, 0.601926958743753, 0.6089759106626228, 0.6034636216574567, 0.5551393818375229, 0.2091969659213211, 2.3162609715529174] 
[0.12241239369902557, 0.13374993637061072, 0.13066063411711815, 0.13166576738642055, 0.12485508378327959, -0.38233017198127106, -1.7894320762142786, 0.5656611967309039, 0.6040503146172967, 0.6068163260793976, 0.6055448426574443, 0.5523534257606595, 0.2063511232564877, 2.3187524317932056] 
[0.12442490008976348, 0.1317374299798728, 0.13267314050785606, 0.12965326099568264, 0.12284257739254167, -0.384342678372009, -1.7874195698235407, 0.5633292899068105, 0.60141099805677, 0.6041902249468092, 0.6034570871051674, 0.5543736020534128, 0.20877221404996446, 2.320959330354348] 
[0.1246528795373858, 0.13196540942749513, 0.13290111995547838, 0.12988124044330496, 0.12307055684016399, -0.3845706578196313, -1.7871915903759183, 0.5631311099250097, 0.6016532135040737, 0.6044891344188462, 0.6037618980637538, 0.5546720736028532, 0.2090538494835795, 2.321209835513714] 
[0.12597593983302202, 0.1306423491318589, 0.13157805965984215, 0.13120430073894118, 0.12174749654452777, -0.3858937181152675, -1.7885146506715546, 0.5646245244278018, 0.6030354057491225, 0.6035237536442806, 0.6051346975716224, 0.5560494453671094, 0.20798514319966668, 2.32244746157365] 
[0.12816849736657288, 0.12844979159830805, 0.133770617193393, 0.12901174320539033, 0.12394005407807862, -0.38808627564881837, -1.7863220931380037, 0.5666014193554205, 0.6013041816508391, 0.6052023704146757, 0.6028694405717351, 0.5538031780891124, 0.21011795810259123, 2.3248121346128734] 
[0.12885473740651276, 0.12776355155836816, 0.1344568572333329, 0.12969798324533022, 0.12325381403813873, -0.3874000356088785, -1.7870083331779436, 0.5658240584141401, 0.6005853634125615, 0.6057262625885449, 0.602321766150127, 0.5543551926496448, 0.20954578039979874, 2.325452424190824] 
[0.1292446042702191, 0.12737368469466182, 0.13484672409703924, 0.12930811638162387, 0.12364368090184508, -0.38701016874517213, -1.78739820004165, 0.5653836004876112, 0.6001884185573756, 0.6061180456999729, 0.6027133042443069, 0.5539622328764463, 0.2090771690536407, 2.3250248662840405] 
[0.12564421153158234, 0.13097407743329859, 0.138447116835676, 0.13290850912026064, 0.12724407364048185, -0.3906105614838089, -1.7909985927802867, 0.5613163124586558, 0.5965362617958834, 0.6098688683862344, 0.6072984071500437, 0.5578164009137309, 0.20618434113580672, 2.328392405993323] 
[0.12550977669494, 0.13083964259665626, 0.13858155167231834, 0.13277407428361832, 0.12710963880383952, -0.39074499632045123, -1.791133027616929, 0.5611650076876081, 0.5964004774010143, 0.6100048346413518, 0.60743818886685, 0.5577158359546671, 0.20631908661799506, 2.328537956575119] 
[0.12250919334991961, 0.12783905925163586, 0.14158213501733874, 0.13577465762863872, 0.13011022214885992, -0.38774441297543083, -1.7941336109619495, 0.5646561526121939, 0.6003530949441231, 0.6140512346287593, 0.6114093439161896, 0.5609548976174673, 0.2039262709074993, 2.331340959636206] 
[0.12235609459409558, 0.1279921580074599, 0.14173523377316277, 0.13562155887281468, 0.1299571233930359, -0.3875913142196068, -1.7942867097177735, 0.5647903683866451, 0.6001973021781226, 0.6138998670762901, 0.6115625657974062, 0.5611137983191691, 0.2038039516761083, 2.33148390149111] 
[0.12260165599725736, 0.12823771941062168, 0.14198079517632456, 0.1353759974696529, 0.1297115619898741, -0.3878368756227686, -1.7940411483146117, 0.5645750656347668, 0.6004472648734165, 0.614142768322444, 0.6113175703649257, 0.5608640021259736, 0.20404185637224787, 2.3317492238520323] 
[0.122516958612088, 0.1281530220254523, 0.1418960977911552, 0.13546069485482226, 0.12979625937504347, -0.38792157300793795, -1.7939564509294423, 0.5644772937244475, 0.6003394697971415, 0.6140533219727048, 0.6113808202666802, 0.5607959989576751, 0.20411193651624063, 2.3316703448932827] 
[0.12205317072509514, 0.12861680991244517, 0.14235988567814806, 0.13592448274181512, 0.13026004726203633, -0.3883853608949308, -1.7944202388164352, 0.5648987488899593, 0.5999902144435731, 0.6145586076831968, 0.6119949826556217, 0.5614006233095671, 0.20461245342683285, 2.3312481052328837] 
[0.12106138032256153, 0.12960860031497878, 0.14136809527561445, 0.1349326923392815, 0.13125183766456994, -0.3873935704923972, -1.7954120292189688, 0.564028955581608, 0.6010005864247727, 0.6155394367809338, 0.6110030234153935, 0.560371248080866, 0.20540454214419526, 2.330322271757723] 
[0.12091187676533677, 0.12945909675775402, 0.14121859171838969, 0.13508219589650627, 0.1314013412217947, -0.38724406693517244, -1.795262525661744, 0.5641642948530983, 0.6008823072228813, 0.6156576626800622, 0.6108856215630453, 0.5604904109875448, 0.20528095860519527, 2.3304614660909966] 
[0.12180428904225904, 0.1303515090346763, 0.14211100399531196, 0.13597460817342855, 0.13229375349871697, -0.3881364792120947, -1.7943701133848218, 0.5649432003789416, 0.5999333186576012, 0.6144774898820735, 0.6096755503833152, 0.5593220154617631, 0.2043157500369297, 2.331273445327584] 
[0.12521773253814983, 0.13376495253056708, 0.13869756049942117, 0.13256116467753776, 0.13570719699460776, -0.3915499227079855, -1.7977835568807126, 0.5680455461101538, 0.5973510056414714, 0.6180586562795986, 0.6132514453702439, 0.5567974092982596, 0.20773134922978556, 2.3349709925195765] 
[0.12505798919389433, 0.13360520918631158, 0.13885730384367667, 0.13272090802179326, 0.13586694033886326, -0.391709666052241, -1.797623813536457, 0.5679006634065984, 0.5974710672846574, 0.6178926999121367, 0.6130898498383194, 0.5569569104105077, 0.2078984808237482, 2.3348254706815013] 
[0.12422919935361376, 0.13277641934603102, 0.1380285140033961, 0.1318921181815127, 0.13669573017914383, -0.39253845589252157, -1.7984526033767376, 0.5686203096790264, 0.5965881763403049, 0.6167997356725236, 0.6119969169201819, 0.5560671844910359, 0.2085510874951057, 2.3340521940825925] 
[0.12402451916674506, 0.13298109953289972, 0.1382331941902648, 0.131687437994644, 0.13690041036601253, -0.39233377570565287, -1.7986572835636063, 0.5683893614962233, 0.5963743011469986, 0.6169470637196249, 0.6117785411045783, 0.5558067027084304, 0.20832978348661063, 2.3342379459536926] 
[0.1239707089699631, 0.13292728933611775, 0.13828700438704677, 0.13163362779786203, 0.13684660016923056, -0.3922799655088709, -1.7987110937603883, 0.5683286634910859, 0.5963181266924756, 0.6169860321023724, 0.6117229893993628, 0.5557522341822552, 0.20838176912953998, 2.3342962041284503] 
[0.12252918043094452, 0.13436881787513633, 0.1368454758480282, 0.13019209925884345, 0.13828812870824914, -0.3937214940478895, -1.7972695652213697, 0.5670677441409928, 0.5977917348805764, 0.6184186757413919, 0.6102401963620181, 0.5539250551196608, 0.20682384912523621, 2.3356044198624204] 
[0.12017782581348468, 0.1320174632576765, 0.13919683046548803, 0.12784074464138362, 0.1359367740907893, -0.3960728486653493, -1.7996209198388295, 0.5697945504120825, 0.6008915385430379, 0.6215934656409571, 0.6133371941146052, 0.5564377776619186, 0.20497682759716812, 2.3377981897519122] 
[0.12065310857156275, 0.13154218049959843, 0.1396721132235661, 0.12736546188330555, 0.13641205684886737, -0.3965481314234274, -1.7991456370807515, 0.5693638666238336, 0.6012668069519016, 0.6212161732370123, 0.61369948342381, 0.5559459593178239, 0.20447801523097736, 2.3382302232741017] 
[0.12017425772937029, 0.13106332965740597, 0.14015096406575855, 0.127844312725498, 0.1359332060066749, -0.3960692805812349, -1.799624487922944, 0.5697997296521763, 0.6009065359571814, 0.6217324715354245, 0.6143123596102584, 0.5564542833360884, 0.20410106015933074, 2.3386764222054968] 
[0.11893636357552806, 0.1323012238112482, 0.13891306991191632, 0.12908220687934024, 0.13717110016051715, -0.39730717473507715, -1.7983865937691017, 0.5708870383962332, 0.5996395900223568, 0.6205004213237424, 0.6155398488791611, 0.5577241322816169, 0.20312059272413824, 2.339829304882549] 
[0.11695013654000475, 0.13428745084677152, 0.14089929694743963, 0.13106843391486356, 0.13518487312499383, -0.39929340177060046, -1.800372820804625, 0.5691403770060384, 0.6016763801385676, 0.622473904431683, 0.6135050933795783, 0.555212791259699, 0.20097608313830845, 2.3416300646975188] 
[0.1187800410233062, 0.13611735533007296, 0.14272920143074108, 0.1292385294315621, 0.13335496864169238, -0.397463497287299, -1.8022027252879265, 0.5670338873157154, 0.5992844618818084, 0.6200551511020795, 0.6115196101313651, 0.556602224891133, 0.1994660372715834, 2.3433275943985534] 
[0.11893660507509507, 0.1359607912782841, 0.14288576548252996, 0.12908196537977323, 0.13351153269348126, -0.3976200613390879, -1.8020461612361376, 0.5672087699349473, 0.5994404909498979, 0.6198971930483524, 0.611360732603903, 0.5567585238648303, 0.19962908967825427, 2.343185376918572] 
[0.1212175734753731, 0.13367982287800606, 0.14060479708225193, 0.13136293378005126, 0.13123056429320323, -0.39533909293880987, -1.8043271296364156, 0.5692016925107907, 0.5969903170294891, 0.6168682424477284, 0.6083475088450309, 0.554315754186792, 0.20142601934706275, 2.3410624663923167] 
[0.11949695084473744, 0.13540044550864172, 0.13888417445161627, 0.1296423111494156, 0.1329511869238389, -0.3970597155694455, -1.80260650700578, 0.567693461911987, 0.5987625826734421, 0.6186422532941646, 0.6070491631831059, 0.555700166909849, 0.20001212879195795, 2.3426581631872563] 
[0.1173453463454801, 0.1332488410093844, 0.13673256995235894, 0.13179391564867293, 0.13079958242458156, -0.39921132006870286, -1.8004549025065226, 0.5701072981718633, 0.6009825970711642, 0.6170095406438543, 0.6086976020272221, 0.5534852441551128, 0.1977640633694386, 2.344611806996558] 
[0.11924302541548171, 0.1313511619393828, 0.13863024902236054, 0.13369159471867453, 0.12890190335457996, -0.40110899913870446, -1.8023525815765242, 0.5717786057129945, 0.5990317642238885, 0.61511917218406, 0.6106561578774001, 0.5559183279691676, 0.20013633024559474, 2.3467176001510692] 
[0.12079761320838811, 0.12979657414647638, 0.13707566122945414, 0.13524618251158094, 0.13045649114748636, -0.39955441134579806, -1.8039071693694306, 0.5700335394871804, 0.5974166627944527, 0.6162472520319862, 0.609046943526554, 0.5543311695528577, 0.20165489660621383, 2.3484071271134677] 
[0.12028914304053329, 0.12928810397862156, 0.1365671910615993, 0.1347377123437261, 0.12994802097963154, -0.39904594117794323, -1.8044156395372855, 0.5694617435115332, 0.5968866971233628, 0.6166151586801604, 0.6085024226839558, 0.5536859763918431, 0.20111079720317118, 2.3488671184057384] 
[0.11899616724488338, 0.12799512818297165, 0.1352742152659494, 0.13603068813937602, 0.13124099677528145, -0.40033891697359314, -1.8057086153329354, 0.5683323019524097, 0.5982609604637658, 0.6183161076166231, 0.610249352924876, 0.5554016486909515, 0.20273500881305792, 2.3503049552149444] 
[0.12123619065869162, 0.1302351515967799, 0.13303419185214116, 0.13379066472556778, 0.1334810201890897, -0.4025789403874014, -1.8079486387467436, 0.5657483702358648, 0.595340156974838, 0.6153178561765604, 0.6072957728181761, 0.5530279374391076, 0.20491065004328984, 2.3527406398273354] 
[0.12173078315532804, 0.12974055910014348, 0.13253959935550474, 0.1342852572222042, 0.1339756126857261, -0.40208434789076497, -1.80844323124338, 0.5661799605335318, 0.5948147674914327, 0.6146717888900605, 0.6066486890832657, 0.5525068594833499, 0.20539112818390146, 2.353279064999528] 
[0.11902160092934322, 0.12703137687415866, 0.12983041712951993, 0.136994439448189, 0.13668479491171093, -0.39937516566478015, -1.8111524134693648, 0.5692276279725352, 0.5976258776302921, 0.6125896576543359, 0.6087217888232123, 0.54972631088886, 0.20256704303925827, 2.3557304037121316] 
[0.11857637199178184, 0.12747660581172005, 0.1302756460670813, 0.13654921051062763, 0.1371300238492723, -0.39982039460234153, -1.8107071845318035, 0.5696172995325781, 0.5971541890328704, 0.6120095739916102, 0.6081242500336297, 0.549141074035418, 0.2020858147734588, 2.356131503965746] 
[0.11950034702599366, 0.12655263077750822, 0.1293516710328695, 0.1356252354764158, 0.1362060488150605, -0.3988964195681297, -1.8116311595660153, 0.5687756565771991, 0.5978558501749438, 0.611022457928, 0.6069416201388281, 0.5481489952519037, 0.20280743015097252, 2.355273646543228] 
[0.11759749844505718, 0.1284554793584447, 0.13125451961380596, 0.13372238689547933, 0.134303200234124, -0.4007992681490662, -1.8135340081469518, 0.5709715044013949, 0.6003333779328637, 0.613557237814047, 0.6094975585050407, 0.5506461535922952, 0.2048625322004549, 2.353559417321976] 
[0.11864224599436168, 0.1274107318091402, 0.13020977206450146, 0.13476713444478383, 0.1353479477834285, -0.3997545205997617, -1.8145787556962563, 0.5719191977395344, 0.5994992920814884, 0.6143531889097813, 0.6083812830882043, 0.5493183919525536, 0.20374297146350262, 2.3545001202885585] 
[0.12020719079798381, 0.12584578700551807, 0.12864482726087934, 0.1332021896411617, 0.13691289258705064, -0.4013194654033838, -1.8130138108926341, 0.5736751424454888, 0.6011261429929794, 0.6132001569465342, 0.6100141200172899, 0.5509474684474915, 0.2025136964443882, 2.355950641587739] 
[0.12009475148786164, 0.1257333476953959, 0.1287572665710015, 0.13308975033103954, 0.13680045327692847, -0.40120702609326164, -1.812901371582512, 0.5737739525974592, 0.6010115829656945, 0.6130878710457748, 0.6101275623820428, 0.551063715281508, 0.20242540902533898, 2.356054886153951] 
[0.11901600037245386, 0.1268120988108037, 0.1298360176864093, 0.13201099921563175, 0.13572170216152069, -0.4022857772086694, -1.8118226204671042, 0.5725614991602874, 0.5998867156095707, 0.6138815682023311, 0.6089699007955393, 0.5496897415020775, 0.20126576953648218, 2.3570260765988253] 
[0.11891875265416685, 0.1269093465290907, 0.12973876996812228, 0.13210824693391876, 0.1358189498798077, -0.4021885294903824, -1.8119198681853912, 0.5726706683898325, 0.5999879325349645, 0.6138101830389525, 0.6090740440327319, 0.5498133411963153, 0.20137016224355483, 2.3569384953098607] 
[0.12037008271865757, 0.1283606765935814, 0.131190100032613, 0.13355957699840948, 0.1372702799442984, -0.4007371994258917, -1.813371198249882, 0.5709970829044613, 0.5980993633182596, 0.6118820317930629, 0.6071759407835137, 0.5482564760712874, 0.20250452096151075, 2.355592219361731] 
[0.12196001366369158, 0.12995060753861543, 0.129600169087579, 0.1351495079434435, 0.1356803489992644, -0.4023271303709257, -1.814961129194916, 0.569160824564745, 0.5960309796781705, 0.6098202089268856, 0.6055326701600359, 0.5498758365846154, 0.2044611079650485, 2.3573637627717465] 
[0.12205228065311813, 0.12985834054918888, 0.12969243607700554, 0.13524177493287004, 0.13558808200983785, -0.40223486338149916, -1.8148688622054894, 0.5692672330679108, 0.5961482081143026, 0.6099152754884752, 0.6054369680015638, 0.5497586995562639, 0.20436217794217257, 2.357446751284784] 
[0.12159768285361094, 0.13031293834869606, 0.13014703387651272, 0.13478717713336286, 0.13513348421033067, -0.40268946118100635, -1.8153234600049966, 0.5687554002216314, 0.5956741112582126, 0.6102471023868291, 0.6049463157238365, 0.5491682322883966, 0.2037871419320087, 2.3569382528332663] 
[0.12157848698157947, 0.1302937424766646, 0.1301662297485442, 0.13476798126133138, 0.13515268008236214, -0.4026702653089749, -1.815304264132965, 0.5687380262441054, 0.5956892596546635, 0.6102317935410071, 0.6049616054938974, 0.5491534321668597, 0.2038064957118225, 2.356959268185944] 
[0.1219519705058505, 0.1306672260009356, 0.12979274622427317, 0.13439449773706036, 0.13552616360663317, -0.4030437488332459, -1.815677747657236, 0.5684122479401711, 0.5960859726952485, 0.610719805940142, 0.6054618655588704, 0.5496423345564956, 0.2042084808254359, 2.356623571233956] 
[0.11976254249445573, 0.12847779798954084, 0.13198217423566794, 0.1322050697256656, 0.13771559161802793, -0.40523317684464066, -1.8178671756686309, 0.5709374091714966, 0.5988695332510101, 0.6129777999692493, 0.6031940146398498, 0.5468654126586392, 0.2018624930168523, 2.358591964071096] 
[0.12052776362203899, 0.1292430191171241, 0.1327473953632512, 0.13297029085324885, 0.1384808127456112, -0.4044679557170574, -1.8186323967962141, 0.5702439549496897, 0.5994752033761656, 0.6123641436590123, 0.6037751857923607, 0.5460568494842754, 0.2009144240085663, 2.3577361998027313] 
[0.12098198706886576, 0.12878879567029733, 0.13320161881007797, 0.13342451430007563, 0.13893503619243797, -0.40401373227023063, -1.819086620243041, 0.5697355106344997, 0.5990204575798452, 0.6128380424219224, 0.6043697303118214, 0.5466612785595856, 0.2014933943302549, 2.3582457793734295] 
[0.12181866385315443, 0.129625472454586, 0.13403829559436664, 0.13258783751578695, 0.1380983594081493, -0.40317705548594196, -1.8199232970273296, 0.5706730620325484, 0.5998632737313458, 0.61199861739803, 0.603532801693223, 0.5474985017567884, 0.20236365148429133, 2.3574923646515975] 
[0.12013732501400964, 0.1279441336154412, 0.13571963443351143, 0.13090649867664217, 0.1364170205690045, -0.4014957166467972, -1.8182419581881848, 0.5687813211442713, 0.5981171711977367, 0.6132820023082464, 0.6021934339076485, 0.5488347047953736, 0.20099858494758396, 2.359042910671825] 
[0.1215199198744048, 0.12656153875504605, 0.13710222929390659, 0.129523903816247, 0.13503442570860935, -0.400113121786402, -1.81962455304858, 0.56752974845568, 0.5992194118111756, 0.6122336371925159, 0.6036657208717209, 0.5506233134575568, 0.20275001915885954, 2.360591589841043] 
[0.12144800039820636, 0.1264896192788476, 0.13703030981770814, 0.12945198434004856, 0.1349625062324109, -0.40018504126260046, -1.8195526335723815, 0.5674465802623603, 0.5991258685564043, 0.6121399945576723, 0.6035905014959707, 0.5506965855261662, 0.20283858406630972, 2.360671927753036] 
[0.12146608001570369, 0.12647153966135027, 0.13704838943520548, 0.12943390472255123, 0.13494442661491357, -0.4002031208800978, -1.8195707131898788, 0.567430799151012, 0.5991449938018708, 0.612163712743525, 0.6036148069792631, 0.5507205655503143, 0.2028615361657686, 2.3606921888307304] 
[0.12181346152464867, 0.1261241581524053, 0.1367010079262605, 0.12908652321360625, 0.13529180812385855, -0.4005505023890428, -1.8192233316809339, 0.5670306030069238, 0.5987056036646659, 0.6118097287293399, 0.603971186744701, 0.5511670679460801, 0.20330076761074242, 2.3610813215276494] 
[0.12313316004211172, 0.12744385666986835, 0.13802070644372355, 0.1304062217310693, 0.1339721096063955, -0.3992308038715797, -1.820543030198397, 0.568516660806125, 0.6000856375672567, 0.6108492486001915, 0.605377317693259, 0.5528701300131164, 0.20497067199642877, 2.362559658568546] 
[0.12365106037188722, 0.12692595634009285, 0.13750280611394805, 0.1298883214012938, 0.134490009936171, -0.3987129035418042, -1.8210609305281724, 0.5689704134421903, 0.5995590864928189, 0.6103375545024314, 0.6059093771094257, 0.5535234642222219, 0.2055239996911874, 2.3620944416947585] 
[0.12279381590883132, 0.12606871187703694, 0.13664556165089214, 0.1290310769382379, 0.1336327654731151, -0.3995701480048601, -1.8219181749912283, 0.568007533412481, 0.598695656159986, 0.6112345555454206, 0.6070011580894015, 0.5544169597845983, 0.20468695346198332, 2.361157442172074] 
[0.12265641744481881, 0.12620611034104945, 0.13678296011490465, 0.1288936784742254, 0.1337701639371276, -0.39970754646887263, -1.8220555734552408, 0.5681660719512174, 0.598869629358544, 0.6113745771190195, 0.6068602472521576, 0.5542406261164411, 0.2045133343693698, 2.3610034098497503] 
[0.12093381903579425, 0.127928708750074, 0.1350603617058801, 0.12717108006520084, 0.13549276234615215, -0.4014301448778972, -1.8237781718642654, 0.566655873201543, 0.6006195606191599, 0.6130765542280644, 0.6050921486723411, 0.5520708707198552, 0.20267464407491728, 2.3625497011236463] 
[0.12285782034054149, 0.12985271005482124, 0.13698436301062733, 0.12909508136994807, 0.13356876104140492, -0.4033541461826444, -1.8218541705595181, 0.5688117415814066, 0.6025573828711032, 0.6111311676595643, 0.6030949462701088, 0.5535525945427305, 0.20110509369052507, 2.364321610539033] 
[0.12184494017538894, 0.1288398298896687, 0.13799724317577988, 0.13010796153510062, 0.13458164120655747, -0.40234126601749187, -1.8228670507246707, 0.569952568751424, 0.6036102952338717, 0.6103566852356295, 0.6038720791436852, 0.5525102279147136, 0.2000536678910699, 2.365232879713176] 
[0.1238723293270314, 0.12681244073802622, 0.13596985402413742, 0.12808057238345816, 0.132554252054915, -0.40436865516913434, -1.8248944398763132, 0.5676711539782309, 0.6015028332207657, 0.6118997689580661, 0.6022597545170923, 0.5541305171585288, 0.19840540219884437, 2.3671007510158857] 
[0.12420829751479401, 0.12714840892578883, 0.1356338858363748, 0.12841654057122076, 0.1322182838671524, -0.40470462335689694, -1.8245584716885506, 0.56736770727029, 0.6017681768440457, 0.6116308966446393, 0.6025154628104005, 0.5537765460171568, 0.19798984697750976, 2.3667240451033313] 
[0.12358524762721101, 0.12777145881337182, 0.1362569357239578, 0.12903959045880375, 0.1315952339795694, -0.40532767324447994, -1.8251815215761336, 0.5668255408065463, 0.6024263592139559, 0.6124470988140706, 0.603350617756263, 0.5545996630562507, 0.198780465364167, 2.3674245648838137] 
[0.12188923490430481, 0.12946747153627802, 0.1345609230010516, 0.12734357773589755, 0.1298992212566632, -0.40363166052157373, -1.8268775342990398, 0.5683021936082379, 0.600632239297818, 0.6102228711352994, 0.6010794465385263, 0.5524001983273013, 0.19697076666516838, 2.368942552459583] 
[0.12137958574617569, 0.12997712069440714, 0.13405127384292248, 0.12683392857776843, 0.13040887041479232, -0.4031220113634446, -1.8273871834571689, 0.5678577277763961, 0.6011728654911073, 0.6108888010389917, 0.6017435105930319, 0.5529334240435031, 0.19646896648177675, 2.368383403316394] 
[0.12245426706171214, 0.1310518020099436, 0.13512595515845893, 0.12790860989330488, 0.13148355173032877, -0.40419669267898106, -1.8284618647727053, 0.5690662424578223, 0.6022875823181135, 0.6100648300824016, 0.6025694756176625, 0.5518038642334475, 0.19514123563195762, 2.367177658677818] 
[0.12168842305731387, 0.13028595800554532, 0.1358917991628572, 0.12867445389770316, 0.13224939573472705, -0.40496253668337934, -1.8292277087771036, 0.5681786400125971, 0.6012821537720784, 0.6090369831634411, 0.6015670583673514, 0.5510025037995582, 0.19589479901802861, 2.368018370845716] 
[0.12095676351073648, 0.1310176175521227, 0.13516013961627982, 0.12794279435112577, 0.13151773618814966, -0.4056941962299567, -1.829959368323681, 0.5688403966149765, 0.6007013692894406, 0.6095944490780223, 0.600816484496567, 0.5502631568528429, 0.1966178204228289, 2.368822194516914] 
[0.12306443515686594, 0.12890994590599325, 0.13305246797015036, 0.13005046599725523, 0.13362540783427912, -0.4078018678760862, -1.8320670399698105, 0.5712774234392187, 0.6034545329462252, 0.6123488433696596, 0.6030272040369004, 0.5481734924164009, 0.19444994775751323, 2.3707125025048112] 
[0.12275590214558063, 0.12860141289470794, 0.13336100098143566, 0.12974193298596992, 0.13393394084556443, -0.4074933348648009, -1.8317585069585252, 0.5715474892179768, 0.6031385426852063, 0.6120298811713981, 0.6032535679698884, 0.5478550980917297, 0.1941308389465562, 2.3709886364329553] 
[0.12317853354930319, 0.12817878149098538, 0.13378363238515822, 0.12931930158224736, 0.13351130944184186, -0.40791596626852344, -1.8313358755548026, 0.5710594395826518, 0.6025998403085574, 0.6115796001281439, 0.6035618335800438, 0.5474184699522838, 0.1936934633586576, 2.3713669459030458] 
[0.12298920531337343, 0.12798945325505562, 0.13359430414922846, 0.1291299733463176, 0.13370063767777163, -0.4077266380325937, -1.8311465473188728, 0.5712252659599881, 0.6024069797197361, 0.6113907780195921, 0.6037505252473239, 0.5476089994009672, 0.19350612513116083, 2.3711586439536054] 
[0.12317502903505284, 0.12817527697673503, 0.13378012787090787, 0.129315797067997, 0.13351481395609222, -0.4079124617542731, -1.8309607235971934, 0.5710572928552498, 0.6025536859567381, 0.6112419959610206, 0.603892677554518, 0.5474178321524436, 0.19331393347686956, 2.3713250252448037] 
[0.12227424215474825, 0.12727449009643044, 0.13287934099060328, 0.1302165839483016, 0.1344156008363968, -0.4070116748739685, -1.8300599367168888, 0.5700132269907352, 0.6013778794184862, 0.6100664397118644, 0.6029249903689913, 0.54810714398789, 0.19258027320500745, 2.372151611832364] 
[0.12153150230861298, 0.12653175025029517, 0.13362208083673854, 0.13095932379443687, 0.13367286099026154, -0.40775441472010376, -1.830802676563024, 0.5708702633074411, 0.6023226092522825, 0.6108536641326884, 0.6023610298903982, 0.5487045925717362, 0.1919790529948127, 2.372833885459956] 
[0.1199891305857359, 0.12807412197317225, 0.13207970911386147, 0.1294169520715598, 0.13213048926738447, -0.40929678644298084, -1.8323450482859012, 0.5726483149932016, 0.6042823079704472, 0.6124927900035347, 0.6012426701348961, 0.5503358848563703, 0.19389469592200267, 2.374569809847739] 
[0.12029248831604589, 0.12777076424286227, 0.13177635138355148, 0.12972030980186977, 0.13243384699769445, -0.4096001441732908, -1.8320416905555912, 0.5729244096519145, 0.6040526681818372, 0.612818479912394, 0.601637946767512, 0.5507280559792096, 0.19421747062529354, 2.3742993775285863] 
[0.12164651237708268, 0.12912478830389906, 0.13313037544458828, 0.13107433386290657, 0.13378787105873124, -0.4109541682343276, -1.8306876664945544, 0.5713600494008327, 0.6022854991571797, 0.6110087714250195, 0.599826660539418, 0.5489705963542587, 0.1927754281956068, 2.37550637247963] 
[0.12252713957756312, 0.12824416110341863, 0.1340110026450687, 0.131954961063387, 0.1329072438582508, -0.4100735410338472, -1.8315682936950348, 0.5703449756108316, 0.6011682438912812, 0.6101051221556734, 0.6007348060177796, 0.5501034956085884, 0.19389458126718478, 2.376500862651951] 
[0.12331265222556764, 0.1274586484554141, 0.13479651529307324, 0.13116944841538247, 0.13369275650625534, -0.4108590536818517, -1.8323538063430393, 0.5710330640712856, 0.6003645274163761, 0.6092973705685215, 0.6013351771655145, 0.5494919763754693, 0.19469475858172752, 2.377367899699341] 
[0.12499360764289547, 0.12913960387274193, 0.13311555987574542, 0.12948849299805465, 0.13537371192358316, -0.4091780982645239, -1.8340347617603672, 0.5690919227461592, 0.5982319017005652, 0.6075786613096071, 0.6030667511248433, 0.5516543008829852, 0.19683213394005822, 2.3792676296351445] 
[0.12435355840880247, 0.12977965310683492, 0.13247551064165242, 0.13012854223214765, 0.13473366268949016, -0.4098181474986169, -1.8333947125262742, 0.5698120133446798, 0.5988793269196698, 0.6069339578654939, 0.6024028622229796, 0.5521298353881339, 0.19617793326714572, 2.3785604735974473] 
[0.12435323498200246, 0.12977932968003492, 0.13247583406845242, 0.13012821880534764, 0.13473398611629017, -0.4098184709254169, -1.8333943890994742, 0.5698123874145921, 0.5988797386849526, 0.6069342904223376, 0.6024025289361321, 0.5521294191813702, 0.19617752152090254, 2.37856010796888] 
[0.1251524855811712, 0.12898007908086617, 0.13167658346928368, 0.13092746940451638, 0.13393473551712143, -0.41061772152458564, -1.834193639698643, 0.5707403197334079, 0.5999260171845201, 0.6079783687396745, 0.6032622013535595, 0.5515396342558012, 0.19699523186644138, 2.379443169422872] 
[0.12436052455440771, 0.12818811805410268, 0.13246854449604717, 0.13171943043127987, 0.13472669654388492, -0.40982576049782216, -1.8334016786718794, 0.571634928670376, 0.6007552327645427, 0.6073974882894931, 0.6040846795470737, 0.5523621835693794, 0.19637814227404937, 2.3801715705330686] 
[0.12457300193423348, 0.1279756406742769, 0.1322560671162214, 0.13193190781110564, 0.13451421916405915, -0.4100382378776479, -1.8336141560517052, 0.5718199035320364, 0.6005316759326055, 0.6071283944160538, 0.6038651655536426, 0.5525785160883356, 0.19664158672058102, 2.380411050745216] 
[0.12466955043663175, 0.12787909217187865, 0.13235261561861966, 0.1320284563135039, 0.1346107676664574, -0.4101347863800462, -1.8337107045541035, 0.5719289162844532, 0.6006328180873383, 0.6070579697081273, 0.6039687263025766, 0.5527034416412008, 0.19676457110432208, 2.3805202215396553] 
[0.12356167618524294, 0.12898696642326746, 0.13346048987000847, 0.1309205820621151, 0.13571864191784622, -0.4090269121286574, -1.8348185788054923, 0.5706785786940437, 0.5994776928949695, 0.607910647562436, 0.603118597925361, 0.5538410738068393, 0.19790954549759704, 2.379529926521816] 
[0.1241167776850598, 0.12954206792308431, 0.1329053883701916, 0.13147568356193196, 0.13516354041802936, -0.40958201362847424, -1.8353736803053091, 0.5711825969482542, 0.5990597439512646, 0.6085078126003441, 0.6038442714865109, 0.5545621948869063, 0.19850258881091257, 2.379035811181725] 
[0.12453891895599467, 0.1299642091940192, 0.13332752964112649, 0.13189782483286683, 0.1347413991470945, -0.4100041548994091, -1.835795821576244, 0.570815332831011, 0.5995067680390407, 0.6090585038423768, 0.6043950729312388, 0.5550042839223222, 0.19808663274632293, 2.3785707487247896] 
[0.12426324241551212, 0.12968853265353664, 0.13360320618160904, 0.13217350137334938, 0.13501707568757704, -0.41027983143989166, -1.8360714981167265, 0.5705053333101232, 0.5992281037811031, 0.609334642016036, 0.6046704174441179, 0.5547223688433778, 0.19774434256892162, 2.378259660893672] 
[0.12518487229784325, 0.1287669027712055, 0.1326815762992779, 0.1330951312556805, 0.13593870556990817, -0.40935820155756053, -1.8369931279990577, 0.5696728738471635, 0.5999536396609941, 0.6085972693050372, 0.6053729034447659, 0.5537751411957659, 0.19679208590200598, 2.3790826170843156] 
[0.12471286605479248, 0.12829489652815473, 0.13315358254232867, 0.13262312501262974, 0.13641071181295894, -0.4098302078006113, -1.836521121756007, 0.5691396219505107, 0.5994590228951344, 0.6089410831479225, 0.6048674406030763, 0.5531753597109252, 0.19628973158328397, 2.3795025095961644] 
[0.12537157015102762, 0.12895360062438987, 0.13381228663856382, 0.1319644209163946, 0.1357520077167238, -0.41048891189684644, -1.837179825852242, 0.5697371147687529, 0.598962852832051, 0.6096470019831691, 0.6057075534848448, 0.5538629179245735, 0.19564077242670577, 2.3787765309227544] 
[0.12489639992241264, 0.12942877085300486, 0.1342874568671788, 0.1314892506877796, 0.13527683748810881, -0.4109640821254614, -1.836704655623627, 0.5702719223452449, 0.599443779171288, 0.609168042635419, 0.6052150025600561, 0.554214584467837, 0.1951541328413204, 2.3782507097119234] 
[0.1251832308511207, 0.12971560178171293, 0.13400062593847073, 0.13177608161648768, 0.13556366841681688, -0.4112509130541695, -1.836417824694919, 0.5705213965897256, 0.5991413693438222, 0.6088024554523088, 0.6049082245741451, 0.5544333991583955, 0.19492144047129312, 2.378513335500847] 
[0.12456251195526447, 0.13033632067756917, 0.1333799070426145, 0.13115536272063144, 0.13494294952096064, -0.41063019415831326, -1.8357971057990627, 0.5699817172259596, 0.5997959296979216, 0.6095938566647514, 0.6055739509730174, 0.5539766846237402, 0.19555748876982504, 2.3792001886851644] 
[0.12378799799250073, 0.12956180671480544, 0.13260539307985075, 0.1303808487578677, 0.13571746348372438, -0.4098556801955495, -1.8365716197618265, 0.5693083219628778, 0.6006167858641293, 0.6106054392486461, 0.6065848619084027, 0.5547876366600475, 0.1947937086681261, 2.378346546601734] 
[0.12317696039645254, 0.12895076911875725, 0.13321643067589894, 0.12976981116181951, 0.13510642588767618, -0.4104667177915977, -1.8371826573578747, 0.5686017283631317, 0.5998363369327306, 0.6099531379940258, 0.6070304136821346, 0.5541556990407349, 0.19416148222940222, 2.3788920219971668] 
[0.12353265665721436, 0.12930646537951906, 0.13357212693666076, 0.13012550742258133, 0.13475072962691437, -0.41082241405235953, -1.8368269610971129, 0.5682786818710158, 0.6001042971055343, 0.6095706981869998, 0.6065661587692427, 0.5536945532060775, 0.19378222476201978, 2.379208242075998] 
[0.12234457508664276, 0.12811838380894747, 0.13238404536608916, 0.13131358899315293, 0.13356264805634277, -0.4120104956229311, -1.8356388795265413, 0.5696520018924964, 0.6016202838373563, 0.6108330713101972, 0.6056652453174757, 0.5546508235018395, 0.19282416645785005, 2.380296644985928] 
[0.12214127519232276, 0.12832168370326746, 0.13218074547176917, 0.13111028909883293, 0.13376594795066277, -0.4122137955172511, -1.8354355796322213, 0.5698800244166542, 0.6018245366486835, 0.610621090114739, 0.6054005336620973, 0.5543872948321708, 0.1926077719433715, 2.3804774641350543] 
[0.12150625953240235, 0.12895669936318788, 0.13154572981184876, 0.13174530475875335, 0.13313093229074235, -0.41284881117717154, -1.8360705952921417, 0.5706150556367175, 0.6026522329168996, 0.611445993674376, 0.6060616455172497, 0.5537581636079473, 0.19195545266661587, 2.3810447329467945] 
[0.12121457372387168, 0.12924838517171855, 0.13125404400331808, 0.13203699056728402, 0.13342261809927303, -0.41255712536864086, -1.8363622811006723, 0.5702775125815236, 0.6022707284189189, 0.6110568493683806, 0.6056802610192602, 0.553452002550065, 0.19224378118387525, 2.3813664795219496] 
[0.12035410202405528, 0.13010885687153495, 0.13211451570313448, 0.13117651886746762, 0.13428308979908943, -0.41341759706845727, -1.8372227528004887, 0.5694954005225469, 0.6029242188811337, 0.6101644153907805, 0.6047875505217265, 0.5540903571537175, 0.19136107942304864, 2.38041394460322] 
[0.12064534033133922, 0.1304000951788189, 0.13182327739585054, 0.13146775717475156, 0.13457432810637338, -0.4137088353757412, -1.8369315144932048, 0.5691680974037773, 0.6026212778505224, 0.6103779346139557, 0.6044860774194363, 0.5537955216544876, 0.1916501854280528, 2.3807354871500928] 
[0.1213180725836831, 0.13107282743116278, 0.1324960096481944, 0.1307950249224077, 0.13524706035871725, -0.41303610312339734, -1.8376042467455487, 0.5684150537026662, 0.6019482641725791, 0.6110779665741222, 0.6053639513033279, 0.5546861820775777, 0.1925113288383831, 2.3814984448686816] 
[0.12175429257605641, 0.13150904742353609, 0.1320597896558211, 0.13035880493003438, 0.13481084036634394, -0.41347232311577065, -1.838040466737922, 0.5689055380660927, 0.6024005328012486, 0.6107451444387032, 0.6057123048793908, 0.5543376445641184, 0.19286299742143706, 2.381099101559472] 
[0.12194018925730488, 0.13132315074228762, 0.13224568633706957, 0.13054470161128284, 0.13462494368509548, -0.4136582197970191, -1.8378545700566735, 0.5686963390749894, 0.6022069999999763, 0.6108811824848882, 0.6055200194545235, 0.5541497161154907, 0.19304754598673507, 2.3813044017039817] 
[0.12145058744556136, 0.1308335489305441, 0.13273528814881308, 0.13005509979953933, 0.13413534187335197, -0.4131686179852756, -1.838344171868417, 0.5691231357820833, 0.6016861884804481, 0.6102394697535315, 0.604864141561549, 0.553499822799449, 0.19242035810731992, 2.3807488724608468] 
[0.12144491876681895, 0.13083921760928652, 0.1327409568275555, 0.13006076847828174, 0.13414101055209438, -0.413174286664018, -1.8383498405471594, 0.5691181880899897, 0.6016921908597997, 0.6102466994042653, 0.6048702173748897, 0.5534956350521498, 0.19242617892105604, 2.3807551534514757] 
[0.1216213903101635, 0.13066274606594197, 0.13256448528421094, 0.1302372400216263, 0.13396453900874983, -0.41299781512067346, -1.838526312090504, 0.5689576893717525, 0.6018251745709541, 0.610058096939632, 0.6046457836460741, 0.5533117810008202, 0.1926008181885897, 2.380949996517508] 
[0.12116646354075966, 0.13020781929653813, 0.13301941205361478, 0.12978231325222245, 0.13441946577815367, -0.4134527418900773, -1.8389812388599078, 0.5684329506634034, 0.601244799396991, 0.6095718902546299, 0.604977635053346, 0.5528422772282313, 0.19213161585902624, 2.381355551553418] 
[0.12165828543437796, 0.12971599740291984, 0.1325275901599965, 0.13027413514584074, 0.13491128767177196, -0.4139445637836956, -1.8384894169662895, 0.5679879273842267, 0.60163528563546, 0.6091961480352809, 0.6054852714240035, 0.5533521254842587, 0.19174947255014127, 2.381807056467203] 
[0.1217142937187421, 0.1296599891185557, 0.13247158187563235, 0.1302181268614766, 0.1349672959561361, -0.41388855549933146, -1.8385454252506537, 0.5680524959601393, 0.6017064205429825, 0.6092539502212985, 0.6054293947024035, 0.5532943021464664, 0.19179299979375608, 2.3817556370180104] 
[0.12181005787476407, 0.12956422496253373, 0.13237581771961038, 0.13012236270545463, 0.13487153180011413, -0.4137927913433095, -1.8386411894066756, 0.5679451675805384, 0.601610368055109, 0.6093532573208057, 0.6055507679083704, 0.5533939738713244, 0.19169826119085082, 2.381649884408075] 
[0.1207274761961723, 0.1306468066411255, 0.1312932360410186, 0.1312049443840464, 0.13378895012152237, -0.41487537302190125, -1.8397237710852674, 0.5689294049915107, 0.6007941693687261, 0.6105158478874494, 0.6069667861147751, 0.5548263483621136, 0.19308527549395094, 2.382878722446167] 
[0.12056819203499414, 0.13080609080230365, 0.13113395187984045, 0.13136422854522456, 0.13394823428270053, -0.4147160888607231, -1.8398830552464456, 0.568750995444546, 0.6006340010683973, 0.6106751079750061, 0.6071261812762, 0.554667776771939, 0.1929218656042019, 2.383020662407051] 
[0.12104633465815651, 0.13128423342546602, 0.13161209450300282, 0.1308860859220622, 0.13347009165953816, -0.41519423148388546, -1.840361197869608, 0.5683334809525675, 0.6011424182607069, 0.6112987715448551, 0.6077505997062155, 0.5551815328048949, 0.19255257463328262, 2.38345960114205] 
[0.12043229874298644, 0.13067019751029596, 0.13222613041817288, 0.13027205000689213, 0.1328560557443681, -0.4145801955687154, -1.840975233784778, 0.5690213752581638, 0.6017593863891945, 0.6106823039036101, 0.6071155670060785, 0.5556379010648272, 0.19192110251995287, 2.382778334746618] 
[0.12047775719746978, 0.1307156559647793, 0.13227158887265622, 0.1302265915524088, 0.13281059728988476, -0.41462565402319873, -1.8410206922392613, 0.5689690199559613, 0.6017014866879454, 0.6106339139847218, 0.6071502308530021, 0.5556024656056346, 0.19196767408842375, 2.3828287560061323] 
[0.1208020655765476, 0.13039134758570148, 0.13259589725173404, 0.1305508999314866, 0.13248628891080694, -0.41494996240227655, -1.8406963838601835, 0.56933354180023, 0.6020389578554782, 0.6103978930893978, 0.6074973129230087, 0.556020792600885, 0.19238152529474054, 2.3831971776649836] 
[0.1208119959364562, 0.13040127794561007, 0.13258596689182545, 0.130540969571578, 0.13249621927071553, -0.41494003204236796, -1.8407063142200921, 0.569324548856345, 0.6020468032942821, 0.610389995776395, 0.607505232363364, 0.5560130955412279, 0.1923917067591321, 2.3832081928637527] 
[0.12101123765927069, 0.13020203622279558, 0.13238672516901095, 0.1307402112943925, 0.13269546099353002, -0.41513927376518245, -1.8409055559429066, 0.5691506084932032, 0.6022585388373176, 0.6106500856650571, 0.6077649758827047, 0.5562218605771396, 0.19219401563332833, 2.3829878868237517] 
[0.12093581515986385, 0.13012661372338874, 0.1324621476684178, 0.13081563379379935, 0.13262003849412318, -0.4150638512657756, -1.8408301334434998, 0.5690819930398031, 0.6023154090825305, 0.6105691558062659, 0.6076665453446742, 0.5561242263596151, 0.19211400878596283, 2.383054774690284] 
[0.12108939706716937, 0.12997303181608322, 0.13261572957572332, 0.13066205188649382, 0.1327736204014287, -0.41521743317308113, -1.8409837153508053, 0.5689472750061273, 0.602473105726095, 0.610727593481876, 0.607548865540378, 0.5562438429333764, 0.19195661170587228, 2.382884409918684] 
[0.12116252634124391, 0.12989990254200867, 0.13268885884979786, 0.13058892261241928, 0.13270049112735416, -0.4151443038990066, -1.8410568446248798, 0.5690134483665391, 0.6024150308163573, 0.6107834904012035, 0.6074732766314421, 0.5561678650110388, 0.19201345882657359, 2.3828173474660277] 
[0.12076965298654185, 0.13029277589671073, 0.13308173220449993, 0.13019604925771722, 0.13309336448205622, -0.41553717725370864, -1.8406639712701778, 0.5693565470498396, 0.6019997157442845, 0.6102847933861044, 0.607066646117658, 0.556567333599652, 0.19250178066067938, 2.383262340979409] 
[0.12027208095000885, 0.12979520386017773, 0.13258416016796692, 0.13069362129425022, 0.13259579244552322, -0.41503960521717564, -1.8411615433067108, 0.5698090313536618, 0.6016222707882106, 0.6108016639733456, 0.6075844665231273, 0.5561974338359587, 0.1930137259572481, 2.383814522853654] 
[0.1209024526470226, 0.129164832163164, 0.13195378847095318, 0.13006324959723647, 0.13322616414253696, -0.4144092335201619, -1.8417919150037245, 0.5690808825365026, 0.6008004284447162, 0.6099785352289258, 0.6069067489034476, 0.5566631555343442, 0.1923645283446908, 2.3831148495208767] 
[0.12031654874185405, 0.12975073606833254, 0.13253969237612173, 0.13064915350240502, 0.1326402602373684, -0.41382332961499335, -1.841206011098556, 0.5696110994813832, 0.6003348317738911, 0.6104273684146374, 0.6063034211595374, 0.5560707458104123, 0.19294826465315565, 2.383763114189944] 
[0.1202892952735577, 0.1297234826000362, 0.13256694584441808, 0.13067640697070138, 0.13261300676907206, -0.4138505830832897, -1.8411787576302596, 0.5696417278532762, 0.6003631881258252, 0.6104074003800375, 0.6063317065507352, 0.5560990757452371, 0.19292707386593622, 2.3837881114456927] 
[0.12039171510568947, 0.12962106276790442, 0.13266936567654986, 0.13077882680283315, 0.13271542660120383, -0.41374816325115793, -1.8410763377981278, 0.5695266770799671, 0.6002570378652745, 0.6104856385751094, 0.6062496072225313, 0.5561783820303684, 0.19282207857264055, 2.383674512983664] 
[0.1204588491636609, 0.129553928709933, 0.13273649973452128, 0.13084596086080458, 0.13278256065917526, -0.41381529730912936, -1.8410092037401564, 0.5694515005625513, 0.6001895072671889, 0.6105529092312101, 0.6063167053692511, 0.5561098193317275, 0.192738620271644, 2.3835984987705836] 
[0.1204971715404457, 0.12951560633314818, 0.1327748221113061, 0.13080763848401977, 0.13282088303596007, -0.41377697493234455, -1.8409708813633716, 0.5694849924817508, 0.6001489699266497, 0.6105040929871502, 0.6062756615723024, 0.5561381401838797, 0.19269917789855812, 2.383555980047674] 
[0.12142289731508837, 0.1285898805585055, 0.13184909633666342, 0.13173336425866244, 0.13374660881060274, -0.4147027007069872, -1.840045155588729, 0.5705211710009335, 0.6010755945785163, 0.6095393142162109, 0.6050708142093494, 0.5549399096066856, 0.19171675405363275, 2.3843772080702763] 
[0.12174387940703069, 0.1282688984665632, 0.13217007842860573, 0.13205434635060476, 0.13406759090254505, -0.4143817186150449, -1.8403661376806713, 0.5708821966337237, 0.6014089443213245, 0.6092936431344325, 0.6053280372461787, 0.5546919005295451, 0.1920455351146955, 2.3847331139246766] 
[0.12256334917546097, 0.12908836823499348, 0.13135060866017545, 0.13123487658217448, 0.13324812113411477, -0.4152011883834752, -1.8411856074491015, 0.5701672402103749, 0.6022766661191828, 0.6103611941909703, 0.6063998314086488, 0.555573277205583, 0.1914129019670045, 2.385485357973559] 
[0.12208361717619765, 0.12860863623573016, 0.13183034065943877, 0.13075514458291115, 0.13276838913485145, -0.4147214563842119, -1.8416653394483649, 0.5706030891134247, 0.6019147123583105, 0.6108738590327337, 0.6070116305813434, 0.5560869837630342, 0.19104208358159214, 2.3859254907302496] 
[0.12162032004201562, 0.12907193336991218, 0.1322936377936208, 0.13121844171709318, 0.13230509200066942, -0.4151847535183939, -1.8421286365825469, 0.5711228149004715, 0.6023819343187395, 0.610407557942208, 0.6065322113330657, 0.5564315790678956, 0.1905652246139355, 2.3854112345264946] 
[0.12164129823193504, 0.12905095517999277, 0.13231461598354022, 0.1312394199070126, 0.13232607019058884, -0.4151637753284745, -1.8421496147724663, 0.5711464140689757, 0.6024037192488668, 0.6103915092620567, 0.606548948033061, 0.5564147767530452, 0.1905821381755853, 2.385392068820163] 
[0.1215805706096833, 0.12899022755774103, 0.13237534360579195, 0.13117869228476087, 0.13238679781284057, -0.41510304770622275, -1.8420888871502146, 0.5710780682203609, 0.6023404094615725, 0.6104360663335943, 0.6064860837943518, 0.5563532146598793, 0.19064270054077073, 2.38545928656211] 
[0.12243188083954193, 0.1281389173278824, 0.13322665383565058, 0.1320300025146195, 0.1332381080426992, -0.4159543579360814, -1.8429401973800732, 0.570096401326198, 0.6012565758936084, 0.609531759848921, 0.6071347834817459, 0.5556898318780233, 0.19151578518708343, 2.3864041261757856] 
[0.1228470040278391, 0.12855404051617958, 0.13364177702394775, 0.13161487932632232, 0.13365323123099637, -0.4155392347477842, -1.8433553205683704, 0.5697209885250569, 0.6015844222720655, 0.609199204082062, 0.607451440158368, 0.5552642668320971, 0.19108914209738861, 2.3867733219480183] 
[0.12290989690374188, 0.12861693339208236, 0.13357888414804497, 0.13155198645041954, 0.13371612410689915, -0.4154763418718814, -1.8432924276924676, 0.5697935888976282, 0.6016643015473104, 0.6092639424907837, 0.6073886379543755, 0.5551991787370774, 0.19113796100155667, 2.3867156869230137] 
[0.12252140309364945, 0.12900542720217478, 0.13319039033795255, 0.13116349264032712, 0.13410461791699158, -0.415087848061789, -1.84368092150256, 0.5694548863431849, 0.6020738094722795, 0.6097569337768716, 0.6077921300857312, 0.5548145712891812, 0.19074017453642833, 2.3870613547907737] 
[0.1220269997013328, 0.12949983059449144, 0.1326959869456359, 0.13165789603264377, 0.13459902130930823, -0.41558225145410566, -1.8441753248948767, 0.5688979341054377, 0.6015577278806964, 0.6101190293155258, 0.6072789927911909, 0.5543007374919692, 0.19112344526299593, 2.386608233377492] 
[0.12254299847988603, 0.13001582937304468, 0.13321198572418913, 0.132173894811197, 0.13511502008786147, -0.4160982502326589, -1.84469132367343, 0.5694952160821474, 0.6022311308546162, 0.6107904852816598, 0.607816426977074, 0.5537897007413157, 0.19059481663373465, 2.387067132972732] 
[0.12271850665397777, 0.12984032119895295, 0.13338749389828086, 0.13234940298528874, 0.1352905282619532, -0.4162737584067506, -1.8448668318475216, 0.5696546986008502, 0.6020989112472338, 0.6109783398589558, 0.6080401701617713, 0.5539728933259687, 0.19042062549540456, 2.386872754414175] 
[0.12268160987606391, 0.1298034244210391, 0.133350597120367, 0.1323125062073749, 0.13525363148403935, -0.4162368616288368, -1.8449037286254355, 0.5696973106421992, 0.6021459968264578, 0.6110177283102911, 0.6080133556996177, 0.5540109614343757, 0.19045862302714361, 2.386839978074035] 
[0.12245942421286271, 0.1300256100842403, 0.1335727827835682, 0.1325346918705761, 0.13503144582083815, -0.416459047292038, -1.8446815429622343, 0.5694397780038044, 0.6018547026740352, 0.610720394377206, 0.6077221284849995, 0.5537779869176607, 0.1906790143317421, 2.3870860641474714] 
[0.12299927670856858, 0.13056546257994617, 0.13411263527927408, 0.13199483937487022, 0.13449159332513227, -0.4159191947963321, -1.8452213954579402, 0.5700455483858418, 0.6023989279375949, 0.6101794001675785, 0.607183115237976, 0.5543300999640486, 0.1913526921207629, 2.3876989550258356] 
[0.12276088069255264, 0.1308038585959621, 0.13387423926325814, 0.13223323539088616, 0.13472998934114822, -0.41615759081234804, -1.8454597914739561, 0.5698378010496777, 0.6026508795702649, 0.6104826159131298, 0.6074308489824277, 0.5540940438145485, 0.19110858698762392, 2.387910865379004] 
[0.12323569335376616, 0.1303290459347486, 0.13339942660204462, 0.13175842272967264, 0.13520480200236173, -0.4156827781511345, -1.8449849788127426, 0.5703859766682627, 0.6032551539196297, 0.6109729803284979, 0.6069584311206883, 0.5536157556306859, 0.1915823307475455, 2.388437149363706] 
[0.1230545809900323, 0.13014793357101473, 0.13321831423831076, 0.1319395350934065, 0.13502368963862788, -0.4158638905148684, -1.8448038664490087, 0.5705892421299145, 0.603436913229066, 0.610784233096869, 0.6067223090946127, 0.5533806472021272, 0.19138983997004577, 2.3885974070040454] 
[0.12334795828294842, 0.1298545562780986, 0.13292493694539464, 0.13164615780049038, 0.135317066931544, -0.4161572678077845, -1.8450972437419249, 0.5702598680730375, 0.6031411454571096, 0.611079524456721, 0.6070261716088321, 0.5531634179544102, 0.19169202383997033, 2.3889235164738576] 
[0.12308939846224787, 0.13011311609879916, 0.1331834967660952, 0.13138759797978983, 0.13505850711084344, -0.41641582762848506, -1.8453558035626254, 0.5699611701897517, 0.6028121437161648, 0.6108125836301748, 0.6072834984361427, 0.5534236147839526, 0.1914342032591019, 2.3886369832499517] 
[0.12287640362961438, 0.13032611093143265, 0.13297050193346172, 0.13117460314715634, 0.13527150194347692, -0.41662882246111854, -1.845568798395259, 0.569715063381127, 0.6025401566410904, 0.6105851116833839, 0.6074385173278282, 0.5532037966962545, 0.1912149290534422, 2.3888261503137693] 

Time 
36.53894782066345 
