Parameters 
 
[-0.5, -0.5, -0.5, -0.5, -0.5, -0.5, -0.5, -0.5, -0.5, -0.5, -0.5, -0.5, -0.5, -0.5, -0.5, -0.5, -0.5, -0.5, -0.5, -0.5, -0.5, -0.5, -0.5, -0.5] 
[-0.7210581071234721, -0.7210581071234721, -0.27894189287652793, -0.7210581071234721, -0.7210581071234721, -0.27894189287652793, -0.27894189287652793, -0.7210581071234721, -0.7210581071234721, -0.7210581071234721, -0.27894189287652793, -0.27894189287652793, -0.41159704293223887, -0.18470653783505953, -0.8559558269252343, -0.4499448398137361, -0.878310540647953, -0.12416241689919433, -0.5408845977106493, -0.1664081984771864, -0.7638946845285849, -0.7175758706071742, -0.2455363889973436, -0.3728975253786362] 
[-0.9568417648194227, -0.4852744494275214, -0.5147255505724786, -0.4852744494275214, -0.4852744494275214, -0.5147255505724786, -0.5147255505724786, -0.4852744494275214, -0.4852744494275214, -0.4852744494275214, -0.5147255505724786, -0.5147255505724786, -0.38793216104012035, -0.7079295556255768, -0.27759410873954526, -1.0496645102558073, -0.3033240844923283, -0.23600797922556827, -0.171026256664421, -0.7289310337947972, -0.23273047261997282, -0.7906763760549206, -0.012574742515469695, -0.18343018246543416] 
[-0.7586459167919695, -0.6834702974549747, -0.7129213985999319, -0.28707860140006813, -0.6834702974549747, -0.7129213985999319, -0.7129213985999319, -0.6834702974549747, -0.28707860140006813, -0.6834702974549747, -0.7129213985999319, -0.3165297025450253, -1.3077401099004626, 0.2901402931737148, -0.8540917118247566, -0.6736157344588616, -0.18023825281487715, -0.4029163163349511, -0.37019530874379186, -0.5594551169632717, 0.05744336380186571, -1.2094676753326992, 0.30678259107807954, -0.10628212445693164] 
[-0.7889427170989669, -0.7137670977619721, -0.6826245982929344, -0.3173754017070656, -0.6531734971479772, -0.7432181989069293, -0.7432181989069293, -0.7137670977619721, -0.2567818010930707, -0.6531734971479772, -0.7432181989069293, -0.34682650285202277, -1.2268676273963812, 0.19532602652495767, -0.792427453013696, -0.6705234880562851, -0.19702493599217918, -0.4335262055893051, -0.3493318812836965, -0.5042552726249182, -0.014383296610551127, -1.114068605254582, 0.19137148939674686, -0.0203635812914945] 
[-1.0499703862195586, -0.9747947668825638, -0.9436522674135261, -0.5784030708276573, -0.3921458280273855, -1.004245868027521, -1.004245868027521, -0.9747947668825638, -0.5178094702136624, -0.914201166268569, -1.004245868027521, -0.08579883373143105, -1.2980875374804053, -0.15853286685835039, -0.4263346280734754, -0.6228685550696325, 0.050093320829113025, -0.42236357454122875, 0.016665867784579513, -0.7947090805042492, -0.2469066979994073, -0.41279239434824755, -0.7439671829523875, 0.7133646917146119] 
[-1.023771107039592, -0.9485954877025973, -0.9174529882335596, -0.6046023500076239, -0.36594654884741895, -1.0304451472074876, -0.9780465888475545, -1.0009940460625304, -0.49161019103369585, -0.8880018870886024, -0.9780465888475545, -0.11199811291139761, -1.3217743115880034, -0.16369297617681378, -0.46567012254239937, -0.5850762291784803, 0.06148590751223358, -0.40138791006103336, 0.024472225961312783, -0.7568867396335077, -0.2821633741493315, -0.44545841439323325, -0.7102728936223166, 0.7222735849741677] 
[-1.3903342947210655, -0.5820323000211238, -1.284016175915033, -0.9711655376890973, -0.7325097365288924, -0.6638819595260141, -1.344609776529028, -0.634430858381057, -0.8581733787151693, -0.521438699407129, -0.611483401166081, -0.47856130059287105, -1.0589823903919733, 0.04477657935543092, -0.3594810522848066, -0.04190712034278177, -0.6112044679430936, 0.462779334471202, -0.8601607087817307, -0.18559160347379933, -0.28483715781072194, 0.3781477756157913, -1.9053560615326903, 1.7103363989643658] 
[-1.2193403224126422, -0.41103832771270055, -1.1130222036066098, -1.1421595099975206, -0.9035037088373157, -0.49288798721759086, -1.1736158042206046, -0.46343688607263367, -1.0291673510235926, -0.35044472709870567, -0.7824773734745043, -0.30756732828444777, -2.000068791993825, 0.9818773646074506, -0.09931994244522979, -0.2969489511680051, -0.804660734016155, 0.6873224012964968, -0.82168129274432, -0.008550287164292791, -0.6281252808683598, 0.6750831231119375, -1.697383915651818, 1.447446474979313] 
[-1.1104528120746826, -0.3021508173747409, -1.2219097139445694, -1.2510470203354802, -0.794616198499356, -0.38400047687963124, -1.2825033145585643, -0.5723243964105933, -0.920279840685633, -0.4593322374366653, -0.8913648838124639, -0.19867981794648815, -2.0385603318055403, 0.9000853473779058, -8.06216933802173e-05, -0.25417156244768196, -0.6752534933665714, 0.5789799450378572, -1.1550819954289309, 0.3172855573656481, -0.34393212303783516, 0.3912216961306433, -1.9333470715765269, 1.7052531167252152] 
[-1.1186295896942378, -0.3103275949942961, -1.2137329363250142, -1.2592237979550354, -0.7864394208798009, -0.3758236992600761, -1.274326536939009, -0.5641476187910381, -0.9121030630660778, -0.45115545981711014, -0.8995416614320191, -0.190503040326933, -2.0447235868375797, 0.897731216087457, -0.01227567793924067, -0.23954559401502612, -0.6884933566786268, 0.5873364825078105, -1.1205908430079765, 0.2812364557042164, -0.3214275423506605, 0.37293320017397796, -1.9533967753977286, 1.7271354599093105] 
[-1.1170092580694417, -0.30870726336950005, -1.2121126047002182, -1.2608441295798314, -0.7848190892550049, -0.3774440308848721, -1.272706205314213, -0.5657679504158342, -0.9137233946908738, -0.4495351281923141, -0.9011619930568151, -0.19212337195172902, -2.0441769338623086, 0.8989847279038397, -0.014450240438210162, -0.23773289633887637, -0.6867811513986192, 0.5847708487866309, -1.1126733580081836, 0.2731185396956015, -0.31572289596680925, 0.3674324044947942, -1.9506873069680066, 1.726880987666094] 
[-1.339949738150728, -0.08576678328821385, -0.989172124618932, -1.4837846096611176, -0.5618786091737187, -0.1545035508035859, -1.0497657252329269, -0.7887084304971204, -1.13666387477216, -0.6724756082736003, -1.1241024731381013, 0.03081710812955718, -1.9540256316382696, 1.0540570429931733, -0.21397565736570273, -0.3504319078515284, -0.9233253949920723, 0.7856937895460304, -0.20624029510069297, -0.6585384281324813, -0.016666572720947403, 0.38981832832930247, -1.8261148702052137, 1.8634727968502975] 
[-1.3446540526520296, -0.08106246878691215, -0.9844678101176303, -1.4884889241624193, -0.5665829236750204, -0.1497992363022842, -1.0450614107316252, -0.7934127449984221, -1.1413681892734617, -0.677179922774902, -1.128806787639403, 0.02611279362825547, -1.950849446086922, 1.0556326044866318, -0.20950047989801526, -0.34749916413900517, -0.9201994465187321, 0.7905036426823968, -0.21007436554254474, -0.6604955707618423, -0.01957172731261944, 0.38680251939085336, -1.828194664897469, 1.860235132018063] 
[-1.152859049282184, -0.2728574721567578, -0.7926728067477846, -1.2966939207925736, -0.7583779270448661, 0.041995767067561474, -1.2368564141014708, -0.6016177416285764, -0.9495731859036161, -0.8689749261447477, -1.3206017910092487, -0.1656822097415902, -1.8887109938528164, 1.1891149644862928, -0.41305121047876214, -0.1949192812538866, -0.8060517662034578, 0.9430667346491154, 0.331937909293355, -1.2603590476018025, 0.5371834460398569, -0.16776231996007668, -1.0570146965681344, 1.1253676619804267] 
[-1.1363611083374954, -0.2563595312120692, -0.8091707476924732, -1.3131918617372622, -0.7748758679895547, 0.02549782612287288, -1.2203584731567823, -0.5851198006838878, -0.9330752449589275, -0.8854728670894363, -1.30410385006456, -0.1491842687969016, -1.875346063323736, 1.1926747297917604, -0.3977409524035158, -0.18999419456009425, -0.7882547740861858, 0.9230928473772823, 0.31534429748111614, -1.2604925137172787, 0.5052171540803891, -0.13198980662994547, -1.1064397118620366, 1.172357995969959] 
[-1.309918816482134, -0.08280182306743056, -0.6356130395478345, -1.4867495698819009, -0.9484335761341933, 0.19905553426751155, -1.393916181301421, -0.7586775088285265, -1.1066329531035661, -0.7119151589447976, -1.1305461419199214, 0.024373439347737058, -1.749901737238651, 1.2475070985994496, -0.28025803797031057, 0.10176888610054757, -1.0801076788716752, 0.8062429118191811, 1.067630441075237, -2.0008030669625922, 0.3096237726207736, 0.11712459678031661, -1.0458423175191454, 1.309329015964549] 
[-1.1381939410011332, 0.08892305241357024, -0.8073379150288353, -1.6584744453629017, -0.7767087006531925, 0.027330658786510753, -1.2221913058204201, -0.9304023843095273, -1.278357828584567, -0.8836400344257984, -0.9588212664389206, -0.14735143613326374, 2.9316303496987093, -3.4362850602761816, -0.02183623504186133, -0.0249305609562534, -1.20388540384094, 0.9749359203657202, 0.5101540655359852, -1.4450920058802161, 0.42815188822307343, 0.16410141017517016, -0.5122008858138708, 0.7722122126867415] 
[-1.1119616568985728, 0.06269076831100984, -0.8335701991313957, -1.6322421612603413, -0.8029409847557529, 0.05356294288907115, -1.1959590217178597, -0.9041701002069669, -1.2521255444820065, -0.9098723185283588, -0.9325889823363602, -0.17358372023582413, 2.9418287055304275, -3.418554116567539, 0.006169977366338973, -0.004021863276785852, -1.1894561615812413, 0.9499710417959225, 0.5675460288137548, -1.5008954266733823, 0.39463647130598983, 0.1963099255466113, -0.46387146419167047, 0.7211583537529105] 
[-1.0878732663021777, 0.03860237771461472, -0.8576585897277909, -1.6081537706639462, -0.7788525941593578, 0.07765133348546627, -1.1718706311214646, -0.8800817096105717, -1.2762139350784016, -0.8857839279319637, -0.9566773729327553, -0.19767211083221925, 3.1731483677881185, -3.650147120905138, -0.021596517010886742, 0.010123665656811899, -1.1708250853642734, 0.9757052742370537, 0.628065836810171, -1.5636909617181411, 0.43827133543744556, 0.15778785371190585, -0.47265814242847765, 0.7013368711716839] 
[-1.1495495437362981, -0.023073899719505686, -0.9193348671619113, -1.6698300480980666, -0.7171763167252374, 0.01597505605134586, -1.233546908555585, -0.9417579870446922, -1.2145376576442812, -0.9474602053660841, -0.8950010954986349, -0.25934838826633966, 3.1373329396969796, -3.6793690290496515, 0.04308755199431735, 0.12882142017003384, -1.2894516137616046, 0.9098941907755795, 0.5799489006203783, -1.589269006516091, 0.34698024143235284, 0.24033202717650476, -0.36194656813040244, 0.583528678094785] 
[-1.0414192358637573, -0.13120420759204654, -0.8112045592893704, -1.7779603559706074, -0.6090460088526966, -0.092155251821195, -1.3416772164281259, -1.049888294917233, -1.1064073497717404, -0.8393298974935433, -1.0031314033711758, -0.3674786961388805, 3.189972613874645, -3.6185465057338138, -0.08231327645375036, -0.08647365321379977, -1.0754678017009924, 1.0322342346358577, 0.6567323955912676, -1.5319259182215683, 0.43443172482479037, 0.2879498945949258, -0.17924512366153317, 0.39497065815604493] 
[-0.8384339040782232, -0.33418953937758067, -1.0141898910749045, -1.5749750241850733, -0.4060606770671624, 0.11083007996433913, -1.1386918846425917, -0.8469029631316989, -0.9034220179862062, -0.6363445657080091, -0.8001460715856417, -0.16449336435334638, 3.33914882277095, -3.5556635871958484, 0.19137832108318847, 0.41105866932677704, -1.53514580849334, 1.188488577563237, 0.2408322283251889, -1.096298632192913, 0.0725805034403535, 0.6931423538226993, -0.7074499415468218, 0.8755785748874978] 
[-0.9311952778853572, -0.4269509131847147, -1.1069512648820385, -1.6677363979922073, -0.49882205087429643, 0.20359145377147314, -1.0459305108354577, -0.9396643369388329, -0.8106606441790722, -0.5435831919008751, -0.7073846977785077, -0.2572547381604804, 3.00615166991987, -3.2136707347424993, 0.05919977258832079, 0.4730180425942756, -1.4725943001751876, 1.1042001068104317, 0.43753818366172814, -1.2761944634999915, -0.0841922185497288, 0.9296364101454222, -1.0124340705223602, 1.1419500799616191] 
[-0.8985129318843041, -0.39426856718366166, -1.1396336108830916, -1.7004187439932603, -0.4661397048732434, 0.17090910777042012, -1.0786128568365108, -0.9723466829398859, -0.8433429901801253, -0.5762655379019281, -0.6747023517774546, -0.22457239215942737, 2.8770560044050284, -3.0816538488181116, 0.013489292891719774, 0.4929461623672642, -1.449187776518389, 1.0714888833003153, 0.42528373605486813, -1.3228629011775856, -0.012034022331904912, 0.8573228377147463, -0.963622036615152, 1.1483775569243502] 
[-0.7687794264240102, -0.5240020726439556, -1.2693671163433855, -1.8301522494535543, -0.5958732103335374, 0.04117560231012618, -1.2083463622968047, -0.842613177479592, -0.9730764956404192, -0.7059990433622221, -0.8044358572377486, -0.3543058976197213, 2.8266586613836386, -3.191480828122111, 0.1785144278798632, 0.7171762806246258, -1.6561114258225669, 1.173174772254838, 0.1996219924343881, -1.1118727850898456, 0.10024653951869335, 0.7515293971772825, -1.1882335622718494, 1.392804700482589] 
[-0.5653629505890541, -0.32058559680899945, -1.0659506405084294, -1.6267357736185981, -0.3924567344985812, -0.16224087352482996, -1.0049298864618486, -0.6391967016446358, -1.1764929714753753, -0.5025825675272659, -0.6010193814027924, -0.15088942178476517, 2.675285651815284, -3.2779358991354837, -0.06349566909167109, 0.4916280609325093, -1.778986850509581, 1.36073400245032, 0.34974808161159154, -1.0225182988543782, 0.23938017943535816, 0.8732969181537837, -1.0958066830075934, 1.5486974432665486] 
[-0.7426743364737645, -0.49789698269370986, -0.888639254623719, -1.8040471595033085, -0.2151453486138708, -0.33955225940954037, -0.8276185005771381, -0.4618853157599254, -0.999181585590665, -0.32527118164255553, -0.7783307672875028, -0.32820080766947557, 2.543583950200779, -3.3676431915744502, -0.22389515740656316, 0.607183334141195, -1.6572775135225042, 1.1692319889727487, 0.5591843692040586, -1.0476477811767628, 0.747365255975038, 0.36882137112299307, -1.1135027814368434, 1.3800558367174107] 
[-0.8595015119680012, -0.38106980719947314, -1.0054664301179557, -1.6872199840090718, -0.3319725241081075, -0.4563794349037771, -0.7107913250829014, -0.3450581402656887, -0.8823544100964282, -0.20844400614831882, -0.6615035917932661, -0.4450279831637123, 2.862508717859563, -3.7077861480223344, -0.07139812140087257, 0.3548455816039182, -1.3910314936729655, 1.1306404425539474, 0.260103805056747, -0.7407439040742403, 0.721684653682258, 0.49839950667815464, -1.0682565295952748, 1.468388415466172] 
[-1.0283103581869595, -0.5498786534184315, -1.174275276336914, -1.8560288302280301, -0.5007813703270658, -0.2875705886848188, -0.5419824788639431, -0.513866986484647, -0.7135455638774699, -0.03963515992936051, -0.8303124380122244, -0.6138368293826706, 3.4191555350990868, -4.259335983493836, -0.13814387716151227, 0.6879269247269795, -1.7296871151378095, 1.0629323337595538, -0.09653888114080389, -0.361143149137753, 0.6342958773176091, 0.7717863337880335, -1.477399861818756, 1.8591443955861346] 
[-0.896882643816693, -0.418450939048165, -1.3057029907071804, -1.7246011158577637, -0.6322090846973323, -0.15614287431455232, -0.41055476449367667, -0.38243927211438056, -0.5821178495072035, -0.17106287429962697, -0.698884723641958, -0.48240911501240413, 3.8882955554996057, -4.7218414710140975, -0.24830955053167497, 0.5662317096273568, -1.834611326770505, 0.9621224621566403, -0.30396209461194046, -0.13484483421282611, 0.6169603235660156, 0.9064842622138355, -1.150694888650393, 1.5307410196829017] 
[-1.1968521944027737, -0.11848138846208434, -1.605672541293261, -2.0245706664438443, -0.9321786352834129, -0.456112424900633, -0.7105243150797573, -0.0824697215282999, -0.2821482989211228, 0.1289066762864537, -0.9988542742280386, -0.7823786655984848, 2.807813871021124, -3.628636699710368, -0.5765413561683652, 0.8946595023037464, -2.1831574052570666, 1.185999062259743, 0.08657875122421516, -0.4528593812473655, 0.18029284211034857, 1.3592857593716523, -0.5384207694124514, 0.8869031455484052] 
[-1.0024024195151435, -0.3129311633497145, -1.411222766405631, -1.8301208915562142, -0.7377288603957828, -0.2616626500130028, -0.5160745401921272, -0.27691949641593006, -0.47659807380875296, -0.06554309860117646, -0.8044044993404085, -0.976828440486115, 2.9055394148449025, -3.5239984258250994, -0.22928917462110326, 1.2455486034234164, -1.8953542896231488, 1.4606874639849194, 0.1403604536746675, -0.3054901005481686, 0.4419968691467112, 1.0827577057880244, -0.6890281792536019, 0.7815250481580243] 
[-1.1595500360441209, -0.47007877987869184, -1.5683703829346083, -1.6729732750272368, -0.5805812438668054, -0.10451503348402547, -0.3589269236631498, -0.4340671129449074, -0.3194504572797756, 0.09160451792780089, -0.6472568828114311, -0.8196808239571376, 3.0004241830220364, -3.446348255428635, -0.0995830339736597, 1.1401124923934023, -2.075452888731995, 1.2510055201405088, 0.2756725798273757, -0.18172709952639793, 0.30636420946243514, 0.9745109463091238, -0.4208865389533477, 0.5164990171628725] 
[-1.1931611058755651, -0.5036898497101361, -1.534759313103164, -1.706584344858681, -0.6141923136982497, -0.1381261033154697, -0.39253799349459406, -0.40045604311346317, -0.2858393874483314, 0.12521558775924513, -0.6136458129799869, -0.7860697541256934, 3.01888030743142, -3.4278032809805796, -0.1365579585787804, 1.1032103734343848, -2.110777533273414, 1.218871025131066, 0.23352680598366793, -0.14651961753786208, 0.33782640843201417, 0.9356948024243834, -0.3671704638610068, 0.4608753716184195] 
[-1.1400055776970364, -0.45053432153160733, -1.4816037849246353, -1.7597398730372098, -0.6673478418767784, -0.19128163149399846, -0.3393824653160653, -0.4536115712919919, -0.23268385926980262, 0.07206005958071637, -0.5604902848014581, -0.8392252823042221, 2.988651477952704, -3.455965386456909, -0.19647780380431523, 1.0445948068554956, -2.1669720977370126, 1.1574114294734914, 0.2716343019643184, -0.08507856189734975, 0.27537425510232233, 0.8893643021113715, -0.46173950874341807, 0.5522112048301888] 
[-1.1691242482584174, -0.4796529920929884, -1.5107224554860164, -1.7888585435985909, -0.6382291713153974, -0.1621629609326174, -0.31026379475468424, -0.482730241853373, -0.2618025298311837, 0.10117873014209744, -0.5896089553628392, -0.8683439528656032, 3.0032699709602775, -3.4382382972520102, -0.23141410999357043, 1.011754754763634, -2.19843544437164, 1.1170916302803973, 0.3256806515922519, -0.1506040996516091, 0.32643108378035085, 0.9106892847445274, -0.4152026410750779, 0.5066087480064108] 
[-1.161381938123669, -0.48739530222773686, -1.502980145351268, -1.7966008537333393, -0.6459714814501458, -0.16990527106736586, -0.3180061048894327, -0.4749879317186245, -0.2540602196964352, 0.09343642000734897, -0.5818666452280907, -0.8760862630003516, 3.0457381032359736, -3.480766039273029, -0.221417232380433, 1.0211185920402988, -2.192197491908399, 1.1087303831411224, 0.3371188593783149, -0.1605842609293304, 0.3245229643911798, 0.9037926984988747, -0.41014007394177027, 0.5125416316226084] 
[-0.9145344219433662, -0.2405477860474341, -1.7498276615315707, -1.5497533375530366, -0.8928189976304486, -0.4167527872476686, -0.07115858870912994, -0.7218354478989273, -0.007212703516132457, -0.1534110961729538, -0.8287141614083935, -1.1229337791806544, 4.358204780274409, -4.79547941841214, 0.10057209204816378, 1.3176902473074312, -1.93004252423938, 1.3417082963432074, 0.7167915048926916, -0.7542755557730392, 0.9019762773154839, 0.5398710947130834, -0.2586252268745266, 0.7063151990229332] 
[-1.0395081168509366, -0.3655214809550045, -1.6248539666240003, -1.674727032460607, -0.7678453027228782, -0.29177909234009825, -0.19613228361670032, -0.8468091428064977, -0.13218639842370283, -0.02843740126538341, -0.9536878563159639, -1.2479074740882248, 4.9072246771693075, -5.346570234817294, -0.04099124166253271, 1.433282007324393, -2.0395511110165856, 1.1710621954023237, 0.9036153636494294, -1.1361274118706488, 1.2778997706503765, 0.6742360921766432, -0.3690402582329933, 0.6161696188360569] 
[-0.7797174141089878, -0.6253121836969533, -1.3650632638820515, -1.4149363297186581, -1.027636005464827, -0.031988389598149425, -0.45592298635864914, -0.5870184400645488, 0.127604304318246, 0.2313533014765654, -0.693897153574015, -0.988116771346276, 5.057575977024852, -5.210654263766815, -0.32838037861206626, 1.1342768453191399, -2.3346805889198032, 0.8265059168388859, 1.2208843084683476, -1.0353550835417318, 1.4423644553635335, 0.9254618947142932, -0.7238737181941222, 0.9677476070822368] 
[-0.7974600132322296, -0.6075695845737115, -1.3473206647588096, -1.3971937305954163, -1.0098934063415852, -0.049730988721391256, -0.4381803872354073, -0.6047610391877907, 0.14534690344148782, 0.21361070235332358, -0.6761545544507732, -0.9703741722230341, 5.097935924116605, -5.25033087853427, -0.3409972923072402, 1.1200576961907303, -2.3535582516064997, 0.8462179432191377, 1.2571283077550228, -1.0866490530532904, 1.4834616636878835, 0.9065856869399297, -0.7545992444310036, 0.9960148739824035] 
[-0.5972289894994036, -0.4073385608408855, -1.5475516884916356, -1.5974247543282423, -1.2101244300744112, -0.24996201245421723, -0.23794936350258133, -0.8049920629206166, 0.3455779271743138, 0.013379678620497604, -0.8763855781835992, -0.7701431484902082, 5.237477193548499, -5.14703298651109, -0.17183735943676476, 1.2787216025945076, -2.19705065771913, 1.0194024467049347, 1.431827544481798, -1.0253054836634186, 1.6365489408975977, 0.7700854055813824, -0.4740134843834959, 0.6988318477834764] 
[-0.6011534514404966, -0.41126302278197846, -1.5436272265505426, -1.6013492162693352, -1.2061999681333182, -0.24603755051312426, -0.2418738254436743, -0.8010676009795237, 0.34950238911540676, 0.017304140561590575, -0.8724611162425062, -0.7662186865491152, 5.234867615282941, -5.149579529400304, -0.1758415101588015, 1.2746676926520837, -2.193198458305057, 1.0150316429775386, 1.4381847572575914, -1.0383312540463805, 1.6488308040805786, 0.7691147088173828, -0.4652737716467732, 0.6900870951438843] 
[-0.6224398338193078, -0.43254940516078966, -1.5223408441717314, -1.580062833890524, -1.2274863505121294, -0.22475116813431306, -0.2631602078224855, -0.8223539833583349, 0.32821600673659557, 0.03859052294040177, -0.8937474986213174, -0.744932304170304, 5.249024577853127, -5.135827664559986, -0.1540593988294185, 1.296778381721426, -2.2153645050378574, 0.9909864071368578, 1.4636270204057296, -1.0514960403995177, 1.6301528308142503, 0.7438702629835431, -0.4181614664742985, 0.6428047497617546] 
[-0.4101922759924408, -0.22030184733392266, -1.3100932863448644, -1.367815276063657, -1.0152387926852624, -0.012503610307446067, -0.05091264999561851, -1.0346015411852019, 0.5404635645634626, -0.17365703488646522, -1.1059950564481844, -0.532684746343437, 5.107712533781978, -5.26983941049554, -0.36235582188232074, 1.5039005744493275, -2.00834913303268, 0.7728619070252902, 1.56907185263869, -0.341037409398801, 0.8591132334365609, 0.36540537666286105, -0.2960742546079433, 0.78515065586765] 
[-0.6612876078129597, 0.030793484486596245, -1.5611886181653833, -1.618910607884176, -0.7641434608647435, -0.263598942127965, -0.3020079818161374, -0.783506209364683, 0.28936823274294365, 0.07743829693405369, -0.8548997246276655, -0.2815894145229181, 4.703662508559303, -4.876788844470345, -0.06654461802959633, 1.1618248304338024, -1.747336563213804, 0.9809223453765956, 1.3161346422950055, -0.3228959328171893, 0.5023220822762515, 0.00874819733455584, -0.09751356238967962, 0.8856427926018644] 
[-0.763205475878924, -0.07112438357936801, -1.459270750099419, -1.7208284759501402, -0.8660613289307078, -0.36551681019392923, -0.4039258498821017, -0.6815883412987187, 0.3912861008089079, 0.17935616500001794, -0.7529818565617012, -0.17967154645695382, 4.96761304000621, -5.140753446717637, -0.1638167282631458, 1.2597510124849909, -1.8460971605880063, 1.1003085576303397, 1.2012058492593694, -0.36433846729671576, 0.4448837527317621, 0.09664617950067343, -0.14772678121889132, 0.820009841562142] 
[-1.187927959616041, -0.4958468673164851, -1.8839932338365362, -2.1455509596872573, -0.4413388451935907, 0.05920567354318784, 0.0207966338550154, -0.25686585756160163, -0.03343638292820916, -0.24536631873709913, -0.3282593728245842, -0.6043940301940709, 3.5969771516811697, -3.768857800019209, -0.5362130286426682, 1.6658297184641775, -2.3585464190041927, 0.5475873476620022, 1.546422237267757, 0.3274319065798556, -0.23751784520059832, 0.4836921057806378, 1.1918211448214342, -0.4915161681276303] 
[-1.0648581802626191, -0.618916646669907, -2.007063013189958, -2.268620739040679, -0.5644086245470126, -0.06386410581023405, 0.1438664132084373, -0.13379607820817974, 0.08963339642521273, -0.368436098090521, -0.45132915217800607, -0.7274638095474928, 4.23821631920311, -4.403960542135303, -0.3327341154557314, 1.9190497710776153, -2.1977879840728947, 0.45475484757401274, 1.4150469246807789, 0.16108041227411243, -0.07740976302828445, 0.6491834428676486, 0.9853778311676494, -0.3153209506901543] 
[-1.124247024203446, -0.5595278027290802, -1.9476741692491313, -2.2092318950998524, -0.5050197806061858, -0.0044752618694072765, 0.08447756926761052, -0.1931849221490065, 0.1490222403660395, -0.30904725414969425, -0.3919403082371793, -0.7868526534883196, 4.048742569315453, -4.221376553831895, -0.43204290463515166, 1.789160578303685, -2.2833029439026875, 0.4821797969988097, 1.4643547545185738, 0.10030823790130644, -0.013715061614752819, 0.6046568130844924, 0.955665759693654, -0.3656805148549366] 
[-0.7297206367119893, -0.9540541902205368, -2.342200556740588, -2.603758282591309, -0.11049339311472917, 0.39005112562204936, 0.47900395675906715, -0.5877113096404631, -0.24550414712541713, 0.08547913334176238, 0.0025860792542773403, -0.39232626599686293, 4.3838176849346535, -4.143601644200175, -1.150636850686492, 1.08512089131339, -2.1752360955712273, 0.12020122760480667, 1.1083969646916272, 0.5490151501904652, -0.45591784307463606, 0.8727303446990822, 1.1897626505775045, -0.03130095381372666] 
[-0.8955557665496139, -0.7882190603829122, -2.1763654269029633, -2.4379231527536844, 0.05534173672289544, 0.555886255459674, 0.6448390865966918, -0.42187617980283854, -0.41133927696304173, -0.08035599649586223, 0.16842120909190195, -0.22649113615923833, 4.115189194500892, -3.877010307709991, -1.1572957494487597, 1.2147703714376634, -2.270500371893058, 0.4005074150133692, 1.4745892468217736, 0.8487924143034216, -0.46437010408950147, 1.0275643520018014, 1.0363543703171452, -0.19750132838484374] 
[-0.741835278554551, -0.9419395483779751, -2.0226449389079004, -2.2842026647586215, -0.09837875127216744, 0.7096067434547368, 0.7985595745917546, -0.5755966677979014, -0.25761878896797885, 0.07336449149920066, 0.32214169708696483, -0.07277064816417544, 4.541828473400009, -4.372885745414615, -1.5827343048325522, 0.8831060285784502, -2.243006231611745, 0.5194281164385239, 1.3942856978158167, 0.8989014166886471, -0.2436487642438665, 0.8019582023890481, 0.9209673337236317, -0.06256791657966068] 
[-0.6739457215262776, -1.0098291054062485, -1.954755381879627, -2.352092221786895, -0.16626830830044081, 0.7774963004830102, 0.7306700175634813, -0.6434862248261748, -0.18972923193970548, 0.14125404852747403, 0.25425214005869146, -0.14066020519244882, 4.500261736388612, -4.439118907019191, -1.6398312164756847, 0.9640581045427676, -2.1430668813929543, 0.6312494435235154, 1.4806213857705885, 0.8283942332576836, -0.12935788753167102, 0.7057534035250416, 0.8621565528578089, -0.01319855138973805] 
[-1.1091325780012662, -1.445015961881237, -2.3899422383546156, -2.7872790782618835, -0.6014551647754294, 0.34230944400802166, 0.2954831610884927, -0.20829936835118623, -0.624916088414694, -0.29393280794751453, -0.1809347164162971, 0.29452665128253974, 5.132856557846265, -5.0337020515406055, -1.435535617458911, 0.7235825499599149, -1.6712802859023743, 1.8312863606992673, 2.889075858008269, 1.7613467674643637, -0.0424270228018474, 0.2964946692031517, 1.1529585308622392, -0.3766860898471015] 
[-1.1094519927524837, -1.4446965471300195, -2.390261653105833, -2.787598493013101, -0.6017745795266469, 0.3419900292568041, 0.29516374633727516, -0.20861878310240378, -0.6245966736634765, -0.293613393196297, -0.18125413116751465, 0.2948460660337573, 5.132561263303351, -5.033916804537419, -1.4353141664371443, 0.7232261860912563, -1.6715422206833932, 1.8315503208442834, 2.889360971836959, 1.7609585525781346, -0.0415213071606607, 0.2955381519797037, 1.1535682314601894, -0.377105992454236] 
[-0.918851387568794, -1.2540959419463298, -2.1996610479221435, -2.9781990981967907, -0.4111739743429572, 0.5325906344404938, 0.48576435152096487, -0.018018177918714073, -0.8151972788471662, -0.4842139983799867, -0.37185473635120436, 0.10424546085006758, 4.955075224608651, -5.150368946655287, -1.2674924643165133, 0.9070570868615837, -1.7686762354138528, 1.9416515091993427, 2.7687245746294216, 1.9132961460486009, -0.004695771091601825, 0.5316343264124934, 0.8692274790338347, -0.13955993292842006] 
[-1.1509140707576977, -1.4861586251352334, -2.431723731111047, -3.2102617813856944, -0.17911129115405355, 0.7646533176293975, 0.2537016683320612, 0.2140445052701896, -0.5831345956582625, -0.252151315191083, -0.1397920531623007, -0.12781722233883608, 4.807539072866687, -5.4918081753575905, -1.697689713833907, 0.5757243771307032, -1.6816402737669154, 1.6003166073954012, 2.4314039010897166, 2.00091495346687, 0.799773905403081, -0.3585691883521972, 1.3399657815338628, -0.05805286663799916] 
[-1.5419730512979273, -1.0950996445950039, -2.8227827116512767, -2.819202800845465, -0.5701702716942831, 0.3735943370891679, -0.13735731220816838, -0.17701447527004, -0.9741935761984921, -0.6432102957313126, -0.5308510337025303, 0.2632417582013935, 4.457319277695474, -6.020857217679663, -2.2333513817489763, 0.9102043397119611, -1.1517269822813572, 2.8164809830077986, 3.5796183843073037, 1.747838488132771, 0.41969138186649185, -0.46299657768580244, 0.9104133576083975, 0.3904932730820624] 
[-1.9158671736206445, -0.7212055222722866, -3.196676833973994, -3.193096923168182, -0.1962761493715659, 0.7474884594118851, -0.5112514345308856, 0.19687964705267724, -1.3480876985212094, -1.0171044180540298, -0.9047451560252475, 0.6371358805241107, 5.15213838750727, -6.721922423674661, -2.6076169845600137, 1.0327528311384655, -1.9429294496151863, 1.8758646072287384, 2.956643378145104, 1.4515334360611216, 0.4256844280304695, 0.14618050506395358, 0.0873170599266121, 1.0863391311488528] 
[-2.2018375984348717, -1.0071759470865138, -3.482647258788221, -3.4790673479824092, -0.4822465741857931, 0.46151803459765794, -0.22528100971665843, 0.48285007186690443, -1.0621172737069822, -0.7311339932398027, -0.6187747312110203, 0.35116545570988356, 5.10212047552911, -7.055783153391935, -2.2343660287432714, 0.7221642935181538, -1.7603412976274293, 1.0424568826836031, 1.970356448055897, 2.064487739454909, -0.10742508352033292, 0.6834949101931749, 0.2318398349639782, 1.3242806628485855] 
[-2.0489925303174674, -1.160021015203918, -3.329802190670817, -3.326222279865005, -0.3294015060683888, 0.30867296648025366, -0.3781260778340627, 0.6356951399843087, -0.9092722055895779, -0.5782889251223984, -0.7716197993284246, 0.19832038759247927, 5.348904438268322, -7.273556523083326, -2.322715363828856, 0.9466898941529952, -1.965744198438847, 1.066732745229162, 1.8453108416590485, 1.9602554383452107, 0.012629681767021575, 0.7005415352974416, 0.48350807740988905, 1.0693994531101092] 
[-1.9852896054077975, -1.0963180902942482, -3.3935051155804867, -3.262519354955335, -0.3931044309780587, 0.37237589138992355, -0.3144231529243928, 0.6993980648939786, -0.9729751304992478, -0.6419918500320683, -0.7079168744187547, 0.26202331250214916, 5.318254508563373, -7.366787750246247, -2.225249158931406, 1.0130824673682035, -2.02345400368928, 1.1239125742576188, 1.8863362417551366, 2.0943550534671544, 0.2545561922016335, 0.450831236693815, 0.72190963444644, 0.8692186311461532] 
[-1.8588519397273773, -0.969880424613828, -3.2670674499000665, -3.3889570206357553, -0.26666676529763844, 0.4988135570703438, -0.4408608186048131, 0.8258357305743989, -1.099412796179668, -0.515554184351648, -0.5814792087383345, 0.1355856468217289, 5.212653933237904, -7.41661501791437, -2.31878273827304, 0.8749324861804229, -1.8169371184830547, 1.3079074900626548, 1.837553855543207, 2.0088442084544886, 0.34212356792799287, 0.4693983623365454, 0.9699545229736309, 0.6180107582875272] 
[-1.7804689519077117, -0.8914974367941624, -3.188684462080401, -3.467340008455421, -0.18828377747797287, 0.5771965448900094, -0.3624778307851475, 0.9042187183940644, -1.1777957839993336, -0.43717119653198244, -0.5030962209186689, 0.05720265900206334, 5.405991492315899, -7.628668155921331, -2.194636808162792, 0.92646047751817, -1.7386820318433127, 1.3611560606794486, 1.7352609636759513, 2.1904421345409997, 0.5979224661505651, 0.236115648288284, 1.0794079075920855, 0.6445695568100525] 
[-2.0903488618777724, -0.5816175268241017, -3.4985643720504616, -3.1574600984853602, -0.4981636874480335, 0.2673166349199487, -0.05259792081508685, 1.214098628364125, -1.4876756939693943, -0.7470511065020431, -0.19321631094860825, -0.2526772509679973, 5.166492721238939, -7.743204289052379, -2.4924591192923815, 1.1573492972781494, -1.4605537887313034, 1.635381050640889, 1.5816596420463191, 2.087917411695297, 1.2344423364297294, -0.4508983568385022, 1.4156944782344187, 0.8078009126093607] 
[-2.4225299825879185, -0.24943640611395557, -3.1663832513403154, -2.825278977775214, -0.16598256673788736, 0.5994977556300949, -0.384779041525233, 0.8819175076539789, -1.8198568146795404, -0.41486998579189693, -0.5253974316587544, 0.07950386974214885, 4.01633796366607, -6.615452935137647, -2.34121466486814, 0.7898902564374299, -2.1402946432245806, 0.8706886458067574, 1.0668262802223465, 2.3961752182893186, 0.8091849001792621, 0.007469564719937316, 1.0975283579182185, 0.5190202301623568] 
[-2.484138113514949, -0.3110445370409862, -3.1047751204132847, -2.8868871087022447, -0.1043744358108567, 0.6611058865571255, -0.44638717245226367, 0.8203093767269483, -1.881464945606571, -0.4764781167189276, -0.46378930073172375, 0.1411120006691795, 4.039601446366017, -6.555379352321296, -2.4129191132821046, 0.7435277250674233, -2.0959228505782646, 0.8474158584452939, 1.1299977229397917, 2.32730498907177, 0.7798015455110049, -0.028142809384528136, 1.2072325608643841, 0.407215924903886] 
[-2.6959263092522336, -0.09925634130370176, -3.316563316150569, -3.098675304439529, 0.10741375992642777, 0.4493176908198411, -0.6581753681895481, 0.6085211809896638, -1.6696767498692866, -0.2646899209816431, -0.2520011049944393, -0.07067619506810496, 4.115121488171264, -6.321153005773285, -2.6870879748603533, 0.5761473615243708, -1.8814605294340163, 1.4077141835247529, 1.7317317687477318, 1.9773529347635783, 0.7714969992103107, -0.258482213382675, 1.0210787872321097, 0.26869086557242544] 
[-2.621614637868867, -0.024944669920335283, -3.3908749875339357, -3.1729869758228957, 0.03310208854306129, 0.3750060194364746, -0.7324870395729146, 0.5342095096062973, -1.5953650784859201, -0.3390015923650096, -0.32631277637780576, 0.00363547631526151, 4.171082210703675, -6.278370680097171, -2.601616543263765, 0.4898971984614762, -1.8135303969180618, 1.4363068751005144, 1.6170924355233698, 2.0881699121224235, 1.1146187254838347, -0.6058676094137341, 0.9140733240426756, 0.3686900403381779] 
[-2.9631852385396167, 0.31662593075041423, -3.732445588204685, -3.514557576493645, 0.3746726892138108, 0.03343541876572509, -0.3909164389021651, 0.8757801102770468, -1.2537944778151706, -0.6805721930357591, 0.015257824292943756, -0.337935124355488, 4.853790104337108, -6.965169228939005, -2.309740739247597, 0.749932515944592, -1.4982608901159575, 2.033932366945496, 2.593489220237718, 1.2065320852728758, 2.959412081631672, -2.448293044110623, 0.4088105403036484, 0.8630051207225818] 
[-2.945389932729495, 0.3344212365605359, -3.7146502823945635, -3.4967622706835235, 0.3924679950239325, 0.015640112955603414, -0.3731211330920434, 0.8579848044669252, -1.235999172005049, -0.6627768872256374, 0.03305313010306543, -0.32013981854536633, 4.873874565261697, -6.97874335425088, -2.2798424896997735, 0.7183753822106101, -1.501732119439063, 2.0179694959635377, 2.6160900978164943, 1.1849446087680542, 2.9671810936749354, -2.4371964829038886, 0.4242324050585724, 0.8453823460401768] 
[-2.820320399943239, 0.4594907693467918, -3.8397198151808194, -3.3716927378972676, 0.5175375278101884, -0.10942941983065246, -0.24805160030578755, 0.983054337253181, -1.3610687047913048, -0.5377073544393816, -0.09201640268319045, -0.19507028575911045, 4.76800517107088, -7.083008986369826, -2.2750053326370114, 0.9100221932980236, -1.7569372817859263, 2.2366108247421344, 2.769675828344329, 1.0776506978017488, 3.202126237577544, -2.7138748960918786, 0.6084144627386658, 0.9750061491036226] 
[-3.3815158113050865, -0.10170464201505558, -3.278524403818972, -2.8104973265354203, -0.043657883551659005, -0.6706248311924998, 0.3131438110560598, 0.42185892589133367, -1.9222641161531522, -1.098902765801229, 0.4691790086786569, 0.3661251256027369, 5.767482041113424, -8.631589570092407, -4.460534845507967, 2.915880476430975, -3.1975458414545894, 3.4371703560263454, 3.317795432387042, 0.3580203764593841, 2.7004232015167404, -3.1010728537912002, 1.1706427896393001, 1.4926720166533265] 
[-3.386928174388374, -0.10711700509834321, -3.2731120407356844, -2.8050849634521327, -0.049070246634946635, -0.6760371942757875, 0.31855617413934745, 0.41644656280804604, -1.9168517530698646, -1.0934904027179413, 0.4637666455953693, 0.37153748868602454, 5.7629924108916315, -8.627686301666241, -4.455951890626024, 2.919369460200991, -3.2016947381788436, 3.441529645443895, 3.319351102933077, 0.3521991901030325, 2.70602564279376, -3.099556018500287, 1.1643757669144137, 1.4860569197998903] 
[-3.3941191914999616, -0.11430802220993064, -3.265921023624097, -2.81227598056372, -0.04187922952335921, -0.6688461771642, 0.31136515702776, 0.4092555456964586, -1.9096607359582771, -1.0862993856063539, 0.45657562848378186, 0.37872850579761197, 5.753698588352266, -8.636393941004037, -4.463030029970849, 2.9257265149844094, -3.206909988022416, 3.438687356650623, 3.3117066250015066, 0.342619503566596, 2.711249303152975, -3.0914197084784334, 1.1755455603923937, 1.4953866468658548] 
[-2.8670748009614035, 0.41273636832862737, -2.738876633085539, -2.285231590025162, -0.5689236200619172, -1.195890567702758, -0.21567923351079799, 0.9362999362350166, -2.436705126496835, -0.5592549950677959, 0.9836200190223399, 0.90577289633617, 5.033184387581945, -9.415820769636042, -3.7920160042342985, 2.423466934721697, -2.8856226537360126, 1.9997737096994492, 4.8748413416768255, 1.1929293739616011, 2.881260640617462, -2.4711597976688062, 1.7880970431490328, 1.0852126246462064] 
[-2.960303685142189, 0.5059652525094127, -2.6456477489047536, -2.1920027058443767, -0.47569473588113187, -1.1026616835219727, -0.30890811769158333, 0.8430710520542313, -2.34347624231605, -0.4660261108870105, 1.0768489032031252, 0.9990017805169553, 4.923088411845734, -9.347895712597564, -3.940217767334191, 2.087181747946757, -3.241181834235935, 1.493631739848996, 5.354021380225067, 1.2285091759504707, 2.940318885421378, -2.4316896272606563, 1.6338611279550663, 0.9248206367576346] 
[-3.129071945358482, 0.6747335127257057, -2.8144160091210466, -2.0232344456280837, -0.3069264756648389, -0.9338934233056797, -0.4776763779078763, 1.0118393122705243, -2.174707982099757, -0.2972578506707175, 1.2456171634194182, 0.8302335203006623, 4.698930769952361, -8.996679939537506, -3.5893834876326096, 2.2308705865610468, -2.883420498659894, 2.3054509589703738, 4.560108019373503, 1.3555083977574667, 3.170326271711719, -2.7238203029259234, 1.4624260586001874, 1.020617681803519] 
[-3.3167122619725253, 0.48709319611166224, -2.626775692507003, -1.8355941290140403, -0.11928615905079543, -0.7462531066916362, -0.29003606129383286, 0.8241989956564808, -2.3623482987138003, -0.10961753405667407, 1.0579768468053747, 1.0178738369147058, 4.507536844878055, -8.612751075387006, -3.2607011764628626, 1.446459356516855, -3.662888411897195, 2.878533446102304, 3.9038097967309926, 1.8978137702872422, 2.5633530076231446, -2.2746409963324794, 1.616988502912537, 0.9274621611287212] 
[-2.9782483101007022, 0.14862924423983914, -2.28831174063518, -1.4971301771422172, -0.4577501109226185, -0.40778915481981315, -0.628500013165656, 0.4857350437846577, -2.023884346841977, -0.44808148592849717, 0.7195128949335516, 0.6794098850428827, 4.965420455186654, -7.837112123305125, -2.3466569431324364, 3.7685303446483855, -1.4094734545877903, 1.9237417214506392, 4.93778275172993, 1.3452868139373084, 2.6964678965968525, -2.685894484323468, 1.3645455387838836, 1.15109647640157] 
[-2.994346439448651, 0.1325311148918904, -2.304409869983129, -1.513228306490166, -0.4416519815746698, -0.4238872841677619, -0.6124018838177072, 0.5018331731326064, -2.0077862174940284, -0.4319833565805484, 0.7356110242815004, 0.663311755694934, 4.94647507723277, -7.819408222718775, -2.361657801196126, 3.779535687237754, -1.4195299380487176, 1.938208246357755, 4.944495984308941, 1.3562273447376842, 2.7082844160336155, -2.682443510311658, 1.3352454829998766, 1.1214597452256738] 
[-2.921381015260084, 0.059565690703323515, -2.3773752941716957, -1.440262882301599, -0.3686865573861029, -0.4968527083563288, -0.5394364596291403, 0.5747985973211733, -2.0807516416825953, -0.35901793239198154, 0.6626456000929335, 0.5903463315063671, 4.8837789060864685, -7.890022173268396, -2.438969147452566, 3.736235506071994, -1.375859779287567, 2.07777485535785, 4.722387248951331, 1.5884606554982597, 2.3646685703668764, -2.360873929818812, 1.3408547727971087, 1.1971186303158183] 
[-2.858460413030886, -0.0033549115258746376, -2.440295896400894, -1.5031834845307972, -0.43160715961530105, -0.5597733105855269, -0.6023570618583385, 0.5118779950919752, -2.1436722439117935, -0.4219385346211797, 0.5997249978637353, 0.6532669337355652, 4.8038586513953145, -7.812059552733868, -2.495825852421455, 3.7051570316234077, -1.3358255519435271, 2.1295676140651505, 4.747229000485526, 1.6368014433802396, 2.3873529731585075, -2.318254243649425, 1.3057715055539991, 1.2432520725648804] 
[-3.1506362038248055, -0.29553070231979417, -2.1481201056069743, -1.7953592753247167, -0.7237829504092206, -0.8519491013794465, -0.894532852652258, 0.8040537858858947, -2.435848034705713, -0.12976274382726016, 0.3075492070698158, 0.9454427245294847, 5.03202087866303, -7.582918364395711, -2.7824745117834446, 3.565424438963545, -1.133692985126436, 1.849743004610377, 4.7039691722807175, 1.307804859008597, 2.63842272048732, -2.1490649993754594, 1.5503787230921668, 1.0510949017761844] 
[-3.189969922020473, -0.2561969841241267, -2.108786387411307, -1.7560255571290493, -0.6844492322135531, -0.812615383183779, -0.9338665708479255, 0.7647200676902273, -2.3965143165100455, -0.1690964620229276, 0.26821548887414837, 0.9847764427251522, 5.071772865486546, -7.534571287729923, -2.837015950937692, 3.5232796171697336, -1.1163246834092908, 1.7965785834954884, 4.747935426429024, 1.3474629204726065, 2.59181312510816, -2.163250689085671, 1.596723582203235, 1.0985723279494308] 
[-3.0961160356795814, -0.1623430977832352, -2.2026402737521984, -1.8498794434699408, -0.5905953458726616, -0.7187614968428875, -1.027720457188817, 0.6708661813493357, -2.302660430169154, -0.26295034836381914, 0.3620693752150399, 1.0786303290660437, 5.16978514341568, -7.445678806383652, -2.763409156837665, 3.466295590053726, -1.050696954853206, 1.7217585727121731, 4.70674956832668, 1.2781780797930928, 2.564913928302322, -2.2586024573612664, 1.4754046976541249, 0.9871910361968962] 
[-3.1280789877606727, -0.19430604986432654, -2.2346032258332897, -1.8818423955510322, -0.622558297953753, -0.7507244489239788, -0.9957575051077256, 0.6389032292682444, -2.2706974780880627, -0.2309873962827278, 0.39403232729613125, 1.110593281147135, 5.203345801780123, -7.481291660738833, -2.7409245767565613, 3.407606059274532, -1.117827350476695, 1.6568898602129412, 4.7957539734395365, 1.201483741741618, 2.5640335342478178, -2.2845809403613404, 1.5091964259454882, 1.0246155371211163] 
[-3.043415551229752, -0.10964261333340586, -2.3192666623642104, -1.7971789590201115, -0.7072217344846736, -0.8353878854548995, -0.911094068576805, 0.5542397927373237, -2.186034041557142, -0.14632395975180712, 0.30936889076521057, 1.0259298446162144, 5.288946433377669, -7.5519755617352065, -2.8679873954652013, 3.1928011429740475, -1.3278698810667964, 1.4804645186663916, 5.009264296876457, 1.0478563370859553, 2.390731137532658, -2.08259243285184, 1.610091481713542, 0.9566986175893404] 
[-3.1004464996973864, -0.1666735618010402, -2.3762976108318448, -1.8542099074877458, -0.764252682952308, -0.7783569369872652, -0.9681250170444393, 0.49720884426968937, -2.2430649900247763, -0.20335490821944147, 0.3663998392328449, 0.96889889614858, 5.226308036218266, -7.494422466991503, -2.7926793466245114, 3.3306930836666235, -1.1918880410559751, 1.5769311963250816, 4.933627486996589, 1.0151958056508887, 2.4429630987973203, -2.0667557877028395, 1.5438111420761222, 0.8893202986730502] 
[-3.1066057332300288, -0.16051432826839784, -2.3701383772992024, -1.8480506739551035, -0.7704119164849503, -0.7845161705199075, -0.9742842505770817, 0.491049610737047, -2.236905756492134, -0.20951414175208383, 0.3725590727654873, 0.9627396626159377, 5.232686729413637, -7.499832607165853, -2.8011100461777314, 3.315417046578528, -1.2069051139154494, 1.5680616807397727, 4.935858832415054, 1.0038645030052533, 2.466847707370379, -2.0902410745639135, 1.5332538821965647, 0.8810636777569486] 
[-3.2359615111887257, -0.28987010622709475, -2.2407825993405055, -1.9774064519138004, -0.8997676944436472, -0.9138719484786044, -1.1036400285357786, 0.6204053886957439, -2.366261534450831, -0.08015836379338692, 0.5019148507241842, 1.0920954405746346, 5.367089329653511, -7.645989687282415, -2.6949140724998375, 3.103627277755037, -1.4139291229499882, 1.76914819677649, 4.5859351928082805, 1.3201351442504645, 2.428714814364179, -1.9196070544098829, 1.6620531272780548, 0.777905195974473] 
[-3.421238325312177, -0.47514692035054606, -2.055505785217054, -1.792129637790349, -0.7144908803201959, -1.0991487626020557, -1.28891684265923, 0.8056822028191952, -2.551538348574282, 0.1051184503300644, 0.31663803660073286, 0.9068186264511833, 5.533695528289062, -7.852756982515169, -2.488155819727894, 3.0529497165075212, -1.2075837129090854, 1.9755404094324027, 4.666733253080917, 1.452478292543059, 2.5201032206584304, -1.7978102374337734, 1.4306642776757013, 0.5415150091246016] 
[-3.5017617020210094, -0.3946235436417136, -1.9749824085082217, -1.7116062610815166, -0.7950142570290284, -1.0186253858932233, -1.3694402193680624, 0.8862055795280277, -2.4710149718654497, 0.024595073621231922, 0.2361146598919004, 0.8262952497423508, 5.430958779979335, -7.943261387790265, -2.5625154791497895, 2.981283358207446, -1.1443906440270721, 2.0869351151073787, 4.5238759675345985, 1.589711119047957, 2.4389622344936144, -1.855894628873042, 1.53517144509506, 0.6419810798993454] 
[-3.345033515077488, -0.5513517305852349, -2.131710595451743, -1.868334448025038, -0.6382860700855071, -0.861897198949702, -1.5261684063115837, 0.7294773925845064, -2.627743158808971, -0.13213311332228939, 0.07938647294837908, 0.6695670627988295, 5.657437975895827, -7.728870458420941, -2.44928867470016, 2.8707555111441767, -1.024418930425615, 1.9609916452390639, 4.318576649614969, 1.7853729345201275, 2.667879101678667, -2.100106731813921, 1.4045741784324002, 0.7780145541788339] 
[-3.5775764360007463, -0.3188088096619768, -2.364253516375001, -1.6357915271017798, -0.40574314916224896, -1.09444011987296, -1.7587113272348418, 0.9620203135077645, -2.395200237885713, -0.3646760342455475, 0.3119293938716372, 0.43702414187557137, 5.479499791549974, -7.411588308379178, -2.871994149239466, 2.3809618210921273, -1.4353958447260733, 2.1511618009026754, 4.158241804334876, 1.6257770490361265, 2.8529218237505383, -1.957967559089059, 1.201851649183764, 0.9980619035683564] 
[-3.822816824997296, -0.07356842066542724, -2.6094939053715507, -1.8810319160983293, -0.16050276016569942, -0.8491997308764105, -1.5134709382382923, 1.207260702504314, -2.6404406268822624, -0.609916423242097, 0.06668900487508767, 0.6822645308721209, 5.6765999365033855, -7.531632112558381, -3.0999063006215755, 2.219559427596496, -1.2920244437786454, 2.4584364580095373, 4.553881953372448, 1.2238895157912713, 2.3664934011957355, -1.4177380174168692, 1.6775171383851557, 1.3668645377705437] 
[-3.817029395349599, -0.0677809910177305, -2.603706475723854, -1.886819345746026, -0.15471533051800268, -0.8549871605241073, -1.5076835085905955, 1.2130481321520108, -2.6346531972345657, -0.6157038528897938, 0.060901575227390925, 0.6880519605198177, 5.679562967830366, -7.536129268390906, -3.08830872690441, 2.255741729094212, -1.2567140901161753, 2.4650495587558083, 4.561238085565369, 1.216002703156475, 2.3744638942380574, -1.4306826562814747, 1.6654649763724767, 1.3721409992232627] 
[-3.5747051505453618, 0.1745432537865068, -2.8460307205280913, -2.1291435905502634, 0.08760891428623463, -1.0973114053283446, -1.2653592637863582, 1.455372376956248, -2.876977442038803, -0.3733796080855565, -0.18142266957684638, 0.44572771571558034, 5.047025349297906, -8.161669180911042, -3.338624749372737, 2.026684505956424, -1.190959829886506, 2.7249484038527045, 4.231437257219449, 1.544154650255475, 2.177087250434128, -1.876657175883081, 1.2070115155265893, 1.5968685693445925] 
[-3.8808559762425174, 0.4806940794836625, -3.152181546225247, -2.435294416247419, -0.21854191141092105, -0.7911605796311889, -1.571510089483514, 1.1492215512590924, -2.5708266163416473, -0.6795304337827122, 0.1247281561203093, 0.751878541412736, 4.856644519577388, -7.881572139726247, -2.9895625337291487, 2.031132358891494, -0.8723038753954078, 2.30340904516294, 4.638986618754934, 1.7634674143807096, 2.4074835878589593, -1.4300966251735203, 1.6311397132009704, 1.8387284880120842] 
[-4.149497743817938, 0.2120523119082418, -3.4208233138006676, -2.7039361838228397, 0.050099856164499634, -1.0598023472066096, -1.8401518570589346, 1.417863318834513, -2.3021848487662266, -0.4108886662072915, 0.39336992369573, 0.48323677383731534, 4.20570196449478, -8.521522657318943, -2.9381727193302978, 1.83474163960104, -0.7576827858971876, 2.0481615686199985, 4.847421121217937, 1.972317373314586, 2.7166915195611825, -1.6653204584366528, 1.796170742556729, 2.1190349748820743] 
[-4.126942947503362, 0.23460710822281827, -3.443378110115244, -2.6813813875082633, 0.0726546524790761, -1.082357143521186, -1.8175970607443581, 1.4404181151490896, -2.324739645080803, -0.43344346252186794, 0.41592472001030645, 0.4606819775227389, 4.066829529022432, -8.662211446051346, -2.9689063534567293, 1.8060168262558103, -0.7912801254548781, 2.0190694379163854, 4.8160069837401895, 2.0017691208247825, 2.7431115807698556, -1.6527336350412831, 1.7668613464043783, 2.0873601910050508] 
[-4.187659482428741, 0.29532364314819803, -3.504094645040624, -2.742097922433643, 0.13337118740445586, -1.0216406085958063, -1.8783135956697379, 1.3797015802237098, -2.385456180006183, -0.4941599974472477, 0.4766412549356862, 0.3999654425973591, 4.058525736967324, -8.597554926638722, -2.8818973562515127, 1.735120596179506, -0.7620655631754637, 2.0687639839638945, 4.768925369748027, 1.9520324959195285, 2.792533370732116, -1.6172978946483711, 1.6868952072570846, 2.000379025064797] 
[-4.242705278912353, 0.35036943963180933, -3.4490488485570125, -2.6870521259500317, 0.07832539092084456, -1.0766864050794176, -1.9333593921533492, 1.3246557837400985, -2.440501976489794, -0.4391142009636364, 0.4215954584520749, 0.4550112390809704, 4.116345304209865, -8.594204929642167, -2.80472170966544, 1.6657773136117526, -0.7348114511372247, 2.112508173596992, 4.731570548776733, 1.8832717197141189, 2.7127706953594375, -1.531433724247749, 1.7575686966999664, 1.9716259882427736] 
[-4.318515390663072, 0.27455932788108983, -3.373238736806293, -2.6112420141993122, 0.15413550267156406, -1.000876293328698, -2.0091695039040687, 1.248845671989379, -2.5163120882405137, -0.5149243127143559, 0.3457853467013554, 0.3792011273302509, 3.572135912954541, -9.153463329182, -2.991479948650673, 1.7759603346194486, -0.7667467734159881, 2.1752301920392503, 4.686105890004871, 1.783122559854437, 2.6014858075418488, -1.4671125662950844, 1.6653992017939239, 1.8651503061034833] 
[-4.414952988445296, 0.37099692566331344, -3.2768011390240694, -2.5148044164170886, 0.05769790488934046, -1.0973138911109217, -2.1056071016862923, 1.1524080742071554, -2.6127496860227373, -0.6113619104965795, 0.2493477489191318, 0.2827635295480273, 4.521645450083619, -8.193706949991729, -2.800358937454334, 1.7891292657881894, -0.863020990531084, 2.2625985178542303, 4.640943106458466, 1.6510166458309328, 2.4708484654721232, -1.5225093804129317, 1.7185942209343976, 1.7832897530637473] 
[-3.780550248179714, 1.0053996659288953, -3.9112038792896513, -3.1492071566826705, -0.5767048353762414, -0.46291115084533985, -2.740009841951874, 1.7868108144727373, -3.247152426288319, 0.023040829769002347, 0.8837504891847137, -0.35163921071755455, 5.226682480357298, -8.11443563185976, -1.9886797293186187, 0.1288211385921736, -2.4888005849713957, 3.5784215375195627, 6.069218078439294, 0.4088100348255921, 1.5254353325918977, -2.645341078715172, 0.3711118376998268, 0.8874098360773051] 
[-3.748474390820589, 0.9733238085697704, -3.943279736648776, -3.1812830140417954, -0.6087806927353663, -0.49498700820446473, -2.7079339845927493, 1.7547349571136124, -3.2150765689291942, -0.009035027590122535, 0.9158263465438385, -0.38371506807667943, 5.2863390166967275, -8.028111076455088, -1.9163915733062178, 0.13367311103988483, -2.4287562503105034, 3.6357954557914782, 6.057621917893887, 0.4183014080929102, 1.5011466812610634, -2.614401797640906, 0.4870664183483369, 1.003624950812043] 
[-3.7457355285422826, 0.9760626708480769, -3.9405408743704697, -3.184021876320102, -0.6060418304570598, -0.4922481459261583, -2.7106728468710557, 1.7574738193919188, -3.2178154312075007, -0.011773889868428977, 0.9130874842655321, -0.3864539303549859, 5.285014644199504, -8.023702229528725, -1.9119563532765536, 0.13462897586328346, -2.4291256400479275, 3.6405507392221907, 6.063849578873288, 0.44502441541714405, 1.5276302777553536, -2.612075204122938, 0.47674465559763984, 0.9932958294885694] 
[-4.016261930761288, 1.2465890730670819, -3.6700144721514647, -3.454548278539107, -0.3355154282380548, -0.7627745481451633, -2.9811992490900607, 2.028000221610924, -2.9472890289884957, -0.282300292087434, 0.6425610820465271, -0.11592752813598084, 4.725060368267876, -8.933064817493083, -2.8807670766836493, 0.7975470456973685, -2.5833250015627036, 3.9046307605298294, 6.264711735295283, -1.9388453081494286, -0.8617835250318966, -2.841589575417863, 1.486316264212158, 2.0038178713118] 
[-3.529676627110459, 0.7600037694162531, -3.183429168500636, -3.9411335821899356, 0.15106987541277395, -1.249359851795992, -3.4677845527408895, 1.541414917960095, -3.4338743326393244, -0.7688855957382628, 0.15597577839569832, 0.3706577755148479, 4.963642421832655, -9.94764555387955, -3.997691773227096, 1.4372403634696191, -2.5133592345026305, 2.77411585821896, 5.2402654294535616, 1.7934874881564251, 2.9328788947407056, -2.056259399118786, 1.4319770151161506, 2.4593393376580357] 
[-3.7829100995990617, 0.5067702969276504, -2.9301956960120332, -3.687900109701333, -0.10216359707582878, -0.9961263793073893, -3.721018025229492, 1.7946483904486978, -3.1806408601507217, -0.51565212324966, -0.09725769409290441, 0.6238912480034506, 5.479310359424723, -8.990862071807765, -3.1154479079427224, 0.5186775020500425, -1.600281608247843, 2.494325439056239, 5.244433833878491, 1.6365777764566491, 3.0391003772786997, -2.8356603486452823, 0.6310583948832365, 2.1227608040597077] 
[-3.8808614173673, 0.4088189791594119, -3.0281470137802717, -3.5899487919330944, -0.004212279307590272, -1.0940776970756279, -3.6230667074612537, 1.8925997082169363, -3.082689542382483, -0.6136034410178985, 0.0006936236753340985, 0.7218425657716891, 5.674170358233085, -8.805589960747591, -3.1538502288758465, 0.4491223174148308, -1.668388315808444, 2.382366314336113, 5.2290026819596465, 2.16869602376461, 3.570388692677824, -2.771057855992586, 0.5712225899133212, 2.0289120305941384] 
[-3.474113545486053, 0.8155668510406593, -3.434894885661519, -3.183200920051847, -0.41096015118883766, -0.6873298251943805, -3.2163188355800063, 2.2993475800981837, -2.6759416705012358, -1.020351312899146, -0.4060542482059133, 0.31509469389044176, 4.664570923267633, -9.780723178980377, -2.96275671554438, 1.1857767791516713, -2.3928437632452364, 2.1328652377001873, 5.430286815017913, 2.302384514988936, 3.261186012160778, -3.734584174285475, -0.3892050920261052, 2.435251093486399] 
[-3.6103791774473857, 0.9518324830019922, -3.2986292537001862, -3.31946655201318, -0.5472257831501706, -0.8235954571557134, -3.0800532036186734, 2.4356132120595166, -2.539676038539903, -0.884085680937813, -0.2697886162445804, 0.17882906192910886, 4.541879295089966, -9.720057560133297, -3.035836240195747, 1.0685203161943362, -2.517188560713134, 2.157630479085702, 5.304191967853287, 2.4115387133731594, 3.2131201959617917, -3.6346266798292706, -0.4303589833847901, 2.307069443505798] 
[-3.947430770125256, 1.2888840756798623, -2.961577661022316, -3.65651814469105, -0.21017419047230046, -0.48654386447784326, -2.7430016109408033, 2.7726648047373867, -2.2026244458620328, -0.5470340882599429, 0.06726297643328971, -0.15822253074876125, 4.983430927475714, -9.321404652425553, -3.111280153947114, 1.3427902986047882, -2.051367858355717, 2.6452437477507256, 5.285711992430174, 2.8415221704032874, 3.3883340983686026, -2.5995375777334857, 0.6279236615888506, 1.7940434625058894] 
[-3.759782743294399, 1.4765321025107192, -3.149225687853173, -3.844166171521907, -0.39782221730315737, -0.6741918913087002, -2.93064963777166, 2.9603128315682437, -2.3902724726928897, -0.359386061429086, -0.1203850503975672, 0.02942549608209566, 4.802194756403662, -9.289455839292762, -3.293619203407534, 0.9829522359636884, -1.704664230167187, 2.573883264053108, 5.429599575023841, 2.798751436778556, 3.8918412165264806, -2.09511181466611, 0.605457519693403, 1.9804179509103688] 
[-3.3122221924629587, 1.028971551679279, -3.5967862386846132, -3.3966056206904667, -0.8453827681345976, -0.22663134047725997, -3.3782101886031004, 3.407873382399684, -2.83783302352433, 0.08817448940235417, -0.5679456012290074, -0.41813505474934454, 4.220190523674511, -11.754005574974231, -5.740644557970251, 0.9961440909768686, -2.4758705183846383, 1.2067042427928192, 4.112005110212214, 2.173221179642119, 4.155904876319863, -2.258842065111659, 1.067367785430411, 1.4809510067243212] 
[-3.5339284848747115, 1.2506778440910318, -3.818492531096366, -3.6183119131022194, -0.6236764757228448, -0.44833763288901274, -3.1565038961913476, 3.186167089987931, -2.616126731112577, 0.30988078181410694, -0.3462393088172546, -0.6398413471610973, 3.9945495761675356, -11.798938482673478, -6.066192155278438, 1.3141474669563973, -2.641357805100738, 1.3541439231470234, 4.405179992060495, 1.9458698703165322, 3.914356797849859, -2.520937565850423, 0.6573686436138673, 1.9034134992045395] 
[-3.6591494611011237, 1.375898820317444, -3.9437135073227783, -3.493090936875807, -0.49845549949643253, -0.573558609115425, -3.0312829199649354, 3.060946113761519, -2.490905754886165, 0.4351017580405192, -0.22101833259084236, -0.7650623233875096, 4.13854569280717, -11.642890991169436, -6.046444588173414, 1.0955733584715437, -2.3317542001328793, 1.6127252296829984, 4.372727236627508, 1.8122699170746246, 4.143047260781355, -2.3149237140321426, 0.7716124115807212, 1.748572880485993] 
[-3.929920161509494, 1.6466695207258142, -3.672942806914408, -3.222320236467437, -0.7692261999048027, -0.30278790870705485, -3.3020536203733055, 2.7901754133531487, -2.761676455294535, 0.16433105763214906, 0.04975236781752779, -1.0358330237958797, 4.475276667411456, -10.954498816445557, -5.396271063987173, 1.3144378777679961, -2.4890692963907566, 2.035700749614588, 4.819241366997605, 1.5451404599905243, 3.554218074163077, -2.8647585143749157, 0.63920614820077, 2.0383307091547653] 
[-3.892526903735871, 1.6840627784994369, -3.710336064688031, -3.2597134942410597, -0.8066194576784254, -0.34018116648067753, -3.339446878146928, 2.8275686711267713, -2.7990697130681577, 0.20172431540577174, 0.012359110043905108, -1.0732262815695024, 4.511661562660783, -10.93574059681924, -5.423790925634125, 1.2753728611438397, -2.4766919394261215, 1.9949510588341732, 4.764637509168285, 1.6051536992656532, 3.6011211674728147, -2.892209136254273, 0.6798548950276454, 2.0019541659613567] 
[-3.588650999609901, 1.987938682625407, -4.014211968814001, -2.9558375901150895, -0.5027435535524551, -0.6440570706066477, -3.6433227822728984, 3.1314445752527416, -2.4951938089421875, -0.10215158872019847, 0.3162350141698753, -0.7693503774435322, 4.218365393828367, -11.072927646643079, -5.188390446706866, 1.5315605491361168, -1.5754990213729902, 2.904812532855613, 4.751055101365131, 1.1266587694159342, 2.980609210149024, -3.467792976449475, 1.0906043696565813, 1.7004520397872258] 
[-3.3293289623392406, 2.2472607198960675, -3.7548899315433406, -3.21515962738575, -0.24342151628179476, -0.9033791078773081, -3.384000745002238, 3.390766612523402, -2.235871771671527, 0.15717044855046192, 0.05691297689921493, -1.0286724147141926, 4.390325515952962, -10.574150353726337, -4.679704696859639, 1.4825138844983115, -1.045658901912787, 3.632665631784958, 5.331789172844158, 1.1639662072557768, 3.166572235859541, -3.590674717942487, 1.414025075823919, 2.031650895707635] 
[-3.2590986329540366, 2.1770303905108634, -3.8251202609285446, -3.144929298000546, -0.17319118689659074, -0.9736094372625121, -3.454231074387442, 3.460996941908606, -2.165641442286323, 0.0869401191652579, 0.12714330628441894, -1.0989027440993966, 4.326666277376476, -10.630389833103017, -4.669244832497989, 1.4142302807449443, -1.0145951014916275, 3.3426436899558647, 5.028520248023594, 1.2919484867651712, 3.0712311641293035, -3.598911093949316, 1.4830719495085103, 1.9634220296359484] 
[-3.5480813572063115, 2.4660131147631383, -3.5361375366762697, -2.855946573748271, 0.11579153735568415, -1.262592161514787, -3.743213798639717, 3.172014217656331, -1.8766587180340482, -0.202042605087017, -0.16183941796785595, -0.8099200198471217, 4.689702346601095, -11.739002785354995, -5.926190074314326, 0.673755094446404, -1.3263414297074023, 3.0882565972076863, 5.112131894514947, 1.341913916156606, 4.416791920944498, -2.2394814013104547, 1.1439517303000497, 2.2329315505413896] 
[-3.5194547892544614, 2.4946396827149884, -3.5647641046281198, -2.827320005796421, 0.14441810530753418, -1.291218729466637, -3.714587230687867, 3.143387649704481, -1.9052852859858982, -0.23066917303886703, -0.19046598591970598, -0.8385465877989717, 4.732445496148921, -11.784755949648664, -5.933617928811724, 0.6327781555721025, -1.365865971768698, 3.097477464790676, 5.085559476135681, 1.3718715167072721, 4.844431370559452, -1.811919866357471, 1.1376321151787565, 2.2622460132842184] 
[-3.4002188640792967, 2.3754037575398237, -3.6840000298032844, -2.9465559309715856, 0.025182180132369503, -1.1719828042914724, -3.8338231558630316, 3.0241517245293164, -2.024521211161063, -0.11143324786370234, -0.30970191109487066, -0.719310662623807, 4.521819420873128, -11.47430799329142, -5.680675798846748, 0.5529492296162564, -1.5071785773939108, 3.09246137490292, 5.221791014809343, 1.2314714213230695, 6.425963579365739, -0.22177944450604903, 1.3627857020719991, 2.3537398238131817] 
[-3.37641987947944, 2.3992027421396807, -3.6602010452034275, -2.9703549155714426, 0.0013831955325125378, -1.1481838196916154, -3.8576221404628885, 3.0003527399294594, -2.04832019576092, -0.08763426326384538, -0.33350089569472763, -0.743109647223664, 4.501348146036447, -11.492365425094931, -5.677246184108344, 0.5255382886423208, -1.5364881028888255, 3.1927648260240766, 5.329271112356721, 1.1804956110137304, 6.4077200915750785, -0.21324492684810234, 1.3825862771746258, 2.3730272892891695] 
[-3.311340464705858, 2.4642821569132622, -3.725280459977009, -2.905275500797861, -0.06369621924106905, -1.0831044049180338, -3.792542725689307, 2.935273325155878, -2.1133996105345014, -0.02255484849026379, -0.3985803104683092, -0.6780302324500824, 4.444681796662467, -11.541436165417018, -5.666225349960329, 0.4531921618900061, -1.612389415568325, 3.3984443943901748, 5.533557076240535, 1.189162499626556, 6.367500710259556, -0.18534615493950393, 1.3312335074437758, 2.320279078521707] 
[-3.318850347683729, 2.4717920398911333, -3.717770576999138, -2.89776561781999, -0.07120610221894008, -1.0755945219401628, -3.800052608667178, 2.9277634421780068, -2.1209094935123725, -0.03006473146813482, -0.3910704274904382, -0.6855401154279535, 4.450424176860869, -11.528009733537921, -5.653279719106862, 0.4496364770527096, -1.6198309764250036, 3.4247066631863117, 5.560602685430882, 1.185143519129849, 6.319818790652343, -0.23288102432870555, 1.3249049287187362, 2.314681611293212] 
[-3.252658176992619, 2.5379842105822434, -3.783962747690248, -2.83157344712888, -0.13739827291005025, -1.0094023512490526, -3.733860437976068, 2.8615712714868966, -2.0547173228212623, 0.036127439222975344, -0.45726259818154835, -0.7517322861190636, 4.526733352011206, -11.601197358896245, -5.646346122271608, 0.3971504705287, -1.5661865434495645, 3.365292905097487, 5.5678321272331095, 1.247503651605904, 6.2995582285798255, -0.1842907195436454, 1.2745616440711065, 2.2633370875902914] 
[-3.147870746662158, 2.6427716409127044, -3.679175317359787, -2.726786016798419, -0.03261084257958924, -1.1141897815795136, -3.838647868306529, 2.9663587018173576, -1.9499298924908013, 0.14091486955343635, -0.35247516785108735, -0.8565197164495246, 4.431219876321991, -11.702827995237742, -5.658653468005303, 0.24559021072696846, -1.735597948372771, 2.962767132855852, 5.1567804515881654, 1.3393107366135135, 7.041863260889827, 0.5540818847820187, 1.1075146332952084, 2.42196438765592] 
[-3.3047703365767314, 2.7996712308272778, -3.8360749072743605, -2.883685606712992, -0.18951043249416255, -0.9572901916649403, -3.995547458221102, 2.8094591119027843, -1.793030302576228, 0.29781445946800966, -0.19557557793651403, -0.6996201265349513, 4.27468149017505, -11.768345908931048, -5.438362466914097, 0.4650465323873378, -1.816815145091668, 2.944078201823524, 5.359273859885535, 1.1295999452613077, 7.115148256987526, 0.4732162195148334, 0.9095030174943595, 2.623199425693475] 
[-3.1760605553367087, 2.670961449587255, -3.964784688514383, -3.0123953879530148, -0.3182202137341852, -1.085999972904963, -3.8668376769810795, 2.6807493306627617, -1.6643205213362053, 0.16910467822798703, -0.32428535917653667, -0.5709103452949287, 4.169775282952878, -11.923873640214719, -5.607014202213533, 0.4643528821148481, -1.9782904399498715, 2.632909856978474, 5.045526756289215, 1.1804702250484478, 8.19195716536407, 1.5460318069209134, 0.9900730937274267, 2.483037789821791] 
[-3.0328481558130287, 2.527749050063575, -3.821572288990703, -3.155607787476695, -0.4614326132578652, -1.229212372428643, -3.7236252774573995, 2.5375369311390816, -1.5211081218125253, 0.025892278704306992, -0.18107295965285664, -0.7141227448186087, 4.036106912445894, -12.234606831249321, -6.164044540597883, -0.02639657423308528, -1.8160154401783197, 3.047114605810871, 5.439138563701877, 1.2168730645713914, 8.2618563396697, 1.4613436331856366, 1.1860843840944721, 2.2880244483864756] 
[-2.8388079572350557, 2.721789248641548, -3.62753209041273, -3.3496479860546677, -0.2673924146798923, -1.423252571006616, -3.5295850788794265, 2.3434967325611087, -1.7151483203904982, -0.16814791987366595, -0.3751131582308296, -0.5200825462406358, 4.26316989786797, -11.862380766768794, -5.809097806512334, -0.035792027844774706, -2.043975876285812, 2.8190440522761073, 5.439089101574711, 1.436937108278829, 7.157859426499954, 0.36031100968107044, 1.3554696674231212, 2.459021651434783] 
[-2.9896286490931674, 2.5709685567834364, -3.4767113985546185, -3.5004686779127794, -0.11657172282178063, -1.5740732628647276, -3.680405770737538, 2.4943174244192203, -1.86596901224861, -0.017327228015554308, -0.22429246637271794, -0.6709032380987474, 4.408988088664654, -11.880752849060729, -5.539495723590687, 0.2640041057157558, -2.2510298830896667, 2.7289841657684586, 5.516805960303805, 1.2714314738191792, 7.035488022457527, 0.42525239026705897, 1.2422550529180583, 2.343688154490944] 
[-2.9065926696140645, 2.4879325773043335, -3.5597473780337214, -3.4174326984336765, -0.033535743342677726, -1.4910372833856247, -3.5973697912584353, 2.4112814449401174, -1.782933032769507, 0.0657087514635486, -0.30732844585182084, -0.7539392175778503, 4.497566358180127, -11.83724834963556, -5.640275000323031, 0.11088498740691599, -2.1175672305679103, 2.773298015394125, 5.471439361346682, 1.1911639799215479, 7.054279330288145, 0.356902150855393, 1.3126266966420626, 2.414466520994665] 
[-2.9930551049581497, 2.401470141960248, -3.6462098133778067, -3.330970263089591, -0.11999817868676299, -1.4045748480415394, -3.51090735591435, 2.4977438802842027, -1.6964705974254217, -0.020753683880536666, -0.22086601050773558, -0.667476782233765, 4.552359695651523, -12.008575723825965, -5.816048912233761, 0.12145534744642526, -2.0316563089739708, 3.5816591069772286, 6.278178629772822, 1.3003215824451209, 7.401344642515681, 0.6965711960357437, 1.2370554242847005, 2.344633976847615] 
[-3.1017415265992563, 2.5101565636013548, -3.7548962350189132, -3.2222838414484847, -0.22868460032786952, -1.513261269682646, -3.6195937775554565, 2.389057458643096, -1.8051570190665283, 0.08793273776056987, -0.3295524321488421, -0.5587903605926585, 4.673814996939404, -11.891725029230226, -5.824797750944891, 0.21191972461605862, -1.9390236936633256, 3.5172012692164243, 6.324642625587447, 1.3707760090582026, 6.888112003345381, 0.18039416197329794, 1.1044382881756385, 2.4761333499787086] 
[-3.080614343119451, 2.53128374708116, -3.7760234184987187, -3.201156657968679, -0.249811783807675, -1.5343884531624514, -3.640720961035262, 2.3679302751632907, -1.7840298355867228, 0.10905992124037533, -0.30842524866903664, -0.579917544072464, 4.695640258973648, -11.870017623433501, -5.8250499518824075, 0.23438815219887507, -1.9617353079399655, 3.506271883561238, 6.336796064325534, 1.3468311579177537, 6.869783903639491, 0.1891231381262487, 1.0751820431273937, 2.50525731628174] 
[-2.854873412448687, 2.757024677751924, -4.001764349169482, -3.426897588639443, -0.4755527144784386, -1.760129383833215, -3.4149800303644984, 2.5936712058340543, -2.0097707662574864, -0.11668100943038828, -0.5341661793398003, -0.8056584747432276, 4.9331861933524905, -11.633629137065034, -5.827687563529678, 0.469901949672788, -2.1996279706458464, 3.3715129900439114, 6.446324328930131, 1.4786561899068835, 6.156933882065549, -0.5363782665630799, 1.272431739172948, 2.6812083813050265] 
[-3.058993074530304, 2.9611443398335404, -4.205884011251099, -3.2227779265578262, -0.271433052396822, -1.9642490459148316, -3.210860368282882, 2.797790867915671, -2.213890428339103, 0.0874386526512283, -0.7382858414214168, -1.0097781368248442, 4.764529293903717, -11.49835298156379, -5.932617061572941, 0.5699282864728481, -1.9952991138612013, 3.1715238175596037, 6.471332320300615, 1.2256159898041004, 5.9223570401729875, -0.505777195649588, 1.425090014826081, 2.8318610454451307] 
[-2.978065285919258, 2.8802165512224946, -4.286811799862145, -3.303705715168872, -0.3523608410078678, -2.0451768345258774, -3.2917881568939276, 2.716863079304625, -2.2948182169501488, 0.006510864040182529, -0.8192136300324626, -1.09070592543589, 4.843511045148284, -11.522328977973492, -5.350135437183512, 1.1573157925798876, -2.1808307601042354, 3.975242071871575, 7.264199772388676, 1.1665860260035306, 5.932724544601222, -0.5839308270840178, 1.554361778427727, 2.7048204766606188] 
[-3.2682684949034853, 3.170419760206722, -4.577015008846372, -3.0135025061846448, -0.642564049992095, -2.3353800435101046, -3.0015849479097003, 3.0070662882888524, -2.585021425934376, -0.2836923449440447, -0.5290104210482354, -1.3809091344201172, 5.190166998752838, -11.163374857803722, -5.214925160801127, 1.6037246433629637, -2.801201455881609, 5.918000581140456, 9.1491179707873, 1.0208935530207095, 6.033225656610164, -0.8042471941128475, 1.1170966177554327, 3.14257072920868] 
[-3.712084175051282, 2.7266040800589253, -4.133199328698575, -3.4573181863324414, -0.19874836984429844, -1.891564363362308, -3.445400628057497, 3.450881968436649, -3.0288371060821726, 0.16012333520375188, -0.972826101196032, -0.9370934542723206, 4.682432987075479, -10.657230694291618, -4.750892036175888, 1.6262941186124225, -2.036530693281374, 5.138893877197363, 9.112957955239198, 1.3787519221622153, 5.2402518123355035, -1.5792718651598627, 1.445230733525251, 2.6687472871104796] 
[-3.9683610063268207, 2.4703272487833865, -3.8769224974230365, -3.71359501760798, 0.05752846143124035, -2.147841194637847, -3.7016774593330357, 3.7071587997121878, -3.2851139373577114, -0.09615349607178691, -0.7165492699204932, -1.1933702855478594, 4.549752588141153, -10.907321000398602, -5.070629081722512, 1.602928258334512, -1.7552162177897894, 4.781573188247798, 9.017885125868803, 0.9986241263797215, 5.6398005413173085, -1.2620164940683287, 1.23552437340597, 2.513784938014698] 
[-4.093205817487122, 2.5951720599436876, -4.001767308583338, -3.588750206447679, 0.18237327259154146, -2.272686005798148, -3.5768326481727346, 3.832003610872489, -3.1602691261974103, -0.22099830723208802, -0.8413940810807943, -1.3182150967081605, 4.142774101969944, -10.417603778185123, -4.653189549253498, 1.9190238669987898, -1.7723839668281887, 4.200427534684504, 8.374807550787976, 0.5642694545075511, 5.978404419494516, -1.4166195045396188, 1.3882343192885211, 2.3521482166004395] 
[-3.7690253479930087, 2.2709915904495745, -4.325947778077451, -3.912930675941792, -0.1418071969025716, -2.596866475292261, -3.2526521786786216, 4.156184080366602, -3.4844495956915233, 0.10318216226202503, -0.5172136115866812, -0.9940346272140475, 3.007987235225266, -9.252562547615877, -4.392391592362552, 2.528337007423539, -2.2513184030203828, 4.335467956892485, 8.171309968653476, 0.7011426556856994, 6.228840204682712, -1.7926801210908092, 1.0571176958623176, 2.088161512470151] 
[-3.6263902138312725, 2.1283564562878383, -4.468582912239187, -3.770295541780056, -0.28444233106430783, -2.7395016094539972, -3.1100170445168853, 4.013548946204866, -3.341814461529787, -0.0394529718997112, -0.374578477424945, -0.8513994930523112, 2.757842856020697, -8.968362707813977, -4.191218661575312, 2.5101739413908657, -2.398897911855246, 4.4470276884054165, 8.085269003500253, 0.695518865536176, 6.409933878074594, -1.9851957127117503, 1.2695183029105233, 1.8885602921510136] 
[-3.579236197996118, 2.1755104721229928, -4.515736928074341, -3.7231415259449014, -0.2372883152291534, -2.7866556252891517, -3.062863028681731, 4.06070296204002, -3.2946604456946327, -0.08660698773486564, -0.42173249326009943, -0.8985535088874657, 2.8249318734185787, -9.049207309799097, -4.285833761116177, 2.4311705524331306, -2.453523179288192, 4.534339969265007, 8.161845079410364, 0.8751685822242947, 6.231345676777191, -2.0109195510366344, 1.2305361046945327, 1.8507971765074498] 
[-3.4953230490042175, 2.0915973231310923, -4.599650077066242, -3.807054674936802, -0.1533751662372529, -2.702742476297251, -3.1467761776736314, 3.9767898130481196, -3.378573594686533, -0.17052013672676614, -0.5056456422519999, -0.8146403598955652, 2.9342412901543438, -9.154609944153545, -4.252533808541951, 2.355474410342792, -2.38356840186606, 4.6530005869965345, 8.303292271659329, 0.48223665083951883, 6.61776141310802, -1.9534607198357927, 1.3478046350772757, 1.7371026243954697] 
[-3.5933771394240503, 1.9935432327112594, -4.501595986646409, -3.9051087653566348, -0.05532107581742007, -2.800796566717084, -3.244830268093464, 4.074843903467952, -3.2805195042667004, -0.07246604630693332, -0.6036997326718327, -0.7165862694757323, 3.0150471431009627, -9.054538850309267, -4.078357310967971, 2.527645975766784, -2.4764543589174903, 4.496856519263414, 8.1408866761903, 0.8678662597413165, 6.21802775403421, -1.8004363299682282, 1.2986786770188263, 1.6551383845139789] 
[-3.827309728207976, 2.2274758214951853, -4.267663397862483, -3.671176176572709, 0.1786115129665058, -3.03472915550101, -3.47876285687739, 3.8409113146840266, -3.0465869154827745, -0.3063986350908592, -0.3697671438879069, -0.9505188582596582, 2.717797952196837, -8.701034003057204, -3.6919686725681657, 2.844288865605816, -2.2738137403642567, 4.113037836243304, 7.712335382659033, -0.29468696960545104, 7.35985145586607, -1.6500554910021328, 1.4734739187039616, 1.8144428301619873] 
[-3.758484362012081, 2.15865045529929, -4.198838031666588, -3.6023508103768136, 0.1097861467706105, -3.103554521696905, -3.4099374906814948, 3.909736680879922, -3.11541228167867, -0.23757326889496388, -0.3009417776920116, -0.8816934920637629, 2.7817366328770428, -8.688393178694747, -3.8112897331498075, 2.7311105688628166, -2.3317824489293457, 4.025474607107335, 7.612385033316454, -0.3838779299320816, 7.351923145258629, -1.5494700655862084, 1.5888740430265222, 1.7225047700272498] 
[-3.9458083530435433, 2.3459744463307524, -4.0115140406351255, -3.4150268193453512, 0.29711013780207285, -2.916230530665443, -3.2226134996500324, 3.7224126898484595, -2.9280882906472074, -0.05024927786350153, -0.11361778666054922, -1.0690174830952253, 2.929616577544071, -8.565447130293908, -3.862074877767015, 2.9519322549746123, -2.5872683269860755, 3.819318962773779, 7.783139750992398, -0.4314012430775282, 7.191757778501499, -1.8045807293227694, 1.300228647082858, 1.9627037157685616] 
[-3.689691271560613, 2.6020915278136827, -3.755396959152195, -3.6711439008282816, 0.5532272192850032, -2.6601134491825125, -2.966496418167102, 3.97852977133139, -3.1842053721301378, -0.30636635934643186, 0.1424992948223811, -0.8129004016122949, 3.2166907797388635, -8.626859276732327, -4.402918527052465, 2.4371727042925357, -2.7067420431802027, 4.004678011961903, 7.605027748231135, 0.15282701470215326, 6.555905959505326, -2.185945869836565, 1.0386848690597268, 1.7208308884902426] 
[-3.6712365984314035, 2.5836368546844732, -3.7369422860229857, -3.689598573957491, 0.5716818924142126, -2.678568122311722, -2.9480417450378926, 3.9969844444605993, -3.1657506990009283, -0.2879116862172224, 0.12404462169317165, -0.8313550747415044, 3.2492061651295447, -8.658311080397972, -4.398624549660901, 2.4304019679260875, -2.734784876418575, 3.974903012933961, 7.604900147479385, 0.22081032280372276, 6.488130161501058, -2.198662344059053, 1.0517420442169791, 1.7035915302885833] 
[-3.65583010607081, 2.599043347045067, -3.721535793662392, -3.7050050663180847, 0.5870883847748063, -2.6939746146723156, -2.9634482373984863, 3.9815779521000056, -3.181157191361522, -0.30331817857781607, 0.10863812933257799, -0.846761567102098, 3.2436994755131843, -8.681408913038775, -4.425194745031627, 2.4244283447631676, -2.7055910359953312, 4.003026334998695, 7.606674776427176, 0.1604422017734105, 6.548576168795349, -2.2207712439015594, 1.0312082038686048, 1.7173564544654678] 
[-3.6754711612293223, 2.5794022918865545, -3.7018947385038796, -3.6853640111595722, 0.6067294399333187, -2.713615669830828, -2.9830892925569987, 4.001219007258518, -3.1615161362030095, -0.3229592337363285, 0.12827918449109044, -0.8664026222606105, 3.283667381804313, -8.729664166690547, -4.456516545660007, 2.4407237231665118, -2.7300066706336676, 4.006073360862712, 7.588949462177357, 0.152609865095654, 6.535031075523677, -2.2350803308102356, 1.0480291077590893, 1.7381504678871835] 
[-3.8042171779062857, 2.450656275209591, -3.830640755180843, -3.8141100278365356, 0.7354754566102821, -2.8423616865077914, -2.8543432758800353, 3.8724729905815547, -3.290262152879973, -0.4517052504132919, -0.0004668321858729563, -0.9951486389375739, 3.613625106268511, -9.196995588930822, -4.962100590038374, 1.933472520171726, -2.2190582071977585, 4.4556297033042584, 7.86809529777353, 0.16282336002069794, 6.658524300782834, -2.428605960271408, 0.8470250695122398, 1.5936136857715082] 
[-3.718126985549106, 2.3645660828524115, -3.7445505628236635, -3.728019835479356, 0.8215656489674616, -2.928451878864971, -2.940433468237215, 3.958563182938734, -3.2041719605227934, -0.5377954427704714, 0.08562336017130656, -1.0812388312947534, 3.634521229640324, -9.059482768681908, -4.803945625542214, 1.9823649774626768, -2.427626712928853, 4.246175983041668, 7.778598087841135, -0.038094990348131214, 6.868390336326097, -2.394057665345659, 0.7758685492238832, 1.5075397629776184] 
[-3.910372664530528, 2.1723204038709896, -3.5523048838422415, -3.535774156497934, 0.6293199699860397, -3.120697557846393, -2.748187789255793, 4.150808861920156, -3.3964176395042154, -0.34554976378904945, 0.27786903915272854, -0.8889931523133314, 3.852954645871814, -9.12686012933196, -5.164819865379454, 1.5785158342449952, -2.1374886998761546, 4.200078379150944, 7.588772716082596, -0.10488893457819677, 6.728021089885996, -2.5097760040480677, 0.9159777602802924, 1.704624443627825] 
[-4.080330283548542, 2.3422780228890034, -3.7222625028602554, -3.3658165374799203, 0.7992775890040535, -2.950739938828379, -2.9181454082738068, 3.9808512429021423, -3.2264600204862015, -0.17559214477103557, 0.10791142013471466, -0.7190355332953176, 3.823845068434825, -9.484845114849483, -5.53197344255298, 1.565587894567229, -1.7640877055030495, 4.567737883021259, 7.256670064895402, 0.7176896103386393, 5.954943864270185, -2.66155944992576, 0.6638646339352529, 1.4936610207504026] 
[-4.058132279061348, 2.3200800184018093, -3.7000644983730613, -3.343618532992726, 0.8214755934912477, -2.972937943315573, -2.8959474037866126, 3.958653238414948, -3.2486580249733956, -0.15339414028384146, 0.13010942462190878, -0.7412335377825117, 3.7596004818072717, -9.410096767629936, -5.4856265889056965, 1.5593641401575424, -1.753993638839664, 4.548923659026556, 7.2291995897413015, 0.7372710166729042, 5.964084673075722, -2.681304676095104, 0.6809834683699335, 1.4728289861577326] 
[-4.071759988989723, 2.306452308473434, -3.7136922083014365, -3.329990823064351, 0.8351033034196229, -2.9865656532439484, -2.8823196938582374, 3.945025528486573, -3.2350303150450204, -0.1397664303554662, 0.14373713455028403, -0.7548612477108869, 3.7581803936354348, -9.382254433190571, -5.450041070279249, 1.5917099394186711, -1.8069310578755013, 4.498631851446705, 7.236116756241129, 0.744177426474054, 5.972028988455623, -2.669864628384596, 0.670272104164467, 1.485443624383674] 
[-4.143249668475172, 2.377941987958883, -3.7851818877868855, -3.4014805025498, 0.763613623934174, -2.9150759737584995, -2.9538093733436863, 4.016515207972022, -3.3065199945304693, -0.06827675087001728, 0.21522681403573296, -0.683371568225438, 3.9171071562972464, -9.544772924380984, -5.464868233530988, 1.5195092645171764, -1.8502782266128932, 4.527141069423917, 7.118388500431228, 1.0233536028317989, 5.7020760689903565, -2.590492125974594, 0.6015587152003576, 1.4068547658592738] 
[-4.1377837907941535, 2.3834078656399016, -3.790647765467904, -3.4069463802308184, 0.7690795016151926, -2.909610096077481, -2.959275251024705, 4.011049330291003, -3.3010541168494507, -0.0628108731889987, 0.22069269171675154, -0.6779056905444194, 3.9192213368821363, -9.539264377440464, -5.460410290252583, 1.5131824646407184, -1.8319043756954614, 4.545519084611609, 7.12432624312532, 1.044423810865966, 5.680165039965924, -2.5831232433163955, 0.5955090487628849, 1.400389326845743] 
[-4.192329831969734, 2.437953906815482, -3.7361017242923236, -3.352400339055238, 0.823625542790773, -2.8550640549019004, -3.0138212922002854, 4.065595371466584, -3.355600158025031, -0.00826483201341821, 0.16614665054117106, -0.6233596493688389, 3.880896421765369, -9.565879027635953, -5.445050074967837, 1.4393659209067564, -1.6602060989624652, 4.707916731028624, 7.097896209991722, 1.0292068077061705, 5.631202211190118, -2.527335275645523, 0.5332518311910447, 1.3352491820750818] 
[-4.2725008272387806, 2.5181249020845287, -3.655930729023277, -3.2722293437861913, 0.9037965380598196, -2.935235050170947, -3.093992287469332, 4.14576636673563, -3.435771153294078, -0.0884358272824648, 0.08597565527212447, -0.5431886540997923, 3.9455083746502484, -9.542364704794652, -5.497252290078898, 1.4913409079724482, -1.6059166983003137, 4.679202719562511, 7.171908124732226, 1.038563096342811, 5.715709721114723, -2.617764495439589, 0.6031988055172446, 1.2644702272000272] 
[-4.10157406084338, 2.689051668479929, -3.826857495418677, -3.101302577390791, 0.7328697716644195, -2.764308283775547, -3.264919053864732, 4.3166931331310305, -3.2648443868986776, -0.25936259367786496, -0.08495111112327569, -0.7141154204951925, 4.693194171557799, -10.327531110005497, -5.797597973919646, 1.5937099170672797, -2.323968076341136, 3.9710437839602837, 7.252886648604269, 1.0500460677095835, 5.91088385829216, -2.8339035293299775, 0.42563377683512194, 1.422395179298709] 
[-4.192028707062868, 2.598597022260441, -3.736402849199189, -3.0108479311713032, 0.8233244178839074, -2.854762929995035, -3.35537370008422, 4.226238486911543, -3.3552990331181656, -0.3498172398973529, -0.17540575734276365, -0.8045700667146805, 4.239543509330666, -9.834541405128403, -5.445729919623276, 1.8850558886070905, -2.2902985631066355, 3.8688014309250778, 7.132505945586396, 1.0014242855159132, 5.8590124679391895, -2.7115745819603623, 0.5419521374760796, 1.5056411636368032] 
[-4.303237914925096, 2.4873878143982133, -3.8476120570614167, -3.1220571390335308, 0.7121152100216799, -2.9659721378572623, -3.4665829079464476, 4.115029279049315, -3.244089825255938, -0.46102644775958046, -0.0641965494805361, -0.915779274576908, 4.263737127119462, -9.717402774083187, -5.3334001324843605, 1.8350113296143105, -2.1849368812422414, 3.8656842889036844, 7.316649095794065, 1.7747041748131214, 5.095634263003967, -2.719682660776832, 0.6391007106024642, 1.6058066632610108] 
[-4.198558376587088, 2.5920673527362212, -3.742932518723409, -3.017377600695523, 0.607435671683672, -3.0706516761952702, -3.5712624462844555, 4.219708817387323, -3.348769363593946, -0.5657059860975884, 0.04048298885747181, -1.020458812914916, 3.916671334149723, -9.384469730573795, -5.465969500217875, 1.661680544317375, -2.2214399008990973, 3.974701770159064, 7.538604470850232, 2.360641656398456, 4.528541472921953, -2.608784961668724, 0.5869958963355753, 1.5029507853849786] 
[-4.018866461997114, 2.4123754381462477, -3.9226244333133824, -2.8376856861055493, 0.4277437570936984, -2.8909597616052967, -3.391570531694482, 4.040016902797349, -3.5284612781839195, -0.3860140715076148, -0.13920892573250176, -1.2001507275048895, 4.646009128162394, -10.124581629108635, -5.554667988610017, 1.4283060741780904, -2.355183705005346, 4.0906873795943195, 7.7625848698975135, 2.5547596813327096, 4.566296595588756, -2.7332538447892643, 0.6982759211584322, 1.3252472660714416] 
[-3.865682077542009, 2.565559822601353, -4.075808817768488, -2.990870070560655, 0.27455937263859287, -3.044144146060402, -3.2383861472393765, 3.886832518342244, -3.681645662639025, -0.5391984559627203, -0.2923933101876073, -1.353335111959995, 4.957007818688029, -10.399788111594782, -5.368487544066106, 1.6603621651046052, -2.4295991663816268, 4.179083245370194, 7.596780103331693, 2.3407210070743147, 4.61772796818595, -2.982949279501257, 0.45120317768006374, 1.4899360518113294] 
[-4.112485815195861, 2.3187560849475006, -3.8290050801146354, -3.2376738082145073, 0.5213631102924454, -2.7973404084065496, -3.485189884893229, 4.133636255996096, -3.4348419249851725, -0.7860021936165729, -0.5391970478414598, -1.1065313743061425, 5.404545318148085, -10.761110171582922, -4.815576065658203, 2.250934024232348, -2.719092970908224, 3.828870024220622, 7.315924138347915, 2.3207993611042204, 4.1915232589033655, -2.394139398539302, 0.9345042258477901, 1.7109480314020038] 
[-4.115413970250892, 2.3158279298924698, -3.831933235169666, -3.2347456531594765, 0.5184349552374146, -2.7944122533515188, -3.482261729838198, 4.1307081009410656, -3.4377700800402033, -0.783074038561542, -0.536268892786429, -1.1036032192511116, 5.404488706250254, -10.766225279373225, -4.822512318796538, 2.2454126795985894, -2.7251049606074638, 3.8215012808471105, 7.30999077846719, 2.315179627907886, 4.193726405842316, -2.402112304582935, 0.9262483202798145, 1.715217510667838] 
[-4.049550149046817, 2.3816917510965454, -3.897797056373742, -3.300609474363552, 0.45257113403333893, -2.728548432147443, -3.4163979086341225, 4.196571922145141, -3.3719062588361277, -0.8489378597656176, -0.47040507158235334, -1.1694670404551872, 5.219835155921548, -10.554376519563002, -4.689290471576528, 2.2450944901660215, -2.8579693137932107, 3.677041022373884, 7.249119753648808, 2.5772141255127354, 3.9193383051417867, -2.3039983304660385, 0.928083837129413, 1.649054328841363] 
[-3.977778679301541, 2.453463220841821, -3.9695685261190174, -3.3723809441088277, 0.5243426037786145, -2.6567769624021675, -3.344626438888847, 4.124800452399866, -3.4436777285814033, -0.777166390020342, -0.5421765413276289, -1.0976955707099116, 5.193907182203602, -10.63460598631905, -4.7647661482161805, 2.287924441301687, -2.936418409772123, 3.6713747043848444, 7.1155300961848935, 2.0890090390435025, 4.410119774436888, -2.5869599381718476, 0.659926959404306, 1.7521991533119645] 
[-4.178521554934922, 2.25272034520844, -3.7688256504856366, -3.171638068475447, 0.7250854794119954, -2.8575198380355484, -3.143883563255466, 4.3255433280332465, -3.644420604214784, -0.9779092656537229, -0.34143366569424805, -0.8969526950765307, 5.687846367773728, -11.14609769141074, -4.860670825613683, 2.018231118550981, -2.8182047105856043, 3.3962179187618338, 6.79820914511615, 2.0096281538703247, 4.213857993166545, -2.099630823167623, 1.1194108108463026, 1.875925820297489] 
[-4.356352674917056, 2.430551465190574, -3.5909945305035027, -2.993806948493313, 0.9029165993941293, -2.6796887180534146, -2.966052443273332, 4.147712208051113, -3.822251724196918, -0.8000781456715891, -0.5192647856763819, -0.7191215750943969, 5.546961565562558, -11.214191395080492, -4.756576896963307, 1.877714815788661, -2.753700279337571, 3.2141044757458364, 6.582115571434786, 1.935293720185934, 4.086095069971543, -1.9987112579793362, 0.9881323529793312, 2.0690830753460787] 
[-4.167721602539072, 2.2419203928125904, -3.7796256028814863, -2.8051758761153294, 0.7142855270161457, -2.491057645675431, -2.7774213708953486, 4.336343280429096, -4.010882796574902, -0.6114470732936055, -0.3306337132983983, -0.5304905027164133, 6.206146210526045, -11.876788646403975, -4.7850607304684925, 1.6278336352626137, -3.3864867229048206, 2.604737362835113, 6.65267489057588, 1.3671744902358092, 4.66402031406909, -2.0926890190079144, 0.684398645144443, 2.336716761907667] 
[-4.150551066198614, 2.2590909291530488, -3.762455066541028, -2.788005339774871, 0.6971149906756873, -2.5082281820158894, -2.76025083455489, 4.319172744088638, -4.02805333291536, -0.5942765369531471, -0.3134631769579399, -0.5476610390568717, 6.250510072642174, -11.927915226179657, -4.816845119691304, 1.6336974101676962, -3.3874547916367783, 2.6352774833902015, 6.685057816047163, 1.3464768672028713, 4.664299154394962, -2.11811305114666, 0.661027592032294, 2.3249049314514934] 
[-4.0480268280031035, 2.361615167348559, -3.864979304736538, -2.8905295779703812, 0.7996392288711975, -2.405703943820379, -2.65772659635938, 4.421696982284148, -3.92552909471985, -0.4917522987576368, -0.21093893876242964, -0.650185277252382, 6.214931238421235, -12.052447864669137, -4.9397573660754945, 1.6951069640032466, -3.3805294848378686, 2.8334126801928345, 6.904082218448664, 1.0589437516801656, 4.959213041863455, -2.2667212797100973, 0.7396167109239435, 2.205238672373462] 
[-3.901800675518417, 2.2153890148638724, -3.7187531522518515, -3.036755730455068, 0.9458653813558842, -2.5519300963050657, -2.8039527488440665, 4.567923134768835, -4.071755247204536, -0.6379784512423234, -0.35716509124711626, -0.5039591247676953, 6.105220952237597, -12.117687160558473, -4.8795151001915285, 1.5529921906037334, -3.5604299662451013, 2.803833665911085, 6.703231142203218, 1.4877039581145444, 4.521807083234752, -2.077875252112996, 0.6313144169475351, 2.3673756328074638] 
[-4.049734480464921, 2.067455209917368, -3.5708193473053473, -2.8888219255085636, 1.0937991863023884, -2.69986390125157, -2.6560189438975623, 4.4199893298223305, -3.923821442258032, -0.7859122561888277, -0.20923128630061205, -0.6518929297141995, 5.8436186775295, -11.843155361979724, -4.841852889895602, 1.7134697029847086, -3.5552957284761546, 3.0198930169495304, 6.913953947024564, 1.5768380860153726, 4.612201371292874, -1.9937970626625217, 0.46497911216454973, 2.5562169437502837] 
[-4.075859402866315, 2.093580132318762, -3.5446944249039536, -2.86269700310717, 1.0676742639009946, -2.673738978850176, -2.6298940214961686, 4.446114252223724, -3.8976965198566385, -0.8120371785902214, -0.1831063638992183, -0.6780178521155933, 5.80103334016331, -11.799336544896969, -4.838402759235756, 1.7552627554399338, -3.411567243291735, 3.1655235848694874, 6.958568708593306, 1.632663699245506, 4.553727256076301, -2.0020595876996685, 0.4842619686055325, 2.5800916779726277] 
[-4.221122446164078, 2.2388431756165255, -3.689957468201717, -3.0079600464049334, 0.9224112206032311, -2.5284759355524127, -2.484630978198405, 4.591377295521488, -3.752433476558875, -0.6667741352924579, -0.03784332060145479, -0.8232808954133568, 5.5774933517617935, -11.604382095568337, -4.922971105721888, 1.5871079654452906, -3.468638157888495, 3.310156031771456, 7.181527431851208, 1.1955006848943417, 4.9888090787775505, -2.181475298166772, 0.5225775161808952, 2.7216163135560674] 
[-4.340559469795282, 2.3582801992477287, -3.570520444570514, -2.88852302277373, 0.8029741969720279, -2.647912959183616, -2.6040680018296083, 4.710814319152691, -3.871870500190078, -0.7862111589236611, -0.15728034423265802, -0.94271791904456, 5.815519290634223, -11.821500431758965, -4.820681015967373, 1.7479328256162883, -3.3426445782954834, 3.303212155550804, 7.2945229506982665, 1.2706441953890604, 5.047016253600467, -1.9454113790879064, 0.7592054880623618, 2.8362706905140143] 
[-4.459970433208771, 2.238869235834239, -3.6899314079840035, -3.00793398618722, 0.6835632335585382, -2.7673239225971056, -2.723478965243098, 4.830225282566181, -3.7524595367765885, -0.9056221223371508, -0.2766913076461477, -1.0621288824580497, 5.927621483408849, -11.810429198649741, -4.9679470693228405, 1.6412544632060948, -2.9964625940118874, 3.7004484133632047, 7.526189354453681, 1.3429748309787393, 5.120330406082104, -2.200962861461677, 0.49785700840220554, 2.9726761843330474] 
[-4.356839822784374, 2.3419998462586364, -3.586800797559606, -3.1110645966116173, 0.5804326231341408, -2.664193312172708, -2.6203483548187005, 4.933355892990578, -3.649328926352191, -1.0087527327615482, -0.17356069722175027, -1.1652594928824471, 6.015366438326381, -11.784779768894285, -5.116459465383724, 1.486041817351175, -3.0481006948268483, 3.812323503040796, 7.6760863859838295, 1.7432999014489512, 4.729509540294829, -1.9628602148109122, 0.7417879974627044, 3.0557772365821108] 
[-4.253657129578621, 2.2388171530528838, -3.689983490765359, -3.21424728981737, 0.4772499299283881, -2.767376005378461, -2.517165661612948, 4.830173199784825, -3.5461462331464384, -0.9055700395557955, -0.07037800401599759, -1.2684421860881998, 6.096149573430271, -11.750498506705382, -5.188001538133492, 1.5657618905998985, -3.134859021792014, 3.8422876622143787, 7.583106350716646, 1.745555986767274, 4.853821779869277, -1.5614132853972174, 1.1416228140966032, 2.938077808858172] 
[-4.650282266075476, 2.6354422895497387, -3.293358354268504, -2.817622153320515, 0.08062479343153317, -3.164001141875316, -2.913790798109803, 5.22679833628168, -3.1495210966495835, -0.5089449030589406, -0.4670031405128525, -1.6650673225850547, 5.28903109078024, -11.011394464115572, -5.5446095279381415, 1.0092299421310291, -2.316045666712781, 4.76054679569736, 8.237839710349407, 1.9991085596953502, 5.103525196570455, -0.1298722670291541, 2.5661831489969478, 3.3162914151934673] 
[-4.984243160010643, 2.9694031834849057, -2.959397460333337, -3.151583047255682, 0.4145856873667002, -2.8300402479401487, -2.5798299041746358, 4.892837442346513, -3.4834819905847505, -0.17498400912377354, -0.13304224657768549, -1.9990282165202218, 7.885285412245206, -13.60300047738049, -5.251922705072506, 1.2949369184894288, -2.586861938572225, 4.413784739749493, 7.876119764777792, 1.6813122686877, 5.037082788860558, -0.7150952012079691, 1.9891795411932436, 3.628898581861575] 
[-5.241371465638026, 2.712274877857523, -2.702269154705954, -3.408711352883065, 0.15745738173931745, -2.572911942312766, -2.8369582098020185, 5.149965747973896, -3.7406102962121333, 0.08214429650360922, -0.39017055220506824, -2.2561565221476045, 13.130732510136212, -18.85923062480458, -4.787432275530321, 1.4655972864139504, -2.1914067379512474, 4.778577703753601, 7.69101597384375, 1.520919757162896, 4.892282353138019, -0.9426363844362236, 2.2239554931131202, 3.898761957728447] 
[-5.197685337760164, 2.668588749979661, -2.7459552825838163, -3.3650252250052026, 0.11377125386145526, -2.529225814434904, -2.8806443376798807, 5.193651875851758, -3.7842964240899954, 0.1258304243814714, -0.34648442432720605, -2.2124703942697423, 13.337920745579215, -19.06752031039913, -4.777090866417348, 1.4269164702600232, -2.2289716249086085, 4.754999605420659, 7.740083438367578, 1.682869180844216, 4.733925638572121, -0.9388498121335356, 2.2589364459014707, 3.8634687770098677] 
[-4.830877877670681, 3.0353962100691434, -3.112762742673299, -3.7318326850946852, -0.25303620622802736, -2.8960332745243864, -3.2474517977693633, 4.826844415762276, -3.417488964000513, -0.2409770357080112, 0.020323035762276564, -2.579277854359225, 15.129724382987376, -20.87722768495236, -4.613893498662526, 0.903417427116254, -1.7263943767788246, 5.079837096460175, 7.581503495000733, 1.9795830857681986, 4.813566427556233, -1.2431544467346871, 1.8294503810549023, 3.4100544876585612] 
[-4.82063281248177, 3.045641275258055, -3.1025176774843874, -3.721587619905774, -0.2632812714169388, -2.885788209335475, -3.2576968629582748, 4.816599350573364, -3.4277340291894243, -0.23073197051909977, 0.010077970573365125, -2.5895229195481364, 15.12970236487056, -20.866829526148198, -4.624380862977058, 0.9081232312439605, -1.7156464068243857, 5.064781162449947, 7.570212799059146, 1.7678758179591052, 5.02565156340465, -1.223132933155357, 1.8441249995309823, 3.420054548317915] 
[-4.605466677480945, 3.2608074102588795, -3.317683812485212, -3.506421484904949, -0.04811513641611409, -2.6706220743346503, -3.4728629979590995, 5.031765485574189, -3.642900164190249, -0.015565835518275062, 0.22524410557418983, -2.804689054548961, 14.90801772404562, -20.86024234549069, -4.854494642746137, 1.3655852107470643, -2.1597489503883347, 5.003347876185102, 7.818304335906465, -2.3350761848168675, 9.124886043013923, -1.3752679010899038, 1.5973635386787894, 3.2069496752739495] 
[-4.650487821157708, 3.3058285539356427, -3.272662668808449, -3.5514426285817122, -0.003093992739350959, -2.7156432180114134, -3.5178841416358626, 5.076786629250952, -3.597879020513486, -0.06058697919503819, 0.27026524925095297, -2.8497101982257242, 11.339719075416241, -17.2913982684853, -4.941233447564836, 1.3833018945358277, -2.1220987416303387, 5.032188552919437, 7.784068421967017, -2.317763878330928, 9.164036025984782, -1.3238359562284427, 1.6352637710994233, 3.2439828533914308] 
[-4.74236674729194, 3.213949627801411, -3.180783742674217, -3.4595637024474803, 0.08878493339488092, -2.6237642918771815, -3.4260052155016307, 4.98490770311672, -3.506000094379254, 0.03129194693919368, 0.1783863231167211, -2.7578312720914924, 11.361415186135178, -17.220121647756027, -5.017110380139424, 1.5246600390590361, -2.270059689342483, 5.124366344592366, 7.783851148253228, -2.7893357402584544, 9.650813342643447, -1.1513179855069389, 1.7181274866241987, 3.314712854968893] 
[-4.451319021615352, 2.922901902124823, -3.471831468350805, -3.7506114281240683, 0.3798326590714689, -2.9148120175537695, -3.1349574898250427, 4.693859977440132, -3.797047820055842, -0.2597557787373943, 0.4694340487933091, -3.0488789977680804, -83.78345352224606, 77.92529605392049, -4.510785771811932, 1.774289403304786, -2.076554406704394, 4.852912275348213, 7.795330897192303, -0.4866861464588359, 7.320901012136176, -1.6733918699542263, 1.983507657421914, 3.5621175938348544] 
[-4.666405379354846, 2.7078155443853285, -3.6869178260902995, -3.535525070384574, 0.16474630133197454, -2.699725659814275, -3.350043847564537, 4.478773619700638, -3.5819614623163476, -0.47484213647688867, 0.2543476910538147, -2.833792640028586, -80.0338314713859, 74.1775263808807, -4.442838011462649, 1.9722224508970685, -2.007322205218351, 4.696403002680125, 7.977611159735594, 0.5575730736964459, 6.274753060784642, -1.3651781607724882, 2.4334684621267195, 3.151150817111097] 
[-4.6420353789985365, 2.6834455440290186, -3.6625478257339896, -3.559895070740884, 0.18911630168828442, -2.724095660170585, -3.3256738472082272, 4.454403619344328, -3.6063314626726575, -0.4504721361205788, 0.22997769069750484, -2.809422639672276, -80.02019693391999, 74.18937011473076, -4.452982957247764, 2.004503094476029, -2.0453801706561685, 4.672746844908849, 7.991964731480179, 0.5517219372197867, 6.253965767754103, -1.3485999342499522, 2.4094445350727187, 3.1806441556296012] 
[-4.896102379207378, 2.9375125442378605, -3.9166148259428315, -3.8139620709497257, 0.4431833018971263, -2.470028659961743, -3.579740847417069, 4.200336619135486, -3.3522644624638156, -0.7045391363294207, -0.02408930951133703, -2.5553556394634342, -82.4261699664353, 76.59466193710027, -4.500844589872259, 2.3510218783386314, -2.3689659637581024, 4.9936542966332444, 8.292469178044724, -1.303619331223449, 8.153465946228366, -2.0174769279065057, 1.830831970796107, 3.5469606091290884] 
[-4.984387189198846, 2.849227734246393, -3.828330015951364, -3.7256772609582582, 0.5314681118885938, -2.3817438499702757, -3.6680256574085366, 4.112051809144019, -3.263979652472348, -0.6162543263379532, -0.11237411950280451, -2.4670708294719668, -79.95959417696815, 74.1244010397783, -4.227382172452711, 2.5745729327849785, -2.340780801858632, 5.106975952396789, 8.327114264800972, -0.9026681589760917, 7.755730953375514, -2.018257244445061, 1.919993222483774, 3.636608501306491] 
[-5.21089147555966, 3.0757320206072074, -4.0548343023121785, -3.9521815473190727, 0.30496382552777934, -2.1552395636094612, -3.441521371047722, 3.885547522783204, -3.0374753661115337, -0.8427586126987676, 0.11413016685800992, -2.2405665431111523, -80.08365522071949, 74.5044749209957, -4.881039211847318, 1.7761072035811094, -1.6854546742703507, 5.548404978442118, 8.354526090471108, -0.770067178458749, 7.896312143625642, -2.1598720006720358, 2.0827910548567115, 3.8747479106417235] 
[-5.564722513296659, 3.4295630583442063, -4.408665340049177, -4.306012585056072, -0.048867212209219524, -2.50907060134646, -3.795352408784721, 3.5317164850462053, -2.683644328374535, -0.48892757496176875, 0.4679612045950088, -1.8867355053741535, -80.34606486724361, 74.40015968011383, -5.8971462251425235, 0.5554724973087561, -0.9426373543393173, 4.438402519258846, 7.248021643574447, -0.011773718867894356, 7.061491630770612, -2.0233300966743695, 1.8457955157847292, 3.532065977083244] 
[-5.448931662912419, 3.3137722079599663, -4.524456190433417, -4.421803435440312, -0.1646580625934595, -2.6248614517307, -3.679561558400481, 3.4159256346619653, -2.567853477990295, -0.3731367245775288, 0.3521703542107688, -2.0025263557583934, -80.42319554589736, 74.33890360399799, -5.805569811896411, 0.49934928135215967, -1.0393906010520644, 4.204801566592833, 6.993463120162603, -0.07630226571244815, 7.300934350220065, -1.7291919140123997, 2.0902491928190186, 3.386028772138149] 
[-5.400236182217907, 3.265076727265454, -4.475760709738905, -4.3731079547458, -0.21335354328797163, -2.576165971036188, -3.630866077705969, 3.367230153967453, -2.616548958684807, -0.32444124388301665, 0.3034748735162567, -1.9538308750638813, -80.44996319871048, 74.30885896983932, -5.846743548278907, 0.5288031536138588, -0.9950815977451271, 4.184858034175612, 7.066485194195661, -0.00011136915338583186, 7.320480162901111, -1.7585074539243761, 2.1245956580235736, 3.430107954335202] 
[-5.255168137543689, 3.120008682591236, -4.6208287544131235, -4.2280399100715815, -0.06828549861375333, -2.7212340157104062, -3.4857980330317506, 3.5122981986416715, -2.7616170033590253, -0.17937319920879835, 0.15840682884203838, -2.0988989197380996, -80.53611011949039, 74.23201182941607, -5.728404660946322, 0.44994090893372557, -1.1256556238823705, 4.227616907189035, 6.82831979954691, -0.2919078398412902, 7.640072110904934, -1.4892921011080757, 2.034022751656891, 3.5847640458696426] 
[-5.505612350383033, 3.37045289543058, -4.370384541573779, -3.9775956972322373, -0.3187297114530976, -2.470789802871062, -3.2353538201924064, 3.7627424114810157, -2.511172790519681, -0.4298174120481426, -0.09203738399730588, -2.349343132577444, -78.79440698869958, 72.4900437391279, -5.245909719324446, 0.9466797702477017, -1.4058905183484256, 3.872179059353958, 6.533159368901984, 0.026772561002885775, 7.156996294130292, -1.876482897690074, 2.2025608364560254, 3.8220266003293304] 
[-5.800501142775876, 3.6653416878234233, -4.665273333966622, -3.682706904839394, -0.02384091906025443, -2.765678595263905, -3.5302426125852495, 3.4678536190881726, -2.806061582912524, -0.7247062044409858, 0.20285140839553728, -2.644231924970287, -78.68095662350056, 72.75559212468116, -4.357392891948413, 1.8883081559578514, -1.8298348226006367, 3.3042816781958613, 5.949924207979265, 0.788270704644497, 6.085734040260666, -2.8402051008449467, 1.5998773097744825, 4.0815553188226845] 
[-6.07657779779644, 3.941418342843987, -4.389196678946059, -3.4066302498188303, -0.2999175740808182, -3.041755250284469, -3.2541659575646857, 3.191776964067609, -2.5299849278919604, -0.448629549420422, 0.47892806341610106, -2.920308579990851, -78.87609462731928, 72.55422116190023, -4.53605839698537, 2.0253607812630587, -1.5593884995159195, 3.4256315060967455, 5.50950598449597, 0.17261623496194411, 6.7731872880834505, -1.8169201516279112, 2.556755400070746, 3.6786349981054665] 
[-5.561663155736512, 3.426503700784059, -4.904111321005987, -2.8917156077589024, 0.21499706797910978, -2.526840608224541, -3.7690805996246137, 3.706691606127537, -3.0448995699518884, -0.96354419148035, -0.03598657864382693, -2.405393937930923, -79.49390762558099, 73.27404890590869, -4.013071918310819, 1.7863535895372427, -0.8347712345174949, 2.7534327170627146, 6.019905689826661, 0.7019123389482284, 7.816983158148338, -0.7515674564135117, 2.5919602969402407, 3.149458818630743] 
[-5.656611400886971, 3.5214519459345177, -4.999059566156445, -2.7967673626084437, 0.12004882282865115, -2.4318923630740823, -3.8640288447750724, 3.8016398512779954, -3.139847815102347, -0.8685959463298913, -0.13093482379428556, -2.310445692780464, -79.22903276548327, 73.00598364346494, -3.883437760068788, 1.8125427108053662, -0.8956296724890734, 2.9624398404044516, 6.292490402538764, 0.9050941289278767, 7.822033675841133, -0.7995425285814417, 2.649177634348777, 3.24527752575617] 
[-5.4082014591547365, 3.2730420042022836, -4.750649624424211, -3.045177304340678, -0.12836111890358293, -2.1834824213418482, -3.6156189030428383, 4.0500497930102295, -2.891437873370113, -0.6201860045976573, 0.11747511793794851, -2.06203575104823, -79.78123112063349, 73.56382920828719, -3.986142262648004, 1.450250959349404, -0.6029182895678793, 3.0784905861254495, 5.968195205483149, 0.5714257008038972, 7.728043655947193, 0.25315482791506483, 3.7119137129318696, 3.5540937578149423] 
[-5.8163621674251464, 3.6812027124726936, -5.158810332694621, -2.637016596070268, 0.27979958936682703, -1.7753217130714383, -3.2074581947724283, 3.6418890847398195, -2.483277165099703, -1.0283467128680672, -0.29068559033246144, -1.6538750427778202, -80.1826187088125, 73.55492788524506, -33.18496197378774, -27.747852150829168, -1.000455717030049, 4.388795441703476, 7.1775066222395605, -0.32539793402031125, 8.734091826774254, 0.15834113847629716, 4.049372407757774, 3.947071644496916] 
[-6.656096936912852, 2.841467942984988, -4.3190755632069155, -3.4767513655579734, -0.5599351801208785, -2.615056482559144, -2.367723425284723, 2.802154315252114, -1.6435423956119974, -0.1886119433803617, 0.5490491791552441, -2.4936098122655257, -79.30637330063242, 73.4603660635838, -30.176409966630768, -24.573811587452912, -2.477619268058106, 4.374342667845807, 6.3451022529548595, 1.4566240627205143, 6.219563537647991, -3.4505359901493304, 0.8565104136711348, 3.0681348867674023] 
[-6.408795877283189, 3.0887690026146513, -4.071774503577252, -3.22945030592831, -0.8072362397505417, -2.862357542188807, -2.615024484914386, 3.049455374881777, -1.8908434552416606, -0.4359130030100249, 0.3017481195255809, -2.740910871895189, -79.48463543484974, 73.65872934504785, -30.300609105897998, -24.994531565050785, -1.8229064531305732, 3.5384540529311135, 5.344638142801229, 2.3317290301004485, 9.557514906674303, -0.12123795132830084, 0.7274227898958561, 2.873593790473121] 
[-6.429222638098174, 3.0683422417996664, -4.0513477427622675, -3.249877066743295, -0.7868094789355569, -2.882784303003792, -2.594597724099401, 3.069882135696762, -1.9112702160566455, -0.45633976382500974, 0.32217488034056574, -2.720484111080204, -79.46610085808807, 73.64360467045313, -30.39589564801623, -25.088990750169618, -1.8769733194190361, 3.5920387986921463, 5.318898691560925, 2.3611269824760304, 9.42121767592173, -0.2573322097366447, 0.7361943174118603, 2.8509911604234373] 
[-6.327333526142268, 2.9664531298437606, -3.9494586308063617, -3.1479879547873892, -0.8886985908914626, -2.780895191047886, -2.4927086121434954, 2.9679930237408563, -1.8093811041007397, -0.35445065186910396, 0.22028576838465996, -2.82237322303611, -79.55813107809128, 73.71153679314851, -29.93246550391041, -24.623173230473032, -1.903355653861329, 3.748461806170518, 5.555901695131338, 2.1398531751650616, 9.395491958770107, -0.4031827531037446, 0.5767913681034763, 2.99422917494092] 
[-6.180806321440662, 3.1129803345453664, -3.802931426104756, -3.294515159488995, -0.7421713861898569, -2.927422395749492, -2.639235816845101, 2.8214658190392505, -1.662853899399134, -0.20792344716749822, 0.3668129730862657, -2.9689004277377156, -79.70110208676535, 73.7933660613439, -29.446283950409875, -24.13212754888697, -1.3587151677192424, 3.1984286526101173, 5.511105395619123, 2.3083126288859925, 9.302779508188397, -0.349331246212523, 0.4586105571586464, 2.870696732203936] 
[-6.234267868936185, 3.0595187870498433, -3.856392973600279, -3.241053611993472, -0.6887098386943338, -2.8739608482539687, -2.6926973643406242, 2.7680042715437274, -1.716315446894657, -0.26138499466302134, 0.3133514255907426, -3.0223619752332387, -79.74991649199188, 73.7478764863742, -29.579202151449206, -24.264764073512602, -1.375354876939091, 3.160020304694546, 5.541638363368237, 2.3478469886483677, 9.291282207679938, -0.3050394569774259, 0.541209396359451, 2.788680927113987] 
[-6.638613116510871, 3.4638640346245286, -4.2607382211749645, -2.8367083644187865, -0.2843645911196484, -3.278306095828654, -2.288352116765939, 3.172349519118413, -1.3119701993199717, -0.6657302422377067, 0.717696673165428, -2.6180167276585533, -80.1713747440405, 74.09903253399438, -28.386970172905585, -23.01928263706353, -2.5178311638155435, 4.2520577700742095, 5.492224604955149, 1.9524749013807792, 9.075647557112827, -0.07179674856660861, 1.1244006290714403, 2.2119069009277643] 
[-6.270324536854086, 3.095575454967744, -3.89244964151818, -3.204996944075571, 0.08392398853713612, -3.6465946754854386, -1.9200635371091543, 3.5406380987751973, -1.6802587789767562, -0.2974416625809222, 1.0859852528222125, -2.986305307315338, -79.70765199012226, 74.38816012185394, -30.178915393018894, -24.81416557502885, -2.262252403454771, 3.825810997976466, 5.378306206293999, 1.6606565330756393, 7.4300710096241405, -1.7506502315060708, 1.628866156776251, 2.354229294480497] 
[-6.182958006975219, 3.1829419848466114, -3.8050831116393127, -3.1176304141967037, 0.1712905184160034, -3.733961205364306, -2.0074300669880216, 3.45327156889633, -1.592892249097889, -0.3848081924597895, 0.9986187229433452, -3.073671837194205, -79.61902939687984, 74.290387665165, -29.903335214719576, -24.54228553908182, -2.1988024101360373, 3.670564810552568, 5.817902104437255, 1.2296074246955924, 8.15913298276012, -1.0250192363372401, 1.6171793163762418, 2.2766298519457138] 
[-6.149632794091775, 3.1496167719631676, -3.771757898755869, -3.1509556270801475, 0.1379653055325596, -3.700635992480862, -2.0407552798714654, 3.419946356012886, -1.5595670362144451, -0.4181334053432333, 1.031943935826789, -3.0403466243107613, -79.58880404466348, 74.32139431756285, -29.88163464378062, -24.562815540194915, -2.2286012138164653, 3.698210226497906, 5.824207925386941, 1.2583784058493592, 8.173794223231914, -1.0460867736821713, 1.4672006617503226, 2.426555278998003] 
[-6.1927296127749605, 3.192713590646353, -3.8148547174390544, -3.194052445763333, 0.0948684868493741, -3.6575391737976766, -1.99765846118828, 3.3768495373297007, -1.6026638548976306, -0.3750365866600478, 1.0750407545099745, -3.083443442993947, -79.62685984818232, 74.28353509236659, -29.855113211077796, -24.590533136593983, -2.195489566021444, 3.6107825443491843, 6.02677875718851, 1.0675657745339022, 7.819322899042757, -1.4001744603216741, 1.273123304020962, 2.6210979895418203] 
[-6.406233562185018, 2.9792096412362956, -4.028358666849112, -3.4075563951733905, -0.11863546256068336, -3.444035224387619, -2.2111624105983374, 3.1633455879196433, -1.816167804307688, -0.5885405360701053, 0.861536805099917, -3.2969473924040043, -79.39169076562028, 74.04338343341446, -29.991648309608763, -24.451398636621178, -2.453699059119023, 3.13646825576254, 7.204925112437099, -0.06001009056220985, 10.076042348554607, 0.8551767969862645, 1.4282955136894362, 2.707812554399355] 
[-6.246960212866671, 2.8199362919179483, -3.8690853175307645, -3.566829744491738, -0.2779088118790307, -3.2847618750692718, -2.3704357599166848, 3.3226189372379906, -1.6568944549893407, -0.4292671867517579, 0.7022634557815697, -3.4562207417223516, -79.57513123651867, 73.84385854021157, -29.81379524350813, -24.453634879231867, -2.610080368732152, 3.1133221141239766, 6.531065636525911, 0.6177322224421111, 9.200472128818868, -0.030163082344054626, 1.2029669393858002, 2.6890470650266614] 
[-6.45631953411556, 2.6105769706690585, -3.6597259962818747, -3.7761890657406276, -0.06854949063014093, -3.4941211963181615, -2.5797950811655745, 3.113259615989101, -1.447535133740451, -0.21990786550286812, 0.4929041345326799, -3.246861420473462, -79.37887348987888, 74.22516491821763, -30.571114579793104, -25.25054638304604, -2.095985091311234, 2.835876714537397, 5.930623720799326, 1.2343017248789678, 9.220920896499202, -0.23447833591680015, 0.7206438993439551, 3.167788339161582] 
[-6.9407390489950656, 3.0949964855485637, -3.1753064814023695, -3.2917695508611224, 0.41587002424936426, -3.9785407111976667, -3.0642145960450797, 3.597679130868606, -1.9319546486199561, 0.26451164937663707, 0.008484619653174708, -2.7624419055939566, -80.01154375859053, 73.2271640862335, -29.60287519639606, -25.101315505033966, -2.6811188768757215, 3.3001623727757665, 6.103598844382032, 1.5866740913183164, 24.691655998177758, 15.24633455530534, -0.07485437199331202, 3.04868909082686] 
[-7.0615227683937745, 2.9742127661498547, -3.2960902008010784, -3.1709858314624135, 0.5366537436480732, -3.857756991798958, -2.943430876646371, 3.476895411469897, -2.052738368018665, 0.385295368775346, -0.1122990997455342, -2.8832256249926655, -79.69683918608116, 73.5447968166432, -29.730863101361887, -24.966167235557606, -2.817287140955728, 3.3117558158998084, 6.211033776129867, 1.7049391695700986, 24.67570650170489, 15.100301526362315, 0.058508387958976116, 3.1684582117055173] 
[-6.898405573708902, 3.137329960834727, -3.132973006116206, -3.334103026147286, 0.37353654896320077, -4.02087418648383, -2.7803136819614984, 3.6400126061547695, -1.8896211733337926, 0.5484125634602184, 0.0508180949393382, -2.720108430307793, -79.76058163798817, 73.68834292285632, -29.940357652034447, -25.161007680946398, -2.8193014705589974, 3.7170545703165345, 5.771821098394453, 2.075019936564824, 23.70353356270731, 14.128273299606729, 0.3767157695082554, 3.0372892663534476] 
[-6.810872737750272, 3.224862796793357, -3.045440170157576, -3.246570190188656, 0.28600371300457095, -4.10840702244246, -2.6927808460028686, 3.7275454421133993, -1.9771540092924225, 0.6359453994188482, -0.03671474101929162, -2.6325755943491633, -79.70534276057121, 73.6323871052565, -29.853264113368706, -25.08605965290083, -2.7527860372291086, 3.6834855287032258, 5.714028451632826, 2.0385538736184885, 23.42084101310288, 13.846898884709464, 0.3315707700274755, 3.1266077449771275] 
[-6.971129799852725, 3.3851198588958096, -2.8851831080551236, -3.0863131280862035, 0.12574665090211834, -4.268664084544913, -2.532523783900416, 3.5672883800109467, -1.8168969471899699, 0.7962024615213008, -0.19697180312174423, -2.4723185322467107, -79.37386597472427, 73.97360366147716, -29.648769775060806, -25.294485347927044, -2.4658496423503906, 4.347616869847863, 5.0700500229191565, 2.093251790361876, 23.000708778313324, 13.44232718419109, 0.27032029942286917, 3.2852853432003912] 
[-6.612958505908554, 3.0269485649516388, -2.5270118141109528, -2.7281418341420327, 0.48391794484628914, -3.910492790600742, -2.174352489956245, 3.209117086066776, -1.458725653245799, 1.1543737554654716, -0.555143097065915, -2.8304898261908815, -79.64111867457187, 74.1211471956426, -29.90373226178284, -25.60627551648787, -2.7728089485231937, 5.607749336364919, 3.82027876676897, 1.9391188152316543, 23.915943446082522, 14.323415116019914, 0.5193631884430542, 3.6701913055505933] 
[-6.28302183036775, 3.3568852404924425, -2.8569484896517565, -2.398205158601229, 0.8138546203870929, -4.240429466141546, -1.8444158144154414, 2.879180410525972, -1.1287889777049953, 1.4843104310062754, -0.22520642152511128, -2.5005531506500778, -80.12224427863411, 73.65118245338188, -30.070555734300275, -25.8380043639062, -2.735990040024713, 4.870347061611798, 5.0189212858287275, 0.9039791327767026, 24.480951487740256, 14.920627494293075, 0.9874545712118237, 4.095131427686271] 
[-6.422207174363414, 3.496070584488106, -2.99613383364742, -2.2590198146055656, 0.6746692763914295, -4.379614810137209, -1.9836011584111048, 3.0183657545216356, -1.2679743217006587, 1.6234957750019388, -0.08602107752944788, -2.639738494645741, -80.26141218222136, 73.54197703395863, -29.924446997735547, -25.983155677943877, -2.6832112179985272, 4.781313351451847, 4.793171284268878, 1.1435606961944296, 24.315408699712037, 14.666347683558197, 0.7404319565177535, 3.952127224479692] 
[-6.682709324206438, 3.235568434645082, -2.735631683804396, -1.9985176647625416, 0.4141671265484055, -4.640116959980233, -2.244103308254129, 3.2788679043646596, -1.5284764715436827, 1.3629936251589148, 0.17448107231357612, -2.379236344802717, -79.96716875882653, 73.80160715853607, -30.039439951083, -26.64568249450201, -3.3734942600769204, 4.515950967959231, 4.507444557658966, 1.4931007410549335, 24.03052354132514, 15.052000086124043, 1.1143294501367398, 4.211145921196099] 
[-6.572187534745193, 3.346090224106327, -2.625109894343151, -1.8879958753012964, 0.5246889160096506, -4.529595170518988, -2.354625097715374, 3.1683461149034144, -1.4179546820824376, 1.47351541462016, 0.28500286177482126, -2.268714555341472, -80.04789390939972, 73.87854866470661, -30.06863082221783, -27.106923917002636, -3.8380042858148915, 4.432200370016301, 4.450591110802047, 1.3860913227655132, 24.122806525104547, 14.964567870273866, 1.2184939391183391, 4.318969672523456] 
[-6.890719637892821, 3.0275581209586986, -2.9436419974907793, -1.569463772153668, 0.20615681286202214, -4.211063067371359, -2.0360929945677455, 3.486878218051043, -1.099422578934809, 1.1549833114725314, 0.6035349649224497, -1.9501824521938436, -80.32136328661905, 74.04003050092086, -30.545619372423513, -25.87504570846785, -2.661281541040302, 3.634535542463603, 5.303646293133943, 0.9567727847033807, 23.77314543319363, 14.653039211196623, 1.497400946813559, 3.995543020458972] 
[-6.768067784920208, 2.9049062679860858, -2.8209901445181664, -1.6921156251262808, 0.32880866583463497, -4.333714920343972, -1.9134411415951327, 3.6095300710236558, -0.9767707259621963, 1.0323314584999186, 0.4808831119498369, -1.8275305992212307, -80.61617559833046, 73.73646996948214, -30.39595340104812, -28.919108842968292, -5.705381101702721, 3.881826829730896, 4.981064042781859, 1.2158066764009936, 23.860311912246964, 14.49550036850273, 1.3090956010997974, 4.134182892032004] 
[-6.808748692319571, 2.9455871753854486, -2.7803092371188036, -1.7327965325256436, 0.3694895732339978, -4.293034012944609, -1.9541220489944955, 3.568849163624293, -1.017451633361559, 0.9916505511005558, 0.4402022045504741, -1.8682115066205935, -80.68912971425877, 73.66524390589726, -30.40870740966128, -29.294120359324026, -6.080889184944238, 3.849540934096552, 4.934287998616999, 1.2661147343900307, 23.802431598275387, 14.43890332668649, 1.323266855044068, 4.174010218337334] 
[-6.795679284086176, 2.9325177671520533, -2.7672398288854083, -1.745865940759039, 0.3825589814673931, -4.306103421178005, -1.9410526407611002, 3.5819185718576882, -1.0305210415949544, 0.9785811428671605, 0.4271327963170788, -1.8551420983871982, -80.71384843522596, 73.64157096623813, -30.418608854207697, -29.284057284384325, -6.085024475285322, 3.8609632428949423, 4.939150786762059, 1.279406608586596, 23.825682093649647, 14.460373334337568, 1.319616657838156, 4.1611902839099395] 
[-7.000715600312161, 3.137554083378039, -2.972276145111394, -1.5408296245330533, 0.17752266524140747, -4.101067104952019, -1.7360163245351146, 3.786954888083674, -0.8254847253689688, 1.183617459093146, 0.22209648009109317, -1.6501057821612126, -80.33581840741799, 74.00221939905951, -30.26584785435156, -29.419586612558486, -5.99208324036701, 3.9831907348507363, 5.2154330602893015, 0.9525394808346106, 23.450655489618416, 14.127699819741396, 1.409108318295005, 3.9503486321104813] 
[-6.958315918629899, 3.0951544016957766, -2.9298764634291317, -1.5832293062153155, 0.21992234692366974, -4.143466786634281, -1.7784160062173768, 3.7445552064014116, -0.7830850436867065, 1.1412177774108838, 0.1796967984088309, -1.6925054638434749, -80.45944987477506, 73.8786768203305, -30.314971413131765, -30.82474050980964, -7.3970568718056455, 3.947934998615779, 5.193728365490521, 0.917115677918688, 23.408316495742888, 14.13869525779746, 1.3731632095343125, 3.9929851679536483] 
[-6.569496295338808, 3.483974024986868, -2.5410568401380402, -1.972048929506407, -0.1688972763674217, -4.532286409925373, -1.3895963829262854, 3.35573558311032, -0.3942654203956151, 0.7523981541197924, -0.20912282488226053, -2.0813250871345663, -80.20628037412034, 73.66140213876491, -30.695588294978343, -31.018236511405163, -7.193367053265804, 3.5886868073230493, 5.021000281583163, 0.5596585208328786, 22.881621397513634, 13.691348401468627, 1.48190121621395, 3.6031828140274333] 
[-6.39997596511236, 3.3144536947604206, -2.7105771703644876, -2.1415692597328544, -0.3384176065938691, -4.70180674015182, -1.220076052699838, 3.5252559133367676, -0.5637857506220625, 0.582877823893345, -0.039602494655813114, -1.911804756908119, -79.95597991041495, 73.96506023130755, -30.441359752111808, -31.037583232062023, -7.375035036689434, 3.389958306573535, 4.841654560167772, 0.41499688363181064, 23.051873989688197, 13.675354773957032, 1.6550540907986815, 3.7855265306347454] 
[-6.560122110338134, 3.154307549534647, -2.8707233155902614, -2.301715404958628, -0.49856375181964285, -4.5416605949260465, -1.3802221979256117, 3.365109768110994, -0.40363960539628874, 0.4227316786675712, -0.19974863988158686, -1.7516586116823452, -79.77736987223432, 74.12591133889339, -30.568915765053745, -31.071874431914342, -7.239848367806408, 3.511143539826717, 4.722222259452976, 0.25857784366448944, 23.02771196835557, 13.96294468984751, 1.9507011574714785, 3.9489409829527666] 
[-6.446799035050009, 3.2676306248227722, -2.757400240302136, -2.4150384802467535, -0.6118868271077682, -4.428337519637921, -1.493545273213737, 3.2517866928228685, -0.2903165301081634, 0.5360547539556966, -0.08642556459346151, -1.6383355363942198, -79.93311899640159, 73.97072532508246, -30.508066496660838, -30.788311385392667, -6.95241348857782, 3.5951603497575286, 4.638548038729112, 0.16099223762445036, 22.972657841930502, 14.11898109611881, 2.118212579587902, 3.8410704047210773] 
[-6.388152844450771, 3.208984434223535, -2.8160464309013733, -2.4736846708459908, -0.6705330177070055, -4.369691329038684, -1.5521914638129743, 3.3104328834221057, -0.34896272070740064, 0.4774085633564593, -0.14507175519269877, -1.5796893457949825, -79.86247330036473, 74.04498305283025, -30.471577136512067, -30.67787137424645, -6.829557507160597, 3.5242400559958624, 4.679916422031912, 0.20772026977943103, 23.025471987679246, 14.096692292196286, 2.1662868205713353, 3.899957365060319] 
[-6.53986251033379, 3.0572747683405166, -2.664336765018355, -2.625394336729009, -0.5188233518239871, -4.521400994921702, -1.400481797929956, 3.1587232175390874, -0.19725305482438227, 0.32569889747344094, 0.006637910690319604, -1.731399011678001, -79.99843437096523, 74.19563390230195, -30.264270401129114, -30.86163201160122, -6.786304944079189, 3.6704555932447627, 4.796224672163381, 0.320671477443521, 23.106458156686937, 13.861562669689263, 1.9142910198922156, 4.0513792908038555] 
[-6.524701712260856, 3.0724355664134504, -2.649175966945421, -2.640555134801943, -0.5036625537510533, -4.536561792994636, -1.3853209998570222, 3.1435624194661536, -0.21241385289731607, 0.31053809940050714, 0.021798708763253405, -1.7465598097509347, -79.98695201625229, 74.18109265307551, -30.232689349812784, -30.900238281139664, -6.814865718429525, 3.6545931422687605, 4.775190061584513, 0.33981829042904815, 23.088409544233382, 13.84630082718483, 1.9246480346636605, 4.066529673069455] 
[-6.427930537940251, 2.975664392092846, -2.7459471412660257, -2.5437839604813384, -0.40689137943044873, -4.633332967315241, -1.2885498255364176, 3.046791245145549, -0.3091850272179206, 0.4073092737211117, 0.11856988308385796, -1.6497886354303302, -79.91193968460105, 74.0899002092469, -30.02432556826781, -31.156975067897207, -7.013875964652047, 3.7500035877506166, 4.673966784010535, 0.4539663317102645, 23.160663164785166, 13.724364474762922, 1.7918121677878045, 3.9702405754483028] 
[-6.366523284110339, 2.914257138262933, -2.684539887436113, -2.605191214311251, -0.46829863326036136, -4.571925713485328, -1.3499570793663302, 3.1081984989754616, -0.247777773388008, 0.34590201989119906, 0.05716262925394533, -1.7111958892602428, -79.8603205380328, 74.021095495881, -29.926584612151935, -31.23959095305872, -6.9939568287076685, 3.830689892775831, 4.751596219989402, 0.5115876445918419, 23.24331575647257, 13.79554673228266, 1.756548465067701, 4.031950067829727] 
[-6.485585311854115, 3.03331916600671, -2.5654778596923364, -2.4861291865674744, -0.34923660551658475, -4.452863685741551, -1.2308950516225536, 2.989136471231685, -0.3668398011317846, 0.22683999214742245, 0.17622465699772194, -1.5921338615164662, -79.9913712639521, 73.87326895939194, -29.8365988268823, -31.08029532610322, -6.814372172067446, 3.9165554121963386, 4.630474289517327, 0.6483995815700471, 23.414490462150034, 14.017331945120443, 1.949296619410052, 3.911438309306292] 
[-6.137152042809922, 2.6848858969625167, -2.9139111287365296, -2.1376959175232813, -0.0008033364723916137, -4.104430416697358, -1.5793283206667468, 2.640703202187492, -0.7152730701759777, -0.12159327689677069, -0.1722086120464712, -1.9405671305606593, -79.54403143948201, 74.36818833688768, -30.479703206629946, -30.496296721079656, -6.898798868051633, 4.1532786252089675, 4.242112427287008, 1.1150973041521905, 23.95178856314181, 14.500236564900435, 1.7019389524723176, 3.5639065748342365] 
[-6.401819610340126, 2.94955346449272, -2.649243561206326, -1.8730283499930778, 0.26386423105781187, -3.8397628491671547, -1.8439958881969503, 2.9053707697176954, -0.45060550264577426, 0.1430742906334328, 0.09245895548373229, -2.205234698090863, -79.77838715267808, 74.1360930703896, -30.4843268322174, -31.979802391192024, -8.382544726791286, 3.8877151842998607, 4.4222457553327645, 1.2875380202177935, 24.59156661324788, 15.158092720373293, 1.3930271602301216, 3.809584689327315] 
[-6.610412998357865, 2.740960076474981, -2.8578369492240654, -1.6644349619753385, 0.05527084304007257, -3.6311694611494154, -1.635402500179211, 3.1139641577354347, -0.24201211462803496, 0.3516676786511721, -0.11613443253400701, -2.413828086108602, -79.54563157642461, 74.3440642097992, -30.318683904557314, -31.92030496710147, -8.537954622186682, 3.9694700219006465, 5.124576054083784, 0.5799554562847355, 24.509407818501508, 15.363810542408341, 1.6399354882995858, 3.5876173755537524] 
[-6.638305242302546, 2.768852320419662, -2.8857291931687463, -1.6365427180306575, 0.027378599095391642, -3.6590617050940963, -1.60751025623453, 3.0860719137907537, -0.21411987068335403, 0.32377543470649117, -0.08824218858932609, -2.441720330053283, -79.49839225956235, 74.40943315821289, -30.38495439819089, -31.28960763169142, -7.907986022090029, 4.007464313904839, 4.886059891200172, 0.8178961207904218, 24.469207906352427, 15.310918256261075, 1.5918914018380788, 3.555822820055312] 
[-6.369016536808167, 2.499563614925283, -3.155017898663125, -1.9058314235250364, 0.29666730458977053, -3.3897729995997175, -1.3382215507401511, 3.3553606192851326, -0.4834085761777329, 0.054486729212112284, 0.1810465169050528, -2.172431624558904, -79.74571103784423, 74.47727778550701, -30.017578553224006, -39.07100738571665, -15.686716850184343, 3.723051544270889, 5.049442052148114, 0.9459810704404336, 24.231513120075086, 15.4692627829, 1.3880148818387887, 3.812082096536498] 
[-6.410432725239484, 2.5409798033565996, -3.1136017102318085, -1.8644152350937198, 0.3380834930210872, -3.348356811168401, -1.3796377391714678, 3.313944430853816, -0.44199238774641625, 0.09590291764342895, 0.13963032847373613, -2.213847812990221, -79.7021831095396, 74.50803590090021, -29.994703300031535, -39.12525215207151, -15.701012038860545, 3.65087606353142, 4.505929891876709, 1.4864372207767702, 24.276906728456918, 15.529621293586466, 1.3533168157891857, 3.7741968058642836] 
[-6.4063729863898145, 2.545039542206269, -3.1095419713821393, -1.868474973943389, 0.33402375417141794, -3.3442970723187315, -1.383697478021137, 3.318004169703485, -0.437932648896747, 0.0918431787937597, 0.1436900673234054, -2.21790755183989, -79.70603439015221, 74.51002700673833, -29.991731235138293, -39.12945133789902, -15.701144520458401, 3.646599641992576, 4.500379568094625, 1.4878456010503818, 24.26964168531617, 15.52207881787362, 1.3482382990664437, 3.77867843063544] 
[-6.449725068275849, 2.5883916240923033, -3.066189889496105, -1.9118270558294235, 0.3773758360574524, -3.387649154204766, -1.4270495599071715, 3.3613562515895197, -0.39458056701071254, 0.04849109690772524, 0.18704214920943985, -2.2612596337259245, -79.74026402062711, 74.5997683004783, -30.08122192963291, -39.627140390459594, -16.205214444115263, 3.5250873656913893, 3.633100578825651, 2.352894009645344, 24.271171909631022, 15.482995673774695, 1.3924310636457413, 3.731527237140833] 
[-6.178867211434002, 2.85924948093415, -2.795332032654258, -1.6409691989875768, 0.10651797921560568, -3.1167912973629193, -1.6979074167490182, 3.090498394747673, -0.12372271016886582, -0.22236675993412147, 0.45790000605128656, -2.5321174905677712, -79.37975021563007, 75.23541984929756, -30.688850955798635, -39.23772656405704, -16.08441650924142, 3.9556124871249643, 8.110169225761565, -2.1222168788172846, 24.62406872342028, 15.357641124760852, 1.6940386922848152, 3.4249911566668048] 
[-6.0491700696737345, 2.7295523391738823, -2.925029174414526, -1.511272057227309, 0.23621512097587338, -2.9870941556026516, -1.827604558509286, 2.9608012529874053, 0.005974431591401874, -0.35206390169438917, 0.5875971478115543, -2.4024203488075035, -79.52120414826184, 75.3529806639072, -30.588014814136972, -39.315648168544946, -16.026453872296198, 4.085445604407111, 8.015486343506854, -2.157163114121673, 24.471020482351392, 15.161523600013812, 1.9386662896082598, 3.2088068495855477] 
[-5.815510787463004, 2.4958930569631517, -2.691369892203795, -1.7449313394380397, 0.0025558387651427594, -2.753434873391921, -2.0612638407200166, 3.194460535198136, 0.2396337138021325, -0.5857231839051198, 0.8212564300222849, -2.168761066596773, -79.68852333398755, 75.04075919851202, -30.28808189113654, -43.79922168799491, -20.513952111302668, 4.385796201116079, 8.146034420003373, -2.035342479007904, 24.23255119285437, 15.024937902018278, 1.6050065911918727, 3.5707781944245647] 
[-6.1084017212062305, 2.203002123219925, -2.984260825947022, -2.0378222731812663, -0.29033509497808385, -3.0463258071351476, -1.76837290697679, 2.9015696014549093, -0.053257219941094114, -0.8786141176483464, 0.5283654962790583, -2.4616520003399995, -79.37669790618008, 74.98817124896945, -29.805869096595266, -46.520888825147935, -23.22022801698457, 4.39041331407896, 6.535282501251234, -0.4180191442605259, 24.691869246120984, 14.380303172663547, 2.3184561799050525, 3.0328893185883574] 
[-6.2690850132971105, 2.042318831129045, -2.8235775338561417, -2.1985055652721464, -0.4510183870689639, -2.8856425150442675, -1.60768961488591, 3.0622528935457893, 0.10742607214978594, -0.7179308255574663, 0.6890487883699383, -2.3009687082491195, -79.20339407516101, 74.86535441738906, -29.87682676057372, -46.3616219203952, -23.225404919907724, 4.227286907957089, 6.361596454051528, -0.4073829678835911, 24.549269134133223, 14.943301494139657, 1.705407507733895, 3.3469503480737095] 
[-6.332189820106964, 1.9792140243191914, -2.760472727046288, -2.1354007584622927, -0.5141231938788176, -2.822537708234414, -1.5445848080760562, 3.125357700355643, 0.1705308789596396, -0.6548260187476127, 0.752153595179792, -2.237863901439266, -79.13713071514573, 74.37219649839224, -29.369065320837002, -46.68991091242236, -23.547451955149143, 4.355669910913587, 4.63899839082636, 1.315696216980783, 24.595429586528713, 15.091576487313594, 1.5293319526696973, 3.466294280443122] 
[-6.521833139550814, 2.1688573437630407, -2.5708294076024387, -1.9457574390184433, -0.3244798744349682, -2.6328943887905645, -1.7342281275199056, 2.9357143809117936, 0.36017419840348897, -0.8444693381914621, 0.5625102757359426, -2.427507220883115, -79.33181129659907, 74.11327426219161, -29.2920960392133, -47.275663913562596, -24.118659644690847, 4.282056627271424, 8.367771336483935, -2.412755435604444, 24.83224629250588, 14.729450073843825, 1.850165449345186, 3.548374647945145] 
[-6.696019719439444, 1.9946707638744106, -2.745015987491069, -1.7715708591298132, -0.49866645432359835, -2.4587078089019343, -1.5600415476312754, 2.7615278010231634, 0.5343607782921191, -0.6702827583028319, 0.3883236958473124, -2.6016938007717454, -79.51141782738075, 74.07255236590925, -29.009429981650772, -48.002388244816515, -24.820724447060854, 4.169583862148085, 8.236215976429834, -2.4733082844593532, 24.746753307323203, 14.350571887361431, 2.2291152442331725, 3.6211328434478727] 
[-6.447289522117408, 1.7459405665523744, -2.993746184813105, -2.0203010564518493, -0.2499362570015622, -2.7074380062239705, -1.8087717449533116, 2.5127976037011273, 0.7830909756141553, -0.42155256098079574, 0.13959349852527625, -2.3529636034497092, -79.23350657015631, 74.24939166952024, -28.856532323692342, -49.27613359747664, -26.105915921400783, 4.512552682089495, 8.379215569356703, -2.3293705103733298, 24.227828359578556, 15.080931790695766, 1.6444314551416082, 3.521212161868568] 
[-6.4717754904043465, 1.7214545982654355, -3.018232153100044, -2.0447870247387883, -0.22545028871462325, -2.7319239745109094, -1.8332577132402506, 2.537283571988066, 0.8075769439010942, -0.4460385292677347, 0.11510753023833731, -2.377449571736648, -79.25939729904186, 74.20004471101885, -28.831426054124886, -49.47123289278857, -26.303253531374793, 4.55819540275831, 8.399152401172994, -2.316840209651874, 24.20483136574397, 15.0757064045879, 1.6190517937041249, 3.5479691884253364] 
[-6.091528552407609, 2.101701536262173, -2.6379852151033063, -2.425033962735526, 0.15479664928211445, -3.112170912507647, -2.2135046512369883, 2.1570366339913285, 1.187823881897832, -0.8262854672644724, -0.2651394077584004, -1.9972026337399105, -79.33540043857921, 85.01267308967961, -39.65828004914715, -46.410926126681375, -23.295291162917536, 4.623674822115706, 8.06909462740377, -2.376643065079348, 23.421294542278023, 15.838830241109939, 1.7455011766011364, 3.918756618641167] 
[-6.370412604840072, 2.3805855886946365, -2.9168692675357697, -2.1461499103030626, -0.12408740315034894, -2.8332868600751837, -1.9346205988045249, 1.878152581558865, 0.9089398294653686, -0.547401414832009, -0.5440234601908638, -1.718318581307447, -79.04340745706162, 84.87675256224735, -39.13681593738735, -47.18053509789139, -23.9896330384451, 4.812699076362209, 7.542765371350653, -1.810205032069294, 23.128807721286254, 15.574021412908845, 2.0759152829064655, 3.6641384357968914] 
[-6.118451631454625, 2.1286246153091892, -2.6649082941503224, -1.8941889369176153, 0.12787357023509838, -3.085247833460631, -2.186581572189972, 2.1301135549443124, 0.6569788560799212, -0.2954404414465617, -0.7959844335763111, -1.9702795546928944, -79.24668047932484, 85.6485375019078, -39.93210376657345, -46.87963079140491, -24.015367046785734, 5.0930663609422036, 7.79245955057895, -1.6902801878909448, 23.439515484620635, 15.163075474479596, 2.4254564854383855, 3.434884272596105] 
[-5.832238248678471, 1.8424112325330353, -2.9511216769264763, -2.180402319693769, -0.15833981254105556, -2.799034450684477, -2.472794954966126, 1.8439001721681585, 0.3707654733037673, -0.00922705867040774, -0.5097710508001572, -2.2564929374690483, -79.41477427168232, 84.28782366416182, -38.4675261183667, -49.036899547689714, -26.119299620860016, 4.718894624916747, 7.704727856671473, -2.177155359564763, 24.05498898212545, 14.709834932318367, 2.2780223751799795, 3.6818980799373864] 
[-5.761386738340508, 1.9132627428709985, -3.0219731872644395, -2.2512538300317324, -0.08748830220309234, -2.728182940346514, -2.5436464653040893, 1.7730486618301953, 0.2999139629658041, 0.06162445166755548, -0.43891954046219395, -2.3273444478070116, -79.54876003883594, 84.82778091373608, -39.00013329278083, -48.96611095621977, -26.13886206575363, 4.77753235069194, 7.651402647062396, -2.1915441064783634, 23.98673289761491, 14.786955181335705, 2.331509629726022, 3.62757307027226] 
[-5.766584763560767, 1.9184607680912582, -3.01677516204418, -2.256451855251992, -0.09268632742335203, -2.7333809655667736, -2.5384484400838296, 1.778246687050455, 0.2947159377455444, 0.06682247688781517, -0.43372151524193425, -2.3325424730272712, -79.53803009329782, 84.79473120951656, -38.96799538422416, -48.971860811486835, -26.138525891220716, 4.786302052223689, 7.662252180770119, -2.218107842236179, 24.01290229113483, 14.779794297899556, 2.323759919425948, 3.620118744097978] 
[-5.88029553095848, 1.8047500006935455, -3.1304859294418925, -2.1427410878542794, 0.021024439974360654, -2.8470917329644863, -2.424737672686117, 1.6645359196527423, 0.4084267051432571, 0.18053324428552786, -0.5474322826396469, -2.446253240424984, -79.67436469928035, 84.9291709106855, -38.96526609848514, -48.89983119464836, -26.192937552239435, 4.707863472297398, 7.761616991918446, -2.322439325370919, 23.98692260874968, 14.657909476505248, 2.1560257078587717, 3.4578650584860418] 
[-5.815650356683707, 1.7401048264187726, -3.1951311037166654, -2.2073862621290523, 0.08566961424913355, -2.911736907239259, -2.360092498411344, 1.5998907453779694, 0.3437815308684842, 0.24517841856030076, -0.48278710836487404, -2.381608066150211, -79.54840503130345, 84.25459714777575, -38.29643574393114, -49.30613419407578, -26.598267975213354, 4.786660219538787, 7.846477722933462, -2.373023767928127, 23.95925997205954, 14.599435585603938, 2.1926956858236752, 3.4076370859670257] 
[-5.950093059526043, 1.6056621235764372, -3.329573806559001, -2.3418289649713877, 0.22011231709146895, -3.0461796100815945, -2.2256497955690087, 1.465448042535634, 0.20933882802614878, 0.11073571571796537, -0.6172298112072094, -2.5160507689925464, -79.41590555096727, 84.2801856842987, -38.18400053410096, -49.217320509803464, -26.656055384885978, 4.8997631993626936, 7.731808259242757, -2.4506131600617453, 23.877579735072626, 14.501688411409376, 2.370153075705131, 3.6000100542597115] 
[-5.990759451434925, 1.5649957316675551, -3.2889074146501187, -2.38249535688027, 0.17944592518258684, -3.0868460019904767, -2.1849834036601266, 1.4247816506267519, 0.2500052199350309, 0.15140210762684747, -0.6578962031160915, -2.4753843770836643, -79.45637436068672, 84.26285034125209, -38.20864940637429, -49.23199495496278, -26.618089368574996, 4.948548323350299, 7.7736338121275566, -2.469923500721232, 23.847393557100453, 14.457482688912213, 2.3374396700985867, 3.6254218387673838] 
[-5.884244358492189, 1.458480638724819, -3.1823923217073826, -2.489010449823006, 0.07293083223985075, -3.1933610949332127, -2.0784683107173905, 1.3182665576840158, 0.1434901269922948, 0.25791720056958356, -0.7644112960588276, -2.3688692841409282, -79.34976819942482, 84.3173117413121, -38.153503545929205, -49.579153982504465, -26.97727285321379, 4.792978390002022, 7.689309942886306, -2.2423584662513782, 23.610150747564134, 14.31662255193227, 2.113434049387698, 3.4124575304417246] 
[-6.116143781788259, 1.2265812154287485, -2.950492898411312, -2.7209098731190764, 0.30483025553592125, -3.4252605182292832, -2.310367734013461, 1.0863671343879453, 0.3753895502883653, 0.026017777273513065, -0.9963107193548981, -2.1369698608448577, -79.70393495820076, 81.5089272469726, -35.35423345759786, -49.019152053502594, -26.418261535093997, 4.589617704320289, 7.840016472366021, -2.6381165329288603, 24.032398823199397, 14.48942650391796, 1.7090562210568931, 2.9867926820923887] 
[-6.463224668423339, 1.5736621020638286, -3.297573785046392, -2.3738289864839963, 0.6519111421710013, -3.7723414048643633, -2.657448620648541, 0.7392862477528652, 0.028308663653285215, 0.37309866390859314, -1.3433916059899782, -2.484050747479938, -80.2920027786447, 77.21385014099297, -31.058361987037653, -48.4292573625554, -26.440559453145976, 4.966665694172178, 7.64087811676859, -1.9847973132120895, 23.361976967524434, 14.71897814854161, 1.4735004971781247, 3.2278391284590073] 
[-5.974010310998618, 1.0844477446391072, -3.7867881424711136, -2.8630433439087177, 1.1411254995957227, -3.283127047439642, -3.1466629780732625, 1.2285006051775866, -0.4609056937714362, 0.8623130213333146, -1.8326059634146996, -1.9948363900552164, -79.79385282072766, 94.62644519153045, -48.470982408894926, -49.38355473884747, -27.283077776472332, 5.440873802688914, 6.961257531127674, -1.961913207306603, 23.827604488606536, 14.208328870801827, 1.1021543246338474, 3.450401513364045] 
[-6.248376389591651, 1.3588138232321403, -4.061154221064147, -2.5886772653156847, 1.4154915781887558, -3.557493126032675, -2.8722968994802294, 0.9541345265845536, -0.7352717723644693, 0.5879469427402815, -1.5582398848216665, -2.2692024686482495, -79.92527337611776, 95.63156474291489, -49.58482456758757, -48.779699196972544, -26.971822461575652, 5.419640842779499, 7.236996350112632, -2.0361362611024685, 23.589827464186897, 14.47631720857979, 1.2695923193471843, 3.2193345316960396] 
[-6.305037535008252, 1.3021526778155388, -4.004493075647545, -2.645338410732286, 1.4721527236053573, -3.6141542714492765, -2.815635754063628, 1.010795672001155, -0.7919329177810708, 0.53128579732368, -1.501578739405065, -2.325863614064851, -79.98162901749517, 95.67328736860144, -49.5602976233714, -48.72756332220733, -26.992791429270206, 5.462711527921077, 7.1948918812256695, -1.9142762768860073, 23.467879615695903, 14.458389213827498, 1.147614805395489, 3.0974173435536034] 
[-6.099584912883034, 1.0967000556903206, -4.209945697772763, -2.439885788607068, 1.6776053457305755, -3.4087016493240583, -2.6101831319384097, 0.8053430498759369, -0.997385539906289, 0.7367384194488982, -1.2961261172798468, -2.120410991939633, -79.77312546072577, 95.14723183653891, -49.05070616567683, -48.5833437687532, -26.03738540151338, 6.4195447832132375, 7.031547177076035, -1.3679599641474527, 22.81945580339871, 14.872391842102152, 1.0339716852782392, 3.23588264910798] 
[-5.830941537201997, 1.365343431371358, -3.941302322091726, -2.7085291642881053, 1.9462487214116129, -3.140058273643021, -2.878826507619447, 0.5366996741948995, -0.7287421642252516, 1.0053817951299355, -1.0274827415988095, -2.38905436762067, -79.99890172809359, 95.66153547066749, -49.67854437982972, -48.11687878824906, -26.217411121763394, 6.561636215774077, 7.250432764430316, -1.525064571406915, 22.708519052927112, 14.629464728065003, 0.8103403642497609, 3.4212480838662573] 
[-5.823779908134401, 1.3581818023037617, -3.9484639511593222, -2.7156907933557015, 1.953410350479209, -3.147219902710617, -2.8859881366870432, 0.5438613032624957, -0.7215805351576554, 0.9982201660623393, -1.0203211125312133, -2.3962159966882663, -80.00591687061129, 95.66317862651552, -49.670570911076446, -48.130585019535495, -26.1662594283132, 6.611988350357564, 7.259336032439934, -1.5171400745583319, 22.711843709700325, 14.632458730129528, 0.8006727752909352, 3.4108500410349936] 
[-5.91472326888834, 1.4491251630577016, -4.039407311913262, -2.6247474326017617, 1.8624669897252693, -3.0562765419566773, -2.7950447759331034, 0.6348046640164355, -0.8125238959115952, 0.9072768053083995, -1.111264473285153, -2.487159357442206, -79.91049770743854, 95.71101346959978, -49.58471244531248, -48.302862910144604, -25.515654461218624, 7.252703893268286, 7.327303405808242, -1.6293590837418102, 22.80757244063024, 14.754554263765515, 0.9838691112867886, 3.5639552203673515] 
[-6.133471463889275, 1.2303769680567673, -3.820659116912328, -2.4059992376008275, 2.0812151847262035, -3.2750247369576115, -2.576296580932169, 0.4160564690155013, -1.0312720909125295, 1.1260250003093337, -0.8925162782842189, -2.268411162441272, -80.13699344416374, 95.53378748998126, -49.67380614662491, -48.6344793967455, -24.158290221911532, 8.58973151569599, 7.667393153550297, -1.0709697763786927, 22.163679300923377, 15.340513334595913, 1.547282607305022, 4.029452372255743] 
[-6.134724033325337, 1.2291243986207054, -3.8219116863483897, -2.4047466681647656, 2.0824677541622654, -3.2737721675215496, -2.5750440114961073, 0.4173090384515632, -1.0300195214764676, 1.1247724308732718, -0.891263708848157, -2.269663731877334, -80.13574839435319, 95.53363649437263, -49.67523944441533, -48.63261261237693, -24.159824391928268, 8.59003504556584, 7.668024284524457, -1.0722837800076843, 22.165777788753047, 15.338690295327622, 1.547757118284497, 4.028301923208897] 
[-5.714728493609253, 0.8091288589046219, -3.4019161466323062, -2.824742207880849, 2.502463293878349, -2.853776627805466, -2.995039551212191, -0.0026865012645203024, -1.450015061192551, 0.7047768911571883, -0.4712681691320735, -2.6896592715934173, -80.5515838554586, 95.61757449522734, -49.23976596435349, -49.121300907325356, -24.157015974517982, 9.055290482064244, 8.466243374807629, -0.3467427365314567, 22.635499703222514, 14.813805880973382, 1.732496787167931, 3.648188214176238] 
[-5.972505033029743, 1.0669053983251122, -3.6596926860527965, -2.566965668460359, 2.760239833298839, -3.1115531672259564, -3.252816090632681, 0.25509003815597, -1.1922385217720608, 0.9625534305776786, -0.2134916297115832, -2.9474358110139076, -79.94093402628171, 96.56738741736659, -50.029089642041725, -49.288380930809, -23.98099599994814, 8.830573368977209, 8.744012271469485, -0.5656800088678675, 22.46550324138263, 14.697633255866824, 1.9201576131676044, 3.4487982347583506] 
[-5.908062668239096, 1.002463033534465, -3.7241350508434437, -2.5025233036697117, 2.8246821980894863, -3.1759955320166036, -3.317258455423328, 0.19064767336532285, -1.256680886562708, 0.8981110657870315, -0.14904926492093606, -3.0118781758045547, -79.91842627368706, 96.28328954781783, -49.72126311332469, -49.475686454772486, -23.841632899290328, 8.807613238608445, 8.817485709854962, -0.6438788107608415, 22.528825403028307, 14.713919677828859, 1.8674544244651081, 3.5069797080832488] 
[-5.759979518778386, 0.8543798840737549, -3.5760519013827334, -2.650606453130422, 2.9727653475501965, -3.324078681477314, -3.4653416048840384, 0.04256452390461263, -1.4047640360234182, 1.0461942152477417, -0.2971324143816463, -2.8637950263438445, -79.96003419433471, 96.82322591922495, -50.33217565557724, -49.01601398065118, -24.193215453380063, 8.863819084328968, 8.693581752291504, -0.774322095395687, 22.59143171173963, 14.873745124459173, 2.069017032021353, 3.6735562401522452] 
[-5.743552938338897, 0.8379533036342655, -3.592478481822223, -2.6341798726909325, 2.989191927989686, -3.340505261916803, -3.448915024444549, 0.05899110434410204, -1.3883374555839287, 1.0626207956872311, -0.28070583394215687, -2.847368445904355, -79.99607722452895, 96.76344147535742, -50.27896546258594, -49.02157843655575, -24.171820058971576, 8.881818190526191, 8.684471299646841, -0.7879626625703514, 22.60065987753859, 14.88851486111742, 2.090201586688843, 3.6929703086902026] 
[-5.583654072071378, 0.6780544373667472, -3.4325796155547046, -2.7940787389584507, 3.149090794257204, -3.180606395649285, -3.2890161581770307, -0.10090776192341622, -1.548236321851447, 0.9027219294197129, -0.12080696767463861, -3.0072673121718734, -79.59846437282727, 97.45499610887312, -50.96717180427238, -48.50583849573193, -24.589352438520383, 8.615141014986744, 8.40261569340686, -0.5436891030561396, 22.50868085603522, 14.741112139428438, 1.8837875930522834, 3.5064424694510397] 
[-5.580235888514266, 0.6814726209238597, -3.435997799111817, -2.7974969225155633, 3.1525089778143167, -3.1840245792063975, -3.2924343417341433, -0.10432594548052876, -1.5516545054085595, 0.8993037458626003, -0.12422515123175115, -3.003849128614761, -79.59819257242073, 97.46235497186922, -50.975446138703575, -48.49882834691673, -24.5950345589375, 8.611872929406632, 8.405468758720222, -0.5406826553230373, 22.51086169416942, 14.74313123858393, 1.8806405650039815, 3.5096278278219906] 
[-5.386781050463472, 0.48801778287306563, -3.6294526371626112, -2.9909517605663574, 2.9590541397635226, -3.3774794172571916, -3.098979503683349, 0.08912889257026535, -1.3581996673577654, 0.7058489078118062, -0.31767998928254526, -3.197303966665555, -80.18712625037716, 96.6746722200484, -50.326348269809905, -48.93893087281275, -24.257556599564357, 8.421676035048598, 8.565783877523337, -0.3721585782128284, 22.007107570698746, 15.24523544836973, 1.6787024736029366, 3.3007532919478786] 
[-5.449139744838898, 0.42565908849763945, -3.567093942787185, -3.0533104549417835, 3.021412834138949, -3.3151207228817654, -3.036620809307923, 0.026770198194839168, -1.4205583617331916, 0.7682076021872324, -0.38003868365797144, -3.1349452722901288, -80.11068759372381, 96.69508074959866, -50.442470987237414, -48.82047872821628, -24.323227734319488, 8.491183958611623, 8.64682814970621, -0.3060934067429696, 21.987767298393397, 15.18550584753508, 1.5887058823466975, 3.21703310722147] 
[-5.430392884929325, 0.4444059484072125, -3.548347082877612, -3.0720573148513566, 3.040159694048522, -3.3338675827913384, -3.01787394939835, 0.008023338285266135, -1.4018115018236186, 0.7494607422776594, -0.3987855435675445, -3.153692132199702, -80.18558400846801, 96.61184251914202, -50.387191727362236, -48.86186503621734, -24.29891369257065, 8.510461239506986, 8.633162093395258, -0.28869844719149, 21.97320814437468, 15.179516817376328, 1.6136506509215125, 3.2424344853358606] 
[-5.632177800772289, 0.6461908642501766, -3.346562167034648, -3.2738422306943207, 2.8383747782055577, -3.1320826669483743, -3.219658865241314, -0.19376157755769796, -1.2000265859806545, 0.5476758264346953, -0.6005704594105086, -3.355477048042666, -80.82884474216472, 95.9625818591695, -50.34838808700454, -49.06374020819147, -24.515303546631014, 8.233913884968768, 8.350603153774564, -0.5248290054421307, 22.063263000508936, 15.334790325988367, 1.7886101880872243, 3.0903794175169117] 
[-5.579365082657573, 0.593378146135461, -3.3993748851493635, -3.3266549488090362, 2.8911874963202733, -3.18489538506309, -3.1668461471265985, -0.2465742956724135, -1.25283930409537, 0.6004885445494108, -0.547757741295793, -3.3026643299279503, -80.78074348904087, 95.95284362056213, -50.39061398683958, -49.10111191362625, -24.44518848752566, 8.307931262742953, 8.300587353789044, -0.570130478608899, 22.11622565695783, 15.330562931358287, 1.6878413331204927, 2.9900577432477373] 
[-5.816225539147012, 0.3565176896460227, -3.162514428659925, -3.5635154052984745, 3.1280479528097116, -2.9480349285736516, -2.92998569063716, -0.48343475216185183, -1.0159788476059317, 0.3636280880599725, -0.3108972848063547, -3.065803873438512, -80.98290898880376, 96.01751132560216, -50.2360107782651, -48.83347650991537, -24.080331898726843, 8.644343444407525, 8.557437202252915, -0.810689505371922, 22.15011328318499, 15.57348685429597, 1.898831469057072, 2.8426799424321194] 
[-5.763064637262349, 0.40967859153068575, -3.215675330544588, -3.6166763071831376, 3.1812088546943746, -3.0011958304583146, -2.9831465925218232, -0.4302738502771888, -0.9628179457212687, 0.31046718617530944, -0.25773638292169165, -3.118964775323175, -81.02753631720232, 96.03773949896045, -50.19073831471504, -48.74481529685691, -23.991638493156238, 8.581308396533252, 8.615666334178494, -0.8478702778138495, 22.17247699102433, 15.604616622326164, 1.8635081430849845, 2.8857705373262417] 
[-5.4211673676919245, 0.7515758611011099, -2.873778060974164, -3.2747790376127135, 2.8393115851239505, -2.6592985608878905, -3.3250438620922473, -0.08837658070676468, -1.3047152152916928, -0.03143008339511466, 0.08416088664873245, -2.777067505752751, -80.27697794474327, 96.93420370466937, -50.806991774455554, -49.31874094860071, -24.582319495884924, 8.213926540839458, 8.94942383919241, -1.2624447863358716, 21.662153834379676, 15.704409890484685, 2.3328363442466618, 3.34154750863714] 
[-5.571278085132032, 0.9016865785412169, -3.023888778414271, -3.4248897550528206, 2.9894223025640576, -2.8094092783279976, -3.4751545795323544, 0.06173413673334238, -1.1546044978515857, 0.1186806340449924, 0.2342716040888395, -2.626956788312644, -80.25743438526153, 96.6987995404746, -50.582690425026165, -49.45808116495146, -24.845801971789506, 7.845391577813564, 9.292934323623873, -1.4671645805804465, 21.692429175566573, 15.824301189234601, 2.4710278368701486, 3.480810282378295] 
[-5.754228356236676, 1.0846368496458614, -2.8409385073096267, -3.607840026157465, 3.172372573668702, -2.992359549432642, -3.658104850636999, 0.24468440783798684, -0.9716542267469412, 0.30163090514963686, 0.41722187519348397, -2.4440065172079994, -80.24660823055842, 96.27403356595583, -50.165223859374144, -49.68672921755252, -25.11876056614258, 7.647175201551543, 9.21975335202223, -1.6270687685729779, 21.67380837130395, 15.647173722263371, 2.233562384674694, 3.7114068646252827] 
[-5.856988689480544, 1.1873971828897294, -2.9436988405534947, -3.505079692913597, 3.069612240424834, -3.09511988267651, -3.760865183880867, 0.14192407459411882, -1.0744145599908093, 0.4043912383935049, 0.31446154194961595, -2.5467668504518675, -80.03439226045501, 96.73825814021082, -50.59238520145758, -49.57307166791583, -24.97034767033853, 7.762157241552278, 9.093953156350247, -1.6098013570897634, 21.16517173131871, 16.175015733607253, 2.468280171854968, 3.539043437955303] 
[-6.003416569418692, 1.0409693029515812, -3.090126720491643, -3.651507572851745, 3.2160401203629823, -3.2415477626146583, -3.907293063819015, 0.28835195453226703, -0.927986680052661, 0.2579633584553567, 0.16803366201146774, -2.6931947303900157, -79.73816337966701, 97.7069248747277, -51.53014928330574, -49.417733031597386, -24.759321936123193, 7.919835197072547, 9.171332470838898, -1.499869903054105, 21.02082215968015, 16.164883313538, 2.584884038921856, 3.6580090944752714] 
[-6.197551014793613, 1.2351037483265022, -2.895992275116722, -3.845642018226666, 3.0219056749880613, -3.4356822079895792, -3.713158618444094, 0.09421750915734606, -1.122121125427582, 0.45209780383027764, -0.026100783363453228, -2.4990602850150947, -79.5504029113942, 97.66125077276075, -51.67775960646503, -49.034557670910246, -24.363543690467452, 7.681731234821751, 8.914772529341203, -1.431281960633539, 20.263165527688095, 16.91301036056256, 2.530685357123479, 3.4717726960980615] 
[-6.203887671185536, 1.228767091934579, -2.902328931508645, -3.8519786746185893, 3.0282423313799844, -3.4420188643815024, -3.7194952748360173, 0.0878808527654229, -1.1284577818195052, 0.4457611474383545, -0.032437439755376385, -2.505396941407018, -79.5461235691071, 97.58823281600587, -51.604551504725045, -49.03057610576484, -24.3541614951182, 7.688200077979133, 8.911942401377038, -1.4350472467175022, 20.230747980954742, 16.945492672357226, 2.5306209081968865, 3.4781081412169264] 
[-6.222939556954084, 1.2097152061660315, -2.8832770457400976, -3.832926788850042, 3.047294217148532, -3.422966978612955, -3.738547160604565, 0.06882896699687535, -1.1475096675880527, 0.42670926166980694, -0.013385553986828835, -2.5244488271755654, -79.56564547343973, 97.57054200930885, -51.606611811496855, -49.016451253443655, -24.361791372560194, 7.719096469673709, 8.962573364995475, -1.4811620069183444, 20.254439242702535, 16.941567720897105, 2.510385391705042, 3.4585799573744107] 
[-6.450067051584347, 1.4368427007962947, -2.6561495511098343, -3.6057992942197785, 3.2744217117787953, -3.1958394839826916, -3.965674655234828, -0.15829852763338792, -0.9203821729577895, 0.19958176703954367, -0.2405130486170921, -2.7515763218058287, -79.84392907722228, 95.16558343859707, -49.20095609972693, -48.91223281163983, -24.094403072546466, 7.379071286814301, 8.38727749879067, -0.9792005305487442, 21.756832723048916, 15.387274158947468, 2.0212542185607085, 3.6808468365169906] 
[-6.6777367928908395, 1.2091729594898024, -2.428479809803342, -3.378129552913286, 3.046751970472303, -3.423509225289184, -4.19334439654132, 0.06937121367310439, -0.6927124316512971, 0.427251508346036, -0.4681827899235844, -2.5239065804993364, -80.11058999098768, 96.9231842990498, -50.964112879233674, -49.20429136683466, -24.008143068434187, 7.605513482547053, 8.633079236765042, -0.9928336296671566, 20.77863867856523, 16.360475915588967, 1.953035568275892, 3.8937854815325603] 
[-6.493850455515942, 1.0252866221149053, -2.244593472428445, -3.5620158902881833, 2.862865633097406, -3.2396228879142868, -4.009458059166423, 0.2532575510480015, -0.8765987690261943, 0.24336517097113886, -0.2842964525486873, -2.3400202431244392, -80.3739315022244, 97.50743072125901, -51.522324836363254, -49.17218888325988, -24.156545493162195, 7.9427362161497825, 9.844752048359146, -2.1724564651609053, 20.31043139139419, 16.904665356413727, 2.2651979356647227, 3.8144146555661336] 
[-6.423686051746187, 1.0954510258846608, -2.3147578761982004, -3.491851486518428, 2.9330300368671613, -3.1694584841445312, -3.9392936553966678, 0.32342195481775704, -0.9467631727959498, 0.17320076720138333, -0.21413204877893177, -2.2698558393546837, -80.29627571167518, 97.43838424234275, -51.5406210249563, -49.129360270561946, -24.24053327555792, 7.845485429188117, 9.74459843893991, -2.139706359220215, 20.0277359143978, 17.194278723582983, 2.3686416361249094, 3.763837130988783] 
[-6.2450113407645835, 0.9167763149030574, -2.136083165216597, -3.3131767755368244, 3.1117047478487647, -2.990783773162928, -3.7606189444150644, 0.14474724383615367, -0.7680884618143464, -0.005473943780220036, -0.39280675976053514, -2.0911811283730803, -80.10492028114386, 97.24052065202672, -51.529005285246214, -48.900691136945035, -24.036785170184558, 7.707050392779307, 9.777674723067964, -2.4557332877163134, 20.913830240989046, 16.31500801624753, 2.0740360402101246, 3.5454799232873953] 
[-6.140558457935678, 1.0212291977319627, -2.0316302823876917, -3.4176296583657297, 3.0072518650198594, -2.8863308903340226, -3.8650718272439697, 0.24920012666505897, -0.6636355789854411, -0.10992682660912534, -0.28835387693162984, -1.986728245544175, -79.99987761545354, 97.26592184718027, -51.33717790443937, -48.706763372254976, -24.12021568238868, 7.820193376775035, 9.686764794671044, -2.5039683278111777, 20.8592450646833, 16.24839992469545, 1.986535639515056, 3.633279538559901] 
[-6.062800079229425, 0.9434708190257095, -1.9538719036814385, -3.3398712796594765, 2.929493486313606, -2.964089269040276, -3.7873134485377165, 0.17144174795880573, -0.7413939576916944, -0.18768520531537858, -0.3661122556378831, -2.0644866242504283, -79.91960724025292, 97.29975605861082, -51.20428334716162, -48.55605630428121, -24.010895559733992, 7.928145975164192, 9.598449780847533, -2.5195770639670947, 20.808926324999316, 16.2059855447853, 1.920308094016388, 3.703474343088119] 
[-5.997155572864833, 1.0091153253903014, -1.8882273973168466, -3.2742267732948847, 2.8638489799490143, -3.0297337754048677, -3.7216689421731246, 0.23708625432339758, -0.8070384640562862, -0.12204069895078673, -0.4317567620024749, -1.9988421178858364, -79.99027622539333, 97.26059942456968, -51.32469391263817, -48.68032072484522, -23.932376011710808, 8.035553073787803, 9.411221735840696, -2.3366270308975783, 20.728993437728363, 16.199719045108754, 1.8648694340851963, 3.759879232037276] 
[-5.886768620039194, 1.1195022782159403, -1.7778404444912077, -3.3846137261205236, 2.9742359327746533, -3.1401207282305066, -3.6112819893474857, 0.3474732071490365, -0.9174254168819251, -0.23242765177642566, -0.321369809176836, -2.1092290707114754, -79.8989409823448, 97.13381912522911, -51.20585435772895, -48.72753076128876, -23.84238688171022, 7.966966688878864, 9.216359118092559, -2.1654343457781775, 21.040751031770828, 15.877351351667077, 1.796123034233938, 3.858413545406931] 
[-5.635964235822214, 0.8686978939989598, -2.028644828708188, -3.133809341903543, 2.7234315485576728, -2.889316344013526, -3.360477605130505, 0.598277591366017, -0.6666210326649447, -0.48323203599340614, -0.07056542495985552, -1.8584246864944949, -80.20765003498283, 96.78996035607285, -50.96518146630122, -48.893623966842135, -24.14977938507737, 7.66707630572179, 8.742146472883315, -1.6395465176262136, 20.643746759825888, 15.94498028357841, 1.570254228374382, 4.073616918519377] 
[-5.610837418114172, 0.8938247117070017, -2.0035180110001463, -3.108682524195501, 2.698304730849631, -2.914443161721568, -3.3353507874224633, 0.5731507736579751, -0.6917478503729866, -0.4581052182853642, -0.09569224266789744, -1.8835515042025368, -80.15567090005487, 96.85891641572661, -51.0527953045821, -48.96944508402152, -24.168647543729566, 7.682386719299032, 8.752912517693659, -1.576513314766528, 20.55168797485681, 16.03272071496292, 1.5127038500036238, 4.047470819529795] 
[-5.45304439402318, 0.7360316876160096, -2.1613110350911384, -3.2664755482864933, 2.856097754940623, -3.07223618581256, -3.4931438115134554, 0.7309437977489672, -0.8495408744639787, -0.30031219419437205, -0.2534852667588896, -1.7257584801115446, -79.87074699102007, 97.18475990807529, -51.2752376433584, -48.9365836988245, -24.289133854836816, 7.772688888594415, 8.838910502494898, -1.2353931729927454, 20.071269221179474, 16.413071503320673, 1.537402331776173, 3.890329011798887] 
[-5.793925253047372, 1.076912546640202, -1.820430176066946, -3.607356407310686, 3.1969786139648155, -3.4131170448367527, -3.152262952489263, 0.3900629387247747, -0.5086600154397862, -0.6411930532185646, 0.08739559226530291, -2.066639339135737, -79.62652077184698, 97.00805387168722, -51.396507674778384, -48.65002507400428, -23.992287512943616, 7.546321845543905, 8.33012678743429, -0.5236832823864996, 19.489673888616334, 16.312285019939477, 1.9104550081713487, 4.245002989605653] 
[-6.079593301576096, 0.7912444981114786, -2.1060982245956694, -3.3216883587819623, 2.911310565436092, -3.6987850933654762, -2.8665949039605394, 0.6757309872534982, -0.7943280639685097, -0.35552500468984105, 0.37306364079402643, -1.7809712906070136, -79.41769616426213, 96.66313999809779, -50.845641079440334, -48.16522666903925, -24.235636985559932, 7.785317611865442, 8.112526727596652, -0.9519111825080211, 19.92518713604144, 16.291130567485126, 2.1979440009645557, 4.521103553131675] 
[-6.008614074851823, 0.720265271387206, -2.177077451319942, -3.2507091320576897, 2.9822897921603646, -3.769764320089749, -2.937574130684812, 0.6047517605292256, -0.7233488372442372, -0.28454577796556846, 0.444042867518299, -1.8519505173312862, -79.35456864766144, 96.60789704915462, -50.86467803364505, -48.110903269254926, -24.29557162735381, 7.817910532660271, 8.058110883751763, -0.9496114247956086, 20.06480071338958, 16.157741549577985, 2.151970162783579, 4.595360003050078] 
[-5.837996677292007, 0.8908826689470222, -2.347694848879758, -3.0800917344978735, 2.8116723946005484, -3.5991469225299326, -3.108191528244628, 0.7753691580890418, -0.552731439684421, -0.45516317552538466, 0.2734254699584828, -1.68133311977147, -79.53814167414328, 96.54432451118026, -51.263988775881884, -48.52082681368535, -24.199775715698156, 7.428313544359438, 7.651203048638336, -1.060282887495078, 19.78968362514992, 16.44607856750862, 2.289111971150949, 4.409053019812656] 
[-5.803047518875373, 0.9258318273636559, -2.382644007296392, -3.1150408929145073, 2.7767232361839147, -3.564197764113299, -3.143140686661262, 0.7404199996724081, -0.5876805981010547, -0.42021401710875095, 0.23847631154184912, -1.6463839613548363, -79.47016719416037, 96.6663030191106, -51.403461873277365, -48.62028439374585, -24.148373932701805, 7.471052165780004, 7.63415278286525, -1.058082625440484, 19.726678553781333, 16.525496840529897, 2.2245711724198496, 4.445728963439] 
[-5.811042147228888, 0.9178371990101408, -2.390638635649907, -3.1230355212680223, 2.7847178645374298, -3.556203135759784, -3.135146058307747, 0.7484146280259232, -0.5796859697475396, -0.428208645462266, 0.24647093989536417, -1.6383893330013213, -79.47419309033391, 96.68059541950949, -51.41788221653567, -48.61804967567882, -24.159693540209933, 7.460955140741966, 7.638276884623668, -1.056190715733989, 19.73754106045384, 16.514979383335533, 2.219914856216333, 4.453799427214062] 
[-5.783294874057147, 0.8900899258383999, -2.418385908821648, -3.0952882480962813, 2.756970591365689, -3.528455862588043, -3.162893331479488, 0.7206673548541822, -0.6074332429192806, -0.455955918634007, 0.27421821306710514, -1.6106420598295803, -79.44150215116208, 96.69848738176815, -51.38135747008398, -48.57454900770162, -24.20806313477525, 7.398178120394488, 7.586437980549605, -1.147966027065593, 19.84961545429052, 16.427124561676496, 2.2768578651476132, 4.480693060703342] 
[-5.50287636574232, 0.6096714175235722, -2.1379674005068203, -3.375706756411109, 2.476552083050861, -3.2480373542732153, -2.88247482316466, 0.4402488465393546, -0.8878517512341082, -0.17553741031917935, 0.5546367213819328, -1.891060568144408, -79.38475619980592, 95.9570203674202, -50.44618369886009, -47.9120438442388, -23.99075937878489, 7.277741284651198, 7.828268285884236, -1.3855749241906883, 19.763973983265075, 16.255558977284352, 2.058847451500864, 4.2023860134939435] 
[-5.430286381352931, 0.5370814331341838, -2.210557384896209, -3.4482967408004974, 2.4039620986614727, -3.175447369883827, -2.9550648075540487, 0.3676588621499661, -0.8152617668447197, -0.24812739470856782, 0.4820467369925443, -1.9636505525337964, -79.37253473248485, 96.10406998780184, -50.75451736013486, -48.21473831000534, -24.222398830856353, 7.061000599456542, 7.755327150034967, -1.3111055222137182, 19.69207543502372, 16.226540293976182, 2.1240435664399477, 4.264332998350098] 
[-5.609925958180724, 0.35744185630639125, -2.0309178080684163, -3.62793631762829, 2.5836016754892652, -2.9958077930560343, -2.775425230726256, 0.1880192853221736, -0.9949013436725123, -0.42776697153636034, 0.6616863138203368, -1.7840109757060039, -80.08873983153967, 95.27494337631933, -49.82879741986466, -47.3328767923786, -23.51838094244322, 7.695759450606721, 7.917654414992576, -1.5015423414742994, 19.852587293409126, 16.325631919047016, 1.9555367685318255, 4.11368344518262] 
[-5.894845997028418, 0.6423618951540857, -1.7459977692207218, -3.3430162787805955, 2.2986816366415708, -3.2807278319037287, -3.0603452695739506, -0.09690075352552086, -0.7099813048248178, -0.14284693268866588, 0.37676627497264237, -1.4990909368583094, -80.80691812755367, 94.5332237221779, -49.52177300356691, -47.424499906867844, -23.714482973552197, 7.922373303913574, 7.63509119903337, -1.419840417201356, 20.95616424529209, 15.223271400701044, 1.9000294328150895, 3.835330120334058] 
[-5.914221447108701, 0.6229864450738032, -1.7266223191404393, -3.323640828700313, 2.2793061865612882, -3.3001032819840113, -3.079720719654233, -0.11627620360580337, -0.6906058547445353, -0.12347148260838336, 0.3961417250529249, -1.479715486778027, -80.82128635501476, 94.54973939011245, -49.53725555300558, -47.41739410728253, -23.727827522292937, 7.930470874412028, 7.617575224332617, -1.4059048423870755, 20.900938571415708, 15.280686500084881, 1.8743670561492896, 3.815285127329596] 
[-6.2113913113083035, 0.3258165808742004, -1.4294524549408365, -3.6208106928999158, 2.576476050760891, -3.0029334177844085, -2.7825508554546303, 0.1808936605937994, -0.9877757189441381, 0.17369838159121942, 0.6933115892525277, -1.7768853509776297, -80.43624122116863, 94.84975993146105, -48.235673303223436, -46.11232787686149, -24.77283567210024, 6.883989225066761, 7.825353647456474, -1.1109248236449072, 20.735235973051196, 15.113239889334588, 1.5811572910426692, 3.5079031021586906] 
[-6.383181762111032, 0.49760703167692855, -1.2576620041381084, -3.4490202420971876, 2.748266501563619, -2.8311429669816803, -2.610760404651902, 0.35268411139652756, -1.1595661697468662, 0.34548883239394756, 0.5215211384497995, -1.9486758017803578, -80.5967852775666, 95.01524914422453, -48.13319224355874, -46.20454627399291, -24.66853146961441, 6.729845104683555, 8.113068724219282, -0.8214957747073763, 20.528770148583423, 15.122927891954411, 1.7790689696934066, 3.3106195107909846] 
[-6.460368000304121, 0.574793269870018, -1.3348482423311978, -3.371834003904098, 2.8254527397567086, -2.753956728788591, -2.6879466428449916, 0.2754978732034381, -1.0823799315537768, 0.2683025942008581, 0.4443349002567101, -2.0258620399734473, -80.68112676269249, 95.09681528572537, -48.153826399606125, -46.14854884373588, -24.613390999166917, 6.6803253638861335, 8.078190547670328, -0.7546086323977732, 20.4827564602631, 15.074573440119524, 1.7074129954048665, 3.2458261418037186] 
[-6.818493477137699, 0.9329187467035962, -0.9767227654976196, -3.01370852707052, 3.183578216590287, -2.3958312519550127, -2.3298211660114134, -0.0826276036301401, -0.7242544547201986, 0.6264280710344363, 0.08620942342313187, -2.3839875168070255, -80.40484823350229, 95.65008419133173, -46.26721035173596, -44.311861476108014, -24.211368187076594, 7.169286662413891, 8.021912138918578, -1.4115858347136627, 22.8960253033424, 12.658375877518692, 0.9888333363261115, 3.7348567003666444] 
[-7.028485981892575, 0.7229262419487203, -0.7667302607427438, -2.803716022315644, 2.973585711835411, -2.6058237567098885, -2.1198286612565376, 0.12736490112473575, -0.5142619499653227, 0.41643556627956047, 0.2962019281780077, -2.1739950120521496, -80.01108406715286, 95.04510242995975, -46.9792038047983, -44.859456222261095, -24.05893420222224, 7.774304515072664, 7.165250744426394, -2.0976651979465855, 22.40011277607332, 13.138302120922095, 0.9994630626148892, 3.5243255320014737] 
[-6.727144950893801, 1.0242672729474944, -0.4653892297439697, -3.105057053314418, 3.274926742834185, -2.9071647877086626, -1.8184876302577635, 0.4287059321235098, -0.21292091896654863, 0.11509453528078639, 0.5975429591767818, -1.8726539810533755, -79.66598112096963, 94.95905152722284, -47.584348029760235, -45.41702213772876, -23.88558317271328, 7.798212549832979, 8.311022663053677, -0.9283982902021775, 21.805636783697206, 13.64401155397722, 0.8186903788805917, 3.8530412849865887] 
[-6.761291028718566, 0.9901211951227293, -0.49953530756873477, -3.070910975489653, 3.24078066500942, -2.8730187098838975, -1.8526337080825286, 0.39455985429874474, -0.24706699679131372, 0.0809484574560213, 0.6316890370015469, -1.8385079032286105, -79.67147476796355, 94.83069857504226, -47.72276537165673, -45.484710976036226, -23.925153369784347, 7.8232416917780405, 8.5631349853427, -0.6726012985188887, 21.751105434783174, 13.617323128745433, 0.786862548668595, 3.824183561423627] 
[-6.607027435267159, 0.835857601671322, -0.3452717141173274, -3.2251745689410605, 3.3950442584608274, -3.027282303335305, -2.006897301533936, 0.24029626084733735, -0.4013305902427211, 0.2352120509074287, 0.4774254435501395, -1.9927714966800179, -79.83573992310093, 94.87032369780938, -47.488848128987364, -45.27934241603025, -24.090681518425885, 8.07454534854478, 7.4564185233777485, -1.765055039340555, 21.673920220607258, 13.778054310924428, 0.614575174048295, 4.005271084525454] 
[-6.830471663187825, 0.6124133737506559, -0.5687159420379935, -3.0017303410203944, 3.6184884863814935, -3.250726531255971, -1.7834530736132699, 0.016852032926671257, -0.6247748181633872, 0.0117678229867626, 0.2539812156294734, -1.7693272687593518, -79.63521129930785, 94.97772014236563, -47.599546127111914, -45.09508312140367, -23.90461315632787, 8.168660948093025, 9.23893328121936, 0.022539655017977944, 21.618450353287038, 14.08563232535866, 0.9487097613289455, 3.720676900729268] 
[-6.542200540957853, 0.9006844959806277, -0.8569870642679653, -2.7134592187904225, 3.9067596086114653, -3.538997653485943, -1.495181951383298, -0.2714190893033006, -0.33650369593341534, 0.30003894521673447, -0.034289906600498465, -1.48105614652938, -79.6664616858036, 94.37410323100586, -48.394133157410224, -45.683230436690366, -23.455577496672795, 7.677019418035801, 9.215458879314955, -0.2880093857079622, 21.435436667133445, 13.90717272094943, 1.2503573736375517, 3.417458444800788] 
[-6.627226113560357, 0.8156589233781237, -0.9420126368704693, -2.7984847913929265, 3.8217340360089613, -3.624023226088447, -1.580207523985802, -0.18639351670079662, -0.25147812333091135, 0.38506451781923845, 0.05073566600200552, -1.396030573926876, -79.57984383280342, 94.36409359910068, -48.557950212992665, -45.856093341282964, -23.54674612887335, 7.629263509051069, 9.960077284453032, 0.4555046194076209, 21.491700463401312, 13.955045537219275, 1.178429372121867, 3.5026951397394526] 
[-7.045214234553149, 1.2336470443709158, -0.5240245158776773, -2.3804966704001345, 3.4037459150161693, -4.042011347081239, -1.16221940299301, -0.6043816376935887, 0.16650999766188068, -0.032923603173553584, -0.3672524549907865, -0.9780424529340839, -80.265786368287, 95.52317927168686, -47.11315772679872, -44.78429297153718, -24.19913801866124, 8.390313576301573, 10.190545437133514, 0.23711724247161978, 20.888544990850427, 14.770500131773172, 1.896165325281476, 3.9265488137228006] 
[-7.119722282674263, 1.1591389962498018, -0.4495164677565633, -2.4550047185212485, 3.4782539631372833, -4.116519395202353, -1.236727451114124, -0.5298735895724747, 0.09200194954076668, 0.04158444494756042, -0.4417605031119005, -1.0525505010551979, -80.35358326905894, 95.58136673434106, -47.17469012717742, -44.96300558795946, -24.367023455121753, 8.307137038923917, 10.284469194912697, 0.22519281024721416, 20.8053644527791, 14.68739795431511, 1.8055981720122072, 4.019213307707763] 
[-6.920582830246853, 0.9599995438223918, -0.6486559201839732, -2.6541441709486584, 3.6773934155646932, -3.917379942774943, -1.435866903541534, -0.7290130419998846, -0.10713750288664325, -0.15755500747984952, -0.6408999555393105, -1.2516899534826078, -79.95373817686826, 94.90565037881588, -47.82165928337148, -45.51418769570971, -24.858866644381553, 8.277035034438905, 9.899871241289983, -0.19703856917121082, 21.091022577197364, 14.900022357086645, 1.5613419907538826, 4.27003681231589] 
[-6.353979758797354, 1.5266026152718912, -0.08205284873447383, -2.087541099499159, 3.110790344115194, -4.483983014224442, -2.0024699749910333, -0.1624099705503852, 0.45946556856285614, 0.4090480639696499, -1.2075030269888098, -1.8182930249321072, -80.87391016562712, 95.94158159572169, -47.5257009376046, -44.47184471472264, -23.658818958272697, 7.348734834969013, 9.594643523236963, 0.15585577165528686, 21.682238879912436, 14.188366424203819, 2.348929979226938, 3.5575298488701987] 
[-7.076042013902382, 0.8045403601668634, -0.8041151038395017, -2.809603354604187, 3.832852599220222, -3.7619207591194144, -2.7245322300960613, 0.5596522845546427, -0.2625966865421717, -0.313014191135378, -0.485440771883782, -2.540355280037135, -79.82032639123646, -10.143968915098199, -153.61062226993965, -45.61130123532542, -23.921623039649564, 7.932803791514956, 9.258092745698233, 0.8831426228476499, 22.89482771964648, 15.300184296332498, 1.5821633012320064, 2.67437234623066] 
[-7.285455886563196, 1.0139542328276776, -1.0135289765003161, -2.6001894819433726, 3.6234387265594075, -3.5525068864586, -2.515118357435247, 0.769066157215457, -0.05318281388135737, -0.10360031847456364, -0.27602689922296764, -2.330941407376321, -79.33093651972064, -10.710743270059954, -153.9401819684674, -45.44465985747892, -23.273926210984023, 7.098287655606703, 8.50720605031286, 0.1679683777750295, 23.526348545187453, 14.885119207671142, 1.8615219201397508, 2.56722540639339] 
[-7.1724704476892915, 0.9009687939537732, -0.9005435376264117, -2.713174920817277, 3.736424165433312, -3.4395214475846956, -2.6281037963091514, 0.6560807183415526, -0.1661682527552618, 0.009385120399340807, -0.1630414603490632, -2.2179559685024164, -79.55556771334349, -10.460063138787165, -153.784422970918, -45.491021567569014, -23.245976669994104, 7.301096255817245, 8.85594053358459, 0.6277981190965196, 23.14924660133215, 15.027694613327853, 1.7079082179113358, 2.425548446655968] 
[-7.009624149763336, 0.7381224960278172, -0.7376972397004558, -2.876021218743233, 3.899270463359268, -3.6023677455106515, -2.7909500942351073, 0.8189270162675085, -0.003321954829305862, 0.17223141832529676, -0.0001951624231072424, -2.3808022664283723, -79.59728421842063, -10.711283169124682, -154.13806737984143, -45.748001510514655, -22.954131500557512, 6.923636734524343, 8.514031411035516, 0.36138750110384243, 23.104102991929025, 15.194822858974618, 1.5289378044521984, 2.2451877163401885] 
[-6.8483250172686825, 0.8994216285224703, -0.8989963721951089, -3.037320351237886, 4.060569595853921, -3.4410686130159984, -2.629650961740454, 0.6576278837728554, -0.16462108732395897, 0.33353055081994987, 0.16110397007154587, -2.2195031339337192, -79.94446256841353, -10.33297199921963, -154.01333931627153, -45.445554865586836, -22.37814984051812, 6.297340213214071, 8.108973799347805, 0.1055077041523424, 23.117893534668266, 15.389447143589637, 1.7235692321874077, 2.0839156888158192] 
[-6.516778779276634, 0.5678753905304217, -0.5674501342030602, -3.3688665892299348, 3.7290233578618723, -3.10952237502395, -2.2981047237484056, 0.989174121764904, 0.16692515066808966, 0.0019843128279012356, -0.17044226792050277, -2.551049371925768, -80.30615270285544, -10.242486667527906, -153.28063722291984, -44.694041668454815, -20.720091282912843, 4.580560577048771, 7.258999512837801, -0.5708845341488438, 23.174913085181295, 15.120137219896698, 1.9407276538508538, 2.3955765243031086] 
[-6.504594773166233, 0.5800593966408223, -0.5796341403134608, -3.356682583119534, 3.7168393517514717, -3.097338368913549, -2.310288729858806, 1.0013581278753048, 0.15474114455768906, -0.010199693282499367, -0.18262627403090337, -2.5388653658153673, -80.32467890463978, -10.20998656735406, -153.24278666166697, -44.66838533144783, -20.699620574986668, 4.557687574025583, 7.238772467945466, -0.5914837341685562, 23.17513015961763, 15.132368435462691, 1.9549338621630712, 2.4097620589565776] 
[-6.342658695945612, 0.4181233194202014, -0.7415702175340817, -3.1947465058989133, 3.554903274530851, -2.9354022916929283, -2.472224807079427, 1.1632942050959256, -0.007194932662931808, 0.1517363839381215, -0.020690196810282502, -2.700801443035988, -80.54968072979499, -9.866648567843223, -152.92967661775634, -44.673795511433596, -20.808987775588346, 4.460211688842942, 6.983417755247178, -0.8323629926116143, 23.13469738307336, 14.968943366846355, 1.7661662873890336, 2.2195856925807984] 
[-6.692128332422751, 0.76759295589734, -1.0910398540112203, -2.8452768694217747, 3.2054336380537123, -3.284871928170067, -2.8216944435565656, 1.5127638415730642, 0.34227470381420677, -0.19773325253901708, 0.3287794396668561, -2.3513318065588495, -80.87412533920491, -10.327362968217788, -153.36082774568538, -44.58290671740941, -21.008968249935553, 4.071119178352962, 7.786841929247472, 0.8159165572671425, 21.599341474919047, 14.670796929895843, 2.077150719241712, 2.574807355219612] 
[-6.550326436000665, 0.909394852319426, -0.9492379575891343, -2.7034749729996888, 3.3472355344757982, -3.426673824592153, -2.6798925471344797, 1.3709619451509782, 0.2004728073921208, -0.33953514896110304, 0.47058133608894204, -2.2095299101367636, -80.97131946448798, -10.483260458125805, -153.50332583881942, -44.508953406971976, -20.86658624808558, 4.226217586167842, 7.948706000164147, 0.765070767722164, 21.500725788517634, 14.55533999548622, 1.9159811509199145, 2.752514000930471] 
[-6.0869077590632195, 0.4459761753819804, -0.4858192806516888, -2.240056296062243, 2.8838168575383527, -3.8900925015295984, -2.216473870197034, 1.8343806220884238, 0.6638914843295664, 0.1238835279763425, 0.007162659151496498, -1.746111233199318, -80.35089456779855, -11.451599874794166, -154.41558185562522, -44.55242042544784, -21.25685465803759, 3.754743425417014, 7.635064382935678, 3.899502114195326, 18.36360536310356, 15.135236493208957, 1.1136305574678533, 3.4204343513285496] 
[-5.621810529099633, -0.019121054581605623, -0.9509165106152748, -1.7749590660986572, 2.4187196275747667, -3.4249952715660124, -1.751376640233448, 2.29947785205201, 0.1987942543659803, -0.34121370198724355, -0.45793457081208955, -1.281014003235732, -79.80475224142184, -10.990972008787097, -154.68438342984462, -44.46069794847825, -21.708858592829067, 3.336939208433348, 7.886780108316764, 4.213922062842637, 18.609031392539787, 15.611059688674985, 1.6256117180833933, 2.95470241146818] 
[-5.737168895247294, 0.09623731156605464, -0.8355581444676146, -1.659600699950997, 2.534077993722427, -3.5403536377136726, -1.8667350063811083, 2.41483621819967, 0.08343588821832004, -0.4565720681349038, -0.3425762046644293, -1.3963723693833923, -79.50712220219094, -10.69415614207814, -154.53445957107763, -44.23543624057687, -21.509219094060544, 3.245183458788641, 7.830858230960354, 4.11392325616194, 18.759856741486427, 15.430851862034572, 1.782485212766906, 3.051386018380277] 
[-5.631005245168016, -0.009926338513223332, -0.7293944943883366, -1.553437049871719, 2.427914343643149, -3.6465172877929506, -1.9728986564603863, 2.520999868278948, -0.02272776186095793, -0.35040841805562584, -0.2364125545851513, -1.2902087193041143, -79.58051024378959, -10.630746168347079, -154.6219765638243, -44.00398194832415, -21.270380258020424, 3.3674792474441833, 7.884522907493538, 4.210877049449989, 18.624477383554154, 15.618562677619327, 1.6037101563725134, 2.9545765451237425] 
[-5.945586020151282, -0.32450711349648964, -0.4148137194050703, -1.8680178248549852, 2.7424951186264153, -3.3319365128096843, -2.2874794314436526, 2.2064190932956818, 0.2918530131223084, -0.03582764307235953, -0.5509933295684176, -1.6047894942873806, -80.38253880997752, -11.43393509388821, -154.3049713970578, -43.80516188922438, -21.469289785897118, 3.002690881147079, 7.519877379462269, 4.207608754821818, 18.30631648345556, 15.369567836462192, 1.3905783765986917, 2.652979325979461] 
[-6.210008015753981, -0.06008511789379023, -0.15039172380237087, -1.6035958292522858, 3.0069171142291147, -3.067514517206985, -2.551901427046352, 2.470841088898381, 0.5562750087250078, 0.22859435253033988, -0.2865713339657182, -1.3403674986846812, -80.53236939078569, -11.068919495012233, -154.84116765414709, -45.336177620859864, -22.965777349289603, 3.0240228023103572, 6.857419882809241, 5.118733874368832, 17.604038945097937, 15.232506676255412, 1.134783435917972, 2.9128528458759435] 
[-6.229907612909454, -0.07998471504926252, -0.17029132095784316, -1.6234954264077581, 3.026816711384587, -3.0476149200515126, -2.5718010242018243, 2.4907406860538535, 0.5363754115695355, 0.2086947553748676, -0.2666717368102459, -1.3602670958401535, -80.55099725372155, -11.051493719314076, -154.82234792683343, -45.3459748510486, -22.95555499152299, 3.0050134454831476, 6.843551172732146, 5.107518799059446, 17.59797683966591, 15.210372273534144, 1.1094464905495198, 2.9343456261721808] 
[-6.290020815882631, -0.019871512076085285, -0.11017811798466592, -1.6836086293809354, 2.9667035084114097, -2.9875017170783353, -2.6319142271750016, 2.5508538890270307, 0.47626220859635826, 0.26880795834804483, -0.20655853383706868, -1.3001538928669762, -80.4877477121752, -10.992409202128526, -154.7665676810586, -45.31080178578453, -22.98157186120398, 2.9563801105945626, 6.695309371792867, 5.322707693712672, 17.388777463441773, 15.347964382946364, 1.0761124996134441, 2.876028302525297] 
[-6.225360488183139, -0.08453183977557766, -0.1748384456841583, -1.7482689570804277, 3.031363836110902, -3.0521620447778277, -2.567253899475509, 2.615514216726523, 0.5409225362958506, 0.20414763064855246, -0.1418982061375763, -1.2354935651674839, -80.55197763028204, -11.055388851076412, -154.82944217134093, -45.26700294606038, -23.002222021635976, 3.0294065221621085, 6.628867164274676, 5.30309646160031, 17.3460887697966, 15.311194119030727, 1.1290082449464502, 2.9378924252815333] 
[-6.438943541913602, 0.12905121395488584, -0.3884214994146218, -1.9618520108108912, 3.2449468898413656, -3.265745098508291, -2.7808369532059727, 2.4019311629960596, 0.32733948256538714, 0.41773068437901595, -0.3554812598680398, -1.4490766188979474, -80.35114325775916, -11.276773007931428, -154.59612626528016, -45.222661122175126, -22.74191030952994, 3.236692416431153, 6.7809256396745985, 5.4015623588918995, 17.467737442902934, 15.440420905863368, 0.9470126292434774, 2.732602809125081] 
[-6.468694936762219, 0.15880260880350283, -0.3586701045660048, -1.9916034056595082, 3.2151954949927486, -3.235993703659674, -2.7510855583573557, 2.4316825578446766, 0.35709087741400414, 0.44748207922763295, -0.3852326547166568, -1.4788280137465644, -80.32662207598804, -11.24277508925316, -154.52797637798952, -44.98237901909803, -22.506002717532123, 3.1941880372636025, 6.750144494770067, 5.386610476303872, 17.45629129398211, 15.397228306870643, 0.9027895200845496, 2.704559541595246] 
[-6.037750069330496, -0.2721422586282203, 0.07227476286571832, -2.4225482730912313, 2.7842506275610255, -3.6669385710913973, -3.182030425789079, 2.0007376904129535, 0.7880357448457272, 0.016537211795909834, -0.8161775221483799, -1.0478831463148413, -80.86807881766936, -10.635989084943676, -153.99732144707156, -44.90184329639027, -21.994077923052966, 2.781745566445836, 7.139105741868148, 5.407940694438322, 17.983710213588033, 14.943181494849808, 1.1768267152069987, 2.2650886281512617] 
[-6.381057269371233, 0.07116494141251684, -0.2710324371750188, -2.7658554731319684, 3.1275578276017626, -3.32363137105066, -2.8387232257483417, 1.6574304903722163, 1.1313429448864643, 0.35984441183664695, -0.4728703221076428, -1.3911903463555784, -80.62175053271756, -11.050364664025798, -153.50236479881764, -45.740423583570774, -22.756726064201562, 3.206694355543995, 7.6829287449465955, 5.478223854039727, 18.42233351075277, 14.468228135203962, 0.9207223711220605, 2.014948081486963] 
[-6.012984813147021, -0.2969075148116951, 0.09704001904919313, -3.1339279293561804, 3.4956302838259745, -2.9555589148264483, -2.4706507695241298, 2.0255029465964283, 1.4994154011106762, -0.00822804438756497, -0.10479786588343087, -1.0231178901313664, -81.02759009339991, -10.662884369095428, -153.79788134096364, -45.554700865591144, -23.06487137817789, 2.7603406525270833, 7.252753847783625, 4.886528672766993, 19.002080161663834, 14.846190540768486, 1.3134529055726676, 2.353114014578342] 
[-6.126125161617701, -0.4100478632823745, 0.21018036751987257, -3.020787580885501, 3.608770632296654, -3.0686992632971277, -2.583791117994809, 2.1386432950671077, 1.6125557495813556, 0.10491230408311447, 0.008342482587248568, -1.136258238602046, -80.94825776459187, -10.795337273412677, -153.65690291167758, -45.45398133088399, -22.975394537824133, 2.8319124007164604, 7.334324521988671, 4.967930796247445, 19.19833181731708, 14.647141663179028, 1.206273199826295, 2.2458114520935433] 
[-6.112446558159583, -0.4237264667404923, 0.1965017640617548, -3.007108977427383, 3.595092028838536, -3.05502065983901, -2.597469721452927, 2.1523218985252255, 1.5988771461232378, 0.11859090754123225, -0.00533612087086921, -1.1225796351439281, -80.95880295533652, -10.773493831171379, -153.68203405256247, -45.437971344219285, -22.998602595818287, 2.857062012552906, 7.3139765946559026, 4.9865339358671505, 19.16977541433354, 14.67602162257881, 1.2197779396520587, 2.232180017490338] 
[-6.507469046636121, -0.8187489552170306, -0.19852072441478352, -2.612086488950845, 3.200069540361998, -3.4500431483155483, -2.2024472329763887, 1.7572994100486872, 1.2038546576466995, 0.5136133960177706, 0.3896863676056691, -1.5176021236204664, -80.43924440448833, -9.969433891274774, -154.50885624688075, -44.801347578527434, -22.188344583257695, 2.0710336582619027, 7.923656541978949, 4.413314704176952, 18.896747026844192, 14.431167874450765, 0.8264737958763961, 1.838060635387193] 
[-6.376842718050934, -0.6881226266318436, -0.06789439582959655, -2.742712817536032, 3.069443211776811, -3.5806694769007352, -2.3330735615615756, 1.8879257386338741, 1.3344809862318865, 0.6442397246029575, 0.25906003902048214, -1.3869757950352795, -80.36607165322798, -9.591287720777647, -154.87938807460534, -44.5945424899683, -21.947087111792833, 1.8962697714450791, 7.741804740083012, 4.553239220711524, 18.9766395439955, 14.574493283481694, 0.9782188888634209, 1.710103912401595] 
[-6.697062757970329, -1.0083426665512385, -0.3881144357489914, -2.422492777616637, 3.3896632516962057, -3.90088951682013, -2.012853521642181, 1.5677056987144793, 1.0142609463124916, 0.3240196846835627, -0.061160000898912714, -1.0667557551158846, -80.05641043774597, -9.445122531552, -154.63894149515718, -44.337045778989015, -22.139422733381576, 2.3680432109391147, 8.298900565679773, 4.0695721402991625, 19.300280696998012, 14.866887615488038, 1.3506918770412701, 2.04426903956802] 
[-6.791199932827837, -1.1024798414087464, -0.29397726089148346, -2.516629952474145, 3.4838004265537137, -3.806752341962622, -2.1069906964996887, 1.6618428735719872, 0.9201237714549837, 0.4181568595410706, -0.15529717575642066, -0.9726185802583767, -80.15240389120454, -9.436466878444996, -154.75360754343345, -44.43137734267492, -22.110293764594157, 2.4371010022385238, 8.224724740519815, 4.191102308555994, 19.178398647357323, 14.753887901818242, 1.2401333080207262, 1.9532257099288195] 
[-6.843945825316737, -1.1552257338976468, -0.34672315338038384, -2.5693758449630453, 3.4310545340648133, -3.7540064494737218, -2.159736588988589, 1.6090969810830869, 0.9728696639438841, 0.470902752029971, -0.10255128326752028, -0.9198726877694763, -80.03467849191888, -9.732402429170701, -154.46234146659089, -44.26455118670786, -21.952596176749605, 2.357935860449072, 8.24946313607743, 4.264178109274338, 19.107490282244854, 14.687987044079886, 1.166709232268951, 2.011815991787444] 
[-6.98202184605811, -1.017149713156274, -0.48479917412175677, -2.707451865704418, 3.5691305548061862, -3.615930428732349, -2.297812609729962, 1.471020960341714, 0.8347936432025111, 0.3328267312885981, -0.2406273040088932, -0.7817966670281034, -79.9949565690713, -9.274315796124892, -154.9132187768521, -44.082550005048105, -21.756059231201863, 2.5126105890256247, 8.429804657539052, 4.458762380772503, 18.91160783410532, 14.58180232679717, 1.2704931294030217, 2.144155061590104] 
[-6.9670893811805, -1.032082178033884, -0.46986670924414664, -2.7223843305820283, 3.5840630196837964, -3.6009979638547387, -2.312745074607572, 1.4560884954641038, 0.819861178324901, 0.31789426641098795, -0.25555976888650334, -0.7668642021504932, -79.9783102571241, -9.279382500642619, -154.88828137862333, -44.05067654301749, -21.722405346521693, 2.488921987249998, 8.438874968614392, 4.469060752982189, 18.92339814424371, 14.602297818020512, 1.2927467364389833, 2.125665646521225] 
[-7.064459459269415, -0.9347120999449694, -0.5672367873330613, -2.6250142524931137, 3.681433097772711, -3.6983680419436533, -2.2153749965186575, 1.5534585735530184, 0.7224911002359864, 0.22052418832207332, -0.1581896907975887, -0.8642342802394078, -79.77507849067388, -9.60596861611603, -154.6129422461527, -44.12500967521118, -21.830285809867625, 2.4493580793268577, 8.51269689655592, 4.299334683691113, 19.093557704135733, 14.540010548122536, 1.3972239211978321, 2.0102305249596424] 
[-7.373240452799738, -0.625931106414646, -0.25845579380273787, -2.933795246023437, 3.3726521042423876, -3.38958704841333, -2.524155990048981, 1.244677580022695, 1.0312720937663098, -0.08825680520825008, 0.1505913027327347, -0.5554532867090844, -79.81424295276781, -10.250489395142846, -153.88195339855187, -43.72240583593576, -22.135484225283374, 2.8190606794515727, 8.311211118426616, 4.860222070239557, 18.528900635672766, 14.263063194926561, 1.6326574365821944, 2.2955162413537993] 
[-6.980818662554899, -0.23350931616980697, 0.13396599644210117, -3.326217036268276, 2.9802303139975486, -2.997165258168491, -2.91657778029382, 0.852255789777856, 1.4236938840111488, 0.30416498503658895, 0.5430130929775737, -0.16303149646424542, -79.76883957122485, -9.767552880239197, -154.35209412059785, -43.481765534482314, -22.426465561328, 2.567160244467868, 8.708049283165002, 5.157725850425855, 18.947930844358602, 14.791411538790472, 1.1591210806316279, 1.8429683799544363] 
[-6.9983026671053885, -0.2160253116193176, 0.11648199189161179, -3.3087330317177868, 2.997714318548038, -2.9796812536180015, -2.9340617848443094, 0.8697397943283454, 1.4411778885616382, 0.2866809804860996, 0.5604970975280631, -0.1805155010147348, -79.76147591671835, -9.751359571676982, -154.37093631651751, -43.49341223994908, -22.445569857707312, 2.5434113108335317, 8.731729745864452, 5.177731760381253, 18.95648481160068, 14.780501383944136, 1.1926300988816154, 1.8767532489587484] 
[-7.017789580589348, -0.23551222510327685, 0.13596890537557105, -3.328219945201746, 3.017201232031997, -2.9601943401340423, -2.9535486983282686, 0.8502528808443861, 1.4606648020455975, 0.30616789397005884, 0.5799840110120223, -0.16102858753077554, -79.7017200771854, -9.814234033165347, -154.3391086375786, -43.51337285593961, -22.464459198517588, 2.524301011459112, 8.712434204583094, 5.156445310274511, 18.948917785293478, 14.796576893292762, 1.2323960457524217, 1.9161877859182244] 
[-6.881444225388172, -0.3718575803044524, -0.0003764498256044746, -3.1918745900005705, 2.8808558768308217, -3.096539695335218, -2.817203343127093, 0.7139075256432106, 1.597010157246773, 0.1698225387688833, 0.7163293662131979, -0.024683232329600013, -79.81418268402285, -9.850875814229694, -154.49299681768636, -43.329391484230335, -22.616336985921393, 2.6746406366648077, 8.529290344391883, 4.988616116413524, 19.063116082699374, 14.739382024819704, 1.5118057389330493, 2.1966430723031105] 
[-6.745254205523548, -0.508047600169077, -0.13656646969022912, -3.055684570135946, 3.0170458966954463, -2.960349675470593, -2.9533933629917177, 0.5777175057785859, 1.7332001771113976, 0.03363251890425867, 0.5801393463485732, 0.11150678753502463, -79.47247960256887, -10.242544226358733, -154.23925709902213, -43.4570060817981, -22.791094032489372, 2.5005998269154524, 8.357208637285062, 4.809645229468702, 18.978984285730597, 14.813198418896398, 1.4286906980487208, 2.279059501110686] 
[-6.625398152082429, -0.3881915467279584, -0.016710416249110516, -2.9358285166948273, 3.136901950136565, -3.0802057289117117, -2.833537309550599, 0.45786145233746733, 1.8530562305525162, -0.08622353453685994, 0.4602832929074546, -0.008349265906093972, -79.42340067730191, -10.060828893688369, -154.42695937291887, -43.368014484572264, -22.89329511701605, 2.5839659365891454, 8.494079977391346, 5.015032094809171, 19.7217660252309, 15.545581300108298, 1.6870464773254321, 2.5395717354878897] 
[-6.669795219012727, -0.4325886136582562, 0.027686650681187253, -2.980225583625125, 3.092504883206267, -3.035808661981414, -2.877934376480897, 0.41346438540716957, 1.897453297482814, -0.1306206014671577, 0.41588622597715685, -0.05274633283639174, -79.34951201079768, -10.155778023978735, -154.34953827418371, -43.422633724825, -22.949071930379283, 2.5355522433386746, 8.558414766135442, 5.078051493862189, 19.73163447123613, 15.60019130383412, 1.7681469989098226, 2.619858729027265] 
[-6.876768391603861, -0.6395617862493901, 0.23465982327232116, -2.773252411033991, 2.8855317106151332, -3.242781834572548, -2.670961203889763, 0.20649121281603566, 1.69048012489168, 0.0763525711239762, 0.20891305338602295, 0.15422683975474216, -79.5293039071009, -10.235181572824454, -154.5196443704439, -43.666441709423545, -23.205002863100887, 2.3310691379743305, 8.41289956518965, 5.249291143184619, 19.721993816464, 15.804882525071399, 1.925301069433671, 2.475747515777975] 
[-6.815820100865157, -0.5786134955106861, 0.17371153253361715, -2.834200701772695, 2.9464800013538373, -3.181833543833844, -2.610012913151059, 0.26743950355473967, 1.629531834152976, 0.1373008618626802, 0.14796476264731895, 0.21517513049344617, -79.54587769712973, -10.334058237016828, -154.42536454911382, -43.58458407930726, -23.09484842256376, 2.4224199803978537, 8.46465643958649, 5.210454969080811, 19.688035183026813, 15.833612347703104, 1.8484332203350113, 2.3990922049574355] 
[-6.786458190931217, -0.6079754054446256, 0.20307344246755665, -2.8048387918387556, 2.9758419112877768, -3.2111954537677834, -2.5806510032171195, 0.29680141348867917, 1.6001699242190366, 0.1079389519287407, 0.17732667258125845, 0.18581322055950666, -79.49484307544711, -10.385035427665319, -154.42554093802943, -43.624687996503084, -23.131673343399537, 2.445502723284883, 8.479946399687115, 5.180039735363274, 19.050723428217896, 15.196592265163648, 1.8279047412500649, 2.4255253117665436] 
[-6.554049189177327, -0.3755664036907356, 0.43548244422144666, -3.0372477935926456, 3.2082509130416668, -3.4436044555216734, -2.3482420014632295, 0.5292104152425692, 1.8325789259729266, 0.3403479536826307, -0.05508232917263156, 0.4182222223133967, -79.53760379555894, -10.864101452725956, -153.88772265491187, -44.07667110071151, -23.55631019231098, 2.13680996188555, 8.302316582388894, 5.32331021743453, 19.189204061532696, 15.096655136169302, 1.5474184538394768, 2.1447735434256705] 
[-6.284171933225057, -0.10568914773846538, 0.7053597001737169, -3.307125049544916, 2.9383736570893966, -3.173727199569403, -2.6181192574154997, 0.7990876711948394, 1.5627016700206564, 0.07047069773036052, -0.32495958512490175, 0.14834496636112648, -79.14735683454073, -11.347679543596803, -153.5239641750764, -43.92018969696155, -23.25296160690081, 1.8407242747619752, 8.268585500696178, 4.911355984097133, 17.855181186012725, 13.790764244186107, 1.402662006225563, 1.8817611656246314] 
[-6.354005498546805, -0.03585558241671771, 0.7751932654954645, -3.3769586148666635, 2.868540091767649, -3.243560764891151, -2.6879528227372473, 0.7292541058730917, 1.4928681046989087, 0.1403042630521082, -0.3947931504466494, 0.21817853168287415, -79.2171358053481, -11.403324602722005, -153.69976226692353, -43.74651809723716, -23.18827808411898, 1.9220972011043487, 8.219778784123424, 4.965339278913324, 17.625274947041248, 13.561034848433575, 1.455630428120661, 1.9349107258744684] 
[-6.613976538628421, -0.29582662249833414, 1.035164305577081, -3.63692965494828, 2.6085690516860325, -3.5035318049727673, -2.427981782655631, 0.9892251459547081, 1.2328970646172923, 0.4002753031337246, -0.134822110365033, -0.04179250839874227, -79.49530487371659, -11.145983259334757, -152.82664974488912, -44.65770049607068, -22.830489525001607, 1.7368140014443705, 8.008100304883175, 5.164108914669017, 17.462011399456024, 13.705002724651587, 1.8711503361308983, 1.5204454706913255] 
[-6.732033328753168, -0.177769832373587, 1.153221095701828, -3.518872864823533, 2.7266258418107796, -3.6215885950975144, -2.546038572780378, 1.1072819360794552, 1.3509538547420394, 0.2822185130089775, -0.2528789004897801, -0.1598492985234894, -79.69437562097062, -10.885222433669478, -153.40121376258793, -44.07762858917605, -23.051551697032444, 1.7803392718235151, 8.085716264352223, 5.0140092478243465, 17.739656105440066, 13.973497612940115, 2.0111158203543145, 1.621191186661124] 
[-6.73901088464876, -0.17079227647799522, 1.1462435398062363, -3.5258504207191246, 2.719648285915188, -3.628566150993106, -2.5390610168847862, 1.1003043801838635, 1.3579314106376312, 0.2891960689045693, -0.24590134459418833, -0.1528717426278976, -79.68973663225869, -10.879746842813992, -153.4086319662577, -44.07752473415246, -23.05796518861346, 1.782078665490805, 8.07683773309251, 5.002728887690621, 17.75407033952261, 13.986896474040664, 2.0175903081418007, 1.6266327916090666] 
[-6.470554925102757, -0.4392482360239982, 0.8777875802602333, -3.2573944611731216, 2.451192326369185, -3.360110191447103, -2.8075169764307892, 0.8318484206378605, 1.6263873701836342, 0.020740109358566294, 0.022554614951814655, 0.11558421691810539, -79.4401852753981, -10.836167664221517, -151.55342804232376, -45.98685851438235, -22.37328001677593, 2.2209559424341356, 7.9082029389320745, 4.762485187866625, 17.32544055283979, 13.521980014614977, 1.7707465671305131, 1.4150991927905718] 
[-6.061392986595184, -0.8484101745315713, 0.4686256417526602, -2.8482325226655485, 2.860354264876758, -2.95094825293953, -3.2166789149383623, 0.42268648213028737, 2.0355493086912073, -0.3884218291490068, 0.43171655345938775, 0.5247461554256785, -79.93379616230298, -10.335261625281536, -151.5853662138267, -45.54240834103214, -22.60519930748384, 2.548930591721951, 8.301064021517712, 4.446667440566093, 17.54831059413547, 13.263119980992151, 1.3708463917074825, 1.8153044056924754] 
[-6.000089835650947, -0.7871070235873341, 0.5299287926968974, -2.7869293717213113, 2.7990511139325207, -3.0122514038837673, -3.2779820658825995, 0.36138333118605015, 2.0968524596354445, -0.3271186782047696, 0.49301970440362497, 0.46344300448144127, -79.99753217991764, -10.351988728357934, -151.66783186485455, -45.430173523285696, -22.494824978594323, 2.6303980068667836, 8.348601042031037, 4.4314386600428355, 17.817033658608846, 13.541720851263552, 1.465148921046599, 1.7856072405594268] 
[-5.814259678426982, -0.9729371808112988, 0.7157589499208621, -2.6010992144973466, 2.613220956708556, -3.198081561107732, -3.092151908658635, 0.17555317396208547, 2.282682616859409, -0.1412885209808049, 0.3071895471796603, 0.6492731617054059, -80.10074748148404, -9.933002097662065, -152.09982293103863, -45.42932430671585, -22.34554119371642, 2.512624958943064, 8.170561205249633, 4.482062366963606, 16.92065802176763, 12.602540321700033, 0.9959123343336758, 1.4116531447836067] 
[-5.8656504275209755, -1.0243279299052923, 0.7671496990148556, -2.549708465403353, 2.6646117058025496, -3.1466908120137385, -3.0407611595646413, 0.12416242486809193, 2.3340733659534028, -0.19267927007479846, 0.35858029627365384, 0.5978824126114124, -80.12967250892345, -9.844686056379354, -152.17941473217724, -45.49543078809133, -22.464594999508577, 2.4072085074850227, 8.1162535226151, 4.527691976079265, 16.893255162876727, 12.62799629958077, 0.9307969323252253, 1.344735400051689] 
[-5.855095843121106, -1.0137733455054225, 0.7565951146149859, -2.5391538810034833, 2.6751662902024194, -3.1361362276138687, -3.0302065751647715, 0.1347170092679617, 2.3446279503532725, -0.18212468567492868, 0.3691348806735236, 0.5873278282115426, -80.12495761599949, -9.872397540883485, -152.14713070941457, -45.515974980911594, -22.465507821888632, 2.396350424088175, 8.126081051018518, 4.520902851987445, 16.925938033686016, 12.660261704529898, 0.9203937343963702, 1.3312190380983897] 
[-6.1769835938252555, -0.6918855948012728, 1.0784828653191356, -2.861041631707633, 2.997054040906569, -2.814248476909719, -2.7083188244606218, 0.4566047599721115, 2.0227401996491228, 0.1397630650292211, 0.04724712996937386, 0.26544007750739285, -79.95829367658366, -10.579680030238324, -151.395691859022, -45.62424951985952, -23.023792049938873, 1.8658957343259193, 8.47883478906292, 4.777802992619023, 15.812763311433264, 11.490662909200314, 0.31229518644193244, 0.8297119955472888] 
[-6.207287326008839, -0.6615818626176897, 1.0481791331355526, -2.83073789952405, 3.027357773090152, -2.844552209093302, -2.738622556644205, 0.4263010277885284, 2.053043931832706, 0.10945933284563802, 0.016943397785790792, 0.23513634532380978, -79.9942963498969, -10.649497415254316, -151.27371753547965, -45.732728624393864, -23.01329305152743, 1.8219778786064666, 8.530743808666163, 4.802809409093296, 15.676461543727703, 11.352628054610484, 0.2917055652951417, 0.859086496812262] 
[-6.355289059012268, -0.5135801296142604, 1.196180866138982, -2.9787396325274793, 2.879356040086723, -2.9925539420967313, -2.886624289647634, 0.27829929478509907, 1.9050421988292765, 0.25746106584906736, -0.13105833521763854, 0.3831380783272391, -79.84739705845038, -10.667924372202656, -151.6687305253006, -45.34459895336778, -23.125360018970675, 1.6009413547330724, 8.760303793890241, 4.868513817305965, 16.443589584130603, 12.110308737329918, 0.398931389824873, 0.7128408831525] 
[-6.1404778275903205, -0.7283913610362078, 0.9813696347170344, -2.763928401105532, 3.0941672715086703, -3.207365173518679, -3.1014355210695816, 0.0634880633631516, 1.690230967407329, 0.47227229727101483, -0.345869566639586, 0.16832684690529165, -80.07702339193132, -10.431817077697243, -151.70714314609722, -45.08094287825475, -22.809123010912927, 1.9421545431238374, 8.425936514289726, 4.567439772443673, 16.37394056516319, 11.816352251079516, 0.615888802835345, 0.9022218136161784] 
[-6.147108711562311, -0.7217604770642176, 0.9880005186890246, -2.770559285077522, 3.08753638753668, -3.213996057490669, -3.108066405041572, 0.056857179391161417, 1.6968618513793192, 0.478903181243005, -0.3392386826675958, 0.16169596293330146, -80.08478362197741, -10.442457853286273, -151.69844400891506, -45.07777055982243, -22.80151656681232, 1.9495689278925237, 8.43278173199553, 4.560635241613912, 16.314721452678096, 11.756814459434526, 0.6286607637590256, 0.8917895053595974] 
[-6.2772490027402235, -0.5916201858863048, 1.1181408098669374, -2.640418993899609, 2.9573960963587673, -3.344136348668582, -2.977926113863659, -0.0732831117867514, 1.5667215602014064, 0.3487628900650922, -0.209098391489683, 0.03155567175538865, -79.9648592246922, -10.54278078076303, -151.7473119781842, -45.155035623888715, -22.679402466722518, 2.0963080012656707, 8.577752905222795, 4.687581138526912, 15.189755816525672, 10.624059000880575, 0.8799756159136588, 0.6883958133516532] 
[-6.076429961425536, -0.3908011445716171, 1.3189598511816252, -2.841238035214297, 3.158215137673455, -3.143317307353894, -2.7771070725489713, 0.12753592952793635, 1.3659025188867187, 0.14794384875040445, -0.00827935017499526, 0.2323747130700764, -79.76603119513248, -10.9468559278901, -150.90997646473676, -45.976789660578234, -23.031704472115468, 2.212425060901522, 8.427750674885568, 4.864493553597143, 15.089145423614154, 10.730919351529923, 1.1295865905888327, 0.43890664839712956] 
[-6.348705636784924, -0.11852546921222862, 1.0466841758222367, -3.1135137105736854, 2.8859394623140666, -2.8710416319945056, -2.504831397189583, -0.1447397458314521, 1.6381781942461071, -0.12433182660898401, -0.2805550255343837, 0.5046503884294649, -79.98936340097224, -10.688997837520139, -151.21108267449787, -45.971089480356554, -22.754626498532325, 1.9364305297981614, 8.85010470208193, 5.290213247193056, 14.919118173877703, 10.8480865383233, 1.4032238462930446, 0.7090017855385584] 
[-6.091516220672286, -0.37571488532486663, 0.7894947597095987, -2.8563242944610474, 3.1431288784267046, -2.6138522158818676, -2.762020813302221, -0.4019291619440901, 1.8953676103587451, 0.132857589503654, -0.5377444416470217, 0.7618398045421029, -80.22343450137326, -11.044587075811275, -149.2869778740611, -47.88638280759294, -23.094037190678804, 1.7057662193624419, 8.324858197092668, 4.7328464420393015, 15.223433025326619, 10.891747233926322, 1.74222649485474, 0.37028152702208644] 
[-6.2337806602568655, -0.517979324909446, 0.931759199294178, -2.9985887340456268, 3.285393318011284, -2.756116655466447, -2.9042852528868, -0.25966472235951077, 2.0376320499433245, 0.27512202908823336, -0.3954800020624424, 0.9041042441266822, -80.40632254804893, -11.273827494174272, -149.07186737554747, -47.909569573266054, -23.24097168966599, 1.7647027578715067, 8.503408842613235, 4.949590225342686, 15.034623450341552, 10.866959993293547, 1.8473103909877215, 0.4739439039259544] 
[-5.901353460335216, -0.18555212498779605, 1.264186399215828, -3.3310159339672767, 2.952966118089634, -2.423689455544797, -3.23671245280845, 0.07276247756213916, 2.3700592498649744, -0.057305170833416574, -0.06305280214079245, 1.2365314440483322, -80.05233059948327, -10.771227177976819, -149.59733892380638, -47.84465844940841, -22.82934825415078, 1.203694526932622, 8.98580909927447, 4.698141157516485, 15.217879825624543, 10.653364262178327, 2.1431724616153254, 0.7385370760272725] 
[-5.713510433879616, -0.3733951514433955, 1.4520294256714275, -3.518858960422876, 3.1408091445452335, -2.6115324820003964, -3.0488694263528506, 0.26060550401773863, 2.182216223409375, 0.1305378556221829, 0.12479022431480702, 1.0486884175927327, -80.13426252674182, -10.482030221796956, -152.13942281302917, -45.30260004121212, -23.096169225420564, 1.6573942467433678, 8.514949047792184, 4.574644995354346, 15.810679108164669, 11.245893759005169, 1.9756600287620296, 0.9298372910369607] 
[-5.317262003782421, -0.7696435815405906, 1.8482778557686226, -3.9151073905200713, 2.7445607144480384, -3.0077809120975916, -2.6526209962556555, 0.6568539341149338, 2.57846465350657, -0.26571057447501223, -0.2714582057823881, 1.4449368476899278, -79.3317311718854, -9.673013367299113, -152.40710183878392, -45.48644097314113, -22.69140788027947, 2.4347230209841624, 7.758461270968968, 4.977278450464607, 16.250519181058216, 11.225873148345816, 1.5549153703023246, 0.5076943779164691] 
[-5.097729732429801, -0.5501113101879711, 1.628745584416003, -3.6955751191674517, 2.525028443095419, -2.788248640744972, -2.433088724903036, 0.4373216627623142, 2.7979969248591896, -0.04617830312239268, -0.49099047713500765, 1.6644691190425474, -79.21383553242602, -9.845063365606897, -152.611559083139, -45.55468887526523, -22.406702660661686, 2.716354747782468, 7.905415929827296, 4.863383887190003, 16.363416515027, 11.09173310464047, 1.738817053854239, 0.7212540207237046] 
[-5.021535317896749, -0.6263057247210235, 1.7049399989490555, -3.771769533700504, 2.6012228576284713, -2.8644430552780245, -2.3568943103699835, 0.5135160772953666, 2.721802510326137, -0.1223727176554451, -0.5671848916680601, 1.588274704509495, -79.1647923747414, -9.879433988785902, -152.34075952375377, -45.82411334204917, -22.295615020718788, 2.806500459310544, 8.0794154383114, 5.075175667145487, 16.493432503135143, 11.057921002954687, 1.810497847209542, 0.6482175111667875] 
[-5.031809762383997, -0.6160312802337757, 1.7152144434363032, -3.782043978187752, 2.611497302115719, -2.8541686107907767, -2.3466198658827357, 0.5032416328081188, 2.732076954813385, -0.11209827316819732, -0.5569104471808123, 1.5780002600222471, -79.11942710731255, -9.833967180702102, -152.33321645529912, -45.818231096365075, -22.288202338055672, 2.7983476713050224, 8.084485579249277, 5.064097962833908, 16.48144623023412, 11.063042355017366, 1.8006082714429636, 0.6378508984750526] 
[-4.879115410262692, -0.7687256323550806, 1.5625200913149984, -3.934738330309057, 2.764191654237024, -3.0068629629120815, -2.4993142180040406, 0.35054728068681396, 2.88477130693469, 0.04059607895310757, -0.7096047993021172, 1.4253059079009422, -78.44327250556364, -9.15844190213955, -152.37599287331793, -45.96071981222606, -22.524027055494813, 2.611719160479951, 7.747310560650817, 4.703168837778762, 16.461970374097252, 10.888924760755273, 1.6321666554816672, 0.48451919317428577] 
[-5.005540302160142, -0.8951505242525308, 1.4360951994175482, -3.8083134384116066, 2.890616546134474, -2.8804380710146313, -2.625739109901491, 0.22412238878936375, 2.7583464150372397, -0.08582881294434264, -0.583179907404667, 1.298881016003492, -78.51760318379091, -9.084948649630585, -152.12063305118866, -46.216532034337874, -22.4126920322578, 2.547347217071184, 7.411982036418673, 4.316904228093199, 16.187885623757584, 10.700439544605695, 1.522308025940009, 0.3684627662494468] 
[-4.921548268248738, -0.8111584903411271, 1.520087233328952, -3.8923054723230104, 2.974608580045878, -2.964430104926035, -2.7097311438128946, 0.14013035487796, 2.674354381125836, -0.0018367790329388844, -0.4991878734932632, 1.3828730499148958, -78.30350602147443, -8.867643361942632, -152.29000824579302, -46.05472645579618, -22.35456816886974, 2.479187946360141, 7.389581088520882, 4.417547725260198, 16.3388000871405, 10.834997192088148, 1.4582311166611297, 0.29391283412667085] 
[-4.869847728863451, -0.862859029726414, 1.468386693943665, -3.8406049329377234, 2.922908040660591, -2.912729565540748, -2.7614316831981816, 0.19183089426324695, 2.726054920511123, 0.049863760352348074, -0.5508884128785502, 1.4345735893001827, -78.27164861769224, -8.897099506157994, -152.3926981314334, -45.9528892589647, -22.310390066106798, 2.445331978302673, 7.310004908871489, 4.336122696141145, 16.362997079717143, 10.794006831940829, 1.4013932499108264, 0.3506965281960072] 
[-4.599853493081689, -1.1328532655081767, 1.1983924581619023, -3.570610697155961, 2.6529138048788283, -3.1827238013225108, -2.491437447416419, 0.4618251300450096, 2.9960491562928855, -0.22013047542941455, -0.28089417709678755, 1.1645793535184201, -78.09996061926768, -9.050171169073165, -152.9395993142518, -45.3898950171569, -22.65606483120274, 2.2009357854818545, 6.913679778617398, 3.838350260433515, 15.824801392317662, 10.320079146891981, 1.1678047470422253, 0.09728622389526798] 
[-4.631788814671911, -1.1009179439179548, 1.2303277797521242, -3.6025460187461826, 2.68484912646905, -3.2146591229127326, -2.5233727690066408, 0.4937604516352314, 3.0279844778831073, -0.18819515383919272, -0.2489588555065657, 1.1326440319281983, -78.15570092388477, -9.10666206017564, -152.96843068185453, -45.404355443324434, -22.70932973540941, 2.146400858123641, 6.917857650484509, 3.789995108344357, 15.771565912270146, 10.28589776547156, 1.1894786075527304, 0.1269047269082439] 
[-4.520873091862743, -0.9900022211087873, 1.3412435025612917, -3.491630295937015, 2.7957648492782177, -3.3255748457219, -2.4124570461974733, 0.3828447288260639, 2.91706875507394, -0.07727943103002521, -0.3598745783157332, 1.2435597547373658, -77.95440377803874, -8.906396531003413, -153.03088709298683, -45.51857217786406, -22.50547986184629, 2.3436584197239716, 7.030919317352392, 3.77351961709765, 15.867707179241131, 10.199703152829589, 1.2743715607560182, 0.22910266241321814] 
[-4.4803398237259096, -1.0305354892456209, 1.3817767706981252, -3.4510970278001816, 2.8362981174150512, -3.3661081138587337, -2.3719237780606397, 0.34231146068923035, 2.8765354869371063, -0.03674616289319166, -0.31934131017889966, 1.2840930228741994, -77.86720302327426, -8.819759668611578, -153.05484831504313, -45.545340560565876, -22.529166260717844, 2.391196958480508, 7.143265891335201, 3.8816752443547937, 15.865367538643547, 10.242535702664409, 1.3138505288782139, 0.2651805294500614] 
[-4.437244185455487, -1.0736311275160433, 1.3386811324277028, -3.494192666070604, 2.8793937556854736, -3.3230124755883113, -2.3288281397902173, 0.38540709895965275, 2.9196311252075287, 0.00634947537723074, -0.36243694844932206, 1.240997384603777, -77.83926502906604, -8.850040230304844, -153.0864200851206, -45.571620955450044, -22.558902094346, 2.43392363996559, 7.195272902901228, 3.885424451258473, 15.923865214090927, 10.30145659137318, 1.355433448855221, 0.304586929997575] 
[-4.101558402644425, -1.4093169103271053, 1.0029953496166408, -3.829878448881666, 3.2150795384965356, -3.6586982583993732, -2.6645139226012793, 0.049721316148590766, 3.2553169080185906, 0.3420352581882927, -0.026751165638260077, 1.576683167414839, -77.19886725997412, -8.186174366263925, -152.4631026800276, -46.14822793219991, -22.957593269150202, 1.985694911324278, 7.052122655294945, 4.257448604970915, 16.443815147495023, 10.744966289336329, 1.0517188065078795, 0.0037739566481769238] 
[-4.4453967419236875, -1.065478571047843, 1.3468336888959032, -4.173716788160928, 2.8712411992172733, -3.314859919120111, -3.0083522618805416, -0.29411702313067156, 2.9114785687393283, -0.001803081090969605, 0.31708717364100225, 1.2328448281355766, -77.58713015512998, -8.523477147737584, -152.27366044883692, -45.65428352775754, -23.456411101270454, 1.715891097841822, 7.165020627621883, 3.9745688827405043, 16.80744893100697, 10.443354172877548, 0.8084042909339486, 0.34757620286706126] 
[-4.6319278305963145, -0.8789474823752159, 1.1603026002232761, -3.9871856994883013, 2.6847101105446463, -3.501391007792738, -3.1948833505531686, -0.10758593445804454, 2.7249474800667013, -0.18833416976359663, 0.5036182623136293, 1.4193759168082036, -77.70974174326507, -8.38658514368136, -152.12519058535935, -45.46810414055628, -23.650171775279315, 1.9157745478240826, 7.40490649803725, 4.137782643764952, 16.99819020723485, 10.67180552625105, 0.977843911883023, 0.17856158242627282] 
[-4.504622769083376, -0.7516424208622774, 1.0329975387103376, -4.11449076100124, 2.5574050490317077, -3.6286960693056765, -3.06757828904023, 0.01971912705489398, 2.85225254157964, -0.061029108250658104, 0.37631320080069075, 1.5466809783211422, -77.63490384472784, -8.469093910388857, -152.23826921901576, -45.51002273068989, -23.805060490942758, 1.774036751101588, 7.493607541106893, 4.014358640937054, 16.91376999501355, 10.749689130582736, 0.8707734145418223, 0.29821014002943197] 
[-4.130811368585697, -0.37783102036459804, 0.6591861382126583, -3.7406793605035604, 2.1835936485340284, -3.254884668807997, -2.6937668885425508, 0.39353052755257334, 2.4784411410819605, -0.43484050874833746, 0.7501246012983701, 1.1728695778234628, -78.92609242534147, -9.752395871135414, -152.05082373382396, -45.24451676613548, -23.685849711469025, 1.1878003695138022, 6.864059896851335, 3.5938935123635893, 16.62070939822662, 11.06112126329698, 1.2582399881916184, -0.07217415990584225] 
[-3.892972356269823, -0.6156700326804718, 0.897025150528532, -3.5028403481876866, 2.421432660849902, -3.0170456564921233, -2.9316059008584245, 0.15569151523669955, 2.2406021287660867, -0.6726795210642112, 0.5122855889824963, 1.4107085901393366, -80.12780800957195, -10.993449562090333, -152.48710081256624, -45.245315374588344, -23.81039743700081, 1.3562719174012112, 7.106940983992889, 3.5817327627763564, 17.094933700337105, 11.525978851296303, 1.1861508038566326, 0.14839294568896452] 
[-3.909699920590363, -0.5989424683599318, 0.9137527148490721, -3.4861127838671466, 2.404705096529362, -3.0003180921715833, -2.9148783365378845, 0.17241907955723956, 2.2573296930866267, -0.6559519567436712, 0.5290131533030363, 1.3939810258187966, -80.16531243716253, -11.03073055643557, -152.48577934496603, -45.23594937842447, -23.770746455913795, 1.3962549791375451, 7.118079027081103, 3.572248568859248, 17.147693381067803, 11.586936714700354, 1.2225453335021403, 0.13388960112235299] 
[-3.896227269509641, -0.6124151194406537, 0.9002800637683501, -3.4995854349478686, 2.418177747610084, -3.0137907432523052, -2.9283509876186065, 0.1858917306379615, 2.2438570420059047, -0.6694246078243932, 0.5155405022223144, 1.4074536768995185, -80.18364664473133, -11.039202569192446, -152.53190683219384, -45.186307731800355, -23.82164316952232, 1.348601697789608, 7.140806293293199, 3.5923760909658466, 17.163473809356173, 11.58722643351106, 1.2352296745714442, 0.12130927186376989] 
[-3.9016315406740993, -0.6070108482761953, 0.8948757926038917, -3.504989706112327, 2.4127734764456257, -3.0191950144167636, -2.933755258783065, 0.1804874594735031, 2.249261313170363, -0.6748288789888516, 0.510136231057856, 1.412857948063977, -80.19356354629278, -11.047253247706342, -152.5207156276459, -45.19943418779188, -23.81550186010373, 1.3463165226202436, 7.1478466341262505, 3.5992728112116597, 17.1638300788089, 11.595497153430074, 1.2431088616927564, 0.1164003535506387] 
[-4.225303838885928, -0.9306831464880241, 1.2185480908157205, -3.8286620043241557, 2.7364457746574544, -2.695522716204935, -3.2574275569948936, 0.5041597576853318, 2.572933611382192, -0.35115658077702283, 0.8338085292696847, 1.7365302462758057, -81.07438586919969, -12.031837433791589, -153.14887844873493, -45.116247669453664, -24.000203667058734, 1.5935810208245162, 6.7247099445965, 3.2149592647891447, 17.387077697497794, 11.498410124132098, 1.5151287052332831, -0.1909597640037875] 
[-3.9721843246598283, -0.6775636322619243, 1.4716676050418203, -3.575542490098056, 2.4833262604313546, -2.9486422304310347, -3.004308042768794, 0.7572792719114316, 2.8260531256082917, -0.6042760950031226, 0.5806890150435849, 1.9896497605019055, -81.60035004557592, -12.548762583289248, -153.04224817007557, -44.932726621642736, -23.883934703875152, 1.2300323651985017, 7.0862580876284715, 3.5956132707188275, 17.784143479176507, 11.475913733127058, 1.7966048910550407, -0.47636720831966656] 
[-3.978024829199729, -0.6834041368018249, 1.4658271005019197, -3.5697019855581553, 2.477485755891454, -2.942801725891134, -3.0101485473086944, 0.751438767371531, 2.8318936301481923, -0.6101165995430232, 0.5748485105036844, 1.9838092559620049, -81.59737477410837, -12.553743560876901, -153.0626087079116, -44.91238082791059, -23.889503470510807, 1.231760614233519, 7.093436890630473, 3.6119849033938825, 17.799339980943838, 11.46926113275264, 1.7885613991148481, -0.480730839918939] 
[-3.7993963537722983, -0.8620326122292554, 1.6444555759293502, -3.3910735101307248, 2.6561142313188846, -2.7641732504637035, -2.831520071881264, 0.5728102919441005, 2.6532651547207617, -0.4314881241155927, 0.7534769859311149, 1.8051807805345743, -81.48105975668207, -12.662008099886533, -152.9855382546671, -44.77446308623793, -24.27951279442118, 0.8558081372800274, 6.982783181407288, 3.718645803125322, 17.703810055670324, 11.547853099715555, 1.6082096330378572, -0.2698453962036123] 
[-3.932661057083159, -0.7287679089183947, 1.5111908726184895, -3.5243382134415855, 2.7893789346297453, -2.630908547152843, -2.698255368570403, 0.7060749952549612, 2.520000451409901, -0.29822342080473196, 0.6202122826202542, 1.6719160772237136, -81.57442744416696, -12.561750444271071, -153.07936360155793, -44.84420791592571, -23.99946501671464, 1.2076590346227645, 6.657826981157272, 3.3726462676394844, 17.407042066947575, 11.531687047317872, 1.4480187895018435, -0.11345989224996506] 
[-3.7516120602744607, -0.5477189121096964, 1.3301418758097912, -3.343289216632887, 2.608329937821047, -2.811957543961541, -2.517206371761705, 0.8871239920636595, 2.3389514546012027, -0.4792724176134303, 0.8012612794289525, 1.4908670804150153, -81.69048708252174, -12.43924019938094, -152.9707775121063, -44.73436246072629, -24.181750871772458, 1.211444768884955, 6.962765574557755, 3.813231651388768, 17.769491296166933, 11.464315567516586, 1.2430762388205068, 0.07908263786185346] 
[-3.5892209496114695, -0.3853278014467052, 1.1677507651468, -3.180898105969896, 2.770721048484038, -2.64956643329855, -2.3548152610987136, 0.7247328814006684, 2.1765603439382115, -0.31688130695043915, 0.9636523900919437, 1.6532581910780064, -81.80253239621865, -12.336300167313905, -153.01650844028384, -44.86508726364257, -24.048445673563535, 1.1383144036981134, 6.845839645722186, 3.8960247679870292, 17.680831174568866, 11.557466531663195, 1.0927992374252469, -0.09095540647637937] 
[-3.3435805058476333, -0.6309682452105414, 1.4133912089106362, -3.426538549733732, 3.0163614922478743, -2.895206877062386, -2.60045570486255, 0.4790924376368322, 2.4222007877020477, -0.5625217507142753, 1.20929283385578, 1.8988986348418426, -82.21648269999962, -12.755929573578006, -153.07638142667366, -44.57187671497516, -23.809838889367775, 1.129473866007124, 6.329157535014711, 3.3100503822859726, 17.30970926023636, 11.609970960909566, 1.3289404868840209, 0.13950597956143962] 
[-3.4459028231973647, -0.52864592786081, 1.3110688915609048, -3.5288608670834636, 2.914039174898143, -2.9975291944121176, -2.7027780222122813, 0.5814147549865636, 2.3198784703523163, -0.6648440680640068, 1.3116151512055114, 1.7965763174921112, -82.30499324451652, -12.670666280920072, -153.10641890748045, -44.65623442424327, -23.694934438841667, 1.2059831850997789, 6.518007073343868, 3.5410311634519314, 17.460915277217023, 11.57001244650263, 1.241343345794617, 0.05951867990723428] 
[-3.2425531569985786, -0.32529626166202386, 1.514418557759691, -3.3255112008846774, 3.117388841096929, -3.2008788606109038, -2.9061276884110674, 0.7847644211853497, 2.5232281365511025, -0.4614944018652206, 1.1082654850067253, 1.593226651293325, -82.17666013421265, -12.960605323142083, -154.07579203256165, -43.71127873095661, -23.616033058140815, 1.035901470813327, 6.38407867063193, 3.6773138733104638, 17.401818900048326, 11.773719829028133, 1.509020323919985, -0.1894167396930827] 
[-3.1994688843602717, -0.2822119890237169, 1.471334285121384, -3.2824269282463705, 3.074304568458622, -3.157794587972597, -2.9492119610493743, 0.8278486938236567, 2.4801438639127955, -0.4184101292269137, 1.1513497576450322, 1.636310923931632, -82.1289719596175, -12.912398592343372, -154.04408494520294, -43.69811783875206, -23.574024622930438, 0.9963143429943804, 6.427471011218967, 3.693021398038164, 17.34015448834778, 11.699181859550638, 1.4546250352910743, -0.2315234175345498] 
[-3.530691858475393, 0.049010985091404446, 1.1401113110062626, -2.951203954131249, 2.7430815943435007, -3.489017562087718, -3.2804349351644957, 0.4966257197085353, 2.811366838027917, -0.749633103342035, 0.8201267835299109, 1.9675338980467534, -82.48015499777033, -13.271678660710531, -154.35368308524824, -43.73145343254293, -23.928916515322374, 0.6337622581046141, 5.941758741566556, 2.5428745895497213, 16.014656082545777, 10.808454306411488, 1.0239070139768012, -0.5392142472878] 
[-3.7341917467634858, -0.1544889031966883, 0.9366114227181699, -3.154703842419342, 2.539581706055408, -3.692517450375811, -3.076935046876403, 0.700125607996628, 3.0148667263160096, -0.9531329916301278, 0.6166268952418181, 1.7640340097586606, -82.3161099923101, -13.375808844687187, -156.3200625684857, -41.75112213873501, -23.593619565008485, 0.5991453536053779, 6.098643984696845, 2.8562840690158864, 16.301089807598693, 10.535451332515013, 0.7298868367817815, -0.6819066206086308] 
[-3.9338093539224737, -0.3541065103556762, 1.1362290298771578, -3.35432144957833, 2.33996409889642, -3.492899843216823, -2.877317439717415, 0.5005080008376401, 2.8152491191570217, -1.1527505987891158, 0.816244502400806, 1.5644164025996727, -82.43660559855493, -13.232437353856337, -156.18451227540473, -41.65700107790437, -23.966418088011046, 0.241447990696117, 6.149241090252692, 2.974679810834241, 16.170405252277664, 10.417882186314836, 0.8653352792322841, -0.8902354716420235] 
[-3.983131925851275, -0.3047839384268749, 1.0869064579483565, -3.3049988776495285, 2.290641526967619, -3.5422224151456243, -2.9266400116462163, 0.5498305727664414, 2.7659265472282204, -1.1034280268603145, 0.7669219304720047, 1.613738974528474, -82.27487978401793, -13.064104105957558, -156.07702968275686, -41.70618578218916, -23.8188254746303, 0.3858658354369505, 6.139600658713555, 3.0040306696223857, 16.12961479098259, 10.379821126805808, 0.8921831896012072, -0.8408622357649349] 
[-4.11999498866005, -0.4416470012356499, 1.2237695207571315, -3.4418619404583035, 2.427504589776394, -3.6790854779543993, -3.0635030744549914, 0.6866936355752165, 2.9027896100369954, -1.2402910896690895, 0.6300588676632297, 1.750602037337249, -82.75667253810968, -13.54903057420252, -156.13467910236636, -41.52686196508756, -23.707198412727724, 0.3620223390430278, 6.285948537199736, 3.0964346812612304, 15.984395598386016, 10.009155134317178, 0.535434123370711, -0.9729372259437474] 
[-4.12436329108397, -0.44601530365957, 1.2281378231810516, -3.4462302428822236, 2.431872892200314, -3.6747171755304793, -3.0591347720310713, 0.6910619379991365, 2.9071579124609155, -1.2446593920930096, 0.6256905652393097, 1.746233734913329, -82.75862143454725, -13.54580471995229, -156.1307460665885, -41.526003592284965, -23.703043643244477, 0.36174642131423834, 6.290769555362036, 3.1072243196073708, 15.994445016126962, 9.993236904483696, 0.5190768474569164, -0.9680095889802686] 
[-4.1571906966648235, -0.4131878980787165, 1.195310417600198, -3.41340283730137, 2.4647002977811674, -3.6418897699496258, -3.026307366450218, 0.658234532418283, 2.874330506880062, -1.277486797673863, 0.5928631596584562, 1.7790611404941825, -82.76794741584749, -13.601961174415736, -156.3338375412733, -41.321526588077546, -23.79492043179021, 0.2806447745859163, 6.293143710536242, 3.1201446847244796, 15.96201329135717, 9.86094541383217, 0.38838530143075856, -0.9965568682948385] 
[-4.239565640054298, -0.4955628414681912, 1.2776853609896728, -3.3310278939118954, 2.3823253543916927, -3.7242647133391005, -3.1086823098396925, 0.5758595890288083, 2.9567054502695367, -1.1951118542843884, 0.6752381030479309, 1.8614360838836572, -83.13980565517546, -13.97391297919126, -156.33598119275302, -41.2537251635873, -23.582111234293457, 0.5368422737918768, 6.457786266425964, 2.958637206409002, 15.804565105907718, 10.18517556084226, 0.7166506020558309, -0.9251463538241901] 
[-4.127723047257671, -0.38372024867156407, 1.3895279537863, -3.4428704867085225, 2.2704827615950656, -3.8361073061357276, -3.2205249026363196, 0.6877021818254354, 2.8448628574729096, -1.0832692614877613, 0.787080695844558, 1.74959349108703, -83.68050674489203, -14.521495085669835, -156.5320840970713, -41.19327632834175, -23.83783114705005, 0.2862012994292416, 6.471725747629527, 3.048877335105137, 15.763585123769891, 10.584403884389413, 1.1225440470626546, -1.0636656462863205] 
[-4.143312550035574, -0.39930975144946723, 1.3739384510083967, -3.4584599894864256, 2.2548932588171624, -3.8205178033578244, -3.236114405414223, 0.7032916846033386, 2.8292733546950064, -1.067679758709858, 0.8026701986224611, 1.734003988309127, -83.6021448217685, -14.440315538794309, -156.3979522566434, -41.32590314972386, -23.831793030222705, 0.316589571393134, 6.49949419042491, 3.0554288517041925, 15.750797838026536, 10.573421775381512, 1.132538350752446, -1.0798448984869822] 
[-4.111852782808025, -0.3678499842219183, 1.3424786837808478, -3.4899197567139746, 2.2863530260447114, -3.8519775705853734, -3.2675741726417717, 0.6718319173757896, 2.8607331219225554, -1.0362199914823091, 0.8341299658500101, 1.702544221081578, -83.72728101409733, -14.561012810745993, -156.2055415412434, -41.51913110771967, -23.920764337786952, 0.20325375750345157, 6.421318090704168, 3.090049533329339, 15.748808687635643, 10.646508361080736, 1.204790070698291, -1.0524561832385713] 
[-3.740556822074314, -0.7391459449556295, 0.9711827230471366, -3.1186237959802634, 2.6576489867784225, -3.480681609851662, -2.8962782119080606, 1.0431278781095008, 3.2320290826562665, -0.664924030748598, 1.2054259265837213, 2.073840181815289, -81.8496983154261, -12.604390328060163, -153.16413446745426, -44.539270361910916, -22.923244887069654, 1.0830418225121163, 6.355394195972094, 4.002599179632567, 16.65281130655509, 10.567768725406234, 1.551610013098982, -1.4409456468643964] 
[-3.3623588174156858, -1.1173439496142579, 1.349380727705765, -3.496821800638892, 2.279450982119794, -3.102483605193034, -2.518080207249432, 0.6649298734508724, 2.853831077997638, -0.28672602608996955, 0.8272279219250929, 2.4520381864739176, -82.13717487485529, -12.386657303059529, -153.2937085052104, -44.83479754339707, -22.60632121525687, 0.9510868704818942, 6.730792678930647, 4.305133289936394, 16.510296669360063, 11.038313819590503, 1.948999781771255, -1.203561856255753] 
[-3.761837698750387, -1.5168228309489593, 1.7488596090404664, -3.0973429193041904, 2.6789298634544956, -2.7030047238583323, -2.9175590885841336, 1.0644087547855738, 3.2533099593323396, -0.686204907424671, 0.4277490405903914, 2.851517067808619, -82.56733177342237, -12.706460764117844, -152.66586192057673, -45.55846589837744, -21.14556312810608, 2.392555667407344, 6.587306788113437, 4.927528597966428, 17.111572987190815, 10.584850923402968, 0.9532307364201836, -0.2616814781724204] 
[-3.3737998140468193, -1.9048607156525272, 1.3608217243368985, -3.4853808040077583, 3.0669677481580635, -3.0910426085619003, -2.5295212038805657, 1.4524466394891418, 2.8652720746287716, -1.074242792128239, 0.0397111558868235, 2.463479183105051, -82.96649640107657, -13.061312507376584, -152.98341111409331, -45.92454454420894, -21.87518777842809, 1.5400419288921658, 7.04593886731987, 2.4132907801815255, 14.549483181170803, 11.62842239753147, 1.9103404834868543, -0.16797699741240701] 
[-3.3063036946325255, -1.8373645962382334, 1.4283178437511923, -3.552876923422052, 3.1344638675723573, -3.158538727976194, -2.462025084466272, 1.5199427589034356, 2.9327681940430654, -1.1417389115425327, 0.10720727530111729, 2.3959830636907573, -82.89249602745343, -13.147512989940736, -153.05188083870055, -45.873058000209795, -21.941742299371132, 1.6049273030710656, 6.9961103823629385, 2.71354580599418, 14.851483209798992, 11.611045794204886, 1.9641555452162371, -0.2362657542230323] 
[-3.2995013264653714, -1.8441669644053875, 1.4215154755840382, -3.559679291589206, 3.1412662357395114, -3.165341096143348, -2.468827452633426, 1.5131403907362815, 2.9259658258759114, -1.1349365433753786, 0.11400964346827136, 2.4027854318579114, -82.8989572453053, -13.155411328403916, -153.06205674836622, -45.88270726618345, -21.93443579936357, 1.5982494366427273, 7.0019346246815894, 2.6856784506757143, 14.823519959084305, 11.614982750213677, 1.9610545412678997, -0.24296670858631905] 
[-3.5463211129059644, -1.5973471779647945, 1.1746956891434452, -3.806499078029799, 3.3880860221801044, -2.918521309702755, -2.715647239074019, 1.2663206042956885, 3.1727856123165044, -0.8881167569347856, 0.36082942990886435, 2.6496052182985044, -82.63976144467038, -13.446920419959824, -153.3002447376454, -45.67835588586308, -22.19352016152453, 1.8503864095244928, 7.292396924241939, 3.7709612617624115, 15.909154750604635, 13.73736061285932, 4.086513867032174, -0.565254952728193] 
[-3.758206673843656, -1.385461617027103, 0.9628101282057537, -3.5946135170921076, 3.176200461242413, -2.7066357487650636, -2.5037616781363274, 1.054435043357997, 3.384671173254196, -1.1000023178724772, 0.5727149908465559, 2.861490779236196, -82.42622902321816, -13.604459274376056, -153.14065530006326, -45.49387645639911, -22.06147836615857, 2.0493328027952544, 7.232060080658312, 5.34726063345855, 17.48883850597266, 13.901043952906674, 4.032922404749999, -0.7666197782099108] 
[-4.163178392139937, -0.9804898987308222, 1.3677818465020346, -3.9995852353883885, 2.771228742946132, -3.1116074670613445, -2.9087333964326083, 0.6494633250617161, 3.7896428915504767, -1.504974036168758, 0.167743272550275, 2.456519060939915, -82.04974922611844, -13.871833089318445, -152.9278369565953, -44.98147019184426, -22.607287676916435, 2.5032472798030385, 7.132913994395193, 4.032442112230641, 16.186071909213652, 14.016238761972634, 4.651843670226678, -1.3177992139200472] 
[-4.0518117931011695, -1.0918564977695895, 1.2564152474632673, -4.110951834427156, 2.6598621439073646, -3.000240868022577, -3.0200999954713756, 0.5380967260229488, 3.6782762925117094, -1.6163406352075254, 0.2791098715890423, 2.3451524619011477, -81.83262745005811, -13.649077116513736, -152.8328093058611, -44.88101118072569, -22.768847125170346, 2.3514765641931543, 7.213069162816418, 3.8400676556691504, 15.98201253970813, 14.093482693015696, 4.60011408275818, -1.2059927140445352] 
[-4.515494526465389, -0.62817376440537, 0.7927325140990478, -3.6472691010629363, 2.196179410543145, -3.4639236013867967, -2.556417262107156, 0.07441399265872928, 4.141959025875929, -2.080023368571745, -0.18457286177517718, 2.808835195265367, -81.46875568128445, -13.923361633086644, -152.49437901922022, -44.56216137862552, -22.49927048824849, 1.8811762721929526, 7.831038228885221, 4.7718664083509, 16.90709113277462, 16.795555017442197, 7.289941212742731, -1.6460833682311014] 
[-4.374076739531439, -0.7695915513393197, 0.6513147271650981, -3.5058513141289867, 2.0547616236091955, -3.322505814452847, -2.697835049041106, 0.21583177959267896, 4.000541238941979, -1.9386055816377952, -0.04315507484122749, 2.6674174083314175, -82.22410066760905, -14.697086864147746, -152.9028987794823, -44.15621551084055, -22.79349455443841, 1.7741413393506984, 7.5042690929815095, 4.448763766084087, 16.57946609834952, 16.366907201050537, 6.959452411527142, -1.7595544047004088] 
[-4.37888372442314, -0.7743985362310206, 0.656121712056799, -3.5010443292372857, 2.0595686085008964, -3.327312799344548, -2.693028064149405, 0.211024794700978, 3.9957342540502783, -1.9434125665294961, -0.04796205973292844, 2.6722243932231184, -82.2377240736109, -14.710100321804614, -152.89732800463483, -44.1639681091493, -22.788341875187925, 1.7733100417089382, 7.501406533553059, 4.453629538426035, 16.58927782690548, 16.383414840524935, 6.9743813436433895, -1.764567424362801] 
[-4.334211575965767, -0.7297263877736477, 0.7007938605141719, -3.5457164776946586, 2.0148964600435235, -3.371984947801921, -2.648355915692032, 0.2556969431583509, 4.040406402507651, -1.8987404180721232, -0.003289911275555557, 2.7168965416804913, -82.39744780235196, -14.880432426213133, -152.99531758361456, -44.109042203381364, -22.561041266843027, 2.0069966464273956, 7.557532636474067, 4.43730615057585, 16.62926622374881, 16.373504512327113, 7.013702334746172, -1.8098516620033933] 
[-4.010414290994358, -0.4059291028022387, 0.3769965755427629, -3.8695137626660676, 2.3386937450149325, -3.69578223277333, -2.324558630720623, 0.5794942281297599, 3.716609117536242, -1.5749431331007142, 0.32050737369585347, 2.3930992567090823, -82.5190436405708, -14.58852456255782, -152.7171286019905, -43.88155616177107, -22.76721637225275, 2.188851377771967, 7.843500615026522, 4.317245017420471, 17.17871230261286, 17.367046604325058, 7.922740131949597, -1.4869320830331771] 
[-3.753871993128101, -0.14938680493598122, 0.1204542776765054, -3.61297146479981, 2.082151447148675, -3.4392399349070724, -2.0680163328543655, 0.8360365259960174, 3.4600668196699846, -1.3184008352344567, 0.06396507582959599, 2.136556958842825, -82.76439232875447, -14.57256829087363, -153.0059398279482, -43.73877511937708, -22.33275395231925, 2.7127987295989735, 8.119298557255131, 4.101689266283746, 16.85410579466962, 17.223100855585994, 8.064883742113608, -1.2302537184694904] 
[-3.7983748716500543, -0.10488392641402777, 0.07595139915455196, -3.5684685862778567, 2.1266543256706285, -3.483742813429026, -2.023513454332412, 0.791533647474064, 3.504569698191938, -1.2738979567125033, 0.019462197307642537, 2.1810598373647783, -82.66528941655247, -14.476497817601503, -153.04527301187818, -43.67788289561685, -22.38816845909332, 2.7161941152379905, 8.12010235482216, 4.023702694010352, 16.75314075568123, 17.800140757600676, 8.639384279719806, -1.2796725730772749] 
[-4.376990873425193, 0.4737320753611107, 0.6545674009296905, -4.147084588052995, 2.705270327445767, -2.9051268116538873, -1.4448974525572735, 0.21291764569892546, 2.9259536964167996, -0.6952819549373648, -0.559153804467496, 2.7596758391399168, -84.10090732176337, -15.887859411438848, -152.5737132245502, -43.81800445548956, -24.549763043108513, 0.5010677018633198, 7.319476546635985, 3.9389241474923917, 16.111165399815746, 18.330238581777895, 8.53266678245189, -0.7007083731331413] 
[-4.243038762122019, 0.6076841866642844, 0.7885195122328641, -4.0131324767498215, 2.5713182161425934, -3.039078922957061, -1.5788495638604472, 0.3468697570020991, 2.792001585113626, -0.5613298436341911, -0.6931059157706696, 2.625723727836743, -84.06686758267077, -15.687937571694318, -152.88739311362494, -43.28076548822855, -25.064072713826288, 0.25487226244823147, 7.354969061818059, 3.8414423060482785, 15.994976049365668, 18.425112685204926, 8.494174401470607, -0.5813058192838276] 
[-4.623780063698682, 0.9884254882409471, 1.1692608138095268, -4.393873778326484, 2.1905769145659306, -3.4198202245337237, -1.1981082622837844, -0.03387154457456365, 3.1727428866902887, -0.1805885420575284, -0.31236461419400685, 2.2449824262600804, -82.67005060536869, -14.300224703783243, -152.80076394246257, -43.170067282173996, -24.54090076174182, 0.8123566173632837, 13.258839490278735, 9.745953394762918, 16.326708358041397, 18.189690513750325, 8.636773237615852, -0.8949549133782022] 
[-4.806660584054502, 1.1713060085967668, 1.3521413341653465, -4.210993257970665, 2.3734574349217503, -3.6027007448895434, -1.3809887826396041, 0.14900897578125605, 3.3556234070461084, -0.3634690624133481, -0.12948409383818715, 2.4278629466159, -82.26186864091558, -13.88897641010665, -152.9650790572078, -43.362097835860354, -24.377633132674934, 0.5634283433317151, 15.084752695062566, 11.56554294644786, 16.527650820338206, 18.332221297466457, 8.436598890626513, -1.1156127295334688] 
[-4.471344356013226, 1.5066222366380422, 1.687457562206622, -4.54630948601194, 2.7087736629630257, -3.9380169729308188, -1.0456725545983288, 0.4843252038225314, 3.020307179004833, -0.02815283437207272, -0.4648003218794625, 2.7631791746571754, -82.50585787336425, -13.65312451611763, -153.23015668754863, -43.7226625309362, -23.839465425169674, 1.0767581176531504, 14.802171448974615, 11.661811159616272, 16.282075464711912, 17.86169455824392, 7.904164452606361, -1.499503104300729] 
[-4.3205877306300415, 1.3558656112548575, 1.8382141875898066, -4.395552860628755, 2.8595302883462104, -4.088773598314003, -0.8949159292151441, 0.33356857843934673, 2.8695505536216483, -0.1789094597552574, -0.31404369649627784, 2.91393580004036, -82.34482297876784, -13.4880806805111, -153.0765757752896, -43.556260620349214, -23.673814194140892, 1.0263097100617118, 14.518529707316848, 11.382991579068396, 16.17928777293461, 17.706271148673995, 8.157775296397492, -1.2431513325229315] 
[-4.2010201188219085, 1.4754332230629905, 1.7186465757816736, -4.275985248820622, 2.7399626765380773, -4.2083412101221365, -0.775348317407011, 0.45313619024747975, 2.9891181654297814, -0.05934184794712438, -0.43361130830441086, 3.033503411848493, -82.24780766827563, -13.602490845877904, -153.21824744499267, -43.38734451192702, -23.506838652901763, 1.1580365624998898, 14.510937294081387, 11.236855799692183, 16.29738442703999, 17.584980646669187, 7.966228223683362, -1.419442388903166] 
[-4.222151239854703, 1.4543021020301956, 1.6975154547488787, -4.254854127787827, 2.7188315555052824, -4.187210089089342, -0.796479438439806, 0.43200506921468484, 3.0102492864625763, -0.038210726914329474, -0.41248018727161595, 3.0123722908156982, -82.22487497970391, -13.58079510089277, -153.23691528201698, -43.41011208552076, -23.526203452355517, 1.2152271787873155, 14.44560516141101, 11.19973631613393, 16.28486421334102, 17.56399888352586, 8.001120455087825, -1.3837624839457057] 

Time 
463.1195728778839 
