Parameters 
 
[-0.5, -0.5, -0.5, -0.5, -0.5, -0.5, -0.5, -0.5, -0.5, -0.5, -0.5, -0.5] 
[-0.5352531737406983, -0.5352531737406983, -0.46474682625930175, -0.5352531737406983, -0.46474682625930175, -0.46474682625930175, -0.5141448028668166, -0.5501701692749408, -0.44348181699099404, -0.5074226636645545, -0.4409375903451315, -0.5570607950125817] 
[-0.4102798128773779, -0.4102798128773779, -0.5897201871226221, -0.6602265346040186, -0.5897201871226221, -0.5897201871226221, -0.39243989555672054, -0.5427202228165947, -0.2799666135935832, -0.6324661383964842, -0.5737902442148354, -0.38630345158500645] 
[-0.4995495399948391, -0.4995495399948391, -0.5004504600051609, -0.5709568074865574, -0.6789899142400833, -0.5004504600051609, -0.5356024626995133, -0.39537691789024276, -0.29875011219122766, -0.4754099505395245, -0.7159480387813463, -0.42367601389960613] 
[-0.09910320661046956, -0.09910320661046956, -0.9008967933895304, -0.9714031408709269, -0.27854358085571373, -0.10000412662079139, -1.2218893948958933, 0.28439972842527617, -0.27368324230354685, -0.12383039127176215, -0.6075902678399399, -0.07346396098416902] 
[0.02756264619748494, 0.02756264619748494, -1.027562646197485, -1.0980689936788814, -0.40520943366366824, 0.026661726187163115, -1.3623830869999551, 0.42484720790100194, -0.2728528638391585, 0.14261481677830357, -0.8919116814283645, 0.09708375208423767] 
[-0.049261658342709236, 0.10438695073767912, -0.9507383416572908, -1.1748932982190756, -0.4820337382038624, 0.10348603072735729, -1.4414327364000292, 0.34406859521523264, -0.39761274621660303, 0.26269358897866957, -0.8792513498568391, 0.1716364516382909] 
[0.01680216056553263, 0.17045076964592099, -0.8846745227490489, -1.2409571171273175, -0.5480975571121043, 0.16954984963559916, -1.3787466663237984, 0.4130392698656616, -0.2987795666883539, 0.1710741929810068, -0.8903968316972916, 0.10755452324804798] 
[0.11998674773362206, 0.2736353568140104, -0.7814899355809595, -1.344141704295407, -0.6512821442801937, 0.2727344368036886, -1.2770348188524683, 0.32409438755347303, -0.18192953333129203, 0.07704251015019571, -0.9646963188826637, 0.22309868372477287] 
[0.2011632474100553, 0.19245885713757716, -0.7003134359045262, -1.2629652046189737, -0.5701056446037605, 0.19155793712725533, -1.3473920105129207, 0.4179748055046246, -0.07265001763414766, 0.009954502034292212, -1.0205776766328043, 0.31160631044927767] 
[0.19570905229773228, 0.18700466202525412, -0.7057676310168493, -1.2684193997312967, -0.5646514494914374, 0.1861037420149323, -1.3407351650976667, 0.4241070171497246, -0.0770289428881211, 0.00892930971256069, -1.0264294035337604, 0.31799994290040284] 
[0.32856163529995674, 0.3198572450274786, -0.5729150480146248, -1.1355668167290722, -0.6975040324936619, 0.31895632501715676, -1.225354026460267, 0.3326678387129337, 0.0625026904258556, -0.09313917945261496, -1.119725436756192, 0.46546289470228397] 
[0.12948292578180887, 0.12077853550933071, -0.7719937575327727, -1.33464552624722, -0.498425322975514, 0.11987761549900888, -0.9018104968767221, 0.7389965229275811, 0.49492109529253847, -0.7002585750611185, -0.5816914604624787, 0.5261863388365415] 
[0.04597393988612808, 0.03726954961364992, -0.6884847716370919, -1.2511365403515393, -0.4149163370798332, 0.036368629603328095, -0.8068278683952136, 0.8285079332644637, 0.42281846403043355, -0.7233645467036148, -0.6613171084176176, 0.6185370548424268] 
[-0.06232129808885034, 0.14556478758862834, -0.5801895336621135, -1.142841302376561, -0.5232115750548116, -0.07192660837165032, -0.6931470792784403, 0.9457742058092408, 0.5532909453776629, -0.8176233892578411, -0.7210415979583094, 0.7343929371512652] 
[0.01984864462978919, 0.06339484486998881, -0.4980195909434739, -1.2250112450952004, -0.4410416323361721, 0.010243334346989208, -0.7809711637367338, 1.0375290208244063, 0.5877555338113831, -0.556334759253732, -1.0045596528030876, 0.8752029795557776] 
[0.11993930297348054, 0.16348550321368016, -0.39792893259978257, -1.124920586751509, -0.5411322906798635, -0.08984732399670214, -0.6829642684919337, 0.932328162529214, 0.46103546659734257, -0.4277579517508136, -1.015277293418027, 0.9768442416058967] 
[0.024272734781317418, 0.2591520714058433, -0.30226236440761944, -1.2205871549436722, -0.6367988588720266, 0.005819244195460982, -0.600544015375796, 0.8201249847565463, 0.28470438006366483, -0.0399088626880838, -1.384342683937153, 0.962830759626615] 
[-0.0866471561607911, 0.3700719623479518, -0.41318225534972797, -1.3315070458857807, -0.7477187498141351, -0.10510064674664754, -0.4875388583596482, 0.9090113608127064, 0.18377436133862068, 0.0791039909402055, -1.3817474617422651, 1.0732212021248722] 
[-0.0698690891951701, 0.3532938953823308, -0.39640418838410696, -1.3147289789201597, -0.7309406828485141, -0.12187871371226855, -0.5032944272678938, 0.8963378936897023, 0.19236044518228834, 0.12429696055897288, -1.4264693073028754, 1.0636107678958695] 
[-0.10827389463614434, 0.31488908994135656, -0.3579993829431327, -1.353133784361134, -0.7693454882894883, -0.1602835191532428, -0.468499980685368, 0.9514574366708959, 0.25201773658133614, 0.08393341706004914, -1.4317595564286998, 1.0260938074717443] 
[0.17995749485456525, 0.02665770045064697, -0.6462307724338423, -1.0649023948704244, -1.057576877780198, 0.1279478703374668, -0.2186095063618581, 1.3246082501055025, 0.6355282173547382, 0.2552918891438451, -1.2958577674892982, 1.2941707111120568] 
[0.22803959749251757, -0.021424402187305347, -0.6943128750717946, -1.1129844975083767, -1.0094947751422456, 0.1760299729754191, -0.15986651728636755, 1.384191519125993, 0.6828445210034342, 0.26219350017229964, -1.2160113232459238, 1.2126562391370814] 
[0.2731867623334816, -0.06657156702826938, -0.6491657102308306, -1.0678373326674127, -1.0546419399832097, 0.13088280813445508, -0.10176891267947957, 1.4414901850510917, 0.7439226010701323, 0.20259947406377252, -1.223703569017945, 1.170342798650488] 
[0.09698403254458388, 0.10963116276062834, -0.47296298044193286, -0.8916346028785149, -0.8784392101943119, 0.3070855379233528, -0.3455818670011308, 1.19034129618547, 0.9263946951472968, 0.2251129927859863, -0.9315476087939272, 0.8727087373936473] 
[-0.016944781288356303, -0.004297651072311837, -0.3590341666089927, -1.005563416711455, -0.9923680240272521, 0.421014351756293, -0.2190107138053676, 1.3216892699297969, 0.980411915752879, 0.480529967610567, -1.2862744090488618, 1.1501269743925953] 
[-0.2723789681478168, 0.2511365357871487, -0.10359997974953217, -0.7501292298519946, -1.2478022108867126, 0.6764485386157535, 0.040838638042526604, 1.061112459834254, 1.164299302361392, 0.8662709559748162, -1.6678093411115744, 1.0508615257148644] 
[-0.11116285800355907, 0.08992042564289093, 0.05761613039472557, -0.5889131197077369, -1.4090183210309704, 0.8376646487600112, 0.15554208859031815, 1.2396061338241366, 1.3624318793332915, 0.942354508130151, -1.3397257375433729, 0.7121515705600592] 
[-0.0019435577676594207, 0.19913972587879059, 0.16683543063062523, -0.4796938194718372, -1.2997990207950707, 0.9468839489959109, 0.25486382499202154, 1.3291883028553597, 1.2651952937792519, 1.0262542812940894, -1.108175527820449, 0.4757640352892353] 
[0.019682213722306052, 0.1775139543888251, 0.14520965914065975, -0.45806804798187173, -1.3214247922850362, 0.9685097204858764, 0.27645440275372135, 1.3476612824078833, 1.249244530877955, 1.0405977324816398, -1.067306899513511, 0.4337299682990381] 
[-0.06432844222093248, 0.26152461033206365, 0.06119900319742122, -0.5420787039251103, -1.4054354482282747, 1.052520376429115, 0.3584884652499277, 1.2456260258996132, 1.1369676968869922, 0.9588590791077138, -1.2211626625608825, 0.5935002082982241] 
[-0.3614154773167888, 0.55861164542792, 0.35828603829327754, -0.8391657390209666, -1.702522483324131, 0.7554333413332586, 0.6712513246498852, 0.9931900857021878, 1.3857607265717142, 1.2891673869802243, -1.4645352625547179, 0.39828295816128767] 
[-0.3834676917658504, 0.5365594309788584, 0.33623382384421596, -0.8612179534700282, -1.6804702688750695, 0.7774855557823201, 0.6902200576626669, 1.0034735427663126, 1.372663226034145, 1.3102090314873338, -1.4471474593317502, 0.4119519112622443] 
[-0.3347216156193893, 0.5853055071253195, 0.38497989999067705, -0.9099640296164893, -1.6317241927286084, 0.728739479635859, 0.7361445765287634, 1.0122480838097496, 1.316342899265359, 1.2479573823732872, -1.4867006432777001, 0.38146085683487035] 
[-0.2809154643101719, 0.6391116584345369, 0.43878605129989445, -0.8561578783072719, -1.577918041419391, 0.6749333283266417, 0.8045914202124208, 0.9587805943681764, 1.355799057667226, 1.3078492093732184, -1.5202562713372367, 0.34299079337691984] 
[-0.1415895025433498, 0.4997856966677148, 0.5781120130667166, -0.995483840074094, -1.717244003186213, 0.5356073665598196, 0.9275121292621056, 1.032506671773064, 1.2820765555215665, 1.4302558980412408, -1.6116171868936495, 0.2504092997325571] 
[0.05643592662776431, 0.3017602674966007, 0.38008658389560246, -1.193509269245208, -1.9152694323573272, 0.7336327957309337, 1.1088574330887573, 1.1671799713841633, 1.1791644812360451, 1.5896793668676992, -1.7261780551271892, 0.10541323178129577] 
[0.2463904777561341, 0.11180571636823089, 0.5700411350239722, -1.0035547181168383, -1.7253148812289574, 0.9235873468593034, 0.9035043771098661, 0.8812667039753702, 0.8710588458558611, 1.2880165027465629, -1.9714252505240983, -0.021377153780639008] 
[0.3196578693928993, 0.03853832473146568, 0.6433085266607375, -0.9302873264800731, -1.7985822728657226, 0.9968547384960686, 0.8079562401763912, 0.7893426732588666, 0.9204860408833688, 1.2343426935823323, -1.9224594971309898, 0.03621550293656147] 
[0.26359933990556517, 0.09459685421879982, 0.6993670561480716, -0.9863458559674072, -1.7425237433783884, 1.0529132679834028, 0.7648404097431698, 0.8305603505558394, 0.8759933328914782, 1.2632635123083955, -1.9997718047862834, 0.11671131561643461] 
[0.31108582656526895, 0.1420833408785036, 0.7468535428077754, -1.033832342627111, -1.6950372567186847, 1.1003997546431066, 0.8017493654369107, 0.7897822293118906, 0.8349313454928, 1.289481224939573, -2.0616605786053235, 0.1808531518747581] 
[0.2842092115669219, 0.16895995587685064, 0.7737301578061224, -1.060708957625458, -1.7219138717170317, 1.0735231396447595, 0.7818308734757594, 0.8127457200365155, 0.8563849719594309, 1.267112753895294, -2.098413462819809, 0.21618508127175262] 
[0.2967229729955436, 0.18147371730547235, 0.7612163963775007, -1.0732227190540797, -1.70940011028841, 1.0610093782161378, 0.7909046416323298, 0.8003002681082141, 0.8352542553994264, 1.2457650731568883, -2.116789043446206, 0.2329299587513347] 
[0.09915418247890262, 0.37904250782211335, 0.5636476058608597, -1.2707915095707207, -1.511831319771769, 1.2585781687327788, 0.9315801801208479, 0.6024702833132664, 0.5093998246331338, 0.9259532484100312, -2.3070161086937095, 0.07924312813257375] 
[0.1620891413566783, 0.3161075489443377, 0.6265825647386354, -1.207856550692945, -1.4488963608939933, 1.3215131276105545, 0.9909770663955618, 0.5639984571829351, 0.5704451390011648, 0.9947060367464304, -2.2411087952583264, 0.010335735247656963] 
[0.20843978001585572, 0.3624581876035151, 0.6729332033978128, -1.2542071893521225, -1.4952469995531708, 1.275162488951377, 1.0438575772059862, 0.6065704156753002, 0.5226019970892845, 0.9336931996893698, -2.1846838487190348, -0.04092036439268938] 
[0.5344949452585448, 0.6885133528462042, 0.9989883686405019, -1.5802623545948116, -1.8213021647958598, 1.6012176541940661, 1.471407221062479, 1.1311200052766592, 0.9493601149467521, 0.7044476305263296, -2.530197211401891, 0.3163848359518185] 
[0.5211537777847193, 0.6751721853723787, 0.9856472011666764, -1.566921187120986, -1.8346433322696853, 1.6145588216678917, 1.460203682451342, 1.1365542955243146, 0.9375317115720025, 0.7199302205820302, -2.5147754455416145, 0.3030393668293313] 
[0.5442117198854222, 0.6982301274730816, 1.0087051432673793, -1.5438632450202832, -1.8115853901689825, 1.5915008795671888, 1.4961272312945346, 1.1696579904640214, 0.9244525371302501, 0.7468341845036277, -2.487845950870807, 0.27998583212836275] 
[0.5002372370446446, 0.654255644632304, 1.0526796261081568, -1.4998887621795056, -1.767610907328205, 1.5475263967264112, 1.426861283095878, 1.1058843881332954, 0.950620852165932, 0.7976697796906482, -2.437436723605899, 0.23603864313576234] 
[0.4038266224288032, 0.5578450300164626, 1.1490902407239982, -1.4034781475636642, -1.8640215219440464, 1.4511157821105698, 1.5747399684480001, 1.2411167478774594, 0.8846020403174251, 0.6876801042545612, -2.5446284842589892, 0.3326225501781128] 
[0.36395611989399956, 0.517974527481659, 1.1092197381891946, -1.4433486500984678, -1.90389202447885, 1.4909862846453734, 1.5480246182343642, 1.2805779263273322, 0.9272462756608014, 0.6482052702021737, -2.588360925978031, 0.293584502122577] 
[0.4135361071688388, 0.4683945402068197, 1.0596397509143554, -1.492928637373307, -1.8543120372040107, 1.5405662719202127, 1.5147651024042124, 1.3333473948368106, 0.9926433855398746, 0.6982011161675865, -2.6302486365829507, 0.2444056459565292] 
[0.35878071044687676, 0.41363914348485764, 1.0048843541923933, -1.438173240651345, -1.9090674339259728, 1.5953216686421747, 1.4323505001285515, 1.2562094988480252, 1.0280920951930506, 0.6369649821819797, -2.6934822052464695, 0.29930378254148726] 
[0.48729921376936947, 0.28512064016236494, 0.8763658508699006, -1.3096547373288523, -1.78054893060348, 1.7238401719646674, 1.6157043247805205, 1.4267598925761165, 0.9442442353079827, 0.737298018316577, -2.8046987207351353, 0.17044506721340577] 
[0.4780791695013322, 0.2759005958943277, 0.8671458066018634, -1.300434693060815, -1.7897689748715173, 1.7330602162327047, 1.599741482176631, 1.4117537946685972, 0.9529626283369721, 0.7471993176630259, -2.812300485977166, 0.17937246874110221] 
[0.4272928016355211, 0.22511422802851655, 0.8163594387360522, -1.249648325195004, -1.8405553427373285, 1.7838465840985158, 1.6383203982142407, 1.3841772173735067, 0.992146079859125, 0.7100077804804354, -2.7686128809623245, 0.13042610013892386] 
[0.30559231708482404, 0.3468147125792136, 0.6946589541853552, -1.1279478406443069, -1.9622558272880255, 1.6621460995478188, 1.7305900077158662, 1.3113199373495248, 1.0753093612944689, 0.5833342652527322, -2.904987146793694, 0.24335372973245695] 
[0.34897958611589974, 0.3034274435481379, 0.7380462232164309, -1.0845605716132312, -1.9188685582569498, 1.618758830516743, 1.695026155838418, 1.3389698884252936, 1.0525230399435246, 0.6364992868087802, -2.845874297440049, 0.2888769388154955] 
[0.26943554178929663, 0.22388339922153477, 0.6585021788898278, -1.005016527286628, -1.8393245139303467, 1.6983028748433462, 1.8205955667071971, 1.4800141433497758, 1.1513326692453592, 0.6030660294625617, -2.7720807118326363, 0.36997513521091296] 
[0.22114780628304676, 0.27217113472778465, 0.6102144433835779, -1.053304262792878, -1.8876122494365966, 1.746590610349596, 1.7862803509831788, 1.533849012581788, 1.2367242654095518, 0.690580003584457, -2.704826571235566, 0.4226831453410068] 
[0.23889364286249037, 0.28991697130722827, 0.6279602799630215, -1.0355584262134343, -1.9053580860160402, 1.7288447737701524, 1.7622070424323346, 1.5039000628727321, 1.203612942626986, 0.6578820373745838, -2.7314666341002796, 0.40274715631972385] 
[0.2414977665326612, 0.2925210949773991, 0.6305644036331923, -1.0329543025432635, -1.9027539623458694, 1.7262406500999816, 1.7603383518290423, 1.5071433881937844, 1.2083420016260524, 0.6627435131617758, -2.7275313183225247, 0.40564967822775083] 
[0.2111892228087564, 0.3228296387013039, 0.6002558599092875, -1.0026457588193587, -1.8724454186219646, 1.6959321063760768, 1.71899528207804, 1.4589572177844938, 1.1711542203211636, 0.6766372754964074, -2.7525672125935614, 0.43408099527193716] 
[0.17363329736500877, 0.3603855641450515, 0.5626999344655399, -1.0402016842631063, -1.834889493178217, 1.7334880318198245, 1.7684051912067895, 1.5185866873427663, 1.2190146586785089, 0.6594316062173013, -2.720844565406156, 0.3985592674955975] 
[0.17570628456322712, 0.35831257694683316, 0.5647729216637583, -1.0422746714613247, -1.8328165059799986, 1.7355610190180428, 1.7710136420397558, 1.5218988867912593, 1.2217974177505417, 0.6583893793059713, -2.719123298521699, 0.39662247554841806] 
[0.18066644019428768, 0.3533524213157726, 0.5697330772948188, -1.0472348270923852, -1.827856350348938, 1.7306008633869823, 1.7766975618363334, 1.5263201219585072, 1.2167596440218427, 0.6529801644250505, -2.7147611413400994, 0.4019311040090622] 
[0.1988347555209531, 0.3351841059891072, 0.5515647619681534, -1.0654031424190507, -1.8096880350222726, 1.7124325480603169, 1.7932789178861592, 1.516906651904917, 1.2375503032846344, 0.6740083640332634, -2.7277094970600944, 0.41910312945904005] 
[0.21089000159590388, 0.3231288599141564, 0.5395095158932026, -1.0533478963440999, -1.8217432810972234, 1.700377301985366, 1.8041621604959859, 1.5106236215540847, 1.2511756896296358, 0.6877642616537165, -2.736577614785905, 0.43056950215589784] 
[0.19802214861514233, 0.31026100693339487, 0.5266416629124411, -1.0662157493248614, -1.834611134077985, 1.7132451549661276, 1.7867732641805785, 1.4878472059977659, 1.2269377009205131, 0.6657587124140529, -2.7543849975910195, 0.416599056576246] 
[0.1846062842462901, 0.3236768713022471, 0.5132257985435889, -1.0796316136937136, -1.8211952697091327, 1.6998292905972754, 1.8041463843086454, 1.508970887891877, 1.244146067398889, 0.6585246998294843, -2.743236645750318, 0.4039218630741297] 
[0.16558247419906014, 0.34270068134947707, 0.5322496085908188, -1.0606078036464837, -1.8402190797563627, 1.6808054805500454, 1.789055120067143, 1.53156812674906, 1.266908202096739, 0.6475182316823617, -2.727371593045422, 0.38583087647401076] 
[0.18890627977056784, 0.36602448692098477, 0.5089258030193111, -1.0839316092179914, -1.816895274184855, 1.7041292861215531, 1.770039871480463, 1.5593218866529013, 1.2927564028366318, 0.624375516347469, -2.7566107944696676, 0.36099599948950706] 
[0.16052288965712425, 0.3376410968075412, 0.4805424129058675, -1.0555482191045478, -1.7885118840714114, 1.6757458960081095, 1.807311159856064, 1.6100098249182486, 1.3441238892126832, 0.6592509355458901, -2.7802347649378696, 0.33118756038326813] 
[0.1745477469531922, 0.3236162395114732, 0.4665175556097996, -1.0695730764006157, -1.7744870267753434, 1.6897707533041775, 1.8184057471755124, 1.5905796069999505, 1.3197124999614194, 0.6371384465154785, -2.797281539393796, 0.3443532508794266] 
[0.17172522446746985, 0.3207937170257509, 0.4636950331240772, -1.072395598886338, -1.7773095492610658, 1.6869482308184551, 1.8209076494813046, 1.5886323028470941, 1.3213688598243047, 0.6341052517920279, -2.80075313586716, 0.34133682848984936] 
[0.1965952982814665, 0.29592364321175424, 0.4388249593100806, -1.0475255250723414, -1.7524394754470691, 1.7118183046324518, 1.8009001508817188, 1.618617666225325, 1.351453538452487, 0.6187393641983195, -2.779644720434339, 0.31761127879425655] 
[0.18013405724608322, 0.27946240217637097, 0.45528620034546385, -1.0310642840369582, -1.7689007164824524, 1.6953570635970685, 1.8207324890495353, 1.6366602722310386, 1.3432493407679942, 0.6363951055192673, -2.759449023055583, 0.33546767998249105] 
[0.1817260120228008, 0.28105435695308856, 0.45687815512218144, -1.0326562388136757, -1.7673087617057348, 1.696949018373786, 1.822011570900188, 1.6348434690836091, 1.3414230739429966, 0.6373550228239478, -2.761001156154329, 0.3337785642081344] 
[0.19855811511276134, 0.26422225386312803, 0.4400460520322209, -1.0158241357237152, -1.7504766586157743, 1.6801169152838256, 1.8068032648663137, 1.644195181964752, 1.3216548752744992, 0.6132999537832629, -2.780465849081227, 0.3493796078460231] 
[0.18035408379107043, 0.24601822254143713, 0.4582500833539118, -1.0340281670454061, -1.7686806899374652, 1.6983209466055165, 1.7909410931785905, 1.6564941936495852, 1.3092013040091621, 0.6266916925866622, -2.795849101531005, 0.36671351647624156] 
[0.19789599349860243, 0.22847631283390513, 0.4757919930614438, -1.0515700767529381, -1.7862225996449972, 1.7158628563130485, 1.777076752091482, 1.6776324604877662, 1.33716382870544, 0.6534848833265374, -2.775282517195946, 0.3504830429283815] 
[0.2135596128124897, 0.21281269352001786, 0.46012837374755655, -1.0359064574390509, -1.8018862189588845, 1.7001992369991612, 1.764899873767369, 1.6958402198953557, 1.3618639173147196, 0.6780678072580036, -2.7543629638412215, 0.3676125581608418] 
[0.22335151378406426, 0.22260459449159242, 0.450336472775982, -1.0456983584106254, -1.79209431798731, 1.7099911379707358, 1.7527619346599315, 1.68451538843687, 1.36717119715476, 0.6672649696886033, -2.766739866461985, 0.3570281623426368] 
[0.23422906953279554, 0.21172703874286114, 0.4394589170272507, -1.0565759141593567, -1.8029718737360412, 1.720868693719467, 1.7673825605194837, 1.701841705633562, 1.3841465476011445, 0.6801379077926796, -2.7761979555089407, 0.34550881114219684] 
[0.2289409027822673, 0.21701520549338937, 0.4341707502767225, -1.061864080909885, -1.797683706985513, 1.7155805269689388, 1.7746007684402973, 1.7103474468103483, 1.3926859729548444, 0.688338818072055, -2.769768456113996, 0.34068076590404234] 
[0.1915439964125527, 0.254412111863104, 0.3967738439070079, -1.0244671745401703, -1.8350806133552275, 1.6781836205992242, 1.7427686997884047, 1.7354569190600093, 1.3651803644252085, 0.7138910148166618, -2.805340155630741, 0.30084728690780976] 
[0.22852098446461344, 0.21743512381104324, 0.4337508319590686, -0.9874901864881096, -1.8720576014072883, 1.6412066325471635, 1.6991471172463901, 1.6993934005680775, 1.4044582627784616, 0.7680245955503812, -2.7590734157584147, 0.26635727040563345] 
[0.20329374400986655, 0.24266236426579013, 0.4085235915043217, -0.9622629460333627, -1.8972848418620352, 1.6664338730019104, 1.664995956041782, 1.6590507538317951, 1.3648009053987205, 0.7382129592351939, -2.7395854330620786, 0.2923056415260167] 
[0.25116584724750357, 0.29053446750342715, 0.3606514882666847, -0.9143908427957257, -1.8494127386243981, 1.7143059762395474, 1.7065198490285118, 1.6266588046101944, 1.398797064968175, 0.7070023813107643, -2.7016241762508946, 0.24639634755634207] 
[0.25395009194463203, 0.2933187122005556, 0.35786724356955624, -0.9171750874928541, -1.8521969833215266, 1.711521731542419, 1.7030558145052959, 1.6238039552937449, 1.4017021870534205, 0.7111804805986444, -2.6977271204655486, 0.24950760983417247] 
[0.2702498110963889, 0.3096184313523125, 0.34156752441779936, -0.933474806644611, -1.8684967024732835, 1.7278214506941758, 1.691624011994182, 1.6440448394409735, 1.4272260366698486, 0.730398437742837, -2.708797223352098, 0.2649003170120689] 
[0.28199903108562996, 0.29786921136307143, 0.3533167444070404, -0.92172558665537, -1.8567474824840424, 1.7160722307049348, 1.706498558118651, 1.6563358383481683, 1.4155137046066235, 0.7126799561590766, -2.7256607896803793, 0.25165090737967627] 
[0.2757791579375608, 0.2916493382150023, 0.34709687125897126, -0.9155057135073008, -1.8505276093359733, 1.722292103853004, 1.7012970111032977, 1.6601638139864654, 1.4117017947404877, 0.719659922584816, -2.7184406045694005, 0.24603716717404125] 
[0.2778570689428621, 0.2937272492203036, 0.34501896025366996, -0.9134278025019995, -1.848449698330672, 1.7202141928477026, 1.7040248151352366, 1.6626557551604817, 1.410558782395292, 0.7211033216999931, -2.720420526214538, 0.2437842460764254] 
[0.27722852406634235, 0.2930987043437838, 0.3443904153771502, -0.9127992576254798, -1.8490782432071917, 1.7195856479711829, 1.7049394207959476, 1.6637453119268597, 1.4114018195922813, 0.7207444807310563, -2.7199163787532448, 0.2431998023423688] 
[0.258326202682043, 0.3120010257280832, 0.3632927367614496, -0.8938969362411804, -1.867980564591491, 1.7006833265868835, 1.718406413788874, 1.643001288039406, 1.3908708571269965, 0.7399560168794529, -2.6985690541875798, 0.2261582567383257] 
[0.24278918825666995, 0.29646401130271016, 0.3788297511868226, -0.8783599218158074, -1.8835175790168641, 1.6851463121615105, 1.7322378926452318, 1.6359863537596657, 1.4094688840773892, 0.7635918259129499, -2.679076898090726, 0.21213331868828508] 
[0.28446926408577955, 0.25478393547360056, 0.4205098270159322, -0.920039997644917, -1.9251976548459737, 1.72682638799062, 1.6745689306211193, 1.5664462152983043, 1.354051433194982, 0.7838928532749924, -2.7193730850766142, 0.1676602837217663] 
[0.27347887753125466, 0.26577432202812545, 0.4095194404614073, -0.9310303841994418, -1.9361880414004986, 1.7158360014360952, 1.6888353797257485, 1.5785088280096458, 1.3413613946993908, 0.7656597069565322, -2.736059542183543, 0.15519668554042826] 
[0.259766741597919, 0.2520621860947898, 0.39580730452807167, -0.9173182482661062, -1.922475905467163, 1.7295481373694308, 1.7085227418114646, 1.6014375638319691, 1.3589749981515327, 0.7594789783590692, -2.722781315660915, 0.16997891674960067] 
[0.2643308718565338, 0.2566263163534046, 0.40037143478668646, -0.9127541180074914, -1.9270400357257778, 1.7341122676280456, 1.7019630417745728, 1.5934148034004774, 1.350760111124685, 0.7512561519413244, -2.729890222213818, 0.16477337646898105] 
[0.25798292457484084, 0.26297426363509757, 0.3940234875049935, -0.9064061707257984, -1.9333879830074707, 1.7277643203463526, 1.7111562424238724, 1.6046738798199134, 1.3622300802040912, 0.7624535577001358, -2.721213111528487, 0.15923406954626354] 
[0.2413017413904308, 0.24629308045068754, 0.37734230432058347, -0.8897249875413884, -1.9500691661918808, 1.7110831371619426, 1.6878711299062996, 1.577867826574286, 1.343322109980182, 0.7799301389517239, -2.701367658294665, 0.14434134417208014] 
[0.22867556803790112, 0.25891925380321723, 0.38996847767311316, -0.9023511608939181, -1.9626953395444104, 1.698456963809413, 1.678656513810537, 1.5925883270196968, 1.3625408185154104, 0.7948319171768596, -2.7090276371206716, 0.15634106765708716] 
[0.2591123709358536, 0.2893560567011697, 0.3595316747751607, -0.8719143579959656, -1.932258536646458, 1.6680201609114604, 1.6561879639264165, 1.6289511859299777, 1.4095805312969367, 0.8309050156021094, -2.7273413818633028, 0.18544237910559716] 
[0.2703136673421982, 0.3005573531075143, 0.3707329711815053, -0.860713061589621, -1.9434598330528026, 1.679221457317805, 1.6399390885137846, 1.6083967203319365, 1.3888081313887284, 0.8112484318143366, -2.7429229792131107, 0.19573345996831695] 
[0.2898783626388566, 0.2809926578108559, 0.3511682758848469, -0.8411483662929626, -1.963024528349461, 1.6987861526144634, 1.6144256591289101, 1.5850741171395628, 1.3991482054780593, 0.7978496070421311, -2.7280274730374674, 0.17714742249555868] 
[0.3008809906801817, 0.2699900297695308, 0.34016564784352177, -0.8301457382516375, -1.9520219003081358, 1.6877835245731383, 1.629151575942733, 1.5986318184544082, 1.3931806488811993, 0.8053484910634479, -2.736209331609594, 0.1875067541965557] 
[0.2951131452012534, 0.2757578752484591, 0.34593349332245005, -0.8243778927727092, -1.957789745787064, 1.6935513700520666, 1.6241843592127232, 1.6014348891237815, 1.3867427695924068, 0.7991580815093052, -2.732445453921673, 0.1820140674578016] 
[0.29059356948604265, 0.28027745096366985, 0.3504530690376608, -0.82889746848792, -1.9532701700718533, 1.6890317943368558, 1.6273740104466488, 1.596682776144227, 1.382151518456622, 0.8040914966307453, -2.7269554211840985, 0.177917194506558] 
[0.2985436490322657, 0.2882275305098929, 0.34250298949143776, -0.8209473889416969, -1.9453200905256303, 1.6969818738830789, 1.6170419206344009, 1.5880316337727785, 1.390763994587004, 0.8167225073179986, -2.7162708453727475, 0.1707571889503321] 
[0.298810383649621, 0.2884942651272482, 0.3422362548740825, -0.8206806543243417, -1.9455868251429855, 1.6972486085004341, 1.6166926573901814, 1.5877389744518449, 1.3910475665970143, 0.817140508047121, -2.715917749331657, 0.17051864039840683] 
[0.29740910507803253, 0.28989554369883663, 0.34083497630249404, -0.8220819328959301, -1.946988103714574, 1.6958473299288457, 1.6157716438769083, 1.5894407287170222, 1.3932354984802446, 0.8187398382861274, -2.717034790437986, 0.16902798977387182] 
[0.29058165050658236, 0.28306808912738646, 0.33400752173104387, -0.81525447832448, -1.9538155582860242, 1.6890198753573955, 1.6101287914163742, 1.5936591506900861, 1.389258398444403, 0.8268288369520854, -2.7086423588437603, 0.16286322841468087] 
[0.302796708206583, 0.2708530314273858, 0.3462225794310445, -0.8030394206244793, -1.9416005005860235, 1.6768048176573949, 1.6186324635788114, 1.580168468518558, 1.3749586857997542, 0.8329715704589862, -2.720260429785939, 0.14977664089522869] 
[0.29132784794861966, 0.28232189168534916, 0.35769143968900785, -0.791570560366516, -1.9530693608439869, 1.6882736779153582, 1.6010500488142876, 1.5588905875295926, 1.3551555930968535, 0.8187803986882788, -2.7130234081409967, 0.13880346626254733] 
[0.30489467900325185, 0.26875506063071697, 0.34412460863437566, -0.7780037293118838, -1.966636191898619, 1.7018405089699904, 1.6209744535460766, 1.5819375079338918, 1.3710937462198223, 0.8044362165892537, -2.7312996798445153, 0.12383996645885115] 
[0.3183865499093601, 0.28224693153682523, 0.3306327377282674, -0.791495600217992, -1.9531443209925108, 1.7153323798760987, 1.6325976021552446, 1.57548064539247, 1.3864903077369612, 0.8193019591527702, -2.7399091856753355, 0.13659244862064962] 
[0.32354867600580395, 0.2770848054403814, 0.33579486382471124, -0.7863334741215482, -1.947982194896067, 1.7204945059725425, 1.639749394693719, 1.5820985617221703, 1.383714873009776, 0.8226377602361061, -2.744761459088348, 0.13097462232417376] 
[0.3125122105614446, 0.2881212708847407, 0.3247583983803519, -0.7973699395659075, -1.9590186603404263, 1.7094580405281832, 1.6572280037708895, 1.6031646623173357, 1.4028454404079838, 0.8357483571445575, -2.7537383826853663, 0.1190588423282243] 
[0.2945578081900537, 0.3060756732561316, 0.3427128007517428, -0.7794155371945166, -1.9410642579690354, 1.727412442899574, 1.668593081939812, 1.5808110615455948, 1.3726045714450068, 0.8050618646867156, -2.7781603829562336, 0.13483059641948303] 
[0.30471524917760195, 0.2959182322685834, 0.3325553597641946, -0.7895729781820648, -1.9309068169814871, 1.7375698838871223, 1.6554376753257598, 1.5699811917487752, 1.3835382687124724, 0.8213713491355586, -2.7628819451117974, 0.1465683009513039] 
[0.30107278910307134, 0.29227577219405276, 0.3361978198387252, -0.7932154382565955, -1.9272643569069565, 1.7339274238125917, 1.6497968695137368, 1.5630178548198177, 1.3770651016931705, 0.8168246506654951, -2.760686960929871, 0.1431659550166931] 
[0.284586634336109, 0.2757896174270904, 0.31971166507176285, -0.7767292834896331, -1.9437505116739189, 1.750413578579554, 1.6603701153791766, 1.5421954529762083, 1.3488138905703482, 0.7881456107567413, -2.7859540938631695, 0.12398187219306095] 
[0.27515209902851456, 0.266355082119496, 0.31027712976416844, -0.7861638187972275, -1.9531850469815133, 1.7409790432719596, 1.6670040072242172, 1.5318284942529614, 1.3378325783584577, 0.7928996100582362, -2.795489706117462, 0.1134158620409825] 
[0.2596542997185276, 0.25085728280950903, 0.2947793304541815, -0.8016616181072145, -1.9686828462915003, 1.7254812439619727, 1.656319195832413, 1.5501907914158461, 1.3613179092657088, 0.809996174082369, -2.8085705654678303, 0.09646578829471747] 
[0.2622137051486968, 0.24829787737933984, 0.29733873588435067, -0.8042210235373837, -1.966123440861331, 1.7229218385318035, 1.6544463001050433, 1.5529510701335854, 1.3642220176838389, 0.8085199429999821, -2.8066383976045484, 0.09409725413779654] 
[0.2656782039274441, 0.25176237615808716, 0.300803234663098, -0.8007565247586363, -1.9695879396400784, 1.7263863373105508, 1.6593427139551693, 1.5586497918263778, 1.3686456893318204, 0.8068240366075607, -2.803255756595516, 0.0978899063178501] 
[0.26101394173974857, 0.2564266383457827, 0.29613897247540244, -0.8054207869463319, -1.9649236774523828, 1.7217220751228552, 1.6552736049305616, 1.5609902755844198, 1.3630307827573702, 0.7993753358563688, -2.809501198810345, 0.10193328148900924] 
[0.2599659964798322, 0.25537869308586636, 0.2971869177353188, -0.8064687322062483, -1.9659716227122992, 1.7227700203827716, 1.6539072251946032, 1.5597146106261826, 1.3635144615852768, 0.7980188434864354, -2.8110232945774327, 0.10073894131377854] 
[0.2441322069311136, 0.23954490353714775, 0.3130207072840374, -0.7906349426575296, -1.9501378331635806, 1.706936230834053, 1.6311082943284467, 1.5317096567372643, 1.3356644365107346, 0.7700751713326779, -2.8360469564122535, 0.0824854982824562] 
[0.25113303653771, 0.24654573314374417, 0.306019877677441, -0.7976357722641261, -1.9431370035569842, 1.6999354012274566, 1.6223295104696343, 1.5241378512087755, 1.3424686980363332, 0.7770231110645156, -2.8419752829611267, 0.07495895780738643] 
[0.2504607872877971, 0.24587348389383124, 0.30534762842752805, -0.798308021514039, -1.9424647543070712, 1.6992631519775436, 1.6218505024145256, 1.5249397243737701, 1.3435558338960867, 0.7781705757259786, -2.840954664180547, 0.0757167119392555] 
[0.24709264003503595, 0.24924163114659237, 0.3087157756802892, -0.7949398742612779, -1.9458329015598324, 1.6958950047247825, 1.6170816443261171, 1.5191130509115602, 1.3377216679923136, 0.7724920337892003, -2.845482274661844, 0.07870767211416421] 
[0.24722980888356094, 0.24937879999511736, 0.3085786068317642, -0.7948027054127529, -1.9459700704083573, 1.6957578358762575, 1.6168920075408797, 1.5188916935303018, 1.3375494677104536, 0.7725667601397543, -2.845590389777863, 0.07883605031725187] 
[0.2511447590049629, 0.2454638498737154, 0.3046636567103622, -0.7908877552913509, -1.9498850205297593, 1.6996727859976595, 1.6224153019447294, 1.5256736986558588, 1.3443795015318272, 0.7792069425542638, -2.840303956842437, 0.0753504985281882] 
[0.25462987467317877, 0.24894896554193124, 0.30117854104214636, -0.7874026396231351, -1.9533701361979752, 1.7031579016658753, 1.6175001492733827, 1.5197415036213124, 1.338758241630104, 0.7752771960956444, -2.8374927681835937, 0.07907164313564734] 
[0.2672714673694232, 0.23630737284568681, 0.3138201337383908, -0.7747610469268906, -1.9660117288942196, 1.7157994943621198, 1.6068910041444604, 1.5280670428367267, 1.33117781025532, 0.7908789033409023, -2.8196851252176858, 0.09325182621825388] 
[0.278722571157787, 0.22485626905732303, 0.302369029950027, -0.7633099431385268, -1.9545606251058558, 1.7272505981504835, 1.592149235904859, 1.5152509909570913, 1.3424462320490824, 0.8028619587452669, -2.8270420295835756, 0.10400185167434932] 
[0.2701801640500543, 0.23339867616505572, 0.3109114370577597, -0.7718523502462595, -1.9631030322135885, 1.7357930052582162, 1.5983911335008767, 1.506673456528407, 1.3340937949988867, 0.8121362255313375, -2.8169902352825984, 0.09650881573252862] 
[0.26378020189184515, 0.23979863832326487, 0.31731139921596885, -0.7782523124044687, -1.9695029943717977, 1.7421929674164254, 1.5930305770704716, 1.5106762792039652, 1.329357065278796, 0.8159517112368849, -2.8231909823797334, 0.08943444717215447] 
[0.2618472982719142, 0.23786573470333394, 0.3153784955960379, -0.7763194087845378, -1.9714358979917286, 1.7402600637964944, 1.59469833946956, 1.5096294124761356, 1.3314853687267414, 0.8179136061779114, -2.8248530515165657, 0.08731549996075011] 
[0.25703428942679896, 0.2426787435484492, 0.3201915044411532, -0.7715063999394225, -1.9762489068368438, 1.7354470549513792, 1.5982344903480465, 1.5045539857082646, 1.3261610622641016, 0.8206422936793443, -2.8284682717260923, 0.09172792444466167] 
[0.25982298722944197, 0.24546744135109222, 0.3229802022437962, -0.7742950977420655, -1.9734602090342008, 1.7326583571487362, 1.5946920959041946, 1.5014996685484447, 1.3289195628672967, 0.8235807389611104, -2.8302091419430373, 0.09432865566074362] 
[0.2550895504157902, 0.24073400453744043, 0.327713639057448, -0.7695616609284137, -1.9781936458478526, 1.737391793962388, 1.5886600443008945, 1.4962887078239608, 1.333525166968248, 0.8282725336348978, -2.8342708663597924, 0.08916468360837786] 
[0.23883145123646532, 0.2569921037167653, 0.31145553987812313, -0.7533035617490889, -1.9619355466685278, 1.7536498931417128, 1.602380312263622, 1.485932564234516, 1.3451527356083732, 0.8177229445207539, -2.8224024094210436, 0.07420441403318509] 
[0.2427405860402141, 0.26090123852051406, 0.3153646746818719, -0.7572126965528376, -1.9658446814722765, 1.749740758337964, 1.5994218109702907, 1.4900874624059195, 1.3490776863018143, 0.8132782250266892, -2.8279780840862037, 0.06961158992493316] 
[0.2504312966526827, 0.25321052790804544, 0.3230553852943405, -0.749521985940369, -1.9735353920847452, 1.7420500477254954, 1.589897431773611, 1.48219152425168, 1.3575073928286137, 0.8253018511769623, -2.8180422038596697, 0.0631071470196289] 
[0.2566435678466279, 0.2594227991019906, 0.3292676564882857, -0.7557342571343142, -1.9673231208908, 1.7358377765315502, 1.5854930460081598, 1.4897269057133613, 1.3678479148191893, 0.835942964475564, -2.8097390868463163, 0.05784780266825574] 
[0.2519646059166236, 0.25474383717198634, 0.33394661841829, -0.7510552952043099, -1.9720020828208042, 1.7405167384615545, 1.5789250537631658, 1.4820273163499562, 1.3618458927726942, 0.8380741609884362, -2.8144573042404355, 0.05264846902134463] 
[0.2721543098738133, 0.23455413321479668, 0.3137569144611003, -0.7308655912471202, -1.992191786777994, 1.7607064424187442, 1.5618218669232977, 1.494820568028307, 1.3476624649590223, 0.851257421718953, -2.829223726351917, 0.07115980172734564] 
[0.2771237330623615, 0.23952355640334488, 0.31872633764964853, -0.725896168058572, -1.9971612099665421, 1.755737019230196, 1.5690377074018163, 1.5034128279061765, 1.355816812480354, 0.8573214356375709, -2.83202701340803, 0.07576967007445055] 
[0.2815449780049386, 0.243944801345922, 0.32314758259222565, -0.7214749231159949, -2.0015824549091192, 1.760158264172773, 1.5660011371849893, 1.5086226894966357, 1.3631804823809526, 0.8652867598691133, -2.824863263934048, 0.08108794872821065] 
[0.28936664852478433, 0.23612313082607628, 0.33096925311207137, -0.7136532525961492, -1.9937607843892735, 1.7523365936529274, 1.5604020584745972, 1.5168662950956437, 1.3719596095935658, 0.8615859868164023, -2.8168732659368017, 0.08993568343820288] 
[0.2840495874699096, 0.23080606977120155, 0.3362863141669461, -0.7083361915412745, -1.9884437233343988, 1.757653654707802, 1.5649571452895927, 1.5141197250359653, 1.3781224984613638, 0.8675656485462208, -2.820058425143466, 0.09485632083151774] 
[0.2776422925243489, 0.23721336471676224, 0.3426936091125068, -0.7147434864868352, -1.982036428388838, 1.7512463597622414, 1.5594076825683094, 1.5172641123165524, 1.369685553871316, 0.8565741935856119, -2.8301985650065027, 0.08714138558916022] 
[0.2745133521841234, 0.24034230505698773, 0.3458225494527323, -0.7116145461466097, -1.9851653687290636, 1.748117419422016, 1.5639067215441893, 1.522406863262394, 1.3735154230917215, 0.8549780785413731, -2.827815469122402, 0.08430853839132937] 
[0.272261452644579, 0.24259420459653214, 0.34357064991318786, -0.7138664456861541, -1.987417268268608, 1.7503693189615603, 1.565454455694478, 1.5197323449756595, 1.3696644038042516, 0.8508766058734057, -2.8314110420353438, 0.08161697582146848] 
[0.27478285747089704, 0.24007279977021412, 0.34104924508686985, -0.7163878505124721, -1.98489586344229, 1.7528907237878784, 1.5687795010015693, 1.5228110019287167, 1.3682381800385026, 0.8525941607355705, -2.83322025421356, 0.08391503014933901] 
[0.26408716668842036, 0.22937710898773744, 0.33035355430439317, -0.7270835412949488, -1.9742001726598133, 1.7421950330054017, 1.5829194036060756, 1.5358792294943304, 1.3619595673223162, 0.859118591735573, -2.843793944844075, 0.07189729707491714] 
[0.2717144945238035, 0.22174978115235433, 0.32272622646901006, -0.7194562134595657, -1.9665728448244302, 1.7498223608407848, 1.588587910543394, 1.5281731429236107, 1.354640215201391, 0.8672029684342764, -2.8349436082443717, 0.06530722858588345] 
[0.283358464553797, 0.23339375118234784, 0.33437019649900357, -0.7078122434295722, -1.9549288747944367, 1.7381783908107913, 1.572103353943527, 1.5096843418005714, 1.3420538486344724, 0.8791171863384066, -2.821665292366849, 0.055304259401637516] 
[0.2741024581549647, 0.22413774478351556, 0.3251141901001713, -0.6985562370307399, -1.9456728683956044, 1.728922384411959, 1.5587709329509465, 1.4946976049719205, 1.3320219149445354, 0.8888775247293471, -2.8089007777516635, 0.06605826822982014] 
[0.26961394926176485, 0.2286262536767154, 0.32960269899337113, -0.69406772813754, -1.9411843595024045, 1.7244338755187592, 1.5523961720646808, 1.4875503334611904, 1.3272064255033722, 0.8935831024555619, -2.8027815389417055, 0.07123341811019614] 
[0.25121709147906035, 0.2470231114594199, 0.34799955677607564, -0.6756708703548355, -1.9227875017197, 1.7428307333014637, 1.5783920204873438, 1.5168416247715235, 1.3472863175715497, 0.875543334950292, -2.8233607541565804, 0.0873737093199113] 
[0.2516033574167347, 0.24740937739709423, 0.3476132908384013, -0.6760571362925099, -1.9224012357820257, 1.743216999239138, 1.578715522138331, 1.5165812322387278, 1.3475014458684316, 0.8751047465926255, -2.823892717147566, 0.08692074299139699] 
[0.25907779914464957, 0.2548838191250091, 0.3401388491104864, -0.668582694564595, -1.9298756775099406, 1.7506914409670529, 1.5880702140061076, 1.5243709328157728, 1.338789444436742, 0.8635588280816514, -2.8329097374128986, 0.09326225898591935] 
[0.25633893911299754, 0.2521449590933571, 0.34287770914213844, -0.671321554596247, -1.9271368174782886, 1.7479525809354008, 1.5904579760997173, 1.5229547152370404, 1.3419697242796127, 0.8665856926616945, -2.8354306033529824, 0.09019203398135515] 
[0.252137166202961, 0.25634673200339364, 0.347079482052175, -0.6755233275062835, -1.9313385903883251, 1.7437508080253643, 1.594153456656087, 1.5208926240153207, 1.3473918528472444, 0.8732114332492531, -2.8303329202472365, 0.08664949580224424] 
[0.23912080576659722, 0.24333037156702986, 0.3340631216158112, -0.6625069670699197, -1.944354950824689, 1.756767168461728, 1.5779020641500747, 1.5074871644442949, 1.362692260296734, 0.894160726994607, -2.8110302917723033, 0.10209149542712598] 
[0.24626517763607314, 0.2504747434365058, 0.3269187497463353, -0.6553625952004438, -1.937210578955213, 1.7496227965922522, 1.569077274737958, 1.5001769077036653, 1.371115330316693, 0.9057000971645208, -2.800270966500046, 0.11069624468174848] 
[0.25600140570674856, 0.24073851536583035, 0.31718252167565986, -0.6650988232711192, -1.9469468070258884, 1.7398865685215767, 1.5621377657312516, 1.5120185697470574, 1.3875630097110323, 0.9219806566452218, -2.7882415775276925, 0.10254383667505264] 
[0.26911319254952293, 0.2538503022086047, 0.3040707348328855, -0.6519870364283449, -1.9600585938686628, 1.7267747816788024, 1.551076521278551, 1.5203570856272994, 1.3781939590046342, 0.93001719368623, -2.8014373394994054, 0.08780687682977942] 
[0.2707123840210537, 0.25225111073707396, 0.30247154336135473, -0.6535862278998756, -1.958459402397132, 1.7283739731503331, 1.5533456708986297, 1.5229603204953142, 1.380012514256927, 0.9283591670628882, -2.803611892982737, 0.08595925522854615] 
[0.25456580657032735, 0.23610453328634762, 0.3186181208120811, -0.6374396504491493, -1.9746059798478584, 1.7445205506010595, 1.5651353442677487, 1.5061353722808284, 1.3637592987556801, 0.9447604431365247, -2.7854877982988286, 0.07190311599452567] 
[0.254177615534144, 0.236492724322531, 0.31900631184826445, -0.6370514594129659, -1.974217788811675, 1.7441323595648761, 1.5646308923718324, 1.505660525603674, 1.363930723620339, 0.9442918856933336, -2.7860386174069385, 0.07144456594761155] 
[0.24628196725754936, 0.2443883725991256, 0.31111066357166983, -0.6291558111363713, -1.9663221405350804, 1.7362367112882815, 1.557970159110812, 1.510712323302503, 1.358285181629974, 0.9490343299621049, -2.7940192631154503, 0.06253130196409772] 
[0.24845572340694577, 0.2422146164497292, 0.3089369074222734, -0.6269820549869749, -1.9684958966844768, 1.738410467437678, 1.5606924280924623, 1.5130310731060344, 1.356051604092236, 0.9466282206547773, -2.792610686457799, 0.06053062191199501] 
[0.25319542644916115, 0.24695431949194457, 0.30419720438005804, -0.6317217580291903, -1.9637561936422614, 1.7431501704798933, 1.5571252663644692, 1.5179426697228033, 1.3606726634388233, 0.9415808517596878, -2.7991345711407836, 0.05497833225390919] 
[0.25494795224341704, 0.24870684528620046, 0.30244467858580215, -0.6299692322349344, -1.9655087194365173, 1.7413976446856374, 1.5556564167508922, 1.5191105467928934, 1.3596634772287624, 0.9436272042879877, -2.796676294725995, 0.05704516048853234] 
[0.25563487605114066, 0.24801992147847685, 0.30175775477807854, -0.630656156042658, -1.966195643244241, 1.742084568493361, 1.5547017415753546, 1.5180151597196971, 1.3588933805574228, 0.9443383801765042, -2.7957334621186583, 0.057851482083540656] 
[0.25471391667366294, 0.24894088085595456, 0.3008367954006008, -0.6297351966651803, -1.9652746838667632, 1.7411636091158833, 1.5535133601773206, 1.516924185858218, 1.3594282008841305, 0.943742155736469, -2.79480989703424, 0.058889773136979205] 
[0.2506973943485251, 0.2529574031810924, 0.296820273075463, -0.6257186743400425, -1.969291206191901, 1.7451801314410211, 1.5500176866155833, 1.5190570517996254, 1.3549050718927071, 0.9394667970560516, -2.7911509698408943, 0.06336914673742365] 
[0.24155302308041104, 0.24381303191297832, 0.2876759018073489, -0.6165743030719284, -1.978435577460015, 1.7543245027091352, 1.556787017808282, 1.5091686677899436, 1.3446830559216985, 0.9447599646933287, -2.7980761292765246, 0.0716159394164758] 
[0.24172761078040228, 0.24398761961296955, 0.28785048950734016, -0.6167488907719196, -1.9782609897600238, 1.7544990904091264, 1.557008818115102, 1.509372051110318, 1.344582095557331, 0.9448842294033949, -2.798201885725315, 0.07177333692130783] 
[0.2481667218811099, 0.25042673071367716, 0.28141137840663255, -0.610309779671212, -1.9718218786593162, 1.7480599793084188, 1.5490208168253032, 1.5027041492506674, 1.351815285152418, 0.9550906879372998, -2.7884562579580825, 0.07954580868268454] 
[0.24334474369284909, 0.25524870890193796, 0.27658940021837175, -0.6054878014829512, -1.9669999004710554, 1.7528819574966796, 1.5430031052325852, 1.4976793277229172, 1.3571415050782176, 0.9626372525869541, -2.781243163100692, 0.08532740328142875] 
[0.23398156416818328, 0.26461188842660377, 0.28595257974303756, -0.5961246219582854, -1.9763630799957213, 1.7622451370213454, 1.5350296974935966, 1.5036403419840085, 1.3505950584568718, 0.9691343163257362, -2.788076333105185, 0.09375201073371563] 
[0.22800257734687168, 0.27059087524791536, 0.29193156656434915, -0.5901456351369738, -1.9703840931744097, 1.768224123842657, 1.5307193652885351, 1.5110969303597217, 1.360600811343855, 0.9789293997061643, -2.7807269706922395, 0.08883638710586768] 
[0.24447672778635, 0.25411672480843706, 0.30840571700382746, -0.6066197855764521, -1.986858243613888, 1.7517499734031787, 1.5533846014485309, 1.5395214876579337, 1.3887270990999998, 0.9987365433547156, -2.795909973096591, 0.07008277292247075] 
[0.24833101884479536, 0.2579710158668824, 0.3045514259453821, -0.6027654945180068, -1.9830039525554426, 1.7478956823447334, 1.5581911302885005, 1.5435860956729999, 1.3847868800274974, 0.9944669308865733, -2.7934696611290755, 0.06655851878832117] 
[0.24852325278768905, 0.25777878192398873, 0.3047436598882758, -0.6025732605751131, -1.982811718612549, 1.748087916287627, 1.5580214420678868, 1.543680963777182, 1.384545100938312, 0.9941657925427477, -2.7937057573405877, 0.06671935860037143] 
[0.2545229930420705, 0.26377852217837017, 0.29874391963389435, -0.5965735203207316, -1.9768119783581675, 1.7540876565420085, 1.5624688251266465, 1.53715421957871, 1.3778217663123473, 0.9975747358910353, -2.7982491530919797, 0.07211417576212505] 
[0.2588891648353959, 0.2681446939716956, 0.2943777478405689, -0.6009396921140571, -1.981178150151493, 1.758453828335334, 1.5570013814144794, 1.5326236351419573, 1.3826509903481647, 1.004192730650161, -2.7929833432577063, 0.0684774481719229] 
[0.2603240088311276, 0.2695795379674273, 0.2958125918363006, -0.5995048481183254, -1.9797433061557612, 1.7598886723310656, 1.5580567251058752, 1.531086314466524, 1.3811699526284393, 1.0056253766875638, -2.7914103640511856, 0.06726454770761998] 
[0.2565011001971813, 0.2734024466013736, 0.2996355004702469, -0.5956819394843791, -1.9835662147897075, 1.763711580965012, 1.5526526328756918, 1.5247130761865597, 1.3762564168623834, 1.0076871330188408, -2.7943051224334434, 0.07067526606958954] 
[0.25041178004253073, 0.267313126446723, 0.2935461803155963, -0.5895926193297285, -1.989655534944358, 1.7698009011196625, 1.5475377065139209, 1.5287020011168517, 1.372846330333949, 1.0148445588254027, -2.7856076168995547, 0.07802895419037643] 
[0.250539095825439, 0.26718581066381475, 0.29367349609850457, -0.5897199351126368, -1.9895282191614498, 1.7699282169025707, 1.5474429643500518, 1.5288382912859166, 1.3729754063832038, 1.014708218800898, -2.7857876139431412, 0.07787461870816938] 
[0.24445908403995364, 0.2732658224493001, 0.28759348431301923, -0.5836399233271514, -1.9834482073759645, 1.776008228688056, 1.55277885322369, 1.5257264893921132, 1.3798874649682245, 1.0215772155221539, -2.7895525949497717, 0.08338912135760675] 
[0.24010137853368807, 0.2689081169430345, 0.2919511898192848, -0.587997628833417, -1.979090501869699, 1.7803659341943217, 1.5495542048111381, 1.5305883340167852, 1.3848880653206803, 1.0190415092940912, -2.7863329363202634, 0.07953293883292398] 
[0.23911331536443559, 0.269896180112287, 0.2909631266500323, -0.5870095656641645, -1.9800785650389514, 1.7793778710250692, 1.5502581163897227, 1.529348877004816, 1.383217866884019, 1.0174137149955897, -2.7875377683580527, 0.0803295896515776] 
[0.23151638682974696, 0.27749310864697563, 0.29856005518472095, -0.5794126371294759, -1.98767549357364, 1.7869747995597578, 1.5606909950863646, 1.5417726910716265, 1.393072111799258, 1.013826741457186, -2.7792903023527966, 0.0892310102235996] 
[0.23864794367207498, 0.2703615518046476, 0.2914284983423929, -0.5865441939718039, -1.994807050415968, 1.7798432427174298, 1.5553429766354707, 1.5498548490392658, 1.4014333334224933, 1.0103204861814306, -2.771522052391292, 0.09763746988427724] 
[0.24391007988525093, 0.26509941559147165, 0.286166362129217, -0.5918063301849799, -2.000069186629144, 1.7851053789306057, 1.5598109517814722, 1.546368660955549, 1.4044833392179539, 1.0044855035328355, -2.7773731103674266, 0.10197785728544385] 
[0.24485241292926663, 0.26415708254745596, 0.2852240290852013, -0.5927486632289956, -2.0010115196731597, 1.78416304588659, 1.560638966531547, 1.5458781558636576, 1.4055445840835854, 1.0055406331400143, -2.7779438854345937, 0.10282858685442763] 
[0.2459248417315587, 0.26522951134974804, 0.2841516002829092, -0.5938210920312876, -1.9999390908708676, 1.783090617084298, 1.5592747643315876, 1.5446312851921138, 1.4061402365404256, 1.0047696090276703, -2.777195969676144, 0.10187554370306848] 
[0.2610829267361803, 0.25007142634512647, 0.26899351527828763, -0.5786630070266661, -2.015097175875489, 1.7679325320796764, 1.5726774689898946, 1.5371596883536425, 1.4247334543104113, 1.0282216789717535, -2.7587384322944457, 0.0896484689464409] 
[0.26089942628153384, 0.2502549267997729, 0.2688100148236412, -0.5784795065720196, -2.0152806763301356, 1.76774903162503, 1.5728311115903562, 1.5370403036532294, 1.4248449134435281, 1.0280151389302588, -2.7589461236007193, 0.08980121978907181] 
[0.26473362036072334, 0.2464207327205834, 0.2649758207444517, -0.5746453124928301, -2.011446482250946, 1.7715832257042194, 1.5674464992254757, 1.5308365047810757, 1.420406188707077, 1.0318515856502202, -2.7547170034950343, 0.08659261059932591] 
[0.2591971143739302, 0.2519572387073765, 0.2705123267312448, -0.5801818184796232, -2.005909976264153, 1.7771197316910126, 1.57546388495756, 1.5406134431930252, 1.4301150307348722, 1.041002551006837, -2.7478130687473072, 0.08210146880567609] 
[0.2635600453741498, 0.2563201697075961, 0.26614939573102525, -0.5758188874794037, -2.0102729072643726, 1.772756800690793, 1.5691861871878952, 1.532899206814724, 1.4223930905877413, 1.0337594872784843, -2.7532419165161213, 0.08562089525618999] 
[0.26316912044544427, 0.25592924477889056, 0.26575847080231974, -0.5754279625506982, -2.009881982335667, 1.7723658757620875, 1.5694728141214733, 1.5324853390162743, 1.4219900623886697, 1.0341607631232568, -2.7528108265162516, 0.08529560678269224] 
[0.2556006001850806, 0.24836072451852687, 0.27332699106268343, -0.5678594422903345, -2.0023134620753034, 1.7647973555017238, 1.5631341214688992, 1.53737203279493, 1.4173829546118462, 1.042646528462541, -2.744302091391318, 0.07902069281133291] 
[0.25232236932758756, 0.2516389553760199, 0.27660522192017645, -0.5711376731478275, -1.9990352312178103, 1.7680755863592168, 1.5607002577523212, 1.5408174591560806, 1.4207177070158032, 1.0393259416871683, -2.7478938628339282, 0.0817686680270426] 
[0.24859442827407907, 0.25536689642952837, 0.27287728086666796, -0.567409732094319, -1.9953072901643019, 1.7718035274127253, 1.5658990846464862, 1.5469007589670951, 1.4254530648125374, 1.037512296813926, -2.743908715603813, 0.08609439609098948] 
[0.24333267867766128, 0.26062864602594615, 0.27813903046308575, -0.5621479824979012, -2.0005690397607196, 1.777065277009143, 1.5584667681753137, 1.5377831386086316, 1.416603521207898, 1.0309726417416987, -2.740774542498884, 0.08131350690807275] 
[0.2471917910750827, 0.2567695336285247, 0.2742799180656643, -0.5582888701004798, -1.9967099273632982, 1.7809243894065645, 1.561732746404338, 1.535235328127795, 1.4188946302298673, 1.0267168410451446, -2.745040404275864, 0.08450060683208728] 
[0.24762343043624302, 0.2563378942673644, 0.273848278704504, -0.5587205094616401, -1.996278288002138, 1.7804927500454042, 1.5621106114330712, 1.5350081065074985, 1.4193797601245624, 1.0271999703626693, -2.745307653299974, 0.0848891899851604] 
[0.2520196645768005, 0.2607341284079219, 0.27824451284506146, -0.5543242753210826, -2.0006745221426954, 1.7848889841859616, 1.55587755338091, 1.5272607988322535, 1.4114638891564408, 1.0195980718239257, -2.7521899129590963, 0.07938648827728809] 
[0.24294514511272514, 0.25165960894384654, 0.2873190323091368, -0.563398794785158, -2.0097490416067707, 1.793963503650037, 1.5687824140316324, 1.543158803376642, 1.4269371957067953, 1.0310432742840774, -2.7575034170671424, 0.08758847515494231] 
[0.245604789849577, 0.24899996420699466, 0.2846593875722849, -0.5660584395220098, -2.0124086863436226, 1.791303858913185, 1.5707855511258368, 1.5403409893187587, 1.4242413648348293, 1.0337021501155315, -2.754633154824058, 0.0854149795182124] 
[0.24222304132256856, 0.2523817127340031, 0.2880411360992934, -0.5626766909950014, -2.009026937816614, 1.7879221103861767, 1.5678286280616094, 1.542143814274301, 1.4203962694149086, 1.0298846222584888, -2.752598980988365, 0.08237273021850526] 
[0.23648416666760586, 0.24664283807904042, 0.2937800107542561, -0.5569378163400387, -2.014765812471577, 1.782183235731214, 1.5721200131058573, 1.535911690560585, 1.4139859421849603, 1.0332246083499583, -2.7567798894745508, 0.08742178158045807] 
[0.23772773867733665, 0.24539926606930962, 0.2950235827639869, -0.5581813883497695, -2.0160093844813076, 1.7834268077409448, 1.5704360790784202, 1.5339734435607388, 1.4126122097375695, 1.0345258518360056, -2.7550076712460543, 0.08895039951870923] 
[0.23411974850845585, 0.24900725623819042, 0.2914155925951061, -0.5545733981808887, -2.0196173746501884, 1.779818817572064, 1.5735953426663105, 1.5320091314158988, 1.4166933823751593, 1.0383585486508098, -2.7584519980420734, 0.08478597096170792] 
[0.23573426789455443, 0.250621775624289, 0.2898010732090075, -0.5529588787947901, -2.021231894036287, 1.7782042981859654, 1.5755772730518278, 1.5336432908418876, 1.4148382468811287, 1.0357569451439903, -2.76095572712098, 0.08277352646257058] 
[0.23477620132805743, 0.251579842190786, 0.2907591397755045, -0.5520008122282931, -2.02027382746979, 1.7772462316194684, 1.574877786669004, 1.534786134576818, 1.4163226935800814, 1.0368702830360632, -2.761843066783383, 0.08167547528595309] 
[0.2354607549255805, 0.25226439578830906, 0.29144369337302756, -0.5526853658258162, -2.020958381067313, 1.7779307852169914, 1.574031842416129, 1.5340698054230688, 1.4170074201582448, 1.03757378899993, -2.7624978547097987, 0.08088798585635243] 
[0.2342524456009487, 0.2510560864636773, 0.29265200269765934, -0.5514770565011844, -2.0197500717426813, 1.7791390945416232, 1.5756771889365502, 1.5360043916429116, 1.4185326633731177, 1.0370129770020142, -2.7611893146261868, 0.08230252111625802] 
[0.23587273915220042, 0.252676380014929, 0.29427229624891105, -0.5498567629499327, -2.021370365293933, 1.780759388092875, 1.5768992855426345, 1.5342333618948318, 1.4166935520968056, 1.037815184100553, -2.762936109790888, 0.08040498219148785] 
[0.24614236401424439, 0.242406755152885, 0.2840026713868671, -0.5395871380878887, -2.011100740431889, 1.791029012954919, 1.5639574339398137, 1.5224235211414494, 1.422660888010852, 1.0313207301105942, -2.7521623907401485, 0.09239804480550737] 
[0.24500742783453067, 0.2412718189731713, 0.2851376075665808, -0.5407220742676024, -2.0122356766116027, 1.7921639491346326, 1.5654065409196132, 1.5237517119188515, 1.4219918419022026, 1.0320452172055827, -2.753372229939015, 0.09105798892611906] 
[0.2507826990007169, 0.24704709013935755, 0.29091287873276706, -0.5349468031014162, -2.0064604054454165, 1.7979392203008189, 1.5612611985138771, 1.5306717468949858, 1.4315275528528122, 1.0415301408317406, -2.7463754680497185, 0.08647353362482499] 
[0.25142765111456544, 0.24640213802550903, 0.2915578308466156, -0.5343018509875677, -2.007105357559265, 1.7985841724146674, 1.561828760788195, 1.5303501304395983, 1.432350526604719, 1.042579227500074, -2.745370004084914, 0.08729508278202844] 
[0.2452474774497313, 0.2402219643606749, 0.28537765718178143, -0.5404820246524018, -2.013285531224099, 1.7924039987498332, 1.5540433783130019, 1.5236970406756327, 1.4385618719012225, 1.048984179639244, -2.751509036381607, 0.08003356908045822] 
[0.24798494080438704, 0.23748450100601914, 0.2826401938271257, -0.5377445612977461, -2.0105480678694434, 1.795141462104489, 1.556110419543264, 1.520854155490229, 1.4358847794424328, 1.0519269713898873, -2.7475688948382104, 0.08344210447033444] 
[0.25932811653019616, 0.24882767673182826, 0.2939833695529348, -0.5264013855719369, -2.0218912435952525, 1.7837982863786799, 1.570708164022249, 1.5344966036574677, 1.4304823833944766, 1.0646108558769516, -2.735159935281875, 0.07424432949284449] 
[0.2545372340894021, 0.2440367942910342, 0.28919248711214074, -0.531192268012731, -2.0171003611544585, 1.788589168819474, 1.5646292556006933, 1.5293141006556896, 1.435394977462085, 1.0699744254602457, -2.7381184038696476, 0.07854856340569982] 
[0.25178013518976616, 0.24679389319067013, 0.2864353882125048, -0.5284351691130951, -2.0143432622548225, 1.785832069919838, 1.5607088190171001, 1.524552898118311, 1.4307270952218663, 1.0664384483995797, -2.736520550675332, 0.07605998750017169] 
[0.25453733045710525, 0.24403669792333105, 0.2891925834798439, -0.5311923643804342, -2.0171004575221616, 1.783074874652499, 1.5583961335218341, 1.526392909278898, 1.4291475443377641, 1.06965077270799, -2.7325270737091296, 0.07948187667086476] 
[0.24778892802634633, 0.23728829549257213, 0.282444181049085, -0.5244439619496752, -2.0238488599529205, 1.77632647222174, 1.568039583884926, 1.5382414931554445, 1.4413903199312295, 1.0815486510779533, -2.7218939132555446, 0.08797265407293359] 
[0.24564966767905094, 0.23942755583986752, 0.2803049207017896, -0.5265832222969706, -2.025988120300216, 1.7741872118744446, 1.566506833749548, 1.5407857017275903, 1.4449101202098051, 1.0850615071989227, -2.7192893043464195, 0.08624709792981948] 
[0.2387474800542586, 0.2325253682150752, 0.27340273307699725, -0.5196810346721783, -2.0328903079250082, 1.781089399499237, 1.5570026955450817, 1.5297721251048078, 1.4364683843476578, 1.088913476383114, -2.724417173296299, 0.09234499774600474] 
[0.2318559074560449, 0.2394169408132889, 0.28029430567521096, -0.5127894620739646, -2.0259987353267945, 1.7879809720974507, 1.5509963485725486, 1.533618901568014, 1.428756247806858, 1.0816789685079737, -2.7177754003855, 0.100313763315106] 
[0.24052642354996312, 0.24808745690720713, 0.27162378958129274, -0.5214599781678828, -2.0346692514207128, 1.7793104560035324, 1.5629038200236853, 1.5481194476146078, 1.4430581180465134, 1.0919930507709352, -2.7260043464080064, 0.09025546749371655] 
[0.23856549023654683, 0.24612652359379084, 0.27358472289470903, -0.5194990448544665, -2.0327083181072965, 1.7812713893169487, 1.5656354661903178, 1.5514570122384634, 1.4463045866493682, 1.0942934265325646, -2.7278332833865937, 0.08800094216055554] 
[0.235119060889315, 0.24957295294102266, 0.2701382935474772, -0.5160526155072347, -2.0292618887600646, 1.7847178186641806, 1.5612543088779751, 1.5473785692520545, 1.447936977210823, 1.0904055155750019, -2.7316489399660053, 0.09082788271142878] 
[0.24356757390202777, 0.2411244399283099, 0.27858680656018997, -0.5076041024945219, -2.0377104017727774, 1.7931663316768933, 1.5727525456530207, 1.5608883903029065, 1.458588619108286, 1.0862966223775334, -2.7224131021013154, 0.1008056600549123] 
[0.24612378969549642, 0.23856822413484124, 0.2760305907667213, -0.5101603182879906, -2.0351541859793087, 1.7906101158834247, 1.574685212064703, 1.5582258056005995, 1.4560798645825381, 1.0890421058115847, -2.7187303085473413, 0.10399569998298125] 
[0.25535768616457677, 0.2478021206039216, 0.28526448723580167, -0.5009264218189102, -2.044388082448389, 1.799844012352505, 1.5619632964813501, 1.5434926155822184, 1.444799704491188, 1.0942459904656496, -2.725494017774892, 0.11207886063822937] 
[0.24908322231350244, 0.2540765844549959, 0.291538951086876, -0.4946519579678359, -2.0506625462994634, 1.8061184762035793, 1.5664192667261898, 1.536066428465429, 1.434950817676441, 1.0863760057563738, -2.7218719279768178, 0.10644635643924033] 
[0.2548653679412789, 0.2598587300827724, 0.28575680545909954, -0.5004341035956124, -2.044880400671687, 1.800336330575803, 1.5715197939835859, 1.5332097043058155, 1.442273207979738, 1.0953886331764744, -2.7150235148269806, 0.10191083978699353] 
[0.25233801614106444, 0.26238608188298684, 0.288284157259314, -0.4979067517953979, -2.0423530488714725, 1.8028636823760174, 1.5683556511974244, 1.5305961636072625, 1.4451435689956782, 1.0994323211928547, -2.711072823374051, 0.10513988122226953] 
[0.24689128391369497, 0.2678328141103563, 0.28283742503194453, -0.5033534840227674, -2.047799781098842, 1.7974169501486479, 1.5607953576139102, 1.5218306880184191, 1.4389320208682665, 1.1050117096217453, -2.703230973808507, 0.11199824474604787] 
[0.24544265435665924, 0.2663841845533206, 0.28428605458898026, -0.5019048544657316, -2.0463511515418062, 1.7988655797056836, 1.56186455870028, 1.5202207392540978, 1.4372547887874956, 1.105724848502651, -2.7048301235569845, 0.1102700068044126] 
[0.24437753214785563, 0.26531906234451696, 0.2853511767977839, -0.500839732256928, -2.04741627375061, 1.7999307019144872, 1.5605018270914524, 1.5189511579769015, 1.4377239173034806, 1.1045241675388715, -2.7059976554202794, 0.11112938856718879] 
[0.24586866441319533, 0.26681019460985667, 0.2838600445324442, -0.5023308645222677, -2.0489074060159496, 1.801421834179827, 1.562601280804961, 1.5215565428345414, 1.4402800914017055, 1.1063244296206747, -2.7074167011069106, 0.10938703847536954] 
[0.2425840519065554, 0.26352558210321675, 0.28057543202580426, -0.4990462520156278, -2.0521920185225895, 1.8047064466864668, 1.5654863530984167, 1.5198548273257766, 1.4439686713574582, 1.1097948562915687, -2.7106498668705665, 0.10552730493877172] 
[0.2381200824475984, 0.25906161264425975, 0.27611146256684727, -0.4945822825566708, -2.0477280490636325, 1.8002424772275099, 1.5592216711178482, 1.5120904290282329, 1.4363647752886448, 1.1044554008755099, -2.7063786088012116, 0.11076174538903732] 
[0.24205915192907757, 0.2630006821257389, 0.2800505320483264, -0.49064321307519165, -2.0437889795821533, 1.804181546708989, 1.5538560977224347, 1.5058339748241822, 1.4317972012988653, 1.10820641799797, -2.7022222438775785, 0.10756186322943255] 
[0.24525241819209942, 0.25980741586271705, 0.27685726578530456, -0.4938364793382135, -2.046982245845175, 1.8009882804459671, 1.5578014546910317, 1.5090833095783909, 1.4282636445971417, 1.1034128511175683, -2.705947342573537, 0.11007867796819067] 
[0.24836413620408937, 0.262919133874707, 0.2799689837972945, -0.49694819735020346, -2.050093963857165, 1.804099998457957, 1.5621809635471136, 1.5144861498512754, 1.433534268420366, 1.1071263338441377, -2.7089337314255353, 0.10643373141588715] 
[0.24405035775165107, 0.2586053554222687, 0.2756552053448562, -0.49263441889776516, -2.045780185404727, 1.8084137769103954, 1.5568205413386818, 1.510076836862763, 1.4383950452843, 1.1140098741884754, -2.702167584832541, 0.11196763734347591] 
[0.24717371421865497, 0.2617287118892726, 0.2725318488778523, -0.48951106243076126, -2.0489035418717307, 1.8052904204433915, 1.552930519513998, 1.5067948787783494, 1.441536383979501, 1.1174677453319926, -2.7040595636437823, 0.11474203945612856] 
[0.2515576721913009, 0.2661126698619185, 0.2681478909052064, -0.49389502040340716, -2.0532874998443766, 1.8096743784160374, 1.5585507732269688, 1.5120260546475544, 1.4395455916424624, 1.1223885311195512, -2.6992904444261394, 0.11122639465483529] 
[0.25154543811998753, 0.26610043579060516, 0.26813565683389307, -0.4939072544747205, -2.05329973391569, 1.809662144344724, 1.558535517574677, 1.512013472658331, 1.4395590920517056, 1.1224078872566752, -2.6992711913981045, 0.1112421819222887] 
[0.24325315618144305, 0.2578081538520607, 0.2598433748953486, -0.485614972536176, -2.0615920158542345, 1.8179544262832685, 1.551552382433749, 1.517465055861529, 1.4348205232811209, 1.1322489444397206, -2.686941387958818, 0.12180981710590698] 
[0.24484320723406316, 0.2593982049046808, 0.2614334259479687, -0.48720502358879614, -2.0631820669068546, 1.8163643752306484, 1.5502084529715128, 1.5185218203219268, 1.4338994055613894, 1.134143255501935, -2.684558394855555, 0.12385460254456215] 
[0.24206831044389876, 0.2566233081145164, 0.2642083227381331, -0.48997992037896054, -2.06040717011669, 1.813589478440484, 1.554128129856163, 1.5234078944221021, 1.4388613547644067, 1.1387297561089498, -2.681208177714347, 0.12171390689852547] 
[0.2483338312012373, 0.25035778735717784, 0.27047384349547166, -0.483714399621622, -2.0541416493593516, 1.8073239576831455, 1.5629023270693614, 1.5342276274449635, 1.4494548284584658, 1.1466011068265543, -2.684743008210974, 0.12731768453317704] 
[0.24717050443219168, 0.25152111412622347, 0.26931051672642603, -0.48255107285257637, -2.052978322590306, 1.8061606309140998, 1.5618868557558478, 1.5348485388832942, 1.4481558689397809, 1.1453822053578564, -2.683580658239623, 0.1286945127998534] 
[0.2410253051863842, 0.25766631337203094, 0.26316531748061855, -0.4764058736067689, -2.0591235218361135, 1.8123058301599073, 1.5572779102763976, 1.5413316300388111, 1.4543035340860513, 1.1387864974632294, -2.692518014246233, 0.12091362159551171] 
[0.244203873578539, 0.25448774497987614, 0.25998674908846375, -0.4732273052146141, -2.0559449534439587, 1.8154843985520621, 1.553350671420193, 1.5380880815797062, 1.4578253490391633, 1.1437889890591073, -2.687527828039886, 0.1250288247525155] 
[0.2505270315700878, 0.24816458698832733, 0.26630990708001256, -0.4669041472230653, -2.0622681114355075, 1.821807556543611, 1.5588902457771654, 1.534739385096342, 1.4649343154295336, 1.150907346309555, -2.6913207734322615, 0.13062848610884134] 
[0.25385061707022505, 0.25148817248846456, 0.2696334925801498, -0.4702277327232025, -2.0589445259353703, 1.8184839710434737, 1.555989237572717, 1.5364977816506762, 1.4611532303310346, 1.1471270455982425, -2.6893463219632587, 0.12769099660869365] 
[0.25518031593112855, 0.25281787134936806, 0.2683037937192463, -0.468898033862299, -2.0602742247962738, 1.8171542721825702, 1.554267387717192, 1.5348855386223046, 1.4617401630649696, 1.1455250444656155, -2.691334900493078, 0.12597744717516945] 
[0.2606152853986332, 0.2473829018818634, 0.26286882425174163, -0.46346306439479434, -2.0657091942637784, 1.8225892416500749, 1.5618729312928956, 1.5437669266208205, 1.4685432182034908, 1.1424477403326598, -2.6874299576152914, 0.1212922510395263] 
[0.2611906666776962, 0.24795828316092638, 0.26229344297267865, -0.46288768311573136, -2.0662845755428414, 1.8231646229291378, 1.5610615549921723, 1.5428223064524356, 1.4678143195489595, 1.1427241867824234, -2.688086762780196, 0.1205880584439414] 
[0.2620150063630371, 0.2487826228462673, 0.26311778265801955, -0.46206334343039046, -2.0671089152281823, 1.822340283243797, 1.5617503602959435, 1.5422808904368384, 1.4682968384305255, 1.1417556334265897, -2.6893193460862763, 0.11952145202709438] 
[0.25737991749511924, 0.25341771171418515, 0.2677528715259374, -0.4574282545624726, -2.0717440040961, 1.8269753721117148, 1.5583681572707087, 1.5472714215218573, 1.4735423338150628, 1.1393820544099333, -2.6840608536807418, 0.12518676768162418] 
[0.260369289494613, 0.25640708371367893, 0.2707422435254312, -0.4544388825629788, -2.074733376095594, 1.823986000112221, 1.5557605404267176, 1.5488206411805516, 1.4701311542528195, 1.1359699830454835, -2.6822952879866175, 0.12254945405607319] 
[0.25924547875122617, 0.2552832729702921, 0.27186605426881805, -0.4555626933063657, -2.075857186838981, 1.8228621893688342, 1.5541350437162995, 1.546806008944216, 1.468072821042799, 1.1339961839724235, -2.68411438641955, 0.12106711507072485] 
[0.25559149480542676, 0.2589372569160915, 0.26821207032301864, -0.4592166772521651, -2.07951117078478, 1.8192082054230347, 1.5572193297508181, 1.544509242186121, 1.470591488607397, 1.131444803611153, -2.681603329985923, 0.11790531195689453] 
[0.24933989416068858, 0.2526856562713533, 0.26196046967828046, -0.46546827789690326, -2.073259570140042, 1.8129566047782966, 1.5485007092057277, 1.5344146172874804, 1.463423448453026, 1.137954920080759, -2.6724542208687985, 0.12591798019038913] 
[0.24701158306093607, 0.2503573451716008, 0.264288780778033, -0.46779658899665577, -2.0709312590402895, 1.815284915878049, 1.546538331699798, 1.5359461803458982, 1.4620223000100263, 1.1404932083210688, -2.669944715209824, 0.12406095963900327] 
[0.2457167952524708, 0.24906255736313554, 0.2629939929695677, -0.4665018011881905, -2.0696364712318243, 1.8165797036865143, 1.5474994387576124, 1.534537558634731, 1.4605495907631862, 1.1411515963108791, -2.671399864690888, 0.12249028799464719] 
[0.2501107754267595, 0.25345653753742425, 0.258600012795279, -0.4621078210139018, -2.074030451406113, 1.820973683860803, 1.5414640137092641, 1.5275747857978421, 1.4555859193315193, 1.1457634788733164, -2.6649751668632984, 0.1281103221170258] 
[0.2527174756835011, 0.25606323779416584, 0.2612067130520206, -0.4595011207571602, -2.0766371516628546, 1.8235803841175446, 1.5395390418076322, 1.5304200191744792, 1.4585652703600995, 1.1444294410054092, -2.662028657516818, 0.13128904398825478] 
[0.2548907582454918, 0.2582365203561565, 0.2590334304900299, -0.45732783819516953, -2.0788104342248452, 1.8257536666795353, 1.5422593616702995, 1.5326815926076673, 1.4561605277072884, 1.1410028771688399, -2.6654718574367307, 0.12844059612737857] 
[0.2525870182483674, 0.2559327803590321, 0.2613371704871543, -0.45963157819229394, -2.076506694227721, 1.8280574066766597, 1.5455642506997584, 1.536788378593845, 1.4603357669931205, 1.1450103312027504, -2.6617345133596753, 0.13148324383058185] 
[0.2510419228091765, 0.2543876849198412, 0.2628822659263452, -0.45808648275310304, -2.0780517896669117, 1.8296025021158506, 1.5435679975613454, 1.5349223136512389, 1.461018490181836, 1.1431332174836368, -2.664070487067566, 0.12947215735303189] 
[0.24641263226043808, 0.2497583943711028, 0.25825297537760683, -0.46271577330184144, -2.08268108021565, 1.8249732115671122, 1.5469886353819042, 1.5298950334464614, 1.4558340084123558, 1.1459180502851596, -2.667324244244071, 0.13344862319812126] 
[0.24552510929056925, 0.25064591734097164, 0.257365452407738, -0.4618282503319726, -2.083568603185519, 1.825860734536981, 1.5482371734655196, 1.531422441387206, 1.4573217154153018, 1.1470298406553383, -2.6678217832941753, 0.13423854564585405] 
[0.24672236331797226, 0.24944866331356863, 0.256168198380335, -0.4606309963045696, -2.084765857212922, 1.827057988564384, 1.5472276644930874, 1.532219760169806, 1.4566244719216912, 1.148454543681648, -2.6660178075605114, 0.13579086796372777] 
[0.24096128550641627, 0.2552097411251246, 0.261929276191891, -0.4548699184930136, -2.079004779401366, 1.83281906637594, 1.5544426544902232, 1.5383630230325602, 1.450901360267301, 1.1421587743961759, -2.6625928655320426, 0.13070694650180814] 
[0.242304572291979, 0.2538664543395619, 0.2632725629774537, -0.4535266317074509, -2.0803480661869287, 1.8341623531615028, 1.5525558462962792, 1.5360091679226824, 1.44847354011908, 1.1398166920325348, -2.6647833880070837, 0.12891835488267314] 
[0.24367510253724323, 0.25249592409429766, 0.26464309322271795, -0.4548971619527151, -2.0789775359416645, 1.835532883406767, 1.5544823113652066, 1.5384028584414835, 1.4509192162707296, 1.1420762562963056, -2.663158768354158, 0.12787971161797965] 
[0.23607528000619826, 0.2448961015632527, 0.2722429157537629, -0.44729733942167016, -2.0865773584727094, 1.827933060875722, 1.5440681868787955, 1.5263563922979877, 1.4423137349470831, 1.1500459505496454, -2.651878167964722, 0.13779593487379807] 
[0.2299685182373148, 0.23878933979436923, 0.26613615398487944, -0.4411905776527867, -2.092684120241593, 1.8218262991068386, 1.5525583635975735, 1.536860185345779, 1.4531947730311865, 1.160204768926135, -2.644613070413885, 0.13313829712074857] 
[0.23425986743240035, 0.23449799059928367, 0.2618448047897939, -0.4368992284577011, -2.0969754694366785, 1.817534949911753, 1.5579681757113022, 1.541910160681895, 1.4512166030485145, 1.1653594872214086, -2.638183689313219, 0.138681542346041] 
[0.23886647709473952, 0.2298913809369445, 0.2572381951274547, -0.43229261879536196, -2.1015820790990176, 1.8221415595740922, 1.561998682723521, 1.5393584390517694, 1.4564612004777253, 1.1705979486966072, -2.6409341933057657, 0.14276179995667845] 
[0.24434154428233246, 0.23536644812453744, 0.2517631279398618, -0.426817551607769, -2.1070571462866106, 1.8276166267616851, 1.555020133866362, 1.5328322518038704, 1.459060600225727, 1.1640256550997952, -2.6491345874192493, 0.1356896549974294] 
[0.2364455066045048, 0.2432624858023651, 0.2596591656176894, -0.41892151392994137, -2.114953183964438, 1.8197205890838575, 1.5493315212724197, 1.542215665061118, 1.471954718792906, 1.177366490802981, -2.636434618445786, 0.14610995913576746] 
[0.2461275846076001, 0.2529445638054604, 0.2693412436207847, -0.42860359193303665, -2.105271105961343, 1.8294026670869528, 1.5578759844891048, 1.5372118967311075, 1.4840425976340978, 1.1929094099609463, -2.621158454188839, 0.15873348861003198] 
[0.2515498416690187, 0.24752230674404174, 0.27476350068220334, -0.423181334871618, -2.1106933630227616, 1.8239804100255341, 1.550414506714731, 1.5285673607274295, 1.47779316317683, 1.198010539193382, -2.6155560816097916, 0.15443261440179412] 
[0.2545132226070601, 0.24455892580600036, 0.27180011974416196, -0.42021795393357664, -2.113656743960803, 1.8269437909635755, 1.5483209227708643, 1.5321717015827652, 1.482811675557093, 1.203146895045322, -2.6107854513036908, 0.15833058804641817] 
[0.2672815322245876, 0.25732723542352787, 0.25903181012663445, -0.40744964431604913, -2.1264250535783304, 1.839712100581103, 1.5647810570825893, 1.5472846269666534, 1.4753853797562773, 1.2112650735539334, -2.624991843112322, 0.14274857813286473] 
[0.26415577946283, 0.2604529881852855, 0.2559060573648768, -0.41057539707780677, -2.129550806340088, 1.8428378533428607, 1.5602361303392358, 1.5417282657770113, 1.470033827627001, 1.207275154288866, -2.6232450102313507, 0.13998483947626816] 
[0.25900143586447033, 0.25529864458692586, 0.25075171376651717, -0.4054210534794471, -2.1243964627417284, 1.837683509744501, 1.5557420271534255, 1.5443452702875182, 1.4641977205994317, 1.2014286373263416, -2.6202327570647146, 0.13545975183747408] 
[0.25438792311213465, 0.25991215733926154, 0.25536522651885285, -0.4100345662317828, -2.129009975494064, 1.8422970224968367, 1.5589984289246162, 1.53886894550125, 1.4571365948258486, 1.1962044968043488, -2.6155171455951955, 0.14104540184465733] 
[0.2620844890694842, 0.25221559138191196, 0.2630617924762024, -0.4177311321891324, -2.1367065414514137, 1.8346004565394871, 1.5536116311718162, 1.5483663205674907, 1.4700631079528592, 1.209355862183671, -2.602982633107507, 0.15135683342541298] 
[0.26500612209568875, 0.2551372244081165, 0.26598342550240694, -0.4206527652153369, -2.139628174477618, 1.8375220895656916, 1.555662848388093, 1.5448971071624047, 1.4654990438754334, 1.2057278465478303, -2.6013444961476564, 0.14876475617167872] 
[0.26155004702507245, 0.2516811493375002, 0.26943950057302324, -0.4171966901447206, -2.136172099407002, 1.8340660144950753, 1.5581692477919082, 1.5411499154095856, 1.4615572589320698, 1.2074286721649128, -2.6053028482334253, 0.14450628319233533] 
[0.25869830410110684, 0.24882940641353457, 0.27229124349698886, -0.4200484330686862, -2.1390238423309675, 1.836917757419041, 1.5561877155214046, 1.5446247573889496, 1.4663844132869606, 1.2123912931431908, -2.600652095372281, 0.14829233832688668] 
[0.25668594341531037, 0.2468170457277381, 0.2702788828111924, -0.41803607238288976, -2.141036203016764, 1.8349053967332445, 1.5575966710157123, 1.5421911166060305, 1.4630237063312472, 1.209070644611892, -2.6030575890904393, 0.1498178403545686] 
[0.25575013539605695, 0.2458812377084847, 0.269343074791939, -0.41710026436363634, -2.1401003949975106, 1.835841204752498, 1.5569005068009116, 1.5431645552774131, 1.4639415024191889, 1.2080576091993387, -2.6044514938040173, 0.14860210657392348] 
[0.25522279865313013, 0.24535390096555787, 0.26881573804901215, -0.41762760110656316, -2.1395730582545838, 1.8363685414954247, 1.5576561643225098, 1.5440950994238118, 1.4649009474119061, 1.2089936335882752, -2.603585511031205, 0.14930413000145243] 
[0.2551661369403151, 0.24529723925274283, 0.2688723997618272, -0.4176842628193782, -2.139629719967399, 1.8363118797826097, 1.5575830791809766, 1.5440280376895117, 1.4649340403262228, 1.2089580773513262, -2.6035223019061995, 0.14937356839763952] 
[0.2583609671040401, 0.24849206941646784, 0.2656775695981022, -0.4144894326556532, -2.136434889803674, 1.8331170496188847, 1.5535674119048448, 1.5406756356273048, 1.4685787363532958, 1.2140923290974333, -2.598390783504608, 0.15360537075693653] 
[0.26282338850177656, 0.2440296480187314, 0.27013999099583863, -0.41002701125791674, -2.1408973112014102, 1.8375794710166211, 1.5593742491196911, 1.5461043606525775, 1.4665226137564844, 1.219075189351038, -2.5935921276305383, 0.1501045686224994] 
[0.25982942347544924, 0.24103568299240408, 0.27313395602216595, -0.41302097628424406, -2.1438912762277376, 1.8345855059902938, 1.5555735001442488, 1.5429042401021913, 1.4698672091504068, 1.2235813873803472, -2.590129766726079, 0.1478153309140911] 
[0.2622503571084325, 0.2434566166253873, 0.2755548896551492, -0.4106000426512608, -2.146312209860721, 1.837006439623277, 1.5537747473090133, 1.5453980646825916, 1.4722155011997693, 1.2209696176362252, -2.593728750194957, 0.14467222821519365] 
[0.25977695294828695, 0.2409832124652418, 0.27308148549500366, -0.41307344681140634, -2.1438388057005753, 1.8394798437834226, 1.5573483283791456, 1.5497706245899558, 1.4766791602406173, 1.2251439907968165, -2.590761688411837, 0.1427992214498435] 
[0.25150090584516693, 0.2492592595683618, 0.26480543839188364, -0.4047973997082863, -2.1355627585974553, 1.8312037966803025, 1.5645879842779213, 1.5456157956848873, 1.4871037792501913, 1.237947878258252, -2.581089205780548, 0.1364992165730121] 
[0.24842931758642894, 0.24618767130962382, 0.26173385013314565, -0.4078689879670243, -2.1386343468561932, 1.8342753849390405, 1.5618884132264506, 1.5471583661434318, 1.4832964055612268, 1.2332660506413533, -2.584641162471889, 0.1388607160208757] 
[0.24498282662340376, 0.249634162272649, 0.25828735917012047, -0.4044224970039991, -2.1420808378192184, 1.8377218759020657, 1.5647858802521917, 1.544856071158268, 1.4852827321511783, 1.2292080863303014, -2.5898292697368697, 0.13436852403529267] 
[0.24165336486851974, 0.24630470051776499, 0.2616168209250045, -0.4010930352491151, -2.1454102995741025, 1.8343924141471817, 1.5689275766587991, 1.5483120707278295, 1.4816281469536363, 1.2242597197101093, -2.5936567455459336, 0.1369172440918074] 
[0.2421386451300238, 0.24678998077926906, 0.2611315406635004, -0.4015783155106192, -2.1449250193125984, 1.8339071338856776, 1.5682497553669923, 1.5474824598849743, 1.48081033921512, 1.2236413025570676, -2.5933849197112315, 0.13648669643612396] 
[0.24825756790866027, 0.2529089035579055, 0.2672504634421369, -0.3954593927319827, -2.151043942091235, 1.8277882111070411, 1.5606583735091348, 1.5411496973762917, 1.4875807178896223, 1.2327651496867187, -2.5863401398210213, 0.1317838546408717] 
[0.2493363103546793, 0.2518301611118865, 0.26617172099611786, -0.3943806502859637, -2.152122684537254, 1.8267094686610221, 1.5620372126131228, 1.5424111441676744, 1.4869595331030914, 1.2334536755612613, -2.587536269569208, 0.13047047353016827] 
[0.24977583158925842, 0.25226968234646563, 0.266611242230697, -0.39482017152054283, -2.1516831633026747, 1.8271489898956013, 1.5616502090676139, 1.542630904123232, 1.4864132084440498, 1.2327818697513035, -2.5880461554665937, 0.1308104094042331] 
[0.24648896309297985, 0.2555565508427442, 0.2633243737344184, -0.39153330302426426, -2.1549700317989533, 1.8238621213993227, 1.565778289778785, 1.546145284280822, 1.4831532026857437, 1.229414169103705, -2.5846727798411226, 0.1347573052757447] 
[0.24541375707546198, 0.2566317568602621, 0.2643995797519363, -0.3904580970067464, -2.1538948257814354, 1.8249373274168406, 1.5665828773445452, 1.5449989655122784, 1.4820502713203996, 1.2304606525974537, -2.5835506714002756, 0.1338987205223908] 
[0.24635357054456453, 0.2575715703293646, 0.26533939322103883, -0.38951828353764384, -2.154834639250538, 1.823997513947738, 1.5659096657374802, 1.5461334369897661, 1.48353499595027, 1.2316383810881182, -2.5840901716110856, 0.13473383069039238] 
[0.2446494946777742, 0.2558674944625743, 0.2636353173542485, -0.3878142076708535, -2.1565387151173283, 1.8257015898145283, 1.563495940442512, 1.543124208225818, 1.4804479639638135, 1.2288012382067874, -2.5861137107896957, 0.13604670163727153] 
[0.24674849443151903, 0.25376849470882945, 0.26573431710799333, -0.38991320742459834, -2.158637714871073, 1.8236025900607835, 1.5653490381712034, 1.5420748279292706, 1.4830438046711614, 1.231995995103936, -2.583686347424976, 0.13441986341484952] 
[0.24875465537368147, 0.251762333766667, 0.2637281561658309, -0.3879070464824359, -2.1606438758132356, 1.821596429118621, 1.5625881514550575, 1.538882648430458, 1.4807736767558544, 1.2340624979517847, -2.580765398034259, 0.1369883484692223] 
[0.2532206045008225, 0.24729638463952597, 0.25926220703868985, -0.38344109735529486, -2.1651098249403766, 1.8260623782457621, 1.5564206887033794, 1.5317464969940109, 1.4756270359193948, 1.23826740442032, -2.5761289784036054, 0.13340758395240157] 
[0.2528752612247347, 0.24764172791561379, 0.25891686376260203, -0.3837864406313827, -2.164764481664289, 1.8257170349696743, 1.5568677266821094, 1.5321651631084794, 1.4754730858054257, 1.2386816652291277, -2.5756133442977927, 0.1338529679458705] 
[0.2508825166540847, 0.2496344724862638, 0.26090960833325205, -0.38179369606073266, -2.162771737093639, 1.8237242903990243, 1.5553971609334971, 1.5343179776549916, 1.4777256454925238, 1.237664713996137, -2.5733556817724184, 0.13628319416451462] 
[0.2481045460285225, 0.252412443111826, 0.2581316377076899, -0.38457166668629483, -2.1599937664680766, 1.8265022610245865, 1.558889280992672, 1.5372866287950333, 1.4749170327975338, 1.2345735565194305, -2.571671410099183, 0.1338297946940772] 
[0.24790715591790846, 0.25221505300121194, 0.25793424759707584, -0.3843742765756808, -2.1601911565786907, 1.8266996511352005, 1.558635480699748, 1.5370493975603943, 1.4750046506540666, 1.2343368232822964, -2.5719661940745615, 0.13357494461637964] 
[0.2465136689431775, 0.250821566026481, 0.2565407606223449, -0.38298078960094983, -2.1615846435534216, 1.8280931381099315, 1.556712633411484, 1.5348215668474492, 1.473391041131461, 1.2356513185619407, -2.5705247522357215, 0.13246262427373182] 
[0.24988646758151223, 0.2541943646648157, 0.2599135592606796, -0.38635358823928456, -2.1649574421917563, 1.8247203394715967, 1.5538665880145293, 1.537049901944745, 1.4713650479960956, 1.2392830885603157, -2.566944314102773, 0.12979168214356016] 
[0.2511526872284451, 0.25292814501788285, 0.25864733961374675, -0.3876198078862174, -2.166223661838689, 1.8234541198246639, 1.5529723918124254, 1.5386042257078467, 1.4734974831922854, 1.241454129874338, -2.564915962069044, 0.13144898682323214] 
[0.25115443215010647, 0.25292640009622147, 0.25864908453540814, -0.3876215528078788, -2.1662254067603506, 1.8234523749030025, 1.5529748647933856, 1.5386072515512585, 1.4735004102565048, 1.2414561934689146, -2.5649176815261083, 0.13144691244466367] 
[0.25569774589727334, 0.2483830863490546, 0.263192398282575, -0.3830782390607119, -2.1707687205075175, 1.8279956886501694, 1.5466828715685481, 1.5313397227744765, 1.4683355069595132, 1.2461728813021593, -2.558294010715943, 0.137259344950946] 
[0.24809384482128483, 0.2559869874250431, 0.2555884972065865, -0.3754743379847234, -2.178372621583506, 1.8355995897261579, 1.553365933082231, 1.527583626965359, 1.4779560519173232, 1.2584825155374608, -2.546244081982726, 0.14720972628352663] 
[0.24924358671831204, 0.2571367293220703, 0.2567382391036137, -0.3743245960876962, -2.1772228796864788, 1.836749331623185, 1.5543438919204662, 1.5268604969465416, 1.478774215592722, 1.2577799805553824, -2.5449552861274323, 0.1486171121645929] 
[0.25240869162991064, 0.2539716244104717, 0.2535731341920151, -0.3711594911760976, -2.1803879845980774, 1.8399144365347837, 1.551549870153416, 1.5284160034815777, 1.474818056170304, 1.2526969288877339, -2.54998435956301, 0.14444111632708118] 
[0.24786700182028643, 0.25851331422009594, 0.2581148240016393, -0.3757011809857218, -2.175846294788453, 1.844456126344408, 1.5483518588639316, 1.5339746870386406, 1.4824187651448972, 1.2604301521456485, -2.5426634129495396, 0.15047003992975563] 
[0.2502687351805237, 0.26091504758033324, 0.2605165573618766, -0.3732994476254845, -2.1782480281486905, 1.8420543929841706, 1.546556647365193, 1.5365318609196177, 1.4848444190552572, 1.2578651525612763, -2.5462319435529954, 0.1473304225763715] 
[0.2502248407977321, 0.26095894196312486, 0.260472662979085, -0.3733433420082761, -2.178291922531482, 1.842010498601379, 1.5465939076127013, 1.5365041357409197, 1.4848744548976835, 1.2578342403415708, -2.546202002187957, 0.14729266191270146] 
[0.24543343826507513, 0.2561675394304679, 0.255681260446428, -0.36855193947561915, -2.183083325064139, 1.846801901134036, 1.5532705622634644, 1.5443843701903888, 1.4910495061666158, 1.2555908504876294, -2.5406475424706603, 0.15322170441221614] 
[0.24636038432448348, 0.25524059337105953, 0.2547543143870197, -0.3694788855350275, -2.1840102711235474, 1.8477288471934443, 1.552082978475034, 1.5432755000078093, 1.4914583304720361, 1.2544759717896528, -2.5420514222768356, 0.15200270444744968] 
[0.24836249096421614, 0.2532384867313269, 0.25675642102675234, -0.36747677889529484, -2.18601237776328, 1.849730953833177, 1.5537844567757144, 1.5420015156753883, 1.4928367345883486, 1.2530606402805815, -2.54069233130524, 0.15028397293945328] 
[0.24246888386870413, 0.2591320938268389, 0.2508628139312403, -0.37337038599080685, -2.191905984858792, 1.843837346737665, 1.5613248346223114, 1.5489213901514605, 1.4895664268147115, 1.2574099766427342, -2.544651319277253, 0.15534683561562557] 
[0.2464601616741442, 0.26312337163227895, 0.2548540917366804, -0.3693791081853668, -2.195897262664232, 1.839846068932225, 1.5669448571365858, 1.5559393084549793, 1.4967141864149927, 1.2639691220339893, -2.5399294478695214, 0.15231970940482367] 
[0.2502138400095051, 0.25936969329691806, 0.2586077700720413, -0.3731327865207277, -2.1921435843288712, 1.836092390596864, 1.570267667325681, 1.5541103072433144, 1.5013923793945112, 1.2700083514482432, -2.5339447128295447, 0.15727639318493086] 
[0.24618363704846136, 0.25533949033587433, 0.262637973033085, -0.36910258355968395, -2.1881133813678275, 1.8401225935579077, 1.5645535190530975, 1.547074196802233, 1.4945722420436582, 1.2652305995801063, -2.5299366330992914, 0.16210227943891464] 
[0.24680765851865605, 0.255963511806069, 0.2620139515628903, -0.36847856208948926, -2.187489359897633, 1.8407466150281024, 1.5650206831066185, 1.5464089913507613, 1.493932474130268, 1.2658350307599766, -2.5292905321814456, 0.16160900274961373] 
[0.2490740551794568, 0.2582299084668698, 0.25974755490208956, -0.3662121654286885, -2.1897557565584336, 1.8430130116889032, 1.5681447268927013, 1.5500377085356898, 1.4965637809685899, 1.2637151609641837, -2.5316194109154475, 0.16340273981737147] 
[0.24852187737111198, 0.2587820862752146, 0.25919537709374474, -0.36676434323703333, -2.1903079343667784, 1.8424608338805584, 1.5676614983180712, 1.550327005939332, 1.495946227104611, 1.2631347447234915, -2.5310469370362187, 0.16407196943818447] 
[0.25320805241891353, 0.25409591122741304, 0.2638815521415463, -0.3714505182848349, -2.19499410941458, 1.84714700892836, 1.5610341207842149, 1.5421631893918368, 1.488014093132957, 1.2575632307387166, -2.526330218286045, 0.1697200656615441] 
[0.2555825131460603, 0.2517214505002663, 0.26625601286869305, -0.37382497901198164, -2.1973685701417267, 1.8495214696555067, 1.5631103291949766, 1.5409331172302243, 1.4907424462689556, 1.2602961040731322, -2.527714057210641, 0.17180904359587354] 
[0.2531965003781602, 0.24933543773236622, 0.2686420256365931, -0.3762109917798817, -2.1997545829096268, 1.8471354568876066, 1.5661231209854454, 1.543493052058084, 1.4883176662606692, 1.2576239082270804, -2.526314890659696, 0.16971332332243097] 
[0.2512822899289242, 0.2474212272831302, 0.2705562360858291, -0.3742967813306457, -2.201668793358863, 1.8490496673368426, 1.5678060922740933, 1.5425404843594581, 1.4907190474965568, 1.2605774755939603, -2.5240840460614926, 0.16825687347049303] 
[0.25152343297113067, 0.24718008424092375, 0.27031509304362267, -0.37405563828843924, -2.2019099364010692, 1.8488085242946362, 1.5681475874139699, 1.5429567549261467, 1.4911250334433934, 1.2608664213462017, -2.524325203931604, 0.1679659437971214] 
[0.24847874763217437, 0.24413539890196745, 0.26727040770466637, -0.37101095294948294, -2.2049546217400255, 1.8518532096335925, 1.5704258998350489, 1.5397809398888291, 1.4881433327451985, 1.264136897760261, -2.5197796484181882, 0.1719481827166303] 
[0.2529277427031902, 0.24858439397298326, 0.2717194027756822, -0.37545994802049876, -2.2094036168110414, 1.8563022047046083, 1.5767257680245437, 1.5475369563417085, 1.4961249120082558, 1.2715894815250397, -2.5144833536464923, 0.16860208494423642] 
[0.2550578235581442, 0.24645431311802923, 0.26958932192072815, -0.3733298671655447, -2.2115336976659954, 1.8541721238496542, 1.5740429997325702, 1.5452582808722013, 1.498313066969029, 1.2739899339456005, -2.5157143370669988, 0.17047318465544473] 
[0.2554463229220625, 0.2468428124819475, 0.2692008225568099, -0.37294136780162646, -2.2119221970299137, 1.853783624485736, 1.573551648412721, 1.5448379240030434, 1.4987014045899942, 1.274386984857739, -2.516118062306137, 0.17000042694614176] 
[0.25709076566250477, 0.2484872552223898, 0.2675563798163676, -0.37458581054206874, -2.2102777542894714, 1.8554280672261783, 1.57126235456289, 1.5422060751896824, 1.4968300268663441, 1.275939474701926, -2.5144162723806907, 0.1687106288114453] 
[0.25250795839014817, 0.2530700624947464, 0.262973572544011, -0.37916861781442535, -2.214860561561828, 1.8508452599538217, 1.577849722289398, 1.5503395416639658, 1.5052311382214234, 1.28412674026839, -2.5068140767490323, 0.17488757763326904] 
[0.24767303537557428, 0.2482351394801725, 0.2581386495294371, -0.37433369479985146, -2.210025638547254, 1.8556801829683955, 1.5839335522239821, 1.5555029691236621, 1.5003485629715283, 1.2787527467153637, -2.504006893757098, 0.17062905249454566] 
[0.2503052924077034, 0.2456028824480434, 0.2607709065615662, -0.37696595183198056, -2.212657895579383, 1.8583124400005246, 1.5806533925838593, 1.552776499411049, 1.5033240438480875, 1.2829692271162485, -2.499744885218491, 0.17415605736927434] 
[0.25031413558109694, 0.24561172562143696, 0.26076206338817265, -0.3769747950053741, -2.2126667387527768, 1.8583212831739182, 1.5806608914189515, 1.5527709042146145, 1.5033303982318953, 1.2829640005650744, -2.49973483930237, 0.1741670221139402] 
[0.251489205355953, 0.24443665584658092, 0.2619371331630287, -0.3757997252305181, -2.2114916689779207, 1.8571462133990622, 1.579038208627091, 1.550907979025296, 1.5020212775541548, 1.284211061037976, -2.4979672231242125, 0.1757153976070415] 
[0.2551476765801697, 0.24809512707079762, 0.2655956043872454, -0.3721412540063014, -2.207833197753704, 1.8534877421748455, 1.5764223336733594, 1.5552260537713487, 1.5077244384696502, 1.288776645371727, -2.4999767952709213, 0.1789505832234654] 
[0.2580519765692957, 0.2509994270599236, 0.2626913043981194, -0.3750455539954274, -2.21073749774283, 1.8505834421857195, 1.5742849554630263, 1.5583606883310877, 1.5110098431564156, 1.2873523812856085, -2.496616464091901, 0.1825567954202272] 
[0.2546387133800545, 0.2544126902491648, 0.2592780412088782, -0.3716322908061862, -2.207324234553589, 1.8539967053749606, 1.5785882311193355, 1.5619610504739618, 1.507229607165859, 1.2822172067061786, -2.500579317988817, 0.18515326535030568] 
[0.25321167159833013, 0.25583973203088917, 0.25785099942715384, -0.37020524902446184, -2.208751276335313, 1.8525696635932363, 1.5798328702780036, 1.5612128473867508, 1.508824247260485, 1.2837040275576164, -2.5020598304608717, 0.18341625138790443] 
[0.2554251064141235, 0.25805316684668256, 0.26006443424294723, -0.3724186838402552, -2.2109647111511066, 1.8547830984090297, 1.5782759735490786, 1.5639217787848068, 1.5125087818051723, 1.2873102003345702, -2.499442465873973, 0.1817478483926274] 
[0.2581784453776139, 0.26080650581017295, 0.25731109527945684, -0.36966534487676483, -2.213718050114597, 1.85753643737252, 1.5743438647006465, 1.5590965081504466, 1.5078512846395924, 1.2840596801981476, -2.496674321622018, 0.1850805691257738] 
[0.25975954557740355, 0.2592254056103833, 0.25889219547924647, -0.37124644507655447, -2.2152991503143866, 1.8559553371727304, 1.5754567621735198, 1.5571985336916137, 1.5053983761305507, 1.282253060983057, -2.495066320060029, 0.18700106835929464] 
[0.26017288233858427, 0.2588120688492026, 0.2593055322404272, -0.3716597818377352, -2.2157124870755673, 1.8555420004115497, 1.5748618933872471, 1.5564673356735086, 1.5046877628107111, 1.28172325794882, -2.4948413481400165, 0.18663487652806546] 
[0.258202181441491, 0.2607827697462959, 0.2573348313433339, -0.3696890809406419, -2.2176831879726606, 1.857512701308643, 1.5722950905721567, 1.5540702706171632, 1.505574386641161, 1.2795103783742094, -2.4969594540578117, 0.188162543855082] 
[0.257115355037393, 0.26186959615039385, 0.25624800493923594, -0.36860225453654394, -2.2165963615685627, 1.858599527712741, 1.5738627661820868, 1.5560193231394495, 1.5075466113176423, 1.2813226074296562, -2.4956622226011773, 0.18734868268727448] 
[0.25331257845050903, 0.26567237273727784, 0.26005078152611993, -0.36479947794965994, -2.2203991381554466, 1.862402304299625, 1.570542278192206, 1.5579828599204917, 1.5033201525058089, 1.2773848781892836, -2.4917043506330705, 0.1919883870839873] 
[0.24956022515152387, 0.2619200194382927, 0.2638031348251051, -0.3610471246506748, -2.224151491454432, 1.8586499510006398, 1.5651826791777903, 1.5513363985085447, 1.4968143024683886, 1.2725488357108072, -2.4896699652688183, 0.18867112937908237] 
[0.24872858436012368, 0.2627516602296929, 0.2629714940337049, -0.361878765442075, -2.224983132245832, 1.85948159179204, 1.5645686314174136, 1.5522485296235689, 1.4977513074459137, 1.272058285736137, -2.489089588942886, 0.18796188561941085] 
[0.24662753845836694, 0.2648527061314496, 0.26087044813194815, -0.3639798113438317, -2.2270841781475887, 1.8573805458902832, 1.561645890537897, 1.54879200657575, 1.4950335007482571, 1.2730102307256592, -2.491546185473133, 0.18534180097995792] 
[0.2483821583034258, 0.26309808628639075, 0.262625067977007, -0.36222519149877286, -2.22532955830253, 1.8556259260452244, 1.5638803503532663, 1.550828486761542, 1.4940360681090312, 1.2741181512629258, -2.4935220365467976, 0.18317366922441744] 
[0.24959642851907748, 0.26431235650204243, 0.2638393381926587, -0.3610109212831212, -2.2265438285181816, 1.856840196260876, 1.5647776873836194, 1.5494933375011453, 1.492664581937385, 1.2748340735017119, -2.4943709232109197, 0.18421098368247688] 
[0.24613492752244515, 0.2608508555054101, 0.26037783719602636, -0.3644724222797535, -2.230005329514814, 1.8603016972575084, 1.561742988962675, 1.5512833559073882, 1.4887859260667007, 1.2712052125373652, -2.4907826565453406, 0.18842322727146507] 
[0.24604283762827084, 0.2607587656112358, 0.26028574730185206, -0.3643803323855792, -2.230097419408988, 1.860209607363334, 1.561628115059109, 1.5511865733828132, 1.4888783980203992, 1.2713075125669848, -2.490836125056784, 0.18850404383658445] 
[0.2503619447734673, 0.25643965846603933, 0.2646048544470485, -0.36006122524038275, -2.2344165265541847, 1.8645287145085305, 1.5585370722721674, 1.5564049626697514, 1.4956107194926216, 1.276267295018271, -2.4952137790996183, 0.18326226859512884] 
[0.2508929796774604, 0.25590862356204624, 0.2640738195430554, -0.35953019033638967, -2.2338854916501916, 1.8639976796045374, 1.5578561971056413, 1.5557797238543816, 1.4959015126205255, 1.275878921700143, -2.4948613940207096, 0.18280645176765478] 
[0.250064423283999, 0.2550800671685849, 0.2649023759365168, -0.360358746729851, -2.23305693525673, 1.8648262359979988, 1.5584684149517194, 1.5548790033209778, 1.4949754062036213, 1.2763681981000568, -2.49543717696599, 0.18351224520955314] 
[0.2517548598631629, 0.253389630589421, 0.2665928125156807, -0.3586683101506871, -2.234747371835894, 1.8665166725771627, 1.5597164736614453, 1.5530315988675294, 1.4930435023258668, 1.277188298170741, -2.4974076587094673, 0.18140038735784267] 
[0.2528600306686757, 0.25228445978390823, 0.26769798332119343, -0.3597734809561999, -2.235852542641407, 1.86541150177165, 1.5606540706988523, 1.5523367032673303, 1.4938298729211572, 1.2765348344583054, -2.4961429166454887, 0.18277736827218777] 
[0.25612096483301716, 0.24902352561956675, 0.26443704915685196, -0.36303441512054135, -2.2391134768057483, 1.8621505676073085, 1.5635298149962478, 1.5507466832641592, 1.498009933958806, 1.2819144727817517, -2.4908137196805313, 0.18717800258103964] 
[0.25224787127642845, 0.25289661917615547, 0.26831014271344067, -0.36690750867713007, -2.2352403832491596, 1.8660236611638972, 1.5581298002401072, 1.5445274410482106, 1.493576104719686, 1.285590673954514, -2.4867976912822845, 0.18415131989078878] 
[0.2517500702369171, 0.2523988181366441, 0.268807943752952, -0.3664097076376187, -2.2347425822096483, 1.8665214622034085, 1.5584843008302072, 1.543934414542636, 1.4928018294082566, 1.285014972818132, -2.4862931787864526, 0.18475699231492196] 
[0.25605426281612953, 0.25670301071585655, 0.2645037511737396, -0.36210551505840627, -2.2390467747888607, 1.862217269624196, 1.562128191088028, 1.5411969201676226, 1.4957514658606021, 1.2820317833888657, -2.4834140735466774, 0.18106975601762224] 
[0.25842302741766776, 0.2543342461143183, 0.26213498657220136, -0.35973675045686804, -2.241415539390399, 1.8645860342257343, 1.560121248859647, 1.5426739480341087, 1.4940637894750193, 1.283431239263698, -2.4861056031950324, 0.1781333734804768] 
[0.25737776319530514, 0.25537951033668094, 0.263180250794564, -0.3586914862345054, -2.2403702751680363, 1.8635407700033717, 1.5592387014549947, 1.5433318275727177, 1.4933440236685436, 1.284159402616357, -2.4868066580936192, 0.17902977081945648] 
[0.25840322563546625, 0.25435404789651983, 0.2642057132347251, -0.3576660237943443, -2.2413957376081974, 1.8625153075632106, 1.5585221992725389, 1.5445862846588931, 1.4950629555404444, 1.2858461900316764, -2.4855889373054767, 0.17826230896002837] 
[0.2575842096570975, 0.2535350319181511, 0.26338669725635633, -0.35684700781597556, -2.242214753586566, 1.8616962915848418, 1.5590938845284825, 1.5435862230074577, 1.4936898809002863, 1.2844978304387673, -2.4865615962035337, 0.17887603531535967] 
[0.2543455013532574, 0.2567737402219912, 0.26014798895251623, -0.36008571611981566, -2.238976045282726, 1.864934999888682, 1.5631911302875303, 1.5470677005949898, 1.4904120918128418, 1.2808798212262444, -2.484680176980792, 0.1760332002225754] 
[0.25214107565798205, 0.2589781659172665, 0.2623524146477916, -0.362290141815091, -2.2411804709780014, 1.8671394255839573, 1.5663370282060192, 1.5509362967197498, 1.494195241713316, 1.2837138203102143, -2.4858712859921797, 0.17798394985417068] 
[0.25244427042906725, 0.2586749711461813, 0.2626556094188768, -0.3619869470440058, -2.2414836657490866, 1.8674426203550425, 1.565955703110141, 1.5506123173832482, 1.494492412104543, 1.284019120974577, -2.4861889758258613, 0.17761277836434353] 
[0.25468417688782896, 0.2564350646874196, 0.26041570296011507, -0.3597470405852441, -2.2437235722078483, 1.8696825268138042, 1.5675460374101793, 1.5479221492430717, 1.4910046378459918, 1.281444424435289, -2.4839122180467466, 0.1803402696431326] 
[0.25635284701804384, 0.25476639455720473, 0.26208437309032995, -0.36141571071545897, -2.2453922423380632, 1.8680138566835893, 1.5687855703209728, 1.546161235430665, 1.4893420794645365, 1.2832622028828267, -2.4813809242110034, 0.18255449570528864] 
[0.25507704926014885, 0.25349059679930974, 0.26336017084822494, -0.360139912957564, -2.2441164445801682, 1.8692896544414843, 1.5671740608163207, 1.544793050213388, 1.4906290503543338, 1.284683427405184, -2.4821141810305183, 0.183673422715439] 
[0.2522957796625436, 0.25070932720170447, 0.2661414404458302, -0.36292118255516925, -2.2468977141777735, 1.866508384843879, 1.5648389363264568, 1.54661959320732, 1.4889886227317557, 1.2877061414778845, -2.479152872618582, 0.18152928004046193] 
[0.24776872945756256, 0.2552363774066855, 0.2616143902408492, -0.35839413235018824, -2.2514247643827545, 1.87103543504886, 1.568829691493028, 1.544401880777358, 1.4947884541737904, 1.2952076494126614, -2.471720370463318, 0.18763579187740376] 
[0.24742878340838548, 0.2548964313575084, 0.2619543362900263, -0.35873407839936533, -2.2510848183335774, 1.8713753810980371, 1.5683956694642898, 1.5440054317127645, 1.4949850780476872, 1.2949960627052854, -2.471334489930912, 0.18805879672015327] 
[0.2502494331048313, 0.2577170810539542, 0.2647749859864721, -0.35591342870291953, -2.2482641686371316, 1.8685547314015913, 1.5659237286272876, 1.5454767857093143, 1.4917518557796883, 1.2917571838487494, -2.469738475298212, 0.18558210894663066] 
[0.24745858233035012, 0.25492623027947303, 0.26198413521199093, -0.3531225779284384, -2.251055019411613, 1.8713455821760725, 1.5639357367914264, 1.548829477429119, 1.4961067531189816, 1.294982447355185, -2.472577755936438, 0.18218290508416662] 
[0.24889110112006296, 0.2534937114897602, 0.2605516164222781, -0.3545550967181512, -2.2496225006219, 1.8699130633863597, 1.5652017082857863, 1.548126819551616, 1.4979267608507159, 1.2973358013946066, -2.470232055362884, 0.18412197209340853] 
[0.25173110024143686, 0.2506537123683863, 0.2577116173009042, -0.3517150975967773, -2.252462499743274, 1.8670730642649858, 1.561282219397198, 1.5435998450840935, 1.4947233311598351, 1.300327882874835, -2.4659530560789564, 0.1878823166529386] 
[0.2517386061388729, 0.2506612182658223, 0.2577191231983402, -0.3517075916993413, -2.252454993845838, 1.8670655583675497, 1.5612888195453316, 1.543596091417477, 1.4947326284334823, 1.3003393730685064, -2.4659443411126083, 0.18787666561507374] 
[0.2506666045890542, 0.24958921671600365, 0.2587911247481589, -0.35277959324916, -2.2535269953956565, 1.8681375599173684, 1.5603461776444045, 1.5441321776795836, 1.493404767985182, 1.2986983277250017, -2.4671890142204407, 0.18868375994813624] 
[0.2515376144670798, 0.2504602265940292, 0.25792011487013333, -0.3519085833711344, -2.252655985517631, 1.8672665500393428, 1.5597293639818697, 1.5451897259184177, 1.4948521168237088, 1.3001237412050668, -2.4661564437699526, 0.18803300778219334] 
[0.2521872374062122, 0.24981060365489682, 0.25727049193100093, -0.351258960432002, -2.2520063625784985, 1.8679161729784752, 1.5606345071948202, 1.5462494148684245, 1.4956784965160546, 1.299825390747407, -2.465396727917428, 0.18884439128177022] 
[0.2507595084947498, 0.24838287474343446, 0.2586982208424633, -0.34983123152053963, -2.253434091489961, 1.8693439018899376, 1.5588372087520774, 1.5447208610258143, 1.4971199218798315, 1.301413319811472, -2.4662245843096087, 0.19009534093006303] 
[0.24835604990050175, 0.2507863333376825, 0.26110167943671136, -0.3522346901147877, -2.255837550084209, 1.8669404432956895, 1.5568192659140685, 1.546323672648825, 1.4957504610855685, 1.3042679560166826, -2.4625397789645898, 0.19328881237418996] 
[0.24536482565498208, 0.2537775575832022, 0.2581104551911917, -0.349243465869268, -2.2588287743297286, 1.8639492190501699, 1.5594535851198912, 1.5448248350784728, 1.4994729468934533, 1.308867502043102, -2.459056352490211, 0.19103649023747465] 
[0.24649191442012341, 0.25265046881806086, 0.259237543956333, -0.3481163771041267, -2.25995586309487, 1.8628221302850285, 1.558503638008789, 1.5455782124284665, 1.4988344491996592, 1.3102078951732308, -2.4573355291116714, 0.19252452864917002] 
[0.24641450258260722, 0.25272788065557705, 0.25916013211881683, -0.3481937889416429, -2.260033274932386, 1.8627447184475123, 1.5586005185130563, 1.5456606170039642, 1.498758073665331, 1.310129579708374, -2.457254849817153, 0.1926187913664866] 
[0.24982646913398288, 0.2493159141042014, 0.2557481655674412, -0.35160575549301853, -2.263445241483762, 1.866156684998888, 1.5629756505847108, 1.549738721629081, 1.4971915764196269, 1.3139436281304093, -2.4535957989972217, 0.1899707963486819] 
[0.2538802135026268, 0.2533696584728453, 0.2598019099360851, -0.3475520111243746, -2.259391497115118, 1.862102940630244, 1.5577780055606136, 1.5449643453751976, 1.4994599271326208, 1.3109844378083135, -2.450905214455681, 0.18648288663845192] 
[0.2530054425878072, 0.25249488755802574, 0.2606766808509047, -0.3484267820391942, -2.2585167262002983, 1.8629777115450636, 1.5583996222538397, 1.5439231707336531, 1.4981057301148093, 1.3099781809573712, -2.4500200498259748, 0.18754221641123198] 
[0.24991881209535283, 0.24940825706557135, 0.26376331134335906, -0.3453401515467398, -2.2616033566927527, 1.866064342037518, 1.5544280798607126, 1.5402722112991485, 1.4998100172739348, 1.3077224069923492, -2.447961401382358, 0.1848862440355846] 
[0.24896435787418714, 0.25036271128673704, 0.26471776556452475, -0.3462946057679055, -2.2625578109139184, 1.8651098878163523, 1.553720263399146, 1.5413012719420816, 1.500867879317962, 1.307157936491053, -2.4472962912415475, 0.18407215382057907] 
[0.2527129241352215, 0.2541112775477714, 0.2609691993034904, -0.3425460395068711, -2.2663063771749528, 1.8688584540773867, 1.5568758480643945, 1.5388172491871421, 1.503073887241051, 1.3031027827600727, -2.451280476197916, 0.186983491284334] 
[0.250855239978212, 0.2522535933907619, 0.2591115151464809, -0.3444037236638806, -2.2644486930179433, 1.8670007699203772, 1.5592756309104994, 1.541057304309329, 1.5022302793916193, 1.3051744651584265, -2.449297055489693, 0.18554700360183224] 
[0.247570739459392, 0.25553809390958193, 0.2558270146276609, -0.3476882241827006, -2.2677331935367633, 1.8702852704391972, 1.5638253932650665, 1.5463209699070788, 1.5060192984174174, 1.302067453145109, -2.4526872927404155, 0.18811528042303793] 
[0.24694134896940145, 0.2561674843995725, 0.25519762413767033, -0.3483176146726912, -2.268362584026754, 1.8709146609291878, 1.5632898638067223, 1.546716854167301, 1.5055699364462138, 1.3024418178565011, -2.4534037556796195, 0.18733350054371034] 
[0.2486068949932667, 0.2545019383757072, 0.2568631701615356, -0.34998316069655644, -2.2666970380028886, 1.8692491149053225, 1.5618300311536883, 1.547586815222548, 1.5036754103841694, 1.3005432046661893, -2.4524525603437914, 0.18587052998869774] 
[0.24603369618662274, 0.25192873956906325, 0.2542899713548916, -0.34740996188991247, -2.2692702368095325, 1.8718223137119665, 1.5654877457950689, 1.5521411505937002, 1.50837901356132, 1.3051132714955813, -2.4481697987708118, 0.1893516300905584] 
[0.2442124678792732, 0.2537499678764128, 0.2524687430475421, -0.3455887335825629, -2.271091465116882, 1.870001085404617, 1.5629842087432706, 1.5492484270045723, 1.5063234467104774, 1.3070451965006862, -2.4454252671020056, 0.19175882027673635] 
[0.24476915087954954, 0.25430665087668913, 0.25191206004726574, -0.3450320505822866, -2.2716481481171584, 1.8694444024043406, 1.5622030697386744, 1.54828941629818, 1.5053928185192738, 1.3063957544560592, -2.4448625066249767, 0.19243484409956838] 
[0.24423760989994125, 0.2548381918562974, 0.252443601026874, -0.3445005096026783, -2.2721796890967667, 1.8689128614247323, 1.5615428025767684, 1.5477405673684013, 1.505974740145235, 1.307189128132734, -2.444248365600654, 0.19203326982285426] 
[0.24542419834493945, 0.2536516034112992, 0.2512570125818758, -0.3433139211576801, -2.2709931006517685, 1.8700994498697305, 1.5630596574020106, 1.5491519202666748, 1.50542507731581, 1.3085193991759414, -2.4429748691869455, 0.1911156484891606] 
[0.24846486018724878, 0.2506109415689899, 0.25429767442418516, -0.3402732593153708, -2.274033762494078, 1.8670587880274212, 1.5608936018295891, 1.5528705874132798, 1.5104613816315082, 1.3134565338993147, -2.439380528981629, 0.18883814297506193] 
[0.24870787249239346, 0.25085395387413456, 0.25454068672932983, -0.3400302470102261, -2.273790750188933, 1.8673018003325659, 1.560556432020492, 1.5524753563983105, 1.5101523616968144, 1.3135694589928866, -2.4396634306312235, 0.18853574513439317] 
[0.2500851371875763, 0.24947668917895172, 0.253163422034147, -0.34140751170540895, -2.275168014884116, 1.8686790650277487, 1.561768548224354, 1.5517827572596616, 1.5118515423614605, 1.3156706690105002, -2.4380666098247015, 0.18749404322349214] 
[0.2517093621196702, 0.2478524642468578, 0.2547876469662409, -0.34303173663750286, -2.27679223981621, 1.8703032899598426, 1.564076095322168, 1.5546320140531182, 1.5147515877934272, 1.3183639054732326, -2.436133515309552, 0.18627720237831985] 
[0.24737499689720455, 0.25218682946932347, 0.25912201218870656, -0.3386973714150372, -2.2811266050386756, 1.865968924737377, 1.569508118755261, 1.5591781441161159, 1.5099682601291153, 1.3118702084075682, -2.4411468386099586, 0.18955154308609762] 
[0.24814306212806958, 0.25141876423845844, 0.2598900774195716, -0.33792930618417216, -2.2803585398078106, 1.866736989968242, 1.5705723510956175, 1.5604271905426512, 1.5109459656768363, 1.3115179088244997, -2.4402541544616567, 0.1905053034606108] 
[0.24464833684876997, 0.24792403895915882, 0.256395352140272, -0.3414240314634718, -2.28385326508711, 1.8702317152475416, 1.5657506395647456, 1.5548488671326524, 1.5069272688189872, 1.3148230639142975, -2.4366415831583286, 0.18776466047126628] 
[0.24473919221425877, 0.24783318359367001, 0.2563044967747832, -0.34133317609798297, -2.2837624097216214, 1.8703225706130304, 1.56568233907723, 1.5549449233417891, 1.5070194887215713, 1.314733457656787, -2.4367365182852097, 0.18783555715296166] 
[0.24627591213532884, 0.2493699035147401, 0.25784121669585325, -0.34286989601905304, -2.2822256898005513, 1.8718592905341005, 1.5668374739145017, 1.553320465886196, 1.5054597657412219, 1.3162490168476533, -2.435130991001123, 0.18663651198119352] 
[0.24639101099821037, 0.2494850023776216, 0.2579563155587348, -0.34298499488193457, -2.2821105909376698, 1.871974389396982, 1.5669231647811206, 1.5531959891397793, 1.5053317702647173, 1.3163173883517534, -2.4352108022744487, 0.18673472826026943] 
[0.24956759346520574, 0.252661584844617, 0.26113289802573014, -0.34616157734892994, -2.285287173404665, 1.8687978069299866, 1.562848504560578, 1.549396277289591, 1.5068000032889342, 1.3127581566499706, -2.4386235483793457, 0.18918909848420556] 
[0.2478206729904331, 0.25091466436984433, 0.2628798185005028, -0.3444146568741573, -2.287034093879438, 1.867050886455214, 1.5650421338450442, 1.5512642316310106, 1.5050755810364729, 1.3109948153566986, -2.4368120067513406, 0.19131398692281337] 
[0.24643515997334564, 0.2523001773869318, 0.26149430548341535, -0.34302914385706984, -2.2884196068965252, 1.8684363994723014, 1.5638647667660734, 1.5521402274163865, 1.5040870815636302, 1.3118110532305325, -2.4383772147956577, 0.1896040486664846] 
[0.24719572730380523, 0.2530607447173914, 0.26073373815295575, -0.34378971118752943, -2.289180174226985, 1.869196966802761, 1.564835891686594, 1.5530315701821504, 1.503665339451527, 1.3123640664798357, -2.438883287311972, 0.1902593198102929] 
[0.24738115206667732, 0.25324616948026346, 0.26054831339008366, -0.34360428642465735, -2.289365598989857, 1.8693823915656331, 1.564572882543449, 1.5527040617989838, 1.503325208650169, 1.3120325925323644, -2.4391917980262074, 0.19000960572771994] 
[0.24645475271207307, 0.2523197701256592, 0.2596219140354794, -0.3445306857792616, -2.290291998344461, 1.8703087909202374, 1.5658858890723015, 1.554334933830786, 1.5050004579853735, 1.3135914699352085, -2.4380759942917374, 0.1893158421593094] 
[0.24720697225981514, 0.25156755057791713, 0.2603741335832215, -0.3452829053270037, -2.289539778796719, 1.8695565713724953, 1.5665503006764092, 1.5539632479894094, 1.505955917885546, 1.3148318103572945, -2.4368461666363372, 0.19032494841888395] 
[0.2486706803418146, 0.25010384249591766, 0.258910425501222, -0.34674661340900315, -2.2910034868787186, 1.8680928632904958, 1.5654648065541001, 1.5555591239883209, 1.5076256897926301, 1.314123752944851, -2.435156397852717, 0.19214089270588455] 
[0.24810369162143875, 0.2506708312162935, 0.25834343678084615, -0.3461796246886273, -2.2915704755990944, 1.86752587457012, 1.5649873448956617, 1.5559345651848715, 1.5072906563114774, 1.3147448133656998, -2.4345460881285717, 0.19170029070784256] 
[0.2464794500938412, 0.25229507274389107, 0.2599676783084437, -0.34455538316102974, -2.289946234071497, 1.8691501160977175, 1.5670128444485008, 1.5576212936954787, 1.50548678472661, 1.312288934892193, -2.4364475854707575, 0.19293160234382206] 
[0.249432578921728, 0.24934194391600428, 0.2570145494805569, -0.3475085119889165, -2.28699310524361, 1.8721032449256043, 1.569134050467842, 1.5541001816619584, 1.5009167387227473, 1.308903446817022, -2.4334791098921706, 0.19650264176517326] 
[0.25050770215199325, 0.24826682068573902, 0.25808967271082217, -0.34643338875865126, -2.285917982013345, 1.8731783681558696, 1.5681943762541923, 1.5546663923286705, 1.4996882286882338, 1.3076757844029567, -2.4328686987602173, 0.19555599405716018] 
[0.2530027427038961, 0.2507618612376419, 0.26058471326272503, -0.3439383482067484, -2.283422941461442, 1.8756734087077724, 1.5650728225716393, 1.552059128977096, 1.5024595375703844, 1.3114417700917123, -2.4299605482027657, 0.19367597351236931] 
[0.2491441089604729, 0.2546204949810651, 0.2567260795193018, -0.3400797144633252, -2.287281575204865, 1.8718147749643492, 1.5622298742325524, 1.5562478094391126, 1.506851070624943, 1.309571631055374, -2.4254699085092954, 0.19849481971203714] 
[0.24756748676140194, 0.25304387278199414, 0.2583027017183728, -0.34165633666239614, -2.288858197403936, 1.8733913971634202, 1.5601997473682558, 1.5543473165487438, 1.507531151637546, 1.3076384461797759, -2.427896274504537, 0.19640675490979626] 
[0.2492476512824533, 0.2513637082609428, 0.2599828662394241, -0.3399761721413448, -2.2905383619249875, 1.8750715616844715, 1.5578304787313566, 1.5514426800199925, 1.5047085125423063, 1.3056606356522629, -2.4262068302435456, 0.19844414600618762] 
[0.24763239924825076, 0.24974845622674025, 0.26159811827362667, -0.34159142417554733, -2.29215361395919, 1.873456309650269, 1.559025588786377, 1.5496841969249755, 1.5028678128129753, 1.3064452299340041, -2.428083133149196, 0.1964303708178784] 
[0.24710705882151007, 0.24922311579999956, 0.261072777846886, -0.342116764602288, -2.2926789543859307, 1.8729309692235283, 1.5594883238880766, 1.5494206007316689, 1.503523809669655, 1.3072569749409757, -2.4274677409645333, 0.196034807374791] 
[0.249186722561352, 0.2513027795398415, 0.25899311410704406, -0.34419642834212993, -2.290599290646089, 1.8750106329633702, 1.5579967616458925, 1.5519015931488096, 1.5067909707461835, 1.3098636514250501, -2.428601773118648, 0.1978758780665432] 
[0.2519543278224967, 0.2540703848009862, 0.25622550884589934, -0.34696403360327466, -2.2933668959072335, 1.877778238224515, 1.5614719760730076, 1.5548639184338047, 1.5040633150972593, 1.307079573404871, -2.4257163160670783, 0.2012552771744848] 
[0.2531538302646448, 0.25287088235883814, 0.2574250112880474, -0.3457645311611266, -2.2945663983493816, 1.878977740666663, 1.5623176453710124, 1.5533975197947987, 1.5020632129499023, 1.305105755733206, -2.427154869277196, 0.20214813389956288] 
[0.2531721563323339, 0.2528892084265273, 0.25740668522035826, -0.34578285722881574, -2.2945847244170707, 1.8789594145989739, 1.5623047402417616, 1.5534198747822492, 1.5020937741427858, 1.3051359357131889, -2.4271329075016923, 0.20213450403111072] 
[0.25412005914587343, 0.2538371112400668, 0.25645878240681874, -0.34483495441527623, -2.2955326272306102, 1.8799073174125134, 1.562979398049366, 1.5522931353810623, 1.5006318601942, 1.3040574955546906, -2.4261725002156647, 0.2032877591617116] 
[0.25588314383173927, 0.25207402655420097, 0.2546956977209529, -0.3430718697294104, -2.297295711916476, 1.8816704020983792, 1.5645332173467013, 1.5514331576725686, 1.502864911019842, 1.3069663049190008, -2.4232674851561296, 0.20567352778671297] 
[0.25339013942231237, 0.25456703096362787, 0.2571887021303798, -0.3405788653199835, -2.299788716325903, 1.8841634065078061, 1.5677473527415666, 1.5543753337352462, 1.5014147815375152, 1.3085150389465503, -2.426093448817039, 0.20257200832508065] 
[0.2504855120126743, 0.2574716583732659, 0.25428407472074177, -0.34348349272962153, -2.296884088916265, 1.881258779098168, 1.5657093756150664, 1.5579475549473605, 1.5063434823608992, 1.313608705518814, -2.4212351004948705, 0.2065294931441085] 
[0.2496026299175229, 0.2565887762781145, 0.2551669568158932, -0.34436637482477295, -2.2960012068211135, 1.8821416611933195, 1.5664810679281236, 1.5574836913863734, 1.507323730067555, 1.3145173077088546, -2.4221537686712074, 0.2054490044109022] 
[0.25172739309868764, 0.25446401309694977, 0.2572917199970579, -0.3422416116436082, -2.293876443639949, 1.8842664243744842, 1.5682843295072146, 1.556138112698876, 1.5087875668626711, 1.313034608574017, -2.4207430905657934, 0.20362865681372463] 
[0.25015060213491314, 0.25604080406072427, 0.2557149290332834, -0.3438184026073827, -2.2954532346037233, 1.8858432153382587, 1.566046696059336, 1.5533966713635348, 1.5061355801055378, 1.3111859995705186, -2.4191440375630595, 0.20555370876185308] 
[0.24880631860764968, 0.2573850875879877, 0.25705921256054687, -0.3451626861346462, -2.2967975181309868, 1.8844989318109953, 1.5672315105621712, 1.5527307737858518, 1.5077980123384995, 1.3132532192057793, -2.417571459146216, 0.20455291298584913] 
[0.24654619871843497, 0.25964520747720243, 0.25479909267133216, -0.3429025662454315, -2.2990576380202015, 1.8822388119217806, 1.5701401482620567, 1.5554540873849503, 1.5068363651918222, 1.3160569206198298, -2.4140451545748522, 0.20757879914547342] 
[0.24562641224822546, 0.2587254210069929, 0.2557188791415417, -0.343822352715641, -2.298137851549992, 1.88315859839199, 1.569357881926415, 1.556037107200905, 1.5062044577643088, 1.3166994464133117, -2.4146560286703784, 0.20836701190826784] 
[0.2487274176017502, 0.25562441565346816, 0.25881988449506643, -0.34072134736211623, -2.3012388569035167, 1.8800575930384653, 1.5716598829187465, 1.5526381115637176, 1.5027095568172486, 1.3185334188072542, -2.416788817117613, 0.2110071061438431] 
[0.247605379666898, 0.2567464535883204, 0.2576978465602142, -0.339599309427264, -2.3001168189686645, 1.8811796309733175, 1.5726140060169942, 1.5519330952686028, 1.5035106200842663, 1.3178737796774125, -2.4155108513287993, 0.2124022136565191] 
[0.24855419661885225, 0.2557976366363661, 0.2586466635121685, -0.3405481263792183, -2.2991680020167102, 1.8821284479252718, 1.573322868679884, 1.5509208416182656, 1.502538297152328, 1.3188094535208192, -2.4145192133709408, 0.2116663271941438] 
[0.2484021851482341, 0.2559496481069843, 0.25879867498278664, -0.34070013784983644, -2.299015990546092, 1.88228045939589, 1.5731080498537282, 1.5506569433385808, 1.5022820157616588, 1.3186306510421957, -2.414365754093623, 0.21185140473427685] 
[0.25011835718711684, 0.25423347606810154, 0.2605148470216694, -0.3389839658109537, -2.300732162584975, 1.8805642873570072, 1.5718238114908176, 1.5524729631617442, 1.5039905409446834, 1.3167517435084783, -2.416977229533091, 0.20957222290077557] 
[0.24932704919974302, 0.25502478405547535, 0.2613061550090432, -0.3381926578235799, -2.3015234705723486, 1.881355595344381, 1.5724139643118191, 1.5516332859254194, 1.5031846651561773, 1.3175306865709169, -2.416150619190597, 0.20895801012981954] 
[0.2507532063430178, 0.2535986269122006, 0.25987999786576843, -0.33961881496685464, -2.3029496277156234, 1.8827817524876558, 1.5706268569264474, 1.5501215866063618, 1.5046292499175782, 1.319122726850231, -2.4169676992516917, 0.2102087565602982] 
[0.24960939713702235, 0.254742436118196, 0.258736188659773, -0.3384750057608592, -2.304093436921619, 1.8839255616936512, 1.5696192662656812, 1.5506886975912098, 1.5032043717128658, 1.3173563897087954, -2.418307512601019, 0.21106417144739745] 
[0.24877959890172452, 0.25557223435349385, 0.25790639042447516, -0.33930480399615703, -2.303263638686321, 1.8830957634583534, 1.5685837892173404, 1.5498283094947807, 1.504123400300465, 1.318608061138676, -2.417342976901557, 0.21044259497281423] 
[0.24908292009482924, 0.2558755555465986, 0.25760306923137044, -0.33960812518926176, -2.3035669598794257, 1.8827924422652487, 1.568155039110835, 1.5493017922423462, 1.5036124204717478, 1.3182517266936995, -2.4170367895141625, 0.21081187574198332] 
[0.2524735768107407, 0.25248489883068714, 0.2609937259472819, -0.3429987819051732, -2.306957616595337, 1.88618309898116, 1.5657577388388888, 1.5534669963822014, 1.5092884059954965, 1.3238344985045498, -2.4129850846860723, 0.20829289507197743] 

Time 
29.234868049621582 
